id,EAP,HPL,MWS
id27251,0.3944887947173168,0.2980832870391649,0.3074279182435184
id09612,0.3971670837456101,0.29676480904861824,0.3060681072057717
id11943,0.37945510383536657,0.286990607102644,0.33355428906198953
id19526,0.41283700590669165,0.2813006189649661,0.30586237512834236
id12931,0.39161679783978276,0.2784573577784491,0.32992584438176814
id06733,0.4037169609996923,0.2921197168168161,0.30416332218349157
id16953,0.38971850985087847,0.30700633713163517,0.3032751530174864
id18063,0.40058019964001385,0.2938252277811088,0.30559457257887745
id12126,0.40954863292485577,0.28242589044047295,0.30802547663467134
id10971,0.40954863292485577,0.28242589044047295,0.30802547663467134
id12547,0.38649199174262516,0.28951376435688697,0.3239942439004879
id02682,0.3944887947173168,0.2980832870391649,0.3074279182435184
id15489,0.40390358222973866,0.288855488379467,0.30724092939079434
id20545,0.3973674512140121,0.2968064021737869,0.305826146612201
id09929,0.3944887947173168,0.2980832870391649,0.3074279182435184
id08339,0.4091615363211592,0.2830614790324397,0.3077769846464011
id17930,0.3945434863824616,0.27207829913450216,0.3333782144830361
id14710,0.4051569290548778,0.29654396340058903,0.29829910754453326
id04163,0.3970573301256647,0.2969591418899805,0.30598352798435474
id10856,0.41823478983962015,0.2769244995034008,0.30484071065697904
id17946,0.3971670837456101,0.29676480904861824,0.3060681072057717
id16836,0.3973413561196347,0.27917295088639144,0.3234856929939738
id09242,0.3869073998436373,0.27298748262535694,0.3401051175310058
id04575,0.40390358222973866,0.288855488379467,0.30724092939079434
id22197,0.40390358222973866,0.288855488379467,0.30724092939079434
id27119,0.4004650349733127,0.2728705532693471,0.3266644117573402
id01984,0.4091615363211592,0.2830614790324397,0.3077769846464011
id24172,0.4041193010933925,0.2887509556631886,0.30712974324341896
id09087,0.39361865566147475,0.28463974506918005,0.3217415992693453
id22832,0.3955089191691447,0.2962681723600493,0.3082229084708061
id05428,0.3984328281099941,0.2984877296812262,0.30307944220877975
id14429,0.40017238677253275,0.29542492546276133,0.30440268776470597
id25030,0.4041193010933925,0.2887509556631886,0.30712974324341896
id21894,0.40737977509891155,0.28622596715443605,0.3063942577466525
id24686,0.3998988912165071,0.28845706393127213,0.3116440448522208
id06840,0.3955089191691447,0.2962681723600493,0.3082229084708061
id24763,0.39979589745099486,0.2925089494224499,0.30769515312655527
id20320,0.3943792970240318,0.2982781170621634,0.3073425859138049
id06379,0.4062901572224854,0.2690156370902083,0.32469420568730634
id06429,0.39979589745099486,0.2925089494224499,0.30769515312655527
id17388,0.413257731918369,0.27929361551407106,0.30744865256755993
id11823,0.40954863292485577,0.28242589044047295,0.30802547663467134
id12924,0.3970573301256647,0.2969591418899805,0.30598352798435474
id19834,0.3971670837456101,0.29676480904861824,0.3060681072057717
id01825,0.41161843180834956,0.28188441878131454,0.30649714941033585
id00415,0.4026065227572641,0.2911391936142749,0.306254283628461
id01610,0.39706189712097256,0.30002757248564943,0.30291053039337795
id07462,0.41483251670484683,0.2803446009115137,0.3048228823836394
id27296,0.39164145821519675,0.30314957309094903,0.3052089686938542
id18565,0.4091615363211592,0.2830614790324397,0.3077769846464011
id11733,0.41161843180834956,0.28188441878131454,0.30649714941033585
id18279,0.4041193010933925,0.2887509556631886,0.30712974324341896
id14383,0.40954863292485577,0.28242589044047295,0.30802547663467134
id05625,0.3849617190141652,0.29466058333671585,0.3203776976491189
id05406,0.3926484364108258,0.3013578496388149,0.30599371395035935
id22317,0.40837274976123356,0.2840041375044625,0.30762311273430387
id12569,0.40954863292485577,0.28242589044047295,0.30802547663467134
id09453,0.4026065227572641,0.2911391936142749,0.306254283628461
id18307,0.41026920949743684,0.28577084247582185,0.30395994802674137
id15034,0.40954863292485577,0.28242589044047295,0.30802547663467134
id25485,0.41283700590669165,0.2813006189649661,0.30586237512834236
id00529,0.41483251670484683,0.2803446009115137,0.3048228823836394
id00667,0.3961959238832714,0.27321782468786676,0.3305862514288618
id07439,0.41283700590669165,0.2813006189649661,0.30586237512834236
id25318,0.40478792688730575,0.28782262968139927,0.307389443431295
id00673,0.41283700590669165,0.2813006189649661,0.30586237512834236
id13188,0.3979614458781002,0.291904374176042,0.3101341799458579
id27629,0.39979589745099486,0.2925089494224499,0.30769515312655527
id25056,0.39884128160526167,0.298285061779486,0.30287365661525245
id18233,0.40390358222973866,0.288855488379467,0.30724092939079434
id20263,0.4037720730129666,0.2890870338815364,0.3071408931054971
id25220,0.41707629411096053,0.2802002166560803,0.30272348923295916
id07326,0.3944887947173168,0.2980832870391649,0.3074279182435184
id02012,0.4080743820041071,0.2845272627123261,0.3073983552835669
id18628,0.3971670837456101,0.29676480904861824,0.3060681072057717
id17084,0.3970573301256647,0.2969591418899805,0.30598352798435474
id09898,0.4009587721701221,0.2904510907451324,0.30859013708474536
id07012,0.3982870224964533,0.27770308865803284,0.32400988884551385
id13214,0.40954863292485577,0.28242589044047295,0.30802547663467134
id19111,0.3970573301256647,0.2969591418899805,0.30598352798435474
id01955,0.3943792970240318,0.2982781170621634,0.3073425859138049
id03079,0.4107358404706424,0.28638294767002137,0.3028812118593362
id03764,0.4143873383366084,0.28111690058272826,0.30449576108066345
id20663,0.39979589745099486,0.2925089494224499,0.30769515312655527
id17379,0.41283700590669165,0.2813006189649661,0.30586237512834236
id00990,0.3998577023423918,0.27491214669903885,0.3252301509585692
id01562,0.40954863292485577,0.28242589044047295,0.30802547663467134
id20005,0.3971670837456101,0.29676480904861824,0.3060681072057717
id26167,0.3979614458781002,0.291904374176042,0.3101341799458579
id11146,0.3965865231758335,0.28678591634570794,0.3166275604784585
id05247,0.40954863292485577,0.28242589044047295,0.30802547663467134
id14547,0.41161843180834956,0.28188441878131454,0.30649714941033585
id01229,0.40954863292485577,0.28242589044047295,0.30802547663467134
id20881,0.4037720730129666,0.2890870338815364,0.3071408931054971
id18971,0.3957838158552822,0.2827950923280085,0.32142109181670925
id16703,0.41283700590669165,0.2813006189649661,0.30586237512834236
id04874,0.4037720730129666,0.2890870338815364,0.3071408931054971
id17214,0.3998988912165071,0.28845706393127213,0.3116440448522208
id06402,0.4173766027432079,0.27968193716745876,0.3029414600893333
id01926,0.40954863292485577,0.28242589044047295,0.30802547663467134
id23963,0.4030513739031356,0.29709313096362305,0.2998554951332413
id13003,0.3985188945515713,0.2934741232625584,0.30800698218587036
id26286,0.4100279682372135,0.2880865937455283,0.30188543801725826
id22639,0.3914409399098544,0.2823248026691978,0.3262342574209478
id14305,0.40351770465858483,0.2910351083039453,0.3054471870374698
id18386,0.4009311884298774,0.286547803896058,0.31252100767406465
id15779,0.39164145821519675,0.30314957309094903,0.3052089686938542
id07287,0.4026065227572641,0.2911391936142749,0.306254283628461
id04086,0.40390358222973866,0.288855488379467,0.30724092939079434
id06845,0.41283700590669165,0.2813006189649661,0.30586237512834236
id05847,0.38963278733448364,0.27864959367985676,0.3317176189856597
id07235,0.40064771166261776,0.2906019115225599,0.3087503768148223
id13305,0.37945510383536657,0.286990607102644,0.33355428906198953
id04859,0.3971670837456101,0.29676480904861824,0.3060681072057717
id21702,0.3885679104348542,0.29360935350105344,0.31782273606409234
id12464,0.41283700590669165,0.2813006189649661,0.30586237512834236
id04858,0.38270253201804905,0.2891773612578702,0.3281201067240807
id05208,0.3985188945515713,0.2934741232625584,0.30800698218587036
id16101,0.40954863292485577,0.28242589044047295,0.30802547663467134
id03259,0.38049556822282443,0.28750973715481193,0.3319946946223636
id08821,0.40667514965646234,0.28425266804605515,0.3090721822974826
id12684,0.41283700590669165,0.2813006189649661,0.30586237512834236
id21971,0.41283700590669165,0.2813006189649661,0.30586237512834236
id19185,0.39719102820823793,0.27390405143230184,0.32890492035946023
id12803,0.39979589745099486,0.2925089494224499,0.30769515312655527
id13638,0.3944887947173168,0.2980832870391649,0.3074279182435184
id12442,0.3835675265625294,0.2873231033830265,0.32910937005444413
id01864,0.4091615363211592,0.2830614790324397,0.3077769846464011
id04609,0.41161843180834956,0.28188441878131454,0.30649714941033585
id16405,0.41483251670484683,0.2803446009115137,0.3048228823836394
id06062,0.41283700590669165,0.2813006189649661,0.30586237512834236
id15411,0.4159534400419026,0.2811154666496744,0.30293109330842305
id04331,0.3944887947173168,0.2980832870391649,0.3074279182435184
id02586,0.41283700590669165,0.2813006189649661,0.30586237512834236
id02269,0.4080743820041071,0.2845272627123261,0.3073983552835669
id15595,0.39979589745099486,0.2925089494224499,0.30769515312655527
id15376,0.41283700590669165,0.2813006189649661,0.30586237512834236
id22922,0.4091615363211592,0.2830614790324397,0.3077769846464011
id25105,0.3997063569301596,0.27563862920140786,0.3246550138684326
id24335,0.3954366308904593,0.2818872024859354,0.32267616662360543
id10259,0.41283700590669165,0.2813006189649661,0.30586237512834236
id00404,0.3781354490953328,0.2794283764677196,0.3424361744369477
id24888,0.40667514965646234,0.28425266804605515,0.3090721822974826
id06947,0.3973674512140121,0.2968064021737869,0.305826146612201
id00289,0.3887824864983061,0.30823656176297426,0.3029809517387196
id13793,0.40954863292485577,0.28242589044047295,0.30802547663467134
id14938,0.40108998149446384,0.2902188987108572,0.30869111979467906
id08573,0.41483251670484683,0.2803446009115137,0.3048228823836394
id12254,0.40954863292485577,0.28242589044047295,0.30802547663467134
id12394,0.42093967216994355,0.2787154748209435,0.300344853009113
id22657,0.40954863292485577,0.28242589044047295,0.30802547663467134
id25125,0.40954863292485577,0.28242589044047295,0.30802547663467134
id05570,0.40954863292485577,0.28242589044047295,0.30802547663467134
id26405,0.40954863292485577,0.28242589044047295,0.30802547663467134
id25600,0.40875168245607413,0.2838222350428586,0.30742608250106734
id20150,0.4026065227572641,0.2911391936142749,0.306254283628461
id24474,0.3699288554172373,0.2950667900162049,0.3350043545665579
id13890,0.4026065227572641,0.2911391936142749,0.306254283628461
id21983,0.41283700590669165,0.2813006189649661,0.30586237512834236
id17383,0.406129623111041,0.28546207091737213,0.3084083059715868
id19032,0.3943130046093437,0.30181832170997513,0.3038686736806812
id11033,0.3943792970240318,0.2982781170621634,0.3073425859138049
id02008,0.40108998149446384,0.2902188987108572,0.30869111979467906
id01845,0.41483251670484683,0.2803446009115137,0.3048228823836394
id27128,0.41283700590669165,0.2813006189649661,0.30586237512834236
id17878,0.40954863292485577,0.28242589044047295,0.30802547663467134
id05128,0.41483251670484683,0.2803446009115137,0.3048228823836394
id07562,0.40478792688730575,0.28782262968139927,0.307389443431295
id02377,0.40017238677253275,0.29542492546276133,0.30440268776470597
id13833,0.3955089191691447,0.2962681723600493,0.3082229084708061
id22676,0.4041193010933925,0.2887509556631886,0.30712974324341896
id23665,0.40660077003646466,0.2875484892465461,0.3058507407169892
id18860,0.38543332069414626,0.2912407974712199,0.3233258818346339
id25276,0.40954863292485577,0.28242589044047295,0.30802547663467134
id11845,0.3887824864983061,0.30823656176297426,0.3029809517387196
id27221,0.41283700590669165,0.2813006189649661,0.30586237512834236
id07918,0.38649199174262516,0.28951376435688697,0.3239942439004879
id09001,0.4041193010933925,0.2887509556631886,0.30712974324341896
id23480,0.40775754582149937,0.2950383404517657,0.29720411372673494
id02268,0.40667514965646234,0.28425266804605515,0.3090721822974826
id18487,0.41283700590669165,0.2813006189649661,0.30586237512834236
id15725,0.4009587721701221,0.2904510907451324,0.30859013708474536
id15040,0.4041193010933925,0.2887509556631886,0.30712974324341896
id05940,0.41161843180834956,0.28188441878131454,0.30649714941033585
id26900,0.3973674512140121,0.2968064021737869,0.305826146612201
id05646,0.38536462553136197,0.28195037137061046,0.33268500309802757
id00198,0.4041193010933925,0.2887509556631886,0.30712974324341896
id23055,0.41161843180834956,0.28188441878131454,0.30649714941033585
id20415,0.3943130046093437,0.30181832170997513,0.3038686736806812
id16372,0.41283700590669165,0.2813006189649661,0.30586237512834236
id13115,0.41283700590669165,0.2813006189649661,0.30586237512834236
id09372,0.413257731918369,0.27929361551407106,0.30744865256755993
id21243,0.40058019964001385,0.2938252277811088,0.30559457257887745
id12975,0.41161843180834956,0.28188441878131454,0.30649714941033585
id02152,0.38971850985087847,0.30700633713163517,0.3032751530174864
id05707,0.40737977509891155,0.28622596715443605,0.3063942577466525
id26722,0.3970573301256647,0.2969591418899805,0.30598352798435474
id18208,0.3944887947173168,0.2980832870391649,0.3074279182435184
id25066,0.4100279682372135,0.2880865937455283,0.30188543801725826
id05116,0.3979614458781002,0.291904374176042,0.3101341799458579
id10003,0.3944887947173168,0.2980832870391649,0.3074279182435184
id26966,0.40390358222973866,0.288855488379467,0.30724092939079434
id05829,0.3944887947173168,0.2980832870391649,0.3074279182435184
id25035,0.40954863292485577,0.28242589044047295,0.30802547663467134
id19222,0.3953223882078734,0.30003107876687685,0.3046465330252497
id13721,0.3943792970240318,0.2982781170621634,0.3073425859138049
id07541,0.39164145821519675,0.30314957309094903,0.3052089686938542
id16893,0.40017238677253275,0.29542492546276133,0.30440268776470597
id17821,0.3885679104348542,0.29360935350105344,0.31782273606409234
id25455,0.3943130046093437,0.30181832170997513,0.3038686736806812
id25702,0.40737977509891155,0.28622596715443605,0.3063942577466525
id04090,0.4159534400419026,0.2811154666496744,0.30293109330842305
id24784,0.41823478983962015,0.2769244995034008,0.30484071065697904
id22483,0.4009587721701221,0.2904510907451324,0.30859013708474536
id02063,0.413257731918369,0.27929361551407106,0.30744865256755993
id11674,0.39164145821519675,0.30314957309094903,0.3052089686938542
id24307,0.4143873383366084,0.28111690058272826,0.30449576108066345
id01202,0.40954863292485577,0.28242589044047295,0.30802547663467134
id10403,0.3979614458781002,0.291904374176042,0.3101341799458579
id19361,0.4159534400419026,0.2811154666496744,0.30293109330842305
id09128,0.41026920949743684,0.28577084247582185,0.30395994802674137
id24337,0.38431649050386363,0.2815430197864261,0.3341404897097103
id13849,0.40077330438384057,0.2763743991696947,0.3228522964464648
id00777,0.3870410250156934,0.31133515654181804,0.30162381844248864
id16534,0.40954863292485577,0.28242589044047295,0.30802547663467134
id15455,0.40954863292485577,0.28242589044047295,0.30802547663467134
id06764,0.41026920949743684,0.28577084247582185,0.30395994802674137
id04970,0.3855177939712767,0.29130462709693095,0.32317757893179233
id26524,0.4058529655020927,0.28837443084147446,0.30577260365643294
id19098,0.393346479515026,0.28568291672733054,0.32097060375764347
id26956,0.3971670837456101,0.29676480904861824,0.3060681072057717
id18254,0.40064771166261776,0.2906019115225599,0.3087503768148223
id23098,0.40390358222973866,0.288855488379467,0.30724092939079434
id15827,0.3955089191691447,0.2962681723600493,0.3082229084708061
id17418,0.4026065227572641,0.2911391936142749,0.306254283628461
id26888,0.41823478983962015,0.2769244995034008,0.30484071065697904
id10502,0.41483251670484683,0.2803446009115137,0.3048228823836394
id15536,0.41823478983962015,0.2769244995034008,0.30484071065697904
id10367,0.4091615363211592,0.2830614790324397,0.3077769846464011
id02836,0.4009587721701221,0.2904510907451324,0.30859013708474536
id26334,0.40737977509891155,0.28622596715443605,0.3063942577466525
id14146,0.4041193010933925,0.2887509556631886,0.30712974324341896
id22476,0.3970573301256647,0.2969591418899805,0.30598352798435474
id19981,0.4005289376744708,0.28325448305838014,0.316216579267149
id13149,0.3979614458781002,0.291904374176042,0.3101341799458579
id22987,0.39164145821519675,0.30314957309094903,0.3052089686938542
id02437,0.41283700590669165,0.2813006189649661,0.30586237512834236
id25375,0.40954863292485577,0.28242589044047295,0.30802547663467134
id27784,0.40478792688730575,0.28782262968139927,0.307389443431295
id18392,0.41823478983962015,0.2769244995034008,0.30484071065697904
id01010,0.41483251670484683,0.2803446009115137,0.3048228823836394
id02515,0.3943130046093437,0.30181832170997513,0.3038686736806812
id24667,0.4080743820041071,0.2845272627123261,0.3073983552835669
id09968,0.41283700590669165,0.2813006189649661,0.30586237512834236
id09801,0.40954863292485577,0.28242589044047295,0.30802547663467134
id07777,0.40667514965646234,0.28425266804605515,0.3090721822974826
id02022,0.41283700590669165,0.2813006189649661,0.30586237512834236
id26531,0.3973674512140121,0.2968064021737869,0.305826146612201
id06905,0.413257731918369,0.27929361551407106,0.30744865256755993
id01590,0.3943130046093437,0.30181832170997513,0.3038686736806812
id07909,0.4122251912986161,0.2842716526314649,0.303503156069919
id19095,0.39164145821519675,0.30314957309094903,0.3052089686938542
id07946,0.3998988912165071,0.28845706393127213,0.3116440448522208
id02435,0.39719102820823793,0.27390405143230184,0.32890492035946023
id25577,0.3944887947173168,0.2980832870391649,0.3074279182435184
id05776,0.40478792688730575,0.28782262968139927,0.307389443431295
id15295,0.39200938776575417,0.27542669765485644,0.3325639145793894
id18691,0.4122251912986161,0.2842716526314649,0.303503156069919
id24378,0.3971670837456101,0.29676480904861824,0.3060681072057717
id11359,0.41283700590669165,0.2813006189649661,0.30586237512834236
id05027,0.3955089191691447,0.2962681723600493,0.3082229084708061
id15187,0.39164145821519675,0.30314957309094903,0.3052089686938542
id13945,0.40737977509891155,0.28622596715443605,0.3063942577466525
id00153,0.413257731918369,0.27929361551407106,0.30744865256755993
id02397,0.40954863292485577,0.28242589044047295,0.30802547663467134
id12993,0.3944887947173168,0.2980832870391649,0.3074279182435184
id04122,0.39164145821519675,0.30314957309094903,0.3052089686938542
id16086,0.4009587721701221,0.2904510907451324,0.30859013708474536
id13669,0.3887824864983061,0.30823656176297426,0.3029809517387196
id03700,0.3971670837456101,0.29676480904861824,0.3060681072057717
id20541,0.3870410250156934,0.31133515654181804,0.30162381844248864
id20164,0.3943130046093437,0.30181832170997513,0.3038686736806812
id19169,0.4026065227572641,0.2911391936142749,0.306254283628461
id25253,0.3951072646371897,0.28064453537666434,0.324248199986146
id15979,0.4009587721701221,0.2904510907451324,0.30859013708474536
id21601,0.4091615363211592,0.2830614790324397,0.3077769846464011
id21755,0.4057416727115956,0.268652470748351,0.32560585654005336
id07663,0.4026065227572641,0.2911391936142749,0.306254283628461
id19754,0.3826079976183846,0.28910592925532,0.3282860731262955
id23810,0.4014722441162151,0.27493610937767954,0.3235916465061054
id22249,0.4026065227572641,0.2911391936142749,0.306254283628461
id05064,0.40954863292485577,0.28242589044047295,0.30802547663467134
id16503,0.41283700590669165,0.2813006189649661,0.30586237512834236
id09299,0.41483251670484683,0.2803446009115137,0.3048228823836394
id01258,0.40954863292485577,0.28242589044047295,0.30802547663467134
id17206,0.3944887947173168,0.2980832870391649,0.3074279182435184
id24399,0.40954863292485577,0.28242589044047295,0.30802547663467134
id18765,0.40660077003646466,0.2875484892465461,0.3058507407169892
id09978,0.3971670837456101,0.29676480904861824,0.3060681072057717
id20016,0.41161843180834956,0.28188441878131454,0.30649714941033585
id27483,0.3970573301256647,0.2969591418899805,0.30598352798435474
id01080,0.3862424016003717,0.27979067830257837,0.3339669200970499
id09843,0.401123211928683,0.29539197400789213,0.3034848140634249
id07021,0.40737977509891155,0.28622596715443605,0.3063942577466525
id02570,0.3970573301256647,0.2969591418899805,0.30598352798435474
id07149,0.3985188945515713,0.2934741232625584,0.30800698218587036
id27767,0.40954863292485577,0.28242589044047295,0.30802547663467134
id09925,0.38577977583242845,0.2882561677318124,0.32596405643575915
id16212,0.40667514965646234,0.28425266804605515,0.3090721822974826
id02253,0.4037720730129666,0.2890870338815364,0.3071408931054971
id02676,0.40064771166261776,0.2906019115225599,0.3087503768148223
id16060,0.41885632143981866,0.28068298121168134,0.3004606973485001
id23740,0.39979589745099486,0.2925089494224499,0.30769515312655527
id27551,0.3955089191691447,0.2962681723600493,0.3082229084708061
id14449,0.40478792688730575,0.28782262968139927,0.307389443431295
id10263,0.41283700590669165,0.2813006189649661,0.30586237512834236
id25055,0.3943130046093437,0.30181832170997513,0.3038686736806812
id17910,0.3982705016608871,0.27697849668912294,0.32475100164999
id25479,0.38431649050386363,0.2815430197864261,0.3341404897097103
id19167,0.40478792688730575,0.28782262968139927,0.307389443431295
id19510,0.3971670837456101,0.29676480904861824,0.3060681072057717
id01291,0.41283700590669165,0.2813006189649661,0.30586237512834236
id10130,0.3973674512140121,0.2968064021737869,0.305826146612201
id13200,0.3971670837456101,0.29676480904861824,0.3060681072057717
id08441,0.41823478983962015,0.2769244995034008,0.30484071065697904
id13439,0.41161843180834956,0.28188441878131454,0.30649714941033585
id10948,0.4009587721701221,0.2904510907451324,0.30859013708474536
id17262,0.3905962655114617,0.28174684753240703,0.3276568869561312
id11137,0.40954863292485577,0.28242589044047295,0.30802547663467134
id00710,0.4235682395141998,0.275720003901105,0.30071175658469523
id17471,0.39979589745099486,0.2925089494224499,0.30769515312655527
id05451,0.41283700590669165,0.2813006189649661,0.30586237512834236
id05685,0.41283700590669165,0.2813006189649661,0.30586237512834236
id07636,0.3955089191691447,0.2962681723600493,0.3082229084708061
id00086,0.41283700590669165,0.2813006189649661,0.30586237512834236
id21089,0.4025318510317058,0.2665271615110694,0.3309409874572247
id11617,0.39164145821519675,0.30314957309094903,0.3052089686938542
id15872,0.41483251670484683,0.2803446009115137,0.3048228823836394
id18850,0.3927448156839624,0.27581477751345534,0.33144040680258224
id04058,0.41283700590669165,0.2813006189649661,0.30586237512834236
id01628,0.41141780030119013,0.2856734898710752,0.3029087098277346
id26475,0.4041193010933925,0.2887509556631886,0.30712974324341896
id22990,0.41283700590669165,0.2813006189649661,0.30586237512834236
id12781,0.4235682395141998,0.275720003901105,0.30071175658469523
id15574,0.41706428553886904,0.28293291915014845,0.3000027953109825
id00218,0.4143873383366084,0.28111690058272826,0.30449576108066345
id00082,0.3979614458781002,0.291904374176042,0.3101341799458579
id25297,0.3943792970240318,0.2982781170621634,0.3073425859138049
id11248,0.413257731918369,0.27929361551407106,0.30744865256755993
id09166,0.40390358222973866,0.288855488379467,0.30724092939079434
id04620,0.40018451353835977,0.29622964611578884,0.30358584034585145
id24215,0.40017238677253275,0.29542492546276133,0.30440268776470597
id07971,0.3887477028319458,0.28514610167109594,0.3261061954969583
id18361,0.39069648563952963,0.2858514038940839,0.32345211046638656
id09080,0.3974250879716184,0.27406545970417645,0.3285094523242051
id15149,0.393346479515026,0.28568291672733054,0.32097060375764347
id11994,0.4061326316516682,0.29292111120258596,0.30094625714574597
id00971,0.4026065227572641,0.2911391936142749,0.306254283628461
id14427,0.4057416727115956,0.268652470748351,0.32560585654005336
id09840,0.413257731918369,0.27929361551407106,0.30744865256755993
id02930,0.41483251670484683,0.2803446009115137,0.3048228823836394
id09020,0.4041193010933925,0.2887509556631886,0.30712974324341896
id22474,0.41283700590669165,0.2813006189649661,0.30586237512834236
id14085,0.41283700590669165,0.2813006189649661,0.30586237512834236
id23355,0.4080743820041071,0.2845272627123261,0.3073983552835669
id05762,0.3985188945515713,0.2934741232625584,0.30800698218587036
id18134,0.4143873383366084,0.28111690058272826,0.30449576108066345
id22415,0.4143873383366084,0.28111690058272826,0.30449576108066345
id26387,0.4091615363211592,0.2830614790324397,0.3077769846464011
id06134,0.41283700590669165,0.2813006189649661,0.30586237512834236
id26830,0.40954863292485577,0.28242589044047295,0.30802547663467134
id05850,0.3970573301256647,0.2969591418899805,0.30598352798435474
id27346,0.3970573301256647,0.2969591418899805,0.30598352798435474
id02605,0.40667514965646234,0.28425266804605515,0.3090721822974826
id10940,0.39979589745099486,0.2925089494224499,0.30769515312655527
id03916,0.3979614458781002,0.291904374176042,0.3101341799458579
id04312,0.3955089191691447,0.2962681723600493,0.3082229084708061
id20955,0.4080743820041071,0.2845272627123261,0.3073983552835669
id19894,0.40390358222973866,0.288855488379467,0.30724092939079434
id10258,0.3867646199898424,0.28993047469764255,0.32330490531251516
id24152,0.38934478359987507,0.278443625069833,0.33221159133029204
id04295,0.41283700590669165,0.2813006189649661,0.30586237512834236
id08510,0.4080743820041071,0.2845272627123261,0.3073983552835669
id18544,0.3955089191691447,0.2962681723600493,0.3082229084708061
id26787,0.3944887947173168,0.2980832870391649,0.3074279182435184
id11610,0.40737977509891155,0.28622596715443605,0.3063942577466525
id19424,0.3943130046093437,0.30181832170997513,0.3038686736806812
id24731,0.3965865231758335,0.28678591634570794,0.3166275604784585
id07846,0.3985188945515713,0.2934741232625584,0.30800698218587036
id04059,0.4191329158711834,0.2895765887678869,0.29129049536092966
id25352,0.4100279682372135,0.2880865937455283,0.30188543801725826
id09655,0.3944887947173168,0.2980832870391649,0.3074279182435184
id15287,0.4035840275940993,0.29235280322607354,0.3040631691798273
id20447,0.3943792970240318,0.2982781170621634,0.3073425859138049
id08044,0.4061326316516682,0.29292111120258596,0.30094625714574597
id21172,0.3888388475256438,0.2816715214301009,0.32948963104425544
id19300,0.40954863292485577,0.28242589044047295,0.30802547663467134
id04865,0.39164145821519675,0.30314957309094903,0.3052089686938542
id27594,0.3985188945515713,0.2934741232625584,0.30800698218587036
id22678,0.3917207864355846,0.28375917322363237,0.32452004034078313
id25885,0.3970573301256647,0.2969591418899805,0.30598352798435474
id10405,0.41483251670484683,0.2803446009115137,0.3048228823836394
id05343,0.41026920949743684,0.28577084247582185,0.30395994802674137
id02820,0.4001296078111415,0.2759305042006902,0.32393988798816825
id15406,0.40954863292485577,0.28242589044047295,0.30802547663467134
id13840,0.4007746927233199,0.2973257350041293,0.3018995722725508
id10008,0.3846500301134958,0.2814275407055766,0.3339224291809276
id03478,0.4025710836439661,0.29465132182913234,0.3027775945269015
id11489,0.40954863292485577,0.28242589044047295,0.30802547663467134
id01873,0.4122251912986161,0.2842716526314649,0.303503156069919
id01640,0.39164145821519675,0.30314957309094903,0.3052089686938542
id26682,0.3971670837456101,0.29676480904861824,0.3060681072057717
id05642,0.3794350393372715,0.27695188860391073,0.3436130720588178
id03312,0.38480659247001775,0.3153108982328266,0.2998825092971557
id03949,0.40478792688730575,0.28782262968139927,0.307389443431295
id23015,0.40390358222973866,0.288855488379467,0.30724092939079434
id18003,0.4143873383366084,0.28111690058272826,0.30449576108066345
id00548,0.39979589745099486,0.2925089494224499,0.30769515312655527
id25730,0.3955089191691447,0.2962681723600493,0.3082229084708061
id18957,0.3955089191691447,0.2962681723600493,0.3082229084708061
id20072,0.41483251670484683,0.2803446009115137,0.3048228823836394
id06710,0.41283700590669165,0.2813006189649661,0.30586237512834236
id02029,0.40954863292485577,0.28242589044047295,0.30802547663467134
id03739,0.38779209422043376,0.27972412870238067,0.3324837770771855
id18389,0.40954863292485577,0.28242589044047295,0.30802547663467134
id18923,0.4037720730129666,0.2890870338815364,0.3071408931054971
id10882,0.40390358222973866,0.288855488379467,0.30724092939079434
id21774,0.4025318510317058,0.2665271615110694,0.3309409874572247
id06412,0.3796566878206759,0.28687586305989793,0.3334674491194262
id16678,0.40667514965646234,0.28425266804605515,0.3090721822974826
id04397,0.38502638727937993,0.29093331079097956,0.3240403019296406
id25481,0.40954863292485577,0.28242589044047295,0.30802547663467134
id22511,0.39719102820823793,0.27390405143230184,0.32890492035946023
id25531,0.41161843180834956,0.28188441878131454,0.30649714941033585
id13858,0.41823478983962015,0.2769244995034008,0.30484071065697904
id22937,0.4026065227572641,0.2911391936142749,0.306254283628461
id05739,0.406129623111041,0.28546207091737213,0.3084083059715868
id23893,0.3960831020254132,0.2712455186057315,0.3326713793688553
id02187,0.413257731918369,0.27929361551407106,0.30744865256755993
id00572,0.4044191564507806,0.2733202059256345,0.32226063762358487
id12139,0.41483251670484683,0.2803446009115137,0.3048228823836394
id00268,0.40064771166261776,0.2906019115225599,0.3087503768148223
id27074,0.4163566608201138,0.2801715490405699,0.3034717901393163
id17788,0.4041193010933925,0.2887509556631886,0.30712974324341896
id12101,0.41283700590669165,0.2813006189649661,0.30586237512834236
id14428,0.4091615363211592,0.2830614790324397,0.3077769846464011
id26495,0.3955089191691447,0.2962681723600493,0.3082229084708061
id12894,0.413257731918369,0.27929361551407106,0.30744865256755993
id26911,0.41483251670484683,0.2803446009115137,0.3048228823836394
id06899,0.41283700590669165,0.2813006189649661,0.30586237512834236
id11263,0.3909972292891783,0.28360212456958234,0.3254006461412393
id11256,0.38730944899515635,0.28939914554297086,0.3232914054618729
id14529,0.3805007354522285,0.2850258287749909,0.33447343577278055
id04256,0.40667514965646234,0.28425266804605515,0.3090721822974826
id19152,0.40954863292485577,0.28242589044047295,0.30802547663467134
id12699,0.40875168245607413,0.2838222350428586,0.30742608250106734
id20645,0.42093967216994355,0.2787154748209435,0.300344853009113
id15910,0.40954863292485577,0.28242589044047295,0.30802547663467134
id16897,0.40737977509891155,0.28622596715443605,0.3063942577466525
id19225,0.40954863292485577,0.28242589044047295,0.30802547663467134
id15103,0.40954863292485577,0.28242589044047295,0.30802547663467134
id10738,0.4080743820041071,0.2845272627123261,0.3073983552835669
id01098,0.4091615363211592,0.2830614790324397,0.3077769846464011
id21943,0.39491837192512735,0.28607547668835476,0.319006151386518
id27077,0.40478792688730575,0.28782262968139927,0.307389443431295
id09914,0.40954863292485577,0.28242589044047295,0.30802547663467134
id09241,0.406129623111041,0.28546207091737213,0.3084083059715868
id04228,0.40601656984112283,0.2851351956931216,0.30884823446575566
id05632,0.3971670837456101,0.29676480904861824,0.3060681072057717
id27534,0.4009587721701221,0.2904510907451324,0.30859013708474536
id07045,0.39164145821519675,0.30314957309094903,0.3052089686938542
id07441,0.39204333269236286,0.28436089502993056,0.3235957722777067
id26040,0.3955089191691447,0.2962681723600493,0.3082229084708061
id17860,0.3833249252653898,0.2967121713285813,0.3199629034060289
id27287,0.41283700590669165,0.2813006189649661,0.30586237512834236
id25258,0.41283700590669165,0.2813006189649661,0.30586237512834236
id06690,0.40954863292485577,0.28242589044047295,0.30802547663467134
id12761,0.41283700590669165,0.2813006189649661,0.30586237512834236
id05071,0.41283700590669165,0.2813006189649661,0.30586237512834236
id12506,0.38998040004212803,0.2871862728634934,0.3228333270943786
id03274,0.41283700590669165,0.2813006189649661,0.30586237512834236
id16515,0.3973674512140121,0.2968064021737869,0.305826146612201
id03288,0.413257731918369,0.27929361551407106,0.30744865256755993
id03704,0.41283700590669165,0.2813006189649661,0.30586237512834236
id01078,0.40837274976123356,0.2840041375044625,0.30762311273430387
id05315,0.4007746927233199,0.2973257350041293,0.3018995722725508
id10719,0.4009311884298774,0.286547803896058,0.31252100767406465
id24218,0.39164145821519675,0.30314957309094903,0.3052089686938542
id11672,0.40478792688730575,0.28782262968139927,0.307389443431295
id24576,0.4008108576452042,0.2708815950021646,0.32830754735263135
id23412,0.4009311884298774,0.286547803896058,0.31252100767406465
id07914,0.38066332708905803,0.30113197020647264,0.3182047027044694
id21402,0.40954863292485577,0.28242589044047295,0.30802547663467134
id24623,0.3998988912165071,0.28845706393127213,0.3116440448522208
id20139,0.4041193010933925,0.2887509556631886,0.30712974324341896
id10141,0.413257731918369,0.27929361551407106,0.30744865256755993
id00604,0.4061326316516682,0.29292111120258596,0.30094625714574597
id13415,0.39164145821519675,0.30314957309094903,0.3052089686938542
id25376,0.4026065227572641,0.2911391936142749,0.306254283628461
id23566,0.3880693813947241,0.290237055833424,0.32169356277185196
id09714,0.4009587721701221,0.2904510907451324,0.30859013708474536
id16019,0.3958852486153102,0.27671087907396946,0.32740387231072027
id19788,0.3853517263324095,0.2879363274597071,0.32671194620788335
id20100,0.39563204337921115,0.29987743296737907,0.30449052365340973
id18194,0.3784580265108811,0.2788136757497821,0.3427282977393368
id26093,0.3955089191691447,0.2962681723600493,0.3082229084708061
id09422,0.41483251670484683,0.2803446009115137,0.3048228823836394
id14985,0.38431649050386363,0.2815430197864261,0.3341404897097103
id06752,0.37436830627051104,0.2866070110756465,0.3390246826538424
id14717,0.4088020216742079,0.2706788100806245,0.3205191682451675
id11569,0.3834122975097911,0.2960850759952818,0.32050262649492717
id22135,0.3944887947173168,0.2980832870391649,0.3074279182435184
id22176,0.40390358222973866,0.288855488379467,0.30724092939079434
id11901,0.3944887947173168,0.2980832870391649,0.3074279182435184
id20071,0.3794350393372715,0.27695188860391073,0.3436130720588178
id08130,0.3781354490953328,0.2794283764677196,0.3424361744369477
id12632,0.40954863292485577,0.28242589044047295,0.30802547663467134
id07717,0.40108998149446384,0.2902188987108572,0.30869111979467906
id09921,0.40660077003646466,0.2875484892465461,0.3058507407169892
id09990,0.3970573301256647,0.2969591418899805,0.30598352798435474
id03060,0.3998988912165071,0.28845706393127213,0.3116440448522208
id14122,0.3971670837456101,0.29676480904861824,0.3060681072057717
id15315,0.39365940972443186,0.2777514498711748,0.3285891404043933
id10279,0.39979589745099486,0.2925089494224499,0.30769515312655527
id12401,0.3970573301256647,0.2969591418899805,0.30598352798435474
id19766,0.40954863292485577,0.28242589044047295,0.30802547663467134
id27403,0.3973674512140121,0.2968064021737869,0.305826146612201
id22192,0.4009587721701221,0.2904510907451324,0.30859013708474536
id11854,0.38115464745221134,0.29503227054496123,0.3238130820028274
id24504,0.413257731918369,0.27929361551407106,0.30744865256755993
id24745,0.41823478983962015,0.2769244995034008,0.30484071065697904
id22813,0.41283700590669165,0.2813006189649661,0.30586237512834236
id18019,0.3955089191691447,0.2962681723600493,0.3082229084708061
id27062,0.39164145821519675,0.30314957309094903,0.3052089686938542
id24900,0.41823478983962015,0.2769244995034008,0.30484071065697904
id20932,0.40478792688730575,0.28782262968139927,0.307389443431295
id02532,0.4143873383366084,0.28111690058272826,0.30449576108066345
id02841,0.41823478983962015,0.2769244995034008,0.30484071065697904
id16885,0.3973674512140121,0.2968064021737869,0.305826146612201
id26228,0.4026065227572641,0.2911391936142749,0.306254283628461
id03940,0.39164145821519675,0.30314957309094903,0.3052089686938542
id04255,0.41483251670484683,0.2803446009115137,0.3048228823836394
id26090,0.39979589745099486,0.2925089494224499,0.30769515312655527
id17086,0.39979589745099486,0.2925089494224499,0.30769515312655527
id09833,0.40737977509891155,0.28622596715443605,0.3063942577466525
id05188,0.4064589970981592,0.28435622336042815,0.3091847795414127
id04559,0.4009587721701221,0.2904510907451324,0.30859013708474536
id26503,0.40390358222973866,0.288855488379467,0.30724092939079434
id13851,0.40064771166261776,0.2906019115225599,0.3087503768148223
id02672,0.3887824864983061,0.30823656176297426,0.3029809517387196
id19820,0.41283700590669165,0.2813006189649661,0.30586237512834236
id05263,0.40737977509891155,0.28622596715443605,0.3063942577466525
id12737,0.3912023433558214,0.2734376810058281,0.3353599756383506
id16852,0.4091615363211592,0.2830614790324397,0.3077769846464011
id06394,0.40282201701141224,0.2910341726761978,0.30614381031239
id26290,0.41283700590669165,0.2813006189649661,0.30586237512834236
id26341,0.39164145821519675,0.30314957309094903,0.3052089686938542
id27012,0.3943792970240318,0.2982781170621634,0.3073425859138049
id20686,0.40837274976123356,0.2840041375044625,0.30762311273430387
id12474,0.4122251912986161,0.2842716526314649,0.303503156069919
id20859,0.413257731918369,0.27929361551407106,0.30744865256755993
id25111,0.41026920949743684,0.28577084247582185,0.30395994802674137
id11783,0.40340750602320563,0.2748755065942156,0.32171698738257865
id07278,0.3801232511423604,0.2893820331085672,0.33049471574907235
id03444,0.4091615363211592,0.2830614790324397,0.3077769846464011
id05967,0.40667514965646234,0.28425266804605515,0.3090721822974826
id16275,0.3912385289539958,0.2862479875545639,0.32251348349144043
id09759,0.3955089191691447,0.2962681723600493,0.3082229084708061
id20187,0.40017238677253275,0.29542492546276133,0.30440268776470597
id27015,0.4064589970981592,0.28435622336042815,0.3091847795414127
id19155,0.40390358222973866,0.288855488379467,0.30724092939079434
id23819,0.40478792688730575,0.28782262968139927,0.307389443431295
id20793,0.4037720730129666,0.2890870338815364,0.3071408931054971
id17933,0.40056349257760554,0.2729376407267047,0.3264988666956898
id24907,0.3979614458781002,0.291904374176042,0.3101341799458579
id06779,0.41283700590669165,0.2813006189649661,0.30586237512834236
id03854,0.40660077003646466,0.2875484892465461,0.3058507407169892
id22721,0.4026065227572641,0.2911391936142749,0.306254283628461
id20133,0.41283700590669165,0.2813006189649661,0.30586237512834236
id07359,0.39479578112760794,0.3048914015321948,0.3003128173401973
id03654,0.40954863292485577,0.28242589044047295,0.30802547663467134
id26791,0.41823478983962015,0.2769244995034008,0.30484071065697904
id19673,0.40954863292485577,0.28242589044047295,0.30802547663467134
id12944,0.4064589970981592,0.28435622336042815,0.3091847795414127
id17430,0.4159534400419026,0.2811154666496744,0.30293109330842305
id11939,0.41283700590669165,0.2813006189649661,0.30586237512834236
id12270,0.3943130046093437,0.30181832170997513,0.3038686736806812
id16865,0.40954863292485577,0.28242589044047295,0.30802547663467134
id26360,0.3943130046093437,0.30181832170997513,0.3038686736806812
id17450,0.3955089191691447,0.2962681723600493,0.3082229084708061
id11391,0.3955089191691447,0.2962681723600493,0.3082229084708061
id24404,0.40875168245607413,0.2838222350428586,0.30742608250106734
id17475,0.40390358222973866,0.288855488379467,0.30724092939079434
id04966,0.40667514965646234,0.28425266804605515,0.3090721822974826
id06555,0.3866378035034989,0.2804401011021278,0.3329220953943733
id18576,0.41483251670484683,0.2803446009115137,0.3048228823836394
id07364,0.41283700590669165,0.2813006189649661,0.30586237512834236
id16508,0.4041193010933925,0.2887509556631886,0.30712974324341896
id09959,0.4037720730129666,0.2890870338815364,0.3071408931054971
id25007,0.4026065227572641,0.2911391936142749,0.306254283628461
id18745,0.3955089191691447,0.2962681723600493,0.3082229084708061
id07627,0.4041193010933925,0.2887509556631886,0.30712974324341896
id25227,0.4009587721701221,0.2904510907451324,0.30859013708474536
id22339,0.4025318510317058,0.2665271615110694,0.3309409874572247
id08616,0.3985188945515713,0.2934741232625584,0.30800698218587036
id03794,0.3979614458781002,0.291904374176042,0.3101341799458579
id15730,0.40064771166261776,0.2906019115225599,0.3087503768148223
id22741,0.3985188945515713,0.2934741232625584,0.30800698218587036
id18455,0.391534720692099,0.2864646949662521,0.3220005843416488
id07765,0.3993203063442429,0.2753724076303482,0.3253072860254089
id05490,0.40077330438384057,0.2763743991696947,0.3228522964464648
id15640,0.401123211928683,0.29539197400789213,0.3034848140634249
id24528,0.4009311884298774,0.286547803896058,0.31252100767406465
id00232,0.4026065227572641,0.2911391936142749,0.306254283628461
id19565,0.4122251912986161,0.2842716526314649,0.303503156069919
id18623,0.3825708960986917,0.29283057988408095,0.3245985240172274
id07306,0.41283700590669165,0.2813006189649661,0.30586237512834236
id26396,0.413257731918369,0.27929361551407106,0.30744865256755993
id15691,0.3857062902529835,0.2889252103873691,0.32536849935964746
id19392,0.39164145821519675,0.30314957309094903,0.3052089686938542
id06008,0.3944887947173168,0.2980832870391649,0.3074279182435184
id20182,0.3979614458781002,0.291904374176042,0.3101341799458579
id05975,0.4143873383366084,0.28111690058272826,0.30449576108066345
id18750,0.4037720730129666,0.2890870338815364,0.3071408931054971
id18126,0.39164145821519675,0.30314957309094903,0.3052089686938542
id00103,0.3955089191691447,0.2962681723600493,0.3082229084708061
id19816,0.41483251670484683,0.2803446009115137,0.3048228823836394
id11669,0.39252642552067346,0.28906119675125796,0.3184123777280685
id08022,0.3965865231758335,0.28678591634570794,0.3166275604784585
id04481,0.39643032250258026,0.27853285657123233,0.3250368209261873
id12711,0.3943130046093437,0.30181832170997513,0.3038686736806812
id23512,0.3971670837456101,0.29676480904861824,0.3060681072057717
id23228,0.3887824864983061,0.30823656176297426,0.3029809517387196
id14890,0.3864070910476401,0.2894501668689007,0.3241427420834593
id15080,0.3944887947173168,0.2980832870391649,0.3074279182435184
id18979,0.3943130046093437,0.30181832170997513,0.3038686736806812
id26683,0.413257731918369,0.27929361551407106,0.30744865256755993
id14291,0.3831953144518643,0.2895497171007581,0.3272549684473776
id06572,0.413257731918369,0.27929361551407106,0.30744865256755993
id26370,0.4061326316516682,0.29292111120258596,0.30094625714574597
id24928,0.40954863292485577,0.28242589044047295,0.30802547663467134
id19233,0.41026920949743684,0.28577084247582185,0.30395994802674137
id06495,0.38531836479518383,0.27967007497223983,0.33501156023257644
id22646,0.4009587721701221,0.2904510907451324,0.30859013708474536
id26347,0.40601656984112283,0.2851351956931216,0.30884823446575566
id09172,0.40390358222973866,0.288855488379467,0.30724092939079434
id16748,0.3887824864983061,0.30823656176297426,0.3029809517387196
id19432,0.40020193438025076,0.2988023311028859,0.30099573451686334
id07433,0.39979589745099486,0.2925089494224499,0.30769515312655527
id12365,0.3979614458781002,0.291904374176042,0.3101341799458579
id20112,0.40954863292485577,0.28242589044047295,0.30802547663467134
id12853,0.3971670837456101,0.29676480904861824,0.3060681072057717
id16183,0.40954863292485577,0.28242589044047295,0.30802547663467134
id06676,0.41707629411096053,0.2802002166560803,0.30272348923295916
id11420,0.41283700590669165,0.2813006189649661,0.30586237512834236
id15586,0.39335798097118524,0.2742663458610645,0.3323756731677503
id13585,0.40064771166261776,0.2906019115225599,0.3087503768148223
id02251,0.40954863292485577,0.28242589044047295,0.30802547663467134
id24902,0.41283700590669165,0.2813006189649661,0.30586237512834236
id02505,0.3970573301256647,0.2969591418899805,0.30598352798435474
id15756,0.41283700590669165,0.2813006189649661,0.30586237512834236
id00260,0.40667514965646234,0.28425266804605515,0.3090721822974826
id02779,0.4008108576452042,0.2708815950021646,0.32830754735263135
id06639,0.3985188945515713,0.2934741232625584,0.30800698218587036
id07996,0.3876815652828513,0.28967719229855854,0.3226412424185902
id05526,0.4080743820041071,0.2845272627123261,0.3073983552835669
id13066,0.41283700590669165,0.2813006189649661,0.30586237512834236
id09689,0.41483251670484683,0.2803446009115137,0.3048228823836394
id04739,0.40478792688730575,0.28782262968139927,0.307389443431295
id27666,0.3943130046093437,0.30181832170997513,0.3038686736806812
id16220,0.4091615363211592,0.2830614790324397,0.3077769846464011
id10761,0.40954863292485577,0.28242589044047295,0.30802547663467134
id19507,0.39809539018381007,0.29820564836435004,0.3036989614518399
id12314,0.40058019964001385,0.2938252277811088,0.30559457257887745
id07584,0.40737977509891155,0.28622596715443605,0.3063942577466525
id08565,0.41283700590669165,0.2813006189649661,0.30586237512834236
id01052,0.4009587721701221,0.2904510907451324,0.30859013708474536
id14222,0.3943130046093437,0.30181832170997513,0.3038686736806812
id15971,0.39164145821519675,0.30314957309094903,0.3052089686938542
id19248,0.41283700590669165,0.2813006189649661,0.30586237512834236
id25152,0.40660077003646466,0.2875484892465461,0.3058507407169892
id17987,0.4009587721701221,0.2904510907451324,0.30859013708474536
id13045,0.3943792970240318,0.2982781170621634,0.3073425859138049
id11718,0.3887824864983061,0.30823656176297426,0.3029809517387196
id13484,0.40218504831260216,0.2869744753520591,0.3108404763353388
id21324,0.39193665671464123,0.2874851965684685,0.32057814671689033
id10531,0.40282201701141224,0.2910341726761978,0.30614381031239
id25547,0.413257731918369,0.27929361551407106,0.30744865256755993
id21276,0.41483251670484683,0.2803446009115137,0.3048228823836394
id03583,0.4026065227572641,0.2911391936142749,0.306254283628461
id14112,0.41161843180834956,0.28188441878131454,0.30649714941033585
id04335,0.41283700590669165,0.2813006189649661,0.30586237512834236
id15600,0.4091615363211592,0.2830614790324397,0.3077769846464011
id11403,0.40737977509891155,0.28622596715443605,0.3063942577466525
id09897,0.39979589745099486,0.2925089494224499,0.30769515312655527
id26539,0.4026065227572641,0.2911391936142749,0.306254283628461
id06613,0.4008108576452042,0.2708815950021646,0.32830754735263135
id06956,0.40737977509891155,0.28622596715443605,0.3063942577466525
id26255,0.40954863292485577,0.28242589044047295,0.30802547663467134
id16083,0.3944887947173168,0.2980832870391649,0.3074279182435184
id15372,0.3943792970240318,0.2982781170621634,0.3073425859138049
id16518,0.4041193010933925,0.2887509556631886,0.30712974324341896
id15094,0.4080743820041071,0.2845272627123261,0.3073983552835669
id19193,0.4028415814600449,0.27587385859261443,0.32128455994734073
id13877,0.40390358222973866,0.288855488379467,0.30724092939079434
id02858,0.38951040555375405,0.2788761663660503,0.3316134280801957
id14102,0.3972867389827033,0.2707049125525011,0.33200834846479566
id12230,0.41283700590669165,0.2813006189649661,0.30586237512834236
id20667,0.39979589745099486,0.2925089494224499,0.30769515312655527
id00862,0.41483251670484683,0.2803446009115137,0.3048228823836394
id17882,0.40667514965646234,0.28425266804605515,0.3090721822974826
id27928,0.41483251670484683,0.2803446009115137,0.3048228823836394
id10800,0.41483251670484683,0.2803446009115137,0.3048228823836394
id19601,0.4091615363211592,0.2830614790324397,0.3077769846464011
id20946,0.3955089191691447,0.2962681723600493,0.3082229084708061
id04974,0.3985188945515713,0.2934741232625584,0.30800698218587036
id26455,0.40064771166261776,0.2906019115225599,0.3087503768148223
id16351,0.4091615363211592,0.2830614790324397,0.3077769846464011
id04280,0.4037720730129666,0.2890870338815364,0.3071408931054971
id08965,0.3971670837456101,0.29676480904861824,0.3060681072057717
id03625,0.38060145261202877,0.285101274074485,0.3342972733134862
id08805,0.39409581779814057,0.2821591651503947,0.3237450170514648
id20828,0.39563204337921115,0.29987743296737907,0.30449052365340973
id24157,0.41283700590669165,0.2813006189649661,0.30586237512834236
id10245,0.3887824864983061,0.30823656176297426,0.3029809517387196
id13791,0.41283700590669165,0.2813006189649661,0.30586237512834236
id20530,0.40351770465858483,0.2910351083039453,0.3054471870374698
id13848,0.40954863292485577,0.28242589044047295,0.30802547663467134
id10774,0.4009587721701221,0.2904510907451324,0.30859013708474536
id15297,0.40954863292485577,0.28242589044047295,0.30802547663467134
id26457,0.4143873383366084,0.28111690058272826,0.30449576108066345
id11888,0.4062901572224854,0.2690156370902083,0.32469420568730634
id19678,0.41823478983962015,0.2769244995034008,0.30484071065697904
id16314,0.39979589745099486,0.2925089494224499,0.30769515312655527
id21102,0.415755875385614,0.2876138502128496,0.2966302744015365
id02801,0.40351770465858483,0.2910351083039453,0.3054471870374698
id16590,0.4143873383366084,0.28111690058272826,0.30449576108066345
id11124,0.41161843180834956,0.28188441878131454,0.30649714941033585
id06201,0.40675264643450126,0.29063253118254406,0.3026148223829546
id01175,0.3971670837456101,0.29676480904861824,0.3060681072057717
id26065,0.4080743820041071,0.2845272627123261,0.3073983552835669
id14058,0.3943792970240318,0.2982781170621634,0.3073425859138049
id03931,0.3998988912165071,0.28845706393127213,0.3116440448522208
id16065,0.3955089191691447,0.2962681723600493,0.3082229084708061
id21854,0.3971670837456101,0.29676480904861824,0.3060681072057717
id02534,0.3827701299837749,0.2807615571896903,0.33646831282653483
id16915,0.41026920949743684,0.28577084247582185,0.30395994802674137
id00123,0.40954863292485577,0.28242589044047295,0.30802547663467134
id09002,0.4026065227572641,0.2911391936142749,0.306254283628461
id15309,0.41283700590669165,0.2813006189649661,0.30586237512834236
id01997,0.39501856246782335,0.27935753995689266,0.32562389757528404
id19283,0.3943792970240318,0.2982781170621634,0.3073425859138049
id15365,0.4091615363211592,0.2830614790324397,0.3077769846464011
id20533,0.41283700590669165,0.2813006189649661,0.30586237512834236
id03420,0.40390358222973866,0.288855488379467,0.30724092939079434
id21862,0.4078948563204399,0.2700781515087841,0.3220269921707759
id01271,0.41483251670484683,0.2803446009115137,0.3048228823836394
id10253,0.4008108576452042,0.2708815950021646,0.32830754735263135
id27068,0.3827701299837749,0.2807615571896903,0.33646831282653483
id04470,0.41823478983962015,0.2769244995034008,0.30484071065697904
id24281,0.3825049952182015,0.28929730997924225,0.32819769480255634
id19675,0.40737977509891155,0.28622596715443605,0.3063942577466525
id01019,0.40954863292485577,0.28242589044047295,0.30802547663467134
id02394,0.41283700590669165,0.2813006189649661,0.30586237512834236
id14220,0.3970573301256647,0.2969591418899805,0.30598352798435474
id20333,0.3973674512140121,0.2968064021737869,0.305826146612201
id03310,0.40077330438384057,0.2763743991696947,0.3228522964464648
id01218,0.39486603793745567,0.2929422368467105,0.3121917252158339
id01097,0.37955526813312973,0.2870663636607573,0.33337836820611305
id17769,0.40351770465858483,0.2910351083039453,0.3054471870374698
id01321,0.40954863292485577,0.28242589044047295,0.30802547663467134
id13989,0.40954863292485577,0.28242589044047295,0.30802547663467134
id25353,0.39401726826779815,0.27171541764094576,0.3342673140912561
id05404,0.41823478983962015,0.2769244995034008,0.30484071065697904
id15807,0.41483251670484683,0.2803446009115137,0.3048228823836394
id27740,0.4009311884298774,0.286547803896058,0.31252100767406465
id25773,0.3971670837456101,0.29676480904861824,0.3060681072057717
id09063,0.3971670837456101,0.29676480904861824,0.3060681072057717
id26733,0.40478792688730575,0.28782262968139927,0.307389443431295
id11364,0.3951072646371897,0.28064453537666434,0.324248199986146
id01081,0.39164145821519675,0.30314957309094903,0.3052089686938542
id17891,0.39979589745099486,0.2925089494224499,0.30769515312655527
id16260,0.40478792688730575,0.28782262968139927,0.307389443431295
id07370,0.4175152373300517,0.28215758859387813,0.30032717407607024
id25809,0.3801232511423604,0.2893820331085672,0.33049471574907235
id08322,0.3979614458781002,0.291904374176042,0.3101341799458579
id11563,0.38548257288481813,0.2880340965189504,0.3264833305962315
id22547,0.41283700590669165,0.2813006189649661,0.30586237512834236
id05541,0.40954863292485577,0.28242589044047295,0.30802547663467134
id18033,0.3866503162769602,0.28071771450429667,0.3326319692187431
id17835,0.39979589745099486,0.2925089494224499,0.30769515312655527
id14785,0.3932026867417107,0.3082055149241609,0.29859179833412836
id02706,0.397733401497839,0.27427807357998363,0.3279885249221774
id01429,0.3955089191691447,0.2962681723600493,0.3082229084708061
id10793,0.41483251670484683,0.2803446009115137,0.3048228823836394
id26993,0.40390358222973866,0.288855488379467,0.30724092939079434
id00891,0.41483251670484683,0.2803446009115137,0.3048228823836394
id07208,0.3887824864983061,0.30823656176297426,0.3029809517387196
id22668,0.40954863292485577,0.28242589044047295,0.30802547663467134
id22397,0.4009587721701221,0.2904510907451324,0.30859013708474536
id08455,0.40390358222973866,0.288855488379467,0.30724092939079434
id09541,0.40478792688730575,0.28782262968139927,0.307389443431295
id16382,0.40954863292485577,0.28242589044047295,0.30802547663467134
id00141,0.41283700590669165,0.2813006189649661,0.30586237512834236
id11697,0.4091615363211592,0.2830614790324397,0.3077769846464011
id02698,0.3920193998489837,0.2834832659231323,0.32449733422788407
id15728,0.41283700590669165,0.2813006189649661,0.30586237512834236
id02199,0.39979589745099486,0.2925089494224499,0.30769515312655527
id23574,0.3973674512140121,0.2968064021737869,0.305826146612201
id23537,0.40319820596521516,0.2864881201931811,0.3103136738416037
id21544,0.38228758383083966,0.2853359409788654,0.332376475190295
id05648,0.40667514965646234,0.28425266804605515,0.3090721822974826
id01150,0.413257731918369,0.27929361551407106,0.30744865256755993
id27800,0.3970573301256647,0.2969591418899805,0.30598352798435474
id08694,0.4091615363211592,0.2830614790324397,0.3077769846464011
id08582,0.39719102820823793,0.27390405143230184,0.32890492035946023
id09514,0.40017238677253275,0.29542492546276133,0.30440268776470597
id01032,0.40478792688730575,0.28782262968139927,0.307389443431295
id27442,0.41283700590669165,0.2813006189649661,0.30586237512834236
id06168,0.39979589745099486,0.2925089494224499,0.30769515312655527
id03607,0.4064589970981592,0.28435622336042815,0.3091847795414127
id07379,0.4080743820041071,0.2845272627123261,0.3073983552835669
id07039,0.41823478983962015,0.2769244995034008,0.30484071065697904
id25544,0.40064771166261776,0.2906019115225599,0.3087503768148223
id02191,0.41283700590669165,0.2813006189649661,0.30586237512834236
id15494,0.3914470793387543,0.3068928094694044,0.3016601111918413
id18893,0.3951507547260716,0.27763382930783437,0.32721541596609405
id02854,0.4037720730129666,0.2890870338815364,0.3071408931054971
id07465,0.4080743820041071,0.2845272627123261,0.3073983552835669
id04549,0.40954863292485577,0.28242589044047295,0.30802547663467134
id07176,0.3955089191691447,0.2962681723600493,0.3082229084708061
id19002,0.4049844905455247,0.27137804585619396,0.32363746359828127
id10389,0.40667514965646234,0.28425266804605515,0.3090721822974826
id12518,0.39164145821519675,0.30314957309094903,0.3052089686938542
id14789,0.4037720730129666,0.2890870338815364,0.3071408931054971
id17492,0.40390358222973866,0.288855488379467,0.30724092939079434
id07754,0.3970573301256647,0.2969591418899805,0.30598352798435474
id25013,0.40390358222973866,0.288855488379467,0.30724092939079434
id25038,0.41283700590669165,0.2813006189649661,0.30586237512834236
id16977,0.4080743820041071,0.2845272627123261,0.3073983552835669
id13605,0.3998988912165071,0.28845706393127213,0.3116440448522208
id22215,0.4004339718531192,0.2983957760088331,0.3011702521380478
id09606,0.40954863292485577,0.28242589044047295,0.30802547663467134
id19495,0.40954863292485577,0.28242589044047295,0.30802547663467134
id25267,0.39365940972443186,0.2777514498711748,0.3285891404043933
id21723,0.4037720730129666,0.2890870338815364,0.3071408931054971
id26182,0.3970573301256647,0.2969591418899805,0.30598352798435474
id03837,0.40108998149446384,0.2902188987108572,0.30869111979467906
id03460,0.4026065227572641,0.2911391936142749,0.306254283628461
id21219,0.40954863292485577,0.28242589044047295,0.30802547663467134
id23500,0.3955089191691447,0.2962681723600493,0.3082229084708061
id09855,0.4041193010933925,0.2887509556631886,0.30712974324341896
id17110,0.4026065227572641,0.2911391936142749,0.306254283628461
id00454,0.3944887947173168,0.2980832870391649,0.3074279182435184
id03491,0.41161843180834956,0.28188441878131454,0.30649714941033585
id15507,0.41483251670484683,0.2803446009115137,0.3048228823836394
id07779,0.40478792688730575,0.28782262968139927,0.307389443431295
id08681,0.39164145821519675,0.30314957309094903,0.3052089686938542
id18989,0.40954863292485577,0.28242589044047295,0.30802547663467134
id22291,0.38827403891845697,0.2840790311660729,0.3276469299154701
id02500,0.4024417321429707,0.27197088522362023,0.3255873826334092
id21301,0.3955089191691447,0.2962681723600493,0.3082229084708061
id04212,0.40351770465858483,0.2910351083039453,0.3054471870374698
id18154,0.41026920949743684,0.28577084247582185,0.30395994802674137
id18271,0.41283700590669165,0.2813006189649661,0.30586237512834236
id24916,0.4175152373300517,0.28215758859387813,0.30032717407607024
id06151,0.39264996681513764,0.2844322635098966,0.3229177696749659
id16658,0.38279804013042285,0.29630433655934846,0.32089762331022875
id01095,0.4037720730129666,0.2890870338815364,0.3071408931054971
id26478,0.40017238677253275,0.29542492546276133,0.30440268776470597
id21404,0.40954863292485577,0.28242589044047295,0.30802547663467134
id16109,0.4091615363211592,0.2830614790324397,0.3077769846464011
id04269,0.39979589745099486,0.2925089494224499,0.30769515312655527
id12501,0.39164145821519675,0.30314957309094903,0.3052089686938542
id14269,0.40351770465858483,0.2910351083039453,0.3054471870374698
id22032,0.40108998149446384,0.2902188987108572,0.30869111979467906
id08563,0.3979614458781002,0.291904374176042,0.3101341799458579
id16857,0.41283700590669165,0.2813006189649661,0.30586237512834236
id10883,0.4057416727115956,0.268652470748351,0.32560585654005336
id10814,0.38066332708905803,0.30113197020647264,0.3182047027044694
id03146,0.39719102820823793,0.27390405143230184,0.32890492035946023
id14456,0.41283700590669165,0.2813006189649661,0.30586237512834236
id13070,0.40954863292485577,0.28242589044047295,0.30802547663467134
id10508,0.40108998149446384,0.2902188987108572,0.30869111979467906
id19933,0.40064771166261776,0.2906019115225599,0.3087503768148223
id01453,0.413257731918369,0.27929361551407106,0.30744865256755993
id25737,0.41026920949743684,0.28577084247582185,0.30395994802674137
id13636,0.40954863292485577,0.28242589044047295,0.30802547663467134
id03357,0.4080743820041071,0.2845272627123261,0.3073983552835669
id25589,0.41429508295004197,0.2837174422638674,0.30198747478609067
id12264,0.3943254246401607,0.2851508350264838,0.3205237403333555
id11174,0.4080743820041071,0.2845272627123261,0.3073983552835669
id25445,0.413257731918369,0.27929361551407106,0.30744865256755993
id10464,0.40667514965646234,0.28425266804605515,0.3090721822974826
id04672,0.37436830627051104,0.2866070110756465,0.3390246826538424
id22997,0.4061326316516682,0.29292111120258596,0.30094625714574597
id15020,0.3985188945515713,0.2934741232625584,0.30800698218587036
id18929,0.3984328281099941,0.2984877296812262,0.30307944220877975
id21858,0.39979589745099486,0.2925089494224499,0.30769515312655527
id16752,0.40108998149446384,0.2902188987108572,0.30869111979467906
id07286,0.40021746856239054,0.2759910932221431,0.3237914382154663
id09946,0.40954863292485577,0.28242589044047295,0.30802547663467134
id17756,0.40017238677253275,0.29542492546276133,0.30440268776470597
id18029,0.41283700590669165,0.2813006189649661,0.30586237512834236
id08916,0.40954863292485577,0.28242589044047295,0.30802547663467134
id23667,0.41823478983962015,0.2769244995034008,0.30484071065697904
id16810,0.3970573301256647,0.2969591418899805,0.30598352798435474
id03699,0.40660077003646466,0.2875484892465461,0.3058507407169892
id02867,0.42093967216994355,0.2787154748209435,0.300344853009113
id27798,0.3971670837456101,0.29676480904861824,0.3060681072057717
id14892,0.3998988912165071,0.28845706393127213,0.3116440448522208
id12072,0.3973674512140121,0.2968064021737869,0.305826146612201
id03847,0.3955089191691447,0.2962681723600493,0.3082229084708061
id04306,0.40954863292485577,0.28242589044047295,0.30802547663467134
id00660,0.40737977509891155,0.28622596715443605,0.3063942577466525
id02817,0.41283700590669165,0.2813006189649661,0.30586237512834236
id26708,0.3944887947173168,0.2980832870391649,0.3074279182435184
id08443,0.42104286920478046,0.27692794412802446,0.3020291866671951
id25532,0.40363964907622574,0.2857069289594283,0.310653421964346
id16204,0.40390358222973866,0.288855488379467,0.30724092939079434
id25529,0.41283700590669165,0.2813006189649661,0.30586237512834236
id13240,0.40737977509891155,0.28622596715443605,0.3063942577466525
id27777,0.4025318510317058,0.2665271615110694,0.3309409874572247
id05838,0.40390358222973866,0.288855488379467,0.30724092939079434
id14262,0.42104286920478046,0.27692794412802446,0.3020291866671951
id15740,0.41283700590669165,0.2813006189649661,0.30586237512834236
id21610,0.40064771166261776,0.2906019115225599,0.3087503768148223
id01836,0.3857062902529835,0.2889252103873691,0.32536849935964746
id11478,0.41483251670484683,0.2803446009115137,0.3048228823836394
id19069,0.3944887947173168,0.2980832870391649,0.3074279182435184
id00705,0.3959682818411489,0.28650806329183537,0.31752365486701584
id21025,0.3979614458781002,0.291904374176042,0.3101341799458579
id17580,0.41483251670484683,0.2803446009115137,0.3048228823836394
id20231,0.40108998149446384,0.2902188987108572,0.30869111979467906
id22040,0.3954366308904593,0.2818872024859354,0.32267616662360543
id04577,0.38755546712895805,0.2811057103042533,0.33133882256678865
id05401,0.4026065227572641,0.2911391936142749,0.306254283628461
id18626,0.4091615363211592,0.2830614790324397,0.3077769846464011
id25089,0.3929761511816537,0.2761059478548895,0.3309179009634568
id00208,0.3943130046093437,0.30181832170997513,0.3038686736806812
id01188,0.3979614458781002,0.291904374176042,0.3101341799458579
id11015,0.40223964793242073,0.2797388521833008,0.31802149988427847
id19689,0.41823478983962015,0.2769244995034008,0.30484071065697904
id15107,0.3985188945515713,0.2934741232625584,0.30800698218587036
id09507,0.4143873383366084,0.28111690058272826,0.30449576108066345
id20510,0.3955089191691447,0.2962681723600493,0.3082229084708061
id21654,0.40351770465858483,0.2910351083039453,0.3054471870374698
id16581,0.401123211928683,0.29539197400789213,0.3034848140634249
id01830,0.4037720730129666,0.2890870338815364,0.3071408931054971
id01533,0.39164145821519675,0.30314957309094903,0.3052089686938542
id11686,0.41161843180834956,0.28188441878131454,0.30649714941033585
id17776,0.39164145821519675,0.30314957309094903,0.3052089686938542
id21512,0.413257731918369,0.27929361551407106,0.30744865256755993
id07114,0.40601656984112283,0.2851351956931216,0.30884823446575566
id23236,0.41161843180834956,0.28188441878131454,0.30649714941033585
id21896,0.3884408668558087,0.28019537401613215,0.33136375912805927
id09767,0.41706428553886904,0.28293291915014845,0.3000027953109825
id15155,0.4091615363211592,0.2830614790324397,0.3077769846464011
id25025,0.4009587721701221,0.2904510907451324,0.30859013708474536
id09775,0.3955089191691447,0.2962681723600493,0.3082229084708061
id12679,0.4091615363211592,0.2830614790324397,0.3077769846464011
id25587,0.40954863292485577,0.28242589044047295,0.30802547663467134
id01668,0.4143873383366084,0.28111690058272826,0.30449576108066345
id01752,0.40601656984112283,0.2851351956931216,0.30884823446575566
id04193,0.41483251670484683,0.2803446009115137,0.3048228823836394
id04463,0.40478792688730575,0.28782262968139927,0.307389443431295
id12739,0.39164145821519675,0.30314957309094903,0.3052089686938542
id03808,0.3944887947173168,0.2980832870391649,0.3074279182435184
id12873,0.40478792688730575,0.28782262968139927,0.307389443431295
id17414,0.4093640343058883,0.2710509337549902,0.3195850319391215
id00518,0.3973674512140121,0.2968064021737869,0.305826146612201
id17033,0.38480659247001775,0.3153108982328266,0.2998825092971557
id27523,0.3943130046093437,0.30181832170997513,0.3038686736806812
id07027,0.40954863292485577,0.28242589044047295,0.30802547663467134
id13178,0.3943792970240318,0.2982781170621634,0.3073425859138049
id22403,0.3955089191691447,0.2962681723600493,0.3082229084708061
id13032,0.40017238677253275,0.29542492546276133,0.30440268776470597
id25640,0.3837458785200543,0.2858947218945904,0.33035939958535526
id27195,0.3998988912165071,0.28845706393127213,0.3116440448522208
id17649,0.40064771166261776,0.2906019115225599,0.3087503768148223
id05870,0.3971670837456101,0.29676480904861824,0.3060681072057717
id08371,0.413257731918369,0.27929361551407106,0.30744865256755993
id05779,0.3998988912165071,0.28845706393127213,0.3116440448522208
id17754,0.4086582669730397,0.2761720312423355,0.3151697017846247
id23459,0.3943792970240318,0.2982781170621634,0.3073425859138049
id00272,0.40954863292485577,0.28242589044047295,0.30802547663467134
id16976,0.41161843180834956,0.28188441878131454,0.30649714941033585
id19536,0.4037720730129666,0.2890870338815364,0.3071408931054971
id15607,0.3977185218551225,0.2795500412436497,0.3227314369012279
id22387,0.4063594078787821,0.26906148981169664,0.32457910230952125
id18500,0.39979589745099486,0.2925089494224499,0.30769515312655527
id14233,0.40954863292485577,0.28242589044047295,0.30802547663467134
id06035,0.39164145821519675,0.30314957309094903,0.3052089686938542
id10373,0.3971670837456101,0.29676480904861824,0.3060681072057717
id03405,0.4026065227572641,0.2911391936142749,0.306254283628461
id26799,0.3943130046093437,0.30181832170997513,0.3038686736806812
id07845,0.3985188945515713,0.2934741232625584,0.30800698218587036
id24750,0.40390358222973866,0.288855488379467,0.30724092939079434
id08954,0.42093967216994355,0.2787154748209435,0.300344853009113
id11528,0.39979589745099486,0.2925089494224499,0.30769515312655527
id16004,0.40478792688730575,0.28782262968139927,0.307389443431295
id26048,0.397733401497839,0.27427807357998363,0.3279885249221774
id02212,0.4009311884298774,0.286547803896058,0.31252100767406465
id06719,0.40954863292485577,0.28242589044047295,0.30802547663467134
id26149,0.3801232511423604,0.2893820331085672,0.33049471574907235
id18903,0.40667514965646234,0.28425266804605515,0.3090721822974826
id08886,0.41161843180834956,0.28188441878131454,0.30649714941033585
id04680,0.3943792970240318,0.2982781170621634,0.3073425859138049
id11370,0.41283700590669165,0.2813006189649661,0.30586237512834236
id10177,0.3943792970240318,0.2982781170621634,0.3073425859138049
id17547,0.4159534400419026,0.2811154666496744,0.30293109330842305
id27721,0.39164145821519675,0.30314957309094903,0.3052089686938542
id22691,0.41823478983962015,0.2769244995034008,0.30484071065697904
id22223,0.41483251670484683,0.2803446009115137,0.3048228823836394
id08436,0.3944887947173168,0.2980832870391649,0.3074279182435184
id27049,0.3903817105135367,0.28961541513984107,0.3200028743466222
id08661,0.3965865231758335,0.28678591634570794,0.3166275604784585
id14437,0.3987079314927929,0.27799656477381185,0.3232955037333954
id20445,0.40954863292485577,0.28242589044047295,0.30802547663467134
id16017,0.41483251670484683,0.2803446009115137,0.3048228823836394
id26707,0.3833249252653898,0.2967121713285813,0.3199629034060289
id05864,0.4009311884298774,0.286547803896058,0.31252100767406465
id01820,0.40390358222973866,0.288855488379467,0.30724092939079434
id20312,0.3986961586123757,0.28012483823449036,0.32117900315313397
id00338,0.40737977509891155,0.28622596715443605,0.3063942577466525
id08834,0.40954863292485577,0.28242589044047295,0.30802547663467134
id15472,0.41026920949743684,0.28577084247582185,0.30395994802674137
id22975,0.4178227012376965,0.27891205020860554,0.3032652485536981
id18049,0.3943792970240318,0.2982781170621634,0.3073425859138049
id09293,0.40064771166261776,0.2906019115225599,0.3087503768148223
id05531,0.3943792970240318,0.2982781170621634,0.3073425859138049
id25011,0.40478792688730575,0.28782262968139927,0.307389443431295
id10383,0.4026065227572641,0.2911391936142749,0.306254283628461
id06209,0.41283700590669165,0.2813006189649661,0.30586237512834236
id06805,0.40737977509891155,0.28622596715443605,0.3063942577466525
id27444,0.40478792688730575,0.28782262968139927,0.307389443431295
id14989,0.40954863292485577,0.28242589044047295,0.30802547663467134
id04199,0.3834122975097911,0.2960850759952818,0.32050262649492717
id26510,0.40108998149446384,0.2902188987108572,0.30869111979467906
id24539,0.37691989019743105,0.29175436207280697,0.3313257477297619
id06895,0.4009587721701221,0.2904510907451324,0.30859013708474536
id07646,0.4080743820041071,0.2845272627123261,0.3073983552835669
id26877,0.3955089191691447,0.2962681723600493,0.3082229084708061
id21582,0.40351770465858483,0.2910351083039453,0.3054471870374698
id13820,0.4122251912986161,0.2842716526314649,0.303503156069919
id06270,0.40954863292485577,0.28242589044047295,0.30802547663467134
id21297,0.40837274976123356,0.2840041375044625,0.30762311273430387
id12342,0.3781354490953328,0.2794283764677196,0.3424361744369477
id24899,0.40737977509891155,0.28622596715443605,0.3063942577466525
id17818,0.41283700590669165,0.2813006189649661,0.30586237512834236
id25367,0.40954863292485577,0.28242589044047295,0.30802547663467134
id20336,0.3834122975097911,0.2960850759952818,0.32050262649492717
id13952,0.40954863292485577,0.28242589044047295,0.30802547663467134
id18891,0.40108998149446384,0.2902188987108572,0.30869111979467906
id23341,0.40775754582149937,0.2950383404517657,0.29720411372673494
id16262,0.40601656984112283,0.2851351956931216,0.30884823446575566
id22440,0.38662511969595276,0.2891568926373537,0.3242179876666934
id02746,0.3998988912165071,0.28845706393127213,0.3116440448522208
id02150,0.40667514965646234,0.28425266804605515,0.3090721822974826
id27914,0.3985188945515713,0.2934741232625584,0.30800698218587036
id20728,0.3944887947173168,0.2980832870391649,0.3074279182435184
id19289,0.4156445266994596,0.28780464309518644,0.2965508302053539
id15681,0.41823478983962015,0.2769244995034008,0.30484071065697904
id04535,0.40954863292485577,0.28242589044047295,0.30802547663467134
id05844,0.4037720730129666,0.2890870338815364,0.3071408931054971
id19649,0.41026920949743684,0.28577084247582185,0.30395994802674137
id18239,0.40954863292485577,0.28242589044047295,0.30802547663467134
id12373,0.41483251670484683,0.2803446009115137,0.3048228823836394
id15896,0.39979589745099486,0.2925089494224499,0.30769515312655527
id26350,0.4080743820041071,0.2845272627123261,0.3073983552835669
id25144,0.37955646999369724,0.28680013655084174,0.33364339345546107
id02340,0.42093967216994355,0.2787154748209435,0.300344853009113
id22619,0.4035840275940993,0.29235280322607354,0.3040631691798273
id01436,0.41283700590669165,0.2813006189649661,0.30586237512834236
id11974,0.3943130046093437,0.30181832170997513,0.3038686736806812
id25301,0.3955089191691447,0.2962681723600493,0.3082229084708061
id02386,0.40737977509891155,0.28622596715443605,0.3063942577466525
id02896,0.3955089191691447,0.2962681723600493,0.3082229084708061
id10113,0.397733401497839,0.27427807357998363,0.3279885249221774
id24026,0.3955089191691447,0.2962681723600493,0.3082229084708061
id04062,0.41823478983962015,0.2769244995034008,0.30484071065697904
id00446,0.4026065227572641,0.2911391936142749,0.306254283628461
id12604,0.41483251670484683,0.2803446009115137,0.3048228823836394
id10665,0.40954863292485577,0.28242589044047295,0.30802547663467134
id24631,0.42093967216994355,0.2787154748209435,0.300344853009113
id18585,0.40405201542104896,0.2753146651239697,0.3206333194549813
id20131,0.4122251912986161,0.2842716526314649,0.303503156069919
id05533,0.39164145821519675,0.30314957309094903,0.3052089686938542
id02780,0.3943792970240318,0.2982781170621634,0.3073425859138049
id14862,0.40737977509891155,0.28622596715443605,0.3063942577466525
id00021,0.40775754582149937,0.2950383404517657,0.29720411372673494
id07710,0.4009587721701221,0.2904510907451324,0.30859013708474536
id05997,0.3998988912165071,0.28845706393127213,0.3116440448522208
id13096,0.41283700590669165,0.2813006189649661,0.30586237512834236
id08190,0.41707629411096053,0.2802002166560803,0.30272348923295916
id12224,0.3951072646371897,0.28064453537666434,0.324248199986146
id26772,0.3801232511423604,0.2893820331085672,0.33049471574907235
id13471,0.3900787646890545,0.2752250798023219,0.33469615550862364
id13042,0.3979614458781002,0.291904374176042,0.3101341799458579
id19752,0.4175152373300517,0.28215758859387813,0.30032717407607024
id17354,0.4122251912986161,0.2842716526314649,0.303503156069919
id05348,0.3979614458781002,0.291904374176042,0.3101341799458579
id01089,0.40020193438025076,0.2988023311028859,0.30099573451686334
id15415,0.3905962655114617,0.28174684753240703,0.3276568869561312
id23185,0.41283700590669165,0.2813006189649661,0.30586237512834236
id15948,0.4026065227572641,0.2911391936142749,0.306254283628461
id18960,0.40954863292485577,0.28242589044047295,0.30802547663467134
id04259,0.3955089191691447,0.2962681723600493,0.3082229084708061
id04835,0.42093967216994355,0.2787154748209435,0.300344853009113
id00646,0.3971670837456101,0.29676480904861824,0.3060681072057717
id07794,0.41283700590669165,0.2813006189649661,0.30586237512834236
id27295,0.38955317367627523,0.280963260799041,0.3294835655246838
id03761,0.40954863292485577,0.28242589044047295,0.30802547663467134
id18699,0.37790285573700977,0.3061999792260442,0.31589716503694615
id13777,0.40954863292485577,0.28242589044047295,0.30802547663467134
id16379,0.3971670837456101,0.29676480904861824,0.3060681072057717
id11274,0.4009587721701221,0.2904510907451324,0.30859013708474536
id22447,0.41483251670484683,0.2803446009115137,0.3048228823836394
id09330,0.3998988912165071,0.28845706393127213,0.3116440448522208
id24568,0.39401726826779815,0.27171541764094576,0.3342673140912561
id20813,0.3955089191691447,0.2962681723600493,0.3082229084708061
id26929,0.4080743820041071,0.2845272627123261,0.3073983552835669
id00474,0.3720912535573546,0.29094614292459964,0.3369626035180458
id26179,0.39164145821519675,0.30314957309094903,0.3052089686938542
id06170,0.40390358222973866,0.288855488379467,0.30724092939079434
id24118,0.387367421955104,0.28413366684929386,0.32849891119560215
id12164,0.3912023433558214,0.2734376810058281,0.3353599756383506
id14704,0.4080743820041071,0.2845272627123261,0.3073983552835669
id24051,0.41283700590669165,0.2813006189649661,0.30586237512834236
id07214,0.38971850985087847,0.30700633713163517,0.3032751530174864
id09626,0.3944887947173168,0.2980832870391649,0.3074279182435184
id08459,0.39979589745099486,0.2925089494224499,0.30769515312655527
id05958,0.40064771166261776,0.2906019115225599,0.3087503768148223
id06807,0.3973674512140121,0.2968064021737869,0.305826146612201
id11472,0.40667514965646234,0.28425266804605515,0.3090721822974826
id03693,0.41283700590669165,0.2813006189649661,0.30586237512834236
id11971,0.4025710836439661,0.29465132182913234,0.3027775945269015
id07863,0.40954863292485577,0.28242589044047295,0.30802547663467134
id12806,0.38531836479518383,0.27967007497223983,0.33501156023257644
id22335,0.3985188945515713,0.2934741232625584,0.30800698218587036
id02889,0.39365940972443186,0.2777514498711748,0.3285891404043933
id14307,0.4080743820041071,0.2845272627123261,0.3073983552835669
id03780,0.40954863292485577,0.28242589044047295,0.30802547663467134
id20927,0.40954863292485577,0.28242589044047295,0.30802547663467134
id06114,0.40737977509891155,0.28622596715443605,0.3063942577466525
id19955,0.41283700590669165,0.2813006189649661,0.30586237512834236
id05083,0.4009587721701221,0.2904510907451324,0.30859013708474536
id16420,0.41283700590669165,0.2813006189649661,0.30586237512834236
id18866,0.3885679104348542,0.29360935350105344,0.31782273606409234
id16425,0.40390358222973866,0.288855488379467,0.30724092939079434
id04763,0.389557604172028,0.29181015603758886,0.3186322397903832
id13424,0.40737977509891155,0.28622596715443605,0.3063942577466525
id14653,0.3955089191691447,0.2962681723600493,0.3082229084708061
id12637,0.40363964907622574,0.2857069289594283,0.310653421964346
id10612,0.40954863292485577,0.28242589044047295,0.30802547663467134
id10191,0.4009587721701221,0.2904510907451324,0.30859013708474536
id22047,0.413257731918369,0.27929361551407106,0.30744865256755993
id13726,0.3895704232647834,0.2770022923667442,0.3334272843684726
id16394,0.4091615363211592,0.2830614790324397,0.3077769846464011
id16723,0.39164145821519675,0.30314957309094903,0.3052089686938542
id22819,0.41283700590669165,0.2813006189649661,0.30586237512834236
id01550,0.40737977509891155,0.28622596715443605,0.3063942577466525
id10427,0.40954863292485577,0.28242589044047295,0.30802547663467134
id00480,0.37579904930094615,0.283880599598583,0.3403203511004709
id08197,0.4143873383366084,0.28111690058272826,0.30449576108066345
id17927,0.40478792688730575,0.28782262968139927,0.307389443431295
id01831,0.3971670837456101,0.29676480904861824,0.3060681072057717
id27206,0.41885632143981866,0.28068298121168134,0.3004606973485001
id06106,0.4041193010933925,0.2887509556631886,0.30712974324341896
id14602,0.4041193010933925,0.2887509556631886,0.30712974324341896
id14295,0.40667514965646234,0.28425266804605515,0.3090721822974826
id13835,0.39164145821519675,0.30314957309094903,0.3052089686938542
id17162,0.3955089191691447,0.2962681723600493,0.3082229084708061
id09149,0.4026065227572641,0.2911391936142749,0.306254283628461
id22959,0.4035840275940993,0.29235280322607354,0.3040631691798273
id04363,0.3955089191691447,0.2962681723600493,0.3082229084708061
id14052,0.4053009382338831,0.28982607256590776,0.3048729892002092
id06966,0.3943792970240318,0.2982781170621634,0.3073425859138049
id09072,0.39525992689391987,0.27257235852850176,0.3321677145775783
id27860,0.40017238677253275,0.29542492546276133,0.30440268776470597
id10491,0.41483251670484683,0.2803446009115137,0.3048228823836394
id10097,0.4026065227572641,0.2911391936142749,0.306254283628461
id04729,0.4026065227572641,0.2911391936142749,0.306254283628461
id01514,0.40954863292485577,0.28242589044047295,0.30802547663467134
id01810,0.39204333269236286,0.28436089502993056,0.3235957722777067
id17993,0.3960831020254132,0.2712455186057315,0.3326713793688553
id07494,0.3943792970240318,0.2982781170621634,0.3073425859138049
id06286,0.40601656984112283,0.2851351956931216,0.30884823446575566
id24473,0.3970573301256647,0.2969591418899805,0.30598352798435474
id19387,0.380022217318239,0.29415571443868604,0.32582206824307497
id05052,0.4041193010933925,0.2887509556631886,0.30712974324341896
id10195,0.40478792688730575,0.28782262968139927,0.307389443431295
id09733,0.40954863292485577,0.28242589044047295,0.30802547663467134
id04704,0.38502638727937993,0.29093331079097956,0.3240403019296406
id14363,0.41283700590669165,0.2813006189649661,0.30586237512834236
id20531,0.4026065227572641,0.2911391936142749,0.306254283628461
id11985,0.39887586525512986,0.30112574960602534,0.2999983851388449
id15470,0.40954863292485577,0.28242589044047295,0.30802547663467134
id14132,0.4091615363211592,0.2830614790324397,0.3077769846464011
id20154,0.4026065227572641,0.2911391936142749,0.306254283628461
id01804,0.41823478983962015,0.2769244995034008,0.30484071065697904
id06016,0.4026065227572641,0.2911391936142749,0.306254283628461
id26570,0.4037720730129666,0.2890870338815364,0.3071408931054971
id07511,0.40667514965646234,0.28425266804605515,0.3090721822974826
id18116,0.39164145821519675,0.30314957309094903,0.3052089686938542
id21977,0.41031669300039936,0.2908573509003171,0.2988259560992836
id21241,0.41283700590669165,0.2813006189649661,0.30586237512834236
id00526,0.4143873383366084,0.28111690058272826,0.30449576108066345
id26887,0.4064589970981592,0.28435622336042815,0.3091847795414127
id07812,0.3944887947173168,0.2980832870391649,0.3074279182435184
id06946,0.4091615363211592,0.2830614790324397,0.3077769846464011
id26152,0.41283700590669165,0.2813006189649661,0.30586237512834236
id23346,0.39979589745099486,0.2925089494224499,0.30769515312655527
id20423,0.4009587721701221,0.2904510907451324,0.30859013708474536
id02472,0.40875168245607413,0.2838222350428586,0.30742608250106734
id10067,0.41429508295004197,0.2837174422638674,0.30198747478609067
id18913,0.41283700590669165,0.2813006189649661,0.30586237512834236
id06021,0.41483251670484683,0.2803446009115137,0.3048228823836394
id09383,0.4143873383366084,0.28111690058272826,0.30449576108066345
id05039,0.41483251670484683,0.2803446009115137,0.3048228823836394
id17961,0.40954863292485577,0.28242589044047295,0.30802547663467134
id07303,0.40064771166261776,0.2906019115225599,0.3087503768148223
id12014,0.39809539018381007,0.29820564836435004,0.3036989614518399
id24571,0.41283700590669165,0.2813006189649661,0.30586237512834236
id14753,0.3944887947173168,0.2980832870391649,0.3074279182435184
id23881,0.4026065227572641,0.2911391936142749,0.306254283628461
id15308,0.41161843180834956,0.28188441878131454,0.30649714941033585
id26981,0.4026065227572641,0.2911391936142749,0.306254283628461
id02004,0.4009587721701221,0.2904510907451324,0.30859013708474536
id27588,0.3970573301256647,0.2969591418899805,0.30598352798435474
id01412,0.3944887947173168,0.2980832870391649,0.3074279182435184
id07330,0.40954863292485577,0.28242589044047295,0.30802547663467134
id06458,0.4091615363211592,0.2830614790324397,0.3077769846464011
id24374,0.3944887947173168,0.2980832870391649,0.3074279182435184
id21074,0.3970573301256647,0.2969591418899805,0.30598352798435474
id14698,0.39164145821519675,0.30314957309094903,0.3052089686938542
id02828,0.4041193010933925,0.2887509556631886,0.30712974324341896
id17007,0.41283700590669165,0.2813006189649661,0.30586237512834236
id10321,0.40954863292485577,0.28242589044047295,0.30802547663467134
id27020,0.413257731918369,0.27929361551407106,0.30744865256755993
id07994,0.3979614458781002,0.291904374176042,0.3101341799458579
id17693,0.4009587721701221,0.2904510907451324,0.30859013708474536
id12249,0.40954863292485577,0.28242589044047295,0.30802547663467134
id17618,0.41283700590669165,0.2813006189649661,0.30586237512834236
id03610,0.3955089191691447,0.2962681723600493,0.3082229084708061
id25299,0.3971670837456101,0.29676480904861824,0.3060681072057717
id26302,0.3854195000707024,0.27955642874838854,0.3350240711809091
id25671,0.40954863292485577,0.28242589044047295,0.30802547663467134
id05337,0.3979614458781002,0.291904374176042,0.3101341799458579
id14314,0.40737977509891155,0.28622596715443605,0.3063942577466525
id06153,0.39164145821519675,0.30314957309094903,0.3052089686938542
id23640,0.41161843180834956,0.28188441878131454,0.30649714941033585
id11609,0.41483251670484683,0.2803446009115137,0.3048228823836394
id01587,0.4026065227572641,0.2911391936142749,0.306254283628461
id07840,0.38971850985087847,0.30700633713163517,0.3032751530174864
id08776,0.3894676008956918,0.27692918098496555,0.33360321811934274
id23823,0.41283700590669165,0.2813006189649661,0.30586237512834236
id01988,0.41283700590669165,0.2813006189649661,0.30586237512834236
id00914,0.406129623111041,0.28546207091737213,0.3084083059715868
id08782,0.380793628656952,0.29475282440522044,0.32445354693782763
id19523,0.4041193010933925,0.2887509556631886,0.30712974324341896
id16255,0.413257731918369,0.27929361551407106,0.30744865256755993
id24994,0.40737977509891155,0.28622596715443605,0.3063942577466525
id08320,0.4143873383366084,0.28111690058272826,0.30449576108066345
id13435,0.40954863292485577,0.28242589044047295,0.30802547663467134
id16169,0.4026065227572641,0.2911391936142749,0.306254283628461
id14648,0.3998988912165071,0.28845706393127213,0.3116440448522208
id05166,0.4080743820041071,0.2845272627123261,0.3073983552835669
id03127,0.41483251670484683,0.2803446009115137,0.3048228823836394
id17861,0.3944887947173168,0.2980832870391649,0.3074279182435184
id26015,0.40319820596521516,0.2864881201931811,0.3103136738416037
id18370,0.41283700590669165,0.2813006189649661,0.30586237512834236
id09060,0.40954863292485577,0.28242589044047295,0.30802547663467134
id24091,0.3970573301256647,0.2969591418899805,0.30598352798435474
id07104,0.40954863292485577,0.28242589044047295,0.30802547663467134
id11356,0.41283700590669165,0.2813006189649661,0.30586237512834236
id06470,0.3971670837456101,0.29676480904861824,0.3060681072057717
id01589,0.3943792970240318,0.2982781170621634,0.3073425859138049
id08554,0.3879017391871896,0.2756193813248041,0.33647887948800637
id09159,0.3825994787189735,0.2893687700201632,0.32803175126086326
id27923,0.4143873383366084,0.28111690058272826,0.30449576108066345
id21805,0.40737977509891155,0.28622596715443605,0.3063942577466525
id25913,0.3955089191691447,0.2962681723600493,0.3082229084708061
id22133,0.4080743820041071,0.2845272627123261,0.3073983552835669
id23578,0.39410502728436553,0.280226602102255,0.32566837061337944
id19906,0.4091615363211592,0.2830614790324397,0.3077769846464011
id23425,0.406129623111041,0.28546207091737213,0.3084083059715868
id24419,0.37945510383536657,0.286990607102644,0.33355428906198953
id04882,0.39979589745099486,0.2925089494224499,0.30769515312655527
id05907,0.38279804013042285,0.29630433655934846,0.32089762331022875
id03304,0.3951072646371897,0.28064453537666434,0.324248199986146
id25903,0.40954863292485577,0.28242589044047295,0.30802547663467134
id24644,0.3985188945515713,0.2934741232625584,0.30800698218587036
id12457,0.41283700590669165,0.2813006189649661,0.30586237512834236
id12678,0.39485155019346935,0.2821289707147816,0.3230194790917491
id00745,0.3944887947173168,0.2980832870391649,0.3074279182435184
id11492,0.393346479515026,0.28568291672733054,0.32097060375764347
id17684,0.3955089191691447,0.2962681723600493,0.3082229084708061
id03031,0.40954863292485577,0.28242589044047295,0.30802547663467134
id02734,0.40667514965646234,0.28425266804605515,0.3090721822974826
id18707,0.3955089191691447,0.2962681723600493,0.3082229084708061
id19611,0.3944887947173168,0.2980832870391649,0.3074279182435184
id21666,0.3850433520517805,0.2884286160509616,0.32652803189725804
id02381,0.4041193010933925,0.2887509556631886,0.30712974324341896
id10121,0.3816512280281507,0.2883829758325228,0.32996579613932653
id08625,0.3973674512140121,0.2968064021737869,0.305826146612201
id23705,0.41283700590669165,0.2813006189649661,0.30586237512834236
id11071,0.40737977509891155,0.28622596715443605,0.3063942577466525
id04112,0.3971670837456101,0.29676480904861824,0.3060681072057717
id07009,0.39164145821519675,0.30314957309094903,0.3052089686938542
id20858,0.39979589745099486,0.2925089494224499,0.30769515312655527
id22933,0.4035840275940993,0.29235280322607354,0.3040631691798273
id23387,0.39979589745099486,0.2925089494224499,0.30769515312655527
id27440,0.406129623111041,0.28546207091737213,0.3084083059715868
id22802,0.3943130046093437,0.30181832170997513,0.3038686736806812
id15646,0.4143873383366084,0.28111690058272826,0.30449576108066345
id20764,0.3979614458781002,0.291904374176042,0.3101341799458579
id13962,0.40064771166261776,0.2906019115225599,0.3087503768148223
id21222,0.40017238677253275,0.29542492546276133,0.30440268776470597
id15100,0.41483251670484683,0.2803446009115137,0.3048228823836394
id26646,0.40954863292485577,0.28242589044047295,0.30802547663467134
id20580,0.38532879166728506,0.291433012066434,0.323238196266281
id03361,0.4025710836439661,0.29465132182913234,0.3027775945269015
id16997,0.3944887947173168,0.2980832870391649,0.3074279182435184
id03766,0.4026065227572641,0.2911391936142749,0.306254283628461
id25308,0.40351770465858483,0.2910351083039453,0.3054471870374698
id14227,0.41283700590669165,0.2813006189649661,0.30586237512834236
id18981,0.40954863292485577,0.28242589044047295,0.30802547663467134
id08604,0.3943792970240318,0.2982781170621634,0.3073425859138049
id01231,0.40954863292485577,0.28242589044047295,0.30802547663467134
id14396,0.4122251912986161,0.2842716526314649,0.303503156069919
id10664,0.4080743820041071,0.2845272627123261,0.3073983552835669
id25054,0.41026920949743684,0.28577084247582185,0.30395994802674137
id21090,0.38668418971500784,0.28011070581832465,0.33320510446666757
id18919,0.39164145821519675,0.30314957309094903,0.3052089686938542
id09306,0.39728935081191197,0.2739718549766446,0.32873879421144353
id17472,0.40737977509891155,0.28622596715443605,0.3063942577466525
id16216,0.40954863292485577,0.28242589044047295,0.30802547663467134
id16476,0.40737977509891155,0.28622596715443605,0.3063942577466525
id03744,0.40667514965646234,0.28425266804605515,0.3090721822974826
id01447,0.3955089191691447,0.2962681723600493,0.3082229084708061
id02156,0.3955089191691447,0.2962681723600493,0.3082229084708061
id08234,0.4080743820041071,0.2845272627123261,0.3073983552835669
id23588,0.3870410250156934,0.31133515654181804,0.30162381844248864
id05199,0.41161843180834956,0.28188441878131454,0.30649714941033585
id02550,0.3955089191691447,0.2962681723600493,0.3082229084708061
id11023,0.41161843180834956,0.28188441878131454,0.30649714941033585
id05877,0.39979589745099486,0.2925089494224499,0.30769515312655527
id20169,0.40737977509891155,0.28622596715443605,0.3063942577466525
id01479,0.3944887947173168,0.2980832870391649,0.3074279182435184
id06362,0.3828330393093336,0.2892759750661446,0.32789098562452185
id24209,0.40667514965646234,0.28425266804605515,0.3090721822974826
id24989,0.40954863292485577,0.28242589044047295,0.30802547663467134
id20617,0.3912023433558214,0.2734376810058281,0.3353599756383506
id01558,0.3937338071755722,0.2765093212918271,0.32975687153260064
id08401,0.41483251670484683,0.2803446009115137,0.3048228823836394
id22432,0.3943792970240318,0.2982781170621634,0.3073425859138049
id08491,0.41823478983962015,0.2769244995034008,0.30484071065697904
id27653,0.3955089191691447,0.2962681723600493,0.3082229084708061
id26541,0.40954863292485577,0.28242589044047295,0.30802547663467134
id15879,0.389557604172028,0.29181015603758886,0.3186322397903832
id11158,0.41483251670484683,0.2803446009115137,0.3048228823836394
id07126,0.40667514965646234,0.28425266804605515,0.3090721822974826
id13453,0.4175152373300517,0.28215758859387813,0.30032717407607024
id14370,0.4091615363211592,0.2830614790324397,0.3077769846464011
id11798,0.3766789759461134,0.30521372291673127,0.3181073011371554
id02066,0.41823478983962015,0.2769244995034008,0.30484071065697904
id17208,0.3885679104348542,0.29360935350105344,0.31782273606409234
id03477,0.3971670837456101,0.29676480904861824,0.3060681072057717
id12433,0.40390358222973866,0.288855488379467,0.30724092939079434
id27240,0.4091615363211592,0.2830614790324397,0.3077769846464011
id15202,0.39979589745099486,0.2925089494224499,0.30769515312655527
id26452,0.40478792688730575,0.28782262968139927,0.307389443431295
id27047,0.41483251670484683,0.2803446009115137,0.3048228823836394
id19750,0.4080743820041071,0.2845272627123261,0.3073983552835669
id09647,0.40660077003646466,0.2875484892465461,0.3058507407169892
id12835,0.40954863292485577,0.28242589044047295,0.30802547663467134
id14678,0.40737977509891155,0.28622596715443605,0.3063942577466525
id14267,0.40737977509891155,0.28622596715443605,0.3063942577466525
id05722,0.38971850985087847,0.30700633713163517,0.3032751530174864
id11045,0.40737977509891155,0.28622596715443605,0.3063942577466525
id25605,0.3943792970240318,0.2982781170621634,0.3073425859138049
id09535,0.41283700590669165,0.2813006189649661,0.30586237512834236
id24161,0.41283700590669165,0.2813006189649661,0.30586237512834236
id23260,0.4037720730129666,0.2890870338815364,0.3071408931054971
id03550,0.3979614458781002,0.291904374176042,0.3101341799458579
id03978,0.40954863292485577,0.28242589044047295,0.30802547663467134
id10960,0.41823478983962015,0.2769244995034008,0.30484071065697904
id23563,0.389557604172028,0.29181015603758886,0.3186322397903832
id09598,0.3944887947173168,0.2980832870391649,0.3074279182435184
id11836,0.4004650349733127,0.2728705532693471,0.3266644117573402
id01564,0.40017238677253275,0.29542492546276133,0.30440268776470597
id08260,0.40954863292485577,0.28242589044047295,0.30802547663467134
id26693,0.41483251670484683,0.2803446009115137,0.3048228823836394
id05818,0.3998988912165071,0.28845706393127213,0.3116440448522208
id10052,0.39401726826779815,0.27171541764094576,0.3342673140912561
id06996,0.413257731918369,0.27929361551407106,0.30744865256755993
id03498,0.40954863292485577,0.28242589044047295,0.30802547663467134
id24171,0.41823478983962015,0.2769244995034008,0.30484071065697904
id03216,0.4143873383366084,0.28111690058272826,0.30449576108066345
id13713,0.41283700590669165,0.2813006189649661,0.30586237512834236
id21438,0.40667514965646234,0.28425266804605515,0.3090721822974826
id05120,0.3914470793387543,0.3068928094694044,0.3016601111918413
id26274,0.41141780030119013,0.2856734898710752,0.3029087098277346
id19486,0.3793655842537436,0.27948228228608823,0.34115213346016815
id00056,0.40017238677253275,0.29542492546276133,0.30440268776470597
id08986,0.3955089191691447,0.2962681723600493,0.3082229084708061
id16920,0.3973674512140121,0.2968064021737869,0.305826146612201
id25020,0.39401726826779815,0.27171541764094576,0.3342673140912561
id08816,0.41283700590669165,0.2813006189649661,0.30586237512834236
id10222,0.39979589745099486,0.2925089494224499,0.30769515312655527
id20729,0.3972867389827033,0.2707049125525011,0.33200834846479566
id11416,0.41283700590669165,0.2813006189649661,0.30586237512834236
id21626,0.4159534400419026,0.2811154666496744,0.30293109330842305
id27918,0.3794350393372715,0.27695188860391073,0.3436130720588178
id23794,0.4041193010933925,0.2887509556631886,0.30712974324341896
id25676,0.38580510458825973,0.2986319509820006,0.31556294442973976
id20582,0.40017238677253275,0.29542492546276133,0.30440268776470597
id19525,0.41283700590669165,0.2813006189649661,0.30586237512834236
id22885,0.3955089191691447,0.2962681723600493,0.3082229084708061
id04386,0.40390358222973866,0.288855488379467,0.30724092939079434
id21869,0.39164145821519675,0.30314957309094903,0.3052089686938542
id02252,0.3926292401431397,0.27375823596205,0.3336125238948102
id17132,0.413257731918369,0.27929361551407106,0.30744865256755993
id15261,0.40351770465858483,0.2910351083039453,0.3054471870374698
id25890,0.3943130046093437,0.30181832170997513,0.3038686736806812
id12308,0.4004339718531192,0.2983957760088331,0.3011702521380478
id19157,0.40064771166261776,0.2906019115225599,0.3087503768148223
id01053,0.40954863292485577,0.28242589044047295,0.30802547663467134
id01274,0.4091615363211592,0.2830614790324397,0.3077769846464011
id23684,0.3979614458781002,0.291904374176042,0.3101341799458579
id09483,0.3944887947173168,0.2980832870391649,0.3074279182435184
id14048,0.4009311884298774,0.286547803896058,0.31252100767406465
id17452,0.394165834685343,0.2769418222214274,0.32889234309322957
id19712,0.41823478983962015,0.2769244995034008,0.30484071065697904
id19305,0.40954863292485577,0.28242589044047295,0.30802547663467134
id12722,0.40954863292485577,0.28242589044047295,0.30802547663467134
id00091,0.40954863292485577,0.28242589044047295,0.30802547663467134
id22760,0.4026065227572641,0.2911391936142749,0.306254283628461
id03385,0.39164145821519675,0.30314957309094903,0.3052089686938542
id09814,0.4009587721701221,0.2904510907451324,0.30859013708474536
id26862,0.3973674512140121,0.2968064021737869,0.305826146612201
id27667,0.39979589745099486,0.2925089494224499,0.30769515312655527
id19218,0.4173766027432079,0.27968193716745876,0.3029414600893333
id13022,0.40319820596521516,0.2864881201931811,0.3103136738416037
id19550,0.4200590091072955,0.28147940401933186,0.2984615868733727
id20889,0.40478792688730575,0.28782262968139927,0.307389443431295
id27606,0.3998988912165071,0.28845706393127213,0.3116440448522208
id06478,0.39884128160526167,0.298285061779486,0.30287365661525245
id00743,0.41483251670484683,0.2803446009115137,0.3048228823836394
id13545,0.3850798031185977,0.2989011200697428,0.31601907681165964
id20449,0.40737977509891155,0.28622596715443605,0.3063942577466525
id15786,0.39164145821519675,0.30314957309094903,0.3052089686938542
id23531,0.4026065227572641,0.2911391936142749,0.306254283628461
id03826,0.41823478983962015,0.2769244995034008,0.30484071065697904
id01489,0.39401726826779815,0.27171541764094576,0.3342673140912561
id27300,0.3971670837456101,0.29676480904861824,0.3060681072057717
id11242,0.3955089191691447,0.2962681723600493,0.3082229084708061
id07841,0.3943130046093437,0.30181832170997513,0.3038686736806812
id18310,0.3943792970240318,0.2982781170621634,0.3073425859138049
id13128,0.40660077003646466,0.2875484892465461,0.3058507407169892
id12051,0.4107358404706424,0.28638294767002137,0.3028812118593362
id12893,0.3957838158552822,0.2827950923280085,0.32142109181670925
id01677,0.38228758383083966,0.2853359409788654,0.332376475190295
id22621,0.3979614458781002,0.291904374176042,0.3101341799458579
id22402,0.41283700590669165,0.2813006189649661,0.30586237512834236
id04719,0.40390358222973866,0.288855488379467,0.30724092939079434
id02657,0.4143873383366084,0.28111690058272826,0.30449576108066345
id09858,0.40478792688730575,0.28782262968139927,0.307389443431295
id11907,0.41483251670484683,0.2803446009115137,0.3048228823836394
id02864,0.3955089191691447,0.2962681723600493,0.3082229084708061
id18784,0.40017238677253275,0.29542492546276133,0.30440268776470597
id04049,0.3971670837456101,0.29676480904861824,0.3060681072057717
id19646,0.3955089191691447,0.2962681723600493,0.3082229084708061
id04482,0.4037169609996923,0.2921197168168161,0.30416332218349157
id10098,0.4080743820041071,0.2845272627123261,0.3073983552835669
id04277,0.40737977509891155,0.28622596715443605,0.3063942577466525
id15650,0.40954863292485577,0.28242589044047295,0.30802547663467134
id17458,0.3943130046093437,0.30181832170997513,0.3038686736806812
id05605,0.3971670837456101,0.29676480904861824,0.3060681072057717
id21634,0.413257731918369,0.27929361551407106,0.30744865256755993
id18991,0.3864070910476401,0.2894501668689007,0.3241427420834593
id17823,0.41283700590669165,0.2813006189649661,0.30586237512834236
id21663,0.381376908353805,0.2952043113134233,0.32341878033277177
id00332,0.41483251670484683,0.2803446009115137,0.3048228823836394
id03396,0.39401726826779815,0.27171541764094576,0.3342673140912561
id22030,0.38431649050386363,0.2815430197864261,0.3341404897097103
id12106,0.3799290022920434,0.29408356146610337,0.32598743624185317
id19116,0.39164145821519675,0.30314957309094903,0.3052089686938542
id16067,0.39979589745099486,0.2925089494224499,0.30769515312655527
id19180,0.41483251670484683,0.2803446009115137,0.3048228823836394
id13810,0.41161843180834956,0.28188441878131454,0.30649714941033585
id02278,0.3985188945515713,0.2934741232625584,0.30800698218587036
id03716,0.3955089191691447,0.2962681723600493,0.3082229084708061
id18243,0.4009587721701221,0.2904510907451324,0.30859013708474536
id21651,0.39164145821519675,0.30314957309094903,0.3052089686938542
id03062,0.4025710836439661,0.29465132182913234,0.3027775945269015
id19584,0.40390358222973866,0.288855488379467,0.30724092939079434
id00453,0.39164145821519675,0.30314957309094903,0.3052089686938542
id19164,0.41283700590669165,0.2813006189649661,0.30586237512834236
id20703,0.4009311884298774,0.286547803896058,0.31252100767406465
id16750,0.3794350393372715,0.27695188860391073,0.3436130720588178
id10659,0.4026065227572641,0.2911391936142749,0.306254283628461
id10822,0.3943792970240318,0.2982781170621634,0.3073425859138049
id17126,0.40417990880358584,0.2815293723652522,0.314290718831162
id09486,0.3970573301256647,0.2969591418899805,0.30598352798435474
id19274,0.38279804013042285,0.29630433655934846,0.32089762331022875
id06680,0.41283700590669165,0.2813006189649661,0.30586237512834236
id06453,0.39979589745099486,0.2925089494224499,0.30769515312655527
id17296,0.40064771166261776,0.2906019115225599,0.3087503768148223
id26624,0.3970573301256647,0.2969591418899805,0.30598352798435474
id27937,0.41283700590669165,0.2813006189649661,0.30586237512834236
id03567,0.3944887947173168,0.2980832870391649,0.3074279182435184
id21679,0.39979589745099486,0.2925089494224499,0.30769515312655527
id11822,0.3943130046093437,0.30181832170997513,0.3038686736806812
id05631,0.41283700590669165,0.2813006189649661,0.30586237512834236
id07916,0.4026065227572641,0.2911391936142749,0.306254283628461
id22943,0.3970573301256647,0.2969591418899805,0.30598352798435474
id16238,0.39558384121965684,0.28127810608098786,0.3231380526993554
id09338,0.3985188945515713,0.2934741232625584,0.30800698218587036
id00690,0.40667514965646234,0.28425266804605515,0.3090721822974826
id18143,0.3998988912165071,0.28845706393127213,0.3116440448522208
id16128,0.40667514965646234,0.28425266804605515,0.3090721822974826
id05293,0.40954863292485577,0.28242589044047295,0.30802547663467134
id14028,0.39164145821519675,0.30314957309094903,0.3052089686938542
id11330,0.38662511969595276,0.2891568926373537,0.3242179876666934
id06732,0.3970573301256647,0.2969591418899805,0.30598352798435474
id21643,0.41823478983962015,0.2769244995034008,0.30484071065697904
id05339,0.40108998149446384,0.2902188987108572,0.30869111979467906
id23639,0.41161843180834956,0.28188441878131454,0.30649714941033585
id02324,0.39164145821519675,0.30314957309094903,0.3052089686938542
id10995,0.3970573301256647,0.2969591418899805,0.30598352798435474
id24770,0.3863992437466215,0.2889879600349363,0.3246127962184423
id10890,0.42093967216994355,0.2787154748209435,0.300344853009113
id05754,0.40954863292485577,0.28242589044047295,0.30802547663467134
id06112,0.40954863292485577,0.28242589044047295,0.30802547663467134
id07814,0.4026065227572641,0.2911391936142749,0.306254283628461
id22190,0.3944887947173168,0.2980832870391649,0.3074279182435184
id03924,0.40390358222973866,0.288855488379467,0.30724092939079434
id12399,0.40954863292485577,0.28242589044047295,0.30802547663467134
id24592,0.39164145821519675,0.30314957309094903,0.3052089686938542
id02246,0.40017238677253275,0.29542492546276133,0.30440268776470597
id27400,0.40667514965646234,0.28425266804605515,0.3090721822974826
id05463,0.41823478983962015,0.2769244995034008,0.30484071065697904
id19056,0.39164145821519675,0.30314957309094903,0.3052089686938542
id18203,0.3970573301256647,0.2969591418899805,0.30598352798435474
id17994,0.3973674512140121,0.2968064021737869,0.305826146612201
id04624,0.40737977509891155,0.28622596715443605,0.3063942577466525
id14211,0.4041193010933925,0.2887509556631886,0.30712974324341896
id17666,0.3971670837456101,0.29676480904861824,0.3060681072057717
id27791,0.39164145821519675,0.30314957309094903,0.3052089686938542
id26915,0.39401726826779815,0.27171541764094576,0.3342673140912561
id20850,0.3951448323939896,0.2829102238250314,0.3219449437809791
id02479,0.4026065227572641,0.2911391936142749,0.306254283628461
id19216,0.40390358222973866,0.288855488379467,0.30724092939079434
id15032,0.40954863292485577,0.28242589044047295,0.30802547663467134
id11648,0.4004339718531192,0.2983957760088331,0.3011702521380478
id11404,0.41483251670484683,0.2803446009115137,0.3048228823836394
id04792,0.40660077003646466,0.2875484892465461,0.3058507407169892
id06259,0.40390358222973866,0.288855488379467,0.30724092939079434
id02315,0.41283700590669165,0.2813006189649661,0.30586237512834236
id26220,0.3784580265108811,0.2788136757497821,0.3427282977393368
id14224,0.40478792688730575,0.28782262968139927,0.307389443431295
id24510,0.4143873383366084,0.28111690058272826,0.30449576108066345
id25807,0.41823478983962015,0.2769244995034008,0.30484071065697904
id24371,0.40954863292485577,0.28242589044047295,0.30802547663467134
id19322,0.41823478983962015,0.2769244995034008,0.30484071065697904
id04487,0.3978450232911415,0.2845226523312617,0.3176323243775968
id16287,0.3794350393372715,0.27695188860391073,0.3436130720588178
id10151,0.3944887947173168,0.2980832870391649,0.3074279182435184
id24773,0.4056151597358165,0.298982922710951,0.29540191755323253
id04590,0.4091615363211592,0.2830614790324397,0.3077769846464011
id19470,0.39809539018381007,0.29820564836435004,0.3036989614518399
id11043,0.41283700590669165,0.2813006189649661,0.30586237512834236
id04896,0.40954863292485577,0.28242589044047295,0.30802547663467134
id07929,0.40737977509891155,0.28622596715443605,0.3063942577466525
id16322,0.40660077003646466,0.2875484892465461,0.3058507407169892
id16673,0.41283700590669165,0.2813006189649661,0.30586237512834236
id17319,0.40390358222973866,0.288855488379467,0.30724092939079434
id02034,0.4143873383366084,0.28111690058272826,0.30449576108066345
id14845,0.40064771166261776,0.2906019115225599,0.3087503768148223
id18397,0.40954863292485577,0.28242589044047295,0.30802547663467134
id12215,0.40737977509891155,0.28622596715443605,0.3063942577466525
id13418,0.4175152373300517,0.28215758859387813,0.30032717407607024
id27031,0.4143873383366084,0.28111690058272826,0.30449576108066345
id04125,0.38407643438676337,0.2902155081954295,0.325708057417807
id20099,0.39164145821519675,0.30314957309094903,0.3052089686938542
id19615,0.40954863292485577,0.28242589044047295,0.30802547663467134
id19764,0.3950456570916868,0.28584537343583283,0.31910896947248035
id19355,0.39164145821519675,0.30314957309094903,0.3052089686938542
id21354,0.40319820596521516,0.2864881201931811,0.3103136738416037
id27731,0.40478792688730575,0.28782262968139927,0.307389443431295
id21786,0.41283700590669165,0.2813006189649661,0.30586237512834236
id07154,0.41823478983962015,0.2769244995034008,0.30484071065697904
id17071,0.4009587721701221,0.2904510907451324,0.30859013708474536
id18742,0.40667514965646234,0.28425266804605515,0.3090721822974826
id22704,0.406129623111041,0.28546207091737213,0.3084083059715868
id05691,0.3971670837456101,0.29676480904861824,0.3060681072057717
id11449,0.38599809994872714,0.28914379945336677,0.3248581005979061
id05869,0.40875168245607413,0.2838222350428586,0.30742608250106734
id09773,0.3943792970240318,0.2982781170621634,0.3073425859138049
id19265,0.40737977509891155,0.28622596715443605,0.3063942577466525
id00961,0.40478792688730575,0.28782262968139927,0.307389443431295
id11112,0.3926484364108258,0.3013578496388149,0.30599371395035935
id19326,0.40837274976123356,0.2840041375044625,0.30762311273430387
id08277,0.3943792970240318,0.2982781170621634,0.3073425859138049
id00384,0.3943130046093437,0.30181832170997513,0.3038686736806812
id23483,0.3944887947173168,0.2980832870391649,0.3074279182435184
id04168,0.41823478983962015,0.2769244995034008,0.30484071065697904
id02040,0.3943130046093437,0.30181832170997513,0.3038686736806812
id02937,0.3985188945515713,0.2934741232625584,0.30800698218587036
id19743,0.40954863292485577,0.28242589044047295,0.30802547663467134
id10559,0.41483251670484683,0.2803446009115137,0.3048228823836394
id06206,0.3985188945515713,0.2934741232625584,0.30800698218587036
id09452,0.41823478983962015,0.2769244995034008,0.30484071065697904
id15092,0.3955089191691447,0.2962681723600493,0.3082229084708061
id07838,0.40954863292485577,0.28242589044047295,0.30802547663467134
id00582,0.40319820596521516,0.2864881201931811,0.3103136738416037
id09012,0.38949449459456276,0.281828688051477,0.3286768173539603
id23304,0.4091615363211592,0.2830614790324397,0.3077769846464011
id15628,0.41283700590669165,0.2813006189649661,0.30586237512834236
id04098,0.40363964907622574,0.2857069289594283,0.310653421964346
id11222,0.3944887947173168,0.2980832870391649,0.3074279182435184
id12064,0.40660077003646466,0.2875484892465461,0.3058507407169892
id04578,0.41823478983962015,0.2769244995034008,0.30484071065697904
id23786,0.413257731918369,0.27929361551407106,0.30744865256755993
id06115,0.41483251670484683,0.2803446009115137,0.3048228823836394
id00221,0.40351770465858483,0.2910351083039453,0.3054471870374698
id18156,0.3985188945515713,0.2934741232625584,0.30800698218587036
id03321,0.3943792970240318,0.2982781170621634,0.3073425859138049
id06912,0.4037720730129666,0.2890870338815364,0.3071408931054971
id06041,0.3944887947173168,0.2980832870391649,0.3074279182435184
id11582,0.37795181756298,0.2900781881344097,0.3319699943026103
id26826,0.4091615363211592,0.2830614790324397,0.3077769846464011
id18758,0.40737977509891155,0.28622596715443605,0.3063942577466525
id05078,0.40954863292485577,0.28242589044047295,0.30802547663467134
id27098,0.39979589745099486,0.2925089494224499,0.30769515312655527
id08830,0.40020193438025076,0.2988023311028859,0.30099573451686334
id10473,0.41283700590669165,0.2813006189649661,0.30586237512834236
id27956,0.4143873383366084,0.28111690058272826,0.30449576108066345
id10727,0.40064771166261776,0.2906019115225599,0.3087503768148223
id10461,0.413257731918369,0.27929361551407106,0.30744865256755993
id09926,0.3955089191691447,0.2962681723600493,0.3082229084708061
id27159,0.4159534400419026,0.2811154666496744,0.30293109330842305
id26320,0.3951507547260716,0.27763382930783437,0.32721541596609405
id23154,0.3943792970240318,0.2982781170621634,0.3073425859138049
id18631,0.41283700590669165,0.2813006189649661,0.30586237512834236
id03012,0.41283700590669165,0.2813006189649661,0.30586237512834236
id21229,0.40954863292485577,0.28242589044047295,0.30802547663467134
id25983,0.4026065227572641,0.2911391936142749,0.306254283628461
id04801,0.40218504831260216,0.2869744753520591,0.3108404763353388
id19563,0.4009311884298774,0.286547803896058,0.31252100767406465
id04649,0.41283700590669165,0.2813006189649661,0.30586237512834236
id14880,0.403770792603115,0.27288201960945224,0.3233471877874328
id08145,0.41483251670484683,0.2803446009115137,0.3048228823836394
id20325,0.40390358222973866,0.288855488379467,0.30724092939079434
id24566,0.41283700590669165,0.2813006189649661,0.30586237512834236
id21668,0.4037720730129666,0.2890870338815364,0.3071408931054971
id00555,0.41283700590669165,0.2813006189649661,0.30586237512834236
id00290,0.4080743820041071,0.2845272627123261,0.3073983552835669
id22105,0.3973674512140121,0.2968064021737869,0.305826146612201
id19041,0.41026920949743684,0.28577084247582185,0.30395994802674137
id17130,0.4093640343058883,0.2710509337549902,0.3195850319391215
id24523,0.39164145821519675,0.30314957309094903,0.3052089686938542
id01711,0.4037720730129666,0.2890870338815364,0.3071408931054971
id06490,0.3943130046093437,0.30181832170997513,0.3038686736806812
id07329,0.41026920949743684,0.28577084247582185,0.30395994802674137
id14050,0.40117737359585526,0.2794379723868635,0.3193846540172813
id20972,0.40017238677253275,0.29542492546276133,0.30440268776470597
id19442,0.3955089191691447,0.2962681723600493,0.3082229084708061
id00974,0.40351770465858483,0.2910351083039453,0.3054471870374698
id18554,0.3907549928262316,0.2825689279276045,0.3266760792461638
id23670,0.3973674512140121,0.2968064021737869,0.305826146612201
id10039,0.4025432901747515,0.29036453498486176,0.30709217484038687
id04016,0.3985188945515713,0.2934741232625584,0.30800698218587036
id21753,0.40954863292485577,0.28242589044047295,0.30802547663467134
id08244,0.40954863292485577,0.28242589044047295,0.30802547663467134
id14333,0.3985188945515713,0.2934741232625584,0.30800698218587036
id07454,0.3951507547260716,0.27763382930783437,0.32721541596609405
id27789,0.38303040654430903,0.30367616768767813,0.31329342576801295
id25416,0.406129623111041,0.28546207091737213,0.3084083059715868
id14021,0.3943130046093437,0.30181832170997513,0.3038686736806812
id07675,0.4024058976792753,0.2944185448676114,0.3031755574531134
id12638,0.3892801847066888,0.27749857670766503,0.3332212385856461
id01791,0.3967778888729711,0.2788888852388223,0.32433322588820657
id02401,0.38970129224194955,0.30998394912479516,0.3003147586332553
id25303,0.41283700590669165,0.2813006189649661,0.30586237512834236
id11868,0.413257731918369,0.27929361551407106,0.30744865256755993
id19604,0.4178227012376965,0.27891205020860554,0.3032652485536981
id04464,0.40478792688730575,0.28782262968139927,0.307389443431295
id04904,0.3944887947173168,0.2980832870391649,0.3074279182435184
id25701,0.41823478983962015,0.2769244995034008,0.30484071065697904
id11878,0.3944887947173168,0.2980832870391649,0.3074279182435184
id17906,0.40954863292485577,0.28242589044047295,0.30802547663467134
id11838,0.3970573301256647,0.2969591418899805,0.30598352798435474
id22729,0.3998988912165071,0.28845706393127213,0.3116440448522208
id10180,0.3878953205860818,0.3178416010525382,0.29426307836138
id25465,0.41483251670484683,0.2803446009115137,0.3048228823836394
id12330,0.3944887947173168,0.2980832870391649,0.3074279182435184
id08253,0.40954863292485577,0.28242589044047295,0.30802547663467134
id13338,0.4009587721701221,0.2904510907451324,0.30859013708474536
id00064,0.38385101679022887,0.2900451783431466,0.32610380486662466
id05778,0.4009587721701221,0.2904510907451324,0.30859013708474536
id27435,0.3912023433558214,0.2734376810058281,0.3353599756383506
id02123,0.4080743820041071,0.2845272627123261,0.3073983552835669
id15037,0.39401726826779815,0.27171541764094576,0.3342673140912561
id24425,0.39164145821519675,0.30314957309094903,0.3052089686938542
id24312,0.41823478983962015,0.2769244995034008,0.30484071065697904
id13936,0.41823478983962015,0.2769244995034008,0.30484071065697904
id21343,0.3943792970240318,0.2982781170621634,0.3073425859138049
id01847,0.41161843180834956,0.28188441878131454,0.30649714941033585
id08113,0.40601656984112283,0.2851351956931216,0.30884823446575566
id00813,0.4026065227572641,0.2911391936142749,0.306254283628461
id07060,0.406129623111041,0.28546207091737213,0.3084083059715868
id02143,0.38531836479518383,0.27967007497223983,0.33501156023257644
id23911,0.41283700590669165,0.2813006189649661,0.30586237512834236
id24765,0.3850798031185977,0.2989011200697428,0.31601907681165964
id14432,0.38531836479518383,0.27967007497223983,0.33501156023257644
id23084,0.4091615363211592,0.2830614790324397,0.3077769846464011
id14072,0.38531836479518383,0.27967007497223983,0.33501156023257644
id04712,0.40954863292485577,0.28242589044047295,0.30802547663467134
id05358,0.3944887947173168,0.2980832870391649,0.3074279182435184
id13208,0.40660077003646466,0.2875484892465461,0.3058507407169892
id09035,0.4026065227572641,0.2911391936142749,0.306254283628461
id01207,0.3920086855751466,0.27722895187470664,0.3307623625501468
id13769,0.3828330393093336,0.2892759750661446,0.32789098562452185
id21953,0.40954863292485577,0.28242589044047295,0.30802547663467134
id10618,0.4128597003939541,0.2925763656541642,0.2945639339518817
id02743,0.400785969835139,0.27446613521739754,0.3247478949474635
id10681,0.40478792688730575,0.28782262968139927,0.307389443431295
id21840,0.3944887947173168,0.2980832870391649,0.3074279182435184
id15165,0.4026065227572641,0.2911391936142749,0.306254283628461
id21409,0.39979589745099486,0.2925089494224499,0.30769515312655527
id20776,0.41823478983962015,0.2769244995034008,0.30484071065697904
id24182,0.3943792970240318,0.2982781170621634,0.3073425859138049
id03985,0.40077330438384057,0.2763743991696947,0.3228522964464648
id13314,0.40064771166261776,0.2906019115225599,0.3087503768148223
id16080,0.41161843180834956,0.28188441878131454,0.30649714941033585
id20879,0.40737977509891155,0.28622596715443605,0.3063942577466525
id03487,0.41283700590669165,0.2813006189649661,0.30586237512834236
id16895,0.394732674848747,0.28261513307901476,0.3226521920722382
id14117,0.4152834003328716,0.2884075556962262,0.29630904397090213
id24687,0.3973674512140121,0.2968064021737869,0.305826146612201
id27266,0.4143873383366084,0.28111690058272826,0.30449576108066345
id17727,0.3973674512140121,0.2968064021737869,0.305826146612201
id01424,0.4080743820041071,0.2845272627123261,0.3073983552835669
id13519,0.3986961586123757,0.28012483823449036,0.32117900315313397
id24389,0.4026065227572641,0.2911391936142749,0.306254283628461
id27384,0.4026065227572641,0.2911391936142749,0.306254283628461
id22542,0.3878953205860818,0.3178416010525382,0.29426307836138
id14971,0.3944887947173168,0.2980832870391649,0.3074279182435184
id16906,0.39061080492005545,0.28578871596407035,0.32360047911587414
id23436,0.39979589745099486,0.2925089494224499,0.30769515312655527
id07795,0.4026065227572641,0.2911391936142749,0.306254283628461
id20908,0.3833065875188107,0.29627915125251997,0.3204142612286693
id05705,0.3943792970240318,0.2982781170621634,0.3073425859138049
id21726,0.401123211928683,0.29539197400789213,0.3034848140634249
id15824,0.40954863292485577,0.28242589044047295,0.30802547663467134
id11664,0.4037720730129666,0.2890870338815364,0.3071408931054971
id20717,0.41483251670484683,0.2803446009115137,0.3048228823836394
id25073,0.41283700590669165,0.2813006189649661,0.30586237512834236
id19975,0.4037720730129666,0.2890870338815364,0.3071408931054971
id01530,0.40954863292485577,0.28242589044047295,0.30802547663467134
id07198,0.41026920949743684,0.28577084247582185,0.30395994802674137
id23375,0.40390358222973866,0.288855488379467,0.30724092939079434
id23510,0.3955089191691447,0.2962681723600493,0.3082229084708061
id11003,0.40954863292485577,0.28242589044047295,0.30802547663467134
id19570,0.40954863292485577,0.28242589044047295,0.30802547663467134
id09157,0.3955089191691447,0.2962681723600493,0.3082229084708061
id08350,0.39979589745099486,0.2925089494224499,0.30769515312655527
id23690,0.39979589745099486,0.2925089494224499,0.30769515312655527
id04708,0.3943792970240318,0.2982781170621634,0.3073425859138049
id07407,0.4029923481666822,0.30030222935462536,0.2967054224786924
id12229,0.40390358222973866,0.288855488379467,0.30724092939079434
id09624,0.40351770465858483,0.2910351083039453,0.3054471870374698
id01851,0.40020193438025076,0.2988023311028859,0.30099573451686334
id25578,0.3943792970240318,0.2982781170621634,0.3073425859138049
id18715,0.4004339718531192,0.2983957760088331,0.3011702521380478
id19828,0.3781354490953328,0.2794283764677196,0.3424361744369477
id07606,0.3998988912165071,0.28845706393127213,0.3116440448522208
id04689,0.4080743820041071,0.2845272627123261,0.3073983552835669
id12662,0.4159534400419026,0.2811154666496744,0.30293109330842305
id09448,0.40351770465858483,0.2910351083039453,0.3054471870374698
id05593,0.40064771166261776,0.2906019115225599,0.3087503768148223
id12242,0.4091615363211592,0.2830614790324397,0.3077769846464011
id16254,0.406129623111041,0.28546207091737213,0.3084083059715868
id23022,0.41283700590669165,0.2813006189649661,0.30586237512834236
id11937,0.39809539018381007,0.29820564836435004,0.3036989614518399
id23889,0.39164145821519675,0.30314957309094903,0.3052089686938542
id08737,0.3992581954929209,0.26981944512260136,0.33092235938447784
id02936,0.4061326316516682,0.29292111120258596,0.30094625714574597
id16424,0.38565009160744057,0.2821592313977941,0.33219067699476534
id04527,0.413257731918369,0.27929361551407106,0.30744865256755993
id08009,0.4080743820041071,0.2845272627123261,0.3073983552835669
id02893,0.40954863292485577,0.28242589044047295,0.30802547663467134
id06437,0.40954863292485577,0.28242589044047295,0.30802547663467134
id05106,0.40017238677253275,0.29542492546276133,0.30440268776470597
id20371,0.4080743820041071,0.2845272627123261,0.3073983552835669
id10480,0.41823478983962015,0.2769244995034008,0.30484071065697904
id00054,0.41483251670484683,0.2803446009115137,0.3048228823836394
id04293,0.40351770465858483,0.2910351083039453,0.3054471870374698
id27790,0.4091615363211592,0.2830614790324397,0.3077769846464011
id05768,0.41823478983962015,0.2769244995034008,0.30484071065697904
id03493,0.40954863292485577,0.28242589044047295,0.30802547663467134
id07713,0.39164145821519675,0.30314957309094903,0.3052089686938542
id25369,0.38863476018329324,0.2864970438956023,0.3248681959211045
id15942,0.3943130046093437,0.30181832170997513,0.3038686736806812
id07031,0.41483251670484683,0.2803446009115137,0.3048228823836394
id05297,0.40351770465858483,0.2910351083039453,0.3054471870374698
id18393,0.41823478983962015,0.2769244995034008,0.30484071065697904
id15888,0.3973674512140121,0.2968064021737869,0.305826146612201
id19080,0.3943130046093437,0.30181832170997513,0.3038686736806812
id24893,0.41283700590669165,0.2813006189649661,0.30586237512834236
id07455,0.3943130046093437,0.30181832170997513,0.3038686736806812
id23149,0.40660077003646466,0.2875484892465461,0.3058507407169892
id11695,0.40351770465858483,0.2910351083039453,0.3054471870374698
id18914,0.3943130046093437,0.30181832170997513,0.3038686736806812
id17272,0.39164145821519675,0.30314957309094903,0.3052089686938542
id10815,0.3912023433558214,0.2734376810058281,0.3353599756383506
id05524,0.3973674512140121,0.2968064021737869,0.305826146612201
id03566,0.40737977509891155,0.28622596715443605,0.3063942577466525
id18302,0.3985188945515713,0.2934741232625584,0.30800698218587036
id17557,0.41483251670484683,0.2803446009115137,0.3048228823836394
id09215,0.4143873383366084,0.28111690058272826,0.30449576108066345
id09806,0.4175152373300517,0.28215758859387813,0.30032717407607024
id24214,0.4080743820041071,0.2845272627123261,0.3073983552835669
id15771,0.3944887947173168,0.2980832870391649,0.3074279182435184
id10344,0.37436830627051104,0.2866070110756465,0.3390246826538424
id24470,0.41483251670484683,0.2803446009115137,0.3048228823836394
id03540,0.41161843180834956,0.28188441878131454,0.30649714941033585
id11849,0.3985188945515713,0.2934741232625584,0.30800698218587036
id15936,0.39164145821519675,0.30314957309094903,0.3052089686938542
id26668,0.3985188945515713,0.2934741232625584,0.30800698218587036
id14973,0.3943130046093437,0.30181832170997513,0.3038686736806812
id09253,0.4122251912986161,0.2842716526314649,0.303503156069919
id04442,0.3985188945515713,0.2934741232625584,0.30800698218587036
id15783,0.40954863292485577,0.28242589044047295,0.30802547663467134
id21142,0.3944887947173168,0.2980832870391649,0.3074279182435184
id08739,0.40954863292485577,0.28242589044047295,0.30802547663467134
id04838,0.40660077003646466,0.2875484892465461,0.3058507407169892
id20495,0.40954863292485577,0.28242589044047295,0.30802547663467134
id12543,0.40954863292485577,0.28242589044047295,0.30802547663467134
id06438,0.4197548294156421,0.28199971037770877,0.2982454602066492
id05130,0.3933725442853197,0.27495458068589723,0.3316728750287831
id04021,0.4037720730129666,0.2890870338815364,0.3071408931054971
id07424,0.4159534400419026,0.2811154666496744,0.30293109330842305
id10957,0.3943792970240318,0.2982781170621634,0.3073425859138049
id25486,0.4041193010933925,0.2887509556631886,0.30712974324341896
id27133,0.3998988912165071,0.28845706393127213,0.3116440448522208
id25916,0.39979589745099486,0.2925089494224499,0.30769515312655527
id26534,0.41161843180834956,0.28188441878131454,0.30649714941033585
id07665,0.4026065227572641,0.2911391936142749,0.306254283628461
id16023,0.41283700590669165,0.2813006189649661,0.30586237512834236
id26313,0.40837274976123356,0.2840041375044625,0.30762311273430387
id23598,0.40390358222973866,0.288855488379467,0.30724092939079434
id02236,0.4122251912986161,0.2842716526314649,0.303503156069919
id22228,0.3784580265108811,0.2788136757497821,0.3427282977393368
id10566,0.393798906383719,0.2819465867036482,0.3242545069126328
id18930,0.41823478983962015,0.2769244995034008,0.30484071065697904
id22503,0.3943130046093437,0.30181832170997513,0.3038686736806812
id00883,0.4026065227572641,0.2911391936142749,0.306254283628461
id17889,0.4093640343058883,0.2710509337549902,0.3195850319391215
id23057,0.4009587721701221,0.2904510907451324,0.30859013708474536
id22298,0.3953223882078734,0.30003107876687685,0.3046465330252497
id08642,0.41283700590669165,0.2813006189649661,0.30586237512834236
id11451,0.3971670837456101,0.29676480904861824,0.3060681072057717
id26890,0.40954863292485577,0.28242589044047295,0.30802547663467134
id06959,0.40954863292485577,0.28242589044047295,0.30802547663467134
id10312,0.39164145821519675,0.30314957309094903,0.3052089686938542
id26189,0.41283700590669165,0.2813006189649661,0.30586237512834236
id15670,0.3973674512140121,0.2968064021737869,0.305826146612201
id21041,0.4037720730129666,0.2890870338815364,0.3071408931054971
id16333,0.4041193010933925,0.2887509556631886,0.30712974324341896
id04999,0.40195017170902014,0.280257196105895,0.31779263218508497
id09573,0.41823478983962015,0.2769244995034008,0.30484071065697904
id08811,0.41283700590669165,0.2813006189649661,0.30586237512834236
id26296,0.40319820596521516,0.2864881201931811,0.3103136738416037
id25274,0.4026065227572641,0.2911391936142749,0.306254283628461
id21393,0.39154170404341904,0.30584383950018695,0.3026144564563939
id24140,0.4091615363211592,0.2830614790324397,0.3077769846464011
id17770,0.40035409911954334,0.27608531403906944,0.32356058684138717
id27948,0.40017238677253275,0.29542492546276133,0.30440268776470597
id21742,0.3794350393372715,0.27695188860391073,0.3436130720588178
id08632,0.40837274976123356,0.2840041375044625,0.30762311273430387
id25164,0.39164145821519675,0.30314957309094903,0.3052089686938542
id12663,0.3846500301134958,0.2814275407055766,0.3339224291809276
id24244,0.4026065227572641,0.2911391936142749,0.306254283628461
id22570,0.39249783934625143,0.2787910616141711,0.32871109903957735
id01370,0.39164145821519675,0.30314957309094903,0.3052089686938542
id08265,0.4025710836439661,0.29465132182913234,0.3027775945269015
id11362,0.41283700590669165,0.2813006189649661,0.30586237512834236
id20586,0.41161843180834956,0.28188441878131454,0.30649714941033585
id18619,0.4143873383366084,0.28111690058272826,0.30449576108066345
id04225,0.40737977509891155,0.28622596715443605,0.3063942577466525
id03206,0.40954863292485577,0.28242589044047295,0.30802547663467134
id19051,0.41283700590669165,0.2813006189649661,0.30586237512834236
id16655,0.40108998149446384,0.2902188987108572,0.30869111979467906
id15044,0.4151875607722046,0.27972866708352473,0.3050837721442707
id15324,0.40478792688730575,0.28782262968139927,0.307389443431295
id11614,0.4061326316516682,0.29292111120258596,0.30094625714574597
id19947,0.3979614458781002,0.291904374176042,0.3101341799458579
id21384,0.3951072646371897,0.28064453537666434,0.324248199986146
id15903,0.3971670837456101,0.29676480904861824,0.3060681072057717
id11810,0.40737977509891155,0.28622596715443605,0.3063942577466525
id08577,0.3979614458781002,0.291904374176042,0.3101341799458579
id04459,0.40954863292485577,0.28242589044047295,0.30802547663467134
id16594,0.3955089191691447,0.2962681723600493,0.3082229084708061
id07582,0.39946854564586926,0.27219156117176085,0.3283398931823699
id22445,0.40478792688730575,0.28782262968139927,0.307389443431295
id24995,0.41283700590669165,0.2813006189649661,0.30586237512834236
id17743,0.3943130046093437,0.30181832170997513,0.3038686736806812
id15931,0.413257731918369,0.27929361551407106,0.30744865256755993
id18274,0.3924401699975509,0.2743028814632137,0.33325694853923543
id10679,0.3888367145387034,0.27783125581036694,0.3333320296509298
id26485,0.39162270366376617,0.280388499774204,0.32798879656202984
id26661,0.41483251670484683,0.2803446009115137,0.3048228823836394
id19891,0.3944887947173168,0.2980832870391649,0.3074279182435184
id22796,0.41707629411096053,0.2802002166560803,0.30272348923295916
id01290,0.41823478983962015,0.2769244995034008,0.30484071065697904
id07275,0.3860323544092092,0.28871356353211386,0.32525408205867695
id27365,0.41283700590669165,0.2813006189649661,0.30586237512834236
id01855,0.39402848889008624,0.2849361101525799,0.3210354009573339
id23106,0.41823478983962015,0.2769244995034008,0.30484071065697904
id10775,0.3944887947173168,0.2980832870391649,0.3074279182435184
id21518,0.4061326316516682,0.29292111120258596,0.30094625714574597
id13294,0.3878953205860818,0.3178416010525382,0.29426307836138
id10053,0.40056349257760554,0.2729376407267047,0.3264988666956898
id22854,0.3998988912165071,0.28845706393127213,0.3116440448522208
id06528,0.40954863292485577,0.28242589044047295,0.30802547663467134
id23477,0.41026920949743684,0.28577084247582185,0.30395994802674137
id22603,0.41283700590669165,0.2813006189649661,0.30586237512834236
id25503,0.40064771166261776,0.2906019115225599,0.3087503768148223
id11782,0.3833065875188107,0.29627915125251997,0.3204142612286693
id10033,0.41823478983962015,0.2769244995034008,0.30484071065697904
id13457,0.39027049525552704,0.3133643654806951,0.2963651392637779
id22882,0.3893772780700427,0.2856078945602737,0.32501482736968357
id10105,0.4037720730129666,0.2890870338815364,0.3071408931054971
id06179,0.41823478983962015,0.2769244995034008,0.30484071065697904
id02260,0.40954863292485577,0.28242589044047295,0.30802547663467134
id09915,0.3955089191691447,0.2962681723600493,0.3082229084708061
id19634,0.40954863292485577,0.28242589044047295,0.30802547663467134
id27268,0.41823478983962015,0.2769244995034008,0.30484071065697904
id09138,0.3971670837456101,0.29676480904861824,0.3060681072057717
id09648,0.3992581954929209,0.26981944512260136,0.33092235938447784
id15576,0.3943638130194674,0.27564744520606804,0.32998874177446463
id07902,0.41823478983962015,0.2769244995034008,0.30484071065697904
id14103,0.39979589745099486,0.2925089494224499,0.30769515312655527
id18469,0.4080743820041071,0.2845272627123261,0.3073983552835669
id11704,0.40108998149446384,0.2902188987108572,0.30869111979467906
id15761,0.38656683119112245,0.2797103024324279,0.33372286637644966
id07184,0.40954863292485577,0.28242589044047295,0.30802547663467134
id20863,0.39164145821519675,0.30314957309094903,0.3052089686938542
id16528,0.39164145821519675,0.30314957309094903,0.3052089686938542
id20372,0.41483251670484683,0.2803446009115137,0.3048228823836394
id23087,0.3979031064180119,0.2774354056185494,0.32466148796343874
id22750,0.4091615363211592,0.2830614790324397,0.3077769846464011
id00760,0.40954863292485577,0.28242589044047295,0.30802547663467134
id22235,0.4091615363211592,0.2830614790324397,0.3077769846464011
