tag,block,framework,model_short,status,started_at,finished_at,returncode,result_json,command
audit_trl_qwen3-8b_G4_easy_s42,audit,TRL,qwen3-8b,failed,2026-06-14T16:09:58.509997+00:00,2026-06-14T16:09:58.592862+00:00,2,/Users/arvind/Developer/tinker-rl-lab/experiments/tinker-runs/results/audit_trl_qwen3-8b_G4_easy_s42.json,"python3 /Users/arvind/Developer/tinker-rl-lab/experiments/tinker-runs/cell_runner.py --tag audit_trl_qwen3-8b_G4_easy_s42 --model ""Qwen/Qwen3-8B"" --task gsm8k --loss importance_sampling --seed 42 --group-size 4 --lr 1e-05 --steps 30 --rank 32 --difficulty easy --clip-low 0.2 --clip-high 0.2 --importance-level token --dynamic-sampling false --out /Users/arvind/Developer/tinker-rl-lab/experiments/tinker-runs/results/audit_trl_qwen3-8b_G4_easy_s42.json"
audit_trl_qwen3-8b_G2_hard_s42,audit,TRL,qwen3-8b,failed,2026-06-14T16:09:58.509009+00:00,2026-06-14T16:09:58.592989+00:00,2,/Users/arvind/Developer/tinker-rl-lab/experiments/tinker-runs/results/audit_trl_qwen3-8b_G2_hard_s42.json,"python3 /Users/arvind/Developer/tinker-rl-lab/experiments/tinker-runs/cell_runner.py --tag audit_trl_qwen3-8b_G2_hard_s42 --model ""Qwen/Qwen3-8B"" --task gsm8k --loss importance_sampling --seed 42 --group-size 2 --lr 1e-05 --steps 30 --rank 32 --difficulty hard --clip-low 0.2 --clip-high 0.2 --importance-level token --dynamic-sampling false --out /Users/arvind/Developer/tinker-rl-lab/experiments/tinker-runs/results/audit_trl_qwen3-8b_G2_hard_s42.json"
audit_trl_qwen3-8b_G2_medium_s42,audit,TRL,qwen3-8b,failed,2026-06-14T16:09:58.508951+00:00,2026-06-14T16:09:58.594217+00:00,2,/Users/arvind/Developer/tinker-rl-lab/experiments/tinker-runs/results/audit_trl_qwen3-8b_G2_medium_s42.json,"python3 /Users/arvind/Developer/tinker-rl-lab/experiments/tinker-runs/cell_runner.py --tag audit_trl_qwen3-8b_G2_medium_s42 --model ""Qwen/Qwen3-8B"" --task gsm8k --loss importance_sampling --seed 42 --group-size 2 --lr 1e-05 --steps 30 --rank 32 --difficulty medium --clip-low 0.2 --clip-high 0.2 --importance-level token --dynamic-sampling false --out /Users/arvind/Developer/tinker-rl-lab/experiments/tinker-runs/results/audit_trl_qwen3-8b_G2_medium_s42.json"
audit_trl_qwen3-8b_G2_easy_s42,audit,TRL,qwen3-8b,failed,2026-06-14T16:09:58.508885+00:00,2026-06-14T16:09:58.596443+00:00,2,/Users/arvind/Developer/tinker-rl-lab/experiments/tinker-runs/results/audit_trl_qwen3-8b_G2_easy_s42.json,"python3 /Users/arvind/Developer/tinker-rl-lab/experiments/tinker-runs/cell_runner.py --tag audit_trl_qwen3-8b_G2_easy_s42 --model ""Qwen/Qwen3-8B"" --task gsm8k --loss importance_sampling --seed 42 --group-size 2 --lr 1e-05 --steps 30 --rank 32 --difficulty easy --clip-low 0.2 --clip-high 0.2 --importance-level token --dynamic-sampling false --out /Users/arvind/Developer/tinker-rl-lab/experiments/tinker-runs/results/audit_trl_qwen3-8b_G2_easy_s42.json"
audit_trl_qwen3-8b_G8_medium_s42,audit,TRL,qwen3-8b,failed,2026-06-14T16:09:58.596559+00:00,2026-06-14T16:09:58.668826+00:00,2,/Users/arvind/Developer/tinker-rl-lab/experiments/tinker-runs/results/audit_trl_qwen3-8b_G8_medium_s42.json,"python3 /Users/arvind/Developer/tinker-rl-lab/experiments/tinker-runs/cell_runner.py --tag audit_trl_qwen3-8b_G8_medium_s42 --model ""Qwen/Qwen3-8B"" --task gsm8k --loss importance_sampling --seed 42 --group-size 8 --lr 1e-05 --steps 30 --rank 32 --difficulty medium --clip-low 0.2 --clip-high 0.2 --importance-level token --dynamic-sampling false --out /Users/arvind/Developer/tinker-rl-lab/experiments/tinker-runs/results/audit_trl_qwen3-8b_G8_medium_s42.json"
audit_trl_qwen3-8b_G4_medium_s42,audit,TRL,qwen3-8b,failed,2026-06-14T16:09:58.592942+00:00,2026-06-14T16:09:58.671070+00:00,2,/Users/arvind/Developer/tinker-rl-lab/experiments/tinker-runs/results/audit_trl_qwen3-8b_G4_medium_s42.json,"python3 /Users/arvind/Developer/tinker-rl-lab/experiments/tinker-runs/cell_runner.py --tag audit_trl_qwen3-8b_G4_medium_s42 --model ""Qwen/Qwen3-8B"" --task gsm8k --loss importance_sampling --seed 42 --group-size 4 --lr 1e-05 --steps 30 --rank 32 --difficulty medium --clip-low 0.2 --clip-high 0.2 --importance-level token --dynamic-sampling false --out /Users/arvind/Developer/tinker-rl-lab/experiments/tinker-runs/results/audit_trl_qwen3-8b_G4_medium_s42.json"
audit_trl_qwen3-8b_G8_easy_s42,audit,TRL,qwen3-8b,failed,2026-06-14T16:09:58.594347+00:00,2026-06-14T16:09:58.671978+00:00,2,/Users/arvind/Developer/tinker-rl-lab/experiments/tinker-runs/results/audit_trl_qwen3-8b_G8_easy_s42.json,"python3 /Users/arvind/Developer/tinker-rl-lab/experiments/tinker-runs/cell_runner.py --tag audit_trl_qwen3-8b_G8_easy_s42 --model ""Qwen/Qwen3-8B"" --task gsm8k --loss importance_sampling --seed 42 --group-size 8 --lr 1e-05 --steps 30 --rank 32 --difficulty easy --clip-low 0.2 --clip-high 0.2 --importance-level token --dynamic-sampling false --out /Users/arvind/Developer/tinker-rl-lab/experiments/tinker-runs/results/audit_trl_qwen3-8b_G8_easy_s42.json"
audit_trl_qwen3-8b_G4_hard_s42,audit,TRL,qwen3-8b,failed,2026-06-14T16:09:58.593005+00:00,2026-06-14T16:09:58.673400+00:00,2,/Users/arvind/Developer/tinker-rl-lab/experiments/tinker-runs/results/audit_trl_qwen3-8b_G4_hard_s42.json,"python3 /Users/arvind/Developer/tinker-rl-lab/experiments/tinker-runs/cell_runner.py --tag audit_trl_qwen3-8b_G4_hard_s42 --model ""Qwen/Qwen3-8B"" --task gsm8k --loss importance_sampling --seed 42 --group-size 4 --lr 1e-05 --steps 30 --rank 32 --difficulty hard --clip-low 0.2 --clip-high 0.2 --importance-level token --dynamic-sampling false --out /Users/arvind/Developer/tinker-rl-lab/experiments/tinker-runs/results/audit_trl_qwen3-8b_G4_hard_s42.json"
audit_trl_qwen3-8b_G16_easy_s42,audit,TRL,qwen3-8b,failed,2026-06-14T16:09:58.671101+00:00,2026-06-14T16:09:58.747379+00:00,2,/Users/arvind/Developer/tinker-rl-lab/experiments/tinker-runs/results/audit_trl_qwen3-8b_G16_easy_s42.json,"python3 /Users/arvind/Developer/tinker-rl-lab/experiments/tinker-runs/cell_runner.py --tag audit_trl_qwen3-8b_G16_easy_s42 --model ""Qwen/Qwen3-8B"" --task gsm8k --loss importance_sampling --seed 42 --group-size 16 --lr 1e-05 --steps 30 --rank 32 --difficulty easy --clip-low 0.2 --clip-high 0.2 --importance-level token --dynamic-sampling false --out /Users/arvind/Developer/tinker-rl-lab/experiments/tinker-runs/results/audit_trl_qwen3-8b_G16_easy_s42.json"
audit_trl_qwen3-8b_G8_hard_s42,audit,TRL,qwen3-8b,failed,2026-06-14T16:09:58.668898+00:00,2026-06-14T16:09:58.747477+00:00,2,/Users/arvind/Developer/tinker-rl-lab/experiments/tinker-runs/results/audit_trl_qwen3-8b_G8_hard_s42.json,"python3 /Users/arvind/Developer/tinker-rl-lab/experiments/tinker-runs/cell_runner.py --tag audit_trl_qwen3-8b_G8_hard_s42 --model ""Qwen/Qwen3-8B"" --task gsm8k --loss importance_sampling --seed 42 --group-size 8 --lr 1e-05 --steps 30 --rank 32 --difficulty hard --clip-low 0.2 --clip-high 0.2 --importance-level token --dynamic-sampling false --out /Users/arvind/Developer/tinker-rl-lab/experiments/tinker-runs/results/audit_trl_qwen3-8b_G8_hard_s42.json"
audit_trl_qwen3-8b_G16_medium_s42,audit,TRL,qwen3-8b,failed,2026-06-14T16:09:58.672121+00:00,2026-06-14T16:09:58.748820+00:00,2,/Users/arvind/Developer/tinker-rl-lab/experiments/tinker-runs/results/audit_trl_qwen3-8b_G16_medium_s42.json,"python3 /Users/arvind/Developer/tinker-rl-lab/experiments/tinker-runs/cell_runner.py --tag audit_trl_qwen3-8b_G16_medium_s42 --model ""Qwen/Qwen3-8B"" --task gsm8k --loss importance_sampling --seed 42 --group-size 16 --lr 1e-05 --steps 30 --rank 32 --difficulty medium --clip-low 0.2 --clip-high 0.2 --importance-level token --dynamic-sampling false --out /Users/arvind/Developer/tinker-rl-lab/experiments/tinker-runs/results/audit_trl_qwen3-8b_G16_medium_s42.json"
audit_trl_qwen3-8b_G16_hard_s42,audit,TRL,qwen3-8b,failed,2026-06-14T16:09:58.673459+00:00,2026-06-14T16:09:58.751261+00:00,2,/Users/arvind/Developer/tinker-rl-lab/experiments/tinker-runs/results/audit_trl_qwen3-8b_G16_hard_s42.json,"python3 /Users/arvind/Developer/tinker-rl-lab/experiments/tinker-runs/cell_runner.py --tag audit_trl_qwen3-8b_G16_hard_s42 --model ""Qwen/Qwen3-8B"" --task gsm8k --loss importance_sampling --seed 42 --group-size 16 --lr 1e-05 --steps 30 --rank 32 --difficulty hard --clip-low 0.2 --clip-high 0.2 --importance-level token --dynamic-sampling false --out /Users/arvind/Developer/tinker-rl-lab/experiments/tinker-runs/results/audit_trl_qwen3-8b_G16_hard_s42.json"
audit_trl_qwen3-8b_G2_easy_s123,audit,TRL,qwen3-8b,failed,2026-06-14T16:09:58.747446+00:00,2026-06-14T16:09:58.825261+00:00,2,/Users/arvind/Developer/tinker-rl-lab/experiments/tinker-runs/results/audit_trl_qwen3-8b_G2_easy_s123.json,"python3 /Users/arvind/Developer/tinker-rl-lab/experiments/tinker-runs/cell_runner.py --tag audit_trl_qwen3-8b_G2_easy_s123 --model ""Qwen/Qwen3-8B"" --task gsm8k --loss importance_sampling --seed 123 --group-size 2 --lr 1e-05 --steps 30 --rank 32 --difficulty easy --clip-low 0.2 --clip-high 0.2 --importance-level token --dynamic-sampling false --out /Users/arvind/Developer/tinker-rl-lab/experiments/tinker-runs/results/audit_trl_qwen3-8b_G2_easy_s123.json"
audit_trl_qwen3-8b_G4_easy_s123,audit,TRL,qwen3-8b,failed,2026-06-14T16:09:58.751397+00:00,2026-06-14T16:09:58.826685+00:00,2,/Users/arvind/Developer/tinker-rl-lab/experiments/tinker-runs/results/audit_trl_qwen3-8b_G4_easy_s123.json,"python3 /Users/arvind/Developer/tinker-rl-lab/experiments/tinker-runs/cell_runner.py --tag audit_trl_qwen3-8b_G4_easy_s123 --model ""Qwen/Qwen3-8B"" --task gsm8k --loss importance_sampling --seed 123 --group-size 4 --lr 1e-05 --steps 30 --rank 32 --difficulty easy --clip-low 0.2 --clip-high 0.2 --importance-level token --dynamic-sampling false --out /Users/arvind/Developer/tinker-rl-lab/experiments/tinker-runs/results/audit_trl_qwen3-8b_G4_easy_s123.json"
audit_trl_qwen3-8b_G2_hard_s123,audit,TRL,qwen3-8b,failed,2026-06-14T16:09:58.748934+00:00,2026-06-14T16:09:58.826804+00:00,2,/Users/arvind/Developer/tinker-rl-lab/experiments/tinker-runs/results/audit_trl_qwen3-8b_G2_hard_s123.json,"python3 /Users/arvind/Developer/tinker-rl-lab/experiments/tinker-runs/cell_runner.py --tag audit_trl_qwen3-8b_G2_hard_s123 --model ""Qwen/Qwen3-8B"" --task gsm8k --loss importance_sampling --seed 123 --group-size 2 --lr 1e-05 --steps 30 --rank 32 --difficulty hard --clip-low 0.2 --clip-high 0.2 --importance-level token --dynamic-sampling false --out /Users/arvind/Developer/tinker-rl-lab/experiments/tinker-runs/results/audit_trl_qwen3-8b_G2_hard_s123.json"
audit_trl_qwen3-8b_G2_medium_s123,audit,TRL,qwen3-8b,failed,2026-06-14T16:09:58.747489+00:00,2026-06-14T16:09:58.827800+00:00,2,/Users/arvind/Developer/tinker-rl-lab/experiments/tinker-runs/results/audit_trl_qwen3-8b_G2_medium_s123.json,"python3 /Users/arvind/Developer/tinker-rl-lab/experiments/tinker-runs/cell_runner.py --tag audit_trl_qwen3-8b_G2_medium_s123 --model ""Qwen/Qwen3-8B"" --task gsm8k --loss importance_sampling --seed 123 --group-size 2 --lr 1e-05 --steps 30 --rank 32 --difficulty medium --clip-low 0.2 --clip-high 0.2 --importance-level token --dynamic-sampling false --out /Users/arvind/Developer/tinker-rl-lab/experiments/tinker-runs/results/audit_trl_qwen3-8b_G2_medium_s123.json"
audit_trl_qwen3-8b_G4_medium_s123,audit,TRL,qwen3-8b,failed,2026-06-14T16:09:58.825348+00:00,2026-06-14T16:09:58.905671+00:00,2,/Users/arvind/Developer/tinker-rl-lab/experiments/tinker-runs/results/audit_trl_qwen3-8b_G4_medium_s123.json,"python3 /Users/arvind/Developer/tinker-rl-lab/experiments/tinker-runs/cell_runner.py --tag audit_trl_qwen3-8b_G4_medium_s123 --model ""Qwen/Qwen3-8B"" --task gsm8k --loss importance_sampling --seed 123 --group-size 4 --lr 1e-05 --steps 30 --rank 32 --difficulty medium --clip-low 0.2 --clip-high 0.2 --importance-level token --dynamic-sampling false --out /Users/arvind/Developer/tinker-rl-lab/experiments/tinker-runs/results/audit_trl_qwen3-8b_G4_medium_s123.json"
audit_trl_qwen3-8b_G4_hard_s123,audit,TRL,qwen3-8b,failed,2026-06-14T16:09:58.826768+00:00,2026-06-14T16:09:58.907104+00:00,2,/Users/arvind/Developer/tinker-rl-lab/experiments/tinker-runs/results/audit_trl_qwen3-8b_G4_hard_s123.json,"python3 /Users/arvind/Developer/tinker-rl-lab/experiments/tinker-runs/cell_runner.py --tag audit_trl_qwen3-8b_G4_hard_s123 --model ""Qwen/Qwen3-8B"" --task gsm8k --loss importance_sampling --seed 123 --group-size 4 --lr 1e-05 --steps 30 --rank 32 --difficulty hard --clip-low 0.2 --clip-high 0.2 --importance-level token --dynamic-sampling false --out /Users/arvind/Developer/tinker-rl-lab/experiments/tinker-runs/results/audit_trl_qwen3-8b_G4_hard_s123.json"
audit_trl_qwen3-8b_G8_medium_s123,audit,TRL,qwen3-8b,failed,2026-06-14T16:09:58.827917+00:00,2026-06-14T16:09:58.908417+00:00,2,/Users/arvind/Developer/tinker-rl-lab/experiments/tinker-runs/results/audit_trl_qwen3-8b_G8_medium_s123.json,"python3 /Users/arvind/Developer/tinker-rl-lab/experiments/tinker-runs/cell_runner.py --tag audit_trl_qwen3-8b_G8_medium_s123 --model ""Qwen/Qwen3-8B"" --task gsm8k --loss importance_sampling --seed 123 --group-size 8 --lr 1e-05 --steps 30 --rank 32 --difficulty medium --clip-low 0.2 --clip-high 0.2 --importance-level token --dynamic-sampling false --out /Users/arvind/Developer/tinker-rl-lab/experiments/tinker-runs/results/audit_trl_qwen3-8b_G8_medium_s123.json"
audit_trl_qwen3-8b_G8_easy_s123,audit,TRL,qwen3-8b,failed,2026-06-14T16:09:58.826832+00:00,2026-06-14T16:09:58.909761+00:00,2,/Users/arvind/Developer/tinker-rl-lab/experiments/tinker-runs/results/audit_trl_qwen3-8b_G8_easy_s123.json,"python3 /Users/arvind/Developer/tinker-rl-lab/experiments/tinker-runs/cell_runner.py --tag audit_trl_qwen3-8b_G8_easy_s123 --model ""Qwen/Qwen3-8B"" --task gsm8k --loss importance_sampling --seed 123 --group-size 8 --lr 1e-05 --steps 30 --rank 32 --difficulty easy --clip-low 0.2 --clip-high 0.2 --importance-level token --dynamic-sampling false --out /Users/arvind/Developer/tinker-rl-lab/experiments/tinker-runs/results/audit_trl_qwen3-8b_G8_easy_s123.json"
audit_trl_qwen3-8b_G16_hard_s123,audit,TRL,qwen3-8b,failed,2026-06-14T16:09:58.909872+00:00,2026-06-14T16:09:58.984185+00:00,2,/Users/arvind/Developer/tinker-rl-lab/experiments/tinker-runs/results/audit_trl_qwen3-8b_G16_hard_s123.json,"python3 /Users/arvind/Developer/tinker-rl-lab/experiments/tinker-runs/cell_runner.py --tag audit_trl_qwen3-8b_G16_hard_s123 --model ""Qwen/Qwen3-8B"" --task gsm8k --loss importance_sampling --seed 123 --group-size 16 --lr 1e-05 --steps 30 --rank 32 --difficulty hard --clip-low 0.2 --clip-high 0.2 --importance-level token --dynamic-sampling false --out /Users/arvind/Developer/tinker-rl-lab/experiments/tinker-runs/results/audit_trl_qwen3-8b_G16_hard_s123.json"
audit_trl_qwen3-8b_G16_easy_s123,audit,TRL,qwen3-8b,failed,2026-06-14T16:09:58.907222+00:00,2026-06-14T16:09:58.984306+00:00,2,/Users/arvind/Developer/tinker-rl-lab/experiments/tinker-runs/results/audit_trl_qwen3-8b_G16_easy_s123.json,"python3 /Users/arvind/Developer/tinker-rl-lab/experiments/tinker-runs/cell_runner.py --tag audit_trl_qwen3-8b_G16_easy_s123 --model ""Qwen/Qwen3-8B"" --task gsm8k --loss importance_sampling --seed 123 --group-size 16 --lr 1e-05 --steps 30 --rank 32 --difficulty easy --clip-low 0.2 --clip-high 0.2 --importance-level token --dynamic-sampling false --out /Users/arvind/Developer/tinker-rl-lab/experiments/tinker-runs/results/audit_trl_qwen3-8b_G16_easy_s123.json"
audit_trl_qwen3-8b_G8_hard_s123,audit,TRL,qwen3-8b,failed,2026-06-14T16:09:58.905770+00:00,2026-06-14T16:09:58.985427+00:00,2,/Users/arvind/Developer/tinker-rl-lab/experiments/tinker-runs/results/audit_trl_qwen3-8b_G8_hard_s123.json,"python3 /Users/arvind/Developer/tinker-rl-lab/experiments/tinker-runs/cell_runner.py --tag audit_trl_qwen3-8b_G8_hard_s123 --model ""Qwen/Qwen3-8B"" --task gsm8k --loss importance_sampling --seed 123 --group-size 8 --lr 1e-05 --steps 30 --rank 32 --difficulty hard --clip-low 0.2 --clip-high 0.2 --importance-level token --dynamic-sampling false --out /Users/arvind/Developer/tinker-rl-lab/experiments/tinker-runs/results/audit_trl_qwen3-8b_G8_hard_s123.json"
audit_trl_qwen3-8b_G16_medium_s123,audit,TRL,qwen3-8b,failed,2026-06-14T16:09:58.908544+00:00,2026-06-14T16:09:58.986744+00:00,2,/Users/arvind/Developer/tinker-rl-lab/experiments/tinker-runs/results/audit_trl_qwen3-8b_G16_medium_s123.json,"python3 /Users/arvind/Developer/tinker-rl-lab/experiments/tinker-runs/cell_runner.py --tag audit_trl_qwen3-8b_G16_medium_s123 --model ""Qwen/Qwen3-8B"" --task gsm8k --loss importance_sampling --seed 123 --group-size 16 --lr 1e-05 --steps 30 --rank 32 --difficulty medium --clip-low 0.2 --clip-high 0.2 --importance-level token --dynamic-sampling false --out /Users/arvind/Developer/tinker-rl-lab/experiments/tinker-runs/results/audit_trl_qwen3-8b_G16_medium_s123.json"
audit_trl_qwen3-8b_G4_easy_s456,audit,TRL,qwen3-8b,failed,2026-06-14T16:09:58.986865+00:00,2026-06-14T16:09:59.059154+00:00,2,/Users/arvind/Developer/tinker-rl-lab/experiments/tinker-runs/results/audit_trl_qwen3-8b_G4_easy_s456.json,"python3 /Users/arvind/Developer/tinker-rl-lab/experiments/tinker-runs/cell_runner.py --tag audit_trl_qwen3-8b_G4_easy_s456 --model ""Qwen/Qwen3-8B"" --task gsm8k --loss importance_sampling --seed 456 --group-size 4 --lr 1e-05 --steps 30 --rank 32 --difficulty easy --clip-low 0.2 --clip-high 0.2 --importance-level token --dynamic-sampling false --out /Users/arvind/Developer/tinker-rl-lab/experiments/tinker-runs/results/audit_trl_qwen3-8b_G4_easy_s456.json"
audit_trl_qwen3-8b_G2_medium_s456,audit,TRL,qwen3-8b,failed,2026-06-14T16:09:58.984331+00:00,2026-06-14T16:09:59.059257+00:00,2,/Users/arvind/Developer/tinker-rl-lab/experiments/tinker-runs/results/audit_trl_qwen3-8b_G2_medium_s456.json,"python3 /Users/arvind/Developer/tinker-rl-lab/experiments/tinker-runs/cell_runner.py --tag audit_trl_qwen3-8b_G2_medium_s456 --model ""Qwen/Qwen3-8B"" --task gsm8k --loss importance_sampling --seed 456 --group-size 2 --lr 1e-05 --steps 30 --rank 32 --difficulty medium --clip-low 0.2 --clip-high 0.2 --importance-level token --dynamic-sampling false --out /Users/arvind/Developer/tinker-rl-lab/experiments/tinker-runs/results/audit_trl_qwen3-8b_G2_medium_s456.json"
audit_trl_qwen3-8b_G2_easy_s456,audit,TRL,qwen3-8b,failed,2026-06-14T16:09:58.984272+00:00,2026-06-14T16:09:59.059416+00:00,2,/Users/arvind/Developer/tinker-rl-lab/experiments/tinker-runs/results/audit_trl_qwen3-8b_G2_easy_s456.json,"python3 /Users/arvind/Developer/tinker-rl-lab/experiments/tinker-runs/cell_runner.py --tag audit_trl_qwen3-8b_G2_easy_s456 --model ""Qwen/Qwen3-8B"" --task gsm8k --loss importance_sampling --seed 456 --group-size 2 --lr 1e-05 --steps 30 --rank 32 --difficulty easy --clip-low 0.2 --clip-high 0.2 --importance-level token --dynamic-sampling false --out /Users/arvind/Developer/tinker-rl-lab/experiments/tinker-runs/results/audit_trl_qwen3-8b_G2_easy_s456.json"
audit_trl_qwen3-8b_G2_hard_s456,audit,TRL,qwen3-8b,failed,2026-06-14T16:09:58.985547+00:00,2026-06-14T16:09:59.063973+00:00,2,/Users/arvind/Developer/tinker-rl-lab/experiments/tinker-runs/results/audit_trl_qwen3-8b_G2_hard_s456.json,"python3 /Users/arvind/Developer/tinker-rl-lab/experiments/tinker-runs/cell_runner.py --tag audit_trl_qwen3-8b_G2_hard_s456 --model ""Qwen/Qwen3-8B"" --task gsm8k --loss importance_sampling --seed 456 --group-size 2 --lr 1e-05 --steps 30 --rank 32 --difficulty hard --clip-low 0.2 --clip-high 0.2 --importance-level token --dynamic-sampling false --out /Users/arvind/Developer/tinker-rl-lab/experiments/tinker-runs/results/audit_trl_qwen3-8b_G2_hard_s456.json"
audit_trl_qwen3-8b_G4_hard_s456,audit,TRL,qwen3-8b,failed,2026-06-14T16:09:59.059276+00:00,2026-06-14T16:09:59.134094+00:00,2,/Users/arvind/Developer/tinker-rl-lab/experiments/tinker-runs/results/audit_trl_qwen3-8b_G4_hard_s456.json,"python3 /Users/arvind/Developer/tinker-rl-lab/experiments/tinker-runs/cell_runner.py --tag audit_trl_qwen3-8b_G4_hard_s456 --model ""Qwen/Qwen3-8B"" --task gsm8k --loss importance_sampling --seed 456 --group-size 4 --lr 1e-05 --steps 30 --rank 32 --difficulty hard --clip-low 0.2 --clip-high 0.2 --importance-level token --dynamic-sampling false --out /Users/arvind/Developer/tinker-rl-lab/experiments/tinker-runs/results/audit_trl_qwen3-8b_G4_hard_s456.json"
audit_trl_qwen3-8b_G4_medium_s456,audit,TRL,qwen3-8b,failed,2026-06-14T16:09:59.059221+00:00,2026-06-14T16:09:59.137677+00:00,2,/Users/arvind/Developer/tinker-rl-lab/experiments/tinker-runs/results/audit_trl_qwen3-8b_G4_medium_s456.json,"python3 /Users/arvind/Developer/tinker-rl-lab/experiments/tinker-runs/cell_runner.py --tag audit_trl_qwen3-8b_G4_medium_s456 --model ""Qwen/Qwen3-8B"" --task gsm8k --loss importance_sampling --seed 456 --group-size 4 --lr 1e-05 --steps 30 --rank 32 --difficulty medium --clip-low 0.2 --clip-high 0.2 --importance-level token --dynamic-sampling false --out /Users/arvind/Developer/tinker-rl-lab/experiments/tinker-runs/results/audit_trl_qwen3-8b_G4_medium_s456.json"
audit_trl_qwen3-8b_G8_easy_s456,audit,TRL,qwen3-8b,failed,2026-06-14T16:09:59.059435+00:00,2026-06-14T16:09:59.139545+00:00,2,/Users/arvind/Developer/tinker-rl-lab/experiments/tinker-runs/results/audit_trl_qwen3-8b_G8_easy_s456.json,"python3 /Users/arvind/Developer/tinker-rl-lab/experiments/tinker-runs/cell_runner.py --tag audit_trl_qwen3-8b_G8_easy_s456 --model ""Qwen/Qwen3-8B"" --task gsm8k --loss importance_sampling --seed 456 --group-size 8 --lr 1e-05 --steps 30 --rank 32 --difficulty easy --clip-low 0.2 --clip-high 0.2 --importance-level token --dynamic-sampling false --out /Users/arvind/Developer/tinker-rl-lab/experiments/tinker-runs/results/audit_trl_qwen3-8b_G8_easy_s456.json"
audit_trl_qwen3-8b_G8_medium_s456,audit,TRL,qwen3-8b,failed,2026-06-14T16:09:59.064021+00:00,2026-06-14T16:09:59.139617+00:00,2,/Users/arvind/Developer/tinker-rl-lab/experiments/tinker-runs/results/audit_trl_qwen3-8b_G8_medium_s456.json,"python3 /Users/arvind/Developer/tinker-rl-lab/experiments/tinker-runs/cell_runner.py --tag audit_trl_qwen3-8b_G8_medium_s456 --model ""Qwen/Qwen3-8B"" --task gsm8k --loss importance_sampling --seed 456 --group-size 8 --lr 1e-05 --steps 30 --rank 32 --difficulty medium --clip-low 0.2 --clip-high 0.2 --importance-level token --dynamic-sampling false --out /Users/arvind/Developer/tinker-rl-lab/experiments/tinker-runs/results/audit_trl_qwen3-8b_G8_medium_s456.json"
audit_trl_qwen3-8b_G8_hard_s456,audit,TRL,qwen3-8b,failed,2026-06-14T16:09:59.134188+00:00,2026-06-14T16:09:59.211879+00:00,2,/Users/arvind/Developer/tinker-rl-lab/experiments/tinker-runs/results/audit_trl_qwen3-8b_G8_hard_s456.json,"python3 /Users/arvind/Developer/tinker-rl-lab/experiments/tinker-runs/cell_runner.py --tag audit_trl_qwen3-8b_G8_hard_s456 --model ""Qwen/Qwen3-8B"" --task gsm8k --loss importance_sampling --seed 456 --group-size 8 --lr 1e-05 --steps 30 --rank 32 --difficulty hard --clip-low 0.2 --clip-high 0.2 --importance-level token --dynamic-sampling false --out /Users/arvind/Developer/tinker-rl-lab/experiments/tinker-runs/results/audit_trl_qwen3-8b_G8_hard_s456.json"
audit_trl_qwen3-8b_G16_hard_s456,audit,TRL,qwen3-8b,failed,2026-06-14T16:09:59.139632+00:00,2026-06-14T16:09:59.216513+00:00,2,/Users/arvind/Developer/tinker-rl-lab/experiments/tinker-runs/results/audit_trl_qwen3-8b_G16_hard_s456.json,"python3 /Users/arvind/Developer/tinker-rl-lab/experiments/tinker-runs/cell_runner.py --tag audit_trl_qwen3-8b_G16_hard_s456 --model ""Qwen/Qwen3-8B"" --task gsm8k --loss importance_sampling --seed 456 --group-size 16 --lr 1e-05 --steps 30 --rank 32 --difficulty hard --clip-low 0.2 --clip-high 0.2 --importance-level token --dynamic-sampling false --out /Users/arvind/Developer/tinker-rl-lab/experiments/tinker-runs/results/audit_trl_qwen3-8b_G16_hard_s456.json"
audit_trl_qwen3-8b_G16_easy_s456,audit,TRL,qwen3-8b,failed,2026-06-14T16:09:59.137727+00:00,2026-06-14T16:09:59.217932+00:00,2,/Users/arvind/Developer/tinker-rl-lab/experiments/tinker-runs/results/audit_trl_qwen3-8b_G16_easy_s456.json,"python3 /Users/arvind/Developer/tinker-rl-lab/experiments/tinker-runs/cell_runner.py --tag audit_trl_qwen3-8b_G16_easy_s456 --model ""Qwen/Qwen3-8B"" --task gsm8k --loss importance_sampling --seed 456 --group-size 16 --lr 1e-05 --steps 30 --rank 32 --difficulty easy --clip-low 0.2 --clip-high 0.2 --importance-level token --dynamic-sampling false --out /Users/arvind/Developer/tinker-rl-lab/experiments/tinker-runs/results/audit_trl_qwen3-8b_G16_easy_s456.json"
audit_trl_qwen3-8b_G16_medium_s456,audit,TRL,qwen3-8b,failed,2026-06-14T16:09:59.139585+00:00,2026-06-14T16:09:59.218157+00:00,2,/Users/arvind/Developer/tinker-rl-lab/experiments/tinker-runs/results/audit_trl_qwen3-8b_G16_medium_s456.json,"python3 /Users/arvind/Developer/tinker-rl-lab/experiments/tinker-runs/cell_runner.py --tag audit_trl_qwen3-8b_G16_medium_s456 --model ""Qwen/Qwen3-8B"" --task gsm8k --loss importance_sampling --seed 456 --group-size 16 --lr 1e-05 --steps 30 --rank 32 --difficulty medium --clip-low 0.2 --clip-high 0.2 --importance-level token --dynamic-sampling false --out /Users/arvind/Developer/tinker-rl-lab/experiments/tinker-runs/results/audit_trl_qwen3-8b_G16_medium_s456.json"
audit_trl_qwen3-8b_G2_easy_s789,audit,TRL,qwen3-8b,failed,2026-06-14T16:09:59.211953+00:00,2026-06-14T16:09:59.287398+00:00,2,/Users/arvind/Developer/tinker-rl-lab/experiments/tinker-runs/results/audit_trl_qwen3-8b_G2_easy_s789.json,"python3 /Users/arvind/Developer/tinker-rl-lab/experiments/tinker-runs/cell_runner.py --tag audit_trl_qwen3-8b_G2_easy_s789 --model ""Qwen/Qwen3-8B"" --task gsm8k --loss importance_sampling --seed 789 --group-size 2 --lr 1e-05 --steps 30 --rank 32 --difficulty easy --clip-low 0.2 --clip-high 0.2 --importance-level token --dynamic-sampling false --out /Users/arvind/Developer/tinker-rl-lab/experiments/tinker-runs/results/audit_trl_qwen3-8b_G2_easy_s789.json"
audit_trl_qwen3-8b_G2_medium_s789,audit,TRL,qwen3-8b,failed,2026-06-14T16:09:59.216567+00:00,2026-06-14T16:09:59.290512+00:00,2,/Users/arvind/Developer/tinker-rl-lab/experiments/tinker-runs/results/audit_trl_qwen3-8b_G2_medium_s789.json,"python3 /Users/arvind/Developer/tinker-rl-lab/experiments/tinker-runs/cell_runner.py --tag audit_trl_qwen3-8b_G2_medium_s789 --model ""Qwen/Qwen3-8B"" --task gsm8k --loss importance_sampling --seed 789 --group-size 2 --lr 1e-05 --steps 30 --rank 32 --difficulty medium --clip-low 0.2 --clip-high 0.2 --importance-level token --dynamic-sampling false --out /Users/arvind/Developer/tinker-rl-lab/experiments/tinker-runs/results/audit_trl_qwen3-8b_G2_medium_s789.json"
audit_trl_qwen3-8b_G4_easy_s789,audit,TRL,qwen3-8b,failed,2026-06-14T16:09:59.218186+00:00,2026-06-14T16:09:59.293075+00:00,2,/Users/arvind/Developer/tinker-rl-lab/experiments/tinker-runs/results/audit_trl_qwen3-8b_G4_easy_s789.json,"python3 /Users/arvind/Developer/tinker-rl-lab/experiments/tinker-runs/cell_runner.py --tag audit_trl_qwen3-8b_G4_easy_s789 --model ""Qwen/Qwen3-8B"" --task gsm8k --loss importance_sampling --seed 789 --group-size 4 --lr 1e-05 --steps 30 --rank 32 --difficulty easy --clip-low 0.2 --clip-high 0.2 --importance-level token --dynamic-sampling false --out /Users/arvind/Developer/tinker-rl-lab/experiments/tinker-runs/results/audit_trl_qwen3-8b_G4_easy_s789.json"
audit_trl_qwen3-8b_G2_hard_s789,audit,TRL,qwen3-8b,failed,2026-06-14T16:09:59.218040+00:00,2026-06-14T16:09:59.294309+00:00,2,/Users/arvind/Developer/tinker-rl-lab/experiments/tinker-runs/results/audit_trl_qwen3-8b_G2_hard_s789.json,"python3 /Users/arvind/Developer/tinker-rl-lab/experiments/tinker-runs/cell_runner.py --tag audit_trl_qwen3-8b_G2_hard_s789 --model ""Qwen/Qwen3-8B"" --task gsm8k --loss importance_sampling --seed 789 --group-size 2 --lr 1e-05 --steps 30 --rank 32 --difficulty hard --clip-low 0.2 --clip-high 0.2 --importance-level token --dynamic-sampling false --out /Users/arvind/Developer/tinker-rl-lab/experiments/tinker-runs/results/audit_trl_qwen3-8b_G2_hard_s789.json"
audit_trl_qwen3-8b_G4_medium_s789,audit,TRL,qwen3-8b,failed,2026-06-14T16:09:59.287489+00:00,2026-06-14T16:09:59.358422+00:00,2,/Users/arvind/Developer/tinker-rl-lab/experiments/tinker-runs/results/audit_trl_qwen3-8b_G4_medium_s789.json,"python3 /Users/arvind/Developer/tinker-rl-lab/experiments/tinker-runs/cell_runner.py --tag audit_trl_qwen3-8b_G4_medium_s789 --model ""Qwen/Qwen3-8B"" --task gsm8k --loss importance_sampling --seed 789 --group-size 4 --lr 1e-05 --steps 30 --rank 32 --difficulty medium --clip-low 0.2 --clip-high 0.2 --importance-level token --dynamic-sampling false --out /Users/arvind/Developer/tinker-rl-lab/experiments/tinker-runs/results/audit_trl_qwen3-8b_G4_medium_s789.json"
audit_trl_qwen3-8b_G4_hard_s789,audit,TRL,qwen3-8b,failed,2026-06-14T16:09:59.290552+00:00,2026-06-14T16:09:59.364667+00:00,2,/Users/arvind/Developer/tinker-rl-lab/experiments/tinker-runs/results/audit_trl_qwen3-8b_G4_hard_s789.json,"python3 /Users/arvind/Developer/tinker-rl-lab/experiments/tinker-runs/cell_runner.py --tag audit_trl_qwen3-8b_G4_hard_s789 --model ""Qwen/Qwen3-8B"" --task gsm8k --loss importance_sampling --seed 789 --group-size 4 --lr 1e-05 --steps 30 --rank 32 --difficulty hard --clip-low 0.2 --clip-high 0.2 --importance-level token --dynamic-sampling false --out /Users/arvind/Developer/tinker-rl-lab/experiments/tinker-runs/results/audit_trl_qwen3-8b_G4_hard_s789.json"
audit_trl_qwen3-8b_G8_medium_s789,audit,TRL,qwen3-8b,failed,2026-06-14T16:09:59.294417+00:00,2026-06-14T16:09:59.364727+00:00,2,/Users/arvind/Developer/tinker-rl-lab/experiments/tinker-runs/results/audit_trl_qwen3-8b_G8_medium_s789.json,"python3 /Users/arvind/Developer/tinker-rl-lab/experiments/tinker-runs/cell_runner.py --tag audit_trl_qwen3-8b_G8_medium_s789 --model ""Qwen/Qwen3-8B"" --task gsm8k --loss importance_sampling --seed 789 --group-size 8 --lr 1e-05 --steps 30 --rank 32 --difficulty medium --clip-low 0.2 --clip-high 0.2 --importance-level token --dynamic-sampling false --out /Users/arvind/Developer/tinker-rl-lab/experiments/tinker-runs/results/audit_trl_qwen3-8b_G8_medium_s789.json"
audit_trl_qwen3-8b_G8_easy_s789,audit,TRL,qwen3-8b,failed,2026-06-14T16:09:59.293141+00:00,2026-06-14T16:09:59.366996+00:00,2,/Users/arvind/Developer/tinker-rl-lab/experiments/tinker-runs/results/audit_trl_qwen3-8b_G8_easy_s789.json,"python3 /Users/arvind/Developer/tinker-rl-lab/experiments/tinker-runs/cell_runner.py --tag audit_trl_qwen3-8b_G8_easy_s789 --model ""Qwen/Qwen3-8B"" --task gsm8k --loss importance_sampling --seed 789 --group-size 8 --lr 1e-05 --steps 30 --rank 32 --difficulty easy --clip-low 0.2 --clip-high 0.2 --importance-level token --dynamic-sampling false --out /Users/arvind/Developer/tinker-rl-lab/experiments/tinker-runs/results/audit_trl_qwen3-8b_G8_easy_s789.json"
audit_trl_qwen3-8b_G8_hard_s789,audit,TRL,qwen3-8b,failed,2026-06-14T16:09:59.358556+00:00,2026-06-14T16:09:59.434311+00:00,2,/Users/arvind/Developer/tinker-rl-lab/experiments/tinker-runs/results/audit_trl_qwen3-8b_G8_hard_s789.json,"python3 /Users/arvind/Developer/tinker-rl-lab/experiments/tinker-runs/cell_runner.py --tag audit_trl_qwen3-8b_G8_hard_s789 --model ""Qwen/Qwen3-8B"" --task gsm8k --loss importance_sampling --seed 789 --group-size 8 --lr 1e-05 --steps 30 --rank 32 --difficulty hard --clip-low 0.2 --clip-high 0.2 --importance-level token --dynamic-sampling false --out /Users/arvind/Developer/tinker-rl-lab/experiments/tinker-runs/results/audit_trl_qwen3-8b_G8_hard_s789.json"
audit_trl_qwen3-8b_G16_medium_s789,audit,TRL,qwen3-8b,failed,2026-06-14T16:09:59.364741+00:00,2026-06-14T16:09:59.439905+00:00,2,/Users/arvind/Developer/tinker-rl-lab/experiments/tinker-runs/results/audit_trl_qwen3-8b_G16_medium_s789.json,"python3 /Users/arvind/Developer/tinker-rl-lab/experiments/tinker-runs/cell_runner.py --tag audit_trl_qwen3-8b_G16_medium_s789 --model ""Qwen/Qwen3-8B"" --task gsm8k --loss importance_sampling --seed 789 --group-size 16 --lr 1e-05 --steps 30 --rank 32 --difficulty medium --clip-low 0.2 --clip-high 0.2 --importance-level token --dynamic-sampling false --out /Users/arvind/Developer/tinker-rl-lab/experiments/tinker-runs/results/audit_trl_qwen3-8b_G16_medium_s789.json"
audit_trl_qwen3-8b_G16_hard_s789,audit,TRL,qwen3-8b,failed,2026-06-14T16:09:59.367144+00:00,2026-06-14T16:09:59.440447+00:00,2,/Users/arvind/Developer/tinker-rl-lab/experiments/tinker-runs/results/audit_trl_qwen3-8b_G16_hard_s789.json,"python3 /Users/arvind/Developer/tinker-rl-lab/experiments/tinker-runs/cell_runner.py --tag audit_trl_qwen3-8b_G16_hard_s789 --model ""Qwen/Qwen3-8B"" --task gsm8k --loss importance_sampling --seed 789 --group-size 16 --lr 1e-05 --steps 30 --rank 32 --difficulty hard --clip-low 0.2 --clip-high 0.2 --importance-level token --dynamic-sampling false --out /Users/arvind/Developer/tinker-rl-lab/experiments/tinker-runs/results/audit_trl_qwen3-8b_G16_hard_s789.json"
audit_trl_qwen3-8b_G16_easy_s789,audit,TRL,qwen3-8b,failed,2026-06-14T16:09:59.364708+00:00,2026-06-14T16:09:59.442398+00:00,2,/Users/arvind/Developer/tinker-rl-lab/experiments/tinker-runs/results/audit_trl_qwen3-8b_G16_easy_s789.json,"python3 /Users/arvind/Developer/tinker-rl-lab/experiments/tinker-runs/cell_runner.py --tag audit_trl_qwen3-8b_G16_easy_s789 --model ""Qwen/Qwen3-8B"" --task gsm8k --loss importance_sampling --seed 789 --group-size 16 --lr 1e-05 --steps 30 --rank 32 --difficulty easy --clip-low 0.2 --clip-high 0.2 --importance-level token --dynamic-sampling false --out /Users/arvind/Developer/tinker-rl-lab/experiments/tinker-runs/results/audit_trl_qwen3-8b_G16_easy_s789.json"
audit_trl_qwen3-8b_G2_easy_s1024,audit,TRL,qwen3-8b,failed,2026-06-14T16:09:59.434398+00:00,2026-06-14T16:09:59.508956+00:00,2,/Users/arvind/Developer/tinker-rl-lab/experiments/tinker-runs/results/audit_trl_qwen3-8b_G2_easy_s1024.json,"python3 /Users/arvind/Developer/tinker-rl-lab/experiments/tinker-runs/cell_runner.py --tag audit_trl_qwen3-8b_G2_easy_s1024 --model ""Qwen/Qwen3-8B"" --task gsm8k --loss importance_sampling --seed 1024 --group-size 2 --lr 1e-05 --steps 30 --rank 32 --difficulty easy --clip-low 0.2 --clip-high 0.2 --importance-level token --dynamic-sampling false --out /Users/arvind/Developer/tinker-rl-lab/experiments/tinker-runs/results/audit_trl_qwen3-8b_G2_easy_s1024.json"
audit_trl_qwen3-8b_G2_medium_s1024,audit,TRL,qwen3-8b,failed,2026-06-14T16:09:59.439948+00:00,2026-06-14T16:09:59.514968+00:00,2,/Users/arvind/Developer/tinker-rl-lab/experiments/tinker-runs/results/audit_trl_qwen3-8b_G2_medium_s1024.json,"python3 /Users/arvind/Developer/tinker-rl-lab/experiments/tinker-runs/cell_runner.py --tag audit_trl_qwen3-8b_G2_medium_s1024 --model ""Qwen/Qwen3-8B"" --task gsm8k --loss importance_sampling --seed 1024 --group-size 2 --lr 1e-05 --steps 30 --rank 32 --difficulty medium --clip-low 0.2 --clip-high 0.2 --importance-level token --dynamic-sampling false --out /Users/arvind/Developer/tinker-rl-lab/experiments/tinker-runs/results/audit_trl_qwen3-8b_G2_medium_s1024.json"
audit_trl_qwen3-8b_G4_easy_s1024,audit,TRL,qwen3-8b,failed,2026-06-14T16:09:59.442520+00:00,2026-06-14T16:09:59.516208+00:00,2,/Users/arvind/Developer/tinker-rl-lab/experiments/tinker-runs/results/audit_trl_qwen3-8b_G4_easy_s1024.json,"python3 /Users/arvind/Developer/tinker-rl-lab/experiments/tinker-runs/cell_runner.py --tag audit_trl_qwen3-8b_G4_easy_s1024 --model ""Qwen/Qwen3-8B"" --task gsm8k --loss importance_sampling --seed 1024 --group-size 4 --lr 1e-05 --steps 30 --rank 32 --difficulty easy --clip-low 0.2 --clip-high 0.2 --importance-level token --dynamic-sampling false --out /Users/arvind/Developer/tinker-rl-lab/experiments/tinker-runs/results/audit_trl_qwen3-8b_G4_easy_s1024.json"
audit_trl_qwen3-8b_G2_hard_s1024,audit,TRL,qwen3-8b,failed,2026-06-14T16:09:59.440462+00:00,2026-06-14T16:09:59.516337+00:00,2,/Users/arvind/Developer/tinker-rl-lab/experiments/tinker-runs/results/audit_trl_qwen3-8b_G2_hard_s1024.json,"python3 /Users/arvind/Developer/tinker-rl-lab/experiments/tinker-runs/cell_runner.py --tag audit_trl_qwen3-8b_G2_hard_s1024 --model ""Qwen/Qwen3-8B"" --task gsm8k --loss importance_sampling --seed 1024 --group-size 2 --lr 1e-05 --steps 30 --rank 32 --difficulty hard --clip-low 0.2 --clip-high 0.2 --importance-level token --dynamic-sampling false --out /Users/arvind/Developer/tinker-rl-lab/experiments/tinker-runs/results/audit_trl_qwen3-8b_G2_hard_s1024.json"
audit_trl_qwen3-8b_G4_medium_s1024,audit,TRL,qwen3-8b,failed,2026-06-14T16:09:59.509058+00:00,2026-06-14T16:09:59.584382+00:00,2,/Users/arvind/Developer/tinker-rl-lab/experiments/tinker-runs/results/audit_trl_qwen3-8b_G4_medium_s1024.json,"python3 /Users/arvind/Developer/tinker-rl-lab/experiments/tinker-runs/cell_runner.py --tag audit_trl_qwen3-8b_G4_medium_s1024 --model ""Qwen/Qwen3-8B"" --task gsm8k --loss importance_sampling --seed 1024 --group-size 4 --lr 1e-05 --steps 30 --rank 32 --difficulty medium --clip-low 0.2 --clip-high 0.2 --importance-level token --dynamic-sampling false --out /Users/arvind/Developer/tinker-rl-lab/experiments/tinker-runs/results/audit_trl_qwen3-8b_G4_medium_s1024.json"
audit_trl_qwen3-8b_G8_medium_s1024,audit,TRL,qwen3-8b,failed,2026-06-14T16:09:59.516350+00:00,2026-06-14T16:09:59.589554+00:00,2,/Users/arvind/Developer/tinker-rl-lab/experiments/tinker-runs/results/audit_trl_qwen3-8b_G8_medium_s1024.json,"python3 /Users/arvind/Developer/tinker-rl-lab/experiments/tinker-runs/cell_runner.py --tag audit_trl_qwen3-8b_G8_medium_s1024 --model ""Qwen/Qwen3-8B"" --task gsm8k --loss importance_sampling --seed 1024 --group-size 8 --lr 1e-05 --steps 30 --rank 32 --difficulty medium --clip-low 0.2 --clip-high 0.2 --importance-level token --dynamic-sampling false --out /Users/arvind/Developer/tinker-rl-lab/experiments/tinker-runs/results/audit_trl_qwen3-8b_G8_medium_s1024.json"
audit_trl_qwen3-8b_G8_easy_s1024,audit,TRL,qwen3-8b,failed,2026-06-14T16:09:59.516305+00:00,2026-06-14T16:09:59.590652+00:00,2,/Users/arvind/Developer/tinker-rl-lab/experiments/tinker-runs/results/audit_trl_qwen3-8b_G8_easy_s1024.json,"python3 /Users/arvind/Developer/tinker-rl-lab/experiments/tinker-runs/cell_runner.py --tag audit_trl_qwen3-8b_G8_easy_s1024 --model ""Qwen/Qwen3-8B"" --task gsm8k --loss importance_sampling --seed 1024 --group-size 8 --lr 1e-05 --steps 30 --rank 32 --difficulty easy --clip-low 0.2 --clip-high 0.2 --importance-level token --dynamic-sampling false --out /Users/arvind/Developer/tinker-rl-lab/experiments/tinker-runs/results/audit_trl_qwen3-8b_G8_easy_s1024.json"
audit_trl_qwen3-8b_G4_hard_s1024,audit,TRL,qwen3-8b,failed,2026-06-14T16:09:59.515023+00:00,2026-06-14T16:09:59.592867+00:00,2,/Users/arvind/Developer/tinker-rl-lab/experiments/tinker-runs/results/audit_trl_qwen3-8b_G4_hard_s1024.json,"python3 /Users/arvind/Developer/tinker-rl-lab/experiments/tinker-runs/cell_runner.py --tag audit_trl_qwen3-8b_G4_hard_s1024 --model ""Qwen/Qwen3-8B"" --task gsm8k --loss importance_sampling --seed 1024 --group-size 4 --lr 1e-05 --steps 30 --rank 32 --difficulty hard --clip-low 0.2 --clip-high 0.2 --importance-level token --dynamic-sampling false --out /Users/arvind/Developer/tinker-rl-lab/experiments/tinker-runs/results/audit_trl_qwen3-8b_G4_hard_s1024.json"
audit_trl_qwen3-8b_G8_hard_s1024,audit,TRL,qwen3-8b,failed,2026-06-14T16:09:59.584461+00:00,2026-06-14T16:09:59.662733+00:00,2,/Users/arvind/Developer/tinker-rl-lab/experiments/tinker-runs/results/audit_trl_qwen3-8b_G8_hard_s1024.json,"python3 /Users/arvind/Developer/tinker-rl-lab/experiments/tinker-runs/cell_runner.py --tag audit_trl_qwen3-8b_G8_hard_s1024 --model ""Qwen/Qwen3-8B"" --task gsm8k --loss importance_sampling --seed 1024 --group-size 8 --lr 1e-05 --steps 30 --rank 32 --difficulty hard --clip-low 0.2 --clip-high 0.2 --importance-level token --dynamic-sampling false --out /Users/arvind/Developer/tinker-rl-lab/experiments/tinker-runs/results/audit_trl_qwen3-8b_G8_hard_s1024.json"
audit_trl_qwen3-8b_G16_easy_s1024,audit,TRL,qwen3-8b,failed,2026-06-14T16:09:59.589603+00:00,2026-06-14T16:09:59.664119+00:00,2,/Users/arvind/Developer/tinker-rl-lab/experiments/tinker-runs/results/audit_trl_qwen3-8b_G16_easy_s1024.json,"python3 /Users/arvind/Developer/tinker-rl-lab/experiments/tinker-runs/cell_runner.py --tag audit_trl_qwen3-8b_G16_easy_s1024 --model ""Qwen/Qwen3-8B"" --task gsm8k --loss importance_sampling --seed 1024 --group-size 16 --lr 1e-05 --steps 30 --rank 32 --difficulty easy --clip-low 0.2 --clip-high 0.2 --importance-level token --dynamic-sampling false --out /Users/arvind/Developer/tinker-rl-lab/experiments/tinker-runs/results/audit_trl_qwen3-8b_G16_easy_s1024.json"
audit_trl_qwen3-8b_G16_medium_s1024,audit,TRL,qwen3-8b,failed,2026-06-14T16:09:59.590776+00:00,2026-06-14T16:09:59.666109+00:00,2,/Users/arvind/Developer/tinker-rl-lab/experiments/tinker-runs/results/audit_trl_qwen3-8b_G16_medium_s1024.json,"python3 /Users/arvind/Developer/tinker-rl-lab/experiments/tinker-runs/cell_runner.py --tag audit_trl_qwen3-8b_G16_medium_s1024 --model ""Qwen/Qwen3-8B"" --task gsm8k --loss importance_sampling --seed 1024 --group-size 16 --lr 1e-05 --steps 30 --rank 32 --difficulty medium --clip-low 0.2 --clip-high 0.2 --importance-level token --dynamic-sampling false --out /Users/arvind/Developer/tinker-rl-lab/experiments/tinker-runs/results/audit_trl_qwen3-8b_G16_medium_s1024.json"
audit_trl_qwen3-8b_G16_hard_s1024,audit,TRL,qwen3-8b,failed,2026-06-14T16:09:59.592926+00:00,2026-06-14T16:09:59.667612+00:00,2,/Users/arvind/Developer/tinker-rl-lab/experiments/tinker-runs/results/audit_trl_qwen3-8b_G16_hard_s1024.json,"python3 /Users/arvind/Developer/tinker-rl-lab/experiments/tinker-runs/cell_runner.py --tag audit_trl_qwen3-8b_G16_hard_s1024 --model ""Qwen/Qwen3-8B"" --task gsm8k --loss importance_sampling --seed 1024 --group-size 16 --lr 1e-05 --steps 30 --rank 32 --difficulty hard --clip-low 0.2 --clip-high 0.2 --importance-level token --dynamic-sampling false --out /Users/arvind/Developer/tinker-rl-lab/experiments/tinker-runs/results/audit_trl_qwen3-8b_G16_hard_s1024.json"
audit_trl_qwen3-32b_G2_easy_s42,audit,TRL,qwen3-32b,failed,2026-06-14T16:09:59.662811+00:00,2026-06-14T16:09:59.741289+00:00,2,/Users/arvind/Developer/tinker-rl-lab/experiments/tinker-runs/results/audit_trl_qwen3-32b_G2_easy_s42.json,"python3 /Users/arvind/Developer/tinker-rl-lab/experiments/tinker-runs/cell_runner.py --tag audit_trl_qwen3-32b_G2_easy_s42 --model ""Qwen/Qwen3-32B"" --task gsm8k --loss importance_sampling --seed 42 --group-size 2 --lr 1e-05 --steps 30 --rank 32 --difficulty easy --clip-low 0.2 --clip-high 0.2 --importance-level token --dynamic-sampling false --out /Users/arvind/Developer/tinker-rl-lab/experiments/tinker-runs/results/audit_trl_qwen3-32b_G2_easy_s42.json"
audit_trl_qwen3-32b_G2_hard_s42,audit,TRL,qwen3-32b,failed,2026-06-14T16:09:59.666171+00:00,2026-06-14T16:09:59.742795+00:00,2,/Users/arvind/Developer/tinker-rl-lab/experiments/tinker-runs/results/audit_trl_qwen3-32b_G2_hard_s42.json,"python3 /Users/arvind/Developer/tinker-rl-lab/experiments/tinker-runs/cell_runner.py --tag audit_trl_qwen3-32b_G2_hard_s42 --model ""Qwen/Qwen3-32B"" --task gsm8k --loss importance_sampling --seed 42 --group-size 2 --lr 1e-05 --steps 30 --rank 32 --difficulty hard --clip-low 0.2 --clip-high 0.2 --importance-level token --dynamic-sampling false --out /Users/arvind/Developer/tinker-rl-lab/experiments/tinker-runs/results/audit_trl_qwen3-32b_G2_hard_s42.json"
audit_trl_qwen3-32b_G4_easy_s42,audit,TRL,qwen3-32b,failed,2026-06-14T16:09:59.667688+00:00,2026-06-14T16:09:59.743978+00:00,2,/Users/arvind/Developer/tinker-rl-lab/experiments/tinker-runs/results/audit_trl_qwen3-32b_G4_easy_s42.json,"python3 /Users/arvind/Developer/tinker-rl-lab/experiments/tinker-runs/cell_runner.py --tag audit_trl_qwen3-32b_G4_easy_s42 --model ""Qwen/Qwen3-32B"" --task gsm8k --loss importance_sampling --seed 42 --group-size 4 --lr 1e-05 --steps 30 --rank 32 --difficulty easy --clip-low 0.2 --clip-high 0.2 --importance-level token --dynamic-sampling false --out /Users/arvind/Developer/tinker-rl-lab/experiments/tinker-runs/results/audit_trl_qwen3-32b_G4_easy_s42.json"
audit_trl_qwen3-32b_G2_medium_s42,audit,TRL,qwen3-32b,failed,2026-06-14T16:09:59.664237+00:00,2026-06-14T16:09:59.745087+00:00,2,/Users/arvind/Developer/tinker-rl-lab/experiments/tinker-runs/results/audit_trl_qwen3-32b_G2_medium_s42.json,"python3 /Users/arvind/Developer/tinker-rl-lab/experiments/tinker-runs/cell_runner.py --tag audit_trl_qwen3-32b_G2_medium_s42 --model ""Qwen/Qwen3-32B"" --task gsm8k --loss importance_sampling --seed 42 --group-size 2 --lr 1e-05 --steps 30 --rank 32 --difficulty medium --clip-low 0.2 --clip-high 0.2 --importance-level token --dynamic-sampling false --out /Users/arvind/Developer/tinker-rl-lab/experiments/tinker-runs/results/audit_trl_qwen3-32b_G2_medium_s42.json"
audit_trl_qwen3-32b_G8_medium_s42,audit,TRL,qwen3-32b,failed,2026-06-14T16:09:59.745207+00:00,2026-06-14T16:09:59.816554+00:00,2,/Users/arvind/Developer/tinker-rl-lab/experiments/tinker-runs/results/audit_trl_qwen3-32b_G8_medium_s42.json,"python3 /Users/arvind/Developer/tinker-rl-lab/experiments/tinker-runs/cell_runner.py --tag audit_trl_qwen3-32b_G8_medium_s42 --model ""Qwen/Qwen3-32B"" --task gsm8k --loss importance_sampling --seed 42 --group-size 8 --lr 1e-05 --steps 30 --rank 32 --difficulty medium --clip-low 0.2 --clip-high 0.2 --importance-level token --dynamic-sampling false --out /Users/arvind/Developer/tinker-rl-lab/experiments/tinker-runs/results/audit_trl_qwen3-32b_G8_medium_s42.json"
audit_trl_qwen3-32b_G4_hard_s42,audit,TRL,qwen3-32b,failed,2026-06-14T16:09:59.742942+00:00,2026-06-14T16:09:59.816798+00:00,2,/Users/arvind/Developer/tinker-rl-lab/experiments/tinker-runs/results/audit_trl_qwen3-32b_G4_hard_s42.json,"python3 /Users/arvind/Developer/tinker-rl-lab/experiments/tinker-runs/cell_runner.py --tag audit_trl_qwen3-32b_G4_hard_s42 --model ""Qwen/Qwen3-32B"" --task gsm8k --loss importance_sampling --seed 42 --group-size 4 --lr 1e-05 --steps 30 --rank 32 --difficulty hard --clip-low 0.2 --clip-high 0.2 --importance-level token --dynamic-sampling false --out /Users/arvind/Developer/tinker-rl-lab/experiments/tinker-runs/results/audit_trl_qwen3-32b_G4_hard_s42.json"
audit_trl_qwen3-32b_G4_medium_s42,audit,TRL,qwen3-32b,failed,2026-06-14T16:09:59.741359+00:00,2026-06-14T16:09:59.816824+00:00,2,/Users/arvind/Developer/tinker-rl-lab/experiments/tinker-runs/results/audit_trl_qwen3-32b_G4_medium_s42.json,"python3 /Users/arvind/Developer/tinker-rl-lab/experiments/tinker-runs/cell_runner.py --tag audit_trl_qwen3-32b_G4_medium_s42 --model ""Qwen/Qwen3-32B"" --task gsm8k --loss importance_sampling --seed 42 --group-size 4 --lr 1e-05 --steps 30 --rank 32 --difficulty medium --clip-low 0.2 --clip-high 0.2 --importance-level token --dynamic-sampling false --out /Users/arvind/Developer/tinker-rl-lab/experiments/tinker-runs/results/audit_trl_qwen3-32b_G4_medium_s42.json"
audit_trl_qwen3-32b_G8_easy_s42,audit,TRL,qwen3-32b,failed,2026-06-14T16:09:59.744096+00:00,2026-06-14T16:09:59.820932+00:00,2,/Users/arvind/Developer/tinker-rl-lab/experiments/tinker-runs/results/audit_trl_qwen3-32b_G8_easy_s42.json,"python3 /Users/arvind/Developer/tinker-rl-lab/experiments/tinker-runs/cell_runner.py --tag audit_trl_qwen3-32b_G8_easy_s42 --model ""Qwen/Qwen3-32B"" --task gsm8k --loss importance_sampling --seed 42 --group-size 8 --lr 1e-05 --steps 30 --rank 32 --difficulty easy --clip-low 0.2 --clip-high 0.2 --importance-level token --dynamic-sampling false --out /Users/arvind/Developer/tinker-rl-lab/experiments/tinker-runs/results/audit_trl_qwen3-32b_G8_easy_s42.json"
audit_trl_qwen3-32b_G16_hard_s42,audit,TRL,qwen3-32b,failed,2026-06-14T16:09:59.821106+00:00,2026-06-14T16:09:59.893116+00:00,2,/Users/arvind/Developer/tinker-rl-lab/experiments/tinker-runs/results/audit_trl_qwen3-32b_G16_hard_s42.json,"python3 /Users/arvind/Developer/tinker-rl-lab/experiments/tinker-runs/cell_runner.py --tag audit_trl_qwen3-32b_G16_hard_s42 --model ""Qwen/Qwen3-32B"" --task gsm8k --loss importance_sampling --seed 42 --group-size 16 --lr 1e-05 --steps 30 --rank 32 --difficulty hard --clip-low 0.2 --clip-high 0.2 --importance-level token --dynamic-sampling false --out /Users/arvind/Developer/tinker-rl-lab/experiments/tinker-runs/results/audit_trl_qwen3-32b_G16_hard_s42.json"
audit_trl_qwen3-32b_G16_medium_s42,audit,TRL,qwen3-32b,failed,2026-06-14T16:09:59.816839+00:00,2026-06-14T16:09:59.894344+00:00,2,/Users/arvind/Developer/tinker-rl-lab/experiments/tinker-runs/results/audit_trl_qwen3-32b_G16_medium_s42.json,"python3 /Users/arvind/Developer/tinker-rl-lab/experiments/tinker-runs/cell_runner.py --tag audit_trl_qwen3-32b_G16_medium_s42 --model ""Qwen/Qwen3-32B"" --task gsm8k --loss importance_sampling --seed 42 --group-size 16 --lr 1e-05 --steps 30 --rank 32 --difficulty medium --clip-low 0.2 --clip-high 0.2 --importance-level token --dynamic-sampling false --out /Users/arvind/Developer/tinker-rl-lab/experiments/tinker-runs/results/audit_trl_qwen3-32b_G16_medium_s42.json"
audit_trl_qwen3-32b_G8_hard_s42,audit,TRL,qwen3-32b,failed,2026-06-14T16:09:59.816617+00:00,2026-06-14T16:09:59.896460+00:00,2,/Users/arvind/Developer/tinker-rl-lab/experiments/tinker-runs/results/audit_trl_qwen3-32b_G8_hard_s42.json,"python3 /Users/arvind/Developer/tinker-rl-lab/experiments/tinker-runs/cell_runner.py --tag audit_trl_qwen3-32b_G8_hard_s42 --model ""Qwen/Qwen3-32B"" --task gsm8k --loss importance_sampling --seed 42 --group-size 8 --lr 1e-05 --steps 30 --rank 32 --difficulty hard --clip-low 0.2 --clip-high 0.2 --importance-level token --dynamic-sampling false --out /Users/arvind/Developer/tinker-rl-lab/experiments/tinker-runs/results/audit_trl_qwen3-32b_G8_hard_s42.json"
audit_trl_qwen3-32b_G16_easy_s42,audit,TRL,qwen3-32b,failed,2026-06-14T16:09:59.816806+00:00,2026-06-14T16:09:59.897657+00:00,2,/Users/arvind/Developer/tinker-rl-lab/experiments/tinker-runs/results/audit_trl_qwen3-32b_G16_easy_s42.json,"python3 /Users/arvind/Developer/tinker-rl-lab/experiments/tinker-runs/cell_runner.py --tag audit_trl_qwen3-32b_G16_easy_s42 --model ""Qwen/Qwen3-32B"" --task gsm8k --loss importance_sampling --seed 42 --group-size 16 --lr 1e-05 --steps 30 --rank 32 --difficulty easy --clip-low 0.2 --clip-high 0.2 --importance-level token --dynamic-sampling false --out /Users/arvind/Developer/tinker-rl-lab/experiments/tinker-runs/results/audit_trl_qwen3-32b_G16_easy_s42.json"
audit_trl_qwen3-32b_G2_medium_s123,audit,TRL,qwen3-32b,failed,2026-06-14T16:09:59.894465+00:00,2026-06-14T16:09:59.971423+00:00,2,/Users/arvind/Developer/tinker-rl-lab/experiments/tinker-runs/results/audit_trl_qwen3-32b_G2_medium_s123.json,"python3 /Users/arvind/Developer/tinker-rl-lab/experiments/tinker-runs/cell_runner.py --tag audit_trl_qwen3-32b_G2_medium_s123 --model ""Qwen/Qwen3-32B"" --task gsm8k --loss importance_sampling --seed 123 --group-size 2 --lr 1e-05 --steps 30 --rank 32 --difficulty medium --clip-low 0.2 --clip-high 0.2 --importance-level token --dynamic-sampling false --out /Users/arvind/Developer/tinker-rl-lab/experiments/tinker-runs/results/audit_trl_qwen3-32b_G2_medium_s123.json"
audit_trl_qwen3-32b_G2_easy_s123,audit,TRL,qwen3-32b,failed,2026-06-14T16:09:59.893206+00:00,2026-06-14T16:09:59.973676+00:00,2,/Users/arvind/Developer/tinker-rl-lab/experiments/tinker-runs/results/audit_trl_qwen3-32b_G2_easy_s123.json,"python3 /Users/arvind/Developer/tinker-rl-lab/experiments/tinker-runs/cell_runner.py --tag audit_trl_qwen3-32b_G2_easy_s123 --model ""Qwen/Qwen3-32B"" --task gsm8k --loss importance_sampling --seed 123 --group-size 2 --lr 1e-05 --steps 30 --rank 32 --difficulty easy --clip-low 0.2 --clip-high 0.2 --importance-level token --dynamic-sampling false --out /Users/arvind/Developer/tinker-rl-lab/experiments/tinker-runs/results/audit_trl_qwen3-32b_G2_easy_s123.json"
audit_trl_qwen3-32b_G4_easy_s123,audit,TRL,qwen3-32b,failed,2026-06-14T16:09:59.897831+00:00,2026-06-14T16:09:59.974896+00:00,2,/Users/arvind/Developer/tinker-rl-lab/experiments/tinker-runs/results/audit_trl_qwen3-32b_G4_easy_s123.json,"python3 /Users/arvind/Developer/tinker-rl-lab/experiments/tinker-runs/cell_runner.py --tag audit_trl_qwen3-32b_G4_easy_s123 --model ""Qwen/Qwen3-32B"" --task gsm8k --loss importance_sampling --seed 123 --group-size 4 --lr 1e-05 --steps 30 --rank 32 --difficulty easy --clip-low 0.2 --clip-high 0.2 --importance-level token --dynamic-sampling false --out /Users/arvind/Developer/tinker-rl-lab/experiments/tinker-runs/results/audit_trl_qwen3-32b_G4_easy_s123.json"
audit_trl_qwen3-32b_G2_hard_s123,audit,TRL,qwen3-32b,failed,2026-06-14T16:09:59.896562+00:00,2026-06-14T16:09:59.975976+00:00,2,/Users/arvind/Developer/tinker-rl-lab/experiments/tinker-runs/results/audit_trl_qwen3-32b_G2_hard_s123.json,"python3 /Users/arvind/Developer/tinker-rl-lab/experiments/tinker-runs/cell_runner.py --tag audit_trl_qwen3-32b_G2_hard_s123 --model ""Qwen/Qwen3-32B"" --task gsm8k --loss importance_sampling --seed 123 --group-size 2 --lr 1e-05 --steps 30 --rank 32 --difficulty hard --clip-low 0.2 --clip-high 0.2 --importance-level token --dynamic-sampling false --out /Users/arvind/Developer/tinker-rl-lab/experiments/tinker-runs/results/audit_trl_qwen3-32b_G2_hard_s123.json"
audit_trl_qwen3-32b_G4_medium_s123,audit,TRL,qwen3-32b,failed,2026-06-14T16:09:59.971509+00:00,2026-06-14T16:10:00.047065+00:00,2,/Users/arvind/Developer/tinker-rl-lab/experiments/tinker-runs/results/audit_trl_qwen3-32b_G4_medium_s123.json,"python3 /Users/arvind/Developer/tinker-rl-lab/experiments/tinker-runs/cell_runner.py --tag audit_trl_qwen3-32b_G4_medium_s123 --model ""Qwen/Qwen3-32B"" --task gsm8k --loss importance_sampling --seed 123 --group-size 4 --lr 1e-05 --steps 30 --rank 32 --difficulty medium --clip-low 0.2 --clip-high 0.2 --importance-level token --dynamic-sampling false --out /Users/arvind/Developer/tinker-rl-lab/experiments/tinker-runs/results/audit_trl_qwen3-32b_G4_medium_s123.json"
audit_trl_qwen3-32b_G4_hard_s123,audit,TRL,qwen3-32b,failed,2026-06-14T16:09:59.973894+00:00,2026-06-14T16:10:00.050967+00:00,2,/Users/arvind/Developer/tinker-rl-lab/experiments/tinker-runs/results/audit_trl_qwen3-32b_G4_hard_s123.json,"python3 /Users/arvind/Developer/tinker-rl-lab/experiments/tinker-runs/cell_runner.py --tag audit_trl_qwen3-32b_G4_hard_s123 --model ""Qwen/Qwen3-32B"" --task gsm8k --loss importance_sampling --seed 123 --group-size 4 --lr 1e-05 --steps 30 --rank 32 --difficulty hard --clip-low 0.2 --clip-high 0.2 --importance-level token --dynamic-sampling false --out /Users/arvind/Developer/tinker-rl-lab/experiments/tinker-runs/results/audit_trl_qwen3-32b_G4_hard_s123.json"
audit_trl_qwen3-32b_G8_easy_s123,audit,TRL,qwen3-32b,failed,2026-06-14T16:09:59.975004+00:00,2026-06-14T16:10:00.053021+00:00,2,/Users/arvind/Developer/tinker-rl-lab/experiments/tinker-runs/results/audit_trl_qwen3-32b_G8_easy_s123.json,"python3 /Users/arvind/Developer/tinker-rl-lab/experiments/tinker-runs/cell_runner.py --tag audit_trl_qwen3-32b_G8_easy_s123 --model ""Qwen/Qwen3-32B"" --task gsm8k --loss importance_sampling --seed 123 --group-size 8 --lr 1e-05 --steps 30 --rank 32 --difficulty easy --clip-low 0.2 --clip-high 0.2 --importance-level token --dynamic-sampling false --out /Users/arvind/Developer/tinker-rl-lab/experiments/tinker-runs/results/audit_trl_qwen3-32b_G8_easy_s123.json"
audit_trl_qwen3-32b_G8_medium_s123,audit,TRL,qwen3-32b,failed,2026-06-14T16:09:59.976095+00:00,2026-06-14T16:10:00.053088+00:00,2,/Users/arvind/Developer/tinker-rl-lab/experiments/tinker-runs/results/audit_trl_qwen3-32b_G8_medium_s123.json,"python3 /Users/arvind/Developer/tinker-rl-lab/experiments/tinker-runs/cell_runner.py --tag audit_trl_qwen3-32b_G8_medium_s123 --model ""Qwen/Qwen3-32B"" --task gsm8k --loss importance_sampling --seed 123 --group-size 8 --lr 1e-05 --steps 30 --rank 32 --difficulty medium --clip-low 0.2 --clip-high 0.2 --importance-level token --dynamic-sampling false --out /Users/arvind/Developer/tinker-rl-lab/experiments/tinker-runs/results/audit_trl_qwen3-32b_G8_medium_s123.json"
audit_trl_qwen3-32b_G8_hard_s123,audit,TRL,qwen3-32b,failed,2026-06-14T16:10:00.047131+00:00,2026-06-14T16:10:00.123896+00:00,2,/Users/arvind/Developer/tinker-rl-lab/experiments/tinker-runs/results/audit_trl_qwen3-32b_G8_hard_s123.json,"python3 /Users/arvind/Developer/tinker-rl-lab/experiments/tinker-runs/cell_runner.py --tag audit_trl_qwen3-32b_G8_hard_s123 --model ""Qwen/Qwen3-32B"" --task gsm8k --loss importance_sampling --seed 123 --group-size 8 --lr 1e-05 --steps 30 --rank 32 --difficulty hard --clip-low 0.2 --clip-high 0.2 --importance-level token --dynamic-sampling false --out /Users/arvind/Developer/tinker-rl-lab/experiments/tinker-runs/results/audit_trl_qwen3-32b_G8_hard_s123.json"
audit_trl_qwen3-32b_G16_easy_s123,audit,TRL,qwen3-32b,failed,2026-06-14T16:10:00.051026+00:00,2026-06-14T16:10:00.126394+00:00,2,/Users/arvind/Developer/tinker-rl-lab/experiments/tinker-runs/results/audit_trl_qwen3-32b_G16_easy_s123.json,"python3 /Users/arvind/Developer/tinker-rl-lab/experiments/tinker-runs/cell_runner.py --tag audit_trl_qwen3-32b_G16_easy_s123 --model ""Qwen/Qwen3-32B"" --task gsm8k --loss importance_sampling --seed 123 --group-size 16 --lr 1e-05 --steps 30 --rank 32 --difficulty easy --clip-low 0.2 --clip-high 0.2 --importance-level token --dynamic-sampling false --out /Users/arvind/Developer/tinker-rl-lab/experiments/tinker-runs/results/audit_trl_qwen3-32b_G16_easy_s123.json"
audit_trl_qwen3-32b_G16_hard_s123,audit,TRL,qwen3-32b,failed,2026-06-14T16:10:00.053099+00:00,2026-06-14T16:10:00.129814+00:00,2,/Users/arvind/Developer/tinker-rl-lab/experiments/tinker-runs/results/audit_trl_qwen3-32b_G16_hard_s123.json,"python3 /Users/arvind/Developer/tinker-rl-lab/experiments/tinker-runs/cell_runner.py --tag audit_trl_qwen3-32b_G16_hard_s123 --model ""Qwen/Qwen3-32B"" --task gsm8k --loss importance_sampling --seed 123 --group-size 16 --lr 1e-05 --steps 30 --rank 32 --difficulty hard --clip-low 0.2 --clip-high 0.2 --importance-level token --dynamic-sampling false --out /Users/arvind/Developer/tinker-rl-lab/experiments/tinker-runs/results/audit_trl_qwen3-32b_G16_hard_s123.json"
audit_trl_qwen3-32b_G16_medium_s123,audit,TRL,qwen3-32b,failed,2026-06-14T16:10:00.053063+00:00,2026-06-14T16:10:00.129883+00:00,2,/Users/arvind/Developer/tinker-rl-lab/experiments/tinker-runs/results/audit_trl_qwen3-32b_G16_medium_s123.json,"python3 /Users/arvind/Developer/tinker-rl-lab/experiments/tinker-runs/cell_runner.py --tag audit_trl_qwen3-32b_G16_medium_s123 --model ""Qwen/Qwen3-32B"" --task gsm8k --loss importance_sampling --seed 123 --group-size 16 --lr 1e-05 --steps 30 --rank 32 --difficulty medium --clip-low 0.2 --clip-high 0.2 --importance-level token --dynamic-sampling false --out /Users/arvind/Developer/tinker-rl-lab/experiments/tinker-runs/results/audit_trl_qwen3-32b_G16_medium_s123.json"
audit_trl_qwen3-32b_G2_easy_s456,audit,TRL,qwen3-32b,failed,2026-06-14T16:10:00.123977+00:00,2026-06-14T16:10:00.203444+00:00,2,/Users/arvind/Developer/tinker-rl-lab/experiments/tinker-runs/results/audit_trl_qwen3-32b_G2_easy_s456.json,"python3 /Users/arvind/Developer/tinker-rl-lab/experiments/tinker-runs/cell_runner.py --tag audit_trl_qwen3-32b_G2_easy_s456 --model ""Qwen/Qwen3-32B"" --task gsm8k --loss importance_sampling --seed 456 --group-size 2 --lr 1e-05 --steps 30 --rank 32 --difficulty easy --clip-low 0.2 --clip-high 0.2 --importance-level token --dynamic-sampling false --out /Users/arvind/Developer/tinker-rl-lab/experiments/tinker-runs/results/audit_trl_qwen3-32b_G2_easy_s456.json"
audit_trl_qwen3-32b_G2_medium_s456,audit,TRL,qwen3-32b,failed,2026-06-14T16:10:00.126546+00:00,2026-06-14T16:10:00.204820+00:00,2,/Users/arvind/Developer/tinker-rl-lab/experiments/tinker-runs/results/audit_trl_qwen3-32b_G2_medium_s456.json,"python3 /Users/arvind/Developer/tinker-rl-lab/experiments/tinker-runs/cell_runner.py --tag audit_trl_qwen3-32b_G2_medium_s456 --model ""Qwen/Qwen3-32B"" --task gsm8k --loss importance_sampling --seed 456 --group-size 2 --lr 1e-05 --steps 30 --rank 32 --difficulty medium --clip-low 0.2 --clip-high 0.2 --importance-level token --dynamic-sampling false --out /Users/arvind/Developer/tinker-rl-lab/experiments/tinker-runs/results/audit_trl_qwen3-32b_G2_medium_s456.json"
audit_trl_qwen3-32b_G2_hard_s456,audit,TRL,qwen3-32b,failed,2026-06-14T16:10:00.129847+00:00,2026-06-14T16:10:00.206818+00:00,2,/Users/arvind/Developer/tinker-rl-lab/experiments/tinker-runs/results/audit_trl_qwen3-32b_G2_hard_s456.json,"python3 /Users/arvind/Developer/tinker-rl-lab/experiments/tinker-runs/cell_runner.py --tag audit_trl_qwen3-32b_G2_hard_s456 --model ""Qwen/Qwen3-32B"" --task gsm8k --loss importance_sampling --seed 456 --group-size 2 --lr 1e-05 --steps 30 --rank 32 --difficulty hard --clip-low 0.2 --clip-high 0.2 --importance-level token --dynamic-sampling false --out /Users/arvind/Developer/tinker-rl-lab/experiments/tinker-runs/results/audit_trl_qwen3-32b_G2_hard_s456.json"
audit_trl_qwen3-32b_G4_easy_s456,audit,TRL,qwen3-32b,failed,2026-06-14T16:10:00.129896+00:00,2026-06-14T16:10:00.208198+00:00,2,/Users/arvind/Developer/tinker-rl-lab/experiments/tinker-runs/results/audit_trl_qwen3-32b_G4_easy_s456.json,"python3 /Users/arvind/Developer/tinker-rl-lab/experiments/tinker-runs/cell_runner.py --tag audit_trl_qwen3-32b_G4_easy_s456 --model ""Qwen/Qwen3-32B"" --task gsm8k --loss importance_sampling --seed 456 --group-size 4 --lr 1e-05 --steps 30 --rank 32 --difficulty easy --clip-low 0.2 --clip-high 0.2 --importance-level token --dynamic-sampling false --out /Users/arvind/Developer/tinker-rl-lab/experiments/tinker-runs/results/audit_trl_qwen3-32b_G4_easy_s456.json"
audit_trl_qwen3-32b_G8_easy_s456,audit,TRL,qwen3-32b,failed,2026-06-14T16:10:00.206891+00:00,2026-06-14T16:10:00.282857+00:00,2,/Users/arvind/Developer/tinker-rl-lab/experiments/tinker-runs/results/audit_trl_qwen3-32b_G8_easy_s456.json,"python3 /Users/arvind/Developer/tinker-rl-lab/experiments/tinker-runs/cell_runner.py --tag audit_trl_qwen3-32b_G8_easy_s456 --model ""Qwen/Qwen3-32B"" --task gsm8k --loss importance_sampling --seed 456 --group-size 8 --lr 1e-05 --steps 30 --rank 32 --difficulty easy --clip-low 0.2 --clip-high 0.2 --importance-level token --dynamic-sampling false --out /Users/arvind/Developer/tinker-rl-lab/experiments/tinker-runs/results/audit_trl_qwen3-32b_G8_easy_s456.json"
audit_trl_qwen3-32b_G4_hard_s456,audit,TRL,qwen3-32b,failed,2026-06-14T16:10:00.204954+00:00,2026-06-14T16:10:00.282971+00:00,2,/Users/arvind/Developer/tinker-rl-lab/experiments/tinker-runs/results/audit_trl_qwen3-32b_G4_hard_s456.json,"python3 /Users/arvind/Developer/tinker-rl-lab/experiments/tinker-runs/cell_runner.py --tag audit_trl_qwen3-32b_G4_hard_s456 --model ""Qwen/Qwen3-32B"" --task gsm8k --loss importance_sampling --seed 456 --group-size 4 --lr 1e-05 --steps 30 --rank 32 --difficulty hard --clip-low 0.2 --clip-high 0.2 --importance-level token --dynamic-sampling false --out /Users/arvind/Developer/tinker-rl-lab/experiments/tinker-runs/results/audit_trl_qwen3-32b_G4_hard_s456.json"
audit_trl_qwen3-32b_G8_medium_s456,audit,TRL,qwen3-32b,failed,2026-06-14T16:10:00.208267+00:00,2026-06-14T16:10:00.284385+00:00,2,/Users/arvind/Developer/tinker-rl-lab/experiments/tinker-runs/results/audit_trl_qwen3-32b_G8_medium_s456.json,"python3 /Users/arvind/Developer/tinker-rl-lab/experiments/tinker-runs/cell_runner.py --tag audit_trl_qwen3-32b_G8_medium_s456 --model ""Qwen/Qwen3-32B"" --task gsm8k --loss importance_sampling --seed 456 --group-size 8 --lr 1e-05 --steps 30 --rank 32 --difficulty medium --clip-low 0.2 --clip-high 0.2 --importance-level token --dynamic-sampling false --out /Users/arvind/Developer/tinker-rl-lab/experiments/tinker-runs/results/audit_trl_qwen3-32b_G8_medium_s456.json"
audit_trl_qwen3-32b_G4_medium_s456,audit,TRL,qwen3-32b,failed,2026-06-14T16:10:00.203539+00:00,2026-06-14T16:10:00.286379+00:00,2,/Users/arvind/Developer/tinker-rl-lab/experiments/tinker-runs/results/audit_trl_qwen3-32b_G4_medium_s456.json,"python3 /Users/arvind/Developer/tinker-rl-lab/experiments/tinker-runs/cell_runner.py --tag audit_trl_qwen3-32b_G4_medium_s456 --model ""Qwen/Qwen3-32B"" --task gsm8k --loss importance_sampling --seed 456 --group-size 4 --lr 1e-05 --steps 30 --rank 32 --difficulty medium --clip-low 0.2 --clip-high 0.2 --importance-level token --dynamic-sampling false --out /Users/arvind/Developer/tinker-rl-lab/experiments/tinker-runs/results/audit_trl_qwen3-32b_G4_medium_s456.json"
audit_trl_qwen3-32b_G16_easy_s456,audit,TRL,qwen3-32b,failed,2026-06-14T16:10:00.282987+00:00,2026-06-14T16:10:00.363452+00:00,2,/Users/arvind/Developer/tinker-rl-lab/experiments/tinker-runs/results/audit_trl_qwen3-32b_G16_easy_s456.json,"python3 /Users/arvind/Developer/tinker-rl-lab/experiments/tinker-runs/cell_runner.py --tag audit_trl_qwen3-32b_G16_easy_s456 --model ""Qwen/Qwen3-32B"" --task gsm8k --loss importance_sampling --seed 456 --group-size 16 --lr 1e-05 --steps 30 --rank 32 --difficulty easy --clip-low 0.2 --clip-high 0.2 --importance-level token --dynamic-sampling false --out /Users/arvind/Developer/tinker-rl-lab/experiments/tinker-runs/results/audit_trl_qwen3-32b_G16_easy_s456.json"
audit_trl_qwen3-32b_G8_hard_s456,audit,TRL,qwen3-32b,failed,2026-06-14T16:10:00.282938+00:00,2026-06-14T16:10:00.363542+00:00,2,/Users/arvind/Developer/tinker-rl-lab/experiments/tinker-runs/results/audit_trl_qwen3-32b_G8_hard_s456.json,"python3 /Users/arvind/Developer/tinker-rl-lab/experiments/tinker-runs/cell_runner.py --tag audit_trl_qwen3-32b_G8_hard_s456 --model ""Qwen/Qwen3-32B"" --task gsm8k --loss importance_sampling --seed 456 --group-size 8 --lr 1e-05 --steps 30 --rank 32 --difficulty hard --clip-low 0.2 --clip-high 0.2 --importance-level token --dynamic-sampling false --out /Users/arvind/Developer/tinker-rl-lab/experiments/tinker-runs/results/audit_trl_qwen3-32b_G8_hard_s456.json"
audit_trl_qwen3-32b_G16_medium_s456,audit,TRL,qwen3-32b,failed,2026-06-14T16:10:00.284498+00:00,2026-06-14T16:10:00.363593+00:00,2,/Users/arvind/Developer/tinker-rl-lab/experiments/tinker-runs/results/audit_trl_qwen3-32b_G16_medium_s456.json,"python3 /Users/arvind/Developer/tinker-rl-lab/experiments/tinker-runs/cell_runner.py --tag audit_trl_qwen3-32b_G16_medium_s456 --model ""Qwen/Qwen3-32B"" --task gsm8k --loss importance_sampling --seed 456 --group-size 16 --lr 1e-05 --steps 30 --rank 32 --difficulty medium --clip-low 0.2 --clip-high 0.2 --importance-level token --dynamic-sampling false --out /Users/arvind/Developer/tinker-rl-lab/experiments/tinker-runs/results/audit_trl_qwen3-32b_G16_medium_s456.json"
audit_trl_qwen3-32b_G16_hard_s456,audit,TRL,qwen3-32b,failed,2026-06-14T16:10:00.286466+00:00,2026-06-14T16:10:00.365558+00:00,2,/Users/arvind/Developer/tinker-rl-lab/experiments/tinker-runs/results/audit_trl_qwen3-32b_G16_hard_s456.json,"python3 /Users/arvind/Developer/tinker-rl-lab/experiments/tinker-runs/cell_runner.py --tag audit_trl_qwen3-32b_G16_hard_s456 --model ""Qwen/Qwen3-32B"" --task gsm8k --loss importance_sampling --seed 456 --group-size 16 --lr 1e-05 --steps 30 --rank 32 --difficulty hard --clip-low 0.2 --clip-high 0.2 --importance-level token --dynamic-sampling false --out /Users/arvind/Developer/tinker-rl-lab/experiments/tinker-runs/results/audit_trl_qwen3-32b_G16_hard_s456.json"
audit_trl_qwen3-32b_G4_easy_s789,audit,TRL,qwen3-32b,failed,2026-06-14T16:10:00.365681+00:00,2026-06-14T16:10:00.441013+00:00,2,/Users/arvind/Developer/tinker-rl-lab/experiments/tinker-runs/results/audit_trl_qwen3-32b_G4_easy_s789.json,"python3 /Users/arvind/Developer/tinker-rl-lab/experiments/tinker-runs/cell_runner.py --tag audit_trl_qwen3-32b_G4_easy_s789 --model ""Qwen/Qwen3-32B"" --task gsm8k --loss importance_sampling --seed 789 --group-size 4 --lr 1e-05 --steps 30 --rank 32 --difficulty easy --clip-low 0.2 --clip-high 0.2 --importance-level token --dynamic-sampling false --out /Users/arvind/Developer/tinker-rl-lab/experiments/tinker-runs/results/audit_trl_qwen3-32b_G4_easy_s789.json"
audit_trl_qwen3-32b_G2_hard_s789,audit,TRL,qwen3-32b,failed,2026-06-14T16:10:00.363604+00:00,2026-06-14T16:10:00.443681+00:00,2,/Users/arvind/Developer/tinker-rl-lab/experiments/tinker-runs/results/audit_trl_qwen3-32b_G2_hard_s789.json,"python3 /Users/arvind/Developer/tinker-rl-lab/experiments/tinker-runs/cell_runner.py --tag audit_trl_qwen3-32b_G2_hard_s789 --model ""Qwen/Qwen3-32B"" --task gsm8k --loss importance_sampling --seed 789 --group-size 2 --lr 1e-05 --steps 30 --rank 32 --difficulty hard --clip-low 0.2 --clip-high 0.2 --importance-level token --dynamic-sampling false --out /Users/arvind/Developer/tinker-rl-lab/experiments/tinker-runs/results/audit_trl_qwen3-32b_G2_hard_s789.json"
audit_trl_qwen3-32b_G2_easy_s789,audit,TRL,qwen3-32b,failed,2026-06-14T16:10:00.363512+00:00,2026-06-14T16:10:00.443743+00:00,2,/Users/arvind/Developer/tinker-rl-lab/experiments/tinker-runs/results/audit_trl_qwen3-32b_G2_easy_s789.json,"python3 /Users/arvind/Developer/tinker-rl-lab/experiments/tinker-runs/cell_runner.py --tag audit_trl_qwen3-32b_G2_easy_s789 --model ""Qwen/Qwen3-32B"" --task gsm8k --loss importance_sampling --seed 789 --group-size 2 --lr 1e-05 --steps 30 --rank 32 --difficulty easy --clip-low 0.2 --clip-high 0.2 --importance-level token --dynamic-sampling false --out /Users/arvind/Developer/tinker-rl-lab/experiments/tinker-runs/results/audit_trl_qwen3-32b_G2_easy_s789.json"
audit_trl_qwen3-32b_G2_medium_s789,audit,TRL,qwen3-32b,failed,2026-06-14T16:10:00.363563+00:00,2026-06-14T16:10:00.443788+00:00,2,/Users/arvind/Developer/tinker-rl-lab/experiments/tinker-runs/results/audit_trl_qwen3-32b_G2_medium_s789.json,"python3 /Users/arvind/Developer/tinker-rl-lab/experiments/tinker-runs/cell_runner.py --tag audit_trl_qwen3-32b_G2_medium_s789 --model ""Qwen/Qwen3-32B"" --task gsm8k --loss importance_sampling --seed 789 --group-size 2 --lr 1e-05 --steps 30 --rank 32 --difficulty medium --clip-low 0.2 --clip-high 0.2 --importance-level token --dynamic-sampling false --out /Users/arvind/Developer/tinker-rl-lab/experiments/tinker-runs/results/audit_trl_qwen3-32b_G2_medium_s789.json"
audit_trl_qwen3-32b_G8_easy_s789,audit,TRL,qwen3-32b,failed,2026-06-14T16:10:00.443765+00:00,2026-06-14T16:10:00.517408+00:00,2,/Users/arvind/Developer/tinker-rl-lab/experiments/tinker-runs/results/audit_trl_qwen3-32b_G8_easy_s789.json,"python3 /Users/arvind/Developer/tinker-rl-lab/experiments/tinker-runs/cell_runner.py --tag audit_trl_qwen3-32b_G8_easy_s789 --model ""Qwen/Qwen3-32B"" --task gsm8k --loss importance_sampling --seed 789 --group-size 8 --lr 1e-05 --steps 30 --rank 32 --difficulty easy --clip-low 0.2 --clip-high 0.2 --importance-level token --dynamic-sampling false --out /Users/arvind/Developer/tinker-rl-lab/experiments/tinker-runs/results/audit_trl_qwen3-32b_G8_easy_s789.json"
audit_trl_qwen3-32b_G8_medium_s789,audit,TRL,qwen3-32b,failed,2026-06-14T16:10:00.443793+00:00,2026-06-14T16:10:00.517526+00:00,2,/Users/arvind/Developer/tinker-rl-lab/experiments/tinker-runs/results/audit_trl_qwen3-32b_G8_medium_s789.json,"python3 /Users/arvind/Developer/tinker-rl-lab/experiments/tinker-runs/cell_runner.py --tag audit_trl_qwen3-32b_G8_medium_s789 --model ""Qwen/Qwen3-32B"" --task gsm8k --loss importance_sampling --seed 789 --group-size 8 --lr 1e-05 --steps 30 --rank 32 --difficulty medium --clip-low 0.2 --clip-high 0.2 --importance-level token --dynamic-sampling false --out /Users/arvind/Developer/tinker-rl-lab/experiments/tinker-runs/results/audit_trl_qwen3-32b_G8_medium_s789.json"
audit_trl_qwen3-32b_G4_medium_s789,audit,TRL,qwen3-32b,failed,2026-06-14T16:10:00.441136+00:00,2026-06-14T16:10:00.521047+00:00,2,/Users/arvind/Developer/tinker-rl-lab/experiments/tinker-runs/results/audit_trl_qwen3-32b_G4_medium_s789.json,"python3 /Users/arvind/Developer/tinker-rl-lab/experiments/tinker-runs/cell_runner.py --tag audit_trl_qwen3-32b_G4_medium_s789 --model ""Qwen/Qwen3-32B"" --task gsm8k --loss importance_sampling --seed 789 --group-size 4 --lr 1e-05 --steps 30 --rank 32 --difficulty medium --clip-low 0.2 --clip-high 0.2 --importance-level token --dynamic-sampling false --out /Users/arvind/Developer/tinker-rl-lab/experiments/tinker-runs/results/audit_trl_qwen3-32b_G4_medium_s789.json"
audit_trl_qwen3-32b_G4_hard_s789,audit,TRL,qwen3-32b,failed,2026-06-14T16:10:00.443724+00:00,2026-06-14T16:10:00.522081+00:00,2,/Users/arvind/Developer/tinker-rl-lab/experiments/tinker-runs/results/audit_trl_qwen3-32b_G4_hard_s789.json,"python3 /Users/arvind/Developer/tinker-rl-lab/experiments/tinker-runs/cell_runner.py --tag audit_trl_qwen3-32b_G4_hard_s789 --model ""Qwen/Qwen3-32B"" --task gsm8k --loss importance_sampling --seed 789 --group-size 4 --lr 1e-05 --steps 30 --rank 32 --difficulty hard --clip-low 0.2 --clip-high 0.2 --importance-level token --dynamic-sampling false --out /Users/arvind/Developer/tinker-rl-lab/experiments/tinker-runs/results/audit_trl_qwen3-32b_G4_hard_s789.json"
audit_trl_qwen3-32b_G8_hard_s789,audit,TRL,qwen3-32b,failed,2026-06-14T16:10:00.517496+00:00,2026-06-14T16:10:00.595153+00:00,2,/Users/arvind/Developer/tinker-rl-lab/experiments/tinker-runs/results/audit_trl_qwen3-32b_G8_hard_s789.json,"python3 /Users/arvind/Developer/tinker-rl-lab/experiments/tinker-runs/cell_runner.py --tag audit_trl_qwen3-32b_G8_hard_s789 --model ""Qwen/Qwen3-32B"" --task gsm8k --loss importance_sampling --seed 789 --group-size 8 --lr 1e-05 --steps 30 --rank 32 --difficulty hard --clip-low 0.2 --clip-high 0.2 --importance-level token --dynamic-sampling false --out /Users/arvind/Developer/tinker-rl-lab/experiments/tinker-runs/results/audit_trl_qwen3-32b_G8_hard_s789.json"
audit_trl_qwen3-32b_G16_easy_s789,audit,TRL,qwen3-32b,failed,2026-06-14T16:10:00.517539+00:00,2026-06-14T16:10:00.595283+00:00,2,/Users/arvind/Developer/tinker-rl-lab/experiments/tinker-runs/results/audit_trl_qwen3-32b_G16_easy_s789.json,"python3 /Users/arvind/Developer/tinker-rl-lab/experiments/tinker-runs/cell_runner.py --tag audit_trl_qwen3-32b_G16_easy_s789 --model ""Qwen/Qwen3-32B"" --task gsm8k --loss importance_sampling --seed 789 --group-size 16 --lr 1e-05 --steps 30 --rank 32 --difficulty easy --clip-low 0.2 --clip-high 0.2 --importance-level token --dynamic-sampling false --out /Users/arvind/Developer/tinker-rl-lab/experiments/tinker-runs/results/audit_trl_qwen3-32b_G16_easy_s789.json"
audit_trl_qwen3-32b_G16_hard_s789,audit,TRL,qwen3-32b,failed,2026-06-14T16:10:00.522202+00:00,2026-06-14T16:10:00.597985+00:00,2,/Users/arvind/Developer/tinker-rl-lab/experiments/tinker-runs/results/audit_trl_qwen3-32b_G16_hard_s789.json,"python3 /Users/arvind/Developer/tinker-rl-lab/experiments/tinker-runs/cell_runner.py --tag audit_trl_qwen3-32b_G16_hard_s789 --model ""Qwen/Qwen3-32B"" --task gsm8k --loss importance_sampling --seed 789 --group-size 16 --lr 1e-05 --steps 30 --rank 32 --difficulty hard --clip-low 0.2 --clip-high 0.2 --importance-level token --dynamic-sampling false --out /Users/arvind/Developer/tinker-rl-lab/experiments/tinker-runs/results/audit_trl_qwen3-32b_G16_hard_s789.json"
audit_trl_qwen3-32b_G16_medium_s789,audit,TRL,qwen3-32b,failed,2026-06-14T16:10:00.521101+00:00,2026-06-14T16:10:00.599853+00:00,2,/Users/arvind/Developer/tinker-rl-lab/experiments/tinker-runs/results/audit_trl_qwen3-32b_G16_medium_s789.json,"python3 /Users/arvind/Developer/tinker-rl-lab/experiments/tinker-runs/cell_runner.py --tag audit_trl_qwen3-32b_G16_medium_s789 --model ""Qwen/Qwen3-32B"" --task gsm8k --loss importance_sampling --seed 789 --group-size 16 --lr 1e-05 --steps 30 --rank 32 --difficulty medium --clip-low 0.2 --clip-high 0.2 --importance-level token --dynamic-sampling false --out /Users/arvind/Developer/tinker-rl-lab/experiments/tinker-runs/results/audit_trl_qwen3-32b_G16_medium_s789.json"
audit_trl_qwen3-32b_G2_medium_s1024,audit,TRL,qwen3-32b,failed,2026-06-14T16:10:00.595299+00:00,2026-06-14T16:10:00.674860+00:00,2,/Users/arvind/Developer/tinker-rl-lab/experiments/tinker-runs/results/audit_trl_qwen3-32b_G2_medium_s1024.json,"python3 /Users/arvind/Developer/tinker-rl-lab/experiments/tinker-runs/cell_runner.py --tag audit_trl_qwen3-32b_G2_medium_s1024 --model ""Qwen/Qwen3-32B"" --task gsm8k --loss importance_sampling --seed 1024 --group-size 2 --lr 1e-05 --steps 30 --rank 32 --difficulty medium --clip-low 0.2 --clip-high 0.2 --importance-level token --dynamic-sampling false --out /Users/arvind/Developer/tinker-rl-lab/experiments/tinker-runs/results/audit_trl_qwen3-32b_G2_medium_s1024.json"
audit_trl_qwen3-32b_G4_easy_s1024,audit,TRL,qwen3-32b,failed,2026-06-14T16:10:00.599968+00:00,2026-06-14T16:10:00.674988+00:00,2,/Users/arvind/Developer/tinker-rl-lab/experiments/tinker-runs/results/audit_trl_qwen3-32b_G4_easy_s1024.json,"python3 /Users/arvind/Developer/tinker-rl-lab/experiments/tinker-runs/cell_runner.py --tag audit_trl_qwen3-32b_G4_easy_s1024 --model ""Qwen/Qwen3-32B"" --task gsm8k --loss importance_sampling --seed 1024 --group-size 4 --lr 1e-05 --steps 30 --rank 32 --difficulty easy --clip-low 0.2 --clip-high 0.2 --importance-level token --dynamic-sampling false --out /Users/arvind/Developer/tinker-rl-lab/experiments/tinker-runs/results/audit_trl_qwen3-32b_G4_easy_s1024.json"
audit_trl_qwen3-32b_G2_easy_s1024,audit,TRL,qwen3-32b,failed,2026-06-14T16:10:00.595240+00:00,2026-06-14T16:10:00.675065+00:00,2,/Users/arvind/Developer/tinker-rl-lab/experiments/tinker-runs/results/audit_trl_qwen3-32b_G2_easy_s1024.json,"python3 /Users/arvind/Developer/tinker-rl-lab/experiments/tinker-runs/cell_runner.py --tag audit_trl_qwen3-32b_G2_easy_s1024 --model ""Qwen/Qwen3-32B"" --task gsm8k --loss importance_sampling --seed 1024 --group-size 2 --lr 1e-05 --steps 30 --rank 32 --difficulty easy --clip-low 0.2 --clip-high 0.2 --importance-level token --dynamic-sampling false --out /Users/arvind/Developer/tinker-rl-lab/experiments/tinker-runs/results/audit_trl_qwen3-32b_G2_easy_s1024.json"
audit_trl_qwen3-32b_G2_hard_s1024,audit,TRL,qwen3-32b,failed,2026-06-14T16:10:00.598027+00:00,2026-06-14T16:10:00.676459+00:00,2,/Users/arvind/Developer/tinker-rl-lab/experiments/tinker-runs/results/audit_trl_qwen3-32b_G2_hard_s1024.json,"python3 /Users/arvind/Developer/tinker-rl-lab/experiments/tinker-runs/cell_runner.py --tag audit_trl_qwen3-32b_G2_hard_s1024 --model ""Qwen/Qwen3-32B"" --task gsm8k --loss importance_sampling --seed 1024 --group-size 2 --lr 1e-05 --steps 30 --rank 32 --difficulty hard --clip-low 0.2 --clip-high 0.2 --importance-level token --dynamic-sampling false --out /Users/arvind/Developer/tinker-rl-lab/experiments/tinker-runs/results/audit_trl_qwen3-32b_G2_hard_s1024.json"
audit_trl_qwen3-32b_G8_medium_s1024,audit,TRL,qwen3-32b,failed,2026-06-14T16:10:00.676567+00:00,2026-06-14T16:10:00.750748+00:00,2,/Users/arvind/Developer/tinker-rl-lab/experiments/tinker-runs/results/audit_trl_qwen3-32b_G8_medium_s1024.json,"python3 /Users/arvind/Developer/tinker-rl-lab/experiments/tinker-runs/cell_runner.py --tag audit_trl_qwen3-32b_G8_medium_s1024 --model ""Qwen/Qwen3-32B"" --task gsm8k --loss importance_sampling --seed 1024 --group-size 8 --lr 1e-05 --steps 30 --rank 32 --difficulty medium --clip-low 0.2 --clip-high 0.2 --importance-level token --dynamic-sampling false --out /Users/arvind/Developer/tinker-rl-lab/experiments/tinker-runs/results/audit_trl_qwen3-32b_G8_medium_s1024.json"
audit_trl_qwen3-32b_G4_hard_s1024,audit,TRL,qwen3-32b,failed,2026-06-14T16:10:00.675003+00:00,2026-06-14T16:10:00.756178+00:00,2,/Users/arvind/Developer/tinker-rl-lab/experiments/tinker-runs/results/audit_trl_qwen3-32b_G4_hard_s1024.json,"python3 /Users/arvind/Developer/tinker-rl-lab/experiments/tinker-runs/cell_runner.py --tag audit_trl_qwen3-32b_G4_hard_s1024 --model ""Qwen/Qwen3-32B"" --task gsm8k --loss importance_sampling --seed 1024 --group-size 4 --lr 1e-05 --steps 30 --rank 32 --difficulty hard --clip-low 0.2 --clip-high 0.2 --importance-level token --dynamic-sampling false --out /Users/arvind/Developer/tinker-rl-lab/experiments/tinker-runs/results/audit_trl_qwen3-32b_G4_hard_s1024.json"
audit_trl_qwen3-32b_G4_medium_s1024,audit,TRL,qwen3-32b,failed,2026-06-14T16:10:00.674949+00:00,2026-06-14T16:10:00.757119+00:00,2,/Users/arvind/Developer/tinker-rl-lab/experiments/tinker-runs/results/audit_trl_qwen3-32b_G4_medium_s1024.json,"python3 /Users/arvind/Developer/tinker-rl-lab/experiments/tinker-runs/cell_runner.py --tag audit_trl_qwen3-32b_G4_medium_s1024 --model ""Qwen/Qwen3-32B"" --task gsm8k --loss importance_sampling --seed 1024 --group-size 4 --lr 1e-05 --steps 30 --rank 32 --difficulty medium --clip-low 0.2 --clip-high 0.2 --importance-level token --dynamic-sampling false --out /Users/arvind/Developer/tinker-rl-lab/experiments/tinker-runs/results/audit_trl_qwen3-32b_G4_medium_s1024.json"
audit_trl_qwen3-32b_G8_easy_s1024,audit,TRL,qwen3-32b,failed,2026-06-14T16:10:00.675078+00:00,2026-06-14T16:10:00.758391+00:00,2,/Users/arvind/Developer/tinker-rl-lab/experiments/tinker-runs/results/audit_trl_qwen3-32b_G8_easy_s1024.json,"python3 /Users/arvind/Developer/tinker-rl-lab/experiments/tinker-runs/cell_runner.py --tag audit_trl_qwen3-32b_G8_easy_s1024 --model ""Qwen/Qwen3-32B"" --task gsm8k --loss importance_sampling --seed 1024 --group-size 8 --lr 1e-05 --steps 30 --rank 32 --difficulty easy --clip-low 0.2 --clip-high 0.2 --importance-level token --dynamic-sampling false --out /Users/arvind/Developer/tinker-rl-lab/experiments/tinker-runs/results/audit_trl_qwen3-32b_G8_easy_s1024.json"
audit_trl_qwen3-32b_G16_hard_s1024,audit,TRL,qwen3-32b,failed,2026-06-14T16:10:00.758510+00:00,2026-06-14T16:10:00.830174+00:00,2,/Users/arvind/Developer/tinker-rl-lab/experiments/tinker-runs/results/audit_trl_qwen3-32b_G16_hard_s1024.json,"python3 /Users/arvind/Developer/tinker-rl-lab/experiments/tinker-runs/cell_runner.py --tag audit_trl_qwen3-32b_G16_hard_s1024 --model ""Qwen/Qwen3-32B"" --task gsm8k --loss importance_sampling --seed 1024 --group-size 16 --lr 1e-05 --steps 30 --rank 32 --difficulty hard --clip-low 0.2 --clip-high 0.2 --importance-level token --dynamic-sampling false --out /Users/arvind/Developer/tinker-rl-lab/experiments/tinker-runs/results/audit_trl_qwen3-32b_G16_hard_s1024.json"
audit_trl_qwen3-32b_G8_hard_s1024,audit,TRL,qwen3-32b,failed,2026-06-14T16:10:00.750833+00:00,2026-06-14T16:10:00.830313+00:00,2,/Users/arvind/Developer/tinker-rl-lab/experiments/tinker-runs/results/audit_trl_qwen3-32b_G8_hard_s1024.json,"python3 /Users/arvind/Developer/tinker-rl-lab/experiments/tinker-runs/cell_runner.py --tag audit_trl_qwen3-32b_G8_hard_s1024 --model ""Qwen/Qwen3-32B"" --task gsm8k --loss importance_sampling --seed 1024 --group-size 8 --lr 1e-05 --steps 30 --rank 32 --difficulty hard --clip-low 0.2 --clip-high 0.2 --importance-level token --dynamic-sampling false --out /Users/arvind/Developer/tinker-rl-lab/experiments/tinker-runs/results/audit_trl_qwen3-32b_G8_hard_s1024.json"
audit_trl_qwen3-32b_G16_easy_s1024,audit,TRL,qwen3-32b,failed,2026-06-14T16:10:00.756222+00:00,2026-06-14T16:10:00.832757+00:00,2,/Users/arvind/Developer/tinker-rl-lab/experiments/tinker-runs/results/audit_trl_qwen3-32b_G16_easy_s1024.json,"python3 /Users/arvind/Developer/tinker-rl-lab/experiments/tinker-runs/cell_runner.py --tag audit_trl_qwen3-32b_G16_easy_s1024 --model ""Qwen/Qwen3-32B"" --task gsm8k --loss importance_sampling --seed 1024 --group-size 16 --lr 1e-05 --steps 30 --rank 32 --difficulty easy --clip-low 0.2 --clip-high 0.2 --importance-level token --dynamic-sampling false --out /Users/arvind/Developer/tinker-rl-lab/experiments/tinker-runs/results/audit_trl_qwen3-32b_G16_easy_s1024.json"
audit_trl_qwen3-32b_G16_medium_s1024,audit,TRL,qwen3-32b,failed,2026-06-14T16:10:00.757240+00:00,2026-06-14T16:10:00.835362+00:00,2,/Users/arvind/Developer/tinker-rl-lab/experiments/tinker-runs/results/audit_trl_qwen3-32b_G16_medium_s1024.json,"python3 /Users/arvind/Developer/tinker-rl-lab/experiments/tinker-runs/cell_runner.py --tag audit_trl_qwen3-32b_G16_medium_s1024 --model ""Qwen/Qwen3-32B"" --task gsm8k --loss importance_sampling --seed 1024 --group-size 16 --lr 1e-05 --steps 30 --rank 32 --difficulty medium --clip-low 0.2 --clip-high 0.2 --importance-level token --dynamic-sampling false --out /Users/arvind/Developer/tinker-rl-lab/experiments/tinker-runs/results/audit_trl_qwen3-32b_G16_medium_s1024.json"
audit_trl_qwen3-30b-moe_G2_hard_s42,audit,TRL,qwen3-30b-moe,failed,2026-06-14T16:10:00.832907+00:00,2026-06-14T16:10:00.909578+00:00,2,/Users/arvind/Developer/tinker-rl-lab/experiments/tinker-runs/results/audit_trl_qwen3-30b-moe_G2_hard_s42.json,"python3 /Users/arvind/Developer/tinker-rl-lab/experiments/tinker-runs/cell_runner.py --tag audit_trl_qwen3-30b-moe_G2_hard_s42 --model ""Qwen/Qwen3-30B-A3B"" --task gsm8k --loss importance_sampling --seed 42 --group-size 2 --lr 1e-05 --steps 30 --rank 32 --difficulty hard --clip-low 0.2 --clip-high 0.2 --importance-level token --dynamic-sampling false --out /Users/arvind/Developer/tinker-rl-lab/experiments/tinker-runs/results/audit_trl_qwen3-30b-moe_G2_hard_s42.json"
audit_trl_qwen3-30b-moe_G2_easy_s42,audit,TRL,qwen3-30b-moe,failed,2026-06-14T16:10:00.830266+00:00,2026-06-14T16:10:00.910878+00:00,2,/Users/arvind/Developer/tinker-rl-lab/experiments/tinker-runs/results/audit_trl_qwen3-30b-moe_G2_easy_s42.json,"python3 /Users/arvind/Developer/tinker-rl-lab/experiments/tinker-runs/cell_runner.py --tag audit_trl_qwen3-30b-moe_G2_easy_s42 --model ""Qwen/Qwen3-30B-A3B"" --task gsm8k --loss importance_sampling --seed 42 --group-size 2 --lr 1e-05 --steps 30 --rank 32 --difficulty easy --clip-low 0.2 --clip-high 0.2 --importance-level token --dynamic-sampling false --out /Users/arvind/Developer/tinker-rl-lab/experiments/tinker-runs/results/audit_trl_qwen3-30b-moe_G2_easy_s42.json"
audit_trl_qwen3-30b-moe_G2_medium_s42,audit,TRL,qwen3-30b-moe,failed,2026-06-14T16:10:00.830337+00:00,2026-06-14T16:10:00.912035+00:00,2,/Users/arvind/Developer/tinker-rl-lab/experiments/tinker-runs/results/audit_trl_qwen3-30b-moe_G2_medium_s42.json,"python3 /Users/arvind/Developer/tinker-rl-lab/experiments/tinker-runs/cell_runner.py --tag audit_trl_qwen3-30b-moe_G2_medium_s42 --model ""Qwen/Qwen3-30B-A3B"" --task gsm8k --loss importance_sampling --seed 42 --group-size 2 --lr 1e-05 --steps 30 --rank 32 --difficulty medium --clip-low 0.2 --clip-high 0.2 --importance-level token --dynamic-sampling false --out /Users/arvind/Developer/tinker-rl-lab/experiments/tinker-runs/results/audit_trl_qwen3-30b-moe_G2_medium_s42.json"
audit_trl_qwen3-30b-moe_G4_easy_s42,audit,TRL,qwen3-30b-moe,failed,2026-06-14T16:10:00.835559+00:00,2026-06-14T16:10:00.914439+00:00,2,/Users/arvind/Developer/tinker-rl-lab/experiments/tinker-runs/results/audit_trl_qwen3-30b-moe_G4_easy_s42.json,"python3 /Users/arvind/Developer/tinker-rl-lab/experiments/tinker-runs/cell_runner.py --tag audit_trl_qwen3-30b-moe_G4_easy_s42 --model ""Qwen/Qwen3-30B-A3B"" --task gsm8k --loss importance_sampling --seed 42 --group-size 4 --lr 1e-05 --steps 30 --rank 32 --difficulty easy --clip-low 0.2 --clip-high 0.2 --importance-level token --dynamic-sampling false --out /Users/arvind/Developer/tinker-rl-lab/experiments/tinker-runs/results/audit_trl_qwen3-30b-moe_G4_easy_s42.json"
audit_trl_qwen3-30b-moe_G4_hard_s42,audit,TRL,qwen3-30b-moe,failed,2026-06-14T16:10:00.911015+00:00,2026-06-14T16:10:00.985680+00:00,2,/Users/arvind/Developer/tinker-rl-lab/experiments/tinker-runs/results/audit_trl_qwen3-30b-moe_G4_hard_s42.json,"python3 /Users/arvind/Developer/tinker-rl-lab/experiments/tinker-runs/cell_runner.py --tag audit_trl_qwen3-30b-moe_G4_hard_s42 --model ""Qwen/Qwen3-30B-A3B"" --task gsm8k --loss importance_sampling --seed 42 --group-size 4 --lr 1e-05 --steps 30 --rank 32 --difficulty hard --clip-low 0.2 --clip-high 0.2 --importance-level token --dynamic-sampling false --out /Users/arvind/Developer/tinker-rl-lab/experiments/tinker-runs/results/audit_trl_qwen3-30b-moe_G4_hard_s42.json"
audit_trl_qwen3-30b-moe_G4_medium_s42,audit,TRL,qwen3-30b-moe,failed,2026-06-14T16:10:00.909653+00:00,2026-06-14T16:10:00.985797+00:00,2,/Users/arvind/Developer/tinker-rl-lab/experiments/tinker-runs/results/audit_trl_qwen3-30b-moe_G4_medium_s42.json,"python3 /Users/arvind/Developer/tinker-rl-lab/experiments/tinker-runs/cell_runner.py --tag audit_trl_qwen3-30b-moe_G4_medium_s42 --model ""Qwen/Qwen3-30B-A3B"" --task gsm8k --loss importance_sampling --seed 42 --group-size 4 --lr 1e-05 --steps 30 --rank 32 --difficulty medium --clip-low 0.2 --clip-high 0.2 --importance-level token --dynamic-sampling false --out /Users/arvind/Developer/tinker-rl-lab/experiments/tinker-runs/results/audit_trl_qwen3-30b-moe_G4_medium_s42.json"
audit_trl_qwen3-30b-moe_G8_easy_s42,audit,TRL,qwen3-30b-moe,failed,2026-06-14T16:10:00.912168+00:00,2026-06-14T16:10:00.988389+00:00,2,/Users/arvind/Developer/tinker-rl-lab/experiments/tinker-runs/results/audit_trl_qwen3-30b-moe_G8_easy_s42.json,"python3 /Users/arvind/Developer/tinker-rl-lab/experiments/tinker-runs/cell_runner.py --tag audit_trl_qwen3-30b-moe_G8_easy_s42 --model ""Qwen/Qwen3-30B-A3B"" --task gsm8k --loss importance_sampling --seed 42 --group-size 8 --lr 1e-05 --steps 30 --rank 32 --difficulty easy --clip-low 0.2 --clip-high 0.2 --importance-level token --dynamic-sampling false --out /Users/arvind/Developer/tinker-rl-lab/experiments/tinker-runs/results/audit_trl_qwen3-30b-moe_G8_easy_s42.json"
audit_trl_qwen3-30b-moe_G8_medium_s42,audit,TRL,qwen3-30b-moe,failed,2026-06-14T16:10:00.914573+00:00,2026-06-14T16:10:00.989295+00:00,2,/Users/arvind/Developer/tinker-rl-lab/experiments/tinker-runs/results/audit_trl_qwen3-30b-moe_G8_medium_s42.json,"python3 /Users/arvind/Developer/tinker-rl-lab/experiments/tinker-runs/cell_runner.py --tag audit_trl_qwen3-30b-moe_G8_medium_s42 --model ""Qwen/Qwen3-30B-A3B"" --task gsm8k --loss importance_sampling --seed 42 --group-size 8 --lr 1e-05 --steps 30 --rank 32 --difficulty medium --clip-low 0.2 --clip-high 0.2 --importance-level token --dynamic-sampling false --out /Users/arvind/Developer/tinker-rl-lab/experiments/tinker-runs/results/audit_trl_qwen3-30b-moe_G8_medium_s42.json"
audit_trl_qwen3-30b-moe_G8_hard_s42,audit,TRL,qwen3-30b-moe,failed,2026-06-14T16:10:00.985755+00:00,2026-06-14T16:10:01.063529+00:00,2,/Users/arvind/Developer/tinker-rl-lab/experiments/tinker-runs/results/audit_trl_qwen3-30b-moe_G8_hard_s42.json,"python3 /Users/arvind/Developer/tinker-rl-lab/experiments/tinker-runs/cell_runner.py --tag audit_trl_qwen3-30b-moe_G8_hard_s42 --model ""Qwen/Qwen3-30B-A3B"" --task gsm8k --loss importance_sampling --seed 42 --group-size 8 --lr 1e-05 --steps 30 --rank 32 --difficulty hard --clip-low 0.2 --clip-high 0.2 --importance-level token --dynamic-sampling false --out /Users/arvind/Developer/tinker-rl-lab/experiments/tinker-runs/results/audit_trl_qwen3-30b-moe_G8_hard_s42.json"
audit_trl_qwen3-30b-moe_G16_easy_s42,audit,TRL,qwen3-30b-moe,failed,2026-06-14T16:10:00.985821+00:00,2026-06-14T16:10:01.064925+00:00,2,/Users/arvind/Developer/tinker-rl-lab/experiments/tinker-runs/results/audit_trl_qwen3-30b-moe_G16_easy_s42.json,"python3 /Users/arvind/Developer/tinker-rl-lab/experiments/tinker-runs/cell_runner.py --tag audit_trl_qwen3-30b-moe_G16_easy_s42 --model ""Qwen/Qwen3-30B-A3B"" --task gsm8k --loss importance_sampling --seed 42 --group-size 16 --lr 1e-05 --steps 30 --rank 32 --difficulty easy --clip-low 0.2 --clip-high 0.2 --importance-level token --dynamic-sampling false --out /Users/arvind/Developer/tinker-rl-lab/experiments/tinker-runs/results/audit_trl_qwen3-30b-moe_G16_easy_s42.json"
audit_trl_qwen3-30b-moe_G16_hard_s42,audit,TRL,qwen3-30b-moe,failed,2026-06-14T16:10:00.989427+00:00,2026-06-14T16:10:01.066215+00:00,2,/Users/arvind/Developer/tinker-rl-lab/experiments/tinker-runs/results/audit_trl_qwen3-30b-moe_G16_hard_s42.json,"python3 /Users/arvind/Developer/tinker-rl-lab/experiments/tinker-runs/cell_runner.py --tag audit_trl_qwen3-30b-moe_G16_hard_s42 --model ""Qwen/Qwen3-30B-A3B"" --task gsm8k --loss importance_sampling --seed 42 --group-size 16 --lr 1e-05 --steps 30 --rank 32 --difficulty hard --clip-low 0.2 --clip-high 0.2 --importance-level token --dynamic-sampling false --out /Users/arvind/Developer/tinker-rl-lab/experiments/tinker-runs/results/audit_trl_qwen3-30b-moe_G16_hard_s42.json"
audit_trl_qwen3-30b-moe_G16_medium_s42,audit,TRL,qwen3-30b-moe,failed,2026-06-14T16:10:00.988475+00:00,2026-06-14T16:10:01.066471+00:00,2,/Users/arvind/Developer/tinker-rl-lab/experiments/tinker-runs/results/audit_trl_qwen3-30b-moe_G16_medium_s42.json,"python3 /Users/arvind/Developer/tinker-rl-lab/experiments/tinker-runs/cell_runner.py --tag audit_trl_qwen3-30b-moe_G16_medium_s42 --model ""Qwen/Qwen3-30B-A3B"" --task gsm8k --loss importance_sampling --seed 42 --group-size 16 --lr 1e-05 --steps 30 --rank 32 --difficulty medium --clip-low 0.2 --clip-high 0.2 --importance-level token --dynamic-sampling false --out /Users/arvind/Developer/tinker-rl-lab/experiments/tinker-runs/results/audit_trl_qwen3-30b-moe_G16_medium_s42.json"
audit_trl_qwen3-30b-moe_G2_medium_s123,audit,TRL,qwen3-30b-moe,failed,2026-06-14T16:10:01.065067+00:00,2026-06-14T16:10:01.137221+00:00,2,/Users/arvind/Developer/tinker-rl-lab/experiments/tinker-runs/results/audit_trl_qwen3-30b-moe_G2_medium_s123.json,"python3 /Users/arvind/Developer/tinker-rl-lab/experiments/tinker-runs/cell_runner.py --tag audit_trl_qwen3-30b-moe_G2_medium_s123 --model ""Qwen/Qwen3-30B-A3B"" --task gsm8k --loss importance_sampling --seed 123 --group-size 2 --lr 1e-05 --steps 30 --rank 32 --difficulty medium --clip-low 0.2 --clip-high 0.2 --importance-level token --dynamic-sampling false --out /Users/arvind/Developer/tinker-rl-lab/experiments/tinker-runs/results/audit_trl_qwen3-30b-moe_G2_medium_s123.json"
audit_trl_qwen3-30b-moe_G4_easy_s123,audit,TRL,qwen3-30b-moe,failed,2026-06-14T16:10:01.066512+00:00,2026-06-14T16:10:01.140773+00:00,2,/Users/arvind/Developer/tinker-rl-lab/experiments/tinker-runs/results/audit_trl_qwen3-30b-moe_G4_easy_s123.json,"python3 /Users/arvind/Developer/tinker-rl-lab/experiments/tinker-runs/cell_runner.py --tag audit_trl_qwen3-30b-moe_G4_easy_s123 --model ""Qwen/Qwen3-30B-A3B"" --task gsm8k --loss importance_sampling --seed 123 --group-size 4 --lr 1e-05 --steps 30 --rank 32 --difficulty easy --clip-low 0.2 --clip-high 0.2 --importance-level token --dynamic-sampling false --out /Users/arvind/Developer/tinker-rl-lab/experiments/tinker-runs/results/audit_trl_qwen3-30b-moe_G4_easy_s123.json"
audit_trl_qwen3-30b-moe_G2_hard_s123,audit,TRL,qwen3-30b-moe,failed,2026-06-14T16:10:01.066350+00:00,2026-06-14T16:10:01.141596+00:00,2,/Users/arvind/Developer/tinker-rl-lab/experiments/tinker-runs/results/audit_trl_qwen3-30b-moe_G2_hard_s123.json,"python3 /Users/arvind/Developer/tinker-rl-lab/experiments/tinker-runs/cell_runner.py --tag audit_trl_qwen3-30b-moe_G2_hard_s123 --model ""Qwen/Qwen3-30B-A3B"" --task gsm8k --loss importance_sampling --seed 123 --group-size 2 --lr 1e-05 --steps 30 --rank 32 --difficulty hard --clip-low 0.2 --clip-high 0.2 --importance-level token --dynamic-sampling false --out /Users/arvind/Developer/tinker-rl-lab/experiments/tinker-runs/results/audit_trl_qwen3-30b-moe_G2_hard_s123.json"
audit_trl_qwen3-30b-moe_G2_easy_s123,audit,TRL,qwen3-30b-moe,failed,2026-06-14T16:10:01.063593+00:00,2026-06-14T16:10:01.142916+00:00,2,/Users/arvind/Developer/tinker-rl-lab/experiments/tinker-runs/results/audit_trl_qwen3-30b-moe_G2_easy_s123.json,"python3 /Users/arvind/Developer/tinker-rl-lab/experiments/tinker-runs/cell_runner.py --tag audit_trl_qwen3-30b-moe_G2_easy_s123 --model ""Qwen/Qwen3-30B-A3B"" --task gsm8k --loss importance_sampling --seed 123 --group-size 2 --lr 1e-05 --steps 30 --rank 32 --difficulty easy --clip-low 0.2 --clip-high 0.2 --importance-level token --dynamic-sampling false --out /Users/arvind/Developer/tinker-rl-lab/experiments/tinker-runs/results/audit_trl_qwen3-30b-moe_G2_easy_s123.json"
audit_trl_qwen3-30b-moe_G4_medium_s123,audit,TRL,qwen3-30b-moe,failed,2026-06-14T16:10:01.137324+00:00,2026-06-14T16:10:01.217159+00:00,2,/Users/arvind/Developer/tinker-rl-lab/experiments/tinker-runs/results/audit_trl_qwen3-30b-moe_G4_medium_s123.json,"python3 /Users/arvind/Developer/tinker-rl-lab/experiments/tinker-runs/cell_runner.py --tag audit_trl_qwen3-30b-moe_G4_medium_s123 --model ""Qwen/Qwen3-30B-A3B"" --task gsm8k --loss importance_sampling --seed 123 --group-size 4 --lr 1e-05 --steps 30 --rank 32 --difficulty medium --clip-low 0.2 --clip-high 0.2 --importance-level token --dynamic-sampling false --out /Users/arvind/Developer/tinker-rl-lab/experiments/tinker-runs/results/audit_trl_qwen3-30b-moe_G4_medium_s123.json"
audit_trl_qwen3-30b-moe_G8_easy_s123,audit,TRL,qwen3-30b-moe,failed,2026-06-14T16:10:01.141723+00:00,2026-06-14T16:10:01.217274+00:00,2,/Users/arvind/Developer/tinker-rl-lab/experiments/tinker-runs/results/audit_trl_qwen3-30b-moe_G8_easy_s123.json,"python3 /Users/arvind/Developer/tinker-rl-lab/experiments/tinker-runs/cell_runner.py --tag audit_trl_qwen3-30b-moe_G8_easy_s123 --model ""Qwen/Qwen3-30B-A3B"" --task gsm8k --loss importance_sampling --seed 123 --group-size 8 --lr 1e-05 --steps 30 --rank 32 --difficulty easy --clip-low 0.2 --clip-high 0.2 --importance-level token --dynamic-sampling false --out /Users/arvind/Developer/tinker-rl-lab/experiments/tinker-runs/results/audit_trl_qwen3-30b-moe_G8_easy_s123.json"
audit_trl_qwen3-30b-moe_G4_hard_s123,audit,TRL,qwen3-30b-moe,failed,2026-06-14T16:10:01.140811+00:00,2026-06-14T16:10:01.218687+00:00,2,/Users/arvind/Developer/tinker-rl-lab/experiments/tinker-runs/results/audit_trl_qwen3-30b-moe_G4_hard_s123.json,"python3 /Users/arvind/Developer/tinker-rl-lab/experiments/tinker-runs/cell_runner.py --tag audit_trl_qwen3-30b-moe_G4_hard_s123 --model ""Qwen/Qwen3-30B-A3B"" --task gsm8k --loss importance_sampling --seed 123 --group-size 4 --lr 1e-05 --steps 30 --rank 32 --difficulty hard --clip-low 0.2 --clip-high 0.2 --importance-level token --dynamic-sampling false --out /Users/arvind/Developer/tinker-rl-lab/experiments/tinker-runs/results/audit_trl_qwen3-30b-moe_G4_hard_s123.json"
audit_trl_qwen3-30b-moe_G8_medium_s123,audit,TRL,qwen3-30b-moe,failed,2026-06-14T16:10:01.143032+00:00,2026-06-14T16:10:01.220846+00:00,2,/Users/arvind/Developer/tinker-rl-lab/experiments/tinker-runs/results/audit_trl_qwen3-30b-moe_G8_medium_s123.json,"python3 /Users/arvind/Developer/tinker-rl-lab/experiments/tinker-runs/cell_runner.py --tag audit_trl_qwen3-30b-moe_G8_medium_s123 --model ""Qwen/Qwen3-30B-A3B"" --task gsm8k --loss importance_sampling --seed 123 --group-size 8 --lr 1e-05 --steps 30 --rank 32 --difficulty medium --clip-low 0.2 --clip-high 0.2 --importance-level token --dynamic-sampling false --out /Users/arvind/Developer/tinker-rl-lab/experiments/tinker-runs/results/audit_trl_qwen3-30b-moe_G8_medium_s123.json"
audit_trl_qwen3-30b-moe_G8_hard_s123,audit,TRL,qwen3-30b-moe,failed,2026-06-14T16:10:01.217240+00:00,2026-06-14T16:10:01.294998+00:00,2,/Users/arvind/Developer/tinker-rl-lab/experiments/tinker-runs/results/audit_trl_qwen3-30b-moe_G8_hard_s123.json,"python3 /Users/arvind/Developer/tinker-rl-lab/experiments/tinker-runs/cell_runner.py --tag audit_trl_qwen3-30b-moe_G8_hard_s123 --model ""Qwen/Qwen3-30B-A3B"" --task gsm8k --loss importance_sampling --seed 123 --group-size 8 --lr 1e-05 --steps 30 --rank 32 --difficulty hard --clip-low 0.2 --clip-high 0.2 --importance-level token --dynamic-sampling false --out /Users/arvind/Developer/tinker-rl-lab/experiments/tinker-runs/results/audit_trl_qwen3-30b-moe_G8_hard_s123.json"
audit_trl_qwen3-30b-moe_G16_hard_s123,audit,TRL,qwen3-30b-moe,failed,2026-06-14T16:10:01.220968+00:00,2026-06-14T16:10:01.297435+00:00,2,/Users/arvind/Developer/tinker-rl-lab/experiments/tinker-runs/results/audit_trl_qwen3-30b-moe_G16_hard_s123.json,"python3 /Users/arvind/Developer/tinker-rl-lab/experiments/tinker-runs/cell_runner.py --tag audit_trl_qwen3-30b-moe_G16_hard_s123 --model ""Qwen/Qwen3-30B-A3B"" --task gsm8k --loss importance_sampling --seed 123 --group-size 16 --lr 1e-05 --steps 30 --rank 32 --difficulty hard --clip-low 0.2 --clip-high 0.2 --importance-level token --dynamic-sampling false --out /Users/arvind/Developer/tinker-rl-lab/experiments/tinker-runs/results/audit_trl_qwen3-30b-moe_G16_hard_s123.json"
audit_trl_qwen3-30b-moe_G16_medium_s123,audit,TRL,qwen3-30b-moe,failed,2026-06-14T16:10:01.218766+00:00,2026-06-14T16:10:01.297671+00:00,2,/Users/arvind/Developer/tinker-rl-lab/experiments/tinker-runs/results/audit_trl_qwen3-30b-moe_G16_medium_s123.json,"python3 /Users/arvind/Developer/tinker-rl-lab/experiments/tinker-runs/cell_runner.py --tag audit_trl_qwen3-30b-moe_G16_medium_s123 --model ""Qwen/Qwen3-30B-A3B"" --task gsm8k --loss importance_sampling --seed 123 --group-size 16 --lr 1e-05 --steps 30 --rank 32 --difficulty medium --clip-low 0.2 --clip-high 0.2 --importance-level token --dynamic-sampling false --out /Users/arvind/Developer/tinker-rl-lab/experiments/tinker-runs/results/audit_trl_qwen3-30b-moe_G16_medium_s123.json"
audit_trl_qwen3-30b-moe_G16_easy_s123,audit,TRL,qwen3-30b-moe,failed,2026-06-14T16:10:01.217289+00:00,2026-06-14T16:10:01.297718+00:00,2,/Users/arvind/Developer/tinker-rl-lab/experiments/tinker-runs/results/audit_trl_qwen3-30b-moe_G16_easy_s123.json,"python3 /Users/arvind/Developer/tinker-rl-lab/experiments/tinker-runs/cell_runner.py --tag audit_trl_qwen3-30b-moe_G16_easy_s123 --model ""Qwen/Qwen3-30B-A3B"" --task gsm8k --loss importance_sampling --seed 123 --group-size 16 --lr 1e-05 --steps 30 --rank 32 --difficulty easy --clip-low 0.2 --clip-high 0.2 --importance-level token --dynamic-sampling false --out /Users/arvind/Developer/tinker-rl-lab/experiments/tinker-runs/results/audit_trl_qwen3-30b-moe_G16_easy_s123.json"
audit_trl_qwen3-30b-moe_G4_easy_s456,audit,TRL,qwen3-30b-moe,failed,2026-06-14T16:10:01.297815+00:00,2026-06-14T16:10:01.374193+00:00,2,/Users/arvind/Developer/tinker-rl-lab/experiments/tinker-runs/results/audit_trl_qwen3-30b-moe_G4_easy_s456.json,"python3 /Users/arvind/Developer/tinker-rl-lab/experiments/tinker-runs/cell_runner.py --tag audit_trl_qwen3-30b-moe_G4_easy_s456 --model ""Qwen/Qwen3-30B-A3B"" --task gsm8k --loss importance_sampling --seed 456 --group-size 4 --lr 1e-05 --steps 30 --rank 32 --difficulty easy --clip-low 0.2 --clip-high 0.2 --importance-level token --dynamic-sampling false --out /Users/arvind/Developer/tinker-rl-lab/experiments/tinker-runs/results/audit_trl_qwen3-30b-moe_G4_easy_s456.json"
audit_trl_qwen3-30b-moe_G2_hard_s456,audit,TRL,qwen3-30b-moe,failed,2026-06-14T16:10:01.297691+00:00,2026-06-14T16:10:01.374302+00:00,2,/Users/arvind/Developer/tinker-rl-lab/experiments/tinker-runs/results/audit_trl_qwen3-30b-moe_G2_hard_s456.json,"python3 /Users/arvind/Developer/tinker-rl-lab/experiments/tinker-runs/cell_runner.py --tag audit_trl_qwen3-30b-moe_G2_hard_s456 --model ""Qwen/Qwen3-30B-A3B"" --task gsm8k --loss importance_sampling --seed 456 --group-size 2 --lr 1e-05 --steps 30 --rank 32 --difficulty hard --clip-low 0.2 --clip-high 0.2 --importance-level token --dynamic-sampling false --out /Users/arvind/Developer/tinker-rl-lab/experiments/tinker-runs/results/audit_trl_qwen3-30b-moe_G2_hard_s456.json"
audit_trl_qwen3-30b-moe_G2_easy_s456,audit,TRL,qwen3-30b-moe,failed,2026-06-14T16:10:01.295062+00:00,2026-06-14T16:10:01.377820+00:00,2,/Users/arvind/Developer/tinker-rl-lab/experiments/tinker-runs/results/audit_trl_qwen3-30b-moe_G2_easy_s456.json,"python3 /Users/arvind/Developer/tinker-rl-lab/experiments/tinker-runs/cell_runner.py --tag audit_trl_qwen3-30b-moe_G2_easy_s456 --model ""Qwen/Qwen3-30B-A3B"" --task gsm8k --loss importance_sampling --seed 456 --group-size 2 --lr 1e-05 --steps 30 --rank 32 --difficulty easy --clip-low 0.2 --clip-high 0.2 --importance-level token --dynamic-sampling false --out /Users/arvind/Developer/tinker-rl-lab/experiments/tinker-runs/results/audit_trl_qwen3-30b-moe_G2_easy_s456.json"
audit_trl_qwen3-30b-moe_G2_medium_s456,audit,TRL,qwen3-30b-moe,failed,2026-06-14T16:10:01.297566+00:00,2026-06-14T16:10:01.379225+00:00,2,/Users/arvind/Developer/tinker-rl-lab/experiments/tinker-runs/results/audit_trl_qwen3-30b-moe_G2_medium_s456.json,"python3 /Users/arvind/Developer/tinker-rl-lab/experiments/tinker-runs/cell_runner.py --tag audit_trl_qwen3-30b-moe_G2_medium_s456 --model ""Qwen/Qwen3-30B-A3B"" --task gsm8k --loss importance_sampling --seed 456 --group-size 2 --lr 1e-05 --steps 30 --rank 32 --difficulty medium --clip-low 0.2 --clip-high 0.2 --importance-level token --dynamic-sampling false --out /Users/arvind/Developer/tinker-rl-lab/experiments/tinker-runs/results/audit_trl_qwen3-30b-moe_G2_medium_s456.json"
audit_trl_qwen3-30b-moe_G8_easy_s456,audit,TRL,qwen3-30b-moe,failed,2026-06-14T16:10:01.377968+00:00,2026-06-14T16:10:01.452256+00:00,2,/Users/arvind/Developer/tinker-rl-lab/experiments/tinker-runs/results/audit_trl_qwen3-30b-moe_G8_easy_s456.json,"python3 /Users/arvind/Developer/tinker-rl-lab/experiments/tinker-runs/cell_runner.py --tag audit_trl_qwen3-30b-moe_G8_easy_s456 --model ""Qwen/Qwen3-30B-A3B"" --task gsm8k --loss importance_sampling --seed 456 --group-size 8 --lr 1e-05 --steps 30 --rank 32 --difficulty easy --clip-low 0.2 --clip-high 0.2 --importance-level token --dynamic-sampling false --out /Users/arvind/Developer/tinker-rl-lab/experiments/tinker-runs/results/audit_trl_qwen3-30b-moe_G8_easy_s456.json"
audit_trl_qwen3-30b-moe_G8_medium_s456,audit,TRL,qwen3-30b-moe,failed,2026-06-14T16:10:01.379426+00:00,2026-06-14T16:10:01.452387+00:00,2,/Users/arvind/Developer/tinker-rl-lab/experiments/tinker-runs/results/audit_trl_qwen3-30b-moe_G8_medium_s456.json,"python3 /Users/arvind/Developer/tinker-rl-lab/experiments/tinker-runs/cell_runner.py --tag audit_trl_qwen3-30b-moe_G8_medium_s456 --model ""Qwen/Qwen3-30B-A3B"" --task gsm8k --loss importance_sampling --seed 456 --group-size 8 --lr 1e-05 --steps 30 --rank 32 --difficulty medium --clip-low 0.2 --clip-high 0.2 --importance-level token --dynamic-sampling false --out /Users/arvind/Developer/tinker-rl-lab/experiments/tinker-runs/results/audit_trl_qwen3-30b-moe_G8_medium_s456.json"
audit_trl_qwen3-30b-moe_G4_medium_s456,audit,TRL,qwen3-30b-moe,failed,2026-06-14T16:10:01.374266+00:00,2026-06-14T16:10:01.452457+00:00,2,/Users/arvind/Developer/tinker-rl-lab/experiments/tinker-runs/results/audit_trl_qwen3-30b-moe_G4_medium_s456.json,"python3 /Users/arvind/Developer/tinker-rl-lab/experiments/tinker-runs/cell_runner.py --tag audit_trl_qwen3-30b-moe_G4_medium_s456 --model ""Qwen/Qwen3-30B-A3B"" --task gsm8k --loss importance_sampling --seed 456 --group-size 4 --lr 1e-05 --steps 30 --rank 32 --difficulty medium --clip-low 0.2 --clip-high 0.2 --importance-level token --dynamic-sampling false --out /Users/arvind/Developer/tinker-rl-lab/experiments/tinker-runs/results/audit_trl_qwen3-30b-moe_G4_medium_s456.json"
audit_trl_qwen3-30b-moe_G4_hard_s456,audit,TRL,qwen3-30b-moe,failed,2026-06-14T16:10:01.374317+00:00,2026-06-14T16:10:01.452519+00:00,2,/Users/arvind/Developer/tinker-rl-lab/experiments/tinker-runs/results/audit_trl_qwen3-30b-moe_G4_hard_s456.json,"python3 /Users/arvind/Developer/tinker-rl-lab/experiments/tinker-runs/cell_runner.py --tag audit_trl_qwen3-30b-moe_G4_hard_s456 --model ""Qwen/Qwen3-30B-A3B"" --task gsm8k --loss importance_sampling --seed 456 --group-size 4 --lr 1e-05 --steps 30 --rank 32 --difficulty hard --clip-low 0.2 --clip-high 0.2 --importance-level token --dynamic-sampling false --out /Users/arvind/Developer/tinker-rl-lab/experiments/tinker-runs/results/audit_trl_qwen3-30b-moe_G4_hard_s456.json"
audit_trl_qwen3-30b-moe_G16_hard_s456,audit,TRL,qwen3-30b-moe,failed,2026-06-14T16:10:01.452532+00:00,2026-06-14T16:10:01.531892+00:00,2,/Users/arvind/Developer/tinker-rl-lab/experiments/tinker-runs/results/audit_trl_qwen3-30b-moe_G16_hard_s456.json,"python3 /Users/arvind/Developer/tinker-rl-lab/experiments/tinker-runs/cell_runner.py --tag audit_trl_qwen3-30b-moe_G16_hard_s456 --model ""Qwen/Qwen3-30B-A3B"" --task gsm8k --loss importance_sampling --seed 456 --group-size 16 --lr 1e-05 --steps 30 --rank 32 --difficulty hard --clip-low 0.2 --clip-high 0.2 --importance-level token --dynamic-sampling false --out /Users/arvind/Developer/tinker-rl-lab/experiments/tinker-runs/results/audit_trl_qwen3-30b-moe_G16_hard_s456.json"
audit_trl_qwen3-30b-moe_G16_easy_s456,audit,TRL,qwen3-30b-moe,failed,2026-06-14T16:10:01.452426+00:00,2026-06-14T16:10:01.532010+00:00,2,/Users/arvind/Developer/tinker-rl-lab/experiments/tinker-runs/results/audit_trl_qwen3-30b-moe_G16_easy_s456.json,"python3 /Users/arvind/Developer/tinker-rl-lab/experiments/tinker-runs/cell_runner.py --tag audit_trl_qwen3-30b-moe_G16_easy_s456 --model ""Qwen/Qwen3-30B-A3B"" --task gsm8k --loss importance_sampling --seed 456 --group-size 16 --lr 1e-05 --steps 30 --rank 32 --difficulty easy --clip-low 0.2 --clip-high 0.2 --importance-level token --dynamic-sampling false --out /Users/arvind/Developer/tinker-rl-lab/experiments/tinker-runs/results/audit_trl_qwen3-30b-moe_G16_easy_s456.json"
audit_trl_qwen3-30b-moe_G16_medium_s456,audit,TRL,qwen3-30b-moe,failed,2026-06-14T16:10:01.452482+00:00,2026-06-14T16:10:01.534375+00:00,2,/Users/arvind/Developer/tinker-rl-lab/experiments/tinker-runs/results/audit_trl_qwen3-30b-moe_G16_medium_s456.json,"python3 /Users/arvind/Developer/tinker-rl-lab/experiments/tinker-runs/cell_runner.py --tag audit_trl_qwen3-30b-moe_G16_medium_s456 --model ""Qwen/Qwen3-30B-A3B"" --task gsm8k --loss importance_sampling --seed 456 --group-size 16 --lr 1e-05 --steps 30 --rank 32 --difficulty medium --clip-low 0.2 --clip-high 0.2 --importance-level token --dynamic-sampling false --out /Users/arvind/Developer/tinker-rl-lab/experiments/tinker-runs/results/audit_trl_qwen3-30b-moe_G16_medium_s456.json"
audit_trl_qwen3-30b-moe_G8_hard_s456,audit,TRL,qwen3-30b-moe,failed,2026-06-14T16:10:01.452336+00:00,2026-06-14T16:10:01.535828+00:00,2,/Users/arvind/Developer/tinker-rl-lab/experiments/tinker-runs/results/audit_trl_qwen3-30b-moe_G8_hard_s456.json,"python3 /Users/arvind/Developer/tinker-rl-lab/experiments/tinker-runs/cell_runner.py --tag audit_trl_qwen3-30b-moe_G8_hard_s456 --model ""Qwen/Qwen3-30B-A3B"" --task gsm8k --loss importance_sampling --seed 456 --group-size 8 --lr 1e-05 --steps 30 --rank 32 --difficulty hard --clip-low 0.2 --clip-high 0.2 --importance-level token --dynamic-sampling false --out /Users/arvind/Developer/tinker-rl-lab/experiments/tinker-runs/results/audit_trl_qwen3-30b-moe_G8_hard_s456.json"
audit_trl_qwen3-30b-moe_G4_easy_s789,audit,TRL,qwen3-30b-moe,failed,2026-06-14T16:10:01.535977+00:00,2026-06-14T16:10:01.609437+00:00,2,/Users/arvind/Developer/tinker-rl-lab/experiments/tinker-runs/results/audit_trl_qwen3-30b-moe_G4_easy_s789.json,"python3 /Users/arvind/Developer/tinker-rl-lab/experiments/tinker-runs/cell_runner.py --tag audit_trl_qwen3-30b-moe_G4_easy_s789 --model ""Qwen/Qwen3-30B-A3B"" --task gsm8k --loss importance_sampling --seed 789 --group-size 4 --lr 1e-05 --steps 30 --rank 32 --difficulty easy --clip-low 0.2 --clip-high 0.2 --importance-level token --dynamic-sampling false --out /Users/arvind/Developer/tinker-rl-lab/experiments/tinker-runs/results/audit_trl_qwen3-30b-moe_G4_easy_s789.json"
audit_trl_qwen3-30b-moe_G2_medium_s789,audit,TRL,qwen3-30b-moe,failed,2026-06-14T16:10:01.532029+00:00,2026-06-14T16:10:01.612252+00:00,2,/Users/arvind/Developer/tinker-rl-lab/experiments/tinker-runs/results/audit_trl_qwen3-30b-moe_G2_medium_s789.json,"python3 /Users/arvind/Developer/tinker-rl-lab/experiments/tinker-runs/cell_runner.py --tag audit_trl_qwen3-30b-moe_G2_medium_s789 --model ""Qwen/Qwen3-30B-A3B"" --task gsm8k --loss importance_sampling --seed 789 --group-size 2 --lr 1e-05 --steps 30 --rank 32 --difficulty medium --clip-low 0.2 --clip-high 0.2 --importance-level token --dynamic-sampling false --out /Users/arvind/Developer/tinker-rl-lab/experiments/tinker-runs/results/audit_trl_qwen3-30b-moe_G2_medium_s789.json"
audit_trl_qwen3-30b-moe_G2_easy_s789,audit,TRL,qwen3-30b-moe,failed,2026-06-14T16:10:01.531978+00:00,2026-06-14T16:10:01.613340+00:00,2,/Users/arvind/Developer/tinker-rl-lab/experiments/tinker-runs/results/audit_trl_qwen3-30b-moe_G2_easy_s789.json,"python3 /Users/arvind/Developer/tinker-rl-lab/experiments/tinker-runs/cell_runner.py --tag audit_trl_qwen3-30b-moe_G2_easy_s789 --model ""Qwen/Qwen3-30B-A3B"" --task gsm8k --loss importance_sampling --seed 789 --group-size 2 --lr 1e-05 --steps 30 --rank 32 --difficulty easy --clip-low 0.2 --clip-high 0.2 --importance-level token --dynamic-sampling false --out /Users/arvind/Developer/tinker-rl-lab/experiments/tinker-runs/results/audit_trl_qwen3-30b-moe_G2_easy_s789.json"
audit_trl_qwen3-30b-moe_G2_hard_s789,audit,TRL,qwen3-30b-moe,failed,2026-06-14T16:10:01.534543+00:00,2026-06-14T16:10:01.614635+00:00,2,/Users/arvind/Developer/tinker-rl-lab/experiments/tinker-runs/results/audit_trl_qwen3-30b-moe_G2_hard_s789.json,"python3 /Users/arvind/Developer/tinker-rl-lab/experiments/tinker-runs/cell_runner.py --tag audit_trl_qwen3-30b-moe_G2_hard_s789 --model ""Qwen/Qwen3-30B-A3B"" --task gsm8k --loss importance_sampling --seed 789 --group-size 2 --lr 1e-05 --steps 30 --rank 32 --difficulty hard --clip-low 0.2 --clip-high 0.2 --importance-level token --dynamic-sampling false --out /Users/arvind/Developer/tinker-rl-lab/experiments/tinker-runs/results/audit_trl_qwen3-30b-moe_G2_hard_s789.json"
audit_trl_qwen3-30b-moe_G8_easy_s789,audit,TRL,qwen3-30b-moe,failed,2026-06-14T16:10:01.613587+00:00,2026-06-14T16:10:01.690490+00:00,2,/Users/arvind/Developer/tinker-rl-lab/experiments/tinker-runs/results/audit_trl_qwen3-30b-moe_G8_easy_s789.json,"python3 /Users/arvind/Developer/tinker-rl-lab/experiments/tinker-runs/cell_runner.py --tag audit_trl_qwen3-30b-moe_G8_easy_s789 --model ""Qwen/Qwen3-30B-A3B"" --task gsm8k --loss importance_sampling --seed 789 --group-size 8 --lr 1e-05 --steps 30 --rank 32 --difficulty easy --clip-low 0.2 --clip-high 0.2 --importance-level token --dynamic-sampling false --out /Users/arvind/Developer/tinker-rl-lab/experiments/tinker-runs/results/audit_trl_qwen3-30b-moe_G8_easy_s789.json"
audit_trl_qwen3-30b-moe_G4_medium_s789,audit,TRL,qwen3-30b-moe,failed,2026-06-14T16:10:01.609505+00:00,2026-06-14T16:10:01.690593+00:00,2,/Users/arvind/Developer/tinker-rl-lab/experiments/tinker-runs/results/audit_trl_qwen3-30b-moe_G4_medium_s789.json,"python3 /Users/arvind/Developer/tinker-rl-lab/experiments/tinker-runs/cell_runner.py --tag audit_trl_qwen3-30b-moe_G4_medium_s789 --model ""Qwen/Qwen3-30B-A3B"" --task gsm8k --loss importance_sampling --seed 789 --group-size 4 --lr 1e-05 --steps 30 --rank 32 --difficulty medium --clip-low 0.2 --clip-high 0.2 --importance-level token --dynamic-sampling false --out /Users/arvind/Developer/tinker-rl-lab/experiments/tinker-runs/results/audit_trl_qwen3-30b-moe_G4_medium_s789.json"
audit_trl_qwen3-30b-moe_G4_hard_s789,audit,TRL,qwen3-30b-moe,failed,2026-06-14T16:10:01.612307+00:00,2026-06-14T16:10:01.690669+00:00,2,/Users/arvind/Developer/tinker-rl-lab/experiments/tinker-runs/results/audit_trl_qwen3-30b-moe_G4_hard_s789.json,"python3 /Users/arvind/Developer/tinker-rl-lab/experiments/tinker-runs/cell_runner.py --tag audit_trl_qwen3-30b-moe_G4_hard_s789 --model ""Qwen/Qwen3-30B-A3B"" --task gsm8k --loss importance_sampling --seed 789 --group-size 4 --lr 1e-05 --steps 30 --rank 32 --difficulty hard --clip-low 0.2 --clip-high 0.2 --importance-level token --dynamic-sampling false --out /Users/arvind/Developer/tinker-rl-lab/experiments/tinker-runs/results/audit_trl_qwen3-30b-moe_G4_hard_s789.json"
audit_trl_qwen3-30b-moe_G8_medium_s789,audit,TRL,qwen3-30b-moe,failed,2026-06-14T16:10:01.614789+00:00,2026-06-14T16:10:01.694280+00:00,2,/Users/arvind/Developer/tinker-rl-lab/experiments/tinker-runs/results/audit_trl_qwen3-30b-moe_G8_medium_s789.json,"python3 /Users/arvind/Developer/tinker-rl-lab/experiments/tinker-runs/cell_runner.py --tag audit_trl_qwen3-30b-moe_G8_medium_s789 --model ""Qwen/Qwen3-30B-A3B"" --task gsm8k --loss importance_sampling --seed 789 --group-size 8 --lr 1e-05 --steps 30 --rank 32 --difficulty medium --clip-low 0.2 --clip-high 0.2 --importance-level token --dynamic-sampling false --out /Users/arvind/Developer/tinker-rl-lab/experiments/tinker-runs/results/audit_trl_qwen3-30b-moe_G8_medium_s789.json"
audit_trl_qwen3-30b-moe_G8_hard_s789,audit,TRL,qwen3-30b-moe,failed,2026-06-14T16:10:01.690568+00:00,2026-06-14T16:10:01.767076+00:00,2,/Users/arvind/Developer/tinker-rl-lab/experiments/tinker-runs/results/audit_trl_qwen3-30b-moe_G8_hard_s789.json,"python3 /Users/arvind/Developer/tinker-rl-lab/experiments/tinker-runs/cell_runner.py --tag audit_trl_qwen3-30b-moe_G8_hard_s789 --model ""Qwen/Qwen3-30B-A3B"" --task gsm8k --loss importance_sampling --seed 789 --group-size 8 --lr 1e-05 --steps 30 --rank 32 --difficulty hard --clip-low 0.2 --clip-high 0.2 --importance-level token --dynamic-sampling false --out /Users/arvind/Developer/tinker-rl-lab/experiments/tinker-runs/results/audit_trl_qwen3-30b-moe_G8_hard_s789.json"
audit_trl_qwen3-30b-moe_G16_medium_s789,audit,TRL,qwen3-30b-moe,failed,2026-06-14T16:10:01.690684+00:00,2026-06-14T16:10:01.767177+00:00,2,/Users/arvind/Developer/tinker-rl-lab/experiments/tinker-runs/results/audit_trl_qwen3-30b-moe_G16_medium_s789.json,"python3 /Users/arvind/Developer/tinker-rl-lab/experiments/tinker-runs/cell_runner.py --tag audit_trl_qwen3-30b-moe_G16_medium_s789 --model ""Qwen/Qwen3-30B-A3B"" --task gsm8k --loss importance_sampling --seed 789 --group-size 16 --lr 1e-05 --steps 30 --rank 32 --difficulty medium --clip-low 0.2 --clip-high 0.2 --importance-level token --dynamic-sampling false --out /Users/arvind/Developer/tinker-rl-lab/experiments/tinker-runs/results/audit_trl_qwen3-30b-moe_G16_medium_s789.json"
audit_trl_qwen3-30b-moe_G16_easy_s789,audit,TRL,qwen3-30b-moe,failed,2026-06-14T16:10:01.690610+00:00,2026-06-14T16:10:01.768582+00:00,2,/Users/arvind/Developer/tinker-rl-lab/experiments/tinker-runs/results/audit_trl_qwen3-30b-moe_G16_easy_s789.json,"python3 /Users/arvind/Developer/tinker-rl-lab/experiments/tinker-runs/cell_runner.py --tag audit_trl_qwen3-30b-moe_G16_easy_s789 --model ""Qwen/Qwen3-30B-A3B"" --task gsm8k --loss importance_sampling --seed 789 --group-size 16 --lr 1e-05 --steps 30 --rank 32 --difficulty easy --clip-low 0.2 --clip-high 0.2 --importance-level token --dynamic-sampling false --out /Users/arvind/Developer/tinker-rl-lab/experiments/tinker-runs/results/audit_trl_qwen3-30b-moe_G16_easy_s789.json"
audit_trl_qwen3-30b-moe_G16_hard_s789,audit,TRL,qwen3-30b-moe,failed,2026-06-14T16:10:01.694517+00:00,2026-06-14T16:10:01.772672+00:00,2,/Users/arvind/Developer/tinker-rl-lab/experiments/tinker-runs/results/audit_trl_qwen3-30b-moe_G16_hard_s789.json,"python3 /Users/arvind/Developer/tinker-rl-lab/experiments/tinker-runs/cell_runner.py --tag audit_trl_qwen3-30b-moe_G16_hard_s789 --model ""Qwen/Qwen3-30B-A3B"" --task gsm8k --loss importance_sampling --seed 789 --group-size 16 --lr 1e-05 --steps 30 --rank 32 --difficulty hard --clip-low 0.2 --clip-high 0.2 --importance-level token --dynamic-sampling false --out /Users/arvind/Developer/tinker-rl-lab/experiments/tinker-runs/results/audit_trl_qwen3-30b-moe_G16_hard_s789.json"
audit_trl_qwen3-30b-moe_G2_easy_s1024,audit,TRL,qwen3-30b-moe,failed,2026-06-14T16:10:01.767151+00:00,2026-06-14T16:10:01.846367+00:00,2,/Users/arvind/Developer/tinker-rl-lab/experiments/tinker-runs/results/audit_trl_qwen3-30b-moe_G2_easy_s1024.json,"python3 /Users/arvind/Developer/tinker-rl-lab/experiments/tinker-runs/cell_runner.py --tag audit_trl_qwen3-30b-moe_G2_easy_s1024 --model ""Qwen/Qwen3-30B-A3B"" --task gsm8k --loss importance_sampling --seed 1024 --group-size 2 --lr 1e-05 --steps 30 --rank 32 --difficulty easy --clip-low 0.2 --clip-high 0.2 --importance-level token --dynamic-sampling false --out /Users/arvind/Developer/tinker-rl-lab/experiments/tinker-runs/results/audit_trl_qwen3-30b-moe_G2_easy_s1024.json"
audit_trl_qwen3-30b-moe_G2_medium_s1024,audit,TRL,qwen3-30b-moe,failed,2026-06-14T16:10:01.767193+00:00,2026-06-14T16:10:01.849212+00:00,2,/Users/arvind/Developer/tinker-rl-lab/experiments/tinker-runs/results/audit_trl_qwen3-30b-moe_G2_medium_s1024.json,"python3 /Users/arvind/Developer/tinker-rl-lab/experiments/tinker-runs/cell_runner.py --tag audit_trl_qwen3-30b-moe_G2_medium_s1024 --model ""Qwen/Qwen3-30B-A3B"" --task gsm8k --loss importance_sampling --seed 1024 --group-size 2 --lr 1e-05 --steps 30 --rank 32 --difficulty medium --clip-low 0.2 --clip-high 0.2 --importance-level token --dynamic-sampling false --out /Users/arvind/Developer/tinker-rl-lab/experiments/tinker-runs/results/audit_trl_qwen3-30b-moe_G2_medium_s1024.json"
audit_trl_qwen3-30b-moe_G2_hard_s1024,audit,TRL,qwen3-30b-moe,failed,2026-06-14T16:10:01.768736+00:00,2026-06-14T16:10:01.850246+00:00,2,/Users/arvind/Developer/tinker-rl-lab/experiments/tinker-runs/results/audit_trl_qwen3-30b-moe_G2_hard_s1024.json,"python3 /Users/arvind/Developer/tinker-rl-lab/experiments/tinker-runs/cell_runner.py --tag audit_trl_qwen3-30b-moe_G2_hard_s1024 --model ""Qwen/Qwen3-30B-A3B"" --task gsm8k --loss importance_sampling --seed 1024 --group-size 2 --lr 1e-05 --steps 30 --rank 32 --difficulty hard --clip-low 0.2 --clip-high 0.2 --importance-level token --dynamic-sampling false --out /Users/arvind/Developer/tinker-rl-lab/experiments/tinker-runs/results/audit_trl_qwen3-30b-moe_G2_hard_s1024.json"
audit_trl_qwen3-30b-moe_G4_easy_s1024,audit,TRL,qwen3-30b-moe,failed,2026-06-14T16:10:01.772845+00:00,2026-06-14T16:10:01.851618+00:00,2,/Users/arvind/Developer/tinker-rl-lab/experiments/tinker-runs/results/audit_trl_qwen3-30b-moe_G4_easy_s1024.json,"python3 /Users/arvind/Developer/tinker-rl-lab/experiments/tinker-runs/cell_runner.py --tag audit_trl_qwen3-30b-moe_G4_easy_s1024 --model ""Qwen/Qwen3-30B-A3B"" --task gsm8k --loss importance_sampling --seed 1024 --group-size 4 --lr 1e-05 --steps 30 --rank 32 --difficulty easy --clip-low 0.2 --clip-high 0.2 --importance-level token --dynamic-sampling false --out /Users/arvind/Developer/tinker-rl-lab/experiments/tinker-runs/results/audit_trl_qwen3-30b-moe_G4_easy_s1024.json"
audit_trl_qwen3-30b-moe_G8_easy_s1024,audit,TRL,qwen3-30b-moe,failed,2026-06-14T16:10:01.850393+00:00,2026-06-14T16:10:01.926604+00:00,2,/Users/arvind/Developer/tinker-rl-lab/experiments/tinker-runs/results/audit_trl_qwen3-30b-moe_G8_easy_s1024.json,"python3 /Users/arvind/Developer/tinker-rl-lab/experiments/tinker-runs/cell_runner.py --tag audit_trl_qwen3-30b-moe_G8_easy_s1024 --model ""Qwen/Qwen3-30B-A3B"" --task gsm8k --loss importance_sampling --seed 1024 --group-size 8 --lr 1e-05 --steps 30 --rank 32 --difficulty easy --clip-low 0.2 --clip-high 0.2 --importance-level token --dynamic-sampling false --out /Users/arvind/Developer/tinker-rl-lab/experiments/tinker-runs/results/audit_trl_qwen3-30b-moe_G8_easy_s1024.json"
audit_trl_qwen3-30b-moe_G4_hard_s1024,audit,TRL,qwen3-30b-moe,failed,2026-06-14T16:10:01.849303+00:00,2026-06-14T16:10:01.929127+00:00,2,/Users/arvind/Developer/tinker-rl-lab/experiments/tinker-runs/results/audit_trl_qwen3-30b-moe_G4_hard_s1024.json,"python3 /Users/arvind/Developer/tinker-rl-lab/experiments/tinker-runs/cell_runner.py --tag audit_trl_qwen3-30b-moe_G4_hard_s1024 --model ""Qwen/Qwen3-30B-A3B"" --task gsm8k --loss importance_sampling --seed 1024 --group-size 4 --lr 1e-05 --steps 30 --rank 32 --difficulty hard --clip-low 0.2 --clip-high 0.2 --importance-level token --dynamic-sampling false --out /Users/arvind/Developer/tinker-rl-lab/experiments/tinker-runs/results/audit_trl_qwen3-30b-moe_G4_hard_s1024.json"
audit_trl_qwen3-30b-moe_G4_medium_s1024,audit,TRL,qwen3-30b-moe,failed,2026-06-14T16:10:01.846441+00:00,2026-06-14T16:10:01.929345+00:00,2,/Users/arvind/Developer/tinker-rl-lab/experiments/tinker-runs/results/audit_trl_qwen3-30b-moe_G4_medium_s1024.json,"python3 /Users/arvind/Developer/tinker-rl-lab/experiments/tinker-runs/cell_runner.py --tag audit_trl_qwen3-30b-moe_G4_medium_s1024 --model ""Qwen/Qwen3-30B-A3B"" --task gsm8k --loss importance_sampling --seed 1024 --group-size 4 --lr 1e-05 --steps 30 --rank 32 --difficulty medium --clip-low 0.2 --clip-high 0.2 --importance-level token --dynamic-sampling false --out /Users/arvind/Developer/tinker-rl-lab/experiments/tinker-runs/results/audit_trl_qwen3-30b-moe_G4_medium_s1024.json"
audit_trl_qwen3-30b-moe_G8_medium_s1024,audit,TRL,qwen3-30b-moe,failed,2026-06-14T16:10:01.851795+00:00,2026-06-14T16:10:01.929410+00:00,2,/Users/arvind/Developer/tinker-rl-lab/experiments/tinker-runs/results/audit_trl_qwen3-30b-moe_G8_medium_s1024.json,"python3 /Users/arvind/Developer/tinker-rl-lab/experiments/tinker-runs/cell_runner.py --tag audit_trl_qwen3-30b-moe_G8_medium_s1024 --model ""Qwen/Qwen3-30B-A3B"" --task gsm8k --loss importance_sampling --seed 1024 --group-size 8 --lr 1e-05 --steps 30 --rank 32 --difficulty medium --clip-low 0.2 --clip-high 0.2 --importance-level token --dynamic-sampling false --out /Users/arvind/Developer/tinker-rl-lab/experiments/tinker-runs/results/audit_trl_qwen3-30b-moe_G8_medium_s1024.json"
audit_trl_qwen3-30b-moe_G16_medium_s1024,audit,TRL,qwen3-30b-moe,failed,2026-06-14T16:10:01.929374+00:00,2026-06-14T16:10:02.002763+00:00,2,/Users/arvind/Developer/tinker-rl-lab/experiments/tinker-runs/results/audit_trl_qwen3-30b-moe_G16_medium_s1024.json,"python3 /Users/arvind/Developer/tinker-rl-lab/experiments/tinker-runs/cell_runner.py --tag audit_trl_qwen3-30b-moe_G16_medium_s1024 --model ""Qwen/Qwen3-30B-A3B"" --task gsm8k --loss importance_sampling --seed 1024 --group-size 16 --lr 1e-05 --steps 30 --rank 32 --difficulty medium --clip-low 0.2 --clip-high 0.2 --importance-level token --dynamic-sampling false --out /Users/arvind/Developer/tinker-rl-lab/experiments/tinker-runs/results/audit_trl_qwen3-30b-moe_G16_medium_s1024.json"
audit_trl_qwen3-30b-moe_G8_hard_s1024,audit,TRL,qwen3-30b-moe,failed,2026-06-14T16:10:01.926706+00:00,2026-06-14T16:10:02.006156+00:00,2,/Users/arvind/Developer/tinker-rl-lab/experiments/tinker-runs/results/audit_trl_qwen3-30b-moe_G8_hard_s1024.json,"python3 /Users/arvind/Developer/tinker-rl-lab/experiments/tinker-runs/cell_runner.py --tag audit_trl_qwen3-30b-moe_G8_hard_s1024 --model ""Qwen/Qwen3-30B-A3B"" --task gsm8k --loss importance_sampling --seed 1024 --group-size 8 --lr 1e-05 --steps 30 --rank 32 --difficulty hard --clip-low 0.2 --clip-high 0.2 --importance-level token --dynamic-sampling false --out /Users/arvind/Developer/tinker-rl-lab/experiments/tinker-runs/results/audit_trl_qwen3-30b-moe_G8_hard_s1024.json"
audit_trl_qwen3-30b-moe_G16_easy_s1024,audit,TRL,qwen3-30b-moe,failed,2026-06-14T16:10:01.929256+00:00,2026-06-14T16:10:02.006223+00:00,2,/Users/arvind/Developer/tinker-rl-lab/experiments/tinker-runs/results/audit_trl_qwen3-30b-moe_G16_easy_s1024.json,"python3 /Users/arvind/Developer/tinker-rl-lab/experiments/tinker-runs/cell_runner.py --tag audit_trl_qwen3-30b-moe_G16_easy_s1024 --model ""Qwen/Qwen3-30B-A3B"" --task gsm8k --loss importance_sampling --seed 1024 --group-size 16 --lr 1e-05 --steps 30 --rank 32 --difficulty easy --clip-low 0.2 --clip-high 0.2 --importance-level token --dynamic-sampling false --out /Users/arvind/Developer/tinker-rl-lab/experiments/tinker-runs/results/audit_trl_qwen3-30b-moe_G16_easy_s1024.json"
audit_trl_qwen3-30b-moe_G16_hard_s1024,audit,TRL,qwen3-30b-moe,failed,2026-06-14T16:10:01.929449+00:00,2026-06-14T16:10:02.008339+00:00,2,/Users/arvind/Developer/tinker-rl-lab/experiments/tinker-runs/results/audit_trl_qwen3-30b-moe_G16_hard_s1024.json,"python3 /Users/arvind/Developer/tinker-rl-lab/experiments/tinker-runs/cell_runner.py --tag audit_trl_qwen3-30b-moe_G16_hard_s1024 --model ""Qwen/Qwen3-30B-A3B"" --task gsm8k --loss importance_sampling --seed 1024 --group-size 16 --lr 1e-05 --steps 30 --rank 32 --difficulty hard --clip-low 0.2 --clip-high 0.2 --importance-level token --dynamic-sampling false --out /Users/arvind/Developer/tinker-rl-lab/experiments/tinker-runs/results/audit_trl_qwen3-30b-moe_G16_hard_s1024.json"
audit_trl_qwen3-235b-moe_G8_medium_s42,audit,TRL,qwen3-235b-moe,failed,2026-06-14T16:10:02.002844+00:00,2026-06-14T16:10:02.079550+00:00,2,/Users/arvind/Developer/tinker-rl-lab/experiments/tinker-runs/results/audit_trl_qwen3-235b-moe_G8_medium_s42.json,"python3 /Users/arvind/Developer/tinker-rl-lab/experiments/tinker-runs/cell_runner.py --tag audit_trl_qwen3-235b-moe_G8_medium_s42 --model ""Qwen/Qwen3-235B-A22B-Instruct-2507"" --task gsm8k --loss importance_sampling --seed 42 --group-size 8 --lr 1e-05 --steps 20 --rank 16 --difficulty medium --clip-low 0.2 --clip-high 0.2 --importance-level token --dynamic-sampling false --out /Users/arvind/Developer/tinker-rl-lab/experiments/tinker-runs/results/audit_trl_qwen3-235b-moe_G8_medium_s42.json"
audit_trl_qwen3-235b-moe_G8_medium_s456,audit,TRL,qwen3-235b-moe,failed,2026-06-14T16:10:02.006239+00:00,2026-06-14T16:10:02.080881+00:00,2,/Users/arvind/Developer/tinker-rl-lab/experiments/tinker-runs/results/audit_trl_qwen3-235b-moe_G8_medium_s456.json,"python3 /Users/arvind/Developer/tinker-rl-lab/experiments/tinker-runs/cell_runner.py --tag audit_trl_qwen3-235b-moe_G8_medium_s456 --model ""Qwen/Qwen3-235B-A22B-Instruct-2507"" --task gsm8k --loss importance_sampling --seed 456 --group-size 8 --lr 1e-05 --steps 20 --rank 16 --difficulty medium --clip-low 0.2 --clip-high 0.2 --importance-level token --dynamic-sampling false --out /Users/arvind/Developer/tinker-rl-lab/experiments/tinker-runs/results/audit_trl_qwen3-235b-moe_G8_medium_s456.json"
audit_trl_qwen3-235b-moe_G8_medium_s123,audit,TRL,qwen3-235b-moe,failed,2026-06-14T16:10:02.006203+00:00,2026-06-14T16:10:02.083561+00:00,2,/Users/arvind/Developer/tinker-rl-lab/experiments/tinker-runs/results/audit_trl_qwen3-235b-moe_G8_medium_s123.json,"python3 /Users/arvind/Developer/tinker-rl-lab/experiments/tinker-runs/cell_runner.py --tag audit_trl_qwen3-235b-moe_G8_medium_s123 --model ""Qwen/Qwen3-235B-A22B-Instruct-2507"" --task gsm8k --loss importance_sampling --seed 123 --group-size 8 --lr 1e-05 --steps 20 --rank 16 --difficulty medium --clip-low 0.2 --clip-high 0.2 --importance-level token --dynamic-sampling false --out /Users/arvind/Developer/tinker-rl-lab/experiments/tinker-runs/results/audit_trl_qwen3-235b-moe_G8_medium_s123.json"
audit_trl_qwen3-235b-moe_G8_medium_s789,audit,TRL,qwen3-235b-moe,failed,2026-06-14T16:10:02.008484+00:00,2026-06-14T16:10:02.087796+00:00,2,/Users/arvind/Developer/tinker-rl-lab/experiments/tinker-runs/results/audit_trl_qwen3-235b-moe_G8_medium_s789.json,"python3 /Users/arvind/Developer/tinker-rl-lab/experiments/tinker-runs/cell_runner.py --tag audit_trl_qwen3-235b-moe_G8_medium_s789 --model ""Qwen/Qwen3-235B-A22B-Instruct-2507"" --task gsm8k --loss importance_sampling --seed 789 --group-size 8 --lr 1e-05 --steps 20 --rank 16 --difficulty medium --clip-low 0.2 --clip-high 0.2 --importance-level token --dynamic-sampling false --out /Users/arvind/Developer/tinker-rl-lab/experiments/tinker-runs/results/audit_trl_qwen3-235b-moe_G8_medium_s789.json"
audit_trl_llama-8b-inst_G2_medium_s42,audit,TRL,llama-8b-inst,failed,2026-06-14T16:10:02.083634+00:00,2026-06-14T16:10:02.157846+00:00,2,/Users/arvind/Developer/tinker-rl-lab/experiments/tinker-runs/results/audit_trl_llama-8b-inst_G2_medium_s42.json,"python3 /Users/arvind/Developer/tinker-rl-lab/experiments/tinker-runs/cell_runner.py --tag audit_trl_llama-8b-inst_G2_medium_s42 --model ""meta-llama/Llama-3.1-8B-Instruct"" --task gsm8k --loss importance_sampling --seed 42 --group-size 2 --lr 1e-05 --steps 30 --rank 32 --difficulty medium --clip-low 0.2 --clip-high 0.2 --importance-level token --dynamic-sampling false --out /Users/arvind/Developer/tinker-rl-lab/experiments/tinker-runs/results/audit_trl_llama-8b-inst_G2_medium_s42.json"
audit_trl_qwen3-235b-moe_G8_medium_s1024,audit,TRL,qwen3-235b-moe,failed,2026-06-14T16:10:02.079644+00:00,2026-06-14T16:10:02.160405+00:00,2,/Users/arvind/Developer/tinker-rl-lab/experiments/tinker-runs/results/audit_trl_qwen3-235b-moe_G8_medium_s1024.json,"python3 /Users/arvind/Developer/tinker-rl-lab/experiments/tinker-runs/cell_runner.py --tag audit_trl_qwen3-235b-moe_G8_medium_s1024 --model ""Qwen/Qwen3-235B-A22B-Instruct-2507"" --task gsm8k --loss importance_sampling --seed 1024 --group-size 8 --lr 1e-05 --steps 20 --rank 16 --difficulty medium --clip-low 0.2 --clip-high 0.2 --importance-level token --dynamic-sampling false --out /Users/arvind/Developer/tinker-rl-lab/experiments/tinker-runs/results/audit_trl_qwen3-235b-moe_G8_medium_s1024.json"
audit_trl_llama-8b-inst_G2_easy_s42,audit,TRL,llama-8b-inst,failed,2026-06-14T16:10:02.081010+00:00,2026-06-14T16:10:02.161814+00:00,2,/Users/arvind/Developer/tinker-rl-lab/experiments/tinker-runs/results/audit_trl_llama-8b-inst_G2_easy_s42.json,"python3 /Users/arvind/Developer/tinker-rl-lab/experiments/tinker-runs/cell_runner.py --tag audit_trl_llama-8b-inst_G2_easy_s42 --model ""meta-llama/Llama-3.1-8B-Instruct"" --task gsm8k --loss importance_sampling --seed 42 --group-size 2 --lr 1e-05 --steps 30 --rank 32 --difficulty easy --clip-low 0.2 --clip-high 0.2 --importance-level token --dynamic-sampling false --out /Users/arvind/Developer/tinker-rl-lab/experiments/tinker-runs/results/audit_trl_llama-8b-inst_G2_easy_s42.json"
audit_trl_llama-8b-inst_G2_hard_s42,audit,TRL,llama-8b-inst,failed,2026-06-14T16:10:02.087827+00:00,2026-06-14T16:10:02.166493+00:00,2,/Users/arvind/Developer/tinker-rl-lab/experiments/tinker-runs/results/audit_trl_llama-8b-inst_G2_hard_s42.json,"python3 /Users/arvind/Developer/tinker-rl-lab/experiments/tinker-runs/cell_runner.py --tag audit_trl_llama-8b-inst_G2_hard_s42 --model ""meta-llama/Llama-3.1-8B-Instruct"" --task gsm8k --loss importance_sampling --seed 42 --group-size 2 --lr 1e-05 --steps 30 --rank 32 --difficulty hard --clip-low 0.2 --clip-high 0.2 --importance-level token --dynamic-sampling false --out /Users/arvind/Developer/tinker-rl-lab/experiments/tinker-runs/results/audit_trl_llama-8b-inst_G2_hard_s42.json"
audit_trl_llama-8b-inst_G4_easy_s42,audit,TRL,llama-8b-inst,failed,2026-06-14T16:10:02.157960+00:00,2026-06-14T16:10:02.237431+00:00,2,/Users/arvind/Developer/tinker-rl-lab/experiments/tinker-runs/results/audit_trl_llama-8b-inst_G4_easy_s42.json,"python3 /Users/arvind/Developer/tinker-rl-lab/experiments/tinker-runs/cell_runner.py --tag audit_trl_llama-8b-inst_G4_easy_s42 --model ""meta-llama/Llama-3.1-8B-Instruct"" --task gsm8k --loss importance_sampling --seed 42 --group-size 4 --lr 1e-05 --steps 30 --rank 32 --difficulty easy --clip-low 0.2 --clip-high 0.2 --importance-level token --dynamic-sampling false --out /Users/arvind/Developer/tinker-rl-lab/experiments/tinker-runs/results/audit_trl_llama-8b-inst_G4_easy_s42.json"
audit_trl_llama-8b-inst_G4_medium_s42,audit,TRL,llama-8b-inst,failed,2026-06-14T16:10:02.160527+00:00,2026-06-14T16:10:02.239808+00:00,2,/Users/arvind/Developer/tinker-rl-lab/experiments/tinker-runs/results/audit_trl_llama-8b-inst_G4_medium_s42.json,"python3 /Users/arvind/Developer/tinker-rl-lab/experiments/tinker-runs/cell_runner.py --tag audit_trl_llama-8b-inst_G4_medium_s42 --model ""meta-llama/Llama-3.1-8B-Instruct"" --task gsm8k --loss importance_sampling --seed 42 --group-size 4 --lr 1e-05 --steps 30 --rank 32 --difficulty medium --clip-low 0.2 --clip-high 0.2 --importance-level token --dynamic-sampling false --out /Users/arvind/Developer/tinker-rl-lab/experiments/tinker-runs/results/audit_trl_llama-8b-inst_G4_medium_s42.json"
audit_trl_llama-8b-inst_G4_hard_s42,audit,TRL,llama-8b-inst,failed,2026-06-14T16:10:02.161933+00:00,2026-06-14T16:10:02.241368+00:00,2,/Users/arvind/Developer/tinker-rl-lab/experiments/tinker-runs/results/audit_trl_llama-8b-inst_G4_hard_s42.json,"python3 /Users/arvind/Developer/tinker-rl-lab/experiments/tinker-runs/cell_runner.py --tag audit_trl_llama-8b-inst_G4_hard_s42 --model ""meta-llama/Llama-3.1-8B-Instruct"" --task gsm8k --loss importance_sampling --seed 42 --group-size 4 --lr 1e-05 --steps 30 --rank 32 --difficulty hard --clip-low 0.2 --clip-high 0.2 --importance-level token --dynamic-sampling false --out /Users/arvind/Developer/tinker-rl-lab/experiments/tinker-runs/results/audit_trl_llama-8b-inst_G4_hard_s42.json"
audit_trl_llama-8b-inst_G8_easy_s42,audit,TRL,llama-8b-inst,failed,2026-06-14T16:10:02.166537+00:00,2026-06-14T16:10:02.244400+00:00,2,/Users/arvind/Developer/tinker-rl-lab/experiments/tinker-runs/results/audit_trl_llama-8b-inst_G8_easy_s42.json,"python3 /Users/arvind/Developer/tinker-rl-lab/experiments/tinker-runs/cell_runner.py --tag audit_trl_llama-8b-inst_G8_easy_s42 --model ""meta-llama/Llama-3.1-8B-Instruct"" --task gsm8k --loss importance_sampling --seed 42 --group-size 8 --lr 1e-05 --steps 30 --rank 32 --difficulty easy --clip-low 0.2 --clip-high 0.2 --importance-level token --dynamic-sampling false --out /Users/arvind/Developer/tinker-rl-lab/experiments/tinker-runs/results/audit_trl_llama-8b-inst_G8_easy_s42.json"
audit_trl_llama-8b-inst_G8_hard_s42,audit,TRL,llama-8b-inst,failed,2026-06-14T16:10:02.239949+00:00,2026-06-14T16:10:02.313592+00:00,2,/Users/arvind/Developer/tinker-rl-lab/experiments/tinker-runs/results/audit_trl_llama-8b-inst_G8_hard_s42.json,"python3 /Users/arvind/Developer/tinker-rl-lab/experiments/tinker-runs/cell_runner.py --tag audit_trl_llama-8b-inst_G8_hard_s42 --model ""meta-llama/Llama-3.1-8B-Instruct"" --task gsm8k --loss importance_sampling --seed 42 --group-size 8 --lr 1e-05 --steps 30 --rank 32 --difficulty hard --clip-low 0.2 --clip-high 0.2 --importance-level token --dynamic-sampling false --out /Users/arvind/Developer/tinker-rl-lab/experiments/tinker-runs/results/audit_trl_llama-8b-inst_G8_hard_s42.json"
audit_trl_llama-8b-inst_G8_medium_s42,audit,TRL,llama-8b-inst,failed,2026-06-14T16:10:02.237508+00:00,2026-06-14T16:10:02.317389+00:00,2,/Users/arvind/Developer/tinker-rl-lab/experiments/tinker-runs/results/audit_trl_llama-8b-inst_G8_medium_s42.json,"python3 /Users/arvind/Developer/tinker-rl-lab/experiments/tinker-runs/cell_runner.py --tag audit_trl_llama-8b-inst_G8_medium_s42 --model ""meta-llama/Llama-3.1-8B-Instruct"" --task gsm8k --loss importance_sampling --seed 42 --group-size 8 --lr 1e-05 --steps 30 --rank 32 --difficulty medium --clip-low 0.2 --clip-high 0.2 --importance-level token --dynamic-sampling false --out /Users/arvind/Developer/tinker-rl-lab/experiments/tinker-runs/results/audit_trl_llama-8b-inst_G8_medium_s42.json"
audit_trl_llama-8b-inst_G16_easy_s42,audit,TRL,llama-8b-inst,failed,2026-06-14T16:10:02.241508+00:00,2026-06-14T16:10:02.320018+00:00,2,/Users/arvind/Developer/tinker-rl-lab/experiments/tinker-runs/results/audit_trl_llama-8b-inst_G16_easy_s42.json,"python3 /Users/arvind/Developer/tinker-rl-lab/experiments/tinker-runs/cell_runner.py --tag audit_trl_llama-8b-inst_G16_easy_s42 --model ""meta-llama/Llama-3.1-8B-Instruct"" --task gsm8k --loss importance_sampling --seed 42 --group-size 16 --lr 1e-05 --steps 30 --rank 32 --difficulty easy --clip-low 0.2 --clip-high 0.2 --importance-level token --dynamic-sampling false --out /Users/arvind/Developer/tinker-rl-lab/experiments/tinker-runs/results/audit_trl_llama-8b-inst_G16_easy_s42.json"
audit_trl_llama-8b-inst_G16_medium_s42,audit,TRL,llama-8b-inst,failed,2026-06-14T16:10:02.244443+00:00,2026-06-14T16:10:02.323863+00:00,2,/Users/arvind/Developer/tinker-rl-lab/experiments/tinker-runs/results/audit_trl_llama-8b-inst_G16_medium_s42.json,"python3 /Users/arvind/Developer/tinker-rl-lab/experiments/tinker-runs/cell_runner.py --tag audit_trl_llama-8b-inst_G16_medium_s42 --model ""meta-llama/Llama-3.1-8B-Instruct"" --task gsm8k --loss importance_sampling --seed 42 --group-size 16 --lr 1e-05 --steps 30 --rank 32 --difficulty medium --clip-low 0.2 --clip-high 0.2 --importance-level token --dynamic-sampling false --out /Users/arvind/Developer/tinker-rl-lab/experiments/tinker-runs/results/audit_trl_llama-8b-inst_G16_medium_s42.json"
audit_trl_llama-8b-inst_G16_hard_s42,audit,TRL,llama-8b-inst,failed,2026-06-14T16:10:02.313710+00:00,2026-06-14T16:10:02.393507+00:00,2,/Users/arvind/Developer/tinker-rl-lab/experiments/tinker-runs/results/audit_trl_llama-8b-inst_G16_hard_s42.json,"python3 /Users/arvind/Developer/tinker-rl-lab/experiments/tinker-runs/cell_runner.py --tag audit_trl_llama-8b-inst_G16_hard_s42 --model ""meta-llama/Llama-3.1-8B-Instruct"" --task gsm8k --loss importance_sampling --seed 42 --group-size 16 --lr 1e-05 --steps 30 --rank 32 --difficulty hard --clip-low 0.2 --clip-high 0.2 --importance-level token --dynamic-sampling false --out /Users/arvind/Developer/tinker-rl-lab/experiments/tinker-runs/results/audit_trl_llama-8b-inst_G16_hard_s42.json"
audit_trl_llama-8b-inst_G2_easy_s123,audit,TRL,llama-8b-inst,failed,2026-06-14T16:10:02.317425+00:00,2026-06-14T16:10:02.396382+00:00,2,/Users/arvind/Developer/tinker-rl-lab/experiments/tinker-runs/results/audit_trl_llama-8b-inst_G2_easy_s123.json,"python3 /Users/arvind/Developer/tinker-rl-lab/experiments/tinker-runs/cell_runner.py --tag audit_trl_llama-8b-inst_G2_easy_s123 --model ""meta-llama/Llama-3.1-8B-Instruct"" --task gsm8k --loss importance_sampling --seed 123 --group-size 2 --lr 1e-05 --steps 30 --rank 32 --difficulty easy --clip-low 0.2 --clip-high 0.2 --importance-level token --dynamic-sampling false --out /Users/arvind/Developer/tinker-rl-lab/experiments/tinker-runs/results/audit_trl_llama-8b-inst_G2_easy_s123.json"
audit_trl_llama-8b-inst_G2_medium_s123,audit,TRL,llama-8b-inst,failed,2026-06-14T16:10:02.320087+00:00,2026-06-14T16:10:02.397301+00:00,2,/Users/arvind/Developer/tinker-rl-lab/experiments/tinker-runs/results/audit_trl_llama-8b-inst_G2_medium_s123.json,"python3 /Users/arvind/Developer/tinker-rl-lab/experiments/tinker-runs/cell_runner.py --tag audit_trl_llama-8b-inst_G2_medium_s123 --model ""meta-llama/Llama-3.1-8B-Instruct"" --task gsm8k --loss importance_sampling --seed 123 --group-size 2 --lr 1e-05 --steps 30 --rank 32 --difficulty medium --clip-low 0.2 --clip-high 0.2 --importance-level token --dynamic-sampling false --out /Users/arvind/Developer/tinker-rl-lab/experiments/tinker-runs/results/audit_trl_llama-8b-inst_G2_medium_s123.json"
audit_trl_llama-8b-inst_G2_hard_s123,audit,TRL,llama-8b-inst,failed,2026-06-14T16:10:02.323901+00:00,2026-06-14T16:10:02.400304+00:00,2,/Users/arvind/Developer/tinker-rl-lab/experiments/tinker-runs/results/audit_trl_llama-8b-inst_G2_hard_s123.json,"python3 /Users/arvind/Developer/tinker-rl-lab/experiments/tinker-runs/cell_runner.py --tag audit_trl_llama-8b-inst_G2_hard_s123 --model ""meta-llama/Llama-3.1-8B-Instruct"" --task gsm8k --loss importance_sampling --seed 123 --group-size 2 --lr 1e-05 --steps 30 --rank 32 --difficulty hard --clip-low 0.2 --clip-high 0.2 --importance-level token --dynamic-sampling false --out /Users/arvind/Developer/tinker-rl-lab/experiments/tinker-runs/results/audit_trl_llama-8b-inst_G2_hard_s123.json"
audit_trl_llama-8b-inst_G4_easy_s123,audit,TRL,llama-8b-inst,failed,2026-06-14T16:10:02.393588+00:00,2026-06-14T16:10:02.470920+00:00,2,/Users/arvind/Developer/tinker-rl-lab/experiments/tinker-runs/results/audit_trl_llama-8b-inst_G4_easy_s123.json,"python3 /Users/arvind/Developer/tinker-rl-lab/experiments/tinker-runs/cell_runner.py --tag audit_trl_llama-8b-inst_G4_easy_s123 --model ""meta-llama/Llama-3.1-8B-Instruct"" --task gsm8k --loss importance_sampling --seed 123 --group-size 4 --lr 1e-05 --steps 30 --rank 32 --difficulty easy --clip-low 0.2 --clip-high 0.2 --importance-level token --dynamic-sampling false --out /Users/arvind/Developer/tinker-rl-lab/experiments/tinker-runs/results/audit_trl_llama-8b-inst_G4_easy_s123.json"
audit_trl_llama-8b-inst_G4_medium_s123,audit,TRL,llama-8b-inst,failed,2026-06-14T16:10:02.396440+00:00,2026-06-14T16:10:02.472168+00:00,2,/Users/arvind/Developer/tinker-rl-lab/experiments/tinker-runs/results/audit_trl_llama-8b-inst_G4_medium_s123.json,"python3 /Users/arvind/Developer/tinker-rl-lab/experiments/tinker-runs/cell_runner.py --tag audit_trl_llama-8b-inst_G4_medium_s123 --model ""meta-llama/Llama-3.1-8B-Instruct"" --task gsm8k --loss importance_sampling --seed 123 --group-size 4 --lr 1e-05 --steps 30 --rank 32 --difficulty medium --clip-low 0.2 --clip-high 0.2 --importance-level token --dynamic-sampling false --out /Users/arvind/Developer/tinker-rl-lab/experiments/tinker-runs/results/audit_trl_llama-8b-inst_G4_medium_s123.json"
audit_trl_llama-8b-inst_G8_easy_s123,audit,TRL,llama-8b-inst,failed,2026-06-14T16:10:02.400336+00:00,2026-06-14T16:10:02.473621+00:00,2,/Users/arvind/Developer/tinker-rl-lab/experiments/tinker-runs/results/audit_trl_llama-8b-inst_G8_easy_s123.json,"python3 /Users/arvind/Developer/tinker-rl-lab/experiments/tinker-runs/cell_runner.py --tag audit_trl_llama-8b-inst_G8_easy_s123 --model ""meta-llama/Llama-3.1-8B-Instruct"" --task gsm8k --loss importance_sampling --seed 123 --group-size 8 --lr 1e-05 --steps 30 --rank 32 --difficulty easy --clip-low 0.2 --clip-high 0.2 --importance-level token --dynamic-sampling false --out /Users/arvind/Developer/tinker-rl-lab/experiments/tinker-runs/results/audit_trl_llama-8b-inst_G8_easy_s123.json"
audit_trl_llama-8b-inst_G4_hard_s123,audit,TRL,llama-8b-inst,failed,2026-06-14T16:10:02.397413+00:00,2026-06-14T16:10:02.476026+00:00,2,/Users/arvind/Developer/tinker-rl-lab/experiments/tinker-runs/results/audit_trl_llama-8b-inst_G4_hard_s123.json,"python3 /Users/arvind/Developer/tinker-rl-lab/experiments/tinker-runs/cell_runner.py --tag audit_trl_llama-8b-inst_G4_hard_s123 --model ""meta-llama/Llama-3.1-8B-Instruct"" --task gsm8k --loss importance_sampling --seed 123 --group-size 4 --lr 1e-05 --steps 30 --rank 32 --difficulty hard --clip-low 0.2 --clip-high 0.2 --importance-level token --dynamic-sampling false --out /Users/arvind/Developer/tinker-rl-lab/experiments/tinker-runs/results/audit_trl_llama-8b-inst_G4_hard_s123.json"
audit_trl_llama-8b-inst_G8_medium_s123,audit,TRL,llama-8b-inst,failed,2026-06-14T16:10:02.471003+00:00,2026-06-14T16:10:02.546710+00:00,2,/Users/arvind/Developer/tinker-rl-lab/experiments/tinker-runs/results/audit_trl_llama-8b-inst_G8_medium_s123.json,"python3 /Users/arvind/Developer/tinker-rl-lab/experiments/tinker-runs/cell_runner.py --tag audit_trl_llama-8b-inst_G8_medium_s123 --model ""meta-llama/Llama-3.1-8B-Instruct"" --task gsm8k --loss importance_sampling --seed 123 --group-size 8 --lr 1e-05 --steps 30 --rank 32 --difficulty medium --clip-low 0.2 --clip-high 0.2 --importance-level token --dynamic-sampling false --out /Users/arvind/Developer/tinker-rl-lab/experiments/tinker-runs/results/audit_trl_llama-8b-inst_G8_medium_s123.json"
audit_trl_llama-8b-inst_G16_easy_s123,audit,TRL,llama-8b-inst,failed,2026-06-14T16:10:02.473704+00:00,2026-06-14T16:10:02.550053+00:00,2,/Users/arvind/Developer/tinker-rl-lab/experiments/tinker-runs/results/audit_trl_llama-8b-inst_G16_easy_s123.json,"python3 /Users/arvind/Developer/tinker-rl-lab/experiments/tinker-runs/cell_runner.py --tag audit_trl_llama-8b-inst_G16_easy_s123 --model ""meta-llama/Llama-3.1-8B-Instruct"" --task gsm8k --loss importance_sampling --seed 123 --group-size 16 --lr 1e-05 --steps 30 --rank 32 --difficulty easy --clip-low 0.2 --clip-high 0.2 --importance-level token --dynamic-sampling false --out /Users/arvind/Developer/tinker-rl-lab/experiments/tinker-runs/results/audit_trl_llama-8b-inst_G16_easy_s123.json"
audit_trl_llama-8b-inst_G16_medium_s123,audit,TRL,llama-8b-inst,failed,2026-06-14T16:10:02.476129+00:00,2026-06-14T16:10:02.550935+00:00,2,/Users/arvind/Developer/tinker-rl-lab/experiments/tinker-runs/results/audit_trl_llama-8b-inst_G16_medium_s123.json,"python3 /Users/arvind/Developer/tinker-rl-lab/experiments/tinker-runs/cell_runner.py --tag audit_trl_llama-8b-inst_G16_medium_s123 --model ""meta-llama/Llama-3.1-8B-Instruct"" --task gsm8k --loss importance_sampling --seed 123 --group-size 16 --lr 1e-05 --steps 30 --rank 32 --difficulty medium --clip-low 0.2 --clip-high 0.2 --importance-level token --dynamic-sampling false --out /Users/arvind/Developer/tinker-rl-lab/experiments/tinker-runs/results/audit_trl_llama-8b-inst_G16_medium_s123.json"
audit_trl_llama-8b-inst_G8_hard_s123,audit,TRL,llama-8b-inst,failed,2026-06-14T16:10:02.472306+00:00,2026-06-14T16:10:02.552523+00:00,2,/Users/arvind/Developer/tinker-rl-lab/experiments/tinker-runs/results/audit_trl_llama-8b-inst_G8_hard_s123.json,"python3 /Users/arvind/Developer/tinker-rl-lab/experiments/tinker-runs/cell_runner.py --tag audit_trl_llama-8b-inst_G8_hard_s123 --model ""meta-llama/Llama-3.1-8B-Instruct"" --task gsm8k --loss importance_sampling --seed 123 --group-size 8 --lr 1e-05 --steps 30 --rank 32 --difficulty hard --clip-low 0.2 --clip-high 0.2 --importance-level token --dynamic-sampling false --out /Users/arvind/Developer/tinker-rl-lab/experiments/tinker-runs/results/audit_trl_llama-8b-inst_G8_hard_s123.json"
audit_trl_llama-8b-inst_G16_hard_s123,audit,TRL,llama-8b-inst,failed,2026-06-14T16:10:02.546785+00:00,2026-06-14T16:10:02.626954+00:00,2,/Users/arvind/Developer/tinker-rl-lab/experiments/tinker-runs/results/audit_trl_llama-8b-inst_G16_hard_s123.json,"python3 /Users/arvind/Developer/tinker-rl-lab/experiments/tinker-runs/cell_runner.py --tag audit_trl_llama-8b-inst_G16_hard_s123 --model ""meta-llama/Llama-3.1-8B-Instruct"" --task gsm8k --loss importance_sampling --seed 123 --group-size 16 --lr 1e-05 --steps 30 --rank 32 --difficulty hard --clip-low 0.2 --clip-high 0.2 --importance-level token --dynamic-sampling false --out /Users/arvind/Developer/tinker-rl-lab/experiments/tinker-runs/results/audit_trl_llama-8b-inst_G16_hard_s123.json"
audit_trl_llama-8b-inst_G2_medium_s456,audit,TRL,llama-8b-inst,failed,2026-06-14T16:10:02.551060+00:00,2026-06-14T16:10:02.627083+00:00,2,/Users/arvind/Developer/tinker-rl-lab/experiments/tinker-runs/results/audit_trl_llama-8b-inst_G2_medium_s456.json,"python3 /Users/arvind/Developer/tinker-rl-lab/experiments/tinker-runs/cell_runner.py --tag audit_trl_llama-8b-inst_G2_medium_s456 --model ""meta-llama/Llama-3.1-8B-Instruct"" --task gsm8k --loss importance_sampling --seed 456 --group-size 2 --lr 1e-05 --steps 30 --rank 32 --difficulty medium --clip-low 0.2 --clip-high 0.2 --importance-level token --dynamic-sampling false --out /Users/arvind/Developer/tinker-rl-lab/experiments/tinker-runs/results/audit_trl_llama-8b-inst_G2_medium_s456.json"
audit_trl_llama-8b-inst_G2_easy_s456,audit,TRL,llama-8b-inst,failed,2026-06-14T16:10:02.550087+00:00,2026-06-14T16:10:02.628545+00:00,2,/Users/arvind/Developer/tinker-rl-lab/experiments/tinker-runs/results/audit_trl_llama-8b-inst_G2_easy_s456.json,"python3 /Users/arvind/Developer/tinker-rl-lab/experiments/tinker-runs/cell_runner.py --tag audit_trl_llama-8b-inst_G2_easy_s456 --model ""meta-llama/Llama-3.1-8B-Instruct"" --task gsm8k --loss importance_sampling --seed 456 --group-size 2 --lr 1e-05 --steps 30 --rank 32 --difficulty easy --clip-low 0.2 --clip-high 0.2 --importance-level token --dynamic-sampling false --out /Users/arvind/Developer/tinker-rl-lab/experiments/tinker-runs/results/audit_trl_llama-8b-inst_G2_easy_s456.json"
audit_trl_llama-8b-inst_G2_hard_s456,audit,TRL,llama-8b-inst,failed,2026-06-14T16:10:02.552631+00:00,2026-06-14T16:10:02.630264+00:00,2,/Users/arvind/Developer/tinker-rl-lab/experiments/tinker-runs/results/audit_trl_llama-8b-inst_G2_hard_s456.json,"python3 /Users/arvind/Developer/tinker-rl-lab/experiments/tinker-runs/cell_runner.py --tag audit_trl_llama-8b-inst_G2_hard_s456 --model ""meta-llama/Llama-3.1-8B-Instruct"" --task gsm8k --loss importance_sampling --seed 456 --group-size 2 --lr 1e-05 --steps 30 --rank 32 --difficulty hard --clip-low 0.2 --clip-high 0.2 --importance-level token --dynamic-sampling false --out /Users/arvind/Developer/tinker-rl-lab/experiments/tinker-runs/results/audit_trl_llama-8b-inst_G2_hard_s456.json"
audit_trl_llama-8b-inst_G4_medium_s456,audit,TRL,llama-8b-inst,failed,2026-06-14T16:10:02.627106+00:00,2026-06-14T16:10:02.707657+00:00,2,/Users/arvind/Developer/tinker-rl-lab/experiments/tinker-runs/results/audit_trl_llama-8b-inst_G4_medium_s456.json,"python3 /Users/arvind/Developer/tinker-rl-lab/experiments/tinker-runs/cell_runner.py --tag audit_trl_llama-8b-inst_G4_medium_s456 --model ""meta-llama/Llama-3.1-8B-Instruct"" --task gsm8k --loss importance_sampling --seed 456 --group-size 4 --lr 1e-05 --steps 30 --rank 32 --difficulty medium --clip-low 0.2 --clip-high 0.2 --importance-level token --dynamic-sampling false --out /Users/arvind/Developer/tinker-rl-lab/experiments/tinker-runs/results/audit_trl_llama-8b-inst_G4_medium_s456.json"
audit_trl_llama-8b-inst_G4_hard_s456,audit,TRL,llama-8b-inst,failed,2026-06-14T16:10:02.628688+00:00,2026-06-14T16:10:02.707764+00:00,2,/Users/arvind/Developer/tinker-rl-lab/experiments/tinker-runs/results/audit_trl_llama-8b-inst_G4_hard_s456.json,"python3 /Users/arvind/Developer/tinker-rl-lab/experiments/tinker-runs/cell_runner.py --tag audit_trl_llama-8b-inst_G4_hard_s456 --model ""meta-llama/Llama-3.1-8B-Instruct"" --task gsm8k --loss importance_sampling --seed 456 --group-size 4 --lr 1e-05 --steps 30 --rank 32 --difficulty hard --clip-low 0.2 --clip-high 0.2 --importance-level token --dynamic-sampling false --out /Users/arvind/Developer/tinker-rl-lab/experiments/tinker-runs/results/audit_trl_llama-8b-inst_G4_hard_s456.json"
audit_trl_llama-8b-inst_G4_easy_s456,audit,TRL,llama-8b-inst,failed,2026-06-14T16:10:02.627049+00:00,2026-06-14T16:10:02.710537+00:00,2,/Users/arvind/Developer/tinker-rl-lab/experiments/tinker-runs/results/audit_trl_llama-8b-inst_G4_easy_s456.json,"python3 /Users/arvind/Developer/tinker-rl-lab/experiments/tinker-runs/cell_runner.py --tag audit_trl_llama-8b-inst_G4_easy_s456 --model ""meta-llama/Llama-3.1-8B-Instruct"" --task gsm8k --loss importance_sampling --seed 456 --group-size 4 --lr 1e-05 --steps 30 --rank 32 --difficulty easy --clip-low 0.2 --clip-high 0.2 --importance-level token --dynamic-sampling false --out /Users/arvind/Developer/tinker-rl-lab/experiments/tinker-runs/results/audit_trl_llama-8b-inst_G4_easy_s456.json"
audit_trl_llama-8b-inst_G8_easy_s456,audit,TRL,llama-8b-inst,failed,2026-06-14T16:10:02.630294+00:00,2026-06-14T16:10:02.711961+00:00,2,/Users/arvind/Developer/tinker-rl-lab/experiments/tinker-runs/results/audit_trl_llama-8b-inst_G8_easy_s456.json,"python3 /Users/arvind/Developer/tinker-rl-lab/experiments/tinker-runs/cell_runner.py --tag audit_trl_llama-8b-inst_G8_easy_s456 --model ""meta-llama/Llama-3.1-8B-Instruct"" --task gsm8k --loss importance_sampling --seed 456 --group-size 8 --lr 1e-05 --steps 30 --rank 32 --difficulty easy --clip-low 0.2 --clip-high 0.2 --importance-level token --dynamic-sampling false --out /Users/arvind/Developer/tinker-rl-lab/experiments/tinker-runs/results/audit_trl_llama-8b-inst_G8_easy_s456.json"
audit_trl_llama-8b-inst_G8_hard_s456,audit,TRL,llama-8b-inst,failed,2026-06-14T16:10:02.707779+00:00,2026-06-14T16:10:02.788856+00:00,2,/Users/arvind/Developer/tinker-rl-lab/experiments/tinker-runs/results/audit_trl_llama-8b-inst_G8_hard_s456.json,"python3 /Users/arvind/Developer/tinker-rl-lab/experiments/tinker-runs/cell_runner.py --tag audit_trl_llama-8b-inst_G8_hard_s456 --model ""meta-llama/Llama-3.1-8B-Instruct"" --task gsm8k --loss importance_sampling --seed 456 --group-size 8 --lr 1e-05 --steps 30 --rank 32 --difficulty hard --clip-low 0.2 --clip-high 0.2 --importance-level token --dynamic-sampling false --out /Users/arvind/Developer/tinker-rl-lab/experiments/tinker-runs/results/audit_trl_llama-8b-inst_G8_hard_s456.json"
audit_trl_llama-8b-inst_G16_medium_s456,audit,TRL,llama-8b-inst,failed,2026-06-14T16:10:02.711978+00:00,2026-06-14T16:10:02.788963+00:00,2,/Users/arvind/Developer/tinker-rl-lab/experiments/tinker-runs/results/audit_trl_llama-8b-inst_G16_medium_s456.json,"python3 /Users/arvind/Developer/tinker-rl-lab/experiments/tinker-runs/cell_runner.py --tag audit_trl_llama-8b-inst_G16_medium_s456 --model ""meta-llama/Llama-3.1-8B-Instruct"" --task gsm8k --loss importance_sampling --seed 456 --group-size 16 --lr 1e-05 --steps 30 --rank 32 --difficulty medium --clip-low 0.2 --clip-high 0.2 --importance-level token --dynamic-sampling false --out /Users/arvind/Developer/tinker-rl-lab/experiments/tinker-runs/results/audit_trl_llama-8b-inst_G16_medium_s456.json"
audit_trl_llama-8b-inst_G8_medium_s456,audit,TRL,llama-8b-inst,failed,2026-06-14T16:10:02.707727+00:00,2026-06-14T16:10:02.792833+00:00,2,/Users/arvind/Developer/tinker-rl-lab/experiments/tinker-runs/results/audit_trl_llama-8b-inst_G8_medium_s456.json,"python3 /Users/arvind/Developer/tinker-rl-lab/experiments/tinker-runs/cell_runner.py --tag audit_trl_llama-8b-inst_G8_medium_s456 --model ""meta-llama/Llama-3.1-8B-Instruct"" --task gsm8k --loss importance_sampling --seed 456 --group-size 8 --lr 1e-05 --steps 30 --rank 32 --difficulty medium --clip-low 0.2 --clip-high 0.2 --importance-level token --dynamic-sampling false --out /Users/arvind/Developer/tinker-rl-lab/experiments/tinker-runs/results/audit_trl_llama-8b-inst_G8_medium_s456.json"
audit_trl_llama-8b-inst_G16_easy_s456,audit,TRL,llama-8b-inst,failed,2026-06-14T16:10:02.710593+00:00,2026-06-14T16:10:02.793995+00:00,2,/Users/arvind/Developer/tinker-rl-lab/experiments/tinker-runs/results/audit_trl_llama-8b-inst_G16_easy_s456.json,"python3 /Users/arvind/Developer/tinker-rl-lab/experiments/tinker-runs/cell_runner.py --tag audit_trl_llama-8b-inst_G16_easy_s456 --model ""meta-llama/Llama-3.1-8B-Instruct"" --task gsm8k --loss importance_sampling --seed 456 --group-size 16 --lr 1e-05 --steps 30 --rank 32 --difficulty easy --clip-low 0.2 --clip-high 0.2 --importance-level token --dynamic-sampling false --out /Users/arvind/Developer/tinker-rl-lab/experiments/tinker-runs/results/audit_trl_llama-8b-inst_G16_easy_s456.json"
audit_trl_llama-8b-inst_G2_easy_s789,audit,TRL,llama-8b-inst,failed,2026-06-14T16:10:02.788977+00:00,2026-06-14T16:10:02.870131+00:00,2,/Users/arvind/Developer/tinker-rl-lab/experiments/tinker-runs/results/audit_trl_llama-8b-inst_G2_easy_s789.json,"python3 /Users/arvind/Developer/tinker-rl-lab/experiments/tinker-runs/cell_runner.py --tag audit_trl_llama-8b-inst_G2_easy_s789 --model ""meta-llama/Llama-3.1-8B-Instruct"" --task gsm8k --loss importance_sampling --seed 789 --group-size 2 --lr 1e-05 --steps 30 --rank 32 --difficulty easy --clip-low 0.2 --clip-high 0.2 --importance-level token --dynamic-sampling false --out /Users/arvind/Developer/tinker-rl-lab/experiments/tinker-runs/results/audit_trl_llama-8b-inst_G2_easy_s789.json"
audit_trl_llama-8b-inst_G16_hard_s456,audit,TRL,llama-8b-inst,failed,2026-06-14T16:10:02.788936+00:00,2026-06-14T16:10:02.870241+00:00,2,/Users/arvind/Developer/tinker-rl-lab/experiments/tinker-runs/results/audit_trl_llama-8b-inst_G16_hard_s456.json,"python3 /Users/arvind/Developer/tinker-rl-lab/experiments/tinker-runs/cell_runner.py --tag audit_trl_llama-8b-inst_G16_hard_s456 --model ""meta-llama/Llama-3.1-8B-Instruct"" --task gsm8k --loss importance_sampling --seed 456 --group-size 16 --lr 1e-05 --steps 30 --rank 32 --difficulty hard --clip-low 0.2 --clip-high 0.2 --importance-level token --dynamic-sampling false --out /Users/arvind/Developer/tinker-rl-lab/experiments/tinker-runs/results/audit_trl_llama-8b-inst_G16_hard_s456.json"
audit_trl_llama-8b-inst_G2_medium_s789,audit,TRL,llama-8b-inst,failed,2026-06-14T16:10:02.792929+00:00,2026-06-14T16:10:02.871775+00:00,2,/Users/arvind/Developer/tinker-rl-lab/experiments/tinker-runs/results/audit_trl_llama-8b-inst_G2_medium_s789.json,"python3 /Users/arvind/Developer/tinker-rl-lab/experiments/tinker-runs/cell_runner.py --tag audit_trl_llama-8b-inst_G2_medium_s789 --model ""meta-llama/Llama-3.1-8B-Instruct"" --task gsm8k --loss importance_sampling --seed 789 --group-size 2 --lr 1e-05 --steps 30 --rank 32 --difficulty medium --clip-low 0.2 --clip-high 0.2 --importance-level token --dynamic-sampling false --out /Users/arvind/Developer/tinker-rl-lab/experiments/tinker-runs/results/audit_trl_llama-8b-inst_G2_medium_s789.json"
audit_trl_llama-8b-inst_G2_hard_s789,audit,TRL,llama-8b-inst,failed,2026-06-14T16:10:02.794125+00:00,2026-06-14T16:10:02.873073+00:00,2,/Users/arvind/Developer/tinker-rl-lab/experiments/tinker-runs/results/audit_trl_llama-8b-inst_G2_hard_s789.json,"python3 /Users/arvind/Developer/tinker-rl-lab/experiments/tinker-runs/cell_runner.py --tag audit_trl_llama-8b-inst_G2_hard_s789 --model ""meta-llama/Llama-3.1-8B-Instruct"" --task gsm8k --loss importance_sampling --seed 789 --group-size 2 --lr 1e-05 --steps 30 --rank 32 --difficulty hard --clip-low 0.2 --clip-high 0.2 --importance-level token --dynamic-sampling false --out /Users/arvind/Developer/tinker-rl-lab/experiments/tinker-runs/results/audit_trl_llama-8b-inst_G2_hard_s789.json"
audit_trl_llama-8b-inst_G4_hard_s789,audit,TRL,llama-8b-inst,failed,2026-06-14T16:10:02.871860+00:00,2026-06-14T16:10:02.947299+00:00,2,/Users/arvind/Developer/tinker-rl-lab/experiments/tinker-runs/results/audit_trl_llama-8b-inst_G4_hard_s789.json,"python3 /Users/arvind/Developer/tinker-rl-lab/experiments/tinker-runs/cell_runner.py --tag audit_trl_llama-8b-inst_G4_hard_s789 --model ""meta-llama/Llama-3.1-8B-Instruct"" --task gsm8k --loss importance_sampling --seed 789 --group-size 4 --lr 1e-05 --steps 30 --rank 32 --difficulty hard --clip-low 0.2 --clip-high 0.2 --importance-level token --dynamic-sampling false --out /Users/arvind/Developer/tinker-rl-lab/experiments/tinker-runs/results/audit_trl_llama-8b-inst_G4_hard_s789.json"
audit_trl_llama-8b-inst_G4_medium_s789,audit,TRL,llama-8b-inst,failed,2026-06-14T16:10:02.870261+00:00,2026-06-14T16:10:02.947403+00:00,2,/Users/arvind/Developer/tinker-rl-lab/experiments/tinker-runs/results/audit_trl_llama-8b-inst_G4_medium_s789.json,"python3 /Users/arvind/Developer/tinker-rl-lab/experiments/tinker-runs/cell_runner.py --tag audit_trl_llama-8b-inst_G4_medium_s789 --model ""meta-llama/Llama-3.1-8B-Instruct"" --task gsm8k --loss importance_sampling --seed 789 --group-size 4 --lr 1e-05 --steps 30 --rank 32 --difficulty medium --clip-low 0.2 --clip-high 0.2 --importance-level token --dynamic-sampling false --out /Users/arvind/Developer/tinker-rl-lab/experiments/tinker-runs/results/audit_trl_llama-8b-inst_G4_medium_s789.json"
audit_trl_llama-8b-inst_G4_easy_s789,audit,TRL,llama-8b-inst,failed,2026-06-14T16:10:02.870212+00:00,2026-06-14T16:10:02.951440+00:00,2,/Users/arvind/Developer/tinker-rl-lab/experiments/tinker-runs/results/audit_trl_llama-8b-inst_G4_easy_s789.json,"python3 /Users/arvind/Developer/tinker-rl-lab/experiments/tinker-runs/cell_runner.py --tag audit_trl_llama-8b-inst_G4_easy_s789 --model ""meta-llama/Llama-3.1-8B-Instruct"" --task gsm8k --loss importance_sampling --seed 789 --group-size 4 --lr 1e-05 --steps 30 --rank 32 --difficulty easy --clip-low 0.2 --clip-high 0.2 --importance-level token --dynamic-sampling false --out /Users/arvind/Developer/tinker-rl-lab/experiments/tinker-runs/results/audit_trl_llama-8b-inst_G4_easy_s789.json"
audit_trl_llama-8b-inst_G8_easy_s789,audit,TRL,llama-8b-inst,failed,2026-06-14T16:10:02.873203+00:00,2026-06-14T16:10:02.952516+00:00,2,/Users/arvind/Developer/tinker-rl-lab/experiments/tinker-runs/results/audit_trl_llama-8b-inst_G8_easy_s789.json,"python3 /Users/arvind/Developer/tinker-rl-lab/experiments/tinker-runs/cell_runner.py --tag audit_trl_llama-8b-inst_G8_easy_s789 --model ""meta-llama/Llama-3.1-8B-Instruct"" --task gsm8k --loss importance_sampling --seed 789 --group-size 8 --lr 1e-05 --steps 30 --rank 32 --difficulty easy --clip-low 0.2 --clip-high 0.2 --importance-level token --dynamic-sampling false --out /Users/arvind/Developer/tinker-rl-lab/experiments/tinker-runs/results/audit_trl_llama-8b-inst_G8_easy_s789.json"
audit_trl_llama-8b-inst_G8_hard_s789,audit,TRL,llama-8b-inst,failed,2026-06-14T16:10:02.947418+00:00,2026-06-14T16:10:03.029907+00:00,2,/Users/arvind/Developer/tinker-rl-lab/experiments/tinker-runs/results/audit_trl_llama-8b-inst_G8_hard_s789.json,"python3 /Users/arvind/Developer/tinker-rl-lab/experiments/tinker-runs/cell_runner.py --tag audit_trl_llama-8b-inst_G8_hard_s789 --model ""meta-llama/Llama-3.1-8B-Instruct"" --task gsm8k --loss importance_sampling --seed 789 --group-size 8 --lr 1e-05 --steps 30 --rank 32 --difficulty hard --clip-low 0.2 --clip-high 0.2 --importance-level token --dynamic-sampling false --out /Users/arvind/Developer/tinker-rl-lab/experiments/tinker-runs/results/audit_trl_llama-8b-inst_G8_hard_s789.json"
audit_trl_llama-8b-inst_G8_medium_s789,audit,TRL,llama-8b-inst,failed,2026-06-14T16:10:02.947372+00:00,2026-06-14T16:10:03.030045+00:00,2,/Users/arvind/Developer/tinker-rl-lab/experiments/tinker-runs/results/audit_trl_llama-8b-inst_G8_medium_s789.json,"python3 /Users/arvind/Developer/tinker-rl-lab/experiments/tinker-runs/cell_runner.py --tag audit_trl_llama-8b-inst_G8_medium_s789 --model ""meta-llama/Llama-3.1-8B-Instruct"" --task gsm8k --loss importance_sampling --seed 789 --group-size 8 --lr 1e-05 --steps 30 --rank 32 --difficulty medium --clip-low 0.2 --clip-high 0.2 --importance-level token --dynamic-sampling false --out /Users/arvind/Developer/tinker-rl-lab/experiments/tinker-runs/results/audit_trl_llama-8b-inst_G8_medium_s789.json"
audit_trl_llama-8b-inst_G16_easy_s789,audit,TRL,llama-8b-inst,failed,2026-06-14T16:10:02.951531+00:00,2026-06-14T16:10:03.031076+00:00,2,/Users/arvind/Developer/tinker-rl-lab/experiments/tinker-runs/results/audit_trl_llama-8b-inst_G16_easy_s789.json,"python3 /Users/arvind/Developer/tinker-rl-lab/experiments/tinker-runs/cell_runner.py --tag audit_trl_llama-8b-inst_G16_easy_s789 --model ""meta-llama/Llama-3.1-8B-Instruct"" --task gsm8k --loss importance_sampling --seed 789 --group-size 16 --lr 1e-05 --steps 30 --rank 32 --difficulty easy --clip-low 0.2 --clip-high 0.2 --importance-level token --dynamic-sampling false --out /Users/arvind/Developer/tinker-rl-lab/experiments/tinker-runs/results/audit_trl_llama-8b-inst_G16_easy_s789.json"
audit_trl_llama-8b-inst_G16_medium_s789,audit,TRL,llama-8b-inst,failed,2026-06-14T16:10:02.952632+00:00,2026-06-14T16:10:03.033210+00:00,2,/Users/arvind/Developer/tinker-rl-lab/experiments/tinker-runs/results/audit_trl_llama-8b-inst_G16_medium_s789.json,"python3 /Users/arvind/Developer/tinker-rl-lab/experiments/tinker-runs/cell_runner.py --tag audit_trl_llama-8b-inst_G16_medium_s789 --model ""meta-llama/Llama-3.1-8B-Instruct"" --task gsm8k --loss importance_sampling --seed 789 --group-size 16 --lr 1e-05 --steps 30 --rank 32 --difficulty medium --clip-low 0.2 --clip-high 0.2 --importance-level token --dynamic-sampling false --out /Users/arvind/Developer/tinker-rl-lab/experiments/tinker-runs/results/audit_trl_llama-8b-inst_G16_medium_s789.json"
audit_trl_llama-8b-inst_G2_medium_s1024,audit,TRL,llama-8b-inst,failed,2026-06-14T16:10:03.031201+00:00,2026-06-14T16:10:03.109058+00:00,2,/Users/arvind/Developer/tinker-rl-lab/experiments/tinker-runs/results/audit_trl_llama-8b-inst_G2_medium_s1024.json,"python3 /Users/arvind/Developer/tinker-rl-lab/experiments/tinker-runs/cell_runner.py --tag audit_trl_llama-8b-inst_G2_medium_s1024 --model ""meta-llama/Llama-3.1-8B-Instruct"" --task gsm8k --loss importance_sampling --seed 1024 --group-size 2 --lr 1e-05 --steps 30 --rank 32 --difficulty medium --clip-low 0.2 --clip-high 0.2 --importance-level token --dynamic-sampling false --out /Users/arvind/Developer/tinker-rl-lab/experiments/tinker-runs/results/audit_trl_llama-8b-inst_G2_medium_s1024.json"
audit_trl_llama-8b-inst_G16_hard_s789,audit,TRL,llama-8b-inst,failed,2026-06-14T16:10:03.030003+00:00,2026-06-14T16:10:03.110273+00:00,2,/Users/arvind/Developer/tinker-rl-lab/experiments/tinker-runs/results/audit_trl_llama-8b-inst_G16_hard_s789.json,"python3 /Users/arvind/Developer/tinker-rl-lab/experiments/tinker-runs/cell_runner.py --tag audit_trl_llama-8b-inst_G16_hard_s789 --model ""meta-llama/Llama-3.1-8B-Instruct"" --task gsm8k --loss importance_sampling --seed 789 --group-size 16 --lr 1e-05 --steps 30 --rank 32 --difficulty hard --clip-low 0.2 --clip-high 0.2 --importance-level token --dynamic-sampling false --out /Users/arvind/Developer/tinker-rl-lab/experiments/tinker-runs/results/audit_trl_llama-8b-inst_G16_hard_s789.json"
audit_trl_llama-8b-inst_G2_easy_s1024,audit,TRL,llama-8b-inst,failed,2026-06-14T16:10:03.030073+00:00,2026-06-14T16:10:03.111523+00:00,2,/Users/arvind/Developer/tinker-rl-lab/experiments/tinker-runs/results/audit_trl_llama-8b-inst_G2_easy_s1024.json,"python3 /Users/arvind/Developer/tinker-rl-lab/experiments/tinker-runs/cell_runner.py --tag audit_trl_llama-8b-inst_G2_easy_s1024 --model ""meta-llama/Llama-3.1-8B-Instruct"" --task gsm8k --loss importance_sampling --seed 1024 --group-size 2 --lr 1e-05 --steps 30 --rank 32 --difficulty easy --clip-low 0.2 --clip-high 0.2 --importance-level token --dynamic-sampling false --out /Users/arvind/Developer/tinker-rl-lab/experiments/tinker-runs/results/audit_trl_llama-8b-inst_G2_easy_s1024.json"
audit_trl_llama-8b-inst_G2_hard_s1024,audit,TRL,llama-8b-inst,failed,2026-06-14T16:10:03.033368+00:00,2026-06-14T16:10:03.112864+00:00,2,/Users/arvind/Developer/tinker-rl-lab/experiments/tinker-runs/results/audit_trl_llama-8b-inst_G2_hard_s1024.json,"python3 /Users/arvind/Developer/tinker-rl-lab/experiments/tinker-runs/cell_runner.py --tag audit_trl_llama-8b-inst_G2_hard_s1024 --model ""meta-llama/Llama-3.1-8B-Instruct"" --task gsm8k --loss importance_sampling --seed 1024 --group-size 2 --lr 1e-05 --steps 30 --rank 32 --difficulty hard --clip-low 0.2 --clip-high 0.2 --importance-level token --dynamic-sampling false --out /Users/arvind/Developer/tinker-rl-lab/experiments/tinker-runs/results/audit_trl_llama-8b-inst_G2_hard_s1024.json"
audit_trl_llama-8b-inst_G4_hard_s1024,audit,TRL,llama-8b-inst,failed,2026-06-14T16:10:03.111676+00:00,2026-06-14T16:10:03.189192+00:00,2,/Users/arvind/Developer/tinker-rl-lab/experiments/tinker-runs/results/audit_trl_llama-8b-inst_G4_hard_s1024.json,"python3 /Users/arvind/Developer/tinker-rl-lab/experiments/tinker-runs/cell_runner.py --tag audit_trl_llama-8b-inst_G4_hard_s1024 --model ""meta-llama/Llama-3.1-8B-Instruct"" --task gsm8k --loss importance_sampling --seed 1024 --group-size 4 --lr 1e-05 --steps 30 --rank 32 --difficulty hard --clip-low 0.2 --clip-high 0.2 --importance-level token --dynamic-sampling false --out /Users/arvind/Developer/tinker-rl-lab/experiments/tinker-runs/results/audit_trl_llama-8b-inst_G4_hard_s1024.json"
audit_trl_llama-8b-inst_G4_easy_s1024,audit,TRL,llama-8b-inst,failed,2026-06-14T16:10:03.109164+00:00,2026-06-14T16:10:03.190453+00:00,2,/Users/arvind/Developer/tinker-rl-lab/experiments/tinker-runs/results/audit_trl_llama-8b-inst_G4_easy_s1024.json,"python3 /Users/arvind/Developer/tinker-rl-lab/experiments/tinker-runs/cell_runner.py --tag audit_trl_llama-8b-inst_G4_easy_s1024 --model ""meta-llama/Llama-3.1-8B-Instruct"" --task gsm8k --loss importance_sampling --seed 1024 --group-size 4 --lr 1e-05 --steps 30 --rank 32 --difficulty easy --clip-low 0.2 --clip-high 0.2 --importance-level token --dynamic-sampling false --out /Users/arvind/Developer/tinker-rl-lab/experiments/tinker-runs/results/audit_trl_llama-8b-inst_G4_easy_s1024.json"
audit_trl_llama-8b-inst_G8_easy_s1024,audit,TRL,llama-8b-inst,failed,2026-06-14T16:10:03.112986+00:00,2026-06-14T16:10:03.192036+00:00,2,/Users/arvind/Developer/tinker-rl-lab/experiments/tinker-runs/results/audit_trl_llama-8b-inst_G8_easy_s1024.json,"python3 /Users/arvind/Developer/tinker-rl-lab/experiments/tinker-runs/cell_runner.py --tag audit_trl_llama-8b-inst_G8_easy_s1024 --model ""meta-llama/Llama-3.1-8B-Instruct"" --task gsm8k --loss importance_sampling --seed 1024 --group-size 8 --lr 1e-05 --steps 30 --rank 32 --difficulty easy --clip-low 0.2 --clip-high 0.2 --importance-level token --dynamic-sampling false --out /Users/arvind/Developer/tinker-rl-lab/experiments/tinker-runs/results/audit_trl_llama-8b-inst_G8_easy_s1024.json"
audit_trl_llama-8b-inst_G4_medium_s1024,audit,TRL,llama-8b-inst,failed,2026-06-14T16:10:03.110418+00:00,2026-06-14T16:10:03.193043+00:00,2,/Users/arvind/Developer/tinker-rl-lab/experiments/tinker-runs/results/audit_trl_llama-8b-inst_G4_medium_s1024.json,"python3 /Users/arvind/Developer/tinker-rl-lab/experiments/tinker-runs/cell_runner.py --tag audit_trl_llama-8b-inst_G4_medium_s1024 --model ""meta-llama/Llama-3.1-8B-Instruct"" --task gsm8k --loss importance_sampling --seed 1024 --group-size 4 --lr 1e-05 --steps 30 --rank 32 --difficulty medium --clip-low 0.2 --clip-high 0.2 --importance-level token --dynamic-sampling false --out /Users/arvind/Developer/tinker-rl-lab/experiments/tinker-runs/results/audit_trl_llama-8b-inst_G4_medium_s1024.json"
audit_trl_llama-8b-inst_G16_easy_s1024,audit,TRL,llama-8b-inst,failed,2026-06-14T16:10:03.192136+00:00,2026-06-14T16:10:03.265773+00:00,2,/Users/arvind/Developer/tinker-rl-lab/experiments/tinker-runs/results/audit_trl_llama-8b-inst_G16_easy_s1024.json,"python3 /Users/arvind/Developer/tinker-rl-lab/experiments/tinker-runs/cell_runner.py --tag audit_trl_llama-8b-inst_G16_easy_s1024 --model ""meta-llama/Llama-3.1-8B-Instruct"" --task gsm8k --loss importance_sampling --seed 1024 --group-size 16 --lr 1e-05 --steps 30 --rank 32 --difficulty easy --clip-low 0.2 --clip-high 0.2 --importance-level token --dynamic-sampling false --out /Users/arvind/Developer/tinker-rl-lab/experiments/tinker-runs/results/audit_trl_llama-8b-inst_G16_easy_s1024.json"
audit_trl_llama-8b-inst_G8_hard_s1024,audit,TRL,llama-8b-inst,failed,2026-06-14T16:10:03.190587+00:00,2026-06-14T16:10:03.268628+00:00,2,/Users/arvind/Developer/tinker-rl-lab/experiments/tinker-runs/results/audit_trl_llama-8b-inst_G8_hard_s1024.json,"python3 /Users/arvind/Developer/tinker-rl-lab/experiments/tinker-runs/cell_runner.py --tag audit_trl_llama-8b-inst_G8_hard_s1024 --model ""meta-llama/Llama-3.1-8B-Instruct"" --task gsm8k --loss importance_sampling --seed 1024 --group-size 8 --lr 1e-05 --steps 30 --rank 32 --difficulty hard --clip-low 0.2 --clip-high 0.2 --importance-level token --dynamic-sampling false --out /Users/arvind/Developer/tinker-rl-lab/experiments/tinker-runs/results/audit_trl_llama-8b-inst_G8_hard_s1024.json"
audit_trl_llama-8b-inst_G8_medium_s1024,audit,TRL,llama-8b-inst,failed,2026-06-14T16:10:03.189318+00:00,2026-06-14T16:10:03.269557+00:00,2,/Users/arvind/Developer/tinker-rl-lab/experiments/tinker-runs/results/audit_trl_llama-8b-inst_G8_medium_s1024.json,"python3 /Users/arvind/Developer/tinker-rl-lab/experiments/tinker-runs/cell_runner.py --tag audit_trl_llama-8b-inst_G8_medium_s1024 --model ""meta-llama/Llama-3.1-8B-Instruct"" --task gsm8k --loss importance_sampling --seed 1024 --group-size 8 --lr 1e-05 --steps 30 --rank 32 --difficulty medium --clip-low 0.2 --clip-high 0.2 --importance-level token --dynamic-sampling false --out /Users/arvind/Developer/tinker-rl-lab/experiments/tinker-runs/results/audit_trl_llama-8b-inst_G8_medium_s1024.json"
audit_trl_llama-8b-inst_G16_medium_s1024,audit,TRL,llama-8b-inst,failed,2026-06-14T16:10:03.193257+00:00,2026-06-14T16:10:03.273194+00:00,2,/Users/arvind/Developer/tinker-rl-lab/experiments/tinker-runs/results/audit_trl_llama-8b-inst_G16_medium_s1024.json,"python3 /Users/arvind/Developer/tinker-rl-lab/experiments/tinker-runs/cell_runner.py --tag audit_trl_llama-8b-inst_G16_medium_s1024 --model ""meta-llama/Llama-3.1-8B-Instruct"" --task gsm8k --loss importance_sampling --seed 1024 --group-size 16 --lr 1e-05 --steps 30 --rank 32 --difficulty medium --clip-low 0.2 --clip-high 0.2 --importance-level token --dynamic-sampling false --out /Users/arvind/Developer/tinker-rl-lab/experiments/tinker-runs/results/audit_trl_llama-8b-inst_G16_medium_s1024.json"
audit_trl_llama-8b-inst_G16_hard_s1024,audit,TRL,llama-8b-inst,failed,2026-06-14T16:10:03.265856+00:00,2026-06-14T16:10:03.344399+00:00,2,/Users/arvind/Developer/tinker-rl-lab/experiments/tinker-runs/results/audit_trl_llama-8b-inst_G16_hard_s1024.json,"python3 /Users/arvind/Developer/tinker-rl-lab/experiments/tinker-runs/cell_runner.py --tag audit_trl_llama-8b-inst_G16_hard_s1024 --model ""meta-llama/Llama-3.1-8B-Instruct"" --task gsm8k --loss importance_sampling --seed 1024 --group-size 16 --lr 1e-05 --steps 30 --rank 32 --difficulty hard --clip-low 0.2 --clip-high 0.2 --importance-level token --dynamic-sampling false --out /Users/arvind/Developer/tinker-rl-lab/experiments/tinker-runs/results/audit_trl_llama-8b-inst_G16_hard_s1024.json"
audit_trl_llama-70b-inst_G8_medium_s123,audit,TRL,llama-70b-inst,failed,2026-06-14T16:10:03.269689+00:00,2026-06-14T16:10:03.347267+00:00,2,/Users/arvind/Developer/tinker-rl-lab/experiments/tinker-runs/results/audit_trl_llama-70b-inst_G8_medium_s123.json,"python3 /Users/arvind/Developer/tinker-rl-lab/experiments/tinker-runs/cell_runner.py --tag audit_trl_llama-70b-inst_G8_medium_s123 --model ""meta-llama/Llama-3.3-70B-Instruct"" --task gsm8k --loss importance_sampling --seed 123 --group-size 8 --lr 1e-05 --steps 20 --rank 16 --difficulty medium --clip-low 0.2 --clip-high 0.2 --importance-level token --dynamic-sampling false --out /Users/arvind/Developer/tinker-rl-lab/experiments/tinker-runs/results/audit_trl_llama-70b-inst_G8_medium_s123.json"
audit_trl_llama-70b-inst_G8_medium_s456,audit,TRL,llama-70b-inst,failed,2026-06-14T16:10:03.273219+00:00,2026-06-14T16:10:03.348188+00:00,2,/Users/arvind/Developer/tinker-rl-lab/experiments/tinker-runs/results/audit_trl_llama-70b-inst_G8_medium_s456.json,"python3 /Users/arvind/Developer/tinker-rl-lab/experiments/tinker-runs/cell_runner.py --tag audit_trl_llama-70b-inst_G8_medium_s456 --model ""meta-llama/Llama-3.3-70B-Instruct"" --task gsm8k --loss importance_sampling --seed 456 --group-size 8 --lr 1e-05 --steps 20 --rank 16 --difficulty medium --clip-low 0.2 --clip-high 0.2 --importance-level token --dynamic-sampling false --out /Users/arvind/Developer/tinker-rl-lab/experiments/tinker-runs/results/audit_trl_llama-70b-inst_G8_medium_s456.json"
audit_trl_llama-70b-inst_G8_medium_s42,audit,TRL,llama-70b-inst,failed,2026-06-14T16:10:03.268701+00:00,2026-06-14T16:10:03.349921+00:00,2,/Users/arvind/Developer/tinker-rl-lab/experiments/tinker-runs/results/audit_trl_llama-70b-inst_G8_medium_s42.json,"python3 /Users/arvind/Developer/tinker-rl-lab/experiments/tinker-runs/cell_runner.py --tag audit_trl_llama-70b-inst_G8_medium_s42 --model ""meta-llama/Llama-3.3-70B-Instruct"" --task gsm8k --loss importance_sampling --seed 42 --group-size 8 --lr 1e-05 --steps 20 --rank 16 --difficulty medium --clip-low 0.2 --clip-high 0.2 --importance-level token --dynamic-sampling false --out /Users/arvind/Developer/tinker-rl-lab/experiments/tinker-runs/results/audit_trl_llama-70b-inst_G8_medium_s42.json"
audit_trl_llama-70b-inst_G8_medium_s1024,audit,TRL,llama-70b-inst,failed,2026-06-14T16:10:03.347316+00:00,2026-06-14T16:10:03.420346+00:00,2,/Users/arvind/Developer/tinker-rl-lab/experiments/tinker-runs/results/audit_trl_llama-70b-inst_G8_medium_s1024.json,"python3 /Users/arvind/Developer/tinker-rl-lab/experiments/tinker-runs/cell_runner.py --tag audit_trl_llama-70b-inst_G8_medium_s1024 --model ""meta-llama/Llama-3.3-70B-Instruct"" --task gsm8k --loss importance_sampling --seed 1024 --group-size 8 --lr 1e-05 --steps 20 --rank 16 --difficulty medium --clip-low 0.2 --clip-high 0.2 --importance-level token --dynamic-sampling false --out /Users/arvind/Developer/tinker-rl-lab/experiments/tinker-runs/results/audit_trl_llama-70b-inst_G8_medium_s1024.json"
audit_trl_llama-70b-inst_G8_medium_s789,audit,TRL,llama-70b-inst,failed,2026-06-14T16:10:03.344484+00:00,2026-06-14T16:10:03.423731+00:00,2,/Users/arvind/Developer/tinker-rl-lab/experiments/tinker-runs/results/audit_trl_llama-70b-inst_G8_medium_s789.json,"python3 /Users/arvind/Developer/tinker-rl-lab/experiments/tinker-runs/cell_runner.py --tag audit_trl_llama-70b-inst_G8_medium_s789 --model ""meta-llama/Llama-3.3-70B-Instruct"" --task gsm8k --loss importance_sampling --seed 789 --group-size 8 --lr 1e-05 --steps 20 --rank 16 --difficulty medium --clip-low 0.2 --clip-high 0.2 --importance-level token --dynamic-sampling false --out /Users/arvind/Developer/tinker-rl-lab/experiments/tinker-runs/results/audit_trl_llama-70b-inst_G8_medium_s789.json"
audit_trl_deepseek-v3.1_G8_medium_s42,audit,TRL,deepseek-v3.1,failed,2026-06-14T16:10:03.348303+00:00,2026-06-14T16:10:03.426558+00:00,2,/Users/arvind/Developer/tinker-rl-lab/experiments/tinker-runs/results/audit_trl_deepseek-v3.1_G8_medium_s42.json,"python3 /Users/arvind/Developer/tinker-rl-lab/experiments/tinker-runs/cell_runner.py --tag audit_trl_deepseek-v3.1_G8_medium_s42 --model ""deepseek-ai/DeepSeek-V3.1"" --task gsm8k --loss importance_sampling --seed 42 --group-size 8 --lr 1e-05 --steps 20 --rank 16 --difficulty medium --clip-low 0.2 --clip-high 0.2 --importance-level token --dynamic-sampling false --out /Users/arvind/Developer/tinker-rl-lab/experiments/tinker-runs/results/audit_trl_deepseek-v3.1_G8_medium_s42.json"
audit_trl_deepseek-v3.1_G8_medium_s123,audit,TRL,deepseek-v3.1,failed,2026-06-14T16:10:03.350017+00:00,2026-06-14T16:10:03.426635+00:00,2,/Users/arvind/Developer/tinker-rl-lab/experiments/tinker-runs/results/audit_trl_deepseek-v3.1_G8_medium_s123.json,"python3 /Users/arvind/Developer/tinker-rl-lab/experiments/tinker-runs/cell_runner.py --tag audit_trl_deepseek-v3.1_G8_medium_s123 --model ""deepseek-ai/DeepSeek-V3.1"" --task gsm8k --loss importance_sampling --seed 123 --group-size 8 --lr 1e-05 --steps 20 --rank 16 --difficulty medium --clip-low 0.2 --clip-high 0.2 --importance-level token --dynamic-sampling false --out /Users/arvind/Developer/tinker-rl-lab/experiments/tinker-runs/results/audit_trl_deepseek-v3.1_G8_medium_s123.json"
audit_trl_deepseek-v3.1_G8_medium_s789,audit,TRL,deepseek-v3.1,failed,2026-06-14T16:10:03.423780+00:00,2026-06-14T16:10:03.496173+00:00,2,/Users/arvind/Developer/tinker-rl-lab/experiments/tinker-runs/results/audit_trl_deepseek-v3.1_G8_medium_s789.json,"python3 /Users/arvind/Developer/tinker-rl-lab/experiments/tinker-runs/cell_runner.py --tag audit_trl_deepseek-v3.1_G8_medium_s789 --model ""deepseek-ai/DeepSeek-V3.1"" --task gsm8k --loss importance_sampling --seed 789 --group-size 8 --lr 1e-05 --steps 20 --rank 16 --difficulty medium --clip-low 0.2 --clip-high 0.2 --importance-level token --dynamic-sampling false --out /Users/arvind/Developer/tinker-rl-lab/experiments/tinker-runs/results/audit_trl_deepseek-v3.1_G8_medium_s789.json"
audit_trl_deepseek-v3.1_G8_medium_s456,audit,TRL,deepseek-v3.1,failed,2026-06-14T16:10:03.420422+00:00,2026-06-14T16:10:03.496321+00:00,2,/Users/arvind/Developer/tinker-rl-lab/experiments/tinker-runs/results/audit_trl_deepseek-v3.1_G8_medium_s456.json,"python3 /Users/arvind/Developer/tinker-rl-lab/experiments/tinker-runs/cell_runner.py --tag audit_trl_deepseek-v3.1_G8_medium_s456 --model ""deepseek-ai/DeepSeek-V3.1"" --task gsm8k --loss importance_sampling --seed 456 --group-size 8 --lr 1e-05 --steps 20 --rank 16 --difficulty medium --clip-low 0.2 --clip-high 0.2 --importance-level token --dynamic-sampling false --out /Users/arvind/Developer/tinker-rl-lab/experiments/tinker-runs/results/audit_trl_deepseek-v3.1_G8_medium_s456.json"
audit_trl_nemotron-30b_G2_easy_s42,audit,TRL,nemotron-30b,failed,2026-06-14T16:10:03.426653+00:00,2026-06-14T16:10:03.498923+00:00,2,/Users/arvind/Developer/tinker-rl-lab/experiments/tinker-runs/results/audit_trl_nemotron-30b_G2_easy_s42.json,"python3 /Users/arvind/Developer/tinker-rl-lab/experiments/tinker-runs/cell_runner.py --tag audit_trl_nemotron-30b_G2_easy_s42 --model ""nvidia/NVIDIA-Nemotron-3-Nano-30B-A3B-BF16"" --task gsm8k --loss importance_sampling --seed 42 --group-size 2 --lr 1e-05 --steps 30 --rank 32 --difficulty easy --clip-low 0.2 --clip-high 0.2 --importance-level token --dynamic-sampling false --out /Users/arvind/Developer/tinker-rl-lab/experiments/tinker-runs/results/audit_trl_nemotron-30b_G2_easy_s42.json"
audit_trl_deepseek-v3.1_G8_medium_s1024,audit,TRL,deepseek-v3.1,failed,2026-06-14T16:10:03.426611+00:00,2026-06-14T16:10:03.500027+00:00,2,/Users/arvind/Developer/tinker-rl-lab/experiments/tinker-runs/results/audit_trl_deepseek-v3.1_G8_medium_s1024.json,"python3 /Users/arvind/Developer/tinker-rl-lab/experiments/tinker-runs/cell_runner.py --tag audit_trl_deepseek-v3.1_G8_medium_s1024 --model ""deepseek-ai/DeepSeek-V3.1"" --task gsm8k --loss importance_sampling --seed 1024 --group-size 8 --lr 1e-05 --steps 20 --rank 16 --difficulty medium --clip-low 0.2 --clip-high 0.2 --importance-level token --dynamic-sampling false --out /Users/arvind/Developer/tinker-rl-lab/experiments/tinker-runs/results/audit_trl_deepseek-v3.1_G8_medium_s1024.json"
audit_trl_nemotron-30b_G4_medium_s42,audit,TRL,nemotron-30b,failed,2026-06-14T16:10:03.500161+00:00,2026-06-14T16:10:03.577847+00:00,2,/Users/arvind/Developer/tinker-rl-lab/experiments/tinker-runs/results/audit_trl_nemotron-30b_G4_medium_s42.json,"python3 /Users/arvind/Developer/tinker-rl-lab/experiments/tinker-runs/cell_runner.py --tag audit_trl_nemotron-30b_G4_medium_s42 --model ""nvidia/NVIDIA-Nemotron-3-Nano-30B-A3B-BF16"" --task gsm8k --loss importance_sampling --seed 42 --group-size 4 --lr 1e-05 --steps 30 --rank 32 --difficulty medium --clip-low 0.2 --clip-high 0.2 --importance-level token --dynamic-sampling false --out /Users/arvind/Developer/tinker-rl-lab/experiments/tinker-runs/results/audit_trl_nemotron-30b_G4_medium_s42.json"
audit_trl_nemotron-30b_G2_medium_s42,audit,TRL,nemotron-30b,failed,2026-06-14T16:10:03.496282+00:00,2026-06-14T16:10:03.579182+00:00,2,/Users/arvind/Developer/tinker-rl-lab/experiments/tinker-runs/results/audit_trl_nemotron-30b_G2_medium_s42.json,"python3 /Users/arvind/Developer/tinker-rl-lab/experiments/tinker-runs/cell_runner.py --tag audit_trl_nemotron-30b_G2_medium_s42 --model ""nvidia/NVIDIA-Nemotron-3-Nano-30B-A3B-BF16"" --task gsm8k --loss importance_sampling --seed 42 --group-size 2 --lr 1e-05 --steps 30 --rank 32 --difficulty medium --clip-low 0.2 --clip-high 0.2 --importance-level token --dynamic-sampling false --out /Users/arvind/Developer/tinker-rl-lab/experiments/tinker-runs/results/audit_trl_nemotron-30b_G2_medium_s42.json"
audit_trl_nemotron-30b_G2_hard_s42,audit,TRL,nemotron-30b,failed,2026-06-14T16:10:03.496337+00:00,2026-06-14T16:10:03.582027+00:00,2,/Users/arvind/Developer/tinker-rl-lab/experiments/tinker-runs/results/audit_trl_nemotron-30b_G2_hard_s42.json,"python3 /Users/arvind/Developer/tinker-rl-lab/experiments/tinker-runs/cell_runner.py --tag audit_trl_nemotron-30b_G2_hard_s42 --model ""nvidia/NVIDIA-Nemotron-3-Nano-30B-A3B-BF16"" --task gsm8k --loss importance_sampling --seed 42 --group-size 2 --lr 1e-05 --steps 30 --rank 32 --difficulty hard --clip-low 0.2 --clip-high 0.2 --importance-level token --dynamic-sampling false --out /Users/arvind/Developer/tinker-rl-lab/experiments/tinker-runs/results/audit_trl_nemotron-30b_G2_hard_s42.json"
audit_trl_nemotron-30b_G4_easy_s42,audit,TRL,nemotron-30b,failed,2026-06-14T16:10:03.499051+00:00,2026-06-14T16:10:03.582989+00:00,2,/Users/arvind/Developer/tinker-rl-lab/experiments/tinker-runs/results/audit_trl_nemotron-30b_G4_easy_s42.json,"python3 /Users/arvind/Developer/tinker-rl-lab/experiments/tinker-runs/cell_runner.py --tag audit_trl_nemotron-30b_G4_easy_s42 --model ""nvidia/NVIDIA-Nemotron-3-Nano-30B-A3B-BF16"" --task gsm8k --loss importance_sampling --seed 42 --group-size 4 --lr 1e-05 --steps 30 --rank 32 --difficulty easy --clip-low 0.2 --clip-high 0.2 --importance-level token --dynamic-sampling false --out /Users/arvind/Developer/tinker-rl-lab/experiments/tinker-runs/results/audit_trl_nemotron-30b_G4_easy_s42.json"
audit_trl_nemotron-30b_G8_easy_s42,audit,TRL,nemotron-30b,failed,2026-06-14T16:10:03.579310+00:00,2026-06-14T16:10:03.659814+00:00,2,/Users/arvind/Developer/tinker-rl-lab/experiments/tinker-runs/results/audit_trl_nemotron-30b_G8_easy_s42.json,"python3 /Users/arvind/Developer/tinker-rl-lab/experiments/tinker-runs/cell_runner.py --tag audit_trl_nemotron-30b_G8_easy_s42 --model ""nvidia/NVIDIA-Nemotron-3-Nano-30B-A3B-BF16"" --task gsm8k --loss importance_sampling --seed 42 --group-size 8 --lr 1e-05 --steps 30 --rank 32 --difficulty easy --clip-low 0.2 --clip-high 0.2 --importance-level token --dynamic-sampling false --out /Users/arvind/Developer/tinker-rl-lab/experiments/tinker-runs/results/audit_trl_nemotron-30b_G8_easy_s42.json"
audit_trl_nemotron-30b_G4_hard_s42,audit,TRL,nemotron-30b,failed,2026-06-14T16:10:03.577967+00:00,2026-06-14T16:10:03.662832+00:00,2,/Users/arvind/Developer/tinker-rl-lab/experiments/tinker-runs/results/audit_trl_nemotron-30b_G4_hard_s42.json,"python3 /Users/arvind/Developer/tinker-rl-lab/experiments/tinker-runs/cell_runner.py --tag audit_trl_nemotron-30b_G4_hard_s42 --model ""nvidia/NVIDIA-Nemotron-3-Nano-30B-A3B-BF16"" --task gsm8k --loss importance_sampling --seed 42 --group-size 4 --lr 1e-05 --steps 30 --rank 32 --difficulty hard --clip-low 0.2 --clip-high 0.2 --importance-level token --dynamic-sampling false --out /Users/arvind/Developer/tinker-rl-lab/experiments/tinker-runs/results/audit_trl_nemotron-30b_G4_hard_s42.json"
audit_trl_nemotron-30b_G8_medium_s42,audit,TRL,nemotron-30b,failed,2026-06-14T16:10:03.582085+00:00,2026-06-14T16:10:03.663947+00:00,2,/Users/arvind/Developer/tinker-rl-lab/experiments/tinker-runs/results/audit_trl_nemotron-30b_G8_medium_s42.json,"python3 /Users/arvind/Developer/tinker-rl-lab/experiments/tinker-runs/cell_runner.py --tag audit_trl_nemotron-30b_G8_medium_s42 --model ""nvidia/NVIDIA-Nemotron-3-Nano-30B-A3B-BF16"" --task gsm8k --loss importance_sampling --seed 42 --group-size 8 --lr 1e-05 --steps 30 --rank 32 --difficulty medium --clip-low 0.2 --clip-high 0.2 --importance-level token --dynamic-sampling false --out /Users/arvind/Developer/tinker-rl-lab/experiments/tinker-runs/results/audit_trl_nemotron-30b_G8_medium_s42.json"
audit_trl_nemotron-30b_G8_hard_s42,audit,TRL,nemotron-30b,failed,2026-06-14T16:10:03.583112+00:00,2026-06-14T16:10:03.665359+00:00,2,/Users/arvind/Developer/tinker-rl-lab/experiments/tinker-runs/results/audit_trl_nemotron-30b_G8_hard_s42.json,"python3 /Users/arvind/Developer/tinker-rl-lab/experiments/tinker-runs/cell_runner.py --tag audit_trl_nemotron-30b_G8_hard_s42 --model ""nvidia/NVIDIA-Nemotron-3-Nano-30B-A3B-BF16"" --task gsm8k --loss importance_sampling --seed 42 --group-size 8 --lr 1e-05 --steps 30 --rank 32 --difficulty hard --clip-low 0.2 --clip-high 0.2 --importance-level token --dynamic-sampling false --out /Users/arvind/Developer/tinker-rl-lab/experiments/tinker-runs/results/audit_trl_nemotron-30b_G8_hard_s42.json"
audit_trl_nemotron-30b_G16_hard_s42,audit,TRL,nemotron-30b,failed,2026-06-14T16:10:03.664086+00:00,2026-06-14T16:10:03.741892+00:00,2,/Users/arvind/Developer/tinker-rl-lab/experiments/tinker-runs/results/audit_trl_nemotron-30b_G16_hard_s42.json,"python3 /Users/arvind/Developer/tinker-rl-lab/experiments/tinker-runs/cell_runner.py --tag audit_trl_nemotron-30b_G16_hard_s42 --model ""nvidia/NVIDIA-Nemotron-3-Nano-30B-A3B-BF16"" --task gsm8k --loss importance_sampling --seed 42 --group-size 16 --lr 1e-05 --steps 30 --rank 32 --difficulty hard --clip-low 0.2 --clip-high 0.2 --importance-level token --dynamic-sampling false --out /Users/arvind/Developer/tinker-rl-lab/experiments/tinker-runs/results/audit_trl_nemotron-30b_G16_hard_s42.json"
audit_trl_nemotron-30b_G16_medium_s42,audit,TRL,nemotron-30b,failed,2026-06-14T16:10:03.662935+00:00,2026-06-14T16:10:03.742006+00:00,2,/Users/arvind/Developer/tinker-rl-lab/experiments/tinker-runs/results/audit_trl_nemotron-30b_G16_medium_s42.json,"python3 /Users/arvind/Developer/tinker-rl-lab/experiments/tinker-runs/cell_runner.py --tag audit_trl_nemotron-30b_G16_medium_s42 --model ""nvidia/NVIDIA-Nemotron-3-Nano-30B-A3B-BF16"" --task gsm8k --loss importance_sampling --seed 42 --group-size 16 --lr 1e-05 --steps 30 --rank 32 --difficulty medium --clip-low 0.2 --clip-high 0.2 --importance-level token --dynamic-sampling false --out /Users/arvind/Developer/tinker-rl-lab/experiments/tinker-runs/results/audit_trl_nemotron-30b_G16_medium_s42.json"
audit_trl_nemotron-30b_G16_easy_s42,audit,TRL,nemotron-30b,failed,2026-06-14T16:10:03.659900+00:00,2026-06-14T16:10:03.743142+00:00,2,/Users/arvind/Developer/tinker-rl-lab/experiments/tinker-runs/results/audit_trl_nemotron-30b_G16_easy_s42.json,"python3 /Users/arvind/Developer/tinker-rl-lab/experiments/tinker-runs/cell_runner.py --tag audit_trl_nemotron-30b_G16_easy_s42 --model ""nvidia/NVIDIA-Nemotron-3-Nano-30B-A3B-BF16"" --task gsm8k --loss importance_sampling --seed 42 --group-size 16 --lr 1e-05 --steps 30 --rank 32 --difficulty easy --clip-low 0.2 --clip-high 0.2 --importance-level token --dynamic-sampling false --out /Users/arvind/Developer/tinker-rl-lab/experiments/tinker-runs/results/audit_trl_nemotron-30b_G16_easy_s42.json"
audit_trl_nemotron-30b_G2_easy_s123,audit,TRL,nemotron-30b,failed,2026-06-14T16:10:03.665500+00:00,2026-06-14T16:10:03.744475+00:00,2,/Users/arvind/Developer/tinker-rl-lab/experiments/tinker-runs/results/audit_trl_nemotron-30b_G2_easy_s123.json,"python3 /Users/arvind/Developer/tinker-rl-lab/experiments/tinker-runs/cell_runner.py --tag audit_trl_nemotron-30b_G2_easy_s123 --model ""nvidia/NVIDIA-Nemotron-3-Nano-30B-A3B-BF16"" --task gsm8k --loss importance_sampling --seed 123 --group-size 2 --lr 1e-05 --steps 30 --rank 32 --difficulty easy --clip-low 0.2 --clip-high 0.2 --importance-level token --dynamic-sampling false --out /Users/arvind/Developer/tinker-rl-lab/experiments/tinker-runs/results/audit_trl_nemotron-30b_G2_easy_s123.json"
audit_trl_nemotron-30b_G4_easy_s123,audit,TRL,nemotron-30b,failed,2026-06-14T16:10:03.743305+00:00,2026-06-14T16:10:03.818417+00:00,2,/Users/arvind/Developer/tinker-rl-lab/experiments/tinker-runs/results/audit_trl_nemotron-30b_G4_easy_s123.json,"python3 /Users/arvind/Developer/tinker-rl-lab/experiments/tinker-runs/cell_runner.py --tag audit_trl_nemotron-30b_G4_easy_s123 --model ""nvidia/NVIDIA-Nemotron-3-Nano-30B-A3B-BF16"" --task gsm8k --loss importance_sampling --seed 123 --group-size 4 --lr 1e-05 --steps 30 --rank 32 --difficulty easy --clip-low 0.2 --clip-high 0.2 --importance-level token --dynamic-sampling false --out /Users/arvind/Developer/tinker-rl-lab/experiments/tinker-runs/results/audit_trl_nemotron-30b_G4_easy_s123.json"
audit_trl_nemotron-30b_G2_hard_s123,audit,TRL,nemotron-30b,failed,2026-06-14T16:10:03.742024+00:00,2026-06-14T16:10:03.818703+00:00,2,/Users/arvind/Developer/tinker-rl-lab/experiments/tinker-runs/results/audit_trl_nemotron-30b_G2_hard_s123.json,"python3 /Users/arvind/Developer/tinker-rl-lab/experiments/tinker-runs/cell_runner.py --tag audit_trl_nemotron-30b_G2_hard_s123 --model ""nvidia/NVIDIA-Nemotron-3-Nano-30B-A3B-BF16"" --task gsm8k --loss importance_sampling --seed 123 --group-size 2 --lr 1e-05 --steps 30 --rank 32 --difficulty hard --clip-low 0.2 --clip-high 0.2 --importance-level token --dynamic-sampling false --out /Users/arvind/Developer/tinker-rl-lab/experiments/tinker-runs/results/audit_trl_nemotron-30b_G2_hard_s123.json"
audit_trl_nemotron-30b_G2_medium_s123,audit,TRL,nemotron-30b,failed,2026-06-14T16:10:03.741975+00:00,2026-06-14T16:10:03.822552+00:00,2,/Users/arvind/Developer/tinker-rl-lab/experiments/tinker-runs/results/audit_trl_nemotron-30b_G2_medium_s123.json,"python3 /Users/arvind/Developer/tinker-rl-lab/experiments/tinker-runs/cell_runner.py --tag audit_trl_nemotron-30b_G2_medium_s123 --model ""nvidia/NVIDIA-Nemotron-3-Nano-30B-A3B-BF16"" --task gsm8k --loss importance_sampling --seed 123 --group-size 2 --lr 1e-05 --steps 30 --rank 32 --difficulty medium --clip-low 0.2 --clip-high 0.2 --importance-level token --dynamic-sampling false --out /Users/arvind/Developer/tinker-rl-lab/experiments/tinker-runs/results/audit_trl_nemotron-30b_G2_medium_s123.json"
audit_trl_nemotron-30b_G4_medium_s123,audit,TRL,nemotron-30b,failed,2026-06-14T16:10:03.744547+00:00,2026-06-14T16:10:03.824479+00:00,2,/Users/arvind/Developer/tinker-rl-lab/experiments/tinker-runs/results/audit_trl_nemotron-30b_G4_medium_s123.json,"python3 /Users/arvind/Developer/tinker-rl-lab/experiments/tinker-runs/cell_runner.py --tag audit_trl_nemotron-30b_G4_medium_s123 --model ""nvidia/NVIDIA-Nemotron-3-Nano-30B-A3B-BF16"" --task gsm8k --loss importance_sampling --seed 123 --group-size 4 --lr 1e-05 --steps 30 --rank 32 --difficulty medium --clip-low 0.2 --clip-high 0.2 --importance-level token --dynamic-sampling false --out /Users/arvind/Developer/tinker-rl-lab/experiments/tinker-runs/results/audit_trl_nemotron-30b_G4_medium_s123.json"
audit_trl_nemotron-30b_G8_medium_s123,audit,TRL,nemotron-30b,failed,2026-06-14T16:10:03.822610+00:00,2026-06-14T16:10:03.896417+00:00,2,/Users/arvind/Developer/tinker-rl-lab/experiments/tinker-runs/results/audit_trl_nemotron-30b_G8_medium_s123.json,"python3 /Users/arvind/Developer/tinker-rl-lab/experiments/tinker-runs/cell_runner.py --tag audit_trl_nemotron-30b_G8_medium_s123 --model ""nvidia/NVIDIA-Nemotron-3-Nano-30B-A3B-BF16"" --task gsm8k --loss importance_sampling --seed 123 --group-size 8 --lr 1e-05 --steps 30 --rank 32 --difficulty medium --clip-low 0.2 --clip-high 0.2 --importance-level token --dynamic-sampling false --out /Users/arvind/Developer/tinker-rl-lab/experiments/tinker-runs/results/audit_trl_nemotron-30b_G8_medium_s123.json"
audit_trl_nemotron-30b_G4_hard_s123,audit,TRL,nemotron-30b,failed,2026-06-14T16:10:03.818506+00:00,2026-06-14T16:10:03.896566+00:00,2,/Users/arvind/Developer/tinker-rl-lab/experiments/tinker-runs/results/audit_trl_nemotron-30b_G4_hard_s123.json,"python3 /Users/arvind/Developer/tinker-rl-lab/experiments/tinker-runs/cell_runner.py --tag audit_trl_nemotron-30b_G4_hard_s123 --model ""nvidia/NVIDIA-Nemotron-3-Nano-30B-A3B-BF16"" --task gsm8k --loss importance_sampling --seed 123 --group-size 4 --lr 1e-05 --steps 30 --rank 32 --difficulty hard --clip-low 0.2 --clip-high 0.2 --importance-level token --dynamic-sampling false --out /Users/arvind/Developer/tinker-rl-lab/experiments/tinker-runs/results/audit_trl_nemotron-30b_G4_hard_s123.json"
audit_trl_nemotron-30b_G8_easy_s123,audit,TRL,nemotron-30b,failed,2026-06-14T16:10:03.818721+00:00,2026-06-14T16:10:03.897793+00:00,2,/Users/arvind/Developer/tinker-rl-lab/experiments/tinker-runs/results/audit_trl_nemotron-30b_G8_easy_s123.json,"python3 /Users/arvind/Developer/tinker-rl-lab/experiments/tinker-runs/cell_runner.py --tag audit_trl_nemotron-30b_G8_easy_s123 --model ""nvidia/NVIDIA-Nemotron-3-Nano-30B-A3B-BF16"" --task gsm8k --loss importance_sampling --seed 123 --group-size 8 --lr 1e-05 --steps 30 --rank 32 --difficulty easy --clip-low 0.2 --clip-high 0.2 --importance-level token --dynamic-sampling false --out /Users/arvind/Developer/tinker-rl-lab/experiments/tinker-runs/results/audit_trl_nemotron-30b_G8_easy_s123.json"
audit_trl_nemotron-30b_G8_hard_s123,audit,TRL,nemotron-30b,failed,2026-06-14T16:10:03.824592+00:00,2026-06-14T16:10:03.901598+00:00,2,/Users/arvind/Developer/tinker-rl-lab/experiments/tinker-runs/results/audit_trl_nemotron-30b_G8_hard_s123.json,"python3 /Users/arvind/Developer/tinker-rl-lab/experiments/tinker-runs/cell_runner.py --tag audit_trl_nemotron-30b_G8_hard_s123 --model ""nvidia/NVIDIA-Nemotron-3-Nano-30B-A3B-BF16"" --task gsm8k --loss importance_sampling --seed 123 --group-size 8 --lr 1e-05 --steps 30 --rank 32 --difficulty hard --clip-low 0.2 --clip-high 0.2 --importance-level token --dynamic-sampling false --out /Users/arvind/Developer/tinker-rl-lab/experiments/tinker-runs/results/audit_trl_nemotron-30b_G8_hard_s123.json"
audit_trl_nemotron-30b_G2_easy_s456,audit,TRL,nemotron-30b,failed,2026-06-14T16:10:03.901649+00:00,2026-06-14T16:10:03.975918+00:00,2,/Users/arvind/Developer/tinker-rl-lab/experiments/tinker-runs/results/audit_trl_nemotron-30b_G2_easy_s456.json,"python3 /Users/arvind/Developer/tinker-rl-lab/experiments/tinker-runs/cell_runner.py --tag audit_trl_nemotron-30b_G2_easy_s456 --model ""nvidia/NVIDIA-Nemotron-3-Nano-30B-A3B-BF16"" --task gsm8k --loss importance_sampling --seed 456 --group-size 2 --lr 1e-05 --steps 30 --rank 32 --difficulty easy --clip-low 0.2 --clip-high 0.2 --importance-level token --dynamic-sampling false --out /Users/arvind/Developer/tinker-rl-lab/experiments/tinker-runs/results/audit_trl_nemotron-30b_G2_easy_s456.json"
audit_trl_nemotron-30b_G16_hard_s123,audit,TRL,nemotron-30b,failed,2026-06-14T16:10:03.897915+00:00,2026-06-14T16:10:03.977224+00:00,2,/Users/arvind/Developer/tinker-rl-lab/experiments/tinker-runs/results/audit_trl_nemotron-30b_G16_hard_s123.json,"python3 /Users/arvind/Developer/tinker-rl-lab/experiments/tinker-runs/cell_runner.py --tag audit_trl_nemotron-30b_G16_hard_s123 --model ""nvidia/NVIDIA-Nemotron-3-Nano-30B-A3B-BF16"" --task gsm8k --loss importance_sampling --seed 123 --group-size 16 --lr 1e-05 --steps 30 --rank 32 --difficulty hard --clip-low 0.2 --clip-high 0.2 --importance-level token --dynamic-sampling false --out /Users/arvind/Developer/tinker-rl-lab/experiments/tinker-runs/results/audit_trl_nemotron-30b_G16_hard_s123.json"
audit_trl_nemotron-30b_G16_easy_s123,audit,TRL,nemotron-30b,failed,2026-06-14T16:10:03.896518+00:00,2026-06-14T16:10:03.978412+00:00,2,/Users/arvind/Developer/tinker-rl-lab/experiments/tinker-runs/results/audit_trl_nemotron-30b_G16_easy_s123.json,"python3 /Users/arvind/Developer/tinker-rl-lab/experiments/tinker-runs/cell_runner.py --tag audit_trl_nemotron-30b_G16_easy_s123 --model ""nvidia/NVIDIA-Nemotron-3-Nano-30B-A3B-BF16"" --task gsm8k --loss importance_sampling --seed 123 --group-size 16 --lr 1e-05 --steps 30 --rank 32 --difficulty easy --clip-low 0.2 --clip-high 0.2 --importance-level token --dynamic-sampling false --out /Users/arvind/Developer/tinker-rl-lab/experiments/tinker-runs/results/audit_trl_nemotron-30b_G16_easy_s123.json"
audit_trl_nemotron-30b_G16_medium_s123,audit,TRL,nemotron-30b,failed,2026-06-14T16:10:03.896581+00:00,2026-06-14T16:10:03.979898+00:00,2,/Users/arvind/Developer/tinker-rl-lab/experiments/tinker-runs/results/audit_trl_nemotron-30b_G16_medium_s123.json,"python3 /Users/arvind/Developer/tinker-rl-lab/experiments/tinker-runs/cell_runner.py --tag audit_trl_nemotron-30b_G16_medium_s123 --model ""nvidia/NVIDIA-Nemotron-3-Nano-30B-A3B-BF16"" --task gsm8k --loss importance_sampling --seed 123 --group-size 16 --lr 1e-05 --steps 30 --rank 32 --difficulty medium --clip-low 0.2 --clip-high 0.2 --importance-level token --dynamic-sampling false --out /Users/arvind/Developer/tinker-rl-lab/experiments/tinker-runs/results/audit_trl_nemotron-30b_G16_medium_s123.json"
audit_trl_nemotron-30b_G2_hard_s456,audit,TRL,nemotron-30b,failed,2026-06-14T16:10:03.977342+00:00,2026-06-14T16:10:04.056150+00:00,2,/Users/arvind/Developer/tinker-rl-lab/experiments/tinker-runs/results/audit_trl_nemotron-30b_G2_hard_s456.json,"python3 /Users/arvind/Developer/tinker-rl-lab/experiments/tinker-runs/cell_runner.py --tag audit_trl_nemotron-30b_G2_hard_s456 --model ""nvidia/NVIDIA-Nemotron-3-Nano-30B-A3B-BF16"" --task gsm8k --loss importance_sampling --seed 456 --group-size 2 --lr 1e-05 --steps 30 --rank 32 --difficulty hard --clip-low 0.2 --clip-high 0.2 --importance-level token --dynamic-sampling false --out /Users/arvind/Developer/tinker-rl-lab/experiments/tinker-runs/results/audit_trl_nemotron-30b_G2_hard_s456.json"
audit_trl_nemotron-30b_G2_medium_s456,audit,TRL,nemotron-30b,failed,2026-06-14T16:10:03.975982+00:00,2026-06-14T16:10:04.057837+00:00,2,/Users/arvind/Developer/tinker-rl-lab/experiments/tinker-runs/results/audit_trl_nemotron-30b_G2_medium_s456.json,"python3 /Users/arvind/Developer/tinker-rl-lab/experiments/tinker-runs/cell_runner.py --tag audit_trl_nemotron-30b_G2_medium_s456 --model ""nvidia/NVIDIA-Nemotron-3-Nano-30B-A3B-BF16"" --task gsm8k --loss importance_sampling --seed 456 --group-size 2 --lr 1e-05 --steps 30 --rank 32 --difficulty medium --clip-low 0.2 --clip-high 0.2 --importance-level token --dynamic-sampling false --out /Users/arvind/Developer/tinker-rl-lab/experiments/tinker-runs/results/audit_trl_nemotron-30b_G2_medium_s456.json"
audit_trl_nemotron-30b_G4_medium_s456,audit,TRL,nemotron-30b,failed,2026-06-14T16:10:03.980050+00:00,2026-06-14T16:10:04.059433+00:00,2,/Users/arvind/Developer/tinker-rl-lab/experiments/tinker-runs/results/audit_trl_nemotron-30b_G4_medium_s456.json,"python3 /Users/arvind/Developer/tinker-rl-lab/experiments/tinker-runs/cell_runner.py --tag audit_trl_nemotron-30b_G4_medium_s456 --model ""nvidia/NVIDIA-Nemotron-3-Nano-30B-A3B-BF16"" --task gsm8k --loss importance_sampling --seed 456 --group-size 4 --lr 1e-05 --steps 30 --rank 32 --difficulty medium --clip-low 0.2 --clip-high 0.2 --importance-level token --dynamic-sampling false --out /Users/arvind/Developer/tinker-rl-lab/experiments/tinker-runs/results/audit_trl_nemotron-30b_G4_medium_s456.json"
audit_trl_nemotron-30b_G4_easy_s456,audit,TRL,nemotron-30b,failed,2026-06-14T16:10:03.978530+00:00,2026-06-14T16:10:04.060295+00:00,2,/Users/arvind/Developer/tinker-rl-lab/experiments/tinker-runs/results/audit_trl_nemotron-30b_G4_easy_s456.json,"python3 /Users/arvind/Developer/tinker-rl-lab/experiments/tinker-runs/cell_runner.py --tag audit_trl_nemotron-30b_G4_easy_s456 --model ""nvidia/NVIDIA-Nemotron-3-Nano-30B-A3B-BF16"" --task gsm8k --loss importance_sampling --seed 456 --group-size 4 --lr 1e-05 --steps 30 --rank 32 --difficulty easy --clip-low 0.2 --clip-high 0.2 --importance-level token --dynamic-sampling false --out /Users/arvind/Developer/tinker-rl-lab/experiments/tinker-runs/results/audit_trl_nemotron-30b_G4_easy_s456.json"
audit_trl_nemotron-30b_G8_medium_s456,audit,TRL,nemotron-30b,failed,2026-06-14T16:10:04.059463+00:00,2026-06-14T16:10:04.133990+00:00,2,/Users/arvind/Developer/tinker-rl-lab/experiments/tinker-runs/results/audit_trl_nemotron-30b_G8_medium_s456.json,"python3 /Users/arvind/Developer/tinker-rl-lab/experiments/tinker-runs/cell_runner.py --tag audit_trl_nemotron-30b_G8_medium_s456 --model ""nvidia/NVIDIA-Nemotron-3-Nano-30B-A3B-BF16"" --task gsm8k --loss importance_sampling --seed 456 --group-size 8 --lr 1e-05 --steps 30 --rank 32 --difficulty medium --clip-low 0.2 --clip-high 0.2 --importance-level token --dynamic-sampling false --out /Users/arvind/Developer/tinker-rl-lab/experiments/tinker-runs/results/audit_trl_nemotron-30b_G8_medium_s456.json"
audit_trl_nemotron-30b_G4_hard_s456,audit,TRL,nemotron-30b,failed,2026-06-14T16:10:04.056258+00:00,2026-06-14T16:10:04.135402+00:00,2,/Users/arvind/Developer/tinker-rl-lab/experiments/tinker-runs/results/audit_trl_nemotron-30b_G4_hard_s456.json,"python3 /Users/arvind/Developer/tinker-rl-lab/experiments/tinker-runs/cell_runner.py --tag audit_trl_nemotron-30b_G4_hard_s456 --model ""nvidia/NVIDIA-Nemotron-3-Nano-30B-A3B-BF16"" --task gsm8k --loss importance_sampling --seed 456 --group-size 4 --lr 1e-05 --steps 30 --rank 32 --difficulty hard --clip-low 0.2 --clip-high 0.2 --importance-level token --dynamic-sampling false --out /Users/arvind/Developer/tinker-rl-lab/experiments/tinker-runs/results/audit_trl_nemotron-30b_G4_hard_s456.json"
audit_trl_nemotron-30b_G8_hard_s456,audit,TRL,nemotron-30b,failed,2026-06-14T16:10:04.060429+00:00,2026-06-14T16:10:04.138265+00:00,2,/Users/arvind/Developer/tinker-rl-lab/experiments/tinker-runs/results/audit_trl_nemotron-30b_G8_hard_s456.json,"python3 /Users/arvind/Developer/tinker-rl-lab/experiments/tinker-runs/cell_runner.py --tag audit_trl_nemotron-30b_G8_hard_s456 --model ""nvidia/NVIDIA-Nemotron-3-Nano-30B-A3B-BF16"" --task gsm8k --loss importance_sampling --seed 456 --group-size 8 --lr 1e-05 --steps 30 --rank 32 --difficulty hard --clip-low 0.2 --clip-high 0.2 --importance-level token --dynamic-sampling false --out /Users/arvind/Developer/tinker-rl-lab/experiments/tinker-runs/results/audit_trl_nemotron-30b_G8_hard_s456.json"
audit_trl_nemotron-30b_G8_easy_s456,audit,TRL,nemotron-30b,failed,2026-06-14T16:10:04.057982+00:00,2026-06-14T16:10:04.139037+00:00,2,/Users/arvind/Developer/tinker-rl-lab/experiments/tinker-runs/results/audit_trl_nemotron-30b_G8_easy_s456.json,"python3 /Users/arvind/Developer/tinker-rl-lab/experiments/tinker-runs/cell_runner.py --tag audit_trl_nemotron-30b_G8_easy_s456 --model ""nvidia/NVIDIA-Nemotron-3-Nano-30B-A3B-BF16"" --task gsm8k --loss importance_sampling --seed 456 --group-size 8 --lr 1e-05 --steps 30 --rank 32 --difficulty easy --clip-low 0.2 --clip-high 0.2 --importance-level token --dynamic-sampling false --out /Users/arvind/Developer/tinker-rl-lab/experiments/tinker-runs/results/audit_trl_nemotron-30b_G8_easy_s456.json"
audit_trl_nemotron-30b_G16_easy_s456,audit,TRL,nemotron-30b,failed,2026-06-14T16:10:04.134086+00:00,2026-06-14T16:10:04.210169+00:00,2,/Users/arvind/Developer/tinker-rl-lab/experiments/tinker-runs/results/audit_trl_nemotron-30b_G16_easy_s456.json,"python3 /Users/arvind/Developer/tinker-rl-lab/experiments/tinker-runs/cell_runner.py --tag audit_trl_nemotron-30b_G16_easy_s456 --model ""nvidia/NVIDIA-Nemotron-3-Nano-30B-A3B-BF16"" --task gsm8k --loss importance_sampling --seed 456 --group-size 16 --lr 1e-05 --steps 30 --rank 32 --difficulty easy --clip-low 0.2 --clip-high 0.2 --importance-level token --dynamic-sampling false --out /Users/arvind/Developer/tinker-rl-lab/experiments/tinker-runs/results/audit_trl_nemotron-30b_G16_easy_s456.json"
audit_trl_nemotron-30b_G16_medium_s456,audit,TRL,nemotron-30b,failed,2026-06-14T16:10:04.135505+00:00,2026-06-14T16:10:04.210281+00:00,2,/Users/arvind/Developer/tinker-rl-lab/experiments/tinker-runs/results/audit_trl_nemotron-30b_G16_medium_s456.json,"python3 /Users/arvind/Developer/tinker-rl-lab/experiments/tinker-runs/cell_runner.py --tag audit_trl_nemotron-30b_G16_medium_s456 --model ""nvidia/NVIDIA-Nemotron-3-Nano-30B-A3B-BF16"" --task gsm8k --loss importance_sampling --seed 456 --group-size 16 --lr 1e-05 --steps 30 --rank 32 --difficulty medium --clip-low 0.2 --clip-high 0.2 --importance-level token --dynamic-sampling false --out /Users/arvind/Developer/tinker-rl-lab/experiments/tinker-runs/results/audit_trl_nemotron-30b_G16_medium_s456.json"
audit_trl_nemotron-30b_G16_hard_s456,audit,TRL,nemotron-30b,failed,2026-06-14T16:10:04.138316+00:00,2026-06-14T16:10:04.216754+00:00,2,/Users/arvind/Developer/tinker-rl-lab/experiments/tinker-runs/results/audit_trl_nemotron-30b_G16_hard_s456.json,"python3 /Users/arvind/Developer/tinker-rl-lab/experiments/tinker-runs/cell_runner.py --tag audit_trl_nemotron-30b_G16_hard_s456 --model ""nvidia/NVIDIA-Nemotron-3-Nano-30B-A3B-BF16"" --task gsm8k --loss importance_sampling --seed 456 --group-size 16 --lr 1e-05 --steps 30 --rank 32 --difficulty hard --clip-low 0.2 --clip-high 0.2 --importance-level token --dynamic-sampling false --out /Users/arvind/Developer/tinker-rl-lab/experiments/tinker-runs/results/audit_trl_nemotron-30b_G16_hard_s456.json"
audit_trl_nemotron-30b_G2_easy_s789,audit,TRL,nemotron-30b,failed,2026-06-14T16:10:04.139050+00:00,2026-06-14T16:10:04.218350+00:00,2,/Users/arvind/Developer/tinker-rl-lab/experiments/tinker-runs/results/audit_trl_nemotron-30b_G2_easy_s789.json,"python3 /Users/arvind/Developer/tinker-rl-lab/experiments/tinker-runs/cell_runner.py --tag audit_trl_nemotron-30b_G2_easy_s789 --model ""nvidia/NVIDIA-Nemotron-3-Nano-30B-A3B-BF16"" --task gsm8k --loss importance_sampling --seed 789 --group-size 2 --lr 1e-05 --steps 30 --rank 32 --difficulty easy --clip-low 0.2 --clip-high 0.2 --importance-level token --dynamic-sampling false --out /Users/arvind/Developer/tinker-rl-lab/experiments/tinker-runs/results/audit_trl_nemotron-30b_G2_easy_s789.json"
audit_trl_nemotron-30b_G2_hard_s789,audit,TRL,nemotron-30b,failed,2026-06-14T16:10:04.210295+00:00,2026-06-14T16:10:04.289052+00:00,2,/Users/arvind/Developer/tinker-rl-lab/experiments/tinker-runs/results/audit_trl_nemotron-30b_G2_hard_s789.json,"python3 /Users/arvind/Developer/tinker-rl-lab/experiments/tinker-runs/cell_runner.py --tag audit_trl_nemotron-30b_G2_hard_s789 --model ""nvidia/NVIDIA-Nemotron-3-Nano-30B-A3B-BF16"" --task gsm8k --loss importance_sampling --seed 789 --group-size 2 --lr 1e-05 --steps 30 --rank 32 --difficulty hard --clip-low 0.2 --clip-high 0.2 --importance-level token --dynamic-sampling false --out /Users/arvind/Developer/tinker-rl-lab/experiments/tinker-runs/results/audit_trl_nemotron-30b_G2_hard_s789.json"
audit_trl_nemotron-30b_G2_medium_s789,audit,TRL,nemotron-30b,failed,2026-06-14T16:10:04.210243+00:00,2026-06-14T16:10:04.289150+00:00,2,/Users/arvind/Developer/tinker-rl-lab/experiments/tinker-runs/results/audit_trl_nemotron-30b_G2_medium_s789.json,"python3 /Users/arvind/Developer/tinker-rl-lab/experiments/tinker-runs/cell_runner.py --tag audit_trl_nemotron-30b_G2_medium_s789 --model ""nvidia/NVIDIA-Nemotron-3-Nano-30B-A3B-BF16"" --task gsm8k --loss importance_sampling --seed 789 --group-size 2 --lr 1e-05 --steps 30 --rank 32 --difficulty medium --clip-low 0.2 --clip-high 0.2 --importance-level token --dynamic-sampling false --out /Users/arvind/Developer/tinker-rl-lab/experiments/tinker-runs/results/audit_trl_nemotron-30b_G2_medium_s789.json"
audit_trl_nemotron-30b_G4_medium_s789,audit,TRL,nemotron-30b,failed,2026-06-14T16:10:04.218475+00:00,2026-06-14T16:10:04.296904+00:00,2,/Users/arvind/Developer/tinker-rl-lab/experiments/tinker-runs/results/audit_trl_nemotron-30b_G4_medium_s789.json,"python3 /Users/arvind/Developer/tinker-rl-lab/experiments/tinker-runs/cell_runner.py --tag audit_trl_nemotron-30b_G4_medium_s789 --model ""nvidia/NVIDIA-Nemotron-3-Nano-30B-A3B-BF16"" --task gsm8k --loss importance_sampling --seed 789 --group-size 4 --lr 1e-05 --steps 30 --rank 32 --difficulty medium --clip-low 0.2 --clip-high 0.2 --importance-level token --dynamic-sampling false --out /Users/arvind/Developer/tinker-rl-lab/experiments/tinker-runs/results/audit_trl_nemotron-30b_G4_medium_s789.json"
audit_trl_nemotron-30b_G4_easy_s789,audit,TRL,nemotron-30b,failed,2026-06-14T16:10:04.216787+00:00,2026-06-14T16:10:04.297869+00:00,2,/Users/arvind/Developer/tinker-rl-lab/experiments/tinker-runs/results/audit_trl_nemotron-30b_G4_easy_s789.json,"python3 /Users/arvind/Developer/tinker-rl-lab/experiments/tinker-runs/cell_runner.py --tag audit_trl_nemotron-30b_G4_easy_s789 --model ""nvidia/NVIDIA-Nemotron-3-Nano-30B-A3B-BF16"" --task gsm8k --loss importance_sampling --seed 789 --group-size 4 --lr 1e-05 --steps 30 --rank 32 --difficulty easy --clip-low 0.2 --clip-high 0.2 --importance-level token --dynamic-sampling false --out /Users/arvind/Developer/tinker-rl-lab/experiments/tinker-runs/results/audit_trl_nemotron-30b_G4_easy_s789.json"
audit_trl_nemotron-30b_G8_easy_s789,audit,TRL,nemotron-30b,failed,2026-06-14T16:10:04.289172+00:00,2026-06-14T16:10:04.366781+00:00,2,/Users/arvind/Developer/tinker-rl-lab/experiments/tinker-runs/results/audit_trl_nemotron-30b_G8_easy_s789.json,"python3 /Users/arvind/Developer/tinker-rl-lab/experiments/tinker-runs/cell_runner.py --tag audit_trl_nemotron-30b_G8_easy_s789 --model ""nvidia/NVIDIA-Nemotron-3-Nano-30B-A3B-BF16"" --task gsm8k --loss importance_sampling --seed 789 --group-size 8 --lr 1e-05 --steps 30 --rank 32 --difficulty easy --clip-low 0.2 --clip-high 0.2 --importance-level token --dynamic-sampling false --out /Users/arvind/Developer/tinker-rl-lab/experiments/tinker-runs/results/audit_trl_nemotron-30b_G8_easy_s789.json"
audit_trl_nemotron-30b_G4_hard_s789,audit,TRL,nemotron-30b,failed,2026-06-14T16:10:04.289119+00:00,2026-06-14T16:10:04.370697+00:00,2,/Users/arvind/Developer/tinker-rl-lab/experiments/tinker-runs/results/audit_trl_nemotron-30b_G4_hard_s789.json,"python3 /Users/arvind/Developer/tinker-rl-lab/experiments/tinker-runs/cell_runner.py --tag audit_trl_nemotron-30b_G4_hard_s789 --model ""nvidia/NVIDIA-Nemotron-3-Nano-30B-A3B-BF16"" --task gsm8k --loss importance_sampling --seed 789 --group-size 4 --lr 1e-05 --steps 30 --rank 32 --difficulty hard --clip-low 0.2 --clip-high 0.2 --importance-level token --dynamic-sampling false --out /Users/arvind/Developer/tinker-rl-lab/experiments/tinker-runs/results/audit_trl_nemotron-30b_G4_hard_s789.json"
audit_trl_nemotron-30b_G8_medium_s789,audit,TRL,nemotron-30b,failed,2026-06-14T16:10:04.296945+00:00,2026-06-14T16:10:04.373472+00:00,2,/Users/arvind/Developer/tinker-rl-lab/experiments/tinker-runs/results/audit_trl_nemotron-30b_G8_medium_s789.json,"python3 /Users/arvind/Developer/tinker-rl-lab/experiments/tinker-runs/cell_runner.py --tag audit_trl_nemotron-30b_G8_medium_s789 --model ""nvidia/NVIDIA-Nemotron-3-Nano-30B-A3B-BF16"" --task gsm8k --loss importance_sampling --seed 789 --group-size 8 --lr 1e-05 --steps 30 --rank 32 --difficulty medium --clip-low 0.2 --clip-high 0.2 --importance-level token --dynamic-sampling false --out /Users/arvind/Developer/tinker-rl-lab/experiments/tinker-runs/results/audit_trl_nemotron-30b_G8_medium_s789.json"
audit_trl_nemotron-30b_G8_hard_s789,audit,TRL,nemotron-30b,failed,2026-06-14T16:10:04.297989+00:00,2026-06-14T16:10:04.375565+00:00,2,/Users/arvind/Developer/tinker-rl-lab/experiments/tinker-runs/results/audit_trl_nemotron-30b_G8_hard_s789.json,"python3 /Users/arvind/Developer/tinker-rl-lab/experiments/tinker-runs/cell_runner.py --tag audit_trl_nemotron-30b_G8_hard_s789 --model ""nvidia/NVIDIA-Nemotron-3-Nano-30B-A3B-BF16"" --task gsm8k --loss importance_sampling --seed 789 --group-size 8 --lr 1e-05 --steps 30 --rank 32 --difficulty hard --clip-low 0.2 --clip-high 0.2 --importance-level token --dynamic-sampling false --out /Users/arvind/Developer/tinker-rl-lab/experiments/tinker-runs/results/audit_trl_nemotron-30b_G8_hard_s789.json"
audit_trl_nemotron-30b_G16_easy_s789,audit,TRL,nemotron-30b,failed,2026-06-14T16:10:04.366838+00:00,2026-06-14T16:10:04.442289+00:00,2,/Users/arvind/Developer/tinker-rl-lab/experiments/tinker-runs/results/audit_trl_nemotron-30b_G16_easy_s789.json,"python3 /Users/arvind/Developer/tinker-rl-lab/experiments/tinker-runs/cell_runner.py --tag audit_trl_nemotron-30b_G16_easy_s789 --model ""nvidia/NVIDIA-Nemotron-3-Nano-30B-A3B-BF16"" --task gsm8k --loss importance_sampling --seed 789 --group-size 16 --lr 1e-05 --steps 30 --rank 32 --difficulty easy --clip-low 0.2 --clip-high 0.2 --importance-level token --dynamic-sampling false --out /Users/arvind/Developer/tinker-rl-lab/experiments/tinker-runs/results/audit_trl_nemotron-30b_G16_easy_s789.json"
audit_trl_nemotron-30b_G16_medium_s789,audit,TRL,nemotron-30b,failed,2026-06-14T16:10:04.370761+00:00,2026-06-14T16:10:04.445968+00:00,2,/Users/arvind/Developer/tinker-rl-lab/experiments/tinker-runs/results/audit_trl_nemotron-30b_G16_medium_s789.json,"python3 /Users/arvind/Developer/tinker-rl-lab/experiments/tinker-runs/cell_runner.py --tag audit_trl_nemotron-30b_G16_medium_s789 --model ""nvidia/NVIDIA-Nemotron-3-Nano-30B-A3B-BF16"" --task gsm8k --loss importance_sampling --seed 789 --group-size 16 --lr 1e-05 --steps 30 --rank 32 --difficulty medium --clip-low 0.2 --clip-high 0.2 --importance-level token --dynamic-sampling false --out /Users/arvind/Developer/tinker-rl-lab/experiments/tinker-runs/results/audit_trl_nemotron-30b_G16_medium_s789.json"
audit_trl_nemotron-30b_G2_easy_s1024,audit,TRL,nemotron-30b,failed,2026-06-14T16:10:04.375635+00:00,2026-06-14T16:10:04.450546+00:00,2,/Users/arvind/Developer/tinker-rl-lab/experiments/tinker-runs/results/audit_trl_nemotron-30b_G2_easy_s1024.json,"python3 /Users/arvind/Developer/tinker-rl-lab/experiments/tinker-runs/cell_runner.py --tag audit_trl_nemotron-30b_G2_easy_s1024 --model ""nvidia/NVIDIA-Nemotron-3-Nano-30B-A3B-BF16"" --task gsm8k --loss importance_sampling --seed 1024 --group-size 2 --lr 1e-05 --steps 30 --rank 32 --difficulty easy --clip-low 0.2 --clip-high 0.2 --importance-level token --dynamic-sampling false --out /Users/arvind/Developer/tinker-rl-lab/experiments/tinker-runs/results/audit_trl_nemotron-30b_G2_easy_s1024.json"
audit_trl_nemotron-30b_G16_hard_s789,audit,TRL,nemotron-30b,failed,2026-06-14T16:10:04.373519+00:00,2026-06-14T16:10:04.450645+00:00,2,/Users/arvind/Developer/tinker-rl-lab/experiments/tinker-runs/results/audit_trl_nemotron-30b_G16_hard_s789.json,"python3 /Users/arvind/Developer/tinker-rl-lab/experiments/tinker-runs/cell_runner.py --tag audit_trl_nemotron-30b_G16_hard_s789 --model ""nvidia/NVIDIA-Nemotron-3-Nano-30B-A3B-BF16"" --task gsm8k --loss importance_sampling --seed 789 --group-size 16 --lr 1e-05 --steps 30 --rank 32 --difficulty hard --clip-low 0.2 --clip-high 0.2 --importance-level token --dynamic-sampling false --out /Users/arvind/Developer/tinker-rl-lab/experiments/tinker-runs/results/audit_trl_nemotron-30b_G16_hard_s789.json"
audit_trl_nemotron-30b_G2_medium_s1024,audit,TRL,nemotron-30b,failed,2026-06-14T16:10:04.442370+00:00,2026-06-14T16:10:04.519648+00:00,2,/Users/arvind/Developer/tinker-rl-lab/experiments/tinker-runs/results/audit_trl_nemotron-30b_G2_medium_s1024.json,"python3 /Users/arvind/Developer/tinker-rl-lab/experiments/tinker-runs/cell_runner.py --tag audit_trl_nemotron-30b_G2_medium_s1024 --model ""nvidia/NVIDIA-Nemotron-3-Nano-30B-A3B-BF16"" --task gsm8k --loss importance_sampling --seed 1024 --group-size 2 --lr 1e-05 --steps 30 --rank 32 --difficulty medium --clip-low 0.2 --clip-high 0.2 --importance-level token --dynamic-sampling false --out /Users/arvind/Developer/tinker-rl-lab/experiments/tinker-runs/results/audit_trl_nemotron-30b_G2_medium_s1024.json"
audit_trl_nemotron-30b_G2_hard_s1024,audit,TRL,nemotron-30b,failed,2026-06-14T16:10:04.446016+00:00,2026-06-14T16:10:04.523414+00:00,2,/Users/arvind/Developer/tinker-rl-lab/experiments/tinker-runs/results/audit_trl_nemotron-30b_G2_hard_s1024.json,"python3 /Users/arvind/Developer/tinker-rl-lab/experiments/tinker-runs/cell_runner.py --tag audit_trl_nemotron-30b_G2_hard_s1024 --model ""nvidia/NVIDIA-Nemotron-3-Nano-30B-A3B-BF16"" --task gsm8k --loss importance_sampling --seed 1024 --group-size 2 --lr 1e-05 --steps 30 --rank 32 --difficulty hard --clip-low 0.2 --clip-high 0.2 --importance-level token --dynamic-sampling false --out /Users/arvind/Developer/tinker-rl-lab/experiments/tinker-runs/results/audit_trl_nemotron-30b_G2_hard_s1024.json"
audit_trl_nemotron-30b_G4_medium_s1024,audit,TRL,nemotron-30b,failed,2026-06-14T16:10:04.450660+00:00,2026-06-14T16:10:04.527992+00:00,2,/Users/arvind/Developer/tinker-rl-lab/experiments/tinker-runs/results/audit_trl_nemotron-30b_G4_medium_s1024.json,"python3 /Users/arvind/Developer/tinker-rl-lab/experiments/tinker-runs/cell_runner.py --tag audit_trl_nemotron-30b_G4_medium_s1024 --model ""nvidia/NVIDIA-Nemotron-3-Nano-30B-A3B-BF16"" --task gsm8k --loss importance_sampling --seed 1024 --group-size 4 --lr 1e-05 --steps 30 --rank 32 --difficulty medium --clip-low 0.2 --clip-high 0.2 --importance-level token --dynamic-sampling false --out /Users/arvind/Developer/tinker-rl-lab/experiments/tinker-runs/results/audit_trl_nemotron-30b_G4_medium_s1024.json"
audit_trl_nemotron-30b_G4_easy_s1024,audit,TRL,nemotron-30b,failed,2026-06-14T16:10:04.450601+00:00,2026-06-14T16:10:04.530520+00:00,2,/Users/arvind/Developer/tinker-rl-lab/experiments/tinker-runs/results/audit_trl_nemotron-30b_G4_easy_s1024.json,"python3 /Users/arvind/Developer/tinker-rl-lab/experiments/tinker-runs/cell_runner.py --tag audit_trl_nemotron-30b_G4_easy_s1024 --model ""nvidia/NVIDIA-Nemotron-3-Nano-30B-A3B-BF16"" --task gsm8k --loss importance_sampling --seed 1024 --group-size 4 --lr 1e-05 --steps 30 --rank 32 --difficulty easy --clip-low 0.2 --clip-high 0.2 --importance-level token --dynamic-sampling false --out /Users/arvind/Developer/tinker-rl-lab/experiments/tinker-runs/results/audit_trl_nemotron-30b_G4_easy_s1024.json"
audit_trl_nemotron-30b_G4_hard_s1024,audit,TRL,nemotron-30b,failed,2026-06-14T16:10:04.519719+00:00,2026-06-14T16:10:04.598110+00:00,2,/Users/arvind/Developer/tinker-rl-lab/experiments/tinker-runs/results/audit_trl_nemotron-30b_G4_hard_s1024.json,"python3 /Users/arvind/Developer/tinker-rl-lab/experiments/tinker-runs/cell_runner.py --tag audit_trl_nemotron-30b_G4_hard_s1024 --model ""nvidia/NVIDIA-Nemotron-3-Nano-30B-A3B-BF16"" --task gsm8k --loss importance_sampling --seed 1024 --group-size 4 --lr 1e-05 --steps 30 --rank 32 --difficulty hard --clip-low 0.2 --clip-high 0.2 --importance-level token --dynamic-sampling false --out /Users/arvind/Developer/tinker-rl-lab/experiments/tinker-runs/results/audit_trl_nemotron-30b_G4_hard_s1024.json"
audit_trl_nemotron-30b_G8_medium_s1024,audit,TRL,nemotron-30b,failed,2026-06-14T16:10:04.528038+00:00,2026-06-14T16:10:04.599437+00:00,2,/Users/arvind/Developer/tinker-rl-lab/experiments/tinker-runs/results/audit_trl_nemotron-30b_G8_medium_s1024.json,"python3 /Users/arvind/Developer/tinker-rl-lab/experiments/tinker-runs/cell_runner.py --tag audit_trl_nemotron-30b_G8_medium_s1024 --model ""nvidia/NVIDIA-Nemotron-3-Nano-30B-A3B-BF16"" --task gsm8k --loss importance_sampling --seed 1024 --group-size 8 --lr 1e-05 --steps 30 --rank 32 --difficulty medium --clip-low 0.2 --clip-high 0.2 --importance-level token --dynamic-sampling false --out /Users/arvind/Developer/tinker-rl-lab/experiments/tinker-runs/results/audit_trl_nemotron-30b_G8_medium_s1024.json"
audit_trl_nemotron-30b_G8_easy_s1024,audit,TRL,nemotron-30b,failed,2026-06-14T16:10:04.523471+00:00,2026-06-14T16:10:04.602440+00:00,2,/Users/arvind/Developer/tinker-rl-lab/experiments/tinker-runs/results/audit_trl_nemotron-30b_G8_easy_s1024.json,"python3 /Users/arvind/Developer/tinker-rl-lab/experiments/tinker-runs/cell_runner.py --tag audit_trl_nemotron-30b_G8_easy_s1024 --model ""nvidia/NVIDIA-Nemotron-3-Nano-30B-A3B-BF16"" --task gsm8k --loss importance_sampling --seed 1024 --group-size 8 --lr 1e-05 --steps 30 --rank 32 --difficulty easy --clip-low 0.2 --clip-high 0.2 --importance-level token --dynamic-sampling false --out /Users/arvind/Developer/tinker-rl-lab/experiments/tinker-runs/results/audit_trl_nemotron-30b_G8_easy_s1024.json"
audit_trl_nemotron-30b_G8_hard_s1024,audit,TRL,nemotron-30b,failed,2026-06-14T16:10:04.530604+00:00,2026-06-14T16:10:04.604494+00:00,2,/Users/arvind/Developer/tinker-rl-lab/experiments/tinker-runs/results/audit_trl_nemotron-30b_G8_hard_s1024.json,"python3 /Users/arvind/Developer/tinker-rl-lab/experiments/tinker-runs/cell_runner.py --tag audit_trl_nemotron-30b_G8_hard_s1024 --model ""nvidia/NVIDIA-Nemotron-3-Nano-30B-A3B-BF16"" --task gsm8k --loss importance_sampling --seed 1024 --group-size 8 --lr 1e-05 --steps 30 --rank 32 --difficulty hard --clip-low 0.2 --clip-high 0.2 --importance-level token --dynamic-sampling false --out /Users/arvind/Developer/tinker-rl-lab/experiments/tinker-runs/results/audit_trl_nemotron-30b_G8_hard_s1024.json"
audit_trl_nemotron-30b_G16_easy_s1024,audit,TRL,nemotron-30b,failed,2026-06-14T16:10:04.598200+00:00,2026-06-14T16:10:04.679640+00:00,2,/Users/arvind/Developer/tinker-rl-lab/experiments/tinker-runs/results/audit_trl_nemotron-30b_G16_easy_s1024.json,"python3 /Users/arvind/Developer/tinker-rl-lab/experiments/tinker-runs/cell_runner.py --tag audit_trl_nemotron-30b_G16_easy_s1024 --model ""nvidia/NVIDIA-Nemotron-3-Nano-30B-A3B-BF16"" --task gsm8k --loss importance_sampling --seed 1024 --group-size 16 --lr 1e-05 --steps 30 --rank 32 --difficulty easy --clip-low 0.2 --clip-high 0.2 --importance-level token --dynamic-sampling false --out /Users/arvind/Developer/tinker-rl-lab/experiments/tinker-runs/results/audit_trl_nemotron-30b_G16_easy_s1024.json"
audit_trl_nemotron-30b_G16_medium_s1024,audit,TRL,nemotron-30b,failed,2026-06-14T16:10:04.599574+00:00,2026-06-14T16:10:04.679755+00:00,2,/Users/arvind/Developer/tinker-rl-lab/experiments/tinker-runs/results/audit_trl_nemotron-30b_G16_medium_s1024.json,"python3 /Users/arvind/Developer/tinker-rl-lab/experiments/tinker-runs/cell_runner.py --tag audit_trl_nemotron-30b_G16_medium_s1024 --model ""nvidia/NVIDIA-Nemotron-3-Nano-30B-A3B-BF16"" --task gsm8k --loss importance_sampling --seed 1024 --group-size 16 --lr 1e-05 --steps 30 --rank 32 --difficulty medium --clip-low 0.2 --clip-high 0.2 --importance-level token --dynamic-sampling false --out /Users/arvind/Developer/tinker-rl-lab/experiments/tinker-runs/results/audit_trl_nemotron-30b_G16_medium_s1024.json"
audit_trl_nemotron-30b_G16_hard_s1024,audit,TRL,nemotron-30b,failed,2026-06-14T16:10:04.602499+00:00,2026-06-14T16:10:04.682123+00:00,2,/Users/arvind/Developer/tinker-rl-lab/experiments/tinker-runs/results/audit_trl_nemotron-30b_G16_hard_s1024.json,"python3 /Users/arvind/Developer/tinker-rl-lab/experiments/tinker-runs/cell_runner.py --tag audit_trl_nemotron-30b_G16_hard_s1024 --model ""nvidia/NVIDIA-Nemotron-3-Nano-30B-A3B-BF16"" --task gsm8k --loss importance_sampling --seed 1024 --group-size 16 --lr 1e-05 --steps 30 --rank 32 --difficulty hard --clip-low 0.2 --clip-high 0.2 --importance-level token --dynamic-sampling false --out /Users/arvind/Developer/tinker-rl-lab/experiments/tinker-runs/results/audit_trl_nemotron-30b_G16_hard_s1024.json"
audit_trl_nemotron-120b_G8_medium_s42,audit,TRL,nemotron-120b,failed,2026-06-14T16:10:04.604581+00:00,2026-06-14T16:10:04.685795+00:00,2,/Users/arvind/Developer/tinker-rl-lab/experiments/tinker-runs/results/audit_trl_nemotron-120b_G8_medium_s42.json,"python3 /Users/arvind/Developer/tinker-rl-lab/experiments/tinker-runs/cell_runner.py --tag audit_trl_nemotron-120b_G8_medium_s42 --model ""nvidia/NVIDIA-Nemotron-3-Super-120B-A12B-BF16"" --task gsm8k --loss importance_sampling --seed 42 --group-size 8 --lr 1e-05 --steps 20 --rank 16 --difficulty medium --clip-low 0.2 --clip-high 0.2 --importance-level token --dynamic-sampling false --out /Users/arvind/Developer/tinker-rl-lab/experiments/tinker-runs/results/audit_trl_nemotron-120b_G8_medium_s42.json"
audit_trl_nemotron-120b_G8_medium_s456,audit,TRL,nemotron-120b,failed,2026-06-14T16:10:04.679780+00:00,2026-06-14T16:10:04.754319+00:00,2,/Users/arvind/Developer/tinker-rl-lab/experiments/tinker-runs/results/audit_trl_nemotron-120b_G8_medium_s456.json,"python3 /Users/arvind/Developer/tinker-rl-lab/experiments/tinker-runs/cell_runner.py --tag audit_trl_nemotron-120b_G8_medium_s456 --model ""nvidia/NVIDIA-Nemotron-3-Super-120B-A12B-BF16"" --task gsm8k --loss importance_sampling --seed 456 --group-size 8 --lr 1e-05 --steps 20 --rank 16 --difficulty medium --clip-low 0.2 --clip-high 0.2 --importance-level token --dynamic-sampling false --out /Users/arvind/Developer/tinker-rl-lab/experiments/tinker-runs/results/audit_trl_nemotron-120b_G8_medium_s456.json"
audit_trl_nemotron-120b_G8_medium_s123,audit,TRL,nemotron-120b,failed,2026-06-14T16:10:04.679722+00:00,2026-06-14T16:10:04.757911+00:00,2,/Users/arvind/Developer/tinker-rl-lab/experiments/tinker-runs/results/audit_trl_nemotron-120b_G8_medium_s123.json,"python3 /Users/arvind/Developer/tinker-rl-lab/experiments/tinker-runs/cell_runner.py --tag audit_trl_nemotron-120b_G8_medium_s123 --model ""nvidia/NVIDIA-Nemotron-3-Super-120B-A12B-BF16"" --task gsm8k --loss importance_sampling --seed 123 --group-size 8 --lr 1e-05 --steps 20 --rank 16 --difficulty medium --clip-low 0.2 --clip-high 0.2 --importance-level token --dynamic-sampling false --out /Users/arvind/Developer/tinker-rl-lab/experiments/tinker-runs/results/audit_trl_nemotron-120b_G8_medium_s123.json"
audit_trl_nemotron-120b_G8_medium_s789,audit,TRL,nemotron-120b,failed,2026-06-14T16:10:04.682277+00:00,2026-06-14T16:10:04.762086+00:00,2,/Users/arvind/Developer/tinker-rl-lab/experiments/tinker-runs/results/audit_trl_nemotron-120b_G8_medium_s789.json,"python3 /Users/arvind/Developer/tinker-rl-lab/experiments/tinker-runs/cell_runner.py --tag audit_trl_nemotron-120b_G8_medium_s789 --model ""nvidia/NVIDIA-Nemotron-3-Super-120B-A12B-BF16"" --task gsm8k --loss importance_sampling --seed 789 --group-size 8 --lr 1e-05 --steps 20 --rank 16 --difficulty medium --clip-low 0.2 --clip-high 0.2 --importance-level token --dynamic-sampling false --out /Users/arvind/Developer/tinker-rl-lab/experiments/tinker-runs/results/audit_trl_nemotron-120b_G8_medium_s789.json"
audit_trl_nemotron-120b_G8_medium_s1024,audit,TRL,nemotron-120b,failed,2026-06-14T16:10:04.685868+00:00,2026-06-14T16:10:04.763654+00:00,2,/Users/arvind/Developer/tinker-rl-lab/experiments/tinker-runs/results/audit_trl_nemotron-120b_G8_medium_s1024.json,"python3 /Users/arvind/Developer/tinker-rl-lab/experiments/tinker-runs/cell_runner.py --tag audit_trl_nemotron-120b_G8_medium_s1024 --model ""nvidia/NVIDIA-Nemotron-3-Super-120B-A12B-BF16"" --task gsm8k --loss importance_sampling --seed 1024 --group-size 8 --lr 1e-05 --steps 20 --rank 16 --difficulty medium --clip-low 0.2 --clip-high 0.2 --importance-level token --dynamic-sampling false --out /Users/arvind/Developer/tinker-rl-lab/experiments/tinker-runs/results/audit_trl_nemotron-120b_G8_medium_s1024.json"
audit_trl_gpt-oss-20b_G2_easy_s42,audit,TRL,gpt-oss-20b,failed,2026-06-14T16:10:04.754390+00:00,2026-06-14T16:10:04.830026+00:00,2,/Users/arvind/Developer/tinker-rl-lab/experiments/tinker-runs/results/audit_trl_gpt-oss-20b_G2_easy_s42.json,"python3 /Users/arvind/Developer/tinker-rl-lab/experiments/tinker-runs/cell_runner.py --tag audit_trl_gpt-oss-20b_G2_easy_s42 --model ""openai/gpt-oss-20b"" --task gsm8k --loss importance_sampling --seed 42 --group-size 2 --lr 1e-05 --steps 30 --rank 32 --difficulty easy --clip-low 0.2 --clip-high 0.2 --importance-level token --dynamic-sampling false --out /Users/arvind/Developer/tinker-rl-lab/experiments/tinker-runs/results/audit_trl_gpt-oss-20b_G2_easy_s42.json"
audit_trl_gpt-oss-20b_G4_easy_s42,audit,TRL,gpt-oss-20b,failed,2026-06-14T16:10:04.763804+00:00,2026-06-14T16:10:04.841631+00:00,2,/Users/arvind/Developer/tinker-rl-lab/experiments/tinker-runs/results/audit_trl_gpt-oss-20b_G4_easy_s42.json,"python3 /Users/arvind/Developer/tinker-rl-lab/experiments/tinker-runs/cell_runner.py --tag audit_trl_gpt-oss-20b_G4_easy_s42 --model ""openai/gpt-oss-20b"" --task gsm8k --loss importance_sampling --seed 42 --group-size 4 --lr 1e-05 --steps 30 --rank 32 --difficulty easy --clip-low 0.2 --clip-high 0.2 --importance-level token --dynamic-sampling false --out /Users/arvind/Developer/tinker-rl-lab/experiments/tinker-runs/results/audit_trl_gpt-oss-20b_G4_easy_s42.json"
audit_trl_gpt-oss-20b_G2_medium_s42,audit,TRL,gpt-oss-20b,failed,2026-06-14T16:10:04.757983+00:00,2026-06-14T16:10:04.844297+00:00,2,/Users/arvind/Developer/tinker-rl-lab/experiments/tinker-runs/results/audit_trl_gpt-oss-20b_G2_medium_s42.json,"python3 /Users/arvind/Developer/tinker-rl-lab/experiments/tinker-runs/cell_runner.py --tag audit_trl_gpt-oss-20b_G2_medium_s42 --model ""openai/gpt-oss-20b"" --task gsm8k --loss importance_sampling --seed 42 --group-size 2 --lr 1e-05 --steps 30 --rank 32 --difficulty medium --clip-low 0.2 --clip-high 0.2 --importance-level token --dynamic-sampling false --out /Users/arvind/Developer/tinker-rl-lab/experiments/tinker-runs/results/audit_trl_gpt-oss-20b_G2_medium_s42.json"
audit_trl_gpt-oss-20b_G2_hard_s42,audit,TRL,gpt-oss-20b,failed,2026-06-14T16:10:04.762122+00:00,2026-06-14T16:10:04.846535+00:00,2,/Users/arvind/Developer/tinker-rl-lab/experiments/tinker-runs/results/audit_trl_gpt-oss-20b_G2_hard_s42.json,"python3 /Users/arvind/Developer/tinker-rl-lab/experiments/tinker-runs/cell_runner.py --tag audit_trl_gpt-oss-20b_G2_hard_s42 --model ""openai/gpt-oss-20b"" --task gsm8k --loss importance_sampling --seed 42 --group-size 2 --lr 1e-05 --steps 30 --rank 32 --difficulty hard --clip-low 0.2 --clip-high 0.2 --importance-level token --dynamic-sampling false --out /Users/arvind/Developer/tinker-rl-lab/experiments/tinker-runs/results/audit_trl_gpt-oss-20b_G2_hard_s42.json"
audit_trl_gpt-oss-20b_G4_medium_s42,audit,TRL,gpt-oss-20b,failed,2026-06-14T16:10:04.830100+00:00,2026-06-14T16:10:04.908849+00:00,2,/Users/arvind/Developer/tinker-rl-lab/experiments/tinker-runs/results/audit_trl_gpt-oss-20b_G4_medium_s42.json,"python3 /Users/arvind/Developer/tinker-rl-lab/experiments/tinker-runs/cell_runner.py --tag audit_trl_gpt-oss-20b_G4_medium_s42 --model ""openai/gpt-oss-20b"" --task gsm8k --loss importance_sampling --seed 42 --group-size 4 --lr 1e-05 --steps 30 --rank 32 --difficulty medium --clip-low 0.2 --clip-high 0.2 --importance-level token --dynamic-sampling false --out /Users/arvind/Developer/tinker-rl-lab/experiments/tinker-runs/results/audit_trl_gpt-oss-20b_G4_medium_s42.json"
audit_trl_gpt-oss-20b_G8_medium_s42,audit,TRL,gpt-oss-20b,failed,2026-06-14T16:10:04.846580+00:00,2026-06-14T16:10:04.919129+00:00,2,/Users/arvind/Developer/tinker-rl-lab/experiments/tinker-runs/results/audit_trl_gpt-oss-20b_G8_medium_s42.json,"python3 /Users/arvind/Developer/tinker-rl-lab/experiments/tinker-runs/cell_runner.py --tag audit_trl_gpt-oss-20b_G8_medium_s42 --model ""openai/gpt-oss-20b"" --task gsm8k --loss importance_sampling --seed 42 --group-size 8 --lr 1e-05 --steps 30 --rank 32 --difficulty medium --clip-low 0.2 --clip-high 0.2 --importance-level token --dynamic-sampling false --out /Users/arvind/Developer/tinker-rl-lab/experiments/tinker-runs/results/audit_trl_gpt-oss-20b_G8_medium_s42.json"
audit_trl_gpt-oss-20b_G8_easy_s42,audit,TRL,gpt-oss-20b,failed,2026-06-14T16:10:04.844372+00:00,2026-06-14T16:10:04.919200+00:00,2,/Users/arvind/Developer/tinker-rl-lab/experiments/tinker-runs/results/audit_trl_gpt-oss-20b_G8_easy_s42.json,"python3 /Users/arvind/Developer/tinker-rl-lab/experiments/tinker-runs/cell_runner.py --tag audit_trl_gpt-oss-20b_G8_easy_s42 --model ""openai/gpt-oss-20b"" --task gsm8k --loss importance_sampling --seed 42 --group-size 8 --lr 1e-05 --steps 30 --rank 32 --difficulty easy --clip-low 0.2 --clip-high 0.2 --importance-level token --dynamic-sampling false --out /Users/arvind/Developer/tinker-rl-lab/experiments/tinker-runs/results/audit_trl_gpt-oss-20b_G8_easy_s42.json"
audit_trl_gpt-oss-20b_G4_hard_s42,audit,TRL,gpt-oss-20b,failed,2026-06-14T16:10:04.841692+00:00,2026-06-14T16:10:04.921069+00:00,2,/Users/arvind/Developer/tinker-rl-lab/experiments/tinker-runs/results/audit_trl_gpt-oss-20b_G4_hard_s42.json,"python3 /Users/arvind/Developer/tinker-rl-lab/experiments/tinker-runs/cell_runner.py --tag audit_trl_gpt-oss-20b_G4_hard_s42 --model ""openai/gpt-oss-20b"" --task gsm8k --loss importance_sampling --seed 42 --group-size 4 --lr 1e-05 --steps 30 --rank 32 --difficulty hard --clip-low 0.2 --clip-high 0.2 --importance-level token --dynamic-sampling false --out /Users/arvind/Developer/tinker-rl-lab/experiments/tinker-runs/results/audit_trl_gpt-oss-20b_G4_hard_s42.json"
audit_trl_gpt-oss-20b_G8_hard_s42,audit,TRL,gpt-oss-20b,failed,2026-06-14T16:10:04.908918+00:00,2026-06-14T16:10:04.986382+00:00,2,/Users/arvind/Developer/tinker-rl-lab/experiments/tinker-runs/results/audit_trl_gpt-oss-20b_G8_hard_s42.json,"python3 /Users/arvind/Developer/tinker-rl-lab/experiments/tinker-runs/cell_runner.py --tag audit_trl_gpt-oss-20b_G8_hard_s42 --model ""openai/gpt-oss-20b"" --task gsm8k --loss importance_sampling --seed 42 --group-size 8 --lr 1e-05 --steps 30 --rank 32 --difficulty hard --clip-low 0.2 --clip-high 0.2 --importance-level token --dynamic-sampling false --out /Users/arvind/Developer/tinker-rl-lab/experiments/tinker-runs/results/audit_trl_gpt-oss-20b_G8_hard_s42.json"
audit_trl_gpt-oss-20b_G16_medium_s42,audit,TRL,gpt-oss-20b,failed,2026-06-14T16:10:04.919215+00:00,2026-06-14T16:10:04.992973+00:00,2,/Users/arvind/Developer/tinker-rl-lab/experiments/tinker-runs/results/audit_trl_gpt-oss-20b_G16_medium_s42.json,"python3 /Users/arvind/Developer/tinker-rl-lab/experiments/tinker-runs/cell_runner.py --tag audit_trl_gpt-oss-20b_G16_medium_s42 --model ""openai/gpt-oss-20b"" --task gsm8k --loss importance_sampling --seed 42 --group-size 16 --lr 1e-05 --steps 30 --rank 32 --difficulty medium --clip-low 0.2 --clip-high 0.2 --importance-level token --dynamic-sampling false --out /Users/arvind/Developer/tinker-rl-lab/experiments/tinker-runs/results/audit_trl_gpt-oss-20b_G16_medium_s42.json"
audit_trl_gpt-oss-20b_G16_easy_s42,audit,TRL,gpt-oss-20b,failed,2026-06-14T16:10:04.919181+00:00,2026-06-14T16:10:04.996971+00:00,2,/Users/arvind/Developer/tinker-rl-lab/experiments/tinker-runs/results/audit_trl_gpt-oss-20b_G16_easy_s42.json,"python3 /Users/arvind/Developer/tinker-rl-lab/experiments/tinker-runs/cell_runner.py --tag audit_trl_gpt-oss-20b_G16_easy_s42 --model ""openai/gpt-oss-20b"" --task gsm8k --loss importance_sampling --seed 42 --group-size 16 --lr 1e-05 --steps 30 --rank 32 --difficulty easy --clip-low 0.2 --clip-high 0.2 --importance-level token --dynamic-sampling false --out /Users/arvind/Developer/tinker-rl-lab/experiments/tinker-runs/results/audit_trl_gpt-oss-20b_G16_easy_s42.json"
audit_trl_gpt-oss-20b_G16_hard_s42,audit,TRL,gpt-oss-20b,failed,2026-06-14T16:10:04.921266+00:00,2026-06-14T16:10:04.997035+00:00,2,/Users/arvind/Developer/tinker-rl-lab/experiments/tinker-runs/results/audit_trl_gpt-oss-20b_G16_hard_s42.json,"python3 /Users/arvind/Developer/tinker-rl-lab/experiments/tinker-runs/cell_runner.py --tag audit_trl_gpt-oss-20b_G16_hard_s42 --model ""openai/gpt-oss-20b"" --task gsm8k --loss importance_sampling --seed 42 --group-size 16 --lr 1e-05 --steps 30 --rank 32 --difficulty hard --clip-low 0.2 --clip-high 0.2 --importance-level token --dynamic-sampling false --out /Users/arvind/Developer/tinker-rl-lab/experiments/tinker-runs/results/audit_trl_gpt-oss-20b_G16_hard_s42.json"
audit_trl_gpt-oss-20b_G2_easy_s123,audit,TRL,gpt-oss-20b,failed,2026-06-14T16:10:04.986454+00:00,2026-06-14T16:10:05.065317+00:00,2,/Users/arvind/Developer/tinker-rl-lab/experiments/tinker-runs/results/audit_trl_gpt-oss-20b_G2_easy_s123.json,"python3 /Users/arvind/Developer/tinker-rl-lab/experiments/tinker-runs/cell_runner.py --tag audit_trl_gpt-oss-20b_G2_easy_s123 --model ""openai/gpt-oss-20b"" --task gsm8k --loss importance_sampling --seed 123 --group-size 2 --lr 1e-05 --steps 30 --rank 32 --difficulty easy --clip-low 0.2 --clip-high 0.2 --importance-level token --dynamic-sampling false --out /Users/arvind/Developer/tinker-rl-lab/experiments/tinker-runs/results/audit_trl_gpt-oss-20b_G2_easy_s123.json"
audit_trl_gpt-oss-20b_G2_medium_s123,audit,TRL,gpt-oss-20b,failed,2026-06-14T16:10:04.993016+00:00,2026-06-14T16:10:05.069900+00:00,2,/Users/arvind/Developer/tinker-rl-lab/experiments/tinker-runs/results/audit_trl_gpt-oss-20b_G2_medium_s123.json,"python3 /Users/arvind/Developer/tinker-rl-lab/experiments/tinker-runs/cell_runner.py --tag audit_trl_gpt-oss-20b_G2_medium_s123 --model ""openai/gpt-oss-20b"" --task gsm8k --loss importance_sampling --seed 123 --group-size 2 --lr 1e-05 --steps 30 --rank 32 --difficulty medium --clip-low 0.2 --clip-high 0.2 --importance-level token --dynamic-sampling false --out /Users/arvind/Developer/tinker-rl-lab/experiments/tinker-runs/results/audit_trl_gpt-oss-20b_G2_medium_s123.json"
audit_trl_gpt-oss-20b_G4_easy_s123,audit,TRL,gpt-oss-20b,failed,2026-06-14T16:10:04.997050+00:00,2026-06-14T16:10:05.073359+00:00,2,/Users/arvind/Developer/tinker-rl-lab/experiments/tinker-runs/results/audit_trl_gpt-oss-20b_G4_easy_s123.json,"python3 /Users/arvind/Developer/tinker-rl-lab/experiments/tinker-runs/cell_runner.py --tag audit_trl_gpt-oss-20b_G4_easy_s123 --model ""openai/gpt-oss-20b"" --task gsm8k --loss importance_sampling --seed 123 --group-size 4 --lr 1e-05 --steps 30 --rank 32 --difficulty easy --clip-low 0.2 --clip-high 0.2 --importance-level token --dynamic-sampling false --out /Users/arvind/Developer/tinker-rl-lab/experiments/tinker-runs/results/audit_trl_gpt-oss-20b_G4_easy_s123.json"
audit_trl_gpt-oss-20b_G2_hard_s123,audit,TRL,gpt-oss-20b,failed,2026-06-14T16:10:04.997013+00:00,2026-06-14T16:10:05.074402+00:00,2,/Users/arvind/Developer/tinker-rl-lab/experiments/tinker-runs/results/audit_trl_gpt-oss-20b_G2_hard_s123.json,"python3 /Users/arvind/Developer/tinker-rl-lab/experiments/tinker-runs/cell_runner.py --tag audit_trl_gpt-oss-20b_G2_hard_s123 --model ""openai/gpt-oss-20b"" --task gsm8k --loss importance_sampling --seed 123 --group-size 2 --lr 1e-05 --steps 30 --rank 32 --difficulty hard --clip-low 0.2 --clip-high 0.2 --importance-level token --dynamic-sampling false --out /Users/arvind/Developer/tinker-rl-lab/experiments/tinker-runs/results/audit_trl_gpt-oss-20b_G2_hard_s123.json"
audit_trl_gpt-oss-20b_G4_medium_s123,audit,TRL,gpt-oss-20b,failed,2026-06-14T16:10:05.065385+00:00,2026-06-14T16:10:05.143596+00:00,2,/Users/arvind/Developer/tinker-rl-lab/experiments/tinker-runs/results/audit_trl_gpt-oss-20b_G4_medium_s123.json,"python3 /Users/arvind/Developer/tinker-rl-lab/experiments/tinker-runs/cell_runner.py --tag audit_trl_gpt-oss-20b_G4_medium_s123 --model ""openai/gpt-oss-20b"" --task gsm8k --loss importance_sampling --seed 123 --group-size 4 --lr 1e-05 --steps 30 --rank 32 --difficulty medium --clip-low 0.2 --clip-high 0.2 --importance-level token --dynamic-sampling false --out /Users/arvind/Developer/tinker-rl-lab/experiments/tinker-runs/results/audit_trl_gpt-oss-20b_G4_medium_s123.json"
audit_trl_gpt-oss-20b_G4_hard_s123,audit,TRL,gpt-oss-20b,failed,2026-06-14T16:10:05.069948+00:00,2026-06-14T16:10:05.149280+00:00,2,/Users/arvind/Developer/tinker-rl-lab/experiments/tinker-runs/results/audit_trl_gpt-oss-20b_G4_hard_s123.json,"python3 /Users/arvind/Developer/tinker-rl-lab/experiments/tinker-runs/cell_runner.py --tag audit_trl_gpt-oss-20b_G4_hard_s123 --model ""openai/gpt-oss-20b"" --task gsm8k --loss importance_sampling --seed 123 --group-size 4 --lr 1e-05 --steps 30 --rank 32 --difficulty hard --clip-low 0.2 --clip-high 0.2 --importance-level token --dynamic-sampling false --out /Users/arvind/Developer/tinker-rl-lab/experiments/tinker-runs/results/audit_trl_gpt-oss-20b_G4_hard_s123.json"
audit_trl_gpt-oss-20b_G8_easy_s123,audit,TRL,gpt-oss-20b,failed,2026-06-14T16:10:05.073427+00:00,2026-06-14T16:10:05.150454+00:00,2,/Users/arvind/Developer/tinker-rl-lab/experiments/tinker-runs/results/audit_trl_gpt-oss-20b_G8_easy_s123.json,"python3 /Users/arvind/Developer/tinker-rl-lab/experiments/tinker-runs/cell_runner.py --tag audit_trl_gpt-oss-20b_G8_easy_s123 --model ""openai/gpt-oss-20b"" --task gsm8k --loss importance_sampling --seed 123 --group-size 8 --lr 1e-05 --steps 30 --rank 32 --difficulty easy --clip-low 0.2 --clip-high 0.2 --importance-level token --dynamic-sampling false --out /Users/arvind/Developer/tinker-rl-lab/experiments/tinker-runs/results/audit_trl_gpt-oss-20b_G8_easy_s123.json"
audit_trl_gpt-oss-20b_G8_medium_s123,audit,TRL,gpt-oss-20b,failed,2026-06-14T16:10:05.074567+00:00,2026-06-14T16:10:05.150872+00:00,2,/Users/arvind/Developer/tinker-rl-lab/experiments/tinker-runs/results/audit_trl_gpt-oss-20b_G8_medium_s123.json,"python3 /Users/arvind/Developer/tinker-rl-lab/experiments/tinker-runs/cell_runner.py --tag audit_trl_gpt-oss-20b_G8_medium_s123 --model ""openai/gpt-oss-20b"" --task gsm8k --loss importance_sampling --seed 123 --group-size 8 --lr 1e-05 --steps 30 --rank 32 --difficulty medium --clip-low 0.2 --clip-high 0.2 --importance-level token --dynamic-sampling false --out /Users/arvind/Developer/tinker-rl-lab/experiments/tinker-runs/results/audit_trl_gpt-oss-20b_G8_medium_s123.json"
audit_trl_gpt-oss-20b_G8_hard_s123,audit,TRL,gpt-oss-20b,failed,2026-06-14T16:10:05.143673+00:00,2026-06-14T16:10:05.225613+00:00,2,/Users/arvind/Developer/tinker-rl-lab/experiments/tinker-runs/results/audit_trl_gpt-oss-20b_G8_hard_s123.json,"python3 /Users/arvind/Developer/tinker-rl-lab/experiments/tinker-runs/cell_runner.py --tag audit_trl_gpt-oss-20b_G8_hard_s123 --model ""openai/gpt-oss-20b"" --task gsm8k --loss importance_sampling --seed 123 --group-size 8 --lr 1e-05 --steps 30 --rank 32 --difficulty hard --clip-low 0.2 --clip-high 0.2 --importance-level token --dynamic-sampling false --out /Users/arvind/Developer/tinker-rl-lab/experiments/tinker-runs/results/audit_trl_gpt-oss-20b_G8_hard_s123.json"
audit_trl_gpt-oss-20b_G16_hard_s123,audit,TRL,gpt-oss-20b,failed,2026-06-14T16:10:05.150898+00:00,2026-06-14T16:10:05.229932+00:00,2,/Users/arvind/Developer/tinker-rl-lab/experiments/tinker-runs/results/audit_trl_gpt-oss-20b_G16_hard_s123.json,"python3 /Users/arvind/Developer/tinker-rl-lab/experiments/tinker-runs/cell_runner.py --tag audit_trl_gpt-oss-20b_G16_hard_s123 --model ""openai/gpt-oss-20b"" --task gsm8k --loss importance_sampling --seed 123 --group-size 16 --lr 1e-05 --steps 30 --rank 32 --difficulty hard --clip-low 0.2 --clip-high 0.2 --importance-level token --dynamic-sampling false --out /Users/arvind/Developer/tinker-rl-lab/experiments/tinker-runs/results/audit_trl_gpt-oss-20b_G16_hard_s123.json"
audit_trl_gpt-oss-20b_G16_medium_s123,audit,TRL,gpt-oss-20b,failed,2026-06-14T16:10:05.150636+00:00,2026-06-14T16:10:05.230982+00:00,2,/Users/arvind/Developer/tinker-rl-lab/experiments/tinker-runs/results/audit_trl_gpt-oss-20b_G16_medium_s123.json,"python3 /Users/arvind/Developer/tinker-rl-lab/experiments/tinker-runs/cell_runner.py --tag audit_trl_gpt-oss-20b_G16_medium_s123 --model ""openai/gpt-oss-20b"" --task gsm8k --loss importance_sampling --seed 123 --group-size 16 --lr 1e-05 --steps 30 --rank 32 --difficulty medium --clip-low 0.2 --clip-high 0.2 --importance-level token --dynamic-sampling false --out /Users/arvind/Developer/tinker-rl-lab/experiments/tinker-runs/results/audit_trl_gpt-oss-20b_G16_medium_s123.json"
audit_trl_gpt-oss-20b_G16_easy_s123,audit,TRL,gpt-oss-20b,failed,2026-06-14T16:10:05.149348+00:00,2026-06-14T16:10:05.232202+00:00,2,/Users/arvind/Developer/tinker-rl-lab/experiments/tinker-runs/results/audit_trl_gpt-oss-20b_G16_easy_s123.json,"python3 /Users/arvind/Developer/tinker-rl-lab/experiments/tinker-runs/cell_runner.py --tag audit_trl_gpt-oss-20b_G16_easy_s123 --model ""openai/gpt-oss-20b"" --task gsm8k --loss importance_sampling --seed 123 --group-size 16 --lr 1e-05 --steps 30 --rank 32 --difficulty easy --clip-low 0.2 --clip-high 0.2 --importance-level token --dynamic-sampling false --out /Users/arvind/Developer/tinker-rl-lab/experiments/tinker-runs/results/audit_trl_gpt-oss-20b_G16_easy_s123.json"
audit_trl_gpt-oss-20b_G4_easy_s456,audit,TRL,gpt-oss-20b,failed,2026-06-14T16:10:05.232327+00:00,2026-06-14T16:10:05.307674+00:00,2,/Users/arvind/Developer/tinker-rl-lab/experiments/tinker-runs/results/audit_trl_gpt-oss-20b_G4_easy_s456.json,"python3 /Users/arvind/Developer/tinker-rl-lab/experiments/tinker-runs/cell_runner.py --tag audit_trl_gpt-oss-20b_G4_easy_s456 --model ""openai/gpt-oss-20b"" --task gsm8k --loss importance_sampling --seed 456 --group-size 4 --lr 1e-05 --steps 30 --rank 32 --difficulty easy --clip-low 0.2 --clip-high 0.2 --importance-level token --dynamic-sampling false --out /Users/arvind/Developer/tinker-rl-lab/experiments/tinker-runs/results/audit_trl_gpt-oss-20b_G4_easy_s456.json"
audit_trl_gpt-oss-20b_G2_medium_s456,audit,TRL,gpt-oss-20b,failed,2026-06-14T16:10:05.230034+00:00,2026-06-14T16:10:05.307789+00:00,2,/Users/arvind/Developer/tinker-rl-lab/experiments/tinker-runs/results/audit_trl_gpt-oss-20b_G2_medium_s456.json,"python3 /Users/arvind/Developer/tinker-rl-lab/experiments/tinker-runs/cell_runner.py --tag audit_trl_gpt-oss-20b_G2_medium_s456 --model ""openai/gpt-oss-20b"" --task gsm8k --loss importance_sampling --seed 456 --group-size 2 --lr 1e-05 --steps 30 --rank 32 --difficulty medium --clip-low 0.2 --clip-high 0.2 --importance-level token --dynamic-sampling false --out /Users/arvind/Developer/tinker-rl-lab/experiments/tinker-runs/results/audit_trl_gpt-oss-20b_G2_medium_s456.json"
audit_trl_gpt-oss-20b_G2_hard_s456,audit,TRL,gpt-oss-20b,failed,2026-06-14T16:10:05.231101+00:00,2026-06-14T16:10:05.307998+00:00,2,/Users/arvind/Developer/tinker-rl-lab/experiments/tinker-runs/results/audit_trl_gpt-oss-20b_G2_hard_s456.json,"python3 /Users/arvind/Developer/tinker-rl-lab/experiments/tinker-runs/cell_runner.py --tag audit_trl_gpt-oss-20b_G2_hard_s456 --model ""openai/gpt-oss-20b"" --task gsm8k --loss importance_sampling --seed 456 --group-size 2 --lr 1e-05 --steps 30 --rank 32 --difficulty hard --clip-low 0.2 --clip-high 0.2 --importance-level token --dynamic-sampling false --out /Users/arvind/Developer/tinker-rl-lab/experiments/tinker-runs/results/audit_trl_gpt-oss-20b_G2_hard_s456.json"
audit_trl_gpt-oss-20b_G2_easy_s456,audit,TRL,gpt-oss-20b,failed,2026-06-14T16:10:05.225694+00:00,2026-06-14T16:10:05.310309+00:00,2,/Users/arvind/Developer/tinker-rl-lab/experiments/tinker-runs/results/audit_trl_gpt-oss-20b_G2_easy_s456.json,"python3 /Users/arvind/Developer/tinker-rl-lab/experiments/tinker-runs/cell_runner.py --tag audit_trl_gpt-oss-20b_G2_easy_s456 --model ""openai/gpt-oss-20b"" --task gsm8k --loss importance_sampling --seed 456 --group-size 2 --lr 1e-05 --steps 30 --rank 32 --difficulty easy --clip-low 0.2 --clip-high 0.2 --importance-level token --dynamic-sampling false --out /Users/arvind/Developer/tinker-rl-lab/experiments/tinker-runs/results/audit_trl_gpt-oss-20b_G2_easy_s456.json"
audit_trl_gpt-oss-20b_G8_easy_s456,audit,TRL,gpt-oss-20b,failed,2026-06-14T16:10:05.308018+00:00,2026-06-14T16:10:05.388545+00:00,2,/Users/arvind/Developer/tinker-rl-lab/experiments/tinker-runs/results/audit_trl_gpt-oss-20b_G8_easy_s456.json,"python3 /Users/arvind/Developer/tinker-rl-lab/experiments/tinker-runs/cell_runner.py --tag audit_trl_gpt-oss-20b_G8_easy_s456 --model ""openai/gpt-oss-20b"" --task gsm8k --loss importance_sampling --seed 456 --group-size 8 --lr 1e-05 --steps 30 --rank 32 --difficulty easy --clip-low 0.2 --clip-high 0.2 --importance-level token --dynamic-sampling false --out /Users/arvind/Developer/tinker-rl-lab/experiments/tinker-runs/results/audit_trl_gpt-oss-20b_G8_easy_s456.json"
audit_trl_gpt-oss-20b_G4_hard_s456,audit,TRL,gpt-oss-20b,failed,2026-06-14T16:10:05.307823+00:00,2026-06-14T16:10:05.388668+00:00,2,/Users/arvind/Developer/tinker-rl-lab/experiments/tinker-runs/results/audit_trl_gpt-oss-20b_G4_hard_s456.json,"python3 /Users/arvind/Developer/tinker-rl-lab/experiments/tinker-runs/cell_runner.py --tag audit_trl_gpt-oss-20b_G4_hard_s456 --model ""openai/gpt-oss-20b"" --task gsm8k --loss importance_sampling --seed 456 --group-size 4 --lr 1e-05 --steps 30 --rank 32 --difficulty hard --clip-low 0.2 --clip-high 0.2 --importance-level token --dynamic-sampling false --out /Users/arvind/Developer/tinker-rl-lab/experiments/tinker-runs/results/audit_trl_gpt-oss-20b_G4_hard_s456.json"
audit_trl_gpt-oss-20b_G8_medium_s456,audit,TRL,gpt-oss-20b,failed,2026-06-14T16:10:05.310464+00:00,2026-06-14T16:10:05.390981+00:00,2,/Users/arvind/Developer/tinker-rl-lab/experiments/tinker-runs/results/audit_trl_gpt-oss-20b_G8_medium_s456.json,"python3 /Users/arvind/Developer/tinker-rl-lab/experiments/tinker-runs/cell_runner.py --tag audit_trl_gpt-oss-20b_G8_medium_s456 --model ""openai/gpt-oss-20b"" --task gsm8k --loss importance_sampling --seed 456 --group-size 8 --lr 1e-05 --steps 30 --rank 32 --difficulty medium --clip-low 0.2 --clip-high 0.2 --importance-level token --dynamic-sampling false --out /Users/arvind/Developer/tinker-rl-lab/experiments/tinker-runs/results/audit_trl_gpt-oss-20b_G8_medium_s456.json"
audit_trl_gpt-oss-20b_G4_medium_s456,audit,TRL,gpt-oss-20b,failed,2026-06-14T16:10:05.307740+00:00,2026-06-14T16:10:05.393869+00:00,2,/Users/arvind/Developer/tinker-rl-lab/experiments/tinker-runs/results/audit_trl_gpt-oss-20b_G4_medium_s456.json,"python3 /Users/arvind/Developer/tinker-rl-lab/experiments/tinker-runs/cell_runner.py --tag audit_trl_gpt-oss-20b_G4_medium_s456 --model ""openai/gpt-oss-20b"" --task gsm8k --loss importance_sampling --seed 456 --group-size 4 --lr 1e-05 --steps 30 --rank 32 --difficulty medium --clip-low 0.2 --clip-high 0.2 --importance-level token --dynamic-sampling false --out /Users/arvind/Developer/tinker-rl-lab/experiments/tinker-runs/results/audit_trl_gpt-oss-20b_G4_medium_s456.json"
audit_trl_gpt-oss-20b_G8_hard_s456,audit,TRL,gpt-oss-20b,failed,2026-06-14T16:10:05.388624+00:00,2026-06-14T16:10:05.463483+00:00,2,/Users/arvind/Developer/tinker-rl-lab/experiments/tinker-runs/results/audit_trl_gpt-oss-20b_G8_hard_s456.json,"python3 /Users/arvind/Developer/tinker-rl-lab/experiments/tinker-runs/cell_runner.py --tag audit_trl_gpt-oss-20b_G8_hard_s456 --model ""openai/gpt-oss-20b"" --task gsm8k --loss importance_sampling --seed 456 --group-size 8 --lr 1e-05 --steps 30 --rank 32 --difficulty hard --clip-low 0.2 --clip-high 0.2 --importance-level token --dynamic-sampling false --out /Users/arvind/Developer/tinker-rl-lab/experiments/tinker-runs/results/audit_trl_gpt-oss-20b_G8_hard_s456.json"
audit_trl_gpt-oss-20b_G16_easy_s456,audit,TRL,gpt-oss-20b,failed,2026-06-14T16:10:05.388682+00:00,2026-06-14T16:10:05.470285+00:00,2,/Users/arvind/Developer/tinker-rl-lab/experiments/tinker-runs/results/audit_trl_gpt-oss-20b_G16_easy_s456.json,"python3 /Users/arvind/Developer/tinker-rl-lab/experiments/tinker-runs/cell_runner.py --tag audit_trl_gpt-oss-20b_G16_easy_s456 --model ""openai/gpt-oss-20b"" --task gsm8k --loss importance_sampling --seed 456 --group-size 16 --lr 1e-05 --steps 30 --rank 32 --difficulty easy --clip-low 0.2 --clip-high 0.2 --importance-level token --dynamic-sampling false --out /Users/arvind/Developer/tinker-rl-lab/experiments/tinker-runs/results/audit_trl_gpt-oss-20b_G16_easy_s456.json"
audit_trl_gpt-oss-20b_G16_medium_s456,audit,TRL,gpt-oss-20b,failed,2026-06-14T16:10:05.391120+00:00,2026-06-14T16:10:05.471391+00:00,2,/Users/arvind/Developer/tinker-rl-lab/experiments/tinker-runs/results/audit_trl_gpt-oss-20b_G16_medium_s456.json,"python3 /Users/arvind/Developer/tinker-rl-lab/experiments/tinker-runs/cell_runner.py --tag audit_trl_gpt-oss-20b_G16_medium_s456 --model ""openai/gpt-oss-20b"" --task gsm8k --loss importance_sampling --seed 456 --group-size 16 --lr 1e-05 --steps 30 --rank 32 --difficulty medium --clip-low 0.2 --clip-high 0.2 --importance-level token --dynamic-sampling false --out /Users/arvind/Developer/tinker-rl-lab/experiments/tinker-runs/results/audit_trl_gpt-oss-20b_G16_medium_s456.json"
audit_trl_gpt-oss-20b_G16_hard_s456,audit,TRL,gpt-oss-20b,failed,2026-06-14T16:10:05.393941+00:00,2026-06-14T16:10:05.471643+00:00,2,/Users/arvind/Developer/tinker-rl-lab/experiments/tinker-runs/results/audit_trl_gpt-oss-20b_G16_hard_s456.json,"python3 /Users/arvind/Developer/tinker-rl-lab/experiments/tinker-runs/cell_runner.py --tag audit_trl_gpt-oss-20b_G16_hard_s456 --model ""openai/gpt-oss-20b"" --task gsm8k --loss importance_sampling --seed 456 --group-size 16 --lr 1e-05 --steps 30 --rank 32 --difficulty hard --clip-low 0.2 --clip-high 0.2 --importance-level token --dynamic-sampling false --out /Users/arvind/Developer/tinker-rl-lab/experiments/tinker-runs/results/audit_trl_gpt-oss-20b_G16_hard_s456.json"
audit_trl_gpt-oss-20b_G2_easy_s789,audit,TRL,gpt-oss-20b,failed,2026-06-14T16:10:05.463549+00:00,2026-06-14T16:10:05.540789+00:00,2,/Users/arvind/Developer/tinker-rl-lab/experiments/tinker-runs/results/audit_trl_gpt-oss-20b_G2_easy_s789.json,"python3 /Users/arvind/Developer/tinker-rl-lab/experiments/tinker-runs/cell_runner.py --tag audit_trl_gpt-oss-20b_G2_easy_s789 --model ""openai/gpt-oss-20b"" --task gsm8k --loss importance_sampling --seed 789 --group-size 2 --lr 1e-05 --steps 30 --rank 32 --difficulty easy --clip-low 0.2 --clip-high 0.2 --importance-level token --dynamic-sampling false --out /Users/arvind/Developer/tinker-rl-lab/experiments/tinker-runs/results/audit_trl_gpt-oss-20b_G2_easy_s789.json"
audit_trl_gpt-oss-20b_G2_hard_s789,audit,TRL,gpt-oss-20b,failed,2026-06-14T16:10:05.471546+00:00,2026-06-14T16:10:05.547765+00:00,2,/Users/arvind/Developer/tinker-rl-lab/experiments/tinker-runs/results/audit_trl_gpt-oss-20b_G2_hard_s789.json,"python3 /Users/arvind/Developer/tinker-rl-lab/experiments/tinker-runs/cell_runner.py --tag audit_trl_gpt-oss-20b_G2_hard_s789 --model ""openai/gpt-oss-20b"" --task gsm8k --loss importance_sampling --seed 789 --group-size 2 --lr 1e-05 --steps 30 --rank 32 --difficulty hard --clip-low 0.2 --clip-high 0.2 --importance-level token --dynamic-sampling false --out /Users/arvind/Developer/tinker-rl-lab/experiments/tinker-runs/results/audit_trl_gpt-oss-20b_G2_hard_s789.json"
audit_trl_gpt-oss-20b_G2_medium_s789,audit,TRL,gpt-oss-20b,failed,2026-06-14T16:10:05.470347+00:00,2026-06-14T16:10:05.551867+00:00,2,/Users/arvind/Developer/tinker-rl-lab/experiments/tinker-runs/results/audit_trl_gpt-oss-20b_G2_medium_s789.json,"python3 /Users/arvind/Developer/tinker-rl-lab/experiments/tinker-runs/cell_runner.py --tag audit_trl_gpt-oss-20b_G2_medium_s789 --model ""openai/gpt-oss-20b"" --task gsm8k --loss importance_sampling --seed 789 --group-size 2 --lr 1e-05 --steps 30 --rank 32 --difficulty medium --clip-low 0.2 --clip-high 0.2 --importance-level token --dynamic-sampling false --out /Users/arvind/Developer/tinker-rl-lab/experiments/tinker-runs/results/audit_trl_gpt-oss-20b_G2_medium_s789.json"
audit_trl_gpt-oss-20b_G4_easy_s789,audit,TRL,gpt-oss-20b,failed,2026-06-14T16:10:05.471659+00:00,2026-06-14T16:10:05.552990+00:00,2,/Users/arvind/Developer/tinker-rl-lab/experiments/tinker-runs/results/audit_trl_gpt-oss-20b_G4_easy_s789.json,"python3 /Users/arvind/Developer/tinker-rl-lab/experiments/tinker-runs/cell_runner.py --tag audit_trl_gpt-oss-20b_G4_easy_s789 --model ""openai/gpt-oss-20b"" --task gsm8k --loss importance_sampling --seed 789 --group-size 4 --lr 1e-05 --steps 30 --rank 32 --difficulty easy --clip-low 0.2 --clip-high 0.2 --importance-level token --dynamic-sampling false --out /Users/arvind/Developer/tinker-rl-lab/experiments/tinker-runs/results/audit_trl_gpt-oss-20b_G4_easy_s789.json"
audit_trl_gpt-oss-20b_G4_medium_s789,audit,TRL,gpt-oss-20b,failed,2026-06-14T16:10:05.540903+00:00,2026-06-14T16:10:05.619682+00:00,2,/Users/arvind/Developer/tinker-rl-lab/experiments/tinker-runs/results/audit_trl_gpt-oss-20b_G4_medium_s789.json,"python3 /Users/arvind/Developer/tinker-rl-lab/experiments/tinker-runs/cell_runner.py --tag audit_trl_gpt-oss-20b_G4_medium_s789 --model ""openai/gpt-oss-20b"" --task gsm8k --loss importance_sampling --seed 789 --group-size 4 --lr 1e-05 --steps 30 --rank 32 --difficulty medium --clip-low 0.2 --clip-high 0.2 --importance-level token --dynamic-sampling false --out /Users/arvind/Developer/tinker-rl-lab/experiments/tinker-runs/results/audit_trl_gpt-oss-20b_G4_medium_s789.json"
audit_trl_gpt-oss-20b_G4_hard_s789,audit,TRL,gpt-oss-20b,failed,2026-06-14T16:10:05.547850+00:00,2026-06-14T16:10:05.627941+00:00,2,/Users/arvind/Developer/tinker-rl-lab/experiments/tinker-runs/results/audit_trl_gpt-oss-20b_G4_hard_s789.json,"python3 /Users/arvind/Developer/tinker-rl-lab/experiments/tinker-runs/cell_runner.py --tag audit_trl_gpt-oss-20b_G4_hard_s789 --model ""openai/gpt-oss-20b"" --task gsm8k --loss importance_sampling --seed 789 --group-size 4 --lr 1e-05 --steps 30 --rank 32 --difficulty hard --clip-low 0.2 --clip-high 0.2 --importance-level token --dynamic-sampling false --out /Users/arvind/Developer/tinker-rl-lab/experiments/tinker-runs/results/audit_trl_gpt-oss-20b_G4_hard_s789.json"
audit_trl_gpt-oss-20b_G8_medium_s789,audit,TRL,gpt-oss-20b,failed,2026-06-14T16:10:05.553142+00:00,2026-06-14T16:10:05.628018+00:00,2,/Users/arvind/Developer/tinker-rl-lab/experiments/tinker-runs/results/audit_trl_gpt-oss-20b_G8_medium_s789.json,"python3 /Users/arvind/Developer/tinker-rl-lab/experiments/tinker-runs/cell_runner.py --tag audit_trl_gpt-oss-20b_G8_medium_s789 --model ""openai/gpt-oss-20b"" --task gsm8k --loss importance_sampling --seed 789 --group-size 8 --lr 1e-05 --steps 30 --rank 32 --difficulty medium --clip-low 0.2 --clip-high 0.2 --importance-level token --dynamic-sampling false --out /Users/arvind/Developer/tinker-rl-lab/experiments/tinker-runs/results/audit_trl_gpt-oss-20b_G8_medium_s789.json"
audit_trl_gpt-oss-20b_G8_easy_s789,audit,TRL,gpt-oss-20b,failed,2026-06-14T16:10:05.551928+00:00,2026-06-14T16:10:05.631944+00:00,2,/Users/arvind/Developer/tinker-rl-lab/experiments/tinker-runs/results/audit_trl_gpt-oss-20b_G8_easy_s789.json,"python3 /Users/arvind/Developer/tinker-rl-lab/experiments/tinker-runs/cell_runner.py --tag audit_trl_gpt-oss-20b_G8_easy_s789 --model ""openai/gpt-oss-20b"" --task gsm8k --loss importance_sampling --seed 789 --group-size 8 --lr 1e-05 --steps 30 --rank 32 --difficulty easy --clip-low 0.2 --clip-high 0.2 --importance-level token --dynamic-sampling false --out /Users/arvind/Developer/tinker-rl-lab/experiments/tinker-runs/results/audit_trl_gpt-oss-20b_G8_easy_s789.json"
audit_trl_gpt-oss-20b_G8_hard_s789,audit,TRL,gpt-oss-20b,failed,2026-06-14T16:10:05.619768+00:00,2026-06-14T16:10:05.700120+00:00,2,/Users/arvind/Developer/tinker-rl-lab/experiments/tinker-runs/results/audit_trl_gpt-oss-20b_G8_hard_s789.json,"python3 /Users/arvind/Developer/tinker-rl-lab/experiments/tinker-runs/cell_runner.py --tag audit_trl_gpt-oss-20b_G8_hard_s789 --model ""openai/gpt-oss-20b"" --task gsm8k --loss importance_sampling --seed 789 --group-size 8 --lr 1e-05 --steps 30 --rank 32 --difficulty hard --clip-low 0.2 --clip-high 0.2 --importance-level token --dynamic-sampling false --out /Users/arvind/Developer/tinker-rl-lab/experiments/tinker-runs/results/audit_trl_gpt-oss-20b_G8_hard_s789.json"
audit_trl_gpt-oss-20b_G16_easy_s789,audit,TRL,gpt-oss-20b,failed,2026-06-14T16:10:05.627995+00:00,2026-06-14T16:10:05.708262+00:00,2,/Users/arvind/Developer/tinker-rl-lab/experiments/tinker-runs/results/audit_trl_gpt-oss-20b_G16_easy_s789.json,"python3 /Users/arvind/Developer/tinker-rl-lab/experiments/tinker-runs/cell_runner.py --tag audit_trl_gpt-oss-20b_G16_easy_s789 --model ""openai/gpt-oss-20b"" --task gsm8k --loss importance_sampling --seed 789 --group-size 16 --lr 1e-05 --steps 30 --rank 32 --difficulty easy --clip-low 0.2 --clip-high 0.2 --importance-level token --dynamic-sampling false --out /Users/arvind/Developer/tinker-rl-lab/experiments/tinker-runs/results/audit_trl_gpt-oss-20b_G16_easy_s789.json"
audit_trl_gpt-oss-20b_G16_medium_s789,audit,TRL,gpt-oss-20b,failed,2026-06-14T16:10:05.628037+00:00,2026-06-14T16:10:05.709818+00:00,2,/Users/arvind/Developer/tinker-rl-lab/experiments/tinker-runs/results/audit_trl_gpt-oss-20b_G16_medium_s789.json,"python3 /Users/arvind/Developer/tinker-rl-lab/experiments/tinker-runs/cell_runner.py --tag audit_trl_gpt-oss-20b_G16_medium_s789 --model ""openai/gpt-oss-20b"" --task gsm8k --loss importance_sampling --seed 789 --group-size 16 --lr 1e-05 --steps 30 --rank 32 --difficulty medium --clip-low 0.2 --clip-high 0.2 --importance-level token --dynamic-sampling false --out /Users/arvind/Developer/tinker-rl-lab/experiments/tinker-runs/results/audit_trl_gpt-oss-20b_G16_medium_s789.json"
audit_trl_gpt-oss-20b_G16_hard_s789,audit,TRL,gpt-oss-20b,failed,2026-06-14T16:10:05.632028+00:00,2026-06-14T16:10:05.713428+00:00,2,/Users/arvind/Developer/tinker-rl-lab/experiments/tinker-runs/results/audit_trl_gpt-oss-20b_G16_hard_s789.json,"python3 /Users/arvind/Developer/tinker-rl-lab/experiments/tinker-runs/cell_runner.py --tag audit_trl_gpt-oss-20b_G16_hard_s789 --model ""openai/gpt-oss-20b"" --task gsm8k --loss importance_sampling --seed 789 --group-size 16 --lr 1e-05 --steps 30 --rank 32 --difficulty hard --clip-low 0.2 --clip-high 0.2 --importance-level token --dynamic-sampling false --out /Users/arvind/Developer/tinker-rl-lab/experiments/tinker-runs/results/audit_trl_gpt-oss-20b_G16_hard_s789.json"
audit_trl_gpt-oss-20b_G2_easy_s1024,audit,TRL,gpt-oss-20b,failed,2026-06-14T16:10:05.700195+00:00,2026-06-14T16:10:05.779590+00:00,2,/Users/arvind/Developer/tinker-rl-lab/experiments/tinker-runs/results/audit_trl_gpt-oss-20b_G2_easy_s1024.json,"python3 /Users/arvind/Developer/tinker-rl-lab/experiments/tinker-runs/cell_runner.py --tag audit_trl_gpt-oss-20b_G2_easy_s1024 --model ""openai/gpt-oss-20b"" --task gsm8k --loss importance_sampling --seed 1024 --group-size 2 --lr 1e-05 --steps 30 --rank 32 --difficulty easy --clip-low 0.2 --clip-high 0.2 --importance-level token --dynamic-sampling false --out /Users/arvind/Developer/tinker-rl-lab/experiments/tinker-runs/results/audit_trl_gpt-oss-20b_G2_easy_s1024.json"
audit_trl_gpt-oss-20b_G2_hard_s1024,audit,TRL,gpt-oss-20b,failed,2026-06-14T16:10:05.710031+00:00,2026-06-14T16:10:05.790954+00:00,2,/Users/arvind/Developer/tinker-rl-lab/experiments/tinker-runs/results/audit_trl_gpt-oss-20b_G2_hard_s1024.json,"python3 /Users/arvind/Developer/tinker-rl-lab/experiments/tinker-runs/cell_runner.py --tag audit_trl_gpt-oss-20b_G2_hard_s1024 --model ""openai/gpt-oss-20b"" --task gsm8k --loss importance_sampling --seed 1024 --group-size 2 --lr 1e-05 --steps 30 --rank 32 --difficulty hard --clip-low 0.2 --clip-high 0.2 --importance-level token --dynamic-sampling false --out /Users/arvind/Developer/tinker-rl-lab/experiments/tinker-runs/results/audit_trl_gpt-oss-20b_G2_hard_s1024.json"
audit_trl_gpt-oss-20b_G2_medium_s1024,audit,TRL,gpt-oss-20b,failed,2026-06-14T16:10:05.708311+00:00,2026-06-14T16:10:05.791059+00:00,2,/Users/arvind/Developer/tinker-rl-lab/experiments/tinker-runs/results/audit_trl_gpt-oss-20b_G2_medium_s1024.json,"python3 /Users/arvind/Developer/tinker-rl-lab/experiments/tinker-runs/cell_runner.py --tag audit_trl_gpt-oss-20b_G2_medium_s1024 --model ""openai/gpt-oss-20b"" --task gsm8k --loss importance_sampling --seed 1024 --group-size 2 --lr 1e-05 --steps 30 --rank 32 --difficulty medium --clip-low 0.2 --clip-high 0.2 --importance-level token --dynamic-sampling false --out /Users/arvind/Developer/tinker-rl-lab/experiments/tinker-runs/results/audit_trl_gpt-oss-20b_G2_medium_s1024.json"
audit_trl_gpt-oss-20b_G4_easy_s1024,audit,TRL,gpt-oss-20b,failed,2026-06-14T16:10:05.713497+00:00,2026-06-14T16:10:05.792500+00:00,2,/Users/arvind/Developer/tinker-rl-lab/experiments/tinker-runs/results/audit_trl_gpt-oss-20b_G4_easy_s1024.json,"python3 /Users/arvind/Developer/tinker-rl-lab/experiments/tinker-runs/cell_runner.py --tag audit_trl_gpt-oss-20b_G4_easy_s1024 --model ""openai/gpt-oss-20b"" --task gsm8k --loss importance_sampling --seed 1024 --group-size 4 --lr 1e-05 --steps 30 --rank 32 --difficulty easy --clip-low 0.2 --clip-high 0.2 --importance-level token --dynamic-sampling false --out /Users/arvind/Developer/tinker-rl-lab/experiments/tinker-runs/results/audit_trl_gpt-oss-20b_G4_easy_s1024.json"
audit_trl_gpt-oss-20b_G4_medium_s1024,audit,TRL,gpt-oss-20b,failed,2026-06-14T16:10:05.779686+00:00,2026-06-14T16:10:05.857649+00:00,2,/Users/arvind/Developer/tinker-rl-lab/experiments/tinker-runs/results/audit_trl_gpt-oss-20b_G4_medium_s1024.json,"python3 /Users/arvind/Developer/tinker-rl-lab/experiments/tinker-runs/cell_runner.py --tag audit_trl_gpt-oss-20b_G4_medium_s1024 --model ""openai/gpt-oss-20b"" --task gsm8k --loss importance_sampling --seed 1024 --group-size 4 --lr 1e-05 --steps 30 --rank 32 --difficulty medium --clip-low 0.2 --clip-high 0.2 --importance-level token --dynamic-sampling false --out /Users/arvind/Developer/tinker-rl-lab/experiments/tinker-runs/results/audit_trl_gpt-oss-20b_G4_medium_s1024.json"
audit_trl_gpt-oss-20b_G8_easy_s1024,audit,TRL,gpt-oss-20b,failed,2026-06-14T16:10:05.791069+00:00,2026-06-14T16:10:05.866903+00:00,2,/Users/arvind/Developer/tinker-rl-lab/experiments/tinker-runs/results/audit_trl_gpt-oss-20b_G8_easy_s1024.json,"python3 /Users/arvind/Developer/tinker-rl-lab/experiments/tinker-runs/cell_runner.py --tag audit_trl_gpt-oss-20b_G8_easy_s1024 --model ""openai/gpt-oss-20b"" --task gsm8k --loss importance_sampling --seed 1024 --group-size 8 --lr 1e-05 --steps 30 --rank 32 --difficulty easy --clip-low 0.2 --clip-high 0.2 --importance-level token --dynamic-sampling false --out /Users/arvind/Developer/tinker-rl-lab/experiments/tinker-runs/results/audit_trl_gpt-oss-20b_G8_easy_s1024.json"
audit_trl_gpt-oss-20b_G8_medium_s1024,audit,TRL,gpt-oss-20b,failed,2026-06-14T16:10:05.792622+00:00,2026-06-14T16:10:05.870786+00:00,2,/Users/arvind/Developer/tinker-rl-lab/experiments/tinker-runs/results/audit_trl_gpt-oss-20b_G8_medium_s1024.json,"python3 /Users/arvind/Developer/tinker-rl-lab/experiments/tinker-runs/cell_runner.py --tag audit_trl_gpt-oss-20b_G8_medium_s1024 --model ""openai/gpt-oss-20b"" --task gsm8k --loss importance_sampling --seed 1024 --group-size 8 --lr 1e-05 --steps 30 --rank 32 --difficulty medium --clip-low 0.2 --clip-high 0.2 --importance-level token --dynamic-sampling false --out /Users/arvind/Developer/tinker-rl-lab/experiments/tinker-runs/results/audit_trl_gpt-oss-20b_G8_medium_s1024.json"
audit_trl_gpt-oss-20b_G4_hard_s1024,audit,TRL,gpt-oss-20b,failed,2026-06-14T16:10:05.791018+00:00,2026-06-14T16:10:05.871968+00:00,2,/Users/arvind/Developer/tinker-rl-lab/experiments/tinker-runs/results/audit_trl_gpt-oss-20b_G4_hard_s1024.json,"python3 /Users/arvind/Developer/tinker-rl-lab/experiments/tinker-runs/cell_runner.py --tag audit_trl_gpt-oss-20b_G4_hard_s1024 --model ""openai/gpt-oss-20b"" --task gsm8k --loss importance_sampling --seed 1024 --group-size 4 --lr 1e-05 --steps 30 --rank 32 --difficulty hard --clip-low 0.2 --clip-high 0.2 --importance-level token --dynamic-sampling false --out /Users/arvind/Developer/tinker-rl-lab/experiments/tinker-runs/results/audit_trl_gpt-oss-20b_G4_hard_s1024.json"
audit_trl_gpt-oss-20b_G8_hard_s1024,audit,TRL,gpt-oss-20b,failed,2026-06-14T16:10:05.857729+00:00,2026-06-14T16:10:05.940718+00:00,2,/Users/arvind/Developer/tinker-rl-lab/experiments/tinker-runs/results/audit_trl_gpt-oss-20b_G8_hard_s1024.json,"python3 /Users/arvind/Developer/tinker-rl-lab/experiments/tinker-runs/cell_runner.py --tag audit_trl_gpt-oss-20b_G8_hard_s1024 --model ""openai/gpt-oss-20b"" --task gsm8k --loss importance_sampling --seed 1024 --group-size 8 --lr 1e-05 --steps 30 --rank 32 --difficulty hard --clip-low 0.2 --clip-high 0.2 --importance-level token --dynamic-sampling false --out /Users/arvind/Developer/tinker-rl-lab/experiments/tinker-runs/results/audit_trl_gpt-oss-20b_G8_hard_s1024.json"
audit_trl_gpt-oss-20b_G16_easy_s1024,audit,TRL,gpt-oss-20b,failed,2026-06-14T16:10:05.866981+00:00,2026-06-14T16:10:05.942363+00:00,2,/Users/arvind/Developer/tinker-rl-lab/experiments/tinker-runs/results/audit_trl_gpt-oss-20b_G16_easy_s1024.json,"python3 /Users/arvind/Developer/tinker-rl-lab/experiments/tinker-runs/cell_runner.py --tag audit_trl_gpt-oss-20b_G16_easy_s1024 --model ""openai/gpt-oss-20b"" --task gsm8k --loss importance_sampling --seed 1024 --group-size 16 --lr 1e-05 --steps 30 --rank 32 --difficulty easy --clip-low 0.2 --clip-high 0.2 --importance-level token --dynamic-sampling false --out /Users/arvind/Developer/tinker-rl-lab/experiments/tinker-runs/results/audit_trl_gpt-oss-20b_G16_easy_s1024.json"
audit_trl_gpt-oss-20b_G16_hard_s1024,audit,TRL,gpt-oss-20b,failed,2026-06-14T16:10:05.872113+00:00,2026-06-14T16:10:05.950070+00:00,2,/Users/arvind/Developer/tinker-rl-lab/experiments/tinker-runs/results/audit_trl_gpt-oss-20b_G16_hard_s1024.json,"python3 /Users/arvind/Developer/tinker-rl-lab/experiments/tinker-runs/cell_runner.py --tag audit_trl_gpt-oss-20b_G16_hard_s1024 --model ""openai/gpt-oss-20b"" --task gsm8k --loss importance_sampling --seed 1024 --group-size 16 --lr 1e-05 --steps 30 --rank 32 --difficulty hard --clip-low 0.2 --clip-high 0.2 --importance-level token --dynamic-sampling false --out /Users/arvind/Developer/tinker-rl-lab/experiments/tinker-runs/results/audit_trl_gpt-oss-20b_G16_hard_s1024.json"
audit_trl_gpt-oss-20b_G16_medium_s1024,audit,TRL,gpt-oss-20b,failed,2026-06-14T16:10:05.870873+00:00,2026-06-14T16:10:05.950139+00:00,2,/Users/arvind/Developer/tinker-rl-lab/experiments/tinker-runs/results/audit_trl_gpt-oss-20b_G16_medium_s1024.json,"python3 /Users/arvind/Developer/tinker-rl-lab/experiments/tinker-runs/cell_runner.py --tag audit_trl_gpt-oss-20b_G16_medium_s1024 --model ""openai/gpt-oss-20b"" --task gsm8k --loss importance_sampling --seed 1024 --group-size 16 --lr 1e-05 --steps 30 --rank 32 --difficulty medium --clip-low 0.2 --clip-high 0.2 --importance-level token --dynamic-sampling false --out /Users/arvind/Developer/tinker-rl-lab/experiments/tinker-runs/results/audit_trl_gpt-oss-20b_G16_medium_s1024.json"
audit_trl_gpt-oss-120b_G8_medium_s42,audit,TRL,gpt-oss-120b,failed,2026-06-14T16:10:05.940822+00:00,2026-06-14T16:10:06.019620+00:00,2,/Users/arvind/Developer/tinker-rl-lab/experiments/tinker-runs/results/audit_trl_gpt-oss-120b_G8_medium_s42.json,"python3 /Users/arvind/Developer/tinker-rl-lab/experiments/tinker-runs/cell_runner.py --tag audit_trl_gpt-oss-120b_G8_medium_s42 --model ""openai/gpt-oss-120b"" --task gsm8k --loss importance_sampling --seed 42 --group-size 8 --lr 1e-05 --steps 20 --rank 16 --difficulty medium --clip-low 0.2 --clip-high 0.2 --importance-level token --dynamic-sampling false --out /Users/arvind/Developer/tinker-rl-lab/experiments/tinker-runs/results/audit_trl_gpt-oss-120b_G8_medium_s42.json"
audit_trl_gpt-oss-120b_G8_medium_s123,audit,TRL,gpt-oss-120b,failed,2026-06-14T16:10:05.942535+00:00,2026-06-14T16:10:06.023592+00:00,2,/Users/arvind/Developer/tinker-rl-lab/experiments/tinker-runs/results/audit_trl_gpt-oss-120b_G8_medium_s123.json,"python3 /Users/arvind/Developer/tinker-rl-lab/experiments/tinker-runs/cell_runner.py --tag audit_trl_gpt-oss-120b_G8_medium_s123 --model ""openai/gpt-oss-120b"" --task gsm8k --loss importance_sampling --seed 123 --group-size 8 --lr 1e-05 --steps 20 --rank 16 --difficulty medium --clip-low 0.2 --clip-high 0.2 --importance-level token --dynamic-sampling false --out /Users/arvind/Developer/tinker-rl-lab/experiments/tinker-runs/results/audit_trl_gpt-oss-120b_G8_medium_s123.json"
audit_trl_gpt-oss-120b_G8_medium_s789,audit,TRL,gpt-oss-120b,failed,2026-06-14T16:10:05.950154+00:00,2026-06-14T16:10:06.026992+00:00,2,/Users/arvind/Developer/tinker-rl-lab/experiments/tinker-runs/results/audit_trl_gpt-oss-120b_G8_medium_s789.json,"python3 /Users/arvind/Developer/tinker-rl-lab/experiments/tinker-runs/cell_runner.py --tag audit_trl_gpt-oss-120b_G8_medium_s789 --model ""openai/gpt-oss-120b"" --task gsm8k --loss importance_sampling --seed 789 --group-size 8 --lr 1e-05 --steps 20 --rank 16 --difficulty medium --clip-low 0.2 --clip-high 0.2 --importance-level token --dynamic-sampling false --out /Users/arvind/Developer/tinker-rl-lab/experiments/tinker-runs/results/audit_trl_gpt-oss-120b_G8_medium_s789.json"
audit_trl_gpt-oss-120b_G8_medium_s456,audit,TRL,gpt-oss-120b,failed,2026-06-14T16:10:05.950112+00:00,2026-06-14T16:10:06.029827+00:00,2,/Users/arvind/Developer/tinker-rl-lab/experiments/tinker-runs/results/audit_trl_gpt-oss-120b_G8_medium_s456.json,"python3 /Users/arvind/Developer/tinker-rl-lab/experiments/tinker-runs/cell_runner.py --tag audit_trl_gpt-oss-120b_G8_medium_s456 --model ""openai/gpt-oss-120b"" --task gsm8k --loss importance_sampling --seed 456 --group-size 8 --lr 1e-05 --steps 20 --rank 16 --difficulty medium --clip-low 0.2 --clip-high 0.2 --importance-level token --dynamic-sampling false --out /Users/arvind/Developer/tinker-rl-lab/experiments/tinker-runs/results/audit_trl_gpt-oss-120b_G8_medium_s456.json"
matched_grpo_qwen3-8b_G8_medium_s42,matched,TRL,qwen3-8b,failed,2026-06-14T16:10:06.023649+00:00,2026-06-14T16:10:06.098953+00:00,2,/Users/arvind/Developer/tinker-rl-lab/experiments/tinker-runs/results/matched_grpo_qwen3-8b_G8_medium_s42.json,"python3 /Users/arvind/Developer/tinker-rl-lab/experiments/tinker-runs/cell_runner.py --tag matched_grpo_qwen3-8b_G8_medium_s42 --model ""Qwen/Qwen3-8B"" --task gsm8k --loss grpo --seed 42 --group-size 8 --lr 1e-05 --steps 30 --rank 32 --difficulty medium --clip-low 0.2 --clip-high 0.2 --importance-level token --dynamic-sampling false --out /Users/arvind/Developer/tinker-rl-lab/experiments/tinker-runs/results/matched_grpo_qwen3-8b_G8_medium_s42.json"
matched_grpo_qwen3-8b_G8_medium_s123,matched,TRL,qwen3-8b,failed,2026-06-14T16:10:06.027037+00:00,2026-06-14T16:10:06.100387+00:00,2,/Users/arvind/Developer/tinker-rl-lab/experiments/tinker-runs/results/matched_grpo_qwen3-8b_G8_medium_s123.json,"python3 /Users/arvind/Developer/tinker-rl-lab/experiments/tinker-runs/cell_runner.py --tag matched_grpo_qwen3-8b_G8_medium_s123 --model ""Qwen/Qwen3-8B"" --task gsm8k --loss grpo --seed 123 --group-size 8 --lr 1e-05 --steps 30 --rank 32 --difficulty medium --clip-low 0.2 --clip-high 0.2 --importance-level token --dynamic-sampling false --out /Users/arvind/Developer/tinker-rl-lab/experiments/tinker-runs/results/matched_grpo_qwen3-8b_G8_medium_s123.json"
audit_trl_gpt-oss-120b_G8_medium_s1024,audit,TRL,gpt-oss-120b,failed,2026-06-14T16:10:06.019692+00:00,2026-06-14T16:10:06.103527+00:00,2,/Users/arvind/Developer/tinker-rl-lab/experiments/tinker-runs/results/audit_trl_gpt-oss-120b_G8_medium_s1024.json,"python3 /Users/arvind/Developer/tinker-rl-lab/experiments/tinker-runs/cell_runner.py --tag audit_trl_gpt-oss-120b_G8_medium_s1024 --model ""openai/gpt-oss-120b"" --task gsm8k --loss importance_sampling --seed 1024 --group-size 8 --lr 1e-05 --steps 20 --rank 16 --difficulty medium --clip-low 0.2 --clip-high 0.2 --importance-level token --dynamic-sampling false --out /Users/arvind/Developer/tinker-rl-lab/experiments/tinker-runs/results/audit_trl_gpt-oss-120b_G8_medium_s1024.json"
matched_grpo_qwen3-8b_G8_medium_s456,matched,TRL,qwen3-8b,failed,2026-06-14T16:10:06.030001+00:00,2026-06-14T16:10:06.106632+00:00,2,/Users/arvind/Developer/tinker-rl-lab/experiments/tinker-runs/results/matched_grpo_qwen3-8b_G8_medium_s456.json,"python3 /Users/arvind/Developer/tinker-rl-lab/experiments/tinker-runs/cell_runner.py --tag matched_grpo_qwen3-8b_G8_medium_s456 --model ""Qwen/Qwen3-8B"" --task gsm8k --loss grpo --seed 456 --group-size 8 --lr 1e-05 --steps 30 --rank 32 --difficulty medium --clip-low 0.2 --clip-high 0.2 --importance-level token --dynamic-sampling false --out /Users/arvind/Developer/tinker-rl-lab/experiments/tinker-runs/results/matched_grpo_qwen3-8b_G8_medium_s456.json"
matched_dapo_qwen3-8b_G8_medium_s42,matched,TRL,qwen3-8b,failed,2026-06-14T16:10:06.099037+00:00,2026-06-14T16:10:06.178224+00:00,2,/Users/arvind/Developer/tinker-rl-lab/experiments/tinker-runs/results/matched_dapo_qwen3-8b_G8_medium_s42.json,"python3 /Users/arvind/Developer/tinker-rl-lab/experiments/tinker-runs/cell_runner.py --tag matched_dapo_qwen3-8b_G8_medium_s42 --model ""Qwen/Qwen3-8B"" --task gsm8k --loss dapo --seed 42 --group-size 8 --lr 1e-05 --steps 30 --rank 32 --difficulty medium --clip-low 0.2 --clip-high 0.2 --importance-level token --dynamic-sampling false --out /Users/arvind/Developer/tinker-rl-lab/experiments/tinker-runs/results/matched_dapo_qwen3-8b_G8_medium_s42.json"
matched_dapo_qwen3-8b_G8_medium_s456,matched,TRL,qwen3-8b,failed,2026-06-14T16:10:06.103595+00:00,2026-06-14T16:10:06.181343+00:00,2,/Users/arvind/Developer/tinker-rl-lab/experiments/tinker-runs/results/matched_dapo_qwen3-8b_G8_medium_s456.json,"python3 /Users/arvind/Developer/tinker-rl-lab/experiments/tinker-runs/cell_runner.py --tag matched_dapo_qwen3-8b_G8_medium_s456 --model ""Qwen/Qwen3-8B"" --task gsm8k --loss dapo --seed 456 --group-size 8 --lr 1e-05 --steps 30 --rank 32 --difficulty medium --clip-low 0.2 --clip-high 0.2 --importance-level token --dynamic-sampling false --out /Users/arvind/Developer/tinker-rl-lab/experiments/tinker-runs/results/matched_dapo_qwen3-8b_G8_medium_s456.json"
matched_dapo_qwen3-8b_G8_medium_s123,matched,TRL,qwen3-8b,failed,2026-06-14T16:10:06.100536+00:00,2026-06-14T16:10:06.182607+00:00,2,/Users/arvind/Developer/tinker-rl-lab/experiments/tinker-runs/results/matched_dapo_qwen3-8b_G8_medium_s123.json,"python3 /Users/arvind/Developer/tinker-rl-lab/experiments/tinker-runs/cell_runner.py --tag matched_dapo_qwen3-8b_G8_medium_s123 --model ""Qwen/Qwen3-8B"" --task gsm8k --loss dapo --seed 123 --group-size 8 --lr 1e-05 --steps 30 --rank 32 --difficulty medium --clip-low 0.2 --clip-high 0.2 --importance-level token --dynamic-sampling false --out /Users/arvind/Developer/tinker-rl-lab/experiments/tinker-runs/results/matched_dapo_qwen3-8b_G8_medium_s123.json"
matched_gspo_qwen3-8b_G8_medium_s42,matched,TRL,qwen3-8b,failed,2026-06-14T16:10:06.106737+00:00,2026-06-14T16:10:06.185436+00:00,2,/Users/arvind/Developer/tinker-rl-lab/experiments/tinker-runs/results/matched_gspo_qwen3-8b_G8_medium_s42.json,"python3 /Users/arvind/Developer/tinker-rl-lab/experiments/tinker-runs/cell_runner.py --tag matched_gspo_qwen3-8b_G8_medium_s42 --model ""Qwen/Qwen3-8B"" --task gsm8k --loss gspo --seed 42 --group-size 8 --lr 1e-05 --steps 30 --rank 32 --difficulty medium --clip-low 0.2 --clip-high 0.2 --importance-level token --dynamic-sampling false --out /Users/arvind/Developer/tinker-rl-lab/experiments/tinker-runs/results/matched_gspo_qwen3-8b_G8_medium_s42.json"
matched_gspo_qwen3-8b_G8_medium_s123,matched,TRL,qwen3-8b,failed,2026-06-14T16:10:06.178296+00:00,2026-06-14T16:10:06.258531+00:00,2,/Users/arvind/Developer/tinker-rl-lab/experiments/tinker-runs/results/matched_gspo_qwen3-8b_G8_medium_s123.json,"python3 /Users/arvind/Developer/tinker-rl-lab/experiments/tinker-runs/cell_runner.py --tag matched_gspo_qwen3-8b_G8_medium_s123 --model ""Qwen/Qwen3-8B"" --task gsm8k --loss gspo --seed 123 --group-size 8 --lr 1e-05 --steps 30 --rank 32 --difficulty medium --clip-low 0.2 --clip-high 0.2 --importance-level token --dynamic-sampling false --out /Users/arvind/Developer/tinker-rl-lab/experiments/tinker-runs/results/matched_gspo_qwen3-8b_G8_medium_s123.json"
matched_gspo_qwen3-8b_G8_medium_s456,matched,TRL,qwen3-8b,failed,2026-06-14T16:10:06.181427+00:00,2026-06-14T16:10:06.261636+00:00,2,/Users/arvind/Developer/tinker-rl-lab/experiments/tinker-runs/results/matched_gspo_qwen3-8b_G8_medium_s456.json,"python3 /Users/arvind/Developer/tinker-rl-lab/experiments/tinker-runs/cell_runner.py --tag matched_gspo_qwen3-8b_G8_medium_s456 --model ""Qwen/Qwen3-8B"" --task gsm8k --loss gspo --seed 456 --group-size 8 --lr 1e-05 --steps 30 --rank 32 --difficulty medium --clip-low 0.2 --clip-high 0.2 --importance-level token --dynamic-sampling false --out /Users/arvind/Developer/tinker-rl-lab/experiments/tinker-runs/results/matched_gspo_qwen3-8b_G8_medium_s456.json"
matched_grpo_llama-8b-inst_G8_medium_s42,matched,TRL,llama-8b-inst,failed,2026-06-14T16:10:06.182807+00:00,2026-06-14T16:10:06.262665+00:00,2,/Users/arvind/Developer/tinker-rl-lab/experiments/tinker-runs/results/matched_grpo_llama-8b-inst_G8_medium_s42.json,"python3 /Users/arvind/Developer/tinker-rl-lab/experiments/tinker-runs/cell_runner.py --tag matched_grpo_llama-8b-inst_G8_medium_s42 --model ""meta-llama/Llama-3.1-8B-Instruct"" --task gsm8k --loss grpo --seed 42 --group-size 8 --lr 1e-05 --steps 30 --rank 32 --difficulty medium --clip-low 0.2 --clip-high 0.2 --importance-level token --dynamic-sampling false --out /Users/arvind/Developer/tinker-rl-lab/experiments/tinker-runs/results/matched_grpo_llama-8b-inst_G8_medium_s42.json"
matched_grpo_llama-8b-inst_G8_medium_s123,matched,TRL,llama-8b-inst,failed,2026-06-14T16:10:06.185507+00:00,2026-06-14T16:10:06.264168+00:00,2,/Users/arvind/Developer/tinker-rl-lab/experiments/tinker-runs/results/matched_grpo_llama-8b-inst_G8_medium_s123.json,"python3 /Users/arvind/Developer/tinker-rl-lab/experiments/tinker-runs/cell_runner.py --tag matched_grpo_llama-8b-inst_G8_medium_s123 --model ""meta-llama/Llama-3.1-8B-Instruct"" --task gsm8k --loss grpo --seed 123 --group-size 8 --lr 1e-05 --steps 30 --rank 32 --difficulty medium --clip-low 0.2 --clip-high 0.2 --importance-level token --dynamic-sampling false --out /Users/arvind/Developer/tinker-rl-lab/experiments/tinker-runs/results/matched_grpo_llama-8b-inst_G8_medium_s123.json"
matched_grpo_llama-8b-inst_G8_medium_s456,matched,TRL,llama-8b-inst,failed,2026-06-14T16:10:06.258613+00:00,2026-06-14T16:10:06.339981+00:00,2,/Users/arvind/Developer/tinker-rl-lab/experiments/tinker-runs/results/matched_grpo_llama-8b-inst_G8_medium_s456.json,"python3 /Users/arvind/Developer/tinker-rl-lab/experiments/tinker-runs/cell_runner.py --tag matched_grpo_llama-8b-inst_G8_medium_s456 --model ""meta-llama/Llama-3.1-8B-Instruct"" --task gsm8k --loss grpo --seed 456 --group-size 8 --lr 1e-05 --steps 30 --rank 32 --difficulty medium --clip-low 0.2 --clip-high 0.2 --importance-level token --dynamic-sampling false --out /Users/arvind/Developer/tinker-rl-lab/experiments/tinker-runs/results/matched_grpo_llama-8b-inst_G8_medium_s456.json"
matched_dapo_llama-8b-inst_G8_medium_s123,matched,TRL,llama-8b-inst,failed,2026-06-14T16:10:06.262825+00:00,2026-06-14T16:10:06.344524+00:00,2,/Users/arvind/Developer/tinker-rl-lab/experiments/tinker-runs/results/matched_dapo_llama-8b-inst_G8_medium_s123.json,"python3 /Users/arvind/Developer/tinker-rl-lab/experiments/tinker-runs/cell_runner.py --tag matched_dapo_llama-8b-inst_G8_medium_s123 --model ""meta-llama/Llama-3.1-8B-Instruct"" --task gsm8k --loss dapo --seed 123 --group-size 8 --lr 1e-05 --steps 30 --rank 32 --difficulty medium --clip-low 0.2 --clip-high 0.2 --importance-level token --dynamic-sampling false --out /Users/arvind/Developer/tinker-rl-lab/experiments/tinker-runs/results/matched_dapo_llama-8b-inst_G8_medium_s123.json"
matched_dapo_llama-8b-inst_G8_medium_s42,matched,TRL,llama-8b-inst,failed,2026-06-14T16:10:06.261684+00:00,2026-06-14T16:10:06.345800+00:00,2,/Users/arvind/Developer/tinker-rl-lab/experiments/tinker-runs/results/matched_dapo_llama-8b-inst_G8_medium_s42.json,"python3 /Users/arvind/Developer/tinker-rl-lab/experiments/tinker-runs/cell_runner.py --tag matched_dapo_llama-8b-inst_G8_medium_s42 --model ""meta-llama/Llama-3.1-8B-Instruct"" --task gsm8k --loss dapo --seed 42 --group-size 8 --lr 1e-05 --steps 30 --rank 32 --difficulty medium --clip-low 0.2 --clip-high 0.2 --importance-level token --dynamic-sampling false --out /Users/arvind/Developer/tinker-rl-lab/experiments/tinker-runs/results/matched_dapo_llama-8b-inst_G8_medium_s42.json"
matched_dapo_llama-8b-inst_G8_medium_s456,matched,TRL,llama-8b-inst,failed,2026-06-14T16:10:06.264308+00:00,2026-06-14T16:10:06.346063+00:00,2,/Users/arvind/Developer/tinker-rl-lab/experiments/tinker-runs/results/matched_dapo_llama-8b-inst_G8_medium_s456.json,"python3 /Users/arvind/Developer/tinker-rl-lab/experiments/tinker-runs/cell_runner.py --tag matched_dapo_llama-8b-inst_G8_medium_s456 --model ""meta-llama/Llama-3.1-8B-Instruct"" --task gsm8k --loss dapo --seed 456 --group-size 8 --lr 1e-05 --steps 30 --rank 32 --difficulty medium --clip-low 0.2 --clip-high 0.2 --importance-level token --dynamic-sampling false --out /Users/arvind/Developer/tinker-rl-lab/experiments/tinker-runs/results/matched_dapo_llama-8b-inst_G8_medium_s456.json"
matched_gspo_llama-8b-inst_G8_medium_s42,matched,TRL,llama-8b-inst,failed,2026-06-14T16:10:06.340043+00:00,2026-06-14T16:10:06.419603+00:00,2,/Users/arvind/Developer/tinker-rl-lab/experiments/tinker-runs/results/matched_gspo_llama-8b-inst_G8_medium_s42.json,"python3 /Users/arvind/Developer/tinker-rl-lab/experiments/tinker-runs/cell_runner.py --tag matched_gspo_llama-8b-inst_G8_medium_s42 --model ""meta-llama/Llama-3.1-8B-Instruct"" --task gsm8k --loss gspo --seed 42 --group-size 8 --lr 1e-05 --steps 30 --rank 32 --difficulty medium --clip-low 0.2 --clip-high 0.2 --importance-level token --dynamic-sampling false --out /Users/arvind/Developer/tinker-rl-lab/experiments/tinker-runs/results/matched_gspo_llama-8b-inst_G8_medium_s42.json"
matched_gspo_llama-8b-inst_G8_medium_s456,matched,TRL,llama-8b-inst,failed,2026-06-14T16:10:06.345939+00:00,2026-06-14T16:10:06.425570+00:00,2,/Users/arvind/Developer/tinker-rl-lab/experiments/tinker-runs/results/matched_gspo_llama-8b-inst_G8_medium_s456.json,"python3 /Users/arvind/Developer/tinker-rl-lab/experiments/tinker-runs/cell_runner.py --tag matched_gspo_llama-8b-inst_G8_medium_s456 --model ""meta-llama/Llama-3.1-8B-Instruct"" --task gsm8k --loss gspo --seed 456 --group-size 8 --lr 1e-05 --steps 30 --rank 32 --difficulty medium --clip-low 0.2 --clip-high 0.2 --importance-level token --dynamic-sampling false --out /Users/arvind/Developer/tinker-rl-lab/experiments/tinker-runs/results/matched_gspo_llama-8b-inst_G8_medium_s456.json"
matched_gspo_llama-8b-inst_G8_medium_s123,matched,TRL,llama-8b-inst,failed,2026-06-14T16:10:06.344570+00:00,2026-06-14T16:10:06.427004+00:00,2,/Users/arvind/Developer/tinker-rl-lab/experiments/tinker-runs/results/matched_gspo_llama-8b-inst_G8_medium_s123.json,"python3 /Users/arvind/Developer/tinker-rl-lab/experiments/tinker-runs/cell_runner.py --tag matched_gspo_llama-8b-inst_G8_medium_s123 --model ""meta-llama/Llama-3.1-8B-Instruct"" --task gsm8k --loss gspo --seed 123 --group-size 8 --lr 1e-05 --steps 30 --rank 32 --difficulty medium --clip-low 0.2 --clip-high 0.2 --importance-level token --dynamic-sampling false --out /Users/arvind/Developer/tinker-rl-lab/experiments/tinker-runs/results/matched_gspo_llama-8b-inst_G8_medium_s123.json"
