id,Acer_Capillipes,Acer_Circinatum,Acer_Mono,Acer_Opalus,Acer_Palmatum,Acer_Pictum,Acer_Platanoids,Acer_Rubrum,Acer_Rufinerve,Acer_Saccharinum,Alnus_Cordata,Alnus_Maximowiczii,Alnus_Rubra,Alnus_Sieboldiana,Alnus_Viridis,Arundinaria_Simonii,Betula_Austrosinensis,Betula_Pendula,Callicarpa_Bodinieri,Castanea_Sativa,Celtis_Koraiensis,Cercis_Siliquastrum,Cornus_Chinensis,Cornus_Controversa,Cornus_Macrophylla,Cotinus_Coggygria,Crataegus_Monogyna,Cytisus_Battandieri,Eucalyptus_Glaucescens,Eucalyptus_Neglecta,Eucalyptus_Urnigera,Fagus_Sylvatica,Ginkgo_Biloba,Ilex_Aquifolium,Ilex_Cornuta,Liquidambar_Styraciflua,Liriodendron_Tulipifera,Lithocarpus_Cleistocarpus,Lithocarpus_Edulis,Magnolia_Heptapeta,Magnolia_Salicifolia,Morus_Nigra,Olea_Europaea,Phildelphus,Populus_Adenopoda,Populus_Grandidentata,Populus_Nigra,Prunus_Avium,Prunus_X_Shmittii,Pterocarya_Stenoptera,Quercus_Afares,Quercus_Agrifolia,Quercus_Alnifolia,Quercus_Brantii,Quercus_Canariensis,Quercus_Castaneifolia,Quercus_Cerris,Quercus_Chrysolepis,Quercus_Coccifera,Quercus_Coccinea,Quercus_Crassifolia,Quercus_Crassipes,Quercus_Dolicholepis,Quercus_Ellipsoidalis,Quercus_Greggii,Quercus_Hartwissiana,Quercus_Ilex,Quercus_Imbricaria,Quercus_Infectoria_sub,Quercus_Kewensis,Quercus_Nigra,Quercus_Palustris,Quercus_Phellos,Quercus_Phillyraeoides,Quercus_Pontica,Quercus_Pubescens,Quercus_Pyrenaica,Quercus_Rhysophylla,Quercus_Rubra,Quercus_Semecarpifolia,Quercus_Shumardii,Quercus_Suber,Quercus_Texana,Quercus_Trojana,Quercus_Variabilis,Quercus_Vulcanica,Quercus_x_Hispanica,Quercus_x_Turneri,Rhododendron_x_Russellianum,Salix_Fragilis,Salix_Intergra,Sorbus_Aria,Tilia_Oliveri,Tilia_Platyphyllos,Tilia_Tomentosa,Ulmus_Bergmanniana,Viburnum_Tinus,Viburnum_x_Rhytidophylloides,Zelkova_Serrata
1202,0.005910325608804298,0.007546335730092205,0.008431316110361409,0.010800103662151752,0.008339286266090177,0.006642412987404878,0.009230522573998902,0.0074515601309540856,0.006305000484765822,0.005431204983490747,0.011385728388012824,0.006878019583019564,0.006931843519321328,0.00823675694994269,0.004335257401567415,0.009894297746986072,0.01175234412638985,0.007528856201861514,0.00702290949754451,0.007473870540486946,0.006470577485404635,0.007643234973367535,0.010922365343658855,0.007442810503563034,0.007448058760975504,0.008736823249287724,0.011050392591336819,0.007310717313542909,0.006774890150680601,0.004732682509352059,0.006050378691935687,0.12448507701114131,0.008237109004225952,0.00800231574279946,0.008281624103630855,0.008042193121244389,0.0077833714477187135,0.005818608581782965,0.006363163745098806,0.006453241496983413,0.0074930307321808285,0.0094524198050079,0.0073255862979190525,0.006582421939451605,0.009571203989934536,0.008032273073440456,0.012210778947118344,0.006033894034224256,0.005374544264115346,0.008848604404290219,0.008854861558070932,0.05324111603719421,0.009194880834446854,0.006071770773077563,0.006669682593788946,0.004723069560275718,0.00683046161141626,0.0072831687363496996,0.02634422423810194,0.005795921236138131,0.011448575688358753,0.00776568972389656,0.007825150100662055,0.0037096783326713632,0.007757615372981286,0.006297770832568841,0.008475462325748476,0.011486098998887667,0.06274730692448205,0.0044648528131286305,0.007603627942848957,0.004513636228465504,0.010461607831249525,0.009700568341570967,0.0057914886771469175,0.008166755787241206,0.006029339664139109,0.008800513129391759,0.004568533172896871,0.010482383841225957,0.005769252274258769,0.008080469572328365,0.006624546242461468,0.007713177800781993,0.011014802905266624,0.007139314964667609,0.00782815835932531,0.005596457791239068,0.009251110714441539,0.007584897720503081,0.006664841982772483,0.005626575436352674,0.01696229795621851,0.00630539075284258,0.0125168598558548,0.005514808687329781,0.0055568390688435065,0.006539553482441423,0.00810248571498695
992,0.0036024572139464616,0.0010368373847567413,0.001172783876245322,0.0012074903500889464,0.001020714659558992,0.000831296983877923,0.0008726911168807461,0.0009553064029733301,0.002115784709899144,0.0006226521780717875,0.0049469067952575664,0.001770112210249427,0.0010027240247451714,0.0010057003673239382,0.0003820278020975118,0.001241883434225914,0.0023259314471904633,0.0011409050228930828,0.04652725458091092,0.0008798664185651718,0.00476911814194222,0.0011373194577431493,0.0026024887008875867,0.0010218262464061008,0.0008713077022750606,0.003216424775660767,0.0016408125620817045,0.004976175117197639,0.07438167505868218,0.0008296537748687796,0.0006850126620558936,0.0006105312090374731,0.0018073561306626734,0.0019132936463182792,0.0009967994510017369,0.0024108357498649133,0.0008763206743780875,0.0007291419797318942,0.000797179653832318,0.0009255659712704933,0.0011544750490915029,0.0011296953349961328,0.0068879024096824915,0.031698118149218545,0.008905264701557851,0.0006667893428294922,0.0008472462767816483,0.0007129085794961294,0.0007089585738592576,0.026103906236292825,0.0009030805196613022,0.0007784137901279455,0.0011915498629595212,0.0009122145764553612,0.0007624068085507053,0.0024259906582497557,0.0009599407223071432,0.0008496568162383681,0.0007394686730388781,0.0006198523723101612,0.0016828949167697583,0.0009348239922629533,0.0012703906332076536,0.0020580681527412542,0.0007476609263435762,0.0008506811247140808,0.0010564720906453674,0.001189658882364134,0.0010155621613251726,0.002930975959759605,0.0018504916359630209,0.0011670869016110587,0.003139003121402566,0.008091553682812239,0.0007420707088279646,0.0008185771925313873,0.0013192254480625433,0.002552326756909295,0.0005717977112096262,0.0007436984378057705,0.0012651831553450654,0.0007973437903749856,0.00046941718823938336,0.0008776538274620171,0.0007515216459000973,0.0009133675877062216,0.0020204711965154066,0.0006611290300112695,0.0014155586937843895,0.0008882012277852074,0.004614042741165349,0.41947067442133845,0.0010348890489454698,0.002359597611660342,0.0009087547429752927,0.0036736228100095873,0.000929575436505632,0.25031213255355017,0.0010858377540941468
491,0.003980324997915052,0.0046223670553660525,0.00672295158447815,0.013699160690934438,0.00537295271411079,0.01140002169547901,0.005056677310908272,0.004201665490437811,0.004008425718632364,0.004100392757896596,0.016721484923049385,0.003838768353653499,0.004099879021619445,0.008044039470998446,0.003528956745828703,0.00613959282817625,0.010113284222343772,0.023453047549825787,0.004550827136143177,0.004766892230422748,0.004186629409220697,0.025509409781895455,0.003923003429968928,0.004676706493878084,0.004796565392431297,0.00531808915408095,0.008660071290820977,0.005177015953393003,0.005161601180019137,0.002707213530433869,0.004582826932894135,0.04818557493103337,0.004833933551535354,0.006805680240426032,0.00528435217356322,0.006306728541485436,0.005534976877508404,0.003722114622698128,0.0041870755242200755,0.004168050743864827,0.003897286792949933,0.005276608995489077,0.004712552529190903,0.005630786432727899,0.00456829264499279,0.019507424284723178,0.11974897691789993,0.003952165438548672,0.0034451345922902827,0.004599046070594022,0.010945863652400016,0.004365613560336422,0.005393519223892918,0.006907237396166915,0.0054907451814354465,0.007374792510016667,0.02263308408796834,0.004683784763730431,0.004260149269843995,0.0030909316607535486,0.00471336790607407,0.004600496700653372,0.005050552308376891,0.002541511924625761,0.007048659371362959,0.004024602967156646,0.006325817805667737,0.007460402840631381,0.007130265417769939,0.006615458883299545,0.004976595561536819,0.0032428680250175287,0.00732374661895072,0.008658517379377543,0.01115806218600099,0.010592157888075474,0.003954321936566322,0.0071966048332741984,0.004547522946350744,0.007343437800153679,0.003954654928055337,0.006286020966487603,0.002995002586636055,0.18525878491918038,0.005398049971954543,0.004751507408833166,0.018510291252442565,0.013552797943843316,0.00462423713051068,0.0047529245977743165,0.004108681681180946,0.003596276544083525,0.005095295983590549,0.005971401581614338,0.01377175812340066,0.0032724017562488225,0.006497842550242748,0.014326620767065205,0.006137149746390438
1201,0.00022631491211171193,0.0003296317610776601,0.00035194937110025426,0.00043145424360018853,0.0003179395906510247,0.00025224202257476613,0.00033279886829266605,0.00024055691777839428,0.00020670473116782124,0.0001956811735537523,0.00030191019801186733,0.00020898524604236933,0.00023983877175874602,0.0002890889548400483,0.00011941350488379466,0.00032048809151005123,0.000278088658976672,0.0002837876836607154,0.0009092911182149283,0.0002519372759283521,0.00029060623442655873,0.00029442305994357266,0.00021912047367273773,0.0002699538748238788,0.0005122984697783803,0.0004332100147811972,0.00020228606034718185,0.0012270763571352753,0.0002692786397427403,0.00039707219038559503,0.00033583156509496787,0.0006228942580059593,0.0002866133927295356,0.00028232850406750745,0.0021518633610595173,0.00029610192314887484,0.0005279065067968636,0.00021056998078440632,0.0003779445298589911,0.00029246767115768187,0.00029592407805178984,0.0002023891110499666,0.0004351938981660896,0.000340378122553685,0.0010169126314745528,0.0007404136573742736,0.00026108171365542607,0.00032958117825938757,0.00021026082873959516,0.0002384734983071848,0.00032669610756837155,0.001110049478377737,0.0003194629111519514,0.0003926725127947395,0.00044067816827502636,0.004577254408010391,0.00031360653826160723,0.0002711816816641241,0.0003375427625135027,0.000525310796641753,0.00047294883361812364,0.0021000813599258506,0.0003517535740293342,0.00017688099336149885,0.00029831418874469174,0.0002563307636962379,0.0002567917951755911,0.00031832578774909924,0.0006937074128943172,0.021196464566367746,0.0003317408299998763,0.00044291300236470253,0.0006891106820514956,0.00038533522630124456,0.00019638034245650444,0.00023797157939593015,0.00029266684900263465,0.000316686190323136,0.00015695333881867436,0.001483975613422667,0.0002284610919568888,0.0013733479374223802,0.00017036606532861237,0.000257914076105113,0.0008641994711113624,0.0003861418030244904,0.00032948678846732315,0.00022005777855977712,0.00026524120159396596,0.0004382090562653291,0.9336076203276459,0.00019866921504797677,0.000253606091960047,0.00022096819427010458,0.0003387939689889827,0.0002385572766233027,0.0006556754126093642,0.0007232730200024421,0.00030106404694897973
72,0.0013293838495772323,0.0013460012346138577,0.012248713157830913,0.002140300170582811,0.0012062593977633421,0.04708385800051322,0.0016614645625277137,0.0010918359605059593,0.0008971075928854423,0.0007931335546313713,0.0009565444210544767,0.0009909240309804999,0.000997523439651481,0.0011472009974303021,0.0005008479083303219,0.0016770718475291298,0.0012321266883003554,0.00161761564875514,0.0020006810502198012,0.00746011595081918,0.001960262124967223,0.001173462071285624,0.0011643281281297601,0.00979561734076332,0.0011090383997626643,0.001193535961102967,0.0008604289047315824,0.0025910319056537496,0.0020011541682307685,0.0007043671016105349,0.000995745763092689,0.0008729919712186674,0.0010674530185291143,0.001142896996630676,0.005122627822230849,0.0009384797081952598,0.03217166886496149,0.0028311883241084806,0.003766146104520549,0.016675968127670672,0.1412760209370593,0.0009881056855197128,0.00820797677048499,0.0016695722953503074,0.0009762187458916757,0.0011591551420213567,0.0010746830324995542,0.010498176044897972,0.0009564465615033104,0.0021099899952381823,0.0027690274619451296,0.001135518043146674,0.0013324453205778022,0.0009269770421416169,0.039299669800993156,0.00247367355985685,0.007248900599013807,0.05172103264662216,0.0068479564471833,0.10392290536414417,0.0017047190751652741,0.0016396461115162002,0.0015133235936032018,0.001800708240259599,0.0016202661357206595,0.0011357615994697925,0.001444361249186883,0.0022629459769789788,0.006336466691306299,0.13730503127801535,0.0027972769563895214,0.0008611823988129077,0.0013033013681125615,0.0018476755731109118,0.005173387485882163,0.000968336513280417,0.1896283724528594,0.0013700745124738448,0.0017001894867765517,0.0017218865521295408,0.001751693260613897,0.0012075752029718336,0.008742285813785089,0.001054319410885792,0.001416216483504767,0.004250304807376122,0.001817920706685821,0.028077010309911304,0.0010601359394194995,0.0037011080033377284,0.0015240573363203243,0.0007980004408555707,0.001061890707366227,0.0014267301793321216,0.0011985697802355828,0.0010616634304374654,0.010459386875655412,0.0009024989248393979,0.001242165367425749
42,0.0005123194630004265,0.0005626588432728403,0.0006872045139159336,0.00046805381597347326,0.000657578594914935,0.0005485217102770239,0.002966471483179295,0.0006632634517264404,0.001567416351945824,0.0004288385974381229,0.000615761958885597,0.0011852658123274126,0.0009469177813553422,0.0006784891807296425,0.011989275046505033,0.0016516153897503999,0.0006462733008046867,0.0006299130175806634,0.0006521343736903735,0.0006170947230942828,0.0005233884057929026,0.0014975734620546312,0.7668110256595049,0.0017115012365119344,0.0007058661750997903,0.0009975808270021906,0.0005587993431941372,0.0005772308546264812,0.0016411287578178577,0.13842731470421193,0.0011801002042756805,0.0009357370708169531,0.0005955302266018197,0.001005897707205401,0.0021874521191405454,0.0005241943910773108,0.0025998935572393183,0.0005805197365200247,0.0006308095715136291,0.0007444472619753803,0.0015706097975289961,0.00045819080922367367,0.000597800128178627,0.0004792232915473661,0.0006016720939142087,0.000619859224697951,0.0005740709436231749,0.0005063968893425124,0.0009067959559645123,0.0005486416232359845,0.0006833879304528823,0.0006701358030160372,0.0007260775397723655,0.0005063597163474655,0.000597593807831085,0.0005543067676878229,0.0004908123851672361,0.0025629704485081485,0.0004938940412813982,0.0004105262272567631,0.0006432055605706477,0.0006595573604531491,0.0012511168349418815,0.00033768962757515456,0.0004957193201197068,0.0005448776611803429,0.0009305241769305269,0.0014042345722726586,0.0006473937894789556,0.000406750143447306,0.0012335697600714922,0.00046454299241692915,0.0006303717134437726,0.0007742990798978058,0.00047415751854757864,0.000548504779388063,0.0005380977259760617,0.0017066688419005633,0.004207198729239664,0.000424620290272586,0.001005188255868006,0.0005223370822606814,0.0027849264456415047,0.0005867541398541673,0.00047723007635379556,0.0006655996197801294,0.0005609911587203492,0.0005604723543518612,0.0008482570732495622,0.0006001250552896541,0.0005954121207078385,0.0004713688558362514,0.0005995688483430632,0.000627943219219454,0.000736299713825647,0.0005138519236354038,0.0005454207081697022,0.0005171354573780049,0.0007876333062612626
417,6.554203935771048e-05,6.315259617479205e-05,7.67641154675306e-05,5.5589258381887344e-05,7.417135046820518e-05,0.00010677223632685414,6.302040133743706e-05,5.696737394217538e-05,0.00013652549544374397,5.070436796165731e-05,8.627280138773538e-05,0.00012077501103640335,6.518169924622372e-05,0.00016997931120507124,0.00014093342352884458,8.851073001729885e-05,7.067520935972804e-05,6.114528108667043e-05,0.00011888707002725276,6.977421200154399e-05,7.816439658228903e-05,9.036676850378819e-05,0.0001050665816160366,0.00018949305816027233,0.0001676344769170042,0.0003186941466788643,0.00021274937742742184,0.0001366388245159992,0.00012833039083528334,5.2340501643914976e-05,4.641873379229586e-05,4.334536156495037e-05,6.952985356374569e-05,0.00010308914194457445,6.940374991236671e-05,0.00024847130249470496,6.431826077151701e-05,8.166741097496848e-05,7.439084768403253e-05,6.400500307089179e-05,8.254276650738637e-05,3.9995935746517496e-05,0.0001167654114950975,0.00019409806612759558,6.327404097554601e-05,4.970610697812064e-05,6.207038682869644e-05,0.00022450473465008118,4.068575370801303e-05,0.0005765060938464537,6.909876762418501e-05,5.626753951865664e-05,8.238120602680553e-05,7.243686743378338e-05,0.00010060008508031792,6.386144942742753e-05,4.721247720430622e-05,6.31926378355905e-05,6.89514059741638e-05,0.0013629815992753154,6.691124940841277e-05,8.66192360827719e-05,0.00010597928709834683,0.03233924796964563,5.228417224424768e-05,0.00012049125441355219,6.401348235505917e-05,0.00011123065311583338,6.40212035536793e-05,5.4502227283720396e-05,0.0029987144982243598,0.9451171401581098,0.0011251125076232305,9.365273202841041e-05,6.916395430045337e-05,9.44668192221342e-05,5.852751218654774e-05,0.00019464091911079278,0.00047205804799522354,7.024562302596285e-05,0.005554421135022234,5.0286622509424494e-05,0.001750745870566957,6.457712210114165e-05,0.00013715642957473425,6.575052722901136e-05,6.87866026557252e-05,0.0005226909123477388,6.868459126440454e-05,6.333159461040575e-05,5.765551901072461e-05,5.1494431647027954e-05,7.994811434598063e-05,5.466822068670637e-05,7.561729848610526e-05,9.63119442309328e-05,6.197148849274759e-05,0.00023084955137555132,6.343301213665446e-05
49,0.0005861702688641422,0.000577287856106547,0.0010016299546939814,0.0005686192955268928,0.0007170534559034299,0.0005277587795532236,0.0005901439441192663,0.0009778708364274204,0.0005480404408905786,0.00043259556354264574,0.0010070904256581992,0.0005362557822430338,0.0005716429371295339,0.0008226368873580395,0.0003699623796845655,0.0008094095807643143,0.0008993613085871502,0.0014575869614136235,0.018329613513070858,0.0006520593462234265,0.0006607587887306936,0.005750176218249623,0.001109595969327395,0.000627950241848531,0.0006474575663657335,0.0011027945847724991,0.0014208782702006104,0.7902025037165875,0.0004904830450034872,0.0003867020819663684,0.0010797152121548074,0.03039278808705459,0.0008601915921782146,0.0006376900836525243,0.009884339601573658,0.0008078615596623525,0.0006181944792505798,0.0005045157611899997,0.0005758360577422893,0.0006042678766622312,0.0005543062579882397,0.0008735219239212094,0.0013615491709311378,0.0010853879426598022,0.002112220169179083,0.0004760433023826778,0.0005910376144472241,0.0004924981835145786,0.00040707619106870993,0.0036952112264060167,0.0006747854474545947,0.0006277577043325742,0.0008047263901207792,0.00045657669057954243,0.001097676442712214,0.0006367527515819297,0.00048555328532957665,0.0009698971142365591,0.002865239553710111,0.0004322243094247709,0.0016316506995166092,0.005373877761229267,0.0035672550222959425,0.0004886134444436296,0.0005327832023444425,0.0005076761930032016,0.022134284777875383,0.0007731179342175989,0.0012564875777146564,0.000675369654730122,0.0006152080618305554,0.00045284351121705195,0.0009918863201115312,0.0007466972217141123,0.0004992416802926954,0.0006228973411350309,0.0006531470355894929,0.0009078309826208728,0.00040745804770952885,0.0007461636084532651,0.0004941365745794277,0.004407128283839893,0.000348164716511445,0.0006186330821229633,0.0005188656498477926,0.0006511403834013005,0.0012344993113856608,0.0005002289471302808,0.0011374643591761712,0.0008579553753785044,0.004737602120537082,0.0013494322737007776,0.0006455082737920778,0.0005577661137634801,0.0013043114325822823,0.003045150228002739,0.002875879423135256,0.02945025306740814,0.0006338583217436672
1085,5.881892051266818e-07,2.1428931614035965e-05,4.3637230110084543e-07,1.9240467705834797e-07,0.9999057143334743,4.73045125696578e-07,2.2068171115705234e-06,6.14198296334087e-07,2.9514536955332817e-06,9.158407206432457e-06,1.4306070593507659e-06,1.6065373492300155e-06,3.110140619472725e-07,2.774251190350449e-07,1.956123455220523e-07,5.164899380552597e-07,3.9557232267451775e-06,2.74153051247741e-07,3.396658827623692e-07,4.223551836635915e-07,9.307017922691498e-07,3.313832205968524e-07,4.920936793829176e-07,2.425814628251129e-07,2.5716960315847357e-07,6.843220699761951e-07,2.7283998387218823e-07,2.1804114308335217e-07,3.810843011599571e-07,4.6084403028496e-07,2.2088862627719686e-07,4.4251354511988317e-07,1.5656361000899902e-06,2.9959777961571828e-06,2.620578045350531e-07,6.467558896874321e-06,2.5573144966928657e-07,2.0255804860316363e-07,2.926435617082101e-07,3.0190516804615644e-07,5.85968921704811e-07,2.3421708154641234e-07,3.320079283487317e-07,1.810006795282092e-07,2.869442794477551e-07,1.8360701420480286e-07,2.3585800341976214e-07,1.9373310865058856e-07,6.885786385998653e-07,9.111129736954257e-07,2.649433591187877e-07,1.890068224434649e-07,3.2107764030408856e-07,2.4596548813677445e-07,2.5116835636224524e-07,1.7164850570731675e-07,1.5544959510415424e-06,3.220932188841936e-07,1.992638574972006e-07,1.710011988304057e-07,2.750806929897526e-07,4.7151488250645137e-07,2.8446954094939606e-07,2.3628786588541192e-07,2.204057204229582e-07,3.490744463446784e-07,2.91098732605362e-07,2.596895017890512e-07,2.859478911107757e-07,1.4604773352024461e-07,4.2594807155059737e-07,3.5802455388929245e-07,5.85666854359537e-07,1.1958334331635014e-06,2.1083028011757656e-07,2.1927191528190147e-07,1.784016672325197e-06,2.763076083390595e-07,3.4380540418017605e-06,2.6075280112189757e-07,5.30387276074124e-07,1.845910932692523e-07,1.4155866308701014e-07,2.408550542262917e-07,2.490289447594834e-07,3.1827290773810767e-06,2.353636725437122e-07,2.2581031570941846e-07,2.3897595036692505e-07,1.6236689780214288e-06,2.1856792090423343e-07,2.2877922932536282e-07,4.960221817506641e-07,6.23438260540837e-07,2.215410815387284e-07,7.207720538093688e-07,1.8108212460100151e-07,1.9382443850217106e-07,7.927192075788825e-07
1245,0.0001331994489075376,7.068735228075904e-05,6.39894393991559e-05,8.327508913820735e-05,6.013912726029876e-05,6.626117078438377e-05,7.187325926020005e-05,0.9916211783950389,6.663708414835157e-05,8.9404303299158e-05,8.46989417052573e-05,0.00011589958882922198,0.0005318272389150756,6.860142667281634e-05,4.995783224983522e-05,6.681953797761123e-05,7.573580307847444e-05,0.00019419531951670417,9.719628180316552e-05,0.00042194107102246564,6.97485177985727e-05,5.794659843270052e-05,6.18366588227307e-05,5.71026336515335e-05,5.8404646312881725e-05,6.081922220994821e-05,9.86926397600418e-05,4.730233887319254e-05,5.4815392712862354e-05,4.3950982287145244e-05,4.851769442882037e-05,5.539679783199465e-05,0.0001777715935426872,0.00013124846344256795,6.445000241584692e-05,9.193534717525696e-05,6.029281151263526e-05,4.249366693941839e-05,5.456380716878832e-05,6.565181069753001e-05,4.518957296402021e-05,4.188443160491452e-05,6.785936481749899e-05,4.6969949811528165e-05,5.017676264675891e-05,4.2049593825692236e-05,5.3924068182679216e-05,4.6995100355722254e-05,0.00011300284075137587,0.00024038785110147158,0.00011307540108277544,4.9043132378562205e-05,7.949826536352232e-05,5.1474008939290343e-05,9.117471204742797e-05,3.0904148027026015e-05,4.86751321040777e-05,6.912445863625907e-05,8.405495806797438e-05,4.141787016884684e-05,5.648937245966429e-05,6.815489835534958e-05,6.113961318704106e-05,3.3169642529810655e-05,6.343793537796089e-05,5.393759243256797e-05,6.786504284526384e-05,8.388711686648146e-05,0.00021630975335429746,3.539231632840387e-05,6.240780099945775e-05,5.527507799370188e-05,5.870748113182286e-05,0.00018593299450939458,4.45068565173246e-05,4.900156594449362e-05,4.7716502749381705e-05,6.522568005982982e-05,3.300333825291387e-05,5.089022012414961e-05,4.518755247884534e-05,5.403305538406006e-05,3.508777396514251e-05,8.80285643274749e-05,0.0002240451252481148,6.17477513571724e-05,0.00016641169280461868,4.527013699652857e-05,0.00010455889400622204,5.781497880172679e-05,4.847188154854604e-05,9.571984348735364e-05,0.0001487503598082576,4.7213851264694135e-05,0.0003554716064106378,4.4612004212869534e-05,3.905213786328014e-05,4.226337666310044e-05,6.046765116979512e-05
134,0.0011047249054533066,0.0008432393586745948,0.0009636892520418904,0.001242840644699698,0.0009390931530470322,0.0006972986038585102,0.0008522908574997109,0.0008793119544067478,0.0007183485078613925,0.0006061361819959555,0.0008084090549203064,0.0011529786725480134,0.002912247481382139,0.0013657630615105168,0.00036794972599907646,0.0011475159805636943,0.0010378149418026807,0.001899901761381406,0.0009446903782654236,0.010550173535410037,0.0007301725619950483,0.0008811498750773914,0.0007216880301475394,0.0008488665363043271,0.0008302156987822935,0.0014791488146947058,0.0007437244169398071,0.0008802146915044303,0.0006801252688003702,0.0005866394719819312,0.0006783010884977365,0.0008603727327942572,0.0008603653986647186,0.0012786795067974083,0.004409031645008516,0.0007518089729431325,0.0010869050376805796,0.0006609929569266612,0.0007114071034601898,0.0018619945858164397,0.0006844297641641308,0.008733351782309683,0.0009576219013168063,0.0007816404996650615,0.0007031376352546601,0.003064427500236734,0.0017252123550034759,0.0007023225338177473,0.0008727458903425955,0.0008766318679840634,0.5797715240697439,0.000712939620886588,0.0016399604544537986,0.2730910350155654,0.005470772380524296,0.0005138314144714805,0.0016700167037732262,0.0008181310939638502,0.0007250373284545259,0.0007562533110045776,0.0011364081790695235,0.0007988223720970974,0.0008716658187642932,0.0006699232749972834,0.000708872923118855,0.0007180602442104354,0.000897330820599171,0.0011455988732609606,0.0010291621897742362,0.003220536193200059,0.0008578663408876618,0.0005153914916217062,0.0008265631281102636,0.001176993673031917,0.0008357890564820923,0.0008504617146099125,0.000676210872565974,0.0009418557783460151,0.000633945762406727,0.013948674860345293,0.0006312952123787316,0.000930693298792023,0.00045162884090026574,0.0021487996306326167,0.0008150349740046556,0.0008001244413409812,0.01407372638248712,0.0007200867670998162,0.0008050363537572893,0.0008479920329162895,0.0007215089890364172,0.0006803143601400883,0.0009097461661553576,0.000692571222742461,0.001660830824701919,0.0006742685426403283,0.0014365901587172173,0.0006590852184495359,0.0010332874845315088
505,3.76523198911352e-05,3.6322311710930446e-05,7.156242963346481e-05,5.118836466150161e-05,3.835892626474452e-05,5.15950359310587e-05,3.5058033862688324e-05,4.865744619533093e-05,3.17725618662005e-05,3.4841575186839856e-05,0.985713052755841,5.390026766935185e-05,3.5853225740358945e-05,3.5678791992511876e-05,1.837726836573399e-05,5.238099669988178e-05,8.799943995135015e-05,3.7152891765998766e-05,0.0003521236736614509,3.523674811388185e-05,3.36457041580032e-05,0.00019643853248499255,4.818238346045402e-05,3.951272873912112e-05,3.4917172581757185e-05,4.2305969693838595e-05,3.71623767209351e-05,0.0001097076676954212,5.678164870081494e-05,2.3523609851424397e-05,0.00024369102701969498,0.0001654971224156446,5.138776760374559e-05,5.880221536841662e-05,0.00010733016204353667,8.365938225260104e-05,4.142680065378948e-05,2.8599314116196963e-05,3.25356839857781e-05,3.483438333163683e-05,3.0836883131525734e-05,3.71632915099124e-05,0.00024469687935058093,3.090412493283059e-05,0.0027000700111737158,0.00012902611058305467,5.68040014568756e-05,3.117932428896577e-05,2.8073689725057847e-05,4.638650334949652e-05,3.37355939397233e-05,3.283160222337488e-05,5.237672582829681e-05,4.338113536239987e-05,3.64913466798701e-05,2.616000259170567e-05,3.384069294887526e-05,3.40487241603344e-05,2.9840322150925814e-05,2.011463232006391e-05,3.3883923367273105e-05,0.0001909569362598905,3.760941088447769e-05,2.3663964755014866e-05,7.524749725874447e-05,4.794567555614817e-05,0.00021977588747962233,4.437329435963437e-05,0.00010813361799946833,3.7647533815841174e-05,3.955168747024559e-05,2.0298579834636557e-05,3.755332680675522e-05,4.3856324187863005e-05,2.857843360052988e-05,3.713378808121675e-05,2.9032323640102655e-05,4.1769203563974473e-05,2.3856145309873305e-05,3.5709792806110244e-05,2.7549608418468764e-05,0.0036445304729968266,1.592821572094157e-05,3.609141226810677e-05,3.738419503176393e-05,4.9795309458479275e-05,3.290156351306182e-05,4.786055467453469e-05,3.3468763992153346e-05,3.9065519484302945e-05,0.0021270569429189443,3.703270964683976e-05,4.762295883079048e-05,3.2669564327994465e-05,0.0003934530208402657,2.3985311878320297e-05,3.2669988166599974e-05,9.73229218360441e-05,8.036530336743666e-05
854,0.001176392556662367,0.003729712817268235,0.003679676029250502,0.0012648993466007731,0.0016474911629027669,0.001924590847190133,0.0013848336297412195,0.0013731342111350609,0.0019694630286690162,0.0011233002770503855,0.001341612151279442,0.0012657011522087423,0.0012844572531088803,0.001427011032703797,0.0006357137549867319,0.002421778078468063,0.0014557037690137954,0.0015542391856011271,0.001312444121567587,0.0013727577820404808,0.0012648575166910123,0.01111142890704614,0.0013665922139377957,0.003280661306677096,0.0014459628457570884,0.006787311122386148,0.0010921923996719508,0.0016140754323225603,0.0011717741590037466,0.005677944174428327,0.0029514113379987264,0.0014141229599221635,0.0018262871401472781,0.0016340742955910307,0.05165781275325199,0.0012640814589535455,0.002268779036045435,0.008421416984139672,0.030544095012458104,0.6998877684403588,0.040974617432261023,0.0011350172944670812,0.0021735690480570113,0.0013824970779393044,0.0010785456870679214,0.001084925458203755,0.0014874563262903774,0.0011423696101953396,0.0011330743085829528,0.0014468854403992437,0.0021941842077654395,0.0011884821687175556,0.00160196775155538,0.0011677614549985152,0.0012534389681426636,0.0007680074948069049,0.0011112944762757633,0.00361487963348874,0.001120036305194623,0.0022145408327472246,0.0014638624582346354,0.001532012405308179,0.004548448334759003,0.0012149097817892892,0.0013113602234775285,0.0019495035421892108,0.0013200472286447188,0.0018458149713876466,0.0017191922663673713,0.001598468124584367,0.0015221504084472596,0.0008918317642649587,0.0016065846886740287,0.0017469380073646202,0.0011121137700856752,0.0013233378245610882,0.001590493072468581,0.0016254697228890028,0.0008732868665896207,0.0016595965014871887,0.0010133190119328583,0.0016366544214110055,0.0007209299129381883,0.0013716849631757791,0.0018743864360015869,0.0015089234486101984,0.0012763707451052832,0.0018268457748754903,0.002680987089798465,0.0015248368576099088,0.0015957578243850877,0.0012655670205921855,0.001601758948933621,0.0012064447822630817,0.0017172774140423617,0.0012677565311254475,0.0014878442694650396,0.0012235437946944432,0.0014425761280716263
196,1.0525367903332e-05,0.00022467290443679115,2.5664730134627e-05,4.013182054272395e-05,1.7484207846914092e-05,0.0034705978832746107,1.1053718726896773e-05,1.534278282832177e-05,2.257289233817682e-05,9.859424011324935e-06,2.2937806529176023e-05,8.534267325924182e-06,1.7743775212046566e-05,1.336461925555559e-05,7.149280511921968e-06,0.8779266620145154,1.4623090182306656e-05,1.5168249318400048e-05,1.329716100348461e-05,1.4654676080854966e-05,9.208444717480046e-06,1.449322135002395e-05,3.88161008169376e-05,1.1773423923710616e-05,1.2687267015462232e-05,0.0001284301107015499,7.885152056357978e-06,1.7905455917307727e-05,0.11622154386535889,5.4417699587181314e-05,1.1273862971767824e-05,9.081785795184221e-06,8.054160145538871e-05,2.700242663223718e-05,1.2908732743630058e-05,1.0276678847373235e-05,1.9789103845813015e-05,4.10452899125711e-05,1.983845576189435e-05,3.4531019905628935e-05,1.9315647306043667e-05,7.926930935604115e-06,9.781904334275741e-05,9.581085968521878e-06,1.3121640552221921e-05,1.5952066404201076e-05,1.0931972258841955e-05,9.996639194951208e-06,1.3759325282556995e-05,1.2721035126238334e-05,2.9906545021043563e-05,0.00012208327512955758,1.3432759489930027e-05,7.950213388450619e-06,1.3053899245660305e-05,9.326429504212087e-05,1.3041106275045495e-05,1.6268463346445597e-05,8.47793389695152e-06,6.463064010269303e-06,1.4509682288979483e-05,1.1561177875014166e-05,1.4665516789637049e-05,2.2133400909763452e-05,9.590381686414288e-06,8.931512015013896e-06,2.1780059009343244e-05,1.1976691119406448e-05,1.6348419946969512e-05,7.573239145827355e-06,1.4195486049030527e-05,2.245644258627051e-05,3.793414456299604e-05,1.4449382924767163e-05,9.742622678555637e-06,1.1782682506361284e-05,1.1444021200672661e-05,1.3243695983670002e-05,8.715488284945573e-06,1.013324587781452e-05,1.090192500405791e-05,1.047107812188658e-05,6.477809538318745e-06,1.1564323111319025e-05,0.0001758455658100761,1.4886218205216685e-05,1.162644511093358e-05,1.0560294341963421e-05,1.1827495769615992e-05,1.130716993901201e-05,4.671804829581588e-05,9.357414423078008e-06,1.3858352351220051e-05,1.0874129627664959e-05,1.3379916631192953e-05,8.679785137323663e-06,9.209831781690172e-06,9.747028052204756e-06,8.898256279345378e-05
492,9.014883673650457e-06,9.699872688173477e-06,9.373281491536045e-06,1.4676794660740622e-05,3.316932583340612e-05,8.314495828373182e-06,8.23271328794618e-06,1.0380504462746379e-05,7.87710481847807e-06,6.587408644659181e-06,1.7238910542035305e-05,1.2363217743790348e-05,1.2737846579630818e-05,1.4033491282155153e-05,5.178256598037742e-06,1.2776917765310273e-05,9.697186223191038e-06,1.8415720080976873e-05,1.2484787387929496e-05,9.56118407204804e-06,1.3282124378008192e-05,9.212629858914138e-06,1.0941895197555948e-05,1.9133615856274372e-05,9.767806025427874e-06,1.0907119812462115e-05,7.3085639915571166e-06,7.069170101067795e-06,1.9194971228023555e-05,0.0001869314566864093,7.85645613916544e-06,7.345126629173078e-06,8.426081864377526e-06,1.5283964575838283e-05,1.4071362722927477e-05,8.088724412501003e-06,9.333715327223594e-06,7.513555228996764e-06,9.887121188999061e-06,7.83889897122353e-06,7.610549356839119e-06,1.0042850276631794e-05,8.67207306203353e-06,7.155773388672253e-06,1.134418178552053e-05,6.804762574752804e-06,5.547154339264033e-05,6.844573155869339e-06,1.0785875434683528e-05,7.833983197838853e-06,1.7953103017203657e-05,8.331903637881111e-06,1.3234796271129984e-05,3.851952611956389e-05,8.274776455836705e-06,0.9986009141318215,1.1928308752851412e-05,8.948042650554668e-06,6.5766336081270674e-06,6.626659549834611e-06,1.0426723230484274e-05,1.3460240087176763e-05,1.237930557815905e-05,5.517768513731582e-06,2.2367991437060746e-05,8.164126967636219e-06,8.051793825623048e-06,7.71038799110875e-06,1.302382437199716e-05,7.977585082379113e-06,1.548042031907818e-05,6.3580377021839685e-06,1.6315592101923425e-05,1.291346495698069e-05,1.1869251970054897e-05,1.2364857383617303e-05,7.61921419261373e-06,1.017496095648049e-05,1.3730595823691167e-05,1.668433623187597e-05,2.3217114241194356e-05,7.814240159560987e-06,6.190880051819591e-06,3.0234814565103705e-05,3.473587197473995e-05,8.991505193289309e-06,1.075328095279174e-05,7.010680596741998e-06,9.12797823934666e-06,8.878557080449172e-06,1.6192381885477773e-05,7.480203544725413e-06,4.937651854056579e-05,9.347128585078634e-06,1.8069552824206178e-05,8.628688523907198e-06,8.170851349791884e-06,7.507375702147747e-06,1.059958589426624e-05
22,0.0001308148674254899,0.00010256108502749489,0.002302164107321134,0.00012299566742737735,0.00013115864839973427,9.299542029430893e-05,0.001596264407475595,0.0001107880239178294,0.00011291377884188468,6.921838872640816e-05,0.00010503890368623395,0.00013206850895280844,0.00028539137992082133,0.00026218828587968343,6.428099287910348e-05,0.00014994258305353695,0.0001374345682767413,0.00039462521348432214,0.00011677400231765433,0.001433488842224212,0.00010097068494294124,0.000118083991195064,0.00010883311345636028,0.00010321865985831423,0.00048338540895314985,0.00012903995838179906,0.00010252813552957998,0.0003544501262339297,7.384540551135528e-05,8.31218847742269e-05,0.02766168617983865,0.00021883932077914334,0.00020845905019112058,0.000114828284838663,0.0003602133007552938,9.986563448541616e-05,0.02924874084939004,0.0003494668982163644,0.00029681678226256596,0.00019369445544172663,0.0021907161229656113,0.00011452155825988837,0.0001609203818972662,0.0002133733101540866,0.0810009789649672,0.010426775129438228,0.00018208944382147526,0.005182047279494628,9.585607931214339e-05,9.841551569112184e-05,0.00036859238684752715,0.000510102752573908,0.0004493192895437805,8.185659769878947e-05,9.842280286372608e-05,6.035013062376065e-05,8.379327597556281e-05,0.2790564449786991,0.5367110852307126,0.00019023308168721818,0.0001620672282770493,0.0001159416862478454,0.00014339754823362296,0.00010152260298198636,9.910013064153917e-05,8.566530041631619e-05,0.0005739362357336094,0.00036721268508970275,0.00014688861921381428,0.0005542240289712056,0.0001296409606655868,9.187624920611839e-05,0.00011275447855607073,0.0001668958243002584,9.229127522576835e-05,0.00011779631095323734,0.0009967252256701563,0.0005060474287426247,7.69968487484464e-05,0.00019153604581193263,0.00011073481221809135,0.0006405148070295184,0.000849464774100351,0.00011247453609370444,0.001027211743252452,0.0007743467039255851,0.00014881998654211434,0.0017463657064030293,0.00012660309565070226,0.0015170740269718932,0.00021271645700456315,9.550520482991624e-05,0.00014512174585293397,0.00010810237144010002,0.0003274757771643722,0.0010966426571764215,0.0003855163592908549,9.31416568649171e-05,0.00011056075070598747
789,0.00023311843963704588,0.00034256815253445215,0.0006029088431159925,0.0003434809508195384,0.0004380448085244327,0.00027698543057695223,0.00032971012142129596,0.0003261095819971108,0.0003257726739144906,0.00016218619007409135,0.00021060482134985063,0.00023018870762417276,0.00025496716467170936,0.00031196999601622083,0.00010805943816030104,0.0005404563351628723,0.00033563781949993407,0.00024093594367114384,0.00024400054124915432,0.00034579508517408304,0.0002508629143857242,0.001333703121139539,0.0004304319961626384,0.0003618418243407215,0.0004279116621766638,0.0007158146276186538,0.00023890401070747008,0.0022606824350317784,0.0003141726254298534,0.02781662795229367,0.003147577417486341,0.0018672252665084712,0.0012411885782750006,0.0003171030558647535,0.8548593000745488,0.0002974420255797692,0.0002598898275288206,0.05993453144199317,0.00016513855697323262,0.0003754416837075144,0.00033222598411039876,0.00029637250913673726,0.0008145174878605168,0.0002443223515915963,0.0004180576083470368,0.00032088596476601927,0.00031760967787168907,0.00026379014855553617,0.00014763058121602387,0.00024298095353510128,0.00038490349269599324,0.0007577211756838407,0.00033143930255800295,0.0002984812966015668,0.0004909342564532067,0.00036170933531727036,0.0008622899147811437,0.00036262292960968664,0.00034605260981549884,0.0005408508971339647,0.0003210447833610367,0.0013874043630157306,0.0003815626702236858,0.00020546819205860114,0.0002286381780413964,0.000269913411855622,0.0013079464018142279,0.0007591411495488709,0.007224225857030363,0.00035301719782455666,0.0004180824131287388,0.0002442925880851487,0.0005439728086660243,0.0003122093579795848,0.0002425266183523694,0.0002967561720183331,0.0004968031328683596,0.00035881789644550793,0.00027716675791921683,0.0008959211539180024,0.0002811983189351186,0.005004410561555552,0.00017341144872118182,0.00034624608075862454,0.0004337450320287378,0.0003283040615372845,0.0003398375903573946,0.0008341256056630825,0.0003769685728819649,0.0003162197814989903,0.0013045119383973468,0.00020081203879701806,0.0003169867243968414,0.00025350488248052875,0.00045204810167274496,0.00034706134480026523,0.00028337325541166535,0.0005762842164520543,0.00035134871891006903
249,0.004145395794585768,0.000672798239905049,0.00039162882139082416,0.0005588405309858956,0.0006384965872157305,0.00032046762605598955,0.00035800524030682104,0.0003527696574005137,0.0004603538947979007,0.0020493438429877654,0.0016524497317132387,0.00041909969803832477,0.00045827341747786985,0.0003413699400720503,0.0004117181591650632,0.00048008822324769587,0.00046851350014566066,0.000324707498766481,0.0011186525934129173,0.0011882496957202368,0.9487453710042996,0.00039469272072409497,0.0003096375310183493,0.0004062581476452942,0.003910416765541339,0.0004640953582464146,0.0005971662754005077,0.00030153758715307616,0.00028288738621283017,0.00028383353637532273,0.00026640128863038884,0.00030998569057469555,0.00032688378091715503,0.00036042094041944704,0.00037886519745437223,0.0006151123351984407,0.00029822525604640185,0.000318987389316298,0.00027952036077302713,0.00035041819233340644,0.00028717270286749135,0.0004722579004395392,0.0003371509755121334,0.0002189775530459885,0.00029593764137105606,0.0002643104080909058,0.0003409269551483462,0.0002708792892742573,0.00023755172770994015,0.0002629722016275986,0.0003516406379598309,0.00030317162035302755,0.00036981112319872444,0.0003030413911317893,0.0014148768088883999,0.0005080195302705077,0.0002600330610650531,0.00031705296975011426,0.0003112878937540685,0.00028957635062176615,0.001253105804275045,0.00044849504516106443,0.00034585096658441757,0.00016039207218700548,0.0002536750438078938,0.001266610974115966,0.00027990374685556765,0.0003853224586910399,0.00036432944749700905,0.0001497485683046119,0.000325089621640082,0.0003018381110952068,0.0003109544919078652,0.0004693051140270935,0.0007370551187182477,0.0003024621050686396,0.0002585041302015077,0.0003907276625348883,0.0002209928746747583,0.00026581481642083145,0.0003075036740449942,0.0002588214795327472,0.0001935541436060061,0.0003490148894210339,0.0006264576946137375,0.000288416807197308,0.00036845236377225355,0.0002538520081396134,0.000332310688152126,0.00033428215088977353,0.00026790931412224605,0.0015486367418552827,0.0003637892579356864,0.0006635993981829295,0.0005705950686841426,0.0002399850391524432,0.0002804124136324788,0.0004933134875123868,0.00034032702603150765
464,4.9639899476605195e-05,0.00020823694484451585,0.00017163657585295654,6.614619530305212e-05,0.00010102098144427622,0.0002998027197667968,7.062251417914802e-05,7.027965109026837e-05,0.0002844155064554855,3.55355012808793e-05,4.125127553009202e-05,6.475352643725534e-05,0.00010756741807797215,6.641086396063365e-05,5.424314235090235e-05,0.6963761796607242,7.13282367466317e-05,4.9951451640022076e-05,5.032066947073416e-05,7.324509245620898e-05,5.360281656732924e-05,9.833093233623053e-05,0.0005473302188112926,0.00010942053835592565,6.665009955759258e-05,0.00011150743965292969,5.272747316799065e-05,8.083927833962685e-05,0.28491109222542754,0.0033572234636342338,6.631856180823803e-05,5.415606778738368e-05,0.00047882684823667893,0.00015606921045915377,7.374070982270907e-05,6.296997166722049e-05,6.722544658622832e-05,0.00031741739111446673,0.005747670242574673,0.000652199026715809,0.0001563676010790439,4.1392711326075326e-05,0.00010502467141751618,5.407789768532707e-05,6.618754209753758e-05,5.482443019252819e-05,6.90062910029452e-05,5.2605232767517455e-05,6.917965331844826e-05,4.831841907341617e-05,6.724222240375611e-05,0.0001020984759868191,7.264964693194923e-05,4.8553874926478876e-05,5.708701600094103e-05,2.4728811741820352e-05,5.737013403495922e-05,0.0003567483146065682,5.631179209940055e-05,4.7740484524184595e-05,6.793734729939116e-05,8.047874831662802e-05,0.0001154525174135967,3.366269462658139e-05,4.852215421674228e-05,8.112466457784269e-05,7.789820080926333e-05,9.907571766127022e-05,6.509579445030063e-05,3.179814368145507e-05,9.291295670766313e-05,7.309535123032505e-05,0.000207229217950371,6.667127083176027e-05,5.132333868729531e-05,6.278510549144956e-05,4.634212127502527e-05,0.00010506700870254551,4.502985833234319e-05,6.190612160282537e-05,5.896527043054161e-05,5.839983836001546e-05,3.690160481421217e-05,7.321670475255808e-05,9.419982115944163e-05,5.223957322087203e-05,5.766739509121432e-05,6.275344872129982e-05,0.00033854389071840676,6.520057855115539e-05,5.015016130363808e-05,4.2977148641228854e-05,8.068485886625905e-05,9.287208050417684e-05,5.50742079602617e-05,4.507235971510521e-05,5.544738775710932e-05,5.188738166189264e-05,0.0001289169409770617
1499,1.867290541437469e-05,2.6487694296995678e-05,4.717377526728225e-05,2.739311501769888e-05,2.754958471949487e-05,0.0012040622376092937,2.9454455062001606e-05,0.00047727996633275605,1.8062690811828447e-05,1.708935546234395e-05,6.755396934014452e-05,3.438242043746904e-05,1.9421001475363464e-05,3.5569793456534835e-05,9.41345246457116e-06,2.946610861044063e-05,2.3916428094258057e-05,3.490194206243859e-05,2.8523240115873763e-05,2.061879121581937e-05,2.1150369230045666e-05,0.00014675141600061702,2.3717033184091675e-05,2.4443065120421747e-05,2.389271224541925e-05,3.680214270070158e-05,2.3675947846716933e-05,0.0009182025262661918,2.175762129353446e-05,2.1818093111970266e-05,2.517443803280375e-05,3.19375855994226e-05,3.6935940691740084e-05,2.6484505102804115e-05,0.00026117613327407944,0.00013730914194148597,2.4470642909538457e-05,1.7715050564928728e-05,2.380019400400554e-05,3.108026949970893e-05,2.1128798470800066e-05,2.0847648430992344e-05,0.9895811275323646,3.531351430034828e-05,0.000297955490442971,1.7150613950594167e-05,2.21688653457334e-05,1.929592881745709e-05,2.3180622848113107e-05,2.3607421496551277e-05,0.00016422574559636754,2.041442207284781e-05,3.0998523468964366e-05,2.181915336541259e-05,1.918029990974815e-05,1.2745000605416004e-05,2.7170605726520787e-05,2.616698529324263e-05,4.0993830091078155e-05,1.6594806420967513e-05,7.461044175542993e-05,0.0001650336405135984,5.146152451933325e-05,0.0002580532753665829,1.781510565840888e-05,2.133658593799364e-05,0.0027735540297787998,3.699106125324936e-05,2.5555894858065535e-05,1.6034937735025338e-05,2.7119109080470665e-05,1.571198018277991e-05,6.078245090961483e-05,0.0004085220116348789,1.6275257856591828e-05,2.2489924528268064e-05,2.194321418872169e-05,3.050931054742892e-05,1.3512848230622846e-05,2.546126112017928e-05,1.5224812205777093e-05,0.0003746386981964518,1.4292139336659523e-05,0.0001298309626241533,2.4171202999860377e-05,2.279091588118537e-05,0.0002378414337815934,2.8386981119800836e-05,5.3755584230175166e-05,2.5636299641103494e-05,0.00012044474014583399,2.7779193092527722e-05,0.00010159683582701191,1.7534751887136985e-05,5.2611384511868575e-05,2.3116396920705834e-05,3.208127684916974e-05,7.507590999629108e-05,2.3043050190713337e-05
436,6.0847275214542374e-05,3.967230232989939e-05,3.311436593494163e-05,3.241993787149149e-05,3.394783631555798e-05,2.744334665528401e-05,3.8808864266935036e-05,0.00013559307976219431,0.0012388486877352352,2.156289239603408e-05,3.2647592552535184e-05,5.194404622127531e-05,0.00027768433937051275,3.7124657706642064e-05,3.203471609126317e-05,0.00010179757488883473,3.9740099840995005e-05,3.513753833468424e-05,4.617509785494441e-05,3.3417871886033723e-05,6.155220204123554e-05,3.975923235748111e-05,3.6890116882274585e-05,2.956106521135808e-05,3.489540700464414e-05,3.5716770250384065e-05,7.461257417058756e-05,3.1983920059365624e-05,1.951525782341099e-05,1.621491069522443e-05,2.260609096240602e-05,2.3539225208252566e-05,3.0820045846539584e-05,3.0805408121063136e-05,3.200715806837233e-05,2.9032371743690036e-05,3.349117949228239e-05,2.19124136710403e-05,3.136899310031686e-05,2.577348700149295e-05,2.3777195720766935e-05,2.494350005510168e-05,2.8679700455228746e-05,0.0001389852600288155,3.375957512713343e-05,2.1527806575046857e-05,2.7582732911739597e-05,4.8508569488755256e-05,5.320061165960275e-05,3.2377822928962955e-05,3.4311297274375605e-05,2.565361040405018e-05,3.497409933427572e-05,2.650380736997892e-05,2.3879244201080377e-05,1.813906418542109e-05,3.146587664259905e-05,3.063762439838068e-05,3.977924409955009e-05,2.3114686228919872e-05,3.502933189387987e-05,2.8776157855811075e-05,3.8220323570852976e-05,2.4023900105859263e-05,2.2469750764717336e-05,2.6292809421237424e-05,4.555039241555059e-05,3.3127755530940094e-05,2.84109278596591e-05,1.9729244400929298e-05,4.130047442242244e-05,4.6945127715767045e-05,3.145892974788199e-05,9.648322022606147e-05,4.073585835995665e-05,3.590441914443705e-05,2.624402788408081e-05,0.0003450644035347225,1.7555322722742038e-05,3.627646086281911e-05,4.6210114098540735e-05,2.563179421476358e-05,1.854241366648329e-05,2.8542488461862763e-05,4.6064908975421345e-05,3.24573059070147e-05,3.2292131922680396e-05,2.779884314306974e-05,3.516798109128707e-05,2.9362957291401488e-05,2.5274476582444985e-05,7.603612838345692e-05,2.8148829213778715e-05,0.0004965490100835473,0.0012119180126215672,0.9929710899378488,2.660106238193693e-05,2.1287046225051315e-05,6.760443741554797e-05
662,0.0023463248349888037,0.0027637886352506968,0.0032832633075964503,0.003971705605836642,0.0032405874751187144,0.002577682647620989,0.0033796551510174217,0.007677496225289406,0.0025725910741437002,0.0019772924204270502,0.0027910135768029654,0.005318378058206215,0.003489376336643567,0.003113113450756534,0.0015137686045200748,0.010673034671235695,0.0031343075445991807,0.002816768134489121,0.0028617568095754393,0.0028878681927695504,0.0024734400254085697,0.005072430714982733,0.5706180318939634,0.008047985649751798,0.0035220095403530154,0.006034493513913205,0.002819042704712568,0.002865103790387564,0.030187913765430886,0.004672265834992362,0.01276258730109899,0.002864667034216465,0.0071020788171986685,0.0032770503784024067,0.0033048553713358295,0.002593441958748004,0.023334047531594408,0.006108700911416875,0.006864448645409644,0.013175083266207607,0.004075047218283724,0.0021150083690679457,0.003187328662331985,0.002385745815296919,0.002851170381491934,0.002188159051109474,0.00377126783153145,0.0023865671304057804,0.0019037010779974742,0.002979247407920147,0.0031912582298200235,0.0033648667923743417,0.0033722403999634164,0.003133959985084706,0.002556963269776375,0.001898030549931842,0.006185982268120773,0.004314260399367687,0.0025243279478364363,0.0023412522076012177,0.002824929494955583,0.003110789502147033,0.003685128225591386,0.004680784625657565,0.0022294649556361813,0.002446246605744704,0.005167976103995944,0.01849548822582635,0.003337430865215508,0.0020326020602962546,0.00339823610898121,0.002337359789443178,0.004898924852342227,0.0038682970526166044,0.002179432126832195,0.002555736627529615,0.002491431596181991,0.003930297286365302,0.002210123226774307,0.0026062312252041276,0.002460212131722857,0.0030965100995209143,0.0017089115466233785,0.0028938498132158093,0.002387613795254579,0.0029457905458538194,0.0030332867812268276,0.002718448924666542,0.00624909552472238,0.002838349370876735,0.0026818336180957298,0.002119702703643074,0.0027244597702894683,0.0029880057867416846,0.017105501799366773,0.0020497350950151303,0.002285642786786093,0.005535016022671347,0.0028752869246426397
1021,0.003399536079461891,0.003472940043123988,0.0013087138330262007,0.01896631244388951,0.0013625906723038956,0.000977963379069919,0.0010781098981732199,0.003889026381723747,0.00166816580551145,0.0006952700125358038,0.0022076476334093177,0.0013841818096998015,0.4898397258283603,0.0012304619917323388,0.0005437276304320496,0.0016319606294805781,0.0012579699102908087,0.0016184147164119205,0.0014848090567591596,0.003533559117531734,0.0009837383195162794,0.001376170848511777,0.0010034551906709008,0.0010936122602137322,0.0011543450417726797,0.001726226052988269,0.0423611778391252,0.0010808903146353054,0.0014176290961609365,0.0007410923238684072,0.0008609180394960401,0.0011911079331470894,0.018652519145153458,0.0014560435594627497,0.001202313113199689,0.0010173187312513558,0.0014868152030171173,0.0014802824661622695,0.001160542070846912,0.0009448385035848726,0.0009325067134741789,0.007010582074864918,0.0011309285244620513,0.0009570571944327374,0.0017781528336908669,0.0014206845752328496,0.0034625260258990443,0.001154484612928602,0.001369277149505433,0.0011888739761383013,0.001889262991545152,0.0009430968265366545,0.0016671736141359848,0.000879554572365288,0.001590120417014913,0.0006168638227644261,0.0010440701409239973,0.0011064089506855896,0.0008981273671345677,0.0007828975591214765,0.001232151995068869,0.0011044032590361743,0.0012359037465277745,0.0009320417463862549,0.005821207971959709,0.22739945500756759,0.0012386801317401574,0.001656065390069372,0.002012620717301139,0.0006732494893397525,0.0011375843819294725,0.0007515791793803807,0.0010885441334757655,0.001374660320290677,0.0009218644691494211,0.008319729290185084,0.0009259889795980322,0.0019305897735468558,0.0007461183107848518,0.0050761304737616374,0.001004998992738516,0.0022657738617878637,0.000633226570752886,0.001229506742274383,0.001577656134863946,0.05261486115394425,0.0021584722830720574,0.0009862255607243613,0.0011334815843276921,0.0011055070844324581,0.0010532419390988962,0.001526893730346508,0.0010788796578028344,0.0010593485170186585,0.0038323003344640488,0.0017244350065078406,0.0008855745171243578,0.0015114267207295383,0.0012748479723202171
1432,2.5345765284248106e-06,3.594244017329386e-06,2.961724129921773e-06,2.3902552790590787e-06,1.3821182615930292e-05,5.612167901936454e-05,0.00012625866543960687,3.2065709997318897e-06,2.3985992950861967e-05,5.0924170289876644e-05,3.0413815644549256e-06,2.570602125206141e-06,4.21139969876902e-06,3.1962219292515385e-06,1.6230274954081115e-05,4.206489401258665e-06,8.740698793619125e-06,3.5188266657375723e-06,2.9954813399377948e-06,3.1998714088557304e-06,3.961635169132347e-06,1.2586024977519921e-05,7.777035283614621e-06,5.104844853252998e-06,4.099854382916194e-06,4.72119057591202e-06,0.0001528227514302106,2.8531366319641677e-06,1.0339640081345901e-05,1.981265954232417e-06,2.4794469506730276e-06,2.2797935577506842e-06,2.7060908020566747e-06,5.992528537031355e-06,3.612033771170385e-06,0.0002012321533355868,3.495605886557775e-06,3.1247407138790683e-06,4.259633410014961e-06,3.369866870803591e-06,1.90693284558065e-06,3.2049314420988466e-06,4.568763412593758e-06,2.6108736258794356e-06,3.0153282575772725e-06,2.061788671107249e-06,4.527547684387215e-06,2.1700028143946494e-06,3.924855073455371e-06,2.6996106635698725e-06,2.8615157446478625e-06,5.1161096517382784e-05,3.899777930716236e-06,2.951518624943632e-06,3.7995525291019464e-06,4.476928814478463e-06,2.7556465555176656e-05,2.7250793648321104e-06,1.9521650936116273e-06,3.648344760454444e-05,3.431759511310791e-06,4.532752643637943e-06,5.788319291050475e-06,0.00022251328672651796,2.6106367216573647e-05,3.2239710707985194e-06,4.228123497025134e-06,3.211747325023271e-06,3.947083064079499e-06,5.687679986214374e-06,6.765742063914426e-06,0.00014928675087816682,1.8775635862482855e-05,4.677433024131412e-06,7.771969705321672e-06,6.380344156006846e-06,3.39035777177271e-06,8.53613909319452e-06,0.9981963803055817,2.235015963845908e-06,7.913539965348304e-05,1.8735444633472106e-06,0.00018728244025916204,1.0548914951645179e-05,4.657578176821042e-06,2.6671661891205507e-06,3.1556558440853598e-06,2.5273663891716056e-06,3.85340923560067e-06,2.712474273667301e-06,2.2801060954154965e-06,2.166722913667023e-06,2.6763758194981223e-06,2.8953620381152795e-06,3.5073210456933095e-06,5.267467619294662e-06,3.174230025242359e-06,4.4472844656729986e-05,3.207071320648874e-06
1271,0.00024213693971964528,0.0001097853535473895,0.00014196281854508025,0.0052203733055029775,0.00013456832809017867,9.768202028145522e-05,0.0001074024526371276,0.00011046575828430543,0.00010567369492107238,7.270750731105888e-05,0.00013542092403566556,9.33139669482333e-05,0.0001351305759801407,0.00013652220810326986,7.133345318597471e-05,0.00014943319801220505,0.00012631764079992953,0.00021682784514366035,0.0001412795309050347,0.0001344975294512825,0.00011520255120720408,0.00012065565573519759,0.00013385931131710418,0.00010601753301236802,0.00015665094573132738,0.000151017176770363,0.00012939352543818957,0.00010870325105011787,0.00013759663616763745,7.307735118314069e-05,9.5781243286411e-05,0.000132754730361279,0.00013106255406670862,0.00012603946203693347,0.00011828604239392984,0.00012420671053360726,0.000134331546143869,0.00011618884351294896,0.0001387914884513997,0.0001098979720191471,0.00016845939482419017,9.981304668229432e-05,0.00012217759895469628,0.9768244729401199,0.00016047006390002165,0.00014295457480428171,0.00011992674367834622,9.655514309111118e-05,0.00013721737153178304,0.0005736556740460338,0.00013471179509051703,0.00011930486352456554,0.0001834193353576688,0.0001262946211899585,0.0001463897061001594,8.740925119786363e-05,0.00012067386486768684,0.00012428303129273171,8.339405760626315e-05,8.21534203786894e-05,0.00018722132733739206,0.0001263567584881094,0.00021099194339682127,0.0001664818188981975,0.000127372623887046,8.649987429087781e-05,0.00012775112402554125,0.00016116064052507532,0.0002742123513533607,0.0015218285905267781,0.00016115335197604082,0.0002510595347043838,0.0001228922808731173,0.000181833076478019,0.00010095114224823979,0.00013777220276853252,0.00011019467916869734,0.00044317341143480435,8.274805224935029e-05,0.0018518494551853619,0.0001309422833236149,0.00037893369122155897,8.388547090295349e-05,0.0001167706330710454,9.327611653000336e-05,0.00018182398754283894,0.0002743802829737875,0.00010179707282003452,0.00011822860161653455,0.00011360050411129529,0.0001271092920200447,7.871070885280233e-05,0.0001951721852985963,0.00013125406252300202,0.00012045794865266897,0.00031738110591858975,0.0007836671286817185,0.00030484168138737543,0.00011817692267250768
426,1.2333224216878102e-05,4.53687472304773e-06,3.1291517008305134e-06,5.407024438402155e-06,3.257355474452559e-06,2.4173441716625995e-06,3.2534664023846476e-06,2.463635924365355e-06,2.417963928167585e-06,1.663219239023559e-05,2.667107446641076e-06,2.17798529522998e-06,2.514179200034283e-06,2.7946319801149986e-06,1.0370324756903314e-06,3.7123293771903535e-06,3.436388359775741e-06,3.824225706675793e-06,6.162192947479915e-06,2.672390853053225e-06,3.4929089476692988e-06,2.9904591813851167e-06,3.2127796092673613e-06,3.105502944076105e-06,2.8814858967939735e-06,7.213760930437169e-06,2.300764147664601e-06,3.3073561825448124e-06,1.6946864510936335e-06,1.8374079401451617e-06,2.033828609441505e-06,2.5457597929151467e-05,4.560716821060962e-06,3.322891715138782e-06,3.011397593479704e-06,2.421775366990159e-06,3.15610608555491e-06,2.6813188768031976e-06,1.781562029155135e-06,2.3290645495254903e-06,2.92354712839086e-06,2.100819737168315e-06,2.677332045751564e-06,7.438501676754163e-06,3.959522838611939e-06,1.0188309759039536e-05,2.7949773831921305e-06,2.174221100801416e-06,2.5919174629769154e-06,2.021583460678594e-06,2.889930483244137e-06,2.4369512732084048e-05,2.988763486173839e-06,2.2691505059739396e-05,3.1029281286690395e-06,1.176543697942214e-06,2.565542640446408e-06,2.5766158690438986e-06,7.447546533766119e-06,2.254761301848298e-06,0.9995021192139246,3.0852846172966245e-06,6.4318447280899e-05,1.2859307027838816e-06,3.589733153383651e-06,2.8835932236099606e-06,7.858474649873527e-06,3.1022405154012563e-06,3.6780195156878716e-06,1.614605134897125e-06,2.6745984442075684e-06,2.1497728485641624e-06,2.536089741564307e-06,3.2000407156377517e-06,1.9789571047733854e-06,5.88825150628898e-06,4.136125608381817e-06,4.144476122326214e-06,1.686941482594855e-06,1.0838523864623005e-05,2.2295740674739046e-06,6.6303215536919594e-06,3.611690571020701e-06,2.748528914569642e-06,4.559438529588391e-06,2.4538615366689957e-06,3.298794114341669e-06,2.0921457072959556e-06,3.0559056623267106e-06,2.930813302870874e-06,3.602159710197373e-06,1.8305283902211976e-05,3.055290661697946e-06,2.169953600587125e-06,3.6113137582902703e-06,1.950243014951271e-06,2.466080552978686e-06,9.410648733901737e-06,8.474180601907116e-06
1120,2.1454903138592905e-05,2.75994110004935e-05,3.296281888172245e-05,2.1778610687043588e-05,2.5801921957349466e-05,4.5808637402320635e-05,0.00011414879242302473,2.1214363081763118e-05,3.965583827962307e-05,2.318251905647313e-05,3.7171898134465854e-05,2.6567470879237225e-05,7.963183112504753e-05,3.8947015335717754e-05,0.0006828388566348536,0.0005068921292434418,0.00016410310818167117,2.730166601305492e-05,2.7563187273407255e-05,2.5617722081069246e-05,1.766040860811775e-05,0.0007497412250356277,0.00038971280139564923,2.3858570063136257e-05,2.4255960353057434e-05,3.511539327615963e-05,0.00018671415673596973,8.038320771426773e-05,2.581103474803816e-05,1.3046444852716045e-05,2.258948068901851e-05,9.728488171677965e-05,5.378649657258137e-05,4.102267189600055e-05,2.1805493419287734e-05,2.888095140807158e-05,2.4906340495891663e-05,1.947558346067572e-05,2.9480199244901694e-05,2.1023226137468758e-05,0.00010730810132341165,2.6773292140564543e-05,2.4420721966211586e-05,2.7421280143464667e-05,3.0229044731840737e-05,1.771790399601486e-05,7.782597295318774e-05,1.891186846872396e-05,5.4535946035672664e-05,0.0001150343543818515,2.6486996679128413e-05,2.3081362953701346e-05,2.6278384388174666e-05,1.667387863823907e-05,2.338912861160717e-05,6.948560117105802e-05,2.9598051892254782e-05,3.0965674525279564e-05,1.7598767615862533e-05,1.3196340713985043e-05,3.571396884491858e-05,2.193688507217571e-05,3.89537712436552e-05,1.5166300611184816e-05,2.1776621238290475e-05,1.6978376025252543e-05,0.0003310621170042322,2.48194919925267e-05,2.4484468415398965e-05,3.046125283830075e-05,5.612060207761201e-05,3.23215776259784e-05,0.00020474232917023154,3.781116773275957e-05,1.8731405565248832e-05,2.2981106995918943e-05,6.227191029971573e-05,0.9934832426199405,1.6264830671412943e-05,2.494833883084207e-05,2.7770318004273366e-05,2.2847262147909845e-05,1.3079731038189832e-05,4.9863476836754286e-05,1.7565878617785856e-05,2.7895153820237943e-05,6.430152198897205e-05,2.013233231953322e-05,9.165916726847413e-05,2.278892737829767e-05,2.414656368646109e-05,1.5103986433950105e-05,2.1972091892805552e-05,2.2739677571243457e-05,2.9826826907357443e-05,0.00015568644433624457,3.664818207601833e-05,1.994216588913652e-05,0.00012151124762615421
85,7.713662818974114e-05,9.400903171235757e-05,0.0001097610020546334,0.0002622137916206705,0.00010600105907938284,0.00011018296157297758,0.0001163162298303834,8.586812237311526e-05,7.837341972109859e-05,6.616618042130907e-05,0.00010134796417149989,8.117965872695065e-05,8.417420977020099e-05,0.00010192371893064447,4.314576824601884e-05,0.00011782067801700083,9.966142466859339e-05,0.0001444564832037777,9.018087035069895e-05,0.0001018769418409396,8.472761411065937e-05,0.00011604761495507209,0.00013555730657014917,0.00010446923535242912,0.00011522376530966284,0.0001053818213451219,9.756453087063561e-05,9.150911092208333e-05,0.0002845124720806728,7.188630438816808e-05,0.00017009281555665275,0.00011749086143333822,9.328759891411576e-05,9.212765045877067e-05,0.00026568260902423626,8.306395787761795e-05,0.9874219230876015,0.00013706254236570063,8.095339995030829e-05,0.00011379542120641674,8.22467148192867e-05,8.48580142244018e-05,0.00010361257877609677,9.214443974716304e-05,8.167375841631109e-05,7.909458579334262e-05,0.00015279897905460477,0.00017048892469149975,6.648324060584275e-05,9.855075128512037e-05,0.00028955464564206463,8.541472145127114e-05,0.0004016461057246463,0.00012580578719378473,7.725914394290112e-05,7.116346886022195e-05,0.0001818683308457241,0.00013877492779832388,0.00011116035731960408,0.00023662869240947826,0.00010311320687076279,9.826061402007668e-05,0.0001410664422677679,5.922019272121166e-05,7.439314063993235e-05,8.531485572069271e-05,8.787692294393909e-05,0.0003224294123614687,0.00011685256021684227,0.00023079749147737408,0.0001302887371628333,8.526968212849429e-05,9.675865791366276e-05,0.0001482334700934644,6.981592438746037e-05,0.00016890795085815641,9.878149065232369e-05,0.00012058750356782072,5.791655350125763e-05,9.381610995625253e-05,7.783298788071e-05,0.0008421697464505524,6.649912946687682e-05,0.00021374861595169052,9.358930628063912e-05,0.00015552113892383721,0.0003149230132020507,0.00010393444883462055,0.00014386647576088873,9.689612722351607e-05,8.946842066864977e-05,6.883063647946222e-05,0.00011011828429106257,7.636510601960887e-05,0.0002259344339297918,7.96862249739765e-05,9.464400095176189e-05,7.145853522271124e-05,9.942841462880866e-05
394,6.836139531747086e-05,0.00027646432914493535,7.883560398200563e-05,7.565688465874557e-05,7.260736242350008e-05,6.126447967864293e-05,0.00022219175707657618,9.561552369810207e-05,0.00044633485018209085,0.000323934794964936,9.630450044424052e-05,0.0015547545378405412,0.00011246601077077886,0.00017043417184204723,0.9881497809065029,0.00010316945251482201,0.00043284853189908115,8.12777140569635e-05,9.437291019441334e-05,7.158642239638705e-05,0.00011632159232761994,6.810284495824808e-05,7.65066934965952e-05,7.418121719903835e-05,7.048168542063117e-05,8.052265523101572e-05,0.00017442718210914157,7.935368641424833e-05,5.5699261702820354e-05,4.1993913938088745e-05,5.8698512046473106e-05,7.150264635448299e-05,0.00015051410159805522,7.75792604627809e-05,8.27994853227679e-05,6.18653564658445e-05,7.81133572882059e-05,5.2851451563281565e-05,6.124877678658432e-05,6.494219126321523e-05,5.637860658620292e-05,0.0009364632353899129,6.716676810636585e-05,4.3806176997882294e-05,8.509636283538404e-05,5.134180139015048e-05,6.713948104110793e-05,0.00015628000560049393,9.346110185306848e-05,9.327726725055825e-05,7.579155320234764e-05,5.922134186290688e-05,0.00010007000982871745,6.445456718408608e-05,6.334191311629819e-05,4.349509393162971e-05,5.660959192013272e-05,9.024065572507438e-05,6.793531701587002e-05,4.873429644083696e-05,8.462911887769541e-05,7.014348328193485e-05,9.668590616881529e-05,5.483408482799238e-05,6.143035678814178e-05,6.822819948660231e-05,0.00011925364440940221,9.577485906494498e-05,8.214953336600951e-05,4.058381571740444e-05,8.37152228396026e-05,5.995521743081687e-05,7.373334056577692e-05,8.545407560208953e-05,0.00011145854851483348,6.234048766244508e-05,5.9226532540340823e-05,9.900342745203273e-05,0.00020999904243531722,8.121017058367067e-05,7.089955797987415e-05,6.280357750074476e-05,0.0003267234904680309,6.687744505045988e-05,6.619010740689123e-05,7.058953389138646e-05,6.368122705167273e-05,5.4269794303403424e-05,6.770071842254551e-05,7.261722395530283e-05,6.033630118900159e-05,9.552074881486453e-05,7.736040587023276e-05,6.592371847758798e-05,8.348339351854563e-05,0.00019728339971381102,6.12034466468474e-05,5.653704039519483e-05,0.00017391664291039542
1265,0.0017707403727073184,0.00553851749905801,0.003051789762702784,0.005631547535613723,0.002842926619978643,0.0021852832747684503,0.002211884524592136,0.002805459858642164,0.001529575406981592,0.0013751077392006683,0.005343928108588056,0.0038882600074939258,0.0019794782172844316,0.0020439174144965067,0.0009159945566715019,0.0023234189648794123,0.0031180493939041106,0.0019866314094212707,0.002434204831561584,0.0038933278901543992,0.003741424099605055,0.003365065319129594,0.0015889756001607248,0.001890630853727922,0.0019237015769187787,0.0033107838716649844,0.001540067690739225,0.0015320262876768968,0.0018659364578619772,0.0010474992737461676,0.00206920661179453,0.0017589767181039636,0.0021585823437740882,0.0019361516539494713,0.0021256758022811383,0.001636375326876588,0.002201701135412083,0.0014534499775000524,0.0015864531686997016,0.0016914676538139397,0.002001307712577462,0.008183448373044277,0.0018386963319428564,0.0013645388855498663,0.0018759854287744625,0.0016649119088383293,0.0038112670160462183,0.0037962915645058768,0.016416981058269327,0.0019938472835243116,0.002169792860133828,0.0017433546101809838,0.0022158757882032288,0.004942925820055143,0.0015786964575541177,0.002243099125615354,0.004275899644621477,0.0018877299518897661,0.0017060253659067846,0.0013245766418665725,0.0028527202624263797,0.001915690890638737,0.002829960677036834,0.001165156674926109,0.0021788574144495426,0.002095849434696527,0.0016666834730129677,0.004203355542967601,0.0021925880633943745,0.007416378454316804,0.0020020154510924817,0.0016090316373935263,0.0019449252316527704,0.0026975505918951934,0.0014145598738108966,0.0038418148710937503,0.0015930491543058641,0.0021510489347275584,0.0012164342762408526,0.0017621055940341404,0.001803963537677409,0.0034505202965282008,0.001120330767601274,0.0018688297770952606,0.0016199508564054663,0.005109115667164788,0.03207449518965824,0.0035325632985719023,0.00181099974528338,0.0019034917537701782,0.0018969438697846303,0.0014631201924993288,0.0018700461786940905,0.0016110920790888318,0.0067242733522654185,0.001742880835353008,0.002005092166597096,0.0015184243465310632,0.7137946429440797
459,0.0004712155857643155,9.646851697354316e-05,0.00015140437408212062,0.0003281566246361293,0.0001116939897712337,0.00011510813496071743,0.00010504402358225684,0.0003672697144365986,0.0001419628341056591,7.403395761897133e-05,0.00021508163702055447,0.00013374684348920336,0.0001983167298633837,0.00016833042122808245,5.339015164864888e-05,0.0001302701078370506,0.00012132171874329372,0.0005726340691285544,0.00019517451506255893,0.00011161316262598015,0.00017294793276658777,0.00031001183342518337,8.52518520800594e-05,9.784475887627914e-05,0.00010420608315282649,0.00012791181065808247,0.00011185379705816962,8.021324420194446e-05,7.536248935092588e-05,6.207894534266917e-05,0.0003601684312586691,0.00015937272134125262,0.0001411098939875214,0.0001109247016527883,0.00011235511289246459,0.00015748896644724648,0.00013003541504020042,8.723909473294154e-05,0.00010215299543982,9.777773706932469e-05,8.826045028255243e-05,9.278651870024499e-05,0.00014179201078350849,7.102430107737247e-05,0.00012609847660420684,0.00028732159771701645,0.00019703604668677328,8.769022810012593e-05,0.00012050535956084469,0.00014434859877646147,0.00011012392942847207,9.010416801320101e-05,0.00011153763566461223,9.094451490085293e-05,9.030182307233162e-05,6.91103418594614e-05,0.00018395982940958559,0.00010308347566233136,8.818038683875942e-05,6.210076392572317e-05,0.00010099014562592249,0.00011412170556825144,0.00011299570804244471,7.307330185290173e-05,0.00014356010533192698,8.260045737247127e-05,0.00010732132492199801,0.00020291949604244039,0.00047215524239518203,0.00022057818242234936,0.00010703349657683438,7.072098501768837e-05,0.000106141600293111,0.00012263082544695957,0.00010173403578771943,0.00013548337782356995,8.943788844661493e-05,0.0001092453969830748,7.737153323828305e-05,0.00010604930900255324,7.733293069258772e-05,9.753274046192137e-05,5.420293835223558e-05,0.00027030542574819157,0.0001805831693289737,0.0001537157420268135,0.0003153758580285482,0.00018219321872262598,9.737137116523613e-05,0.00010253382206672385,0.00012601517586982854,0.0001757241568728597,0.00011035461315582542,0.00017328084458353936,0.9857508625703191,8.206263378621516e-05,7.853720980901368e-05,8.16720299666701e-05,0.0003293240444325974
1132,0.0026665153535589846,0.0015348131755700612,0.003466695201318051,0.0025569005732288103,0.0017595254395261243,0.0030987606661195388,0.0018858925124046408,0.0016106690919104538,0.0013219613374132735,0.001163141778933114,0.0018359307456029075,0.0017031425717909617,0.001670287262552491,0.0021532226868925695,0.0008512756204748482,0.008002708675267568,0.0030882315308973117,0.0016553700051856468,0.017664521362409705,0.0015735161058617066,0.002175292299997686,0.002489494848936237,0.002859789112792516,0.014476462649697855,0.002220722585936585,0.0029495406017344783,0.001959399867529341,0.4113328989300661,0.003291572315025119,0.001277398978639083,0.0022859359515399096,0.02825130122484193,0.0016258024354789354,0.0016338973339562542,0.03468303984504893,0.00205847302734502,0.0018020173540190454,0.00502092331570235,0.0016866134244793414,0.0028215621912419148,0.002304945676988428,0.00253263949848996,0.004006858034666114,0.009572755329972475,0.0037114781336539037,0.001226913382354989,0.0016627594790612624,0.001359996381860119,0.001209560162692546,0.0024009939110440776,0.0018548158839172702,0.0016744190552803288,0.0018512610139330493,0.001359562341272987,0.0031773676437553493,0.0018110014842165738,0.001790963006709148,0.0016724800959410926,0.0026722008717623255,0.0013358348905042796,0.18148506521498664,0.003016927022382267,0.004396247721790071,0.0016369100038876626,0.0013332587756238528,0.0015892608308625184,0.006571502771484481,0.002592430408458737,0.0017051826156276636,0.0013727021759621352,0.002197407159364051,0.001193176902449368,0.00418346474624951,0.0019322030541200188,0.0032089830123982815,0.0036299551096368723,0.01716772211155282,0.0023268808501620956,0.0010252007108898283,0.002885440851198932,0.0011857185448478711,0.07937277261058548,0.00095170419981182,0.0015719054922087516,0.0020082613030372315,0.0017430985944554228,0.0028857200220038233,0.0017732799826655323,0.0024780492524399816,0.0016927914067465136,0.002213681930575579,0.0011716061786471463,0.0020403953610934446,0.0019167316217878925,0.0019982238301538406,0.0020310198108536583,0.00416523862049249,0.00416440618109718,0.0018314467384050498
1392,0.0009304291311949318,0.0005766172887856485,0.0008474738450209001,0.0012358775243600678,0.0005631043133483095,0.0005475512858923097,0.0004927821395712233,0.0004761629389821531,0.00043632667636536374,0.00037810336262082814,0.0005131460367118547,0.0005217332389243865,0.00048263916504212416,0.0008197091942077436,0.00029954645677730964,0.000606677305010313,0.0013438560684533435,0.0010452397659809062,0.0006126722393511167,0.0005453287265775992,0.0005058677666256681,0.0005586847913281302,0.00045691026331642155,0.000593834940932989,0.0005321538796973562,0.0005926331350656687,0.0007521279775042135,0.8053657943752985,0.0004682617800811876,0.00030014941854416855,0.0011699778111642495,0.0031450655696371997,0.001000011720459528,0.0005343408920471988,0.0012039760227852282,0.00044401343589401716,0.0005387246064811315,0.0004196354308443992,0.0005258237469388015,0.0004979136494918424,0.0004618630088056865,0.0006564737843258395,0.001182984844466689,0.000785008327536518,0.001979649645427122,0.0003891162681265456,0.0004653649615396336,0.00041638428061602705,0.00034352193507373237,0.0019057690310321175,0.0005779281717863901,0.0004828061030034949,0.0005884384196955064,0.00036316925081376726,0.0004660162498458181,0.0006349316364449408,0.00039611972665397387,0.0009201742653871524,0.004260834870960842,0.0003820242558922882,0.001578280167407628,0.003464770242290445,0.0028833266659618437,0.0003910974294848719,0.0007267133143989791,0.00038152425492233194,0.1182988713748299,0.0005745739994180184,0.0005447862862898226,0.0005100198160871187,0.000520654306528003,0.0004139726618212864,0.0009033344448441973,0.0006236796253491043,0.00040981708421938487,0.0004831901972584917,0.0004752982616019296,0.0006475817362451131,0.0003490018995626931,0.0006873633464512323,0.00035271726064964976,0.0013577731036591323,0.0002835268001093233,0.0004907200019088044,0.00039502915944564275,0.0005988679167069085,0.0008493255860195219,0.00044223757684413897,0.0010715579692531013,0.0008234889899048715,0.0005816734262224951,0.001066172500051552,0.0005451938247308544,0.00048068267911931684,0.0013948490334225795,0.0005832003527076929,0.00043440774860123974,0.0023223527110388235,0.0005189092898815361
309,0.0005614864585171377,0.0006762474534875744,0.0007208562909865474,0.0006660476265449273,0.0007360606577473279,0.0006199836617584521,0.000633250987502442,0.0008235239469963848,0.0005492082016524541,0.0004829283048585155,0.001183669547530267,0.0005119337354362238,0.0006147430311367353,0.0007256016292339116,0.0003597017441088662,0.000875694422215331,0.000682234367415854,0.0007626033295377465,0.002777067975886004,0.0006903743395075558,0.0005830187890238507,0.004584768480586247,0.0005741583502659975,0.0008348365324840985,0.0011375321859565957,0.0009026639424299486,0.0005283950957115912,0.0027422560454379193,0.0006217346867870491,0.0003583499250484087,0.000573415057564832,0.002316104283777655,0.000729314047995613,0.001088411088302612,0.0022237694216708523,0.0014466184541920182,0.0007132257674735278,0.000713568088844314,0.0006501165618455561,0.0008396749251827121,0.0006634776286431207,0.00054454154824282,0.0915175815432885,0.0012706953762568432,0.004120462162509949,0.0008306937439785329,0.0012887129919574535,0.0005098524609715257,0.001207310624710708,0.0010838898667852358,0.0007878299648996749,0.0006104601054362188,0.0008267871393615238,0.0012858648149567666,0.004033864060893677,0.000556832490954992,0.0007147211467875481,0.0008364557415716729,0.0009420383879428048,0.0010995140824064562,0.0010285104736620645,0.6209427729030348,0.006474979912425989,0.0004442171845322115,0.0011679557277215447,0.0005338789562823716,0.0011047341608611996,0.0008769892750764143,0.06385566142331221,0.001563982048166099,0.0010206216183165824,0.0017709898922347788,0.002719019381950952,0.0009988059524270968,0.000616402559053625,0.0006849208544172056,0.0006165856550919539,0.0007255176369407407,0.0003993867545599178,0.004277036758111532,0.0006600672721612271,0.007229115653682267,0.00039911722411405695,0.0006428162586376332,0.0006238303567025358,0.0006685702152377835,0.0007578681763552806,0.0005101099878841704,0.0007216271617976904,0.000645694514932459,0.08338619798595766,0.0004922708321636627,0.002310465341383018,0.0006216828106939825,0.0006155770844841961,0.0006637056778217445,0.03087138381366814,0.001192758130017315,0.0006174370489282687
987,5.932119828034114e-05,0.00011996212477627529,0.0001484562561675291,0.00019355789168313845,4.66810112136474e-05,4.1194150338780696e-05,0.00011632405085720764,5.1125399565798846e-05,4.858153692221663e-05,0.0002635317312592717,4.220480381211908e-05,5.4069644520618774e-05,5.5746634852874485e-05,0.0010121374406255256,3.7577493827588674e-05,5.6893752477348144e-05,4.7657373776694066e-05,0.0009070263856751089,4.3083527291248005e-05,0.00535498211723932,6.180005411467618e-05,5.165641019373742e-05,9.92338942275989e-05,4.516650569352992e-05,0.0005594134339703377,7.379245020603727e-05,6.523594732444278e-05,4.8332183231371405e-05,4.097330697284733e-05,6.049906652786631e-05,0.000148286579801245,4.076974562552833e-05,4.2367962655840577e-05,7.462329702673472e-05,0.00014725773032143883,3.76350267274951e-05,0.00015213781248266928,9.336612578731352e-05,8.823621516597164e-05,7.521962971023663e-05,7.045177914861719e-05,0.0005298340578892077,6.362998029715847e-05,0.00020020289599991076,3.8397855762671106e-05,0.00011202171726055763,6.0018476316723186e-05,0.9315000010235943,0.0013096882505865212,4.308276113703818e-05,0.0003009974664219611,3.662989507819807e-05,0.00017981782833875802,0.00021639273165625737,5.16890326069549e-05,0.0002511521968663937,6.599040549345553e-05,0.00015350943107634752,0.0005762383292941193,6.001655091499888e-05,4.9653993677423405e-05,4.527462913534794e-05,4.750221877483123e-05,0.0010156772516550707,5.2353638543447046e-05,7.548217451555959e-05,4.066815830686828e-05,0.00026239363555398073,5.4250550101177735e-05,4.947945301369278e-05,5.996142318612507e-05,0.0001226697019106884,4.6211805432194107e-05,8.044877780907893e-05,0.00013248708830341304,5.319310438243372e-05,6.552389939008749e-05,5.087404850575276e-05,5.9940772999797735e-05,0.04571417293584118,4.149700941597601e-05,0.0001728532653049184,2.8866564593413794e-05,0.0002529476707416723,7.382402514265492e-05,0.00020893219499650578,0.0020103446468017513,0.0011431882726425,4.913966253752697e-05,0.00029933208321259635,7.076012240912684e-05,4.676427149042541e-05,7.150127110461526e-05,3.623966125455561e-05,0.00023935579012038745,0.0001976139722142669,0.0002590170349514139,3.5719038424732175e-05,0.00015800361293294264
801,1.5420557830520692e-05,1.0187872241214212e-05,8.46154571712364e-06,1.4849610729672707e-05,9.276197105560325e-06,8.564475610332666e-06,7.772641262995085e-06,1.2221087899374611e-05,8.328059339132985e-06,5.454370767669876e-06,1.273014670376026e-05,1.1069469401516753e-05,0.0001098127762873067,3.721505947045646e-05,4.4602164413951924e-06,1.1459070673752403e-05,9.03081497986812e-06,1.2203391272189395e-05,2.5911786615776134e-05,8.53109823699901e-06,1.2915895459276957e-05,7.99871722350514e-06,1.3538926233864676e-05,8.826471599423572e-06,8.828515911964533e-06,1.4166183379917001e-05,9.541299513728342e-06,6.405554718415618e-06,6.834785819039384e-06,6.770403715109626e-06,6.917908603827171e-06,1.367785032535553e-05,2.9388465642202955e-05,1.8186457561345345e-05,9.395034922322359e-06,7.622669988532398e-06,8.629681525279684e-06,6.925831849716523e-06,8.01082022859367e-06,8.361372147681978e-06,6.3318698884251414e-06,2.160166862430704e-05,7.856064839626948e-06,7.3771607414323486e-06,1.1300061401297638e-05,6.28399606701712e-06,1.1065905125765601e-05,8.636854832171469e-06,6.4486437539493174e-06,9.723600277545376e-06,9.722250819353046e-06,6.884726337056602e-06,1.9297029620255723e-05,1.5891725852760964e-05,5.5778383758575665e-05,7.562477989585213e-06,6.77522765683034e-06,8.212873152314278e-06,5.996904251605951e-06,1.2128362042775176e-05,9.950240848292707e-06,1.0279647836211767e-05,1.03317517871115e-05,4.1329888603902364e-06,3.638488322182129e-05,0.9986375944928962,7.68133037386532e-06,7.147093659228057e-06,1.244165799960808e-05,2.0107296705523895e-05,0.00010570190486428247,1.1561635548770936e-05,1.5935217772881416e-05,1.1867087040571819e-05,7.202461370497522e-06,1.4094935786846152e-05,7.196874526368218e-06,9.108247887887807e-06,5.964635986204902e-06,6.869751392116789e-06,9.909776810670974e-06,7.998165352155364e-06,4.694848073136094e-06,8.32422147134988e-06,1.002623576578316e-05,8.172446585393969e-05,8.608638260265816e-06,1.5201501161942955e-05,9.984576978235718e-06,8.125229438261963e-06,7.605092000715264e-06,7.511257258576776e-06,8.279709359147204e-06,7.978840576582412e-06,7.201410669597547e-06,7.429133842922657e-06,1.755264900784688e-05,7.903014584811903e-06,1.1608215180942137e-05
1446,0.0002486280719558079,0.0002480629299648344,0.0003006546161997048,0.00025966753555224046,0.00027401346452715267,0.0004884666870380881,0.0003383991857683802,0.00026473550635993466,0.0003709961921712122,0.00044210376153110196,0.00028356019163272534,0.00021535002968741483,0.0005083288730308456,0.00030091190354603997,0.0004352980019455571,0.00032749576308185684,0.0002935059587287802,0.00028763882215986753,0.0002811011605089555,0.00026141516000318424,0.0002584039414787233,0.00026549784168330396,0.0002223990513143933,0.00043001499997124247,0.0003938531574231917,0.0003061751652446168,0.0005182759949821213,0.00021115734264820404,0.00021467902448255372,0.0001543053528306479,0.0002250001240968755,0.00021477693909793165,0.0002649867030906506,0.0003637284071597426,0.0002872831579166827,0.002612381319464997,0.00030680780916451396,0.00020280993665262005,0.00030007568141174714,0.0002483712697352171,0.00032797818574472,0.00020406472543235774,0.0004995201245158446,0.0022826846259661904,0.00025092938570161306,0.0011934619535265392,0.00026050968250695527,0.000222259220009613,0.0003175409843841358,0.000458075828967449,0.0003117576386969504,0.00023863367149039758,0.0003234206654504912,0.0002361741636625443,0.00024389404013420207,0.0002334612359209357,0.0006132216028524711,0.00027921110863387194,0.000283069890121882,0.0006147442647678238,0.000287266047813596,0.00037714241613101074,0.0003882674593310441,0.0014989148863515345,0.00025653703762572674,0.0002711824098008886,0.00025944545290881724,0.0002917769565969347,0.00026996251820322106,0.0002985619039404098,0.0007708732234689084,0.9473228404431632,0.000284906783385454,0.00033933548295750435,0.00033346912622721274,0.00023099126306570688,0.0003395599222479146,0.0007093197959573295,0.00041889230385348385,0.00026858759979141834,0.0040820041473208805,0.00021694272895054844,0.011665945055912393,0.0002502763991750342,0.0004986049876403889,0.0003061369539224944,0.0002503737046193746,0.00022749331388632465,0.0002632675179414421,0.00026625967827438314,0.00024181521076055307,0.00018652373725425763,0.00029779145132812005,0.0005634246987367211,0.0003570271063096071,0.0004223625322578989,0.00019597026678941582,0.0003639261112098773,0.00030009133115851825
1229,2.844086237448117e-05,0.0006724692284067486,4.575079578701166e-05,6.788876804560782e-05,0.00018483662827925682,2.619952206466151e-05,5.733989990764866e-05,3.8608962682050504e-05,2.9262719003257078e-05,0.002328437488614555,3.9878717192018827e-05,9.229566155189045e-05,0.00034813393617050297,4.320149378980262e-05,1.490131691377682e-05,5.119386487357463e-05,3.665004802565367e-05,5.718474282163574e-05,3.122090913543813e-05,0.984486465272786,4.5711392690864184e-05,3.652325795594813e-05,3.71948747571155e-05,3.78556912592813e-05,3.36254241773979e-05,3.970196273162255e-05,0.0007585788688385904,3.5014302446153775e-05,3.354419576536518e-05,3.163708667557332e-05,4.173139861689343e-05,4.9425764248716024e-05,5.9089965680473076e-05,5.071968095861556e-05,4.4559022162623555e-05,3.254824352693812e-05,3.796934778940793e-05,6.375068722566662e-05,3.0263575955193035e-05,4.2533398705475855e-05,3.2317593294667995e-05,3.204308217194241e-05,0.00010268235604611179,3.464695233015502e-05,2.407189993733473e-05,4.066668167085755e-05,5.354537249820524e-05,0.003965753232887177,4.3872832768353506e-05,3.1980205454959546e-05,0.0004497298262517748,3.457809881836934e-05,3.456979805779689e-05,0.00019849504108584905,7.260657611006363e-05,2.2311637604701757e-05,4.1059471246710214e-05,4.418108955918487e-05,7.049454676272153e-05,2.0211546386681606e-05,4.4720864282096214e-05,4.3115749298463455e-05,3.420148277402053e-05,3.476601525021034e-05,3.366178270208061e-05,2.9768275500214097e-05,3.4429672247150136e-05,5.4586578166172546e-05,4.843069461754044e-05,7.175348396213271e-05,4.201645307516743e-05,2.0068809474865428e-05,3.5690361879653724e-05,5.32956909920628e-05,3.77111431059872e-05,4.765161270138375e-05,0.00026232292490563765,4.0292720573604575e-05,3.0300623488989016e-05,0.00019726045644990786,3.332503244053912e-05,9.166236502815372e-05,1.6679194110130277e-05,3.665710453552109e-05,5.195860078716795e-05,0.0015211697699522044,3.21417451931563e-05,0.0005625545227732595,3.840114626516127e-05,0.0001981007695146417,4.2531270807287466e-05,3.4556759728284914e-05,4.5485470013341224e-05,2.957001372827092e-05,0.00016164310992067382,5.40492616779586e-05,7.484865331609865e-05,2.831026382337328e-05,0.0001781527294004595
1461,0.0008366634669183057,0.000897430569121491,0.0015818721087192792,0.000748655884440255,0.0011237939299453287,0.0008480908329266993,0.0033075180911062005,0.0009068287961708039,0.0018723972442199139,0.000623815265875118,0.0009405281849341914,0.0018058918511756148,0.0012823077213839943,0.0012348811064948494,0.02099680390589116,0.029019922621969244,0.0010886283423549928,0.0009931933499370915,0.0011275001718607815,0.0010817534581566252,0.0008074389204840331,0.01904044320539118,0.5506248199562281,0.0028137108144054793,0.001179478506195772,0.005182869941518086,0.0012633347984925263,0.0008912350870464914,0.0032848498100210154,0.22083753573028583,0.009124943687753594,0.0008460716202930586,0.0009543065689128081,0.0016439678844332515,0.002558823106758261,0.0008633120666421978,0.006595874640618714,0.0013759889558250193,0.01917010271980958,0.0014245556690134062,0.001286201855500936,0.0007014244151654728,0.0010129083425011423,0.0008322532087451289,0.0010337156114534475,0.0007613800378916745,0.0009147072359463684,0.0010547954675167379,0.0010992539249732112,0.0009403869345547293,0.0011054959866851595,0.00083641875321464,0.0011805345120472904,0.0007441085530134316,0.0009543675045865849,0.0008131399033873372,0.0008574166416784042,0.0046509153280680365,0.0007580454381095785,0.0006258007325340777,0.0010854012351459318,0.0011266469666531616,0.0027885046296094846,0.000626209940084184,0.0008142773230216233,0.0017632843682075462,0.002324304643675851,0.005689012002343873,0.0010875737762225054,0.0006933844112713724,0.0030137704402591267,0.0016016584678592268,0.001115074574940881,0.0013526754411412175,0.0008086738274713535,0.0009249841508300305,0.0008793508422247672,0.004753332739649397,0.0006909059152170534,0.0007368323983733151,0.0016910454380313932,0.0009793569698761946,0.0005589466270512331,0.0009729559363136056,0.0007652640296656693,0.0011036572429135548,0.0009298715524332429,0.0010854895432776204,0.0022889464141825746,0.0009526975993477769,0.000899952221427133,0.0007498824800589915,0.0009264925440620693,0.0010903476083428713,0.0011930540047661695,0.0018828245437844103,0.0007619863987642263,0.0011121401459637259,0.0012138196242318495
1375,0.0010550483979146824,0.0012498156837051307,0.0008720396579566883,0.00535893324516074,0.0007211960517320707,0.0008760198469182351,0.001168779241266839,0.0006982224968844698,0.0005079868619597727,0.0006095388971402968,0.0007983462671927495,0.0006976353493964985,0.0006837447231709191,0.0015056736630048519,0.00031046630093114856,0.0007416865898440489,0.0012978253715526563,0.003371706176319321,0.0014936099685410418,0.0006031140632369826,0.0011037735127675953,0.004152572423480853,0.0006631571253281413,0.0007855295480177405,0.000787112351585897,0.002661782448566884,0.0006998209580140714,0.001103850751848127,0.0007100522147099048,0.00045290896323616744,0.0006213703922850707,0.0006794352652566368,0.0007444470103682073,0.000714117779596518,0.0008907309332790288,0.0006315902919052402,0.0008820124785525696,0.0005469611434941546,0.0005875199255276213,0.0009137431780748931,0.0005929845322488451,0.0005829479310113621,0.0007459002502669402,0.0006713674110361887,0.0006086296004341507,0.000626095569353361,0.0007159318889424289,0.0006520674124925386,0.000989791166638146,0.010103592914213418,0.000987428563747871,0.0007358421358676997,0.00090889729203001,0.0008921151689137007,0.0006717335771517104,0.0015475173910331772,0.0031429159870097114,0.000797165111025817,0.0010482307460739427,0.0006302183230157968,0.006171288009255273,0.0007240940925272615,0.0013378388251503216,0.0004178728783183927,0.000581461568483599,0.0007571610059608976,0.0006207081084100526,0.0009184944537679333,0.0007529271012882291,0.012381531427039993,0.0008652071882295946,0.0006777796082612656,0.0008369748897155238,0.001606506536864895,0.0013895031018677758,0.0006079008650621775,0.000704231441050955,0.0010591745649265129,0.0005081980679723793,0.0008945031655460133,0.00041313011499809796,0.0015866892153990762,0.0005160811824782345,0.01572138169991426,0.0005969146762949327,0.0008702726061603736,0.862804735545519,0.0011345274086815153,0.0007593754298453512,0.00078996189222474,0.0007215504719365803,0.0005724344853472688,0.0009045626336697536,0.0005099073379803697,0.000921574856429956,0.0005381048430118747,0.0019630368094237256,0.0005140889481863273,0.001743062420568366
521,4.528256768814074e-05,5.740410573612437e-06,4.6655121031435145e-06,1.6902549283812934e-05,5.865609246166505e-06,8.028700453533976e-06,4.503068601990277e-06,2.5776839477915745e-05,1.787807501724664e-05,8.728027485431009e-05,2.5064482082460322e-05,6.108516592567377e-06,9.242589391240087e-05,6.205279793466858e-06,3.1963008747324046e-06,7.497173222093976e-06,3.0608073754603095e-05,8.365650094448077e-06,0.000268133282158768,8.317073838762324e-05,4.597830744220036e-06,8.251203389074479e-06,4.631362494100255e-06,5.39526035056722e-06,7.5054954344683005e-06,6.2774903663395726e-06,6.169040225494104e-05,1.3607050199362327e-05,5.5494439998532195e-06,2.692128648960376e-06,4.5336286867933575e-06,0.00013280995345368277,3.495068589872503e-05,6.119525839523036e-06,5.665281901763052e-06,7.369409451463023e-06,5.1297589392498305e-06,9.02451132747361e-06,6.9501149530915466e-06,4.553059149344392e-06,3.58607059197038e-06,2.4864744787430694e-05,1.462171737952703e-05,0.00016055856448485384,7.702234851585492e-06,2.2894019569490493e-05,2.5340140335029565e-05,3.7828167127247363e-06,7.270823042326773e-06,5.4541305376079386e-06,5.483316075803312e-06,4.329941772042149e-06,1.007996004430913e-05,7.791507075057733e-06,0.0001320683264269422,5.7200554855271695e-06,0.0003374465305015937,5.037134897920082e-06,5.358905098722777e-06,3.9442691461751175e-06,1.1420887186914397e-05,2.1400559224478548e-05,8.746774546984971e-06,3.8190931884444135e-05,1.1558566110089772e-05,5.0037599687870104e-05,1.217265374159513e-05,5.032295016567728e-06,7.03615909887123e-05,4.022152452831367e-05,8.663138847338857e-06,2.3945189881344015e-05,7.770783788957541e-06,7.37921822393916e-06,1.8797192103952486e-05,0.9970396986697252,9.475608578369648e-06,1.9475278000727323e-05,4.294345857254564e-05,8.83541012103689e-06,6.588063385874245e-06,7.500543459826013e-06,3.553646629608103e-06,3.3676329147914085e-05,1.4529323759419221e-05,5.4962254310725886e-05,2.4960360865978133e-05,3.869917117481444e-06,0.00015972696293577534,5.399399771218754e-06,3.0471973310423692e-05,4.35016663709303e-06,8.986826586988499e-05,1.0453312323366964e-05,0.00013357161938008143,2.786302891691261e-05,1.558649685497985e-05,2.8720731539288773e-05,4.882468552134571e-06
637,0.007181251941776153,0.0004465042600373388,0.0004894650416029132,0.0007634977021673589,0.00047686361379529503,0.0003621249072692248,0.000995846831166621,0.0005441709124458236,0.00522095492437959,0.0007323808604411672,0.35463076796821835,0.00318539620874983,0.0015000898394449554,0.0028380566277560614,0.0016880872648369002,0.0006860217139864427,0.0007774857535982729,0.0006215205955842837,0.0011778244664689985,0.0004553670720009236,0.000746043657791114,0.00042343204697231927,0.0019640906602352956,0.0026195061961615637,0.00046349284030565684,0.0005523938182886559,0.0004176244819785108,0.00035624432829463076,0.000802919336274077,0.00045186750866007847,0.00035672448842814943,0.0004964714475048026,0.002118014794719217,0.0009216906102699191,0.000528411158174583,0.005506516014613982,0.0005188395331243256,0.0007075596863595123,0.00041348504696001986,0.0004120654667188978,0.00035790151882468546,0.0003451984401014961,0.0016017109404387248,0.0003324132458222029,0.004118946172168852,0.0016722673973127162,0.0012699646383683603,0.00036470931810920505,0.00039843419266184506,0.0006613423223822735,0.0004429534340328892,0.0003730457722760012,0.0010032029506145258,0.0014329581861601975,0.0004239025844780964,0.00040555614384809365,0.0004415882018695372,0.0004312409032356776,0.0003686357929026414,0.0021248998871569325,0.00045177724701600096,0.0005180849594177766,0.0004943062833572079,0.00026066573668067077,0.0035694873024807302,0.0007775532598069025,0.0006063416861668661,0.0006894085385151587,0.0009974153268479005,0.0007469300954245196,0.06725697775562023,0.00048610170516991054,0.0008497899189140399,0.000570366705354567,0.001193783630431109,0.0005746147957490897,0.00036854647691434935,0.0005822967996508417,0.0004507350826551536,0.0007687101533223404,0.005780607906342074,0.0004934440819973745,0.0024609031908655855,0.0004422419465611385,0.0006234331686462674,0.0005874384190890762,0.00041421696370207866,0.0003271241023746701,0.0005074371935567891,0.00045947148475103015,0.004064846374758531,0.002932657678595915,0.0024405192477480867,0.4641426765116611,0.0006892279568000725,0.0003467206488378841,0.005888099698318827,0.0004734748313699168,0.0005896214642015147
498,0.7383973153837787,0.0008189662587152414,0.0012879426377717064,0.004835362546200008,0.0009859327345811716,0.0007926226655767272,0.0006970224077919444,0.0007411472382910363,0.15735962454281713,0.0017930667017975104,0.0006868119720663047,0.0006782810884636048,0.0009253862484587061,0.0007536751089308492,0.0003177935056645793,0.0011060721397108781,0.0009009543445138102,0.00077444576528735,0.0008457908297566829,0.00076125842549029,0.005675337082132382,0.0008499584985917571,0.0005849161460349514,0.0008903542731245171,0.005934301647898835,0.0016641706888123448,0.0011466958238533947,0.0006439229553952525,0.0004978036841561712,0.00046006154393493626,0.0005691638960871395,0.000709854478511484,0.000750279309702937,0.0009460877025902816,0.0008378125031107131,0.0008699711091781161,0.0006614516452505509,0.0007295853882914536,0.0008842325812038484,0.001864418013917644,0.0010574514205395388,0.0006379545019891667,0.0007235484096772774,0.0006860947095582647,0.0008137630503766307,0.0005764661837016946,0.0007624290847819215,0.0007912544817330361,0.00144258067764449,0.001453406533787684,0.000745494224834793,0.0007019590946468907,0.0008005641651790245,0.0005947287383441811,0.0008901470193382444,0.0007847722934372237,0.0005479835842750315,0.0006832078127328688,0.0006108307500009773,0.0006756530324479065,0.0019588643207841643,0.0007270929105646378,0.0007655018786677078,0.0004592110641358714,0.0007628243666434182,0.00488711686013493,0.0006291052012856175,0.0007719903763885609,0.0013445237875133289,0.0005734774239822475,0.0008399064415571065,0.005926813796870862,0.0011492012150243894,0.0009572008762137104,0.001289216469047551,0.0007351209689238389,0.0015359155101546443,0.0008383509034905259,0.0006207316665027467,0.0006270173217794303,0.0006439532364387725,0.0005982321292281646,0.0003977630538006768,0.0007682609076833422,0.0014640760306255602,0.0006734257247495193,0.0008346903413528953,0.0005530018042243189,0.0007338203982875065,0.0007659112462205288,0.0006907628220601753,0.0007833493114258539,0.0007982548034145135,0.0006324560544828139,0.0008393080561027901,0.000546009002839859,0.0007784165389919735,0.0005789623124735167,0.0009100215794620646
1223,2.46124012830203e-05,5.6929360718196954e-05,3.857413759521579e-05,6.889346402254285e-05,3.2578767216996184e-05,4.9316005635200037e-05,3.330078539516036e-05,2.398067650412427e-05,2.589670869843511e-05,1.7270152579817222e-05,2.5202172279538434e-05,2.244134532380396e-05,3.3339087570139956e-05,2.828883548479687e-05,1.1616036136575506e-05,3.96119860099687e-05,2.9257597072908616e-05,3.198649766054764e-05,2.414317997807101e-05,2.823402689394467e-05,2.2995477514695854e-05,3.440971287447908e-05,3.1603438103496205e-05,2.755902217589358e-05,2.7224456556788295e-05,3.0378042989343367e-05,2.1958902683460775e-05,2.3850108933860258e-05,2.960269630599084e-05,1.8827492117838184e-05,2.6232631212178035e-05,3.6861141357261906e-05,0.0001890450652842643,7.185403277495231e-05,3.119122940270669e-05,2.444014192531397e-05,0.00013203328998041036,2.249023537982053e-05,2.113625365309313e-05,6.856699985960208e-05,3.688996598198838e-05,0.0002860452864679792,3.791778214678369e-05,4.272850624376468e-05,3.608972396758963e-05,0.9957668551434022,3.9808416054815073e-05,2.197611320566672e-05,2.1988901534469467e-05,2.475949519560184e-05,3.894659663864899e-05,0.0004461437293251587,3.052099145217388e-05,0.00012144705543117317,5.237790532255148e-05,1.8826226481540616e-05,4.2841944851261194e-05,2.5917144852308167e-05,5.8837686833028175e-05,2.0614908228541697e-05,6.693392273917067e-05,2.435397145125216e-05,2.7499686733491737e-05,1.4403001523965186e-05,2.1352466076617226e-05,2.6175470989992317e-05,2.7633766380333023e-05,4.098500635313712e-05,3.585634453657557e-05,1.7753075732845062e-05,2.7724096516018357e-05,2.0267519751995726e-05,2.5724696523335017e-05,3.080423436576797e-05,2.0981084398972147e-05,2.503029643142264e-05,2.122006830820903e-05,3.0170639235016547e-05,1.7512346587300696e-05,0.00011044266116276412,2.7126160351063825e-05,4.045313437357832e-05,4.651666445477277e-05,3.2899768011324436e-05,0.0001029540318137814,2.5001007816000878e-05,2.601941226538126e-05,4.656514156482784e-05,2.662038814184875e-05,2.677801729675928e-05,2.4719765364614793e-05,1.9485935022741034e-05,3.0979277321934645e-05,4.401094422374536e-05,4.679930891431795e-05,2.036920752544283e-05,2.186920584018354e-05,2.0433485373427755e-05,2.8307669764144287e-05
1080,5.315559385762879e-05,9.840736514822666e-05,0.0006692283237166822,0.00025618040425383375,8.007237679136315e-05,6.342815647961426e-05,0.00019221227454965074,6.189610170822706e-05,5.7322437702518386e-05,4.4268231385337835e-05,7.912559658545245e-05,5.070049741833902e-05,6.219946097589028e-05,7.538722640421431e-05,3.7821371809320354e-05,0.00010272318878202964,6.864120929477667e-05,0.00010571530286744355,7.054140997965405e-05,8.681392128737641e-05,5.8142459292673555e-05,0.000702756899317023,5.235102826370975e-05,0.00010460893357181625,0.00047547548093852305,0.0008991293531413528,5.490008484644571e-05,6.715018089598105e-05,0.0005737900871614917,0.00016343369758097057,0.9813342961602077,0.00014488042148375698,0.0005547588217375371,7.071992246105623e-05,0.0007521767232142292,5.810151680709745e-05,0.00011908616769925728,0.0003391229134502247,6.256308613797686e-05,5.565597034202303e-05,5.1063365843409985e-05,6.220402775884626e-05,6.140955284101191e-05,7.279323968712246e-05,8.033592105309868e-05,0.00022297681199531485,5.9614288221903615e-05,7.362619135143726e-05,5.625246581725361e-05,5.693357044111085e-05,6.764695640685105e-05,0.00011025770011493435,0.00023119787273031173,5.332562528411144e-05,5.6323259333923804e-05,3.0431800539273262e-05,6.533579804463081e-05,0.00031516522051239926,0.00015354671172729462,5.213487151057078e-05,8.491412942612412e-05,0.00012524254344775725,7.853156661043131e-05,3.1024244434742446e-05,6.424076631569668e-05,5.390589377953504e-05,0.0003162292566522618,0.0004048351103840735,0.00010235969671242132,0.0003469579557227789,7.073184931409418e-05,4.4736524032676295e-05,6.389143313009307e-05,9.838027821932414e-05,6.141942792335046e-05,5.732085350849431e-05,0.0001750052559676238,7.585500426580909e-05,3.7203467658493544e-05,0.00014577434189881733,7.674891697218242e-05,0.004904014826063789,3.8544716516924964e-05,6.733970155823452e-05,6.584973630124855e-05,0.00020293501106145067,0.00010468966920952316,0.000128685874136944,6.750912927136115e-05,0.00014184588848430266,0.00012616132028049447,4.984801569264267e-05,7.005229374787116e-05,6.84625969143852e-05,0.00014833813717743006,7.317574125124602e-05,8.636592273846406e-05,0.00011263618280522304,0.0001367211096484167
999,0.0006482221840443979,0.001970237082306671,0.0009931815696147125,0.0015592342106903942,0.0010910774849948659,0.0007197350838129404,0.0007685095922379465,0.001260851856831633,0.0008197048190624729,0.0004630398941081552,0.0008295034147764035,0.0006538725275784074,0.012450963694987528,0.001040847693507555,0.000346247559848721,0.0012474921687687236,0.00096338055706741,0.0009522005523754175,0.0016430810582374982,0.0049489332046366965,0.0006680667790478866,0.0009933986995340944,0.0008311509455350195,0.0008084015632331544,0.0008372927356232297,0.0021906159532611917,0.024577657816788244,0.0007371416060530363,0.0006979025677472951,0.000884139760249982,0.0007844411047787176,0.0006252198868547628,0.0008034957266430742,0.0010859341609985888,0.0010525422461047326,0.0007681705311750833,0.0007729486268054028,0.0006774123774720761,0.0006861987287029701,0.0006613127775135101,0.0006983278861061079,0.00829144969850905,0.0008520591411122402,0.0008164302440214714,0.000698721220675037,0.0018696825705852075,0.0020538022701050785,0.0008171691305533685,0.0007894053374603876,0.0006923475085451119,0.001541295826028123,0.0006866162536883896,0.0010939944694539577,0.8037684271253422,0.016328086177114457,0.042483346992590834,0.0018123090863004473,0.000783234807185033,0.0006814496684066986,0.0005581836763758947,0.0009885201536637598,0.0007647086029735258,0.0008798764272318358,0.0005463545504448008,0.0006116719739965825,0.0012247470910631741,0.0007308310354984367,0.000959303246086763,0.0009262921601426265,0.00039089947396652076,0.0009270995715557578,0.000830975174076923,0.0007485931984592008,0.0014152344038714027,0.0006488242903728802,0.0008879164731077733,0.0006247440736590571,0.00091903125548627,0.0005799463618659935,0.0038002813643565466,0.0008328084978034594,0.0007772503510130275,0.00046021615717259964,0.000884426886377219,0.0007336103696494143,0.00200368617403197,0.0008802443621347186,0.0009958675934420473,0.0008918120614150767,0.0008084461578649968,0.0007259681297569857,0.0005773914596762612,0.0007473197177523507,0.0006884926040233387,0.002057423291207069,0.0005598109039469823,0.0006831034247990946,0.0006216521692243524,0.0008345189130592321
994,0.0003577023484051573,0.00026336752581627494,0.0003162764997536531,0.0001916349577746017,0.00028712141757950173,0.00019811455802567324,0.00023618247987810818,0.00032866844522849817,0.00046976413802129303,0.0001543854652470736,0.003954301506421158,0.00022438420474467903,0.00041244728868225326,0.0005993706411474438,0.0001444426023033912,0.000585185278326525,0.0003975126693788788,0.0005747912850363264,0.0005143210214041133,0.00031336698743319736,0.00023269371511275391,0.0002652281121076326,0.0005575012118185276,0.0002133456797455836,0.00027107412141745834,0.00030188568248560124,0.00017234975411214046,0.0009013582896003345,0.00018769287486816215,0.00012583242617022214,0.0001673460044720435,0.0017450825134728341,0.0007335599541339826,0.0005822804853643371,0.0003211777847314378,0.0005538201440384137,0.0002735993631858855,0.0002267574343457297,0.0002799726381562956,0.00022463122483753865,0.00023516081335706163,0.00022128271801865622,0.0010489994436980266,0.00028386176472079504,0.9586550081514408,0.00019932185042699003,0.00026432865165122005,0.00021398070161364368,0.00016531057333048546,0.00023369190120986282,0.0002965777056424087,0.00022447878925233107,0.00028726468604389603,0.00016969496575982066,0.0002312175199326414,0.00021741533076534937,0.00019309230528921433,0.0027637460145679437,0.00020454696777160358,0.00013689501078603198,0.00043683747554296084,0.0006833064548606988,0.00031314208251236714,0.0001558948938570613,0.0002313568564660642,0.00018246804215460354,0.0012903229314173055,0.00025514711973542714,0.0007738142678623091,0.00017981997197616316,0.00025840355406883735,0.00019358364617082891,0.00026780433766581015,0.00030917313226367347,0.00020850881877528872,0.00025193375530312953,0.00024365979715414062,0.0003918841086666501,0.00018651468606765845,0.00016908164643800685,0.00019558035411447694,0.00022279473060393128,0.00015072232089008886,0.0002473027490343927,0.0002097955988312651,0.000319546811959087,0.000426192103103815,0.0002227182014465175,0.0003363725504407559,0.0002416749667638964,0.0012697703326640167,0.00015634018367145146,0.0003001205023073793,0.00025152574302145437,0.00044593136008912084,0.002252448818013735,0.00019629418383524934,0.00020874377412051997,0.00025706053606637123
605,0.0002774715216550831,0.00019849415824482514,0.00025459541101242764,0.0001949370146809923,0.00023397882744408154,0.0010494409602262065,0.0002747808052179713,0.0002503678968999688,0.0002626250431884149,0.0001583942260191396,0.00021456472375792971,0.0001732289787016021,0.00022494726354096837,0.00023335544847330976,0.00010534850910696294,0.00026569466281292734,0.00023488069555347829,0.00021359294652417414,0.00028689668408676404,0.00020695111669553955,0.00018530284929960952,0.00021154936398643857,0.000905449544214793,0.001403317039857394,0.00036809550286731726,0.0008921676418862261,0.0002767601874322559,0.00024783570634302234,0.0001671374867872338,0.00012430778828227795,0.00015828368524992806,0.0002345904914162461,0.00022580777845103986,0.00028103333710385886,0.0008103296449913761,0.00020908776801042685,0.0004493216616886639,0.000708968902960533,0.0020068732938714317,0.0035863019771388382,0.0006631958454891591,0.00017444334170727173,0.00029823749628005153,0.000266064665049437,0.0001934193472893428,0.00016691580246297168,0.00021520233046087322,0.00017954696914578892,0.00015581011289466775,0.00018078838258591564,0.00038076396125305627,0.0009340979401610101,0.00023397269057619496,0.00017581519322515618,0.00022622608739193117,0.00015948937237620446,0.00018487131076280815,0.00021858351715381947,0.00027889622367185404,0.9490569494541429,0.0006508034368938893,0.00024981047532499957,0.0002335188992375157,0.0008688858874281242,0.00020861728465628997,0.0004094136368259821,0.00021528499726381948,0.00026050807594389533,0.00020593383831176177,0.000652017882288586,0.0007663002206712142,0.0014719775504131569,0.0010892349609919571,0.0002572478701179884,0.00016305057894436367,0.000197532775944666,0.00025070704666149734,0.00023334358894876997,0.005203124468527638,0.0002712476013342498,0.0025558318386843717,0.00023524160637021304,0.006501205074338716,0.00020274574630924747,0.0004524887153268871,0.0002307606602105071,0.0002210694384472669,0.00032679605627888646,0.00019944107877344473,0.00021454317987486786,0.0003008181886178217,0.00016341767324794376,0.0002631757380523411,0.00019031694359039614,0.00022524707957598955,0.0001873595220908925,0.0001907761752840998,0.00016556720879394216,0.00020427840963986187
1440,9.031655438338582e-05,5.7127046210417055e-05,5.645929614279443e-05,9.949668299481783e-05,5.553498562271334e-05,5.154394534885734e-05,6.944741784514408e-05,5.750920471068122e-05,0.0003053722173833085,6.841894037003571e-05,5.3257697203410234e-05,5.212942438330207e-05,0.00121711165731013,0.00014048892662546814,6.518275396997276e-05,5.878136440093173e-05,7.744772177946838e-05,0.00010913143517128713,4.930174369837212e-05,4.653738947717889e-05,8.942523615907293e-05,6.003513818911839e-05,6.155396798248686e-05,5.135890602938401e-05,5.2353771964101094e-05,5.664722743655784e-05,5.5484954693630594e-05,4.26310151410609e-05,3.063237635793868e-05,2.785477284258566e-05,4.43782410422346e-05,4.840647106285948e-05,5.442477236105143e-05,9.465241028481743e-05,5.918339580228033e-05,5.2985956778937465e-05,5.597500501017752e-05,3.718030357024126e-05,5.467933575116207e-05,4.4296585272180544e-05,4.9136140273418266e-05,0.9756397318057111,5.009098796149972e-05,2.913478336764863e-05,4.320994772055953e-05,9.103161525120989e-05,0.000131785273283044,0.0001359894869031568,0.004393568496866558,9.574162159968046e-05,6.617398187599484e-05,4.602026331173928e-05,6.078009942407688e-05,5.2899339267627687e-05,9.439530509901991e-05,4.584348901714385e-05,7.159816144188859e-05,5.197826238054284e-05,4.918232534763125e-05,4.1021069540418135e-05,4.6759718990867525e-05,4.908084992411627e-05,5.442744305848602e-05,3.143743844240534e-05,3.823091125931181e-05,0.000293080156146159,4.2066951720458444e-05,9.575709158460302e-05,5.0330005389802144e-05,2.9789478657086236e-05,5.513378489552973e-05,4.919624582356253e-05,5.359711665050643e-05,6.041139578921886e-05,8.237721882533912e-05,9.733569315313731e-05,4.353547939187298e-05,6.155883114282536e-05,3.752321780156961e-05,8.584419074620755e-05,6.966968689389079e-05,4.3879718902018276e-05,3.300709989058221e-05,0.00010445337919916179,8.14781524900462e-05,0.0008807469036029985,7.14633013492947e-05,7.323998652489691e-05,5.014614868526574e-05,0.0003334017250212382,4.02540385215977e-05,0.0002664944720761078,4.905006173973544e-05,0.0003399854892903566,0.010790346649166003,5.598841143352569e-05,3.5217412694540615e-05,3.568803759874349e-05,0.00019396740111939144
916,5.994359300760708e-05,4.875868820741308e-05,0.00010879333362457972,6.478916435723447e-05,5.424075539398275e-05,0.00012633906257087963,0.00011919282585081463,5.263389887715999e-05,3.976613679047082e-05,3.348709992871664e-05,4.3520198865159003e-05,3.6612371077429324e-05,4.125470577932387e-05,5.036589431869075e-05,1.996315321173898e-05,6.434651216081369e-05,5.3759587734166705e-05,4.9347141282479694e-05,4.329832783389798e-05,0.0005371739321296868,6.591586189904083e-05,5.72444038089089e-05,6.608886589623409e-05,0.00045298569029652224,5.135539175296706e-05,5.1613867873369045e-05,3.9803606859501966e-05,8.982488029181402e-05,7.8120774972822e-05,3.131174026838703e-05,0.00018149009751749026,4.551442127146121e-05,4.7622592361008985e-05,5.237159640933009e-05,0.0002051457929271669,4.225118080593289e-05,0.00011839511220801486,0.0011214133705907995,4.599274266710242e-05,0.0002948373535747108,8.642027059218961e-05,4.453940647577356e-05,7.911236308995742e-05,6.188863793532073e-05,3.884885192405197e-05,6.77942056849102e-05,9.319300484090882e-05,0.0006714528086657959,4.15369998699633e-05,5.5702510219905486e-05,0.00012068116104654325,5.238119606810103e-05,6.490063347616057e-05,4.5052257815118675e-05,0.0018915488352377258,5.098758269165294e-05,7.903346282889716e-05,8.385307984355871e-05,0.0008648844916374596,5.6897936613927754e-05,0.0001191793402290929,0.00010003869180774377,5.728849421923636e-05,5.272205962406037e-05,5.231011502206852e-05,5.160640353449377e-05,4.999577953047582e-05,0.0001005827871051867,0.00010098583547337105,0.0009431063040718269,0.00014661562734590838,3.884817969359177e-05,6.38869126373786e-05,7.551550515470505e-05,0.00010329373801798258,8.842638041083819e-05,0.9851928137076899,5.9176482259278434e-05,2.9101906924605807e-05,4.688920827853925e-05,4.295295629674158e-05,8.267261494930923e-05,2.967339993208764e-05,4.7565906027190626e-05,6.0742832454136394e-05,0.00020568619965282244,9.613252874204062e-05,0.0006640022113031446,4.775877200243299e-05,0.0004373216327541023,8.342983221355716e-05,3.53684109257249e-05,4.4895045858301114e-05,3.8008806876791096e-05,5.588976865152794e-05,5.168530921571397e-05,0.0010763833687462776,3.7190396025423793e-05,5.2661124529616304e-05
420,0.0012541596160793287,0.0021475749492776215,0.0021887335819143696,0.001265798061683306,0.007310560536535611,0.0657967702313171,0.011995031011513637,0.0015015925764016139,0.0016047804045342983,0.00919804162374671,0.0024268323479921445,0.0013803765306020543,0.0013574215916118742,0.0016021456000045585,0.0008030589972160384,0.002116156957263197,0.004421099462748467,0.0016503923339315763,0.0014342246651653046,0.0015221150262698271,0.003550835464107867,0.00231056425941641,0.0016498202394182083,0.0015757930190368975,0.0014299570385690316,0.00237105564456884,0.0020337604297025885,0.0016064328057158166,0.002362734585616454,0.0008129053899389929,0.0011862970076613486,0.003599402417896611,0.002425626478615861,0.0018695620992285847,0.0018086635854430376,0.0034628420985117706,0.001519366531614589,0.001167421749760958,0.0013392651320334572,0.0045216155757684465,0.0022565987739427058,0.0015366776693376096,0.0013348730340236887,0.0016399483145623,0.0014718940870780911,0.0010625945486112663,0.004822222592125795,0.0011169253606261723,0.001107427574569144,0.001272555866365536,0.0014227901319961017,0.0010506174047298998,0.0018329880281532636,0.0014764735008246815,0.0015443215955917953,0.0016638465865214237,0.016279072959681378,0.0013780455605411025,0.0010617694844096905,0.013525350381709302,0.001836182419433562,0.0017676643571220504,0.0016542805216702096,0.002514336424544628,0.0016608588307416912,0.006826713575368914,0.0018875651145036211,0.00195918149311533,0.0016906068494647452,0.001555247551986741,0.00305857293391585,0.0008460247497254389,0.002423051200271378,0.002374877495238245,0.003958510014033256,0.0025837739089594183,0.0012148266695859984,0.006183786592923468,0.6879996376126605,0.0014594033042972044,0.001824969562576219,0.0010572272147291587,0.0008972123737112553,0.004634321963297492,0.0027639857820500988,0.001367336867642883,0.001364975744939374,0.00615305397442045,0.0025018616648941404,0.0014463230196648045,0.001250967935207453,0.001214522485176719,0.0016242804032158148,0.0019890972768795197,0.0014361629998338183,0.0012713430258518657,0.0011426102138191523,0.004900810843078127,0.0012660539156141481
1027,1.5912910551592523e-05,1.8295566384793267e-05,0.00017323359973866608,3.166128939094897e-05,1.7009778408168302e-05,1.175876191587827e-05,0.002411198860381895,1.204715936022807e-05,1.3016625189102894e-05,9.207415736621176e-06,2.220263451526375e-05,3.56001448214613e-05,1.3198281747083336e-05,1.7716353070163544e-05,5.606657289411729e-06,2.0677338390512038e-05,1.520230780210035e-05,3.221956494601695e-05,1.627939947593092e-05,2.8715983235360553e-05,1.1908115297515803e-05,1.520105188749605e-05,1.1292718115991095e-05,1.422606676851844e-05,6.772033846980601e-05,1.4843444397527293e-05,1.1828568256227839e-05,1.8943097743740705e-05,9.733287615579697e-06,1.0224210794863043e-05,0.0001364365234648019,9.044956743858425e-05,2.1614294875746078e-05,1.6806524611951785e-05,4.0731909523099366e-05,1.2829903079094077e-05,0.0006144357670143889,4.1976679597428137e-05,5.717367188228357e-05,2.1809053459996908e-05,0.00020112816222550792,1.5048483784902947e-05,1.798519760084837e-05,4.32982187690189e-05,2.055747012054134e-05,0.004141828574237246,1.822713160716679e-05,0.0004371084505704088,1.232291385987068e-05,1.1566829551101276e-05,4.0677978448399014e-05,6.447103600717489e-05,0.0002469869991801576,1.0854538984073203e-05,1.237979534349681e-05,7.804739888179243e-06,1.256482631143927e-05,9.281110634993467e-05,0.9882881370249109,2.771659549979665e-05,0.00012164821970321046,1.3287671702776398e-05,2.6978525310728163e-05,1.159028933432522e-05,1.1766586773808713e-05,1.182579635974061e-05,5.5058107760009636e-05,3.720369311930536e-05,1.8958621357392985e-05,1.3392523108145877e-05,1.3880742350379577e-05,1.1304561072328933e-05,1.3049155756979486e-05,1.6781192185761138e-05,1.083622174179762e-05,3.0363993363160226e-05,0.00023883775152551642,1.6645755850136096e-05,9.065682215853292e-06,5.3008627700595235e-05,1.4416270516877325e-05,4.99324119797716e-05,0.00041286767040389546,1.448904400582551e-05,6.326569250700145e-05,9.056325628062284e-05,3.212882800191905e-05,0.0002994506917347439,1.7837593195626756e-05,8.593510659773777e-05,1.9944511205711592e-05,1.8173215735047482e-05,4.065169464365808e-05,2.613896398827739e-05,2.1945832546648782e-05,0.00012427175840088546,2.35991532065251e-05,1.08134298640864e-05,1.3669656997329776e-05
1172,7.585498543041179e-05,0.00017618291039019136,4.753042340564181e-05,0.00015112483909020133,4.4473837347250226e-05,3.737278537557598e-05,4.549787789668194e-05,0.0001019781266105817,0.0003162659631833458,8.55073737377138e-05,0.00011262426370541154,0.00021064665790051804,0.0002398294926882599,0.03657873894107752,6.364926579426087e-05,6.859355102648849e-05,7.519222740295953e-05,0.00030141891234614814,0.0001923376925464759,0.00022473917416406772,0.00011243170989643894,5.001086780832356e-05,4.874258848888122e-05,4.3640762275246616e-05,4.122853257142798e-05,0.00010514092899035018,6.96973869777307e-05,3.329985146083144e-05,6.905534272483814e-05,3.072687762392912e-05,3.339154755386217e-05,2.8051188913442106e-05,4.552647725035095e-05,0.00013020856809702554,4.938398697013987e-05,3.7494101042477855e-05,5.146703148502974e-05,3.530997189820763e-05,4.368602070395074e-05,3.805158178379998e-05,3.335560552285245e-05,0.0008339242022009014,4.0084587913339374e-05,3.3752892025069666e-05,3.582030451056368e-05,4.34685299099993e-05,0.00013803463415533422,0.0027799012834169006,0.8906988293879595,0.0006290494875525627,0.00015512031635907727,3.777043766467408e-05,0.00017612042307383095,0.05885567456821485,5.3763095507002236e-05,7.910092302613331e-05,6.83244629535759e-05,4.022814722299625e-05,3.402097374819981e-05,2.6965354068031787e-05,0.00017667799110394734,4.570773722542981e-05,7.944518332530478e-05,4.127020212569188e-05,3.952583849315031e-05,4.145859641685297e-05,4.93856469344429e-05,4.53535800435791e-05,6.911084931020712e-05,4.21975784656473e-05,5.837221912419501e-05,5.7503840185508746e-05,4.256246726042967e-05,6.610235826766429e-05,0.00019882424075696464,0.00011449427262804964,3.434781203235895e-05,4.7094367622975884e-05,5.227800804327295e-05,5.381221520125396e-05,5.265015294878856e-05,4.260796205021147e-05,2.2388182319430833e-05,0.0005910863296066715,5.002398424529358e-05,4.085947496014598e-05,0.0005632417167174259,3.608427323825768e-05,4.025337365964374e-05,0.00019727559818805615,3.7550938538497975e-05,0.00015368875321888515,0.0008725726489993082,0.00014295340305042187,0.00013326762851994972,0.0001508138729818822,5.931054000037826e-05,3.399807145044632e-05,0.0003844338480978982
1474,0.0008182078737542032,0.0007186387602983929,0.0014942768116091491,0.001597575224247197,0.0008079719401455881,0.0008804931145788442,0.0007465233269631761,0.0006501963333949573,0.0005507603562654852,0.00047925431366010427,0.0011924565872127905,0.0008555163487678316,0.0006217746506117514,0.0007385889948470603,0.0004046649739651401,0.0008873669329794502,0.0015716673506793134,0.000862799940667499,0.40999218216572947,0.00063480661870463,0.0018556145103615232,0.03814687993767555,0.0006354969886174326,0.0007713034924497844,0.010046281341069715,0.0015731147325156567,0.0010525849157331942,0.0033427644697216004,0.0006055476678787964,0.0003920027746340556,0.0009106067578259634,0.0030634998234954774,0.0013292897130338995,0.0007493743177610254,0.002832602482343222,0.0020403447624627443,0.000691268217836673,0.0009633843803064791,0.0005931162939105546,0.0006557158762263264,0.0011683760193884002,0.002141766141420945,0.0011076551525512463,0.017930604015710613,0.000807523628441102,0.0005027933425793818,0.0006361728623091534,0.0005296554445822014,0.0005319163859715772,0.002269298231466552,0.0007264672173377895,0.00073456871678807,0.00085761458119883,0.0005834985001555677,0.0021672780921477867,0.0005518213857121745,0.0009253180410275421,0.0007022139280564897,0.0008403542647308445,0.000516159068322593,0.006111733159695552,0.0007787527493402326,0.002616513806530333,0.0003366077897239644,0.0006428408965566246,0.0007540877387269358,0.0051465008405693164,0.0010924946251368633,0.0015588938476799508,0.0005308327029644389,0.0008401762351888481,0.0005476850739163281,0.004870294389465295,0.0009303852307016321,0.0005298025397429838,0.0018583034524976795,0.0006801131649851735,0.0015246922019725726,0.00039019120559587303,0.0007459312697483505,0.000547026825987572,0.001148922150031981,0.00040584484749978686,0.0028515846253144993,0.0006469134768756306,0.0006472378511018483,0.0011272507263660678,0.0007199366069704701,0.001500730947856783,0.0007308165534671573,0.0005966283372662528,0.0021098289575721576,0.0009353871766258367,0.0006240084228415362,0.0007370582284008231,0.003983643595406367,0.0007679740624639689,0.41132684635723993,0.0011179562351318415
1581,0.0004679178742198527,0.01093357120339722,0.00037235470663032086,0.00043671995520923985,0.08085690321804923,0.0003092249784296035,0.0004034871986907737,0.0006087582758523983,0.0014872738325530021,0.0014661058309382465,0.0006626910995725208,0.822199117085794,0.0003214429317283293,0.00043726578854939965,0.005621373516955282,0.0005980234686757308,0.00780235889406066,0.000341021818589642,0.00042855645146514415,0.0002859823901220463,0.0003287818568115392,0.0005339352081409989,0.0004225608555357513,0.00033918651362038364,0.0003233059532346474,0.00039542006190461696,0.0003747194016707515,0.00026813708400114843,0.00045868286489219993,0.00022979513108948712,0.00027361860501608627,0.00024774745991388187,0.0007288990667136223,0.00047529402162757383,0.0003959716542988776,0.00038792575171129093,0.0003657048738789667,0.00023963531300119357,0.00030399691319313847,0.00029781947332186846,0.0002626243545830954,0.00023700362537754267,0.0003105539667620723,0.00026085177225567996,0.0002424593069151652,0.0002357881760405192,0.0005882133157528929,0.00028382330999516744,0.0022397204160969075,0.0007187186682644162,0.00034315395237274757,0.00028434743157483924,0.0007002967451590926,0.00042960331625454894,0.00029627383994961637,0.00024202016024051638,0.0003513032213496418,0.00032091214369594953,0.0005649309422004623,0.0002206957263728697,0.00031396637485444793,0.00031001778832072857,0.00034726130837289137,0.00023471274202184527,0.0003118992636700164,0.0003624872446106032,0.0014077638306166154,0.00038838208044355134,0.0003118092201901038,0.00020101499063565953,0.00047569827848347677,0.00039226954153386554,0.0003442079816278091,0.001542559355891259,0.0002496436134532371,0.0004369159520535833,0.0003607695133037691,0.00045590709022598795,0.00019096998945272037,0.00043330015085452897,0.00035953394986426725,0.00032470726084076287,0.00018570114227514154,0.00030761260866992254,0.00025485820674603534,0.005386834056455312,0.0004568808084768824,0.0002487410424797997,0.00031957837589836603,0.0024343876290197517,0.00027834035746291454,0.0005361841480905651,0.0009290827888450351,0.0005659755800400081,0.0004754862771894897,0.022736311496502248,0.0003366136418178488,0.00027362756836676134,0.001953403776067982
956,4.9588734461640005e-05,0.00013032560061279361,0.00017673833874943664,6.571856126966933e-05,0.00024824106904944987,0.9879456388972159,0.0005182906284191927,5.94041421307636e-05,5.8672903647136675e-05,0.0006575583722891236,8.290378651102435e-05,4.532316783139173e-05,6.125598700769931e-05,6.542942473437296e-05,4.5254254484789515e-05,0.00010294313659919327,6.991179327554577e-05,5.717387638438075e-05,5.518596469402066e-05,5.898133222319711e-05,5.5070868124079736e-05,0.00023345030627440602,7.396032114795399e-05,9.150076104093658e-05,6.361605573911526e-05,7.84924828443481e-05,8.217451927406953e-05,6.155321416217698e-05,0.0015224266521553689,6.69678055050033e-05,0.00011252773761221666,0.00018022981316523674,0.00012691043960981187,0.00039019594421068005,7.41118063605734e-05,0.00011679061138539622,6.133157431177064e-05,5.5679312412495064e-05,5.142304130169007e-05,0.00014783176765823373,8.238534958083033e-05,8.640983794710082e-05,0.00022788093304299732,4.145970318162737e-05,6.086506521367404e-05,0.00016349501707989722,6.928169827705875e-05,5.117787385543942e-05,3.893928638279867e-05,4.6083921156117874e-05,6.919571396935589e-05,5.3792990483855046e-05,7.171154931033815e-05,5.62263616103773e-05,5.972839516460194e-05,4.642407685336961e-05,6.794798153464729e-05,6.628729716342472e-05,5.7880804774505874e-05,9.524252219651978e-05,5.80617927242871e-05,6.283951262612994e-05,6.24721894409673e-05,3.758669165873507e-05,4.489949513015701e-05,8.355791356803733e-05,0.00011906056778776277,7.787951427730803e-05,6.885988192554789e-05,4.2616839797665273e-05,0.00012727228503606688,4.9201907432365976e-05,0.00010420881359841001,7.328062718942258e-05,4.602655943395021e-05,5.358943100195039e-05,0.0003268953546780043,7.496620696516456e-05,0.0013200600690530231,4.488135582259465e-05,8.711589765699326e-05,4.9924612378679685e-05,3.90293769636323e-05,6.268036497493302e-05,5.932763953600049e-05,5.8161874010625424e-05,5.428542484910571e-05,0.00017852469757306968,6.251035034501887e-05,6.255094076866401e-05,4.8146989254751415e-05,4.252097009450296e-05,5.758797980118784e-05,4.637110890805488e-05,0.000293212684919041,4.166016840759307e-05,4.7997936673679315e-05,4.410640724770174e-05,7.286618182450692e-05
876,0.0017785495524933496,0.0018781595415156024,0.0020501810847418107,0.0016827134473178572,0.002472599101010989,0.0020803395744740136,0.004471011747594158,0.001477186236763113,0.003935984684939258,0.0012192594705832858,0.0016959774367865511,0.0017595487514814481,0.00348451040528279,0.0025373964131555635,0.3639716471171239,0.010069994299087658,0.003312177504508404,0.002017806555249695,0.001642828131630876,0.0016763585166869469,0.0013700445970385791,0.003642482871084788,0.051390081757007065,0.0017355246594974668,0.0017081960988038765,0.0024607890992499114,0.002176950779455014,0.0062294122559155805,0.0028750804281695544,0.0010688099010269581,0.0016708986564015062,0.0013461450375181609,0.0028470874110694687,0.0021102158309292654,0.001831081642128398,0.0015689582512656178,0.0037547436157869753,0.0013562333707004296,0.0017291140311237174,0.001845741921052207,0.006163027152391235,0.0019706916914757375,0.008623077040967162,0.0015021676355168468,0.0031884905969362105,0.0011939934651246686,0.002709793292456945,0.0012376654176755877,0.0026288670697831892,0.005916926826808731,0.001757481843228459,0.0012011014347200065,0.001942724153647699,0.0013740748253197508,0.0014458194521197844,0.0015217438468987322,0.002387849505820397,0.0024179769497282215,0.0020346786484964053,0.0012714206363044001,0.003510858540132894,0.0017538022579093708,0.004412655573436795,0.0011292375888546304,0.0014334378501705413,0.00137673429884717,0.016214119811917435,0.002032588997770608,0.001761106246749647,0.004571472510341145,0.0072053415998188245,0.0015048341419619685,0.007866371359408769,0.002315280775910363,0.001257518239613699,0.0013868293116195347,0.003209844545669311,0.25454978906242487,0.0009665848187703132,0.0015520641898321436,0.0025658100360890627,0.0016871444128192861,0.0009531329961511148,0.0015825911183332052,0.0013475982894268323,0.0016210809297850456,0.0020724754824833313,0.0018807263183221712,0.005676916027798566,0.001713665443177933,0.0012871223111913745,0.002420068967236177,0.0015318899519167443,0.0038781522670766925,0.001872311315861513,0.07933625345385875,0.002080037142076398,0.0017436736458372678,0.002317484896326567
419,0.0020366945235932286,0.0025781012160913147,0.009373105146787915,0.0024679569335537455,0.0029406492205884005,0.00217383473867325,0.0026696035086585935,0.003662348214322928,0.0021857764385870343,0.0019374427909257875,0.003602225873607561,0.003847926451023489,0.002074543455498457,0.0032892481511207685,0.0013088937660394493,0.003498189159474981,0.004586706110491297,0.009848669229372577,0.005595148810084001,0.0025015979146963564,0.002919348369575385,0.004420223600253154,0.0024018027816215723,0.0031250887983604917,0.0032228076793587856,0.003400872366494538,0.003937262323038928,0.014814431046389525,0.005361503946968112,0.0017166183810286787,0.0036880550455423355,0.04904192603193406,0.0025978542248741893,0.0026251327707759683,0.003581570495711741,0.0027829398865365142,0.0026852388370891874,0.0019876562614645436,0.0020728181562998504,0.003109341743888317,0.002437592474896031,0.004011730871356673,0.004361942152401293,0.05229721907566361,0.00343841738349456,0.0019450353703126316,0.002607158474470528,0.0020859730434975884,0.0019763473005725233,0.0022849468760610067,0.002624366865294948,0.002807122112819261,0.0034130505880255353,0.0020888820010640007,0.006827278478963752,0.002064464915822312,0.0027494342127155663,0.0026340935722642986,0.021241817332368965,0.0017094807315081418,0.025815576745086558,0.0027691532532192107,0.017642574227911125,0.0021255855833070634,0.002351948076794036,0.002352193904295101,0.517821250569213,0.0037476879169208877,0.003716157965092552,0.0018763093445385297,0.0025918625673719236,0.0019028331749835073,0.003053862111836561,0.0029198268969237396,0.0019364051606241685,0.002604529422898063,0.0034373239145283584,0.0037502909696158215,0.001610720676320929,0.004239879251007947,0.0020127335218517325,0.003106682835535951,0.0014172310267611418,0.002565510335713653,0.002341915466949394,0.002357681880083946,0.006317828510436537,0.002025790478296457,0.0037744334378992986,0.0029090198071000414,0.002213799378570066,0.005931759840431141,0.002847554469958859,0.0020965361070122437,0.003599755359550844,0.019709877167165255,0.0024038993369185128,0.003808127905870847,0.0030163831674348187
1036,9.813209174634564e-06,1.5795473608713084e-06,1.842309566752515e-06,1.5851014598580662e-06,4.5947373464407925e-06,1.6341116229791614e-06,1.559167652986025e-06,1.3911083406451474e-06,1.4435408345564743e-06,4.952569811141842e-06,1.2117778951871176e-06,1.111723987922083e-06,1.3013848299698464e-06,1.5254681477994672e-06,6.456457217210642e-07,5.370100589323335e-06,1.5334476488762986e-06,1.5133138724871739e-06,1.3629575036818283e-06,1.419117184465943e-06,3.935778344332206e-05,1.8991675207616447e-06,2.592758553333492e-06,2.3879362463519617e-06,1.6312619568932913e-06,4.763218341087046e-06,1.067446801092074e-06,2.0102566773230185e-06,4.296275131601509e-06,9.552669371196019e-06,1.6974968714666877e-06,1.9060673269257364e-06,1.3817693913656972e-06,1.8203910366312543e-06,4.849813749421184e-06,1.4781029110022404e-06,1.0056537070200848e-05,0.0011148174593730241,0.9984534978606835,0.000162727568907962,1.4825641666130408e-05,1.3578278471013543e-06,2.740255753372314e-06,1.3260482305943735e-06,1.2347909949177606e-06,1.6173133742261004e-06,1.3679036375462052e-06,1.1394830287930375e-06,1.0015542137120302e-06,1.2776698589976943e-06,1.8674034600764299e-06,1.1645706797580065e-06,1.7338111898367236e-06,1.2103086064665372e-06,1.901171128755168e-06,1.066062398978242e-06,1.1296616381711946e-06,3.2859520254983424e-06,1.246338231135601e-06,3.902258463920804e-06,2.0776532273819423e-06,2.2860438944859864e-06,4.2251769520119695e-06,1.1226206336975372e-06,1.817893363958215e-06,6.69607370458211e-06,1.229113784882358e-06,2.4934669291206803e-06,2.0571188078723557e-06,9.171252083387207e-07,2.18991726390925e-06,1.0213657982334492e-06,3.5282612213179952e-06,1.7740028178269702e-06,1.7960104393627712e-06,2.225787829681052e-06,3.3240150200603635e-06,1.6583079475276202e-06,8.577308120012201e-07,2.5744098751251976e-06,1.704325415115691e-06,1.295531062137303e-06,8.204574523431095e-07,1.4272658495733877e-06,1.578609573214879e-06,2.1664286634569015e-06,1.2876397664568726e-06,1.261951890228828e-06,2.4599276269601788e-06,1.4680612882482647e-06,1.668454750952795e-06,1.0870599569756038e-06,1.4699333705637345e-06,1.2257497604539544e-06,2.11591076316018e-06,1.4883532778438674e-06,9.459835663382992e-06,1.1955421543289995e-06,1.368657838585866e-06
218,0.0001704802117392131,0.0007868699507847948,0.00015016397150771516,0.00020374088040115196,0.00018058989020984466,0.00013449938022613847,0.0001226546612905536,0.00017296404783908125,0.00029176678866805344,8.378797909100746e-05,0.00017389771662946983,0.0003446675794366732,0.00045791261735073535,0.00017465888613072742,0.0008648100912994164,0.00020902649932702793,0.0010832362733491233,0.00013811182064292453,0.00012151159219153533,0.00016314918341553612,0.0001935901274636941,0.00021058194777153074,0.0002878592774728233,0.00019689082155744417,0.00018873907599544472,0.0002929716164638814,0.9715085071612013,0.0001377098480953175,0.00011729786369683794,0.00014150397861830986,0.0001126813784962008,0.00018388754460851392,0.00012876824375288224,0.0002170284592453098,0.00017003446366201647,0.00023552363679010924,0.0001388482070749281,0.00012199178267772462,0.00025213490942098827,0.0001139735040667144,0.00018265027604781893,0.00038949494054466336,0.0001710612600646615,0.0006312158156633298,0.00014916314700476557,0.00010822859481884546,0.0001322751529876146,0.00028539879517415734,0.00047911795067780936,0.0002832012990767013,0.0001402278412707922,0.00010485655793621627,0.0001632886143450053,0.00017562828612384686,0.00019300387128654372,0.0030250123364168745,0.0008656622353902368,0.00012905039131526176,0.00010713253948770275,0.00017324785573839797,0.0001642269595333901,0.00015777208493865274,0.00014549559476770418,0.00014336976647472336,0.0004886127492193245,0.00020593763760696414,0.0001435842262009592,0.00014188182606659607,0.0001580927015940015,0.00036092164228679487,0.001206779180517177,0.001575102698316148,0.0004472933679568496,0.0002545402455693704,0.00020631579156502026,0.00017645465515228617,0.00015837428188623392,0.00023717193775279837,0.0002250686576737578,0.0007781483111946958,0.0001608824982265903,9.792458279307353e-05,0.00010951411988853134,0.00014625048084872553,0.00015342884664900706,0.0001477740341727239,0.00013425371847164506,0.0002485042404850474,0.000150405651645274,0.00013364234026553564,0.00011922590389722725,0.00023728100215703607,0.0001247246914715556,0.00012986432194724785,0.00013010101719272587,0.0005460538122807626,0.0004986262005097331,0.00010640144936444232,0.00038205514042566216
1496,0.00015053577770289314,0.000556089806210653,4.944520739937141e-05,4.952841596261298e-05,5.043278346715707e-05,3.370786839900328e-05,4.1515198256836015e-05,0.00026512677537104306,0.000686696841408081,6.124759080481705e-05,6.147622722541549e-05,0.00902953871652713,0.00012751250186068442,9.045455212151847e-05,9.156142858238966e-05,8.579373982518279e-05,6.0117770609176955e-05,0.021321189766525295,0.0002146792474337991,4.7732864814476734e-05,0.00020020070986499484,5.3656320422772445e-05,3.866049695582966e-05,4.733361213534888e-05,4.235952529811659e-05,7.546451984308246e-05,0.00010043538858414859,3.6385439550876347e-05,3.619430386864061e-05,2.937637539844105e-05,3.266516374742075e-05,3.7323236439511194e-05,7.799142945920583e-05,5.8532301552165936e-05,5.1582091146945184e-05,3.9666608971996246e-05,5.27939311699712e-05,4.531685162071946e-05,8.042491913413445e-05,3.966320789961214e-05,3.579421460961614e-05,0.0013247967831247107,4.066995257577698e-05,3.53547846389286e-05,3.4049616622251623e-05,4.838654246104726e-05,6.145910332039911e-05,0.00044943065377791306,0.9540344288071362,0.0018351088342471714,4.807890594019474e-05,3.919808065083651e-05,8.609841712365377e-05,5.993988056806317e-05,4.305535193644877e-05,8.958801102313357e-05,3.013008028000657e-05,4.135232350449322e-05,0.0001497136749064378,2.6147765816947863e-05,0.0003650984902371374,4.3162536081206e-05,6.155317066982777e-05,2.410695481213746e-05,4.024877171273652e-05,0.0001543021295246442,6.518190682394983e-05,4.1235365597158966e-05,4.435499479532725e-05,9.67047177076019e-05,4.564072995328455e-05,0.00010351052559327614,4.397462108492295e-05,0.0001385784440518404,0.0002412715574781278,0.00012288095186505289,3.716620099489666e-05,4.835629073192047e-05,4.19509674334364e-05,0.00011719941897168322,3.5196252403046577e-05,4.338070659925634e-05,2.237271745474557e-05,0.00010755350745102904,6.26741562928832e-05,4.291147961388722e-05,0.0010652671253832506,3.525941422492966e-05,5.862071306470991e-05,0.0002686993201605256,3.976099984903531e-05,0.00011577180419338751,5.8613969957963337e-05,7.030661207501982e-05,5.88058073234841e-05,0.0028543723069903567,5.6624724338486386e-05,3.5747300324982157e-05,0.00032839103834314635
1525,0.8337781443144546,0.0012405114897321421,0.0012361238403489786,0.002203231639418373,0.0010744323638295632,0.0010971678188200758,0.0009344096514096004,0.0023341843252029696,0.005353361966124667,0.0025437832569286563,0.0010939684968635118,0.0007316604305588432,0.001038767224729238,0.0010437896370811177,0.0005091447691572562,0.0011591222721282083,0.0011425149293645992,0.000949670896593426,0.0010132045463277907,0.0010238436415298461,0.014766024436405683,0.0009804862359500393,0.0006985027829968922,0.0008668576876756557,0.004323966095097413,0.0015910295336185253,0.0009408529573122989,0.0007196960178465457,0.0006341435184112079,0.0004647947093322964,0.0006587955245045581,0.001012012216442105,0.0011980596812258169,0.0012707705871062814,0.0009619045690735306,0.000947678131808726,0.0010120884124297726,0.0016974678760924649,0.0011923379495544185,0.0009395809149143924,0.0008552830745013404,0.0006258621091616058,0.0009342452644587726,0.0006969046669166898,0.0010434965080623082,0.0007347057756398283,0.0011442281258637068,0.0007956495238635385,0.0007524978766422722,0.0008635799508136653,0.0010758240156099525,0.0009192514937279999,0.0011549952732528204,0.0006878964195357798,0.001994940711175728,0.001237194872386506,0.000785157146116002,0.000988103032441349,0.0007341555355152694,0.0008353665634067949,0.0030584021413631287,0.0010808126585000674,0.0011330286290192567,0.0005746621153005368,0.0010988873714897509,0.025478454357702764,0.0010203337605358019,0.0010470049275529297,0.001444851156689795,0.0017728199711104353,0.0011011275973139346,0.0007878526578908518,0.0009900544223973911,0.0013685194906158066,0.0009999918540194513,0.012326345562150526,0.0024843577483607197,0.0009568279625601156,0.0007153850920422779,0.000703855052682342,0.0006521746417812393,0.0007460089490926733,0.000521946531136997,0.0009277943764396231,0.0027791463445901526,0.0013965548788326492,0.00091691808671737,0.0008009551226577508,0.0009664476513488445,0.0009366992195383558,0.0009242508667560288,0.001372993907428238,0.0009460053329749295,0.0013241018209011338,0.003002526938708883,0.000614932805372074,0.0008698946339238004,0.0007714408728838248,0.002148207202123281
1452,9.872473989293477e-05,0.00020874298622317757,0.00012284437165422846,0.00011985214755965042,0.0002190151279266026,0.0001185564519456267,0.0001436951639454607,0.0001602123110513806,9.559675358204148e-05,8.731931360072847e-05,0.00011205809359516892,0.00014891154715182604,0.00010963016465106908,0.0001346390711880868,5.6937075051115456e-05,0.00015468967932853172,0.00012664568096740856,0.00013950891319978523,0.00014889791129441842,0.00012043485056634807,0.00015158110190910225,0.00014687752854507233,0.0032823016231150453,0.0001919032965369689,0.00014314673215292032,0.00021222053143090836,9.663932955092337e-05,0.00013600662976204323,0.00037978722012064125,0.9778427335369198,0.0006992374929648994,0.00012064607007928203,0.0006693718254030499,0.00013580748510327853,0.00023168072707742448,0.00010830185555352015,0.00016606760589568326,0.0007079504120872753,0.00011289679762796162,0.00012854358650416422,0.00022354983933052977,0.00010089253367016993,0.0001402308624723589,8.590718599231262e-05,0.00011200879914938945,8.97808762025072e-05,0.00011417602690243422,9.575567995972578e-05,9.231337625196235e-05,9.585703261341327e-05,0.00014250993030238165,0.000462710608626935,0.0001577426845089164,0.00020766999733794748,0.00010012015334103365,0.0024079673268486562,0.00013365438289384974,0.00020859895702947184,0.0001043222071032222,0.00010876065043369475,0.0001252366009445232,0.00022706462216578368,0.0002279057997439015,5.8624120923335716e-05,0.0002578712628292426,0.00011003888696451653,9.965103527132094e-05,0.0001467650215443987,0.0001565077664604428,0.00014248900198561952,0.00018978337222367542,0.00010097427607797984,0.00013891829890212769,0.0001586529788377652,9.552118475439887e-05,0.00010150235749833728,0.00010560389227856469,0.00014227892326193427,6.850472399651997e-05,0.0004492659073977092,0.00017774000776687836,0.00010136813733752653,7.676818183821088e-05,0.00011826245465919666,0.0007577823103358717,0.00011979578600650702,0.00010800269638488846,0.00011003457997965475,0.00019429033041074728,0.00012219382377434628,0.0002603116844192809,9.035687786864178e-05,0.0005455261137917889,0.00010547328705994527,0.00010044295349938527,0.00010482544212737268,0.000113578007375226,9.387944832211291e-05,0.00012106498929401833
363,0.0021288290876331417,0.001723661364019052,0.001537164710650327,0.003390481011658276,0.0013899558739818344,0.0021003418311529277,0.0014141834874927745,0.00144939503852825,0.001181992598975582,0.0008855136065131447,0.0011910264241554512,0.0009586593215877426,0.0011796323738861047,0.0013366704633126557,0.0005841244288548542,0.0018270267733803394,0.0013708951978860311,0.0012610731728887646,0.001252440371409121,0.0012041570278090487,0.0020521518427341207,0.002300025759655833,0.0019897521402234566,0.18012117576857886,0.0014026012733050807,0.0023755334761890222,0.0009297773409052623,0.0021539461499177313,0.004694527943644168,0.2038803042178996,0.00266720215930292,0.0012845796272385813,0.0014907482540675503,0.0014007128497435064,0.0033908771580535993,0.0010962262356297352,0.0015583449362326757,0.0016282356663607903,0.007271787451373683,0.4403420488887681,0.0011901445594256987,0.0010744614057290938,0.0017854876597611972,0.001232392033611174,0.0011426275255475478,0.0009501495138854669,0.0012037418593138474,0.0010272486381014388,0.0009197344062968203,0.0010512511901241987,0.0016545032402124227,0.0012456711511993688,0.0014386581962986674,0.0010282132764666445,0.01728349586022544,0.0014103981682826426,0.0010762114409020094,0.002836407517789305,0.001040373198501374,0.0012102056505758274,0.0022423851021937465,0.002172656157275081,0.00647966866105948,0.0012044908495245686,0.001000888119180425,0.002749233092879884,0.001179064465899957,0.0016350734111354145,0.0017538192555352971,0.0010916655313490226,0.0014330880555983778,0.0010378176776553321,0.001290152069272229,0.0015093489058933302,0.008208591304398168,0.0011120004469919312,0.0021268731856652016,0.0014636959178083958,0.0007887724086616728,0.0011260414645067349,0.0009742023720856186,0.0012771180482864513,0.0007228332736937045,0.0011860471441656048,0.0012952518640320513,0.0013851397948458743,0.001133939834038522,0.001151758370474727,0.0016955786738892871,0.0012381349991044792,0.00153533746009774,0.0009015761015288516,0.0013342754718258661,0.0010238880792734386,0.0012852021121394373,0.0011246104376711967,0.0013797001532931926,0.0011717736206740125,0.001379146308545815
1505,1.7714909387201228e-07,2.592438162744827e-07,3.408718699558899e-07,3.4043327666165715e-07,2.485984136711191e-07,9.527984211792032e-06,2.2602509229226115e-07,2.3897945953731014e-07,3.614725870868552e-07,1.6528075078749892e-07,3.6015660175527675e-07,1.9284691584903201e-07,1.8619123077092007e-07,2.3030781208822336e-07,1.1084408457567687e-07,3.1581719327691086e-07,2.3836934461723184e-07,2.9441112391259176e-07,2.966054924012675e-07,2.2767028314661155e-07,1.9332555915808764e-07,2.2981257678013467e-07,2.1951056451245834e-07,2.2312280240723094e-07,2.2872706841800408e-07,3.3158731157272303e-07,2.1465131361290386e-07,2.2592385371256296e-06,1.1849739969725126e-06,2.001793965867478e-07,2.1793858545649084e-07,3.0203158990349045e-07,5.870863347788958e-07,3.552811927209879e-07,8.296850026274989e-07,3.780167745932101e-05,2.437333698627796e-07,2.3692420432492479e-07,2.859470364248036e-07,3.0069999958738303e-07,2.2379062024016856e-07,3.120401019259021e-07,0.999876899258007,3.3754594139318835e-07,1.7348623271344986e-06,1.6572815916559466e-07,2.13901335469205e-07,1.8246151693994876e-07,2.876848416336538e-07,2.7837810930285536e-07,5.521004924147638e-07,1.9610393502359378e-07,3.1194256728486906e-07,3.1673666483510274e-07,2.0858900538331902e-07,1.6293240894398097e-07,5.63464398701911e-07,2.3212589253990386e-07,5.917943572681287e-07,1.3775897793651322e-07,4.0042613295802385e-07,2.7497513754366288e-06,2.3262816773316483e-07,3.2117905612343645e-05,2.048445790723844e-07,1.8390724299990356e-07,9.171806772427725e-07,3.5325505668916505e-07,1.4065789825869303e-06,7.722687534057731e-07,2.492755688379822e-07,6.352172431286756e-07,1.289173336056943e-06,3.125336499470379e-07,1.7188245592825386e-07,2.5541870660582217e-07,2.0208674005767136e-07,2.6198362249829877e-07,1.4197782323615916e-07,1.4800242514718854e-06,1.635859451721224e-07,9.193165597944681e-07,1.1778596006463884e-07,1.4357424489168972e-06,3.045584179342071e-07,2.1889689750976775e-07,6.463552298703759e-07,1.8025102611586874e-07,3.1707392117515615e-07,2.2674152162592361e-07,2.3239505709543094e-06,2.0179430470691803e-07,5.835574529488451e-07,1.9340480676953207e-07,6.967044602313137e-07,1.8219684241244172e-06,2.016514881871215e-07,2.1164787931777934e-07,2.0210048913124952e-07
849,0.00013716991011651747,0.000127394544811838,0.0006382326094623821,0.00018921117824105126,0.00017481170792506864,0.00012003721219108881,0.00023668022786213226,0.00018726213732294303,0.00013811362375795502,9.731613824306965e-05,0.0001741159316444082,0.00024286144541396345,0.00027565112614313686,0.00045386604136722365,9.488076368010582e-05,0.00029545025546508653,0.0002083765185352214,0.07492455092002683,0.0002449664948071648,0.00017540182755960228,0.00012110228941563053,0.00016125270627758508,0.00010855403858345019,0.00013206640453259575,0.0004411485772729919,0.0002608752254815649,0.00012276329160324425,0.00011344717021990893,0.00020123039518374545,0.00018926593513905076,0.00016932772946975455,0.00010769950234608147,0.0003221392000461021,0.00020426186118592237,0.00015384291656934127,0.00013584727513845385,0.00018041691194013666,0.00015143515290817817,0.00016989947949229333,0.000137936147154698,0.00014293507618662283,0.00012273580410694326,0.00015336883973310827,0.00017457974988080714,0.00016781461705220817,0.0005182681034218461,0.00020542360474697582,0.00019024211412546846,0.00011704904935423173,0.0002014210446408543,0.0003684966474159804,0.00013689964674451748,0.8655614874408404,0.0007196694723329836,0.000188606950469552,0.00010832581507837104,0.00014849987948126864,0.0003847227266313102,0.00025764768477265715,8.326095847572386e-05,0.0002869508423984801,0.00014370394508691171,0.0001901449721034198,9.380189577904978e-05,0.00012738654291114207,0.00014027600996120734,0.0002655970876274779,0.0005464224498318973,0.00015677457086994738,0.0002804776159548951,0.0011712727638861378,0.00011783485591886567,0.00016308347971442645,0.00020698081596060293,0.00034406075433465153,0.0002986487515160464,0.00014727582434097348,0.00014905355636358417,0.00011991747189659565,0.0010651140787287935,9.180785034560218e-05,0.0029763783301515437,0.00010362262580996081,0.002314818626239533,0.00011009109577590747,0.0003579798154006268,0.03278867662642275,0.00013484262292491636,0.00015522481041590314,0.00015650749360904346,0.0001555376294717354,9.936897385557416e-05,0.00017536429723157386,0.00015690457252124084,0.0004937737450719152,0.0005211283252651687,0.00022795830567269657,0.00012732291404683158,0.00016559500455318911
388,0.005221593347294584,0.006471045216815662,0.006222445177168265,0.01485220001157717,0.006268545006619991,0.005914011759086769,0.007141084013675127,0.006332803200280155,0.00498357730388972,0.004843624882526305,0.007806255867317688,0.007557363641210385,0.0065294746133449655,0.006267411831236915,0.0026673346327511682,0.008464884306794965,0.005846949065765199,0.006469757638076794,0.005403510185577848,0.00570367014656725,0.0049167125261288195,0.008409322371856242,0.008650484453722466,0.005798905646131399,0.005774710978802623,0.006724162730981411,0.004709926782546508,0.004823752887840004,0.01806920581322948,0.0037425082200439903,0.004862295260878035,0.014107278438499137,0.011131169736737669,0.015930725181978696,0.006480049437197941,0.004963076973578414,0.07111824030581115,0.005359387505913686,0.00639262696767402,0.0049010351908655506,0.005924270082841878,0.006595436611301716,0.0058633925759824825,0.011558232899651057,0.013996086651959,0.11745414847708122,0.038155480596590956,0.0045742540275878225,0.004782936521346812,0.006181244819331756,0.011689771744244867,0.044430913242976454,0.0064861429544020455,0.004597984633108189,0.005048036135307684,0.005187754068673143,0.0051933092009790755,0.0055362911006105985,0.010758133063606656,0.00432047561311189,0.010732841373848657,0.005957208589772433,0.009018154174180623,0.0030342403277757056,0.0047435645106105335,0.004703710874924244,0.00578479791509005,0.01001157364275562,0.006608273429344639,0.0036158062650871914,0.00580948388122882,0.0041183881696070825,0.005586075059985001,0.007285680162777268,0.004428646595361429,0.006590947763097272,0.0047709738807550734,0.006255444936822719,0.0035049808998996734,0.0836188951833522,0.005383826286358605,0.009006197195854314,0.005850551486706044,0.011561060139609768,0.010208641360103422,0.005563973281298941,0.007551904238351347,0.006159700545135641,0.005873148793194357,0.005649243705344438,0.008374179564043818,0.004251639352328446,0.007806275764617091,0.00876359818233104,0.01408426888338898,0.0052617129807823885,0.00490328162826102,0.004347099374121091,0.0070525953232034215
972,1.4167032358260044e-06,3.176336205200682e-07,1.3664110906302316e-06,2.5497365756038825e-06,3.692020473344598e-07,3.077670310344705e-07,3.4285759851404106e-07,2.9273164631826066e-07,2.7967755566203825e-07,2.2291629302389943e-05,3.12421456578784e-07,3.52813434084736e-07,3.3179304379689295e-07,3.5153848547055856e-07,1.5225326299211122e-07,6.635893154000913e-07,3.429100884321005e-07,7.315503592563851e-07,1.5972500546692588e-05,3.506353432915654e-07,3.636512543590039e-07,7.138585463577691e-07,1.4586838088559078e-06,2.2348643448996615e-06,0.9998345989455892,8.963486454846901e-07,2.581922032135441e-07,5.270776116045166e-07,7.873265714030014e-07,3.0875587977084476e-06,1.6862351391067136e-06,3.3353495157164296e-07,3.429037254687166e-07,6.633105640253309e-07,4.33567643056623e-07,2.9351039836198276e-07,6.507082874786365e-07,3.24158947916899e-06,4.329706612294799e-06,1.609410469370981e-06,7.126085009713662e-06,2.3021064408474348e-07,4.474473064357915e-07,2.128684946311208e-06,3.2739735944980185e-07,3.9260118806830297e-07,3.200319734110239e-07,4.553568051586445e-07,3.983833660967871e-07,4.16370061024039e-07,3.5578992299316844e-07,5.675612419486232e-07,1.1641485502046545e-06,3.3984710812623846e-07,1.2729416940676137e-06,5.720079027555682e-07,2.905828571820365e-07,1.0563376570147872e-05,3.8359724174227235e-07,3.529331932394012e-06,3.9821455688271815e-06,6.054336881844912e-07,1.6157539768786137e-06,2.223571851199756e-07,4.042200528573983e-07,4.070201742161616e-07,3.092560415095808e-07,6.652890773253947e-07,4.838666320409082e-06,3.834526919504757e-07,1.1390762802920285e-06,5.431046941134203e-07,4.185130487625933e-07,5.089151714695958e-07,2.566504340397303e-07,5.309635062466484e-06,6.792847667174714e-07,9.5142190029821e-07,2.1063977003964291e-07,3.777484900929767e-06,2.7495801752288077e-07,2.9371952419419345e-07,2.452436202727963e-07,3.2426530076138e-07,2.6754778595098776e-07,4.056432067676908e-07,8.720370950815446e-07,2.912903262614507e-07,6.99730438204831e-07,3.328393757136456e-07,3.9489821578588766e-07,2.570023192718998e-07,5.158537181212064e-07,2.8671248033130487e-07,2.8846717051757985e-07,2.3825874241794134e-07,2.6817708772795288e-05,4.5195588241378684e-07,6.244538370149562e-07
1578,5.65107568313177e-06,1.3450189607570767e-05,1.2796551470099e-05,6.810060695989876e-06,1.8377794998545663e-05,0.9988288377050698,6.787711241264726e-06,7.321364856326188e-06,1.0066740738563183e-05,1.9784883696998883e-05,7.827748098418526e-06,8.441648912218418e-06,5.631627163685681e-06,7.469178859235585e-06,4.238082914166866e-06,1.4044998081818163e-05,1.4943420077160659e-05,5.977724891581776e-06,6.22129855801633e-06,1.1961019213438062e-05,1.1472024561827954e-05,1.4983456956466683e-05,7.959534863020425e-06,7.763595162116195e-06,7.355442037406576e-06,1.1101753635814678e-05,1.3891562284482443e-05,7.029796444574322e-06,3.2361853610516124e-05,1.0127576483736627e-05,6.662452039535622e-06,1.6768050403716888e-05,1.0303779684991769e-05,7.853575120563175e-06,8.522161739958773e-06,6.086903512821335e-05,6.1564604147680344e-06,5.98134710534428e-06,5.4136376711698175e-06,2.2264082463997337e-05,8.829332918230091e-06,8.026600829080455e-06,6.459456134270001e-05,5.269960644815469e-06,7.979798166720516e-06,3.213401491209553e-05,1.1065626989056672e-05,5.845391068351631e-06,3.914014945999395e-06,5.612703030071569e-06,7.5106375204100405e-06,6.036955582941217e-06,8.028644771617e-06,5.405674958087233e-06,8.029119937070582e-06,4.6288798551171245e-06,1.1748880869892595e-05,6.844906682637765e-06,6.042593807234127e-06,2.0645509385784946e-05,7.494976230211772e-06,6.609979503596132e-06,7.096483609677404e-06,6.336614168186888e-05,5.528557362055371e-06,1.4063091272791829e-05,1.1213686698452044e-05,9.971034616206782e-06,8.294407657149562e-06,4.130269473499766e-06,1.5622675350851767e-05,1.3268164052229201e-05,1.2904704511889486e-05,1.2099179455514653e-05,5.745114718888316e-06,6.947150559575872e-06,5.423209238185151e-05,8.727767921191569e-06,5.148247834515646e-06,5.7512122190230635e-06,6.259251076333972e-05,5.463971285197362e-06,4.065105680392869e-06,7.909155535175419e-06,6.648148708333518e-06,6.27249754826561e-06,6.483527276259965e-06,1.8516280118586506e-05,7.461832456492143e-06,7.202861354718597e-06,5.850174840722688e-06,4.920982305665554e-06,7.5566466461603575e-06,6.086457418562612e-06,1.0439370817592693e-05,5.035687320605752e-06,5.975801727127491e-06,5.69114169615211e-06,7.93709853132165e-06
572,9.687646462965547e-05,0.00014480277084694517,0.00021309071000200414,0.00014417969624317661,0.00012315185967290863,0.00011245081151260718,9.697516032177345e-05,9.662862134611358e-05,0.00011277556281012502,6.837176553538996e-05,9.380113653230615e-05,8.919690462817919e-05,9.591855967151161e-05,0.00012162536196672913,5.339008945977482e-05,0.00018056102699499452,0.0001242146344873565,0.00013389524772930398,0.00023214158251677884,0.00011590318518516137,0.00014497322059670682,0.0012009382984781772,0.0004309445733937595,0.0005834007897384611,0.00011092602887629623,0.9843709299292644,0.000125582422403249,0.0001820593443901363,0.00025842348412516105,0.0005026348606893719,0.0002093900421737471,0.00010098310082031093,0.00016378701065747288,0.0005926062603163444,0.0002538800029780284,0.00011730232304488165,0.00021928645968027915,0.0001681307881989972,0.00013397259029870325,0.00017645572747011106,0.0001891656377068251,0.00015471319723300449,0.00014431640807533328,0.000108109765137484,0.0001035969573361849,7.91560065810565e-05,0.00010090437964497809,0.00010756909253675414,8.709018549153108e-05,9.596833743592312e-05,0.00010508987474346075,7.218179993029359e-05,0.00013772919247878078,8.354401100654669e-05,0.00011120017323739113,4.836983470148409e-05,0.00017143049819004163,0.0002047209514471573,7.660302074751398e-05,9.249260755527327e-05,0.00044883509426488753,0.0001706223982092676,0.000303927162028921,5.2169462280034315e-05,9.736186623274956e-05,0.000142307071867092,8.84583093355858e-05,0.00018084850442693208,0.00015663618399830467,8.205138426567777e-05,0.00018694390547483383,7.169896555233781e-05,0.00025423686575046803,0.00015267638491986955,9.207296926610643e-05,9.485356742939006e-05,8.303584388436088e-05,0.00012038527095131039,6.349283834038243e-05,8.421366176506534e-05,0.00012070186617629212,8.189826952668983e-05,5.8701279513690763e-05,0.00010674619029779687,0.00012979422042089315,9.566890872724e-05,0.00014842045036754457,0.00025874244290134175,0.0001602051840528839,0.00010362972096003655,0.00011825056889998567,8.136183399388802e-05,0.00010507804363163208,0.00010696826788892034,0.00010201613963073398,0.0001467430730327682,0.0001454427219962912,0.0001336919497164084,9.860081711683108e-05
1097,0.004066848807849955,0.005162972086247982,0.0018460545349395217,0.002501229803276588,0.0017337616949758712,0.002873213746509035,0.0015617058441913302,0.0015749968611055301,0.011043371525121998,0.002219440571331875,0.0020705050397953097,0.001942298690678123,0.0017887921683694087,0.0018698481736418178,0.000981593546317071,0.0021912369400053813,0.7473048016658373,0.002078736132827084,0.0033361399929204786,0.0015596096617711327,0.0024533030919574868,0.0031945752814942943,0.001225145032696904,0.001659106788172264,0.0015989077886729135,0.0050461922315724736,0.021341953257052945,0.0013671511253807009,0.0010969506758602336,0.0008298706218671638,0.0013770101499401852,0.009058832073067393,0.0014595118228855146,0.001872348393950814,0.0016987923321298305,0.0034352966417090444,0.0016255703479957121,0.0013286654650169162,0.0014389127013844669,0.001755927827236849,0.002568232908184749,0.012287773875549877,0.0014622481061404714,0.001329036015089718,0.002868586961563725,0.0011542025783568442,0.0014328299733369202,0.0022409337149134376,0.0021566447188579186,0.004013385402618886,0.0018517626815651395,0.001041053798541903,0.0021424487811643744,0.0076167362208343315,0.001427755911634057,0.000758219832755397,0.0016735776458574347,0.0015298630891817798,0.0013059310297841395,0.0015037790404698781,0.008211182130737241,0.0021528590785260286,0.002148347108843984,0.0009694197955073271,0.0014833699747850968,0.0016566339908436608,0.0020251304739910296,0.0012932469796224186,0.002224854871083461,0.00231862653155519,0.0016721787603089233,0.0015935967219063147,0.002285441549689263,0.005176358280276216,0.0014594921312453232,0.0020087788814793194,0.0012852931577262432,0.0023058439942640232,0.0009465751553032874,0.001185750401862845,0.0018868984821355337,0.0010854680874163851,0.0009299431260104303,0.0015965639786034392,0.0024151684840053975,0.0014959271939846545,0.0016148322436928542,0.0016089906186354678,0.0015662661653355716,0.002030438489638134,0.001290272845019452,0.0012665680419822784,0.0016859616353413509,0.00423873970314419,0.0014516666017555628,0.0066330615237366105,0.0013844322570651484,0.0016531279084162544,0.002826509220366343
364,0.0002768387971340164,0.000852642660125825,0.00019887077394770817,0.00023770989407032047,0.00020502030461727694,0.0010430322151673865,0.00013081491654976725,0.00043560666548426974,0.9764411627613462,8.887359498649966e-05,0.00014187264420926143,0.0001627403555745181,0.0008272144003636968,0.00018122545526690404,0.00030581989601400836,0.00023455351049525038,0.00039232279103178995,0.00023867230771670546,0.00012303754791927464,0.00015577926370841094,0.00015114390338104828,0.00023591748117345347,0.0001888162719535422,0.00014292284230909386,0.00014145730990944603,0.00015286490547454466,0.0005574288239604109,0.00012238050780045726,0.00010449683733863297,9.59957558399171e-05,0.00011526873503626354,0.0001180326905223961,0.00017603548219246277,0.00015242619698105557,0.0001538381777610877,0.0001294152988954982,0.000138635155344521,0.00011700799899889419,0.0001420754699195963,0.0005301265329730413,0.00014298530436549018,0.00031310116179434066,0.00013904795752133525,0.00011042585480352962,0.0001265398139445915,0.0004074654568369592,0.00018989953689436327,0.00017381275778057057,0.001726902169395259,0.0001780012018095367,0.0001441804644238342,0.00010688646414551077,0.00016471239666350805,0.0001065717663287156,0.00013750232435457275,6.199142913341185e-05,0.0001405477143271821,0.0001320086886712946,0.00011501617272079517,9.753835320346324e-05,0.0001503647517685085,0.0001426928913321451,0.00014267007478280206,0.00010238941610298215,0.00011327944241157225,0.00019648994368350202,0.0001492540651985107,0.00016565611292699054,0.00015271801914837522,7.052354078919084e-05,0.0001537943707392835,0.00014716166568720318,0.00012792893892271518,0.00024372598146849746,0.00013258637074493415,0.0001600834202296326,0.0001056508266466638,0.00016222930722640722,9.311656608926084e-05,0.0001110319881047821,0.0001558612918436942,0.00011109417275433494,0.00025313776448376537,0.00014976798298114532,0.000339188179016306,0.00012165986165025563,0.0001250617642319919,0.0002362254926585463,0.00014311383211364776,0.0001377970032963134,0.00011124945623018424,0.0003192184297196873,0.00014868414111295756,0.0010038840306530906,0.0009032608955302969,0.0012731803970005943,0.0001127537721475369,0.00010841587382072114,0.00036786384213832686
955,0.002403072438291574,0.003763810445085657,0.0042032157735190515,0.02161602384166383,0.002952128857132529,0.002484081087910146,0.002956759387053884,0.0027678045790370744,0.0022533968675562976,0.001929551471636893,0.0034435856027138006,0.0021819470066819393,0.010703744320498618,0.0029320510108646987,0.0013334861350628787,0.003481097018527402,0.0031921711251910794,0.005420834159838256,0.006010453269642275,0.20186952928254992,0.0034396723993056727,0.0038966917740186043,0.002626397908334761,0.0028202668254045716,0.0028121580648106394,0.00826016190086357,0.0026873337425920864,0.00253161564288187,0.002193761634733943,0.0017015135379525445,0.002554438005319603,0.004125852979107895,0.003295981031650597,0.0037308159307921753,0.0031205848248318903,0.0023823068743255645,0.002903409632624593,0.00238186880185146,0.0023875930149539364,0.002970231770275058,0.002163527260162386,0.002627557844056688,0.003877385450700408,0.00432233453565226,0.0030915859774161246,0.011557461758811081,0.00489023304210051,0.0032897703651460393,0.0030067777132436213,0.002718633739780591,0.16401373993327667,0.002268314115733935,0.003235423544254115,0.039355991318559186,0.012991210520289303,0.0028325417802402236,0.006715010063413579,0.002741552542333422,0.002321675596018046,0.00197908431124179,0.007347018863171823,0.0028708648902614083,0.0033979074541350047,0.0020586344521421017,0.002312129499594222,0.002404088771392402,0.0025389402092342085,0.0037966333699590766,0.0034635321904977266,0.04534905383537038,0.002871516168954273,0.001768813728885205,0.00277554022416628,0.004076946600451565,0.0024958181757856477,0.0024366454007671576,0.0022983179098270317,0.0030613029449503733,0.0021982691041937887,0.014565618652190152,0.0019703071754701125,0.002764618157998805,0.0016265793769955459,0.0027217618643739718,0.002883917714445896,0.0056135903587008215,0.07279627680407173,0.12769429301295598,0.002688627253007694,0.0030807123231367858,0.0063169122909464085,0.0021123861415398614,0.0026239149462805944,0.0033120240957875665,0.004858166231071944,0.0025367172945533153,0.003958065829717653,0.002252728261022635,0.003379597032473868
713,0.0007645668082982552,0.00024501131141507174,0.00022019232335324427,0.00017961330373365977,0.00018410345286546268,0.00017185542779413906,0.00042791310406806334,0.00025551406678708756,0.9779302101375767,0.0001181016495106753,0.0002075872762248383,0.00013741810522209692,0.0002253166469498804,0.0007020324884514608,0.0018719026793706495,0.00022248871957310202,0.0005059993763483874,0.0003169185740992282,0.00036755050330224224,0.0001570087701603147,0.00017444172394852258,0.0001542462479443693,0.0001524935662977398,0.00014552359462145821,0.0001426592185443626,0.00022059208855686592,0.00017076761108187399,0.00011670441850582995,9.842985668426041e-05,8.894922690887357e-05,0.00011755982608818781,0.00012045011148232543,0.00024562301400025066,0.0002074423336930866,0.00015233389281162194,0.0001493598728955189,0.00013594847845683724,0.00011916686410350075,0.00011925292968735,0.0003115858203786251,0.00013426052570299153,0.0001128261534732658,0.00013554045380322966,0.00010870769761781563,0.0001505390791784018,0.00010816765673311187,0.00014446796072853157,0.00010627327681277415,0.00018674160139402714,0.0003926635707041398,0.00014446185122213702,9.383471352011522e-05,0.00017908250427355328,0.0001268229872292014,0.00012450016613148497,0.00019174953525208385,0.00013098338288776396,0.0001343444164487202,0.0001147446866057568,0.00012076231530020236,0.0001569726956894075,0.00016842682200233624,0.00015233537895460345,0.0001216022986380635,0.00012178234676358942,0.0001934618066073648,0.00015345115901154797,0.0001408893504316868,0.00016639102379317904,7.758886476564383e-05,0.00015745337644513814,0.0001428349259767689,0.00013850190664050927,0.00018112965650242662,0.00013943997362701402,0.00012643103593547002,0.00010995994812461745,0.00016206168039583586,0.00014190722164497503,0.00011380897574608315,0.00015936134283256614,0.00011286670294154206,0.0004661129885553878,0.00014562009668691057,0.001359459106429236,0.00012718514145514603,0.00014831026094197427,0.00010903787090561044,0.00017392189434702429,0.0003181826921877672,0.00011362711866793418,0.00014079621195424913,0.0001494156502424658,0.0009433338908446294,0.00060771318777086,0.0004058354486712216,0.00010930854243610031,0.00011217721458596279,0.00013499423303153972
861,0.0012211356586082247,0.0016753640553110983,0.003753404842124476,0.0023809456705273404,0.0015569872269801171,0.0019793833962135424,0.2544399981406073,0.0012280523654894866,0.0012101859997641,0.0008440406671885121,0.0014029501312863182,0.0013476222153448482,0.001426621855380326,0.005343444037827895,0.0007510936061263628,0.001800297242566951,0.0014284411487396971,0.036592863089172256,0.001760743236252117,0.0016926286820727401,0.0011249995241038027,0.0017727861756307093,0.0009928862723646082,0.0012491178585642883,0.002803463380215786,0.0019103446366682472,0.0011172124591442242,0.001048641959637155,0.0019118953027656403,0.0012057529657806107,0.011913160592135617,0.0009378706694855327,0.001507811170654876,0.001373936892511994,0.001408216091933936,0.0011945826354773932,0.0020021785993522088,0.0016936202521809465,0.0012626991297242595,0.0012160354609289884,0.0011433772757843176,0.0018098936253496225,0.006377348691653614,0.00237033985286674,0.0012942880216045187,0.0016711418237255297,0.0027556750863484275,0.0047180689734464595,0.0009555446374741917,0.0012290598430468893,0.018069197284337306,0.0011216712429542397,0.4109382289115765,0.0015899338543797414,0.0012143343013356334,0.0016490595265728457,0.005436772429107079,0.006699969080116535,0.0018363028743117488,0.0008004676304505596,0.0017835227653527777,0.001355502767900342,0.00222219233511108,0.0007670757572747999,0.001335815123079304,0.0011342848617378418,0.001402451956565164,0.003779848046055967,0.0029541543912561894,0.013045083054356671,0.0017752367489125426,0.0009907741062775922,0.0013309607548643576,0.001751169790311603,0.0010990258910122453,0.0046631406794204345,0.0012332031738929185,0.0014960353931336302,0.0010099882560844044,0.002670885775520036,0.001068080113925785,0.043811209244289516,0.0008787331664179149,0.015097684693382045,0.0013552406393221228,0.0031490687853732934,0.02803765488789932,0.0015931434455322615,0.0013192629703147633,0.001301232907376,0.0014751754803389394,0.0009321018279268634,0.001974970594121351,0.002638747210111457,0.005029887413949771,0.00100092198625129,0.001883124272708023,0.0010761440397650253,0.0014131744295874664
562,0.00023518610492637637,0.00043211739675405115,0.0004950487458978937,0.00022837650043782553,0.00031519467456635306,0.0004592914278571872,0.004195335711446475,0.0003327073960282266,0.00034790107309673886,0.00017766491355508538,0.00028520515674389604,0.00020856701288615148,0.0002796079466387634,0.00030973373080346416,0.000148383196501156,0.0005399467832301723,0.0002885744025422948,0.0006836201150593141,0.0002944775299546323,0.0003207399212452071,0.00023411670117824847,0.0005184989090858322,0.0024989875372717274,0.0003459362640987169,0.0033917145912287228,0.0023038606677109885,0.0001995246620737273,0.000865208480742727,0.00037096722009823254,0.00044598764583943153,0.0006150311516257378,0.0003364832020726351,0.00041355329127154675,0.007720349503240552,0.01713358909210129,0.00023931564405782428,0.03538355772554075,0.0007559914837745515,0.0007742683881017541,0.010881278852813363,0.8808663416510312,0.00027826586798785697,0.000657508994971191,0.00024886377236792016,0.00035334853384160977,0.000549820653422736,0.0002533096903492277,0.00038478394860334017,0.00021438062072002995,0.0002527867421930003,0.0009667097757974386,0.0002592372606907196,0.00036088953303116324,0.00021724527208476533,0.000250886661488291,0.00014249477688029226,0.00022541030111362711,0.0011163129015794734,0.0006260209307644106,0.0004716557062117244,0.00036561516430479895,0.0003888543586854523,0.0005112115630527504,0.00023688302240201646,0.0002412644852647877,0.00026796825177049507,0.00025883600901333806,0.0008378013259318193,0.0003799516488447875,0.000297415404410017,0.00031568316365575115,0.00021331470609241423,0.000749416885963637,0.000420247793030451,0.0002320504997243329,0.0002479545112367956,0.0010279778014493726,0.0003042575185840178,0.0001712177332118284,0.0002326273605786131,0.00024604790599317664,0.000365944630887826,0.00020038985205908101,0.0002696968362375975,0.0004149741038828061,0.0004446213742331485,0.0003698095994832106,0.0012509532701033713,0.00042892775811603366,0.00032739172248135004,0.00048527941054689913,0.00019290971967445122,0.000281156355041022,0.00025905091717542375,0.00031895994674324387,0.00028749932482045805,0.0008774776315803123,0.0003068659609745362,0.0002693201235291002
676,2.943337217965516e-05,3.696557669428025e-05,3.008852859284027e-05,3.577639060124847e-05,2.9653819913562353e-05,2.253966276058623e-05,2.9620039097652695e-05,0.0003976310656521654,0.00010602955045900616,2.2047320236530206e-05,3.639820521535723e-05,0.00023292788291210675,0.0009554994409652128,3.549957332217167e-05,2.063666301673272e-05,3.397638761814576e-05,4.207827903077262e-05,0.00022719116782721305,0.00012996371192288143,0.00034537458458177255,0.0001935626329223388,3.3243206816607975e-05,3.7380309270681464e-05,2.88996871407222e-05,2.6110929997348292e-05,6.063141272561998e-05,4.43420918466284e-05,2.8733399581773124e-05,2.3412118884019534e-05,2.352262929869596e-05,2.116911388204537e-05,2.0252228806926397e-05,5.264967322438879e-05,0.0001349734039435588,3.075076879512012e-05,3.3013235916446626e-05,3.340364661465656e-05,2.083104780345942e-05,2.0516878228943786e-05,2.3461924369099362e-05,2.1292573784720334e-05,0.0004684409844907126,2.534251574706465e-05,1.5935760281015877e-05,4.7865112907676965e-05,2.445374426140939e-05,5.0388871619099446e-05,9.156795830368951e-05,0.0001185225997816166,0.000155443346716826,6.317845583016509e-05,2.2787079669558393e-05,3.6528862193963306e-05,0.0001374521965545777,5.0940295791936616e-05,1.6122709583671534e-05,2.23938894634925e-05,3.0262569688731213e-05,3.2976339505719325e-05,1.80866466226531e-05,7.79403078311908e-05,3.0651099859997125e-05,0.0021696639641318144,1.365368575619623e-05,2.1988307917405183e-05,2.7594735237485915e-05,0.00013869803062403264,3.097893056109523e-05,2.5384388444418497e-05,1.2727813986304743e-05,3.7257170079450265e-05,2.0916489237977256e-05,2.6418320762598137e-05,6.386134189243213e-05,2.3571977323559214e-05,2.367241723605494e-05,2.1137114279481763e-05,5.553874378498228e-05,1.8237799636732065e-05,7.174508263543274e-05,5.412231398473903e-05,2.3042096984503176e-05,1.4701896811854842e-05,2.5662829157128725e-05,3.7685205128577816e-05,2.4720303318590118e-05,2.8159903819421885e-05,2.1148254017424535e-05,3.442423504817468e-05,2.833310390777346e-05,2.2017222178376838e-05,0.9906179317368717,0.00016881359563603946,4.11011958800329e-05,3.762320320831289e-05,0.00015410307392905794,2.0216059707714248e-05,0.0005603146468874513,3.4067326837231945e-05
1443,0.005343771185551345,0.0070779782594094605,0.0019578874828927195,0.06643456972916469,0.0014456526504111422,0.001716989721299949,0.001386913899201767,0.0021375709967410743,0.0014936048890387796,0.0008699499215128514,0.0022015319713353416,0.0009897225324935535,0.0024018185200502056,0.039094689372471375,0.0005090617791023391,0.0016220527563826288,0.0013392078703974486,0.0011349098870103284,0.001669266797688457,0.00322300127241569,0.0020083956666067174,0.0019511558084451444,0.0010385680802101986,0.0012201307611809664,0.0012478454845409035,0.0012966312841527542,0.0009357715685296656,0.0010547659054209971,0.0018865468098574483,0.0017290555818755319,0.0012953058392642285,0.0020893822647951297,0.019701285721991146,0.0016188225025670227,0.0013551114117945548,0.0010904198674448892,0.0014729157142051581,0.0011203644495485767,0.0010978476368185197,0.00518698042762048,0.0009983581455415423,0.0011232033301636537,0.0012218446678498782,0.0007988640909071626,0.0013829203603237296,0.0009474646455663489,0.001218048749706094,0.003804160510246714,0.0017883510865768625,0.0013279121302830733,0.005713214380226425,0.0018130042150268475,0.003956627127227413,0.004592213652149876,0.0010733336504023673,0.0019528629866592093,0.0010825622989976812,0.0012029152777060527,0.0010750973328624543,0.0008754344885727866,0.0013391540732159545,0.00111600239991158,0.0012976669481727181,0.0006787975366592018,0.006783989397678918,0.0037723985755354896,0.001083986011549245,0.0013904097739418989,0.0019461846852237377,0.0025120646039240506,0.0023823000881301746,0.0009973999339558995,0.0011934970656020934,0.0013780975318318238,0.0009105731566324492,0.0021921100418673687,0.000982331861722078,0.0013875580795637329,0.0008328644679082206,0.001065107936915632,0.0009760519750763182,0.001259783331574393,0.0007301990839948838,0.001235027836922233,0.022413472084016794,0.0023114575404594214,0.0012037615797810554,0.000998304461879677,0.0012015103850680005,0.0012392953305637316,0.001510234122989607,0.001264374163508601,0.0012376806759867114,0.0010234832980022892,0.0011227343920202585,0.0010874246682398025,0.0009926394525556664,0.0018649655340890804,0.6886892585048918
1471,4.759454592622198e-05,9.064851014697726e-05,7.568312652540142e-05,6.910578480981879e-05,8.072604276002049e-05,0.00024074616604779418,5.3989339221205156e-05,6.855946090700735e-05,5.574316993952953e-05,3.6263495491710956e-05,0.0001741919914097038,7.474343655443004e-05,6.106450077597773e-05,6.283210687861041e-05,3.3181052756903724e-05,0.00020054506729045448,0.00019339760275826696,5.19127080781547e-05,5.4893871416168294e-05,6.436470062320566e-05,4.71176608285917e-05,0.9821801268578136,8.515680736838495e-05,0.00010720219029752768,7.36524967145414e-05,0.00018672292421765754,6.867452539908612e-05,7.732276448936533e-05,9.356166242002432e-05,0.00017615227728469136,0.0003576477617554658,0.005104008155421263,6.783388812785804e-05,6.212388352501011e-05,7.520375026473081e-05,7.733481153090499e-05,8.645763584433011e-05,5.511612066675501e-05,5.3578778505657855e-05,6.448613716298078e-05,6.274509726886569e-05,0.00011862998642944075,7.16474506719194e-05,5.929759304103676e-05,7.441209927642788e-05,5.824932449366579e-05,0.0001377477539177635,4.8298877316878864e-05,0.00014670138137705868,8.391313488421535e-05,6.240104525640386e-05,5.197289661443391e-05,6.423930635747545e-05,6.340120783916168e-05,6.11367491687211e-05,0.00011008302560075952,6.42923986266076e-05,0.00010958579568231716,4.802192647391884e-05,3.6336807508816845e-05,6.255035981913841e-05,7.417024799959299e-05,0.00012371545685594716,4.731499559385841e-05,4.891820792395257e-05,4.846338107136717e-05,9.770330593005433e-05,0.00028101983438547133,0.00024567321429147255,4.911454654089498e-05,7.752007856726888e-05,4.35187350965534e-05,0.0004116128525297778,7.197593935840423e-05,4.66861765105026e-05,9.215997264185797e-05,4.8334562126544004e-05,0.0013180816073814349,4.200696028409257e-05,8.363629350888794e-05,4.4143319326222054e-05,0.0005657483414763812,3.1143653242618625e-05,6.280975995748079e-05,5.575110283731046e-05,5.919894715019046e-05,6.245384254196799e-05,6.802699334594034e-05,0.00019556267648001814,5.754645396801573e-05,8.219661022732253e-05,4.083181087095514e-05,9.90438769952164e-05,5.056163238338145e-05,0.00014897318733889564,4.284656169164271e-05,0.0001828146802750052,0.00017740387598245085,0.002235984317729672
798,0.004358985296879064,0.0017917356514314832,0.0011767327813532837,0.004467140434806683,0.0010195638559864439,0.00094221403916037,0.0013879792849959144,0.0014697165229194393,0.0010527093568616025,0.000843861345205028,0.0012886009288829705,0.001502259518857957,0.005936697731251324,0.0013151398895780526,0.00045199685518735065,0.001165215730428624,0.001061045715612286,0.007377913231310035,0.003613844880901533,0.0009635620142606643,0.005397635237225043,0.0011259049239186383,0.0009111022505243257,0.0011127606235433994,0.0011231952071340796,0.0025536012346582307,0.0009187959635207104,0.010069372706356893,0.0006476948143137304,0.0006170795988604462,0.000811815559242576,0.0010634888990660408,0.08478276630290495,0.0020867746416830943,0.0012368084784747085,0.0010714940623366958,0.0012945098158507857,0.0010099748876218962,0.0008303109761086781,0.0012395809485656309,0.0008262466856688312,0.0019487194462921617,0.0009971969218126378,0.0006838371679512705,0.001508423001373929,0.0012375136946443312,0.0012501519162342791,0.0015327932900677584,0.0019826303756096692,0.0009877445636240728,0.00162277054368478,0.0009356127352729505,0.0032518343511860497,0.001137261632387722,0.0016789738183868022,0.0007231545993586911,0.0010282401754762248,0.0010461849134810245,0.0013074629289538547,0.0007742596696969084,0.015392581693074295,0.000976990177630029,0.0022386444856750147,0.0005286358200034127,0.0011268013011082533,0.0016626734077560884,0.001320055736911229,0.0015478311434250795,0.002158604842611042,0.0009033333154360692,0.0011448656197813754,0.0009121454092186145,0.001105399237159115,0.0030634678913271404,0.0009627509846144967,0.0011273631408153383,0.0008766853066561746,0.0015586622141757632,0.0007219603597621272,0.005288825709981543,0.0007397556362609217,0.002686921247138912,0.0006573426353543291,0.0009652251159434503,0.000918552035179707,0.0015150073046408248,0.002882255582386229,0.0008809175840343022,0.0013652898500705704,0.0010945691325374833,0.0010306322046369004,0.7413458297027882,0.0010877522451636674,0.001339154317720456,0.0010961997446587359,0.0007644823187085035,0.0007258619312460817,0.002806568139113403,0.0019268108463504502
1311,1.2043203170492835e-06,8.494537872498684e-07,1.1840711242845468e-06,3.817717807357448e-06,8.347162236133816e-07,7.898409855689345e-07,8.873254058199752e-07,6.667722936780586e-07,6.165688500514248e-07,8.08803681831624e-07,3.861656642081032e-06,7.256395073215759e-07,1.974609416846214e-06,8.042004755978505e-07,1.2901830676208873e-05,9.788271232917712e-07,1.615129157399554e-06,9.38818030145067e-07,1.4610823703316721e-06,7.259739773200748e-07,2.582309533401544e-06,0.0002716399889983387,1.977875212849937e-06,1.8083833334311223e-06,7.762619744445922e-07,4.799664132942744e-06,1.287012950934606e-06,3.4125896726172256e-05,1.24153440119999e-06,4.4999456187543253e-07,2.413994217383965e-06,1.685407035618995e-06,1.6296623439195916e-06,1.039991750027289e-06,1.5245493478541592e-06,1.6759359278494865e-06,7.968326306041108e-07,6.029078506426172e-07,7.089579689266828e-07,8.203360311483922e-07,1.0133220306590661e-06,2.1209474028851635e-06,9.386020829196778e-07,0.00015268416727782393,2.2778037268881282e-06,5.699780107593713e-07,1.433170439108038e-06,6.304658467859683e-07,6.714719132987405e-07,6.856526139058434e-06,8.303328433063695e-07,1.1745519511537986e-05,8.549322148377265e-07,7.36701815260608e-07,6.914881622947025e-07,1.0581248789163839e-06,7.065897459017604e-06,7.855385499468589e-07,9.341771305278295e-07,5.685405099152396e-07,1.375349019014216e-06,3.34026794219005e-06,1.834887698613273e-06,1.1023496208444044e-06,2.643720094394307e-05,7.915726023990316e-07,1.8365834625055616e-06,1.5935862281827358e-06,9.947118141965515e-07,1.6235052704782287e-06,8.462780647615713e-07,8.299541473816734e-07,3.4229868216409062e-06,1.0611240330242344e-06,5.853464410353664e-07,1.0199574486473197e-06,6.464089601842685e-07,0.0003760233248242925,5.754199392573882e-06,9.83062786946144e-07,7.733586245883043e-07,3.5907856603513756e-06,4.4995086449260105e-07,2.6685887491931556e-06,7.489579013418317e-07,7.726426008430367e-07,8.498850870152611e-07,6.982163652715939e-07,1.4266888551935211e-06,8.78140525023525e-07,1.0918447161830613e-06,2.2801200629678616e-05,7.911833720283356e-07,1.5408041237417814e-06,7.671001579373263e-07,5.499093745367323e-07,2.938338171820135e-06,0.9989579263885338,9.307954358381055e-07
966,0.0053341354408466025,0.00043863743120177385,0.0003124032527668839,0.00027212908666660534,0.00033988945357260126,0.000249470067810127,0.0002650343040891953,0.0012848040413740202,0.001713056286691436,0.0005571232839715356,0.044192313237772105,0.0019430597919484626,0.0013288034671817691,0.005795998686662162,0.0003856486949657334,0.0004262421267848435,0.0005784099372316635,0.00046346412549461017,0.0029728402482013597,0.0002997392893493271,0.00043612621142600946,0.0003370474803668314,0.00036585758811493363,0.0002991853184957299,0.00029686250655009257,0.00045138616242130976,0.001881122571424422,0.0004794362972069167,0.0002465283822439258,0.0002728060829339576,0.00023022591109615658,0.00032127424625293756,0.0003002869252817438,0.00046982212282965254,0.0003289770244135159,0.0005396430889106549,0.00032556625612056985,0.00023587967933460036,0.00033093094955803274,0.00025438388599360916,0.00022943120141835036,0.00033167527411351544,0.00027597474505821473,0.0007158168564125484,0.000469024189888551,0.0002198188787938133,0.0004274548406026929,0.0004771756949076933,0.001964265482350292,0.7171456394825731,0.0003033354657825192,0.00022186047270794263,0.0016768444826831912,0.004035292777470781,0.0003046436992226868,0.0006032616695300228,0.00028992235048306723,0.00028057148511224434,0.0005057618187775285,0.00019304992531814612,0.00041747650297120745,0.00034104819443576024,0.0004517758816881225,0.0001968107682544637,0.0003426464019223416,0.00026647724747866515,0.00034267541769677834,0.0002769343316676728,0.0009202042503552632,0.0006787265607340279,0.0006107312258328572,0.00027447769598755456,0.00028805930696903294,0.0015631644021719124,0.0002538910308115603,0.0017922121366482084,0.00035618124740697784,0.0005033957272465092,0.00018449286227898746,0.00030890589290604765,0.0015040262367844155,0.0002994657630492863,0.00015079625528931296,0.00030392070896979764,0.0003188832272376593,0.00033048498079519997,0.0324917160975716,0.0002532489228250348,0.0007959797191982171,0.0002912264685515795,0.0002883890613256838,0.0038007840519658446,0.13277841872138454,0.002057879522970448,0.0005233295921130932,0.0034927412684301108,0.00045035345277545435,0.0009034013554889321,0.00036729576904424773
1277,0.09322981503317387,0.002344467110362159,0.0028418865862800736,0.0034681922856767645,0.0028154919835413597,0.00208332127967482,0.002530617996979914,0.010169207196372723,0.0025055686304485112,0.008457446211371641,0.0077180290958623705,0.002177480535187991,0.0033111445495217734,0.002535826303678438,0.0010908531845277435,0.0031416542794928197,0.002704452750472581,0.0023517733272919576,0.00389716467753322,0.0024376184407291237,0.5739163416134417,0.002668354561295434,0.0023687112700249854,0.012542413874793587,0.011192936056665534,0.0025471931870302954,0.002781618260440048,0.0020010990187567497,0.002259185976559941,0.0018703499958181455,0.0018475255039485726,0.0018785985678295757,0.002340403398338792,0.0028337526306201725,0.002598135901704268,0.006789786506023419,0.0024361534694193865,0.002641221044398045,0.0023447912607402334,0.002341033472254266,0.003608598554948819,0.0015747073968159797,0.0023749752328585806,0.001691937361849063,0.0021066922455228163,0.0018554900602330523,0.0036059035821471904,0.0019603219406530937,0.0016317407518761783,0.004452815445626677,0.0026041240075546693,0.0022298357572521493,0.00266368062025059,0.002017556490819846,0.004906463633668473,0.0045182003756709475,0.002158604205081761,0.002360908178031988,0.0021255196663343737,0.0021752449418908043,0.00507148994989312,0.0032746946956398702,0.0026215187072053266,0.0013092276843801648,0.001866544635174721,0.010916018394222703,0.00222831601690683,0.0026123427508520447,0.003336020340656493,0.0013778127681916548,0.0023849340723895236,0.0017378333446269713,0.0023411133026506508,0.002681839484815192,0.008461117689055763,0.002191877466233915,0.008809611730058146,0.0026108573638519692,0.0015601068593667467,0.0031339115373886363,0.0028469836917818184,0.0018715492879227188,0.0016150485515945884,0.002400864704821384,0.00803810166232971,0.002376698905614766,0.0027657633126743067,0.001999477925222104,0.0023359910450947334,0.0023718444579899182,0.00209293267944482,0.0025655575975357483,0.0025552374839960916,0.0073512317306110965,0.01974774354151885,0.0015468866270798866,0.0024533077510910176,0.001781532322913885,0.004121120449831995
1539,2.302081882098711e-05,2.849668445819279e-05,3.98850950396948e-05,3.298030840645261e-05,3.1883574238983946e-05,3.327224240056054e-05,3.0366010260109223e-05,2.6964321390110663e-05,2.4996257444148464e-05,3.431856638356817e-05,2.3182363103038958e-05,2.274705493389814e-05,3.821483687776316e-05,3.237825531585114e-05,1.13688970176973e-05,3.858639993691212e-05,2.9004226587812673e-05,2.7019816109970805e-05,2.769517888907549e-05,2.8503598839901456e-05,2.454037845246189e-05,3.0207818576473607e-05,3.667421604008926e-05,0.0001997829653348385,9.268305309441551e-05,4.025694088019536e-05,3.473928237917258e-05,3.701190222088044e-05,2.7159322592254123e-05,2.0041868552972935e-05,2.226073692951524e-05,2.6120674396867558e-05,2.940619051124617e-05,3.3740413690580265e-05,9.07748588215605e-05,0.0001027081686499421,5.6459329384676255e-05,0.0001822173831292524,9.378666347512429e-05,9.205827142213618e-05,3.29107073390728e-05,2.5155456919241967e-05,8.732537936037518e-05,3.098948551049843e-05,2.313625105077911e-05,2.1703080435680955e-05,2.7926866333303964e-05,3.427550155380011e-05,1.7984996847834756e-05,2.2054277775816843e-05,5.505096286793626e-05,2.26851966376091e-05,3.1095177621859434e-05,2.3245809370269992e-05,2.6983983262165352e-05,2.0454700570418684e-05,3.076994398443903e-05,2.7032449961113184e-05,3.2276520059578945e-05,0.9813239212589338,3.644647798296373e-05,4.5281506212946414e-05,3.420155287968786e-05,0.00047841944746539547,3.5056889182438506e-05,6.162558833544226e-05,3.1438695226357494e-05,3.2907593755035266e-05,2.9285226419451674e-05,3.3052351401127924e-05,0.0003323851157268945,0.013359791311901535,5.7416913348330825e-05,4.200885016983845e-05,2.2088595910161795e-05,2.5200508940152584e-05,3.9609141281237055e-05,3.275395541786475e-05,0.00014164260886277314,4.2266970783299496e-05,0.00040819098705275605,2.4175436226812026e-05,0.0002604609849700628,2.797883333429572e-05,3.680295862993721e-05,2.7334810453895448e-05,3.124407471631417e-05,5.797392334234889e-05,2.7677399010510125e-05,2.8474189185055553e-05,3.007969389751858e-05,2.1594612505555387e-05,3.105204240804834e-05,2.247610810868424e-05,4.589188801885919e-05,4.934097761615651e-05,0.00013361484337025414,2.2027011843929677e-05,2.6236972721165908e-05
1408,0.006078036688512878,0.0003213671805923956,0.00022182985592621008,0.0002110513157537858,0.0005299703729634857,0.00017246202423864306,0.00019269692375427534,0.0004339504851775504,0.0009200480155801689,0.000455356559601432,0.011343892074246747,0.0008276264288742747,0.00031912433300847117,0.00020408552157177983,0.00013447046731815144,0.0002641391201454459,0.0028551764322083868,0.00022393810739508238,0.003406086847191729,0.0001895636098828448,0.0002713138326800256,0.00019496681583127342,0.00018352419214797395,0.00019681783555315375,0.0003172032857436985,0.00021649964653612852,0.0003564267037511197,0.00024245542959211647,0.000755824391924215,0.00012131009765143734,0.00015049920778774804,0.0002446239103688378,0.00020047886660078473,0.000222441420025395,0.00022511857318665334,0.0002808340278946283,0.00020104322916451295,0.00015387661645056353,0.0001883133156459333,0.00017910592324833327,0.0002144507566172676,0.00012944337178269632,0.0003397697761422155,0.00015216126105343036,0.0003508694103534224,0.00014412139275238708,0.0003579657138528575,0.00015740233611048632,0.0006361828258826768,0.4159209985213898,0.00019451728544401097,0.00017542209449026945,0.00026657668890093465,0.0009339265549042525,0.0002666325484025761,0.0005415683962455443,0.00018226927255015807,0.00018298039685358855,0.00017284821088354798,0.00011984887910619792,0.0001952639707420389,0.00026625355277018644,0.0003505169510292121,0.00014256939537597957,0.00017090994793818114,0.00019816434620233231,0.00017647792075988874,0.00019563011770800263,0.002741602768553356,0.002081566934359171,0.000272534443462628,0.0008813312964510456,0.0001909293421330423,0.001218706449093498,0.00014996364750095178,0.0002436194005309958,0.00040632881521142334,0.0002169429483719396,0.00012314019440548186,0.0001791167003788565,0.00015442064639793575,0.00016731703833200348,0.00011288350897079452,0.00019031603231503557,0.00033358783482861026,0.00020297217275040135,0.00396532418980842,0.00014842708726376183,0.00023203533688906337,0.5195483283105456,0.004404840270857976,0.0002034048510359943,0.0006080943161813404,0.0015402664729161802,0.0007320351401009687,0.0006701908629666825,0.0004019275857876345,0.00015539833187104747,0.0001791554877558556
336,0.003151605535987555,0.05571891522142032,0.0016369828240936119,0.024145144110846267,0.0015403150728022495,0.001244797703688205,0.00114018258079193,0.0014993025941003088,0.0008965812600988002,0.000732461406359352,0.0022285650986628882,0.0025744197804947835,0.0014140606271204272,0.0011745350350657042,0.0005650911899915232,0.0013706324318117987,0.0016048987826591107,0.001676930220513056,0.001420908602842402,0.002125008812644552,0.0009383198464384649,0.0022704392550702834,0.0009383159174779833,0.001022171776223747,0.0010975573843827586,0.0016283401370902136,0.000837536346178449,0.0008355681602816906,0.0008363910715972948,0.0007172163465786513,0.0010088450211797678,0.0019801180176445203,0.0028679998196485235,0.0011115414672342103,0.0011424307611215298,0.0009287731760269627,0.0013449079625007584,0.000954025485954141,0.0011203769224101025,0.0009954826856738558,0.0008786539853497916,0.0015913690637094865,0.001057554678301705,0.0009524856612709464,0.0020148528352699597,0.001046729340087294,0.0022873270782867035,0.0008783477270007929,0.0019712677149349516,0.0018754381555493999,0.0012477280441691432,0.0009353149496507473,0.0017774005269361544,0.0075431029904481405,0.001123077579803618,0.0009313413127086978,0.01923818092290581,0.0010782827759428222,0.0008830218574124947,0.0007572493454441947,0.0031613240997116414,0.0010842241351908617,0.0016302207364739627,0.0008441088290274347,0.0015544767859548658,0.0009497281748065015,0.0011978364194116715,0.0020528332484819273,0.004444711688455818,0.0009874352764917007,0.0011107443722761668,0.0008863525901630281,0.0010956435520711291,0.0013216337399550037,0.001871212823047893,0.0041868498850503085,0.0013307694986966349,0.0011476309181567002,0.0007324471370791743,0.0011315277441718014,0.0010345226980475932,0.0017168699770408594,0.0006036103021911375,0.0010527899447715858,0.0009206478000357863,0.0018325808740956408,0.002961795152235061,0.002083348611126035,0.0010957372691266381,0.0010575115776388507,0.0013495683633835593,0.0007862330235162046,0.001130844274729005,0.0009892412350670972,0.007155905647036209,0.0014248074468164438,0.0007817572529359424,0.0014310880986280233,0.7553630057990125
1300,9.680825227794644e-05,0.00010718711912820584,9.03230426340908e-05,0.0004980377298912469,0.0001034599355945132,9.663724568297862e-05,8.468379203238181e-05,7.769087092825746e-05,7.435552544621413e-05,5.892445784139539e-05,0.0002450026031467051,8.167669904200814e-05,8.808432645912143e-05,8.920603347166283e-05,0.0004691132587148047,0.00011838629675639667,0.0001958511470910582,0.00011616243148119222,7.928678505930534e-05,8.465811650392436e-05,0.0002840225300593672,0.00034654973108055794,0.0002049108226678135,9.426846041563337e-05,9.857642984012167e-05,0.00012772075793245462,0.00013620506505040864,0.005426177366256271,8.088110824647317e-05,5.153445305430271e-05,0.00011166117820028743,0.00030184732903022743,0.00019095288993302073,9.369745840636408e-05,0.0003076484887250106,0.00027815687486864373,7.91021197932691e-05,6.869592132341112e-05,6.996959080282312e-05,8.613107951812851e-05,0.00022987111948827058,0.00018694049371750126,0.0001405516412024136,0.0002532839976723003,0.00020173436479765225,6.399117255298285e-05,0.0002007525145427312,6.487216330236403e-05,6.587858139131307e-05,0.00041546038713472503,9.100819380509761e-05,0.0002887665214966907,0.00010156393955734629,7.330658642687506e-05,9.989529853719662e-05,6.382138410234644e-05,0.0002527823400501645,9.49519096378307e-05,0.00011472798253745911,6.149900270450084e-05,0.00025969682664200036,0.00012982880568065006,0.2032458508697992,5.334013470660391e-05,0.000400566628490116,8.356336390754638e-05,0.0006175190027343142,0.00013137027571759913,9.785137590816963e-05,0.00010919629828361978,9.974277606473562e-05,6.1483877964388e-05,0.0004415072426793698,0.0001073451349396105,6.62882216847798e-05,0.00011842454917678065,6.496651403891135e-05,0.04960913382976,7.477849657334368e-05,8.514199060829874e-05,9.747007204133298e-05,0.0002761770810216726,4.870987693137464e-05,0.0035319369158895806,7.879854374730489e-05,7.538771968739663e-05,0.00013913228345924182,6.6388419298914e-05,0.00017017084368395728,8.813396163417232e-05,0.00010286537454999035,0.009870875508622529,7.923825557471852e-05,0.0002593138060559403,0.00010032407689386264,7.476811725540043e-05,0.00021711090947890428,0.714410331049944,9.536604982388396e-05
1568,0.002305885979981393,0.002019577174958203,0.004589354322544736,0.0030789861431631226,0.002186152592175052,0.002102652583447703,0.0024387723959928983,0.0018116514063301092,0.001623870507739586,0.0015126326680209123,0.00224705973246308,0.0021585939173556046,0.0021324388607115935,0.003758542617176934,0.000866392547034988,0.0025220607808485312,0.0021428073315918794,0.011059970622955412,0.001892479749941863,0.0021974120533008496,0.0018401666081612387,0.013042958901412263,0.0017007105739899686,0.0023881533276586637,0.0031102127661680654,0.0022147080154813264,0.002044903769493123,0.001947789671064554,0.002024899160880162,0.001430116594071914,0.0037266439245397806,0.0016888022058855975,0.002097038627963617,0.0019839351483710945,0.0027244333596748364,0.001786175362480682,0.0026725245334738457,0.0017668691026963685,0.001590060398621988,0.0017793673178849259,0.0018011891721994991,0.0014628182608073315,0.002305818326036309,0.0030914374175164253,0.0020346416879785177,0.00219842270354701,0.0019695393170635522,0.00191102851706749,0.0018475793970731719,0.00254121713487152,0.002498484223720078,0.0017483769971768889,0.026403525036848962,0.0028069687783216805,0.0016830374978530475,0.002212137729875768,0.0039624595902248904,0.002036003767658893,0.0025349906481716643,0.0013990638833135856,0.002375269588449363,0.0018932363312105347,0.0020890827267975583,0.0012613448803652403,0.002425785317359819,0.0020684973620794817,0.0038234589307155112,0.004533191570391344,0.004768336818458112,0.10863915910208928,0.0023309948780628306,0.001509784932152329,0.002079282400683212,0.0046445585187206324,0.0035519721518837448,0.00502577657875211,0.0017195275253429967,0.002372659713652157,0.0014687536695268295,0.0021601308920002316,0.0013872607756433859,0.02606402736953925,0.0012029704050799555,0.048563345710433525,0.0016345448703836266,0.0031420843516478166,0.5429638294790613,0.0023749783088795767,0.0031881600343390227,0.0020857473635998492,0.0018955055757476859,0.00159586251256116,0.0025369312364254227,0.0015804056504309235,0.0036440022289814275,0.0014045681182902102,0.004542947964843711,0.00212756274853072,0.01066795796185345
451,7.561466908834567e-05,0.00010815383696442338,0.00013151438451449826,9.823601920345824e-05,0.00010277977913446628,0.0001284298917986528,8.258444923378801e-05,7.884443193302028e-05,0.00010507336346687174,8.363190500968817e-05,0.002451614004487275,9.42271575936135e-05,9.861172082989781e-05,0.00010136523117991942,4.557353980295384e-05,0.00010565831087378632,0.00045132828581564776,9.484634088452874e-05,0.0004168837211236346,7.868415447776304e-05,7.417605942614057e-05,0.00016682770440406888,8.788334959718017e-05,0.00013152353065796116,7.872859039482024e-05,0.001976508099499255,0.00012465570351254715,9.815558021649917e-05,6.386787997447513e-05,7.938922289185637e-05,6.226239083171199e-05,0.004352904621392293,8.573812879091471e-05,0.00010748280743433405,0.00010637453429734268,0.0012806167168287023,7.734699833587534e-05,0.00016831917512440865,6.303666993595113e-05,0.00023231555552691633,0.00020487572574127546,0.00013235448416087654,7.67464319977916e-05,7.889606233447424e-05,0.0002886611977498555,0.0036011153118141463,0.0023884544759616164,6.285429977405818e-05,7.335036055210947e-05,0.00019602199514741117,8.487244395691363e-05,0.958675598501908,0.00010706341095308592,8.968939671277868e-05,0.00019879383461768823,6.315917265722503e-05,0.0031144633846548154,7.564332910782797e-05,0.00023149058578397696,6.460684450102031e-05,0.002736806577892535,0.00012180398040549733,9.13364703430982e-05,3.6818219181315064e-05,0.0011798628370380153,8.479977603626328e-05,0.0001014127157526333,8.339757630869457e-05,0.0001469493053089066,8.610095042029258e-05,8.555269690226793e-05,5.1869106340327204e-05,0.00011199426519959694,9.942231640876312e-05,0.0023457521045126893,0.000779532799859532,6.438499467361807e-05,0.00024220407216167896,0.00162398149073964,0.00011131220612239021,0.00014878099086987093,7.14366300632886e-05,0.00011337837132237278,0.0002782926062752593,0.002291242235615251,7.359442283158711e-05,8.473055502000538e-05,6.506341869219265e-05,0.0014679019290329428,7.721731533219985e-05,8.038681566246011e-05,6.310276511032069e-05,0.00010385331713172845,0.00020805262887522687,6.999137465644092e-05,5.5356788173091134e-05,7.633586005653136e-05,0.0002456636718812227,7.984407521398486e-05
109,1.1018183023395163e-05,1.373005918262024e-05,0.00038553307316717346,1.5210801608759955e-05,1.7744761117347077e-05,4.4571763307254776e-05,1.7272069452116723e-05,1.170411278481174e-05,1.4967895777674111e-05,7.758068215344846e-06,9.435189663875443e-06,9.973250729758284e-06,2.0016058289999817e-05,1.3888532836452596e-05,2.7096632580278638e-05,2.025659265882602e-05,1.4392930283182963e-05,1.1714302717524928e-05,1.1882420177463334e-05,3.348948394491017e-05,1.093889124076261e-05,1.5800974519196382e-05,1.907723400512381e-05,4.8412625358356106e-05,4.111367520493002e-05,1.6168155116580193e-05,1.0881245053479116e-05,8.9897823041486e-05,1.2485974786869438e-05,9.779563746804092e-06,1.5696998130606443e-05,1.1617279626428665e-05,1.2957592329038799e-05,1.316152100720696e-05,4.703082787815726e-05,5.77809562426645e-05,4.740282095681474e-05,4.404651459387906e-05,4.763128282522229e-05,1.673377017722935e-05,0.00018126457549598427,1.2382695181098831e-05,4.556075077008005e-05,4.829625081783636e-05,1.1728048390142083e-05,1.6362801022225258e-05,1.330321399917994e-05,5.070289893278949e-05,9.34575737389773e-06,3.475679943952483e-05,4.7593508284403245e-05,1.1418805827357638e-05,4.054938122342501e-05,9.72267513541041e-06,1.3742755388026027e-05,9.018671181678199e-06,1.0340970562849571e-05,0.0006310527489508114,0.0001310946502109767,0.05197759651922015,1.8927592723922824e-05,1.6108572454646483e-05,1.6937742083525452e-05,0.08494281983175817,1.2924247149487e-05,1.1154134087497723e-05,1.570635230616874e-05,0.00033642652710283807,1.3613620663389158e-05,3.327600553516716e-05,5.2983025509358485e-05,9.106643752435352e-05,6.67686297789755e-05,1.629996539152989e-05,1.0519458944793675e-05,1.2828759275459539e-05,0.0002520927945456637,1.538233883254575e-05,0.0006026775752188075,0.00010627544852126701,0.0006091135598921029,2.2713853189028468e-05,0.8558265229987235,1.4369317145683602e-05,1.4376672299232252e-05,3.180359325779437e-05,1.7584180626877404e-05,0.0014282697241365784,1.3683509554908907e-05,5.302569755106664e-05,2.0442194747666593e-05,9.013664046341957e-06,1.4649596299733937e-05,2.2450427761770358e-05,2.7223171465245363e-05,1.4698969396351415e-05,0.0005840113207194245,1.1852245059720869e-05,1.3299859951965707e-05
1475,8.593013013773853e-07,5.629826725644128e-07,1.1121782741368404e-06,4.584849972393921e-07,6.894075956096907e-07,7.085280404020713e-07,7.93031780896315e-07,6.217653162556903e-07,9.03002440728695e-07,4.6127592174342953e-07,7.846423544936873e-07,4.4443024370839573e-07,6.015238976709881e-07,6.462635583449167e-07,3.365712186544494e-07,1.1274616373475057e-06,1.289919972730274e-06,6.278473358085195e-07,5.987534739360926e-07,6.391811343265287e-07,5.017911299416766e-07,3.6984290699238854e-06,4.217238881516433e-05,2.783187403266854e-06,6.827066177441937e-07,8.921472017914021e-06,8.149738759724735e-07,1.2359185843738928e-06,2.5014699082329262e-06,3.1924163427770064e-07,9.875891454322333e-07,3.7036431029636222e-06,6.90528603767721e-07,7.849102333808338e-07,7.17502276297551e-07,7.435103754321355e-07,6.621584650530407e-07,6.665913208520521e-07,6.726928432770001e-07,6.848870158736636e-07,1.8248899854417176e-06,6.289578481591711e-07,8.699247410689032e-07,4.527612630370484e-07,6.219170282716164e-07,4.520985225455102e-07,5.536378188241893e-07,6.878472639046812e-07,4.090628148452725e-07,5.243867142749614e-07,6.452598330094575e-07,8.605763264014918e-07,7.093232487445058e-07,5.650611247058525e-07,7.071383377249265e-07,6.337544998304854e-07,5.268655381719784e-07,8.037716050105014e-07,4.651540942035414e-07,1.9138234341992877e-06,6.3000969490543e-07,7.023480687348324e-07,7.083102165379847e-07,2.281507991633419e-05,6.008730129346953e-07,7.041552725280686e-07,7.491560013039581e-07,3.0249410403882866e-05,6.659962506354983e-07,5.350640722166397e-07,2.480090381092903e-05,5.484704619820719e-07,0.9997578465490218,7.677272784819958e-07,4.6697524206416583e-07,5.401940006260976e-07,5.158816710186369e-07,8.51099416473265e-07,5.892364603722338e-06,5.229831303728849e-07,4.538291669159344e-07,4.641782226897708e-07,8.018132118446264e-07,5.775976772602372e-07,2.6625836871854872e-05,6.197414175227861e-07,5.703185570551686e-07,4.543638700939665e-06,5.118783356581869e-06,5.75697724575256e-07,5.535367162732727e-07,4.1731879059507165e-07,5.721570664755534e-07,5.113171881293956e-07,5.12661502722736e-07,4.5033695155484946e-07,1.2882880345194356e-06,5.864248267954577e-07,5.746148188178861e-07
1325,0.0001062112636880479,0.00019912908117715835,0.00022369710496020383,8.599708946051485e-05,0.00013595705577585277,0.00019868869933085134,0.00015381825680958744,0.0001505274561466657,0.00015150547880650643,0.00011708282764765107,0.0002952665396131533,0.00016411237724824583,0.0002130795989892449,0.0001326454935429675,7.826420727969061e-05,0.0002582382613733501,0.00014207342671019744,0.000161091034528896,0.000562541876462263,0.00014175732337542727,9.335987728952546e-05,0.00016827999135266727,0.0006261727714582933,0.0001041524315492469,0.00012454755093320005,0.00014115528473808582,8.540699952449139e-05,9.563299498628304e-05,0.000266032047977484,0.0012460703276939858,0.00010973104670963911,0.00029658562666799753,0.0030888996365257535,0.9458279847446026,0.00011881936051629192,0.0001040571866727549,0.0007660119201027505,0.0006065939474090667,0.00014956601045536304,0.0002705667092609455,0.0006365757002627854,0.00013764166760283833,0.00018971824058861114,0.00012728347477976437,0.00020028743935129794,0.027531891177504698,0.00012999086987739857,9.888676661125507e-05,9.047791776179155e-05,0.00013782808933397503,0.0001391481241831414,0.0020526140436470794,0.00014117227607436436,0.00019228740416924188,0.0022986619355052063,0.0005057257466365837,9.456420147762607e-05,0.0001548428816802088,0.0002773496102961678,7.028961267781756e-05,0.0003406088017235993,0.00012964299137760326,0.0002898280585256373,7.000390717697474e-05,0.00010123286981730322,0.0001558547004688596,0.00014296852894714763,0.00013767882102383588,0.0005562605674611475,0.00022335370073819002,0.0005284267496313651,9.02524962523017e-05,0.00012217559015225918,0.00014230490959805765,0.00010010304316614538,0.00011668316098742861,0.00011776596255096173,0.00011660273262140899,9.049339567260547e-05,0.0006997031907890909,0.00020061393149786586,0.00010780503757915409,7.231451084103072e-05,0.00011648923699410188,0.00031404965975289777,0.00014033737085650412,0.00012029863598589098,0.00010186920144493808,0.0001501506146884203,0.00011382106471522142,0.00012784147079045709,0.00010184280545622973,0.00019727462799831003,0.00010676718073093139,0.0001843156674074319,7.209806227615786e-05,0.00011013871009982899,9.640391032977428e-05,0.0001250760224982345
1040,5.762149078428895e-07,6.249214217262265e-07,6.848554416309155e-07,8.78348860071476e-07,7.375557239078463e-07,5.546581747315607e-07,7.197445312548439e-07,6.310639286880341e-07,1.1293498632933892e-06,6.168178714833011e-07,2.0174284058017615e-06,3.6009558542912697e-06,7.5562247810028526e-06,2.2354942169881662e-06,3.5131998800162445e-06,8.432467837919729e-07,8.746388068469576e-07,7.455449134203056e-07,1.313705351666506e-06,5.852045271134845e-07,8.270244371002105e-07,6.527420403028666e-07,2.503043951551452e-06,1.0686426713285744e-06,6.169576061253638e-07,6.34973583839637e-07,5.288768420434715e-07,5.45434811502536e-07,4.994275885639148e-07,1.128564891614188e-06,4.948691162026141e-07,5.973465037650197e-07,5.9204732450877e-07,8.304281975419773e-07,6.982365254656084e-07,2.9097970660159074e-05,5.948453823357807e-07,4.6311654401114255e-07,5.421623483052721e-07,5.41434548057748e-07,4.852691842042135e-07,4.421930911520804e-07,5.960249965176122e-07,3.9141389571880436e-07,6.801957456379438e-07,2.6341031558381175e-06,4.0314870143400346e-06,4.911673130624522e-07,4.877718651636356e-07,1.2226067102141741e-06,6.587347230704631e-07,5.373450647079534e-07,1.126395615924446e-06,1.1960487672534725e-05,5.245724393407835e-07,3.7364275660586542e-06,7.86948929578451e-06,5.936299098718547e-07,6.539578855437991e-07,4.4239504121188344e-07,5.768390471039627e-07,6.853639578082969e-07,6.445021609813514e-07,4.000044152235211e-07,5.822534027050592e-06,6.612688301496506e-07,7.469608001433312e-07,7.217239876918965e-07,6.228751000923091e-07,1.0154625751706589e-06,3.3164773450402233e-06,5.888805850108675e-07,8.104175062281047e-07,6.887173401069508e-07,5.0646911630910325e-06,5.39620429103405e-07,4.869468877319542e-07,6.993450196102728e-07,5.035045630407703e-07,1.7349084992088967e-06,1.4721352186375229e-05,5.37293009503914e-07,4.1870516709410606e-07,6.00665581335986e-07,1.5379068335887978e-06,6.211428700096032e-07,6.172790317010534e-07,4.903001877418221e-07,1.1370552994553148e-06,5.993806362413106e-07,8.936511663090771e-07,5.333180737620503e-06,1.9839379456196902e-06,0.9998274293553806,8.453882614204479e-07,4.287160409391915e-07,5.39699415657594e-07,4.501965858823326e-07,1.0207614176317845e-06
1156,0.00012773998372016428,0.00015653961466225832,0.0001638224302484364,0.00047573615108611957,0.00016945440681742904,0.0001841409712701412,0.00018256200058652838,0.0002004658432912581,0.00012522804538481102,0.00010629974232414766,0.0001712606093918989,0.00012841105802923806,0.00021528106738553576,0.00028995161822527516,9.128457814276808e-05,0.00019427336744381294,0.00048193675956370715,0.0005537756852552838,0.00015053470033773856,0.0011512370323859876,0.00014014830786441047,0.0002503217055176552,0.00012434969367869177,0.00016084590857097766,0.0001583893748034243,0.00022157504800241162,0.00017904298774089187,0.00015501025305104303,0.0003485118439705216,8.774641761513473e-05,0.00012577755188509062,0.0002580157206492764,0.00031095093053339605,0.00019762973195480214,0.00017229486375332437,0.00020511978817367265,0.00016091443346851763,0.00011856424157621099,0.0001293742792743453,0.0001444141794743403,0.00011818398713013828,0.00023021005977727423,0.00015377130511894655,0.00014525652057742215,0.00015121209839265566,0.00012445241555392674,0.00019431324518756794,0.0001239787499187012,0.00013440115573535653,0.00012536862725799015,0.0004847996560638035,0.00014241053825295467,0.004328699243149969,0.0036536658373186397,0.00041961473619810396,0.00015396339143265993,0.00018846917539454438,0.00015441659945284367,0.0001411772983828346,0.00011648297647826488,0.0011206649569233424,0.00016674189388045453,0.0002164413523050313,8.941229161016103e-05,0.00016846309779164025,0.00014892696006800073,0.0004885593418333826,0.0002293348955935389,0.00017044193747250012,0.00019737620086357642,0.0001658420695520208,9.64942937193705e-05,0.00021954213472724445,0.00022759580439378677,0.0002463154180231512,0.0002394669279978682,0.00013276796748443043,0.001261852939402524,0.00024147004108310963,0.000285206636755936,0.00013255436893754184,0.00036660294979083094,9.643552211579407e-05,0.9700894851474826,0.00015502779091925925,0.00015145663549293606,0.00020253745233422647,0.00012230752181575802,0.00019596943656847697,0.0001554920990328713,0.00012336473070818062,0.00011558155350275946,0.00018590099013531385,0.0001273659562458673,0.00027630563976083753,0.0001252181399975904,0.00010899507855599904,0.0003931684136807248,0.0005095328675562178
597,4.0637219053875344e-05,1.2504293157274285e-05,9.292155434194526e-06,6.753685631378976e-06,8.289160586694067e-06,9.201396250865081e-06,8.385932151430905e-06,8.765954989594967e-06,7.3672991626715835e-06,6.9656975039670855e-06,7.410137738490022e-06,6.164679437613039e-06,7.194738415046503e-06,7.938766132165029e-06,3.480672888126771e-06,1.362418715017716e-05,8.195251859400799e-06,1.5895309376746385e-05,7.474076956899069e-06,8.524342677742473e-06,6.6028800209121425e-06,1.2508577478070689e-05,8.229615623134471e-06,7.342787039759748e-05,1.9225033271809007e-05,1.2824336046484442e-05,5.731120790506023e-06,8.390197783378484e-06,2.387988310787014e-05,0.0050257992990054,0.00043544926331734663,9.240061487312627e-06,9.358773982453047e-05,1.831967795673073e-05,5.6826426942310066e-05,7.361137076595195e-06,0.0012058689524572987,0.9880311313469374,0.002631647005114474,5.182765190162404e-05,0.00014405363556585206,6.479831928515435e-06,1.5309637109604736e-05,9.404801073686799e-06,6.404638522437736e-06,1.2891416146309114e-05,7.13280963706956e-06,1.0768012641969546e-05,5.4555847361381e-06,6.770663690440449e-06,2.164370727904944e-05,7.867951045090734e-06,1.6110111198825785e-05,6.281866342644285e-06,1.0602633894110311e-05,8.119483425929248e-06,5.921384402914992e-06,0.00024514760383672463,5.6565107518110556e-05,4.809515381137272e-05,1.5484981686654787e-05,1.4217263058309103e-05,2.145600689064117e-05,8.678464639106237e-06,7.929598606178067e-06,1.770310385360567e-05,8.121966180153094e-06,3.338070088685519e-05,1.1053388379675484e-05,9.246452179504334e-06,1.5807365477718886e-05,6.998170808011892e-06,1.4519343192501064e-05,1.0682515758436519e-05,8.109358029928514e-06,7.028295103238222e-06,0.0006616254690890715,8.384313054421348e-06,5.418906287483515e-06,1.91019352764905e-05,9.214399134198376e-06,2.024578524803891e-05,4.938483998114862e-06,7.171176407444409e-06,1.936924776049033e-05,3.232557348390941e-05,1.0554871549329808e-05,0.00028581129210898876,2.1469869082063958e-05,1.9095859672914275e-05,1.1533023932687756e-05,5.965847820971084e-06,8.211227739484096e-06,6.172768568910667e-06,8.579811749018352e-06,6.682438989142556e-06,1.1358530462305904e-05,6.2830282264826524e-06,7.100098725541739e-06
171,0.0018708731816201702,0.0047416043098174095,0.002647590128793655,0.0020232932246513438,0.002601829238873024,0.004692946177335919,0.002900915201785172,0.0021758998322856586,0.002132765978775679,0.0016520791018080092,0.0020622829039495193,0.0018708505361098018,0.002086206760478444,0.0025529628805876807,0.0011012759966069457,0.0032928572456941037,0.002417890556021952,0.002532028112631573,0.002237646110507764,0.002294592080298982,0.0026720342155199224,0.0023750101240590407,0.0041017269210280255,0.018564409037751063,0.003064131050882938,0.0028376164432812327,0.0017420696573442634,0.0019189756858108728,0.0019686792146646702,0.007448043759962594,0.0027369463114480393,0.0021528554145875435,0.009144439095815547,0.0050482452032819,0.0028385065163111386,0.0020703838363137664,0.014146658382924027,0.09353093169723015,0.0020249004162862182,0.005408788214418965,0.003557285384934119,0.0024222952224679842,0.0022101596300230617,0.025016656946984912,0.0021008315098784195,0.028088449939627967,0.0033233462486735917,0.0018205536755208688,0.0030414264809341326,0.002144560014987865,0.0028885352424616287,0.006449278359499627,0.002848899455098286,0.0018887969724880856,0.007981290562298604,0.002928741634461658,0.0018001398620479277,0.00223838946499623,0.0042165437516646755,0.00813195528004887,0.016745141363363854,0.002829830796952449,0.0036567062039682937,0.001469343968447521,0.002236295059793286,0.002535163673382448,0.002144783728893995,0.00217073042134011,0.002830858302102595,0.0022298601096821745,0.005125072654175844,0.0019490141839863962,0.0066473547036006025,0.003059112057304073,0.001908055349673403,0.002190149169055341,0.0018729472156273864,0.002634175856150323,0.0018046811690003027,0.5223719619381478,0.003453013459706879,0.0022536600695350372,0.0019702155956831022,0.00231984018274976,0.018454146425896285,0.0021901265401572316,0.0022164721902063708,0.0017995105577954585,0.0022901943291316084,0.0023231876384225696,0.0021742171042319317,0.0018708956680736917,0.0027511361220654254,0.0042709306670907655,0.0026190805693615763,0.0019417959946627502,0.0019220166044233485,0.0018435681525837632,0.0021428778069209928
1454,3.3931468390583166e-05,3.907639905084374e-05,3.499891124345303e-05,5.044632577943186e-05,7.837665748998272e-05,2.6046496736791187e-05,2.8832023440840446e-05,2.7649861142629822e-05,4.59349118895662e-05,2.2139058527647985e-05,0.0001277414534710534,2.628301779791568e-05,2.9243781308526968e-05,3.258761508778628e-05,1.3762929900364624e-05,4.62707715147706e-05,3.4866437969872914e-05,3.453004103391987e-05,3.592550339434904e-05,3.203510238064752e-05,3.732893735437192e-05,3.2413666738495004e-05,2.5925062107103558e-05,3.2282361929193484e-05,3.1956827371805775e-05,3.575442855134831e-05,2.5623114198550158e-05,3.4412686949417294e-05,7.100394738604156e-05,0.00012364624089493504,4.504070822027728e-05,3.549644668857293e-05,0.00019637899187074811,5.398510244013646e-05,3.6615127154135475e-05,5.333297089283684e-05,2.9954711325829275e-05,3.343167235370807e-05,2.686644298273896e-05,2.8609562265240935e-05,2.58712502147753e-05,2.126712984528019e-05,0.00016060461902462427,3.1937246749936065e-05,0.00011033919186572718,2.4057990476152844e-05,3.1024007533040563e-05,2.508058578587009e-05,2.3906427019830206e-05,4.533341040787422e-05,5.074831599573241e-05,0.00013929028138314197,3.4676966022894725e-05,3.147015350534497e-05,3.617336809939113e-05,9.343718832264229e-05,4.512359908463964e-05,3.041045464387544e-05,2.498597642796593e-05,1.9994099945683198e-05,4.75650820223413e-05,9.924338238655613e-05,4.426678568666897e-05,1.588179275454975e-05,3.1472159687840045e-05,3.396773351648629e-05,2.8035669074391172e-05,3.280511297530709e-05,0.0009997263632753682,0.9919948642545855,4.9515747958696595e-05,2.1089955698993692e-05,2.9918558077897202e-05,4.4785213952851955e-05,2.52289606280473e-05,2.982672194500876e-05,2.9877396728030417e-05,3.543536635408846e-05,2.0190151173690568e-05,6.618828277807587e-05,2.4236664111162957e-05,4.464095130949047e-05,1.6539893401729785e-05,3.226398107272498e-05,3.9325907695655205e-05,3.087401184292423e-05,5.960555411887878e-05,2.3231659687778384e-05,3.1005186430805125e-05,3.156909427990392e-05,0.0028778124931283077,2.522988471595953e-05,4.6844639202829244e-05,4.763736178892059e-05,2.5762150833165675e-05,2.348154312616069e-05,7.76449603876098e-05,2.848875983708672e-05,3.745057218759647e-05
740,0.002555956680423441,0.0024826380796515737,0.0031817250447178347,0.0026650522320785853,0.002755374495311266,0.002724687723698997,0.0027095742394952042,0.01334610996072337,0.0020461002562077546,0.0022083989038775473,0.23857500352272412,0.0034878397776104695,0.002350476504901151,0.0033421889030135674,0.0014207926781892443,0.003208608997941947,0.0032110574313045266,0.018799304700680627,0.004488902267517059,0.002585783846994579,0.002219107491294337,0.036918074836288485,0.0024860223718180807,0.00250491136060074,0.002552480755610177,0.002986822815718022,0.007007619952593121,0.10685556112824089,0.0020304408983767403,0.0017281634133297092,0.0023791037993030274,0.03346272267898442,0.005486621854281717,0.0036951065639943114,0.011522848130360558,0.004950404963877246,0.0026670065320507806,0.001991446534701784,0.002276607173263082,0.002253910353519203,0.002450133317935725,0.002680346449768956,0.01906865110555498,0.003355175609916666,0.14135638581007523,0.0018808262387391365,0.002452368171555132,0.0020598527312176446,0.0017531563125918886,0.0031878697621451533,0.0026932649779176174,0.002291171454369178,0.003697388810765442,0.0025513909386866594,0.002290041009736861,0.002084697702930756,0.0021515720815392463,0.004303525319672642,0.01896506763774369,0.0016846575905347715,0.006061751759497501,0.018050309150885888,0.004821460715477415,0.0012650998586834032,0.009163079354508379,0.0023767312098379634,0.019574320657110383,0.002745647643221032,0.0033636181875213323,0.0029992481498159027,0.0026879619402772714,0.0020876320479838017,0.0026967546949891166,0.003253661240252887,0.00195764971107201,0.0028646053088189813,0.0021313933710661506,0.0029625613553051285,0.0015644381404223422,0.003124252859008485,0.0031675478456472954,0.030014656958861973,0.0014937908273722445,0.002466598597255794,0.0022028853165998057,0.0025647071295327607,0.0031171185263929617,0.0019597821338693555,0.009486691102798497,0.0030973933889680196,0.014826136431385669,0.003727020447430876,0.0049770681618737985,0.002181341806080875,0.0024679943657964303,0.016020401970863737,0.005008531525617613,0.011787435184325375,0.0046026180349050365
1508,0.0015807988295497572,0.002500138551246288,0.0020865358915708974,0.0033805418694087693,0.0018457819094858817,0.001744209727574711,0.0024786153081356828,0.0024236892655344964,0.0013568540612675893,0.0017836197669623783,0.001961634718468173,0.0019372478636360208,0.0017152002717336203,0.0036627232748036092,0.000857042614915546,0.0019284642979360248,0.0019172675018439675,0.006777184214581075,0.0019257664129145409,0.0016157291321565947,0.001686537060373363,0.0021343044195061282,0.0019913579026021922,0.0017824403975030974,0.0019151735685418185,0.002010135421535948,0.0012899277755027254,0.0014761313975688406,0.0018441401206282597,0.10171536091648703,0.001905711795273964,0.0017203112312502147,0.005037128664436203,0.002730224499889074,0.002104285874851171,0.0015285885188932103,0.002367349374781938,0.01086434606598406,0.0019697226340109797,0.001688564565200744,0.0014827128970633474,0.0013836313106915961,0.0018004861725937932,0.0010652387333289234,0.0018648967437496944,0.001424500750479691,0.0037905220613096754,0.0015426893616332896,0.0016477937952466678,0.0014684260304137003,0.0029717700618289273,0.002231063842592988,0.002205114960807405,0.003425334286251472,0.008034877251075798,0.656781971914841,0.003998430963820989,0.001924591618954373,0.0017117427097630997,0.0013486488386952795,0.0017359591617293487,0.0018193431011633411,0.0020893545520707115,0.001153913004797208,0.0035056913797399066,0.0017286671382421175,0.0018695773677657353,0.002002443430947027,0.0019927369771364062,0.0026554759203526374,0.002343294937731214,0.0012503714886060622,0.0019784974136783013,0.0022230396597311295,0.003470784047908399,0.0015566567950205086,0.0016439786987721633,0.002137257927428803,0.0013145748011430074,0.0122463405494245,0.0017778823115581859,0.0015569044954453673,0.0011808362897094446,0.005861474744455064,0.01628045251632896,0.0020167906776053105,0.0031044460360690153,0.0016684939750612692,0.001722992787641186,0.0018538687412129075,0.002405366692364191,0.0013909836150924925,0.0017417131368550715,0.0014477260988108769,0.002247348961621986,0.0012314129639111606,0.0012195999786608449,0.001316946137387798,0.001911569493131876
