Step,Action,Reasoning,Observation,Reward,Done
0,south,,"message:


language observation:
bars far southsoutheast, south, southsouthwest, southwest, westsouthwest, west, and westnorthwest
dark area far south, southwest, and west
fountain far southsouthwest
fountains far westsouthwest
dark area near north, northeast, east, southeast, and northwest
bars near southsoutheast, south, southsouthwest, southwest, westsouthwest, and westnorthwest
fountain near southsouthwest
boulder near southsouthwest and westsouthwest
bars very near north, northnortheast, northeast, eastnortheast, east, eastsoutheast, southeast, southsoutheast, south, westnorthwest, northwest, and northnorthwest
boulder very near westsouthwest
stairs up adjacent north
bars adjacent northeast and northwest
boulder adjacent south

cursor:
Yourself a wizard
(x=41, y=10)

map:
                                                                                
                                                                                
                                                                                
                                                                                
                                                                                
                                                                                
                                                                                
                                  ##########                                    
                                  ##.#.##<##                                    
                                  ##.....@.#                                    
                                  #.`..`.`.#                                    
                                  #...#..###                                    
                                  #..##{####                                    
                                  #{.#..##.#                                    
                                  #{..`....#                                    
                                  ##..{.##.#                                    
                                  ##########                                    
                                                                                
                                                                                
                                                                                
                                                                                
Agent the Evoker               St:11 Dx:14 Co:13 In:16 Wi:14 Ch:11 Neutral S:0  
Dlvl:1 $:0 HP:12(12) Pw:7(7) AC:9 Xp:1/0                                        

",-0.001,False
1,south,,"message:
You try to move the boulder, but in vain.

language observation:
bars far southsoutheast, south, southsouthwest, southwest, westsouthwest, west, and westnorthwest
dark area far south, southwest, and west
fountain far southsouthwest
fountains far westsouthwest
dark area near north, northeast, east, southeast, and northwest
bars near southsoutheast, south, southsouthwest, southwest, westsouthwest, and westnorthwest
fountain near southsouthwest
boulder near southsouthwest and westsouthwest
bars very near north, northnortheast, northeast, eastnortheast, east, eastsoutheast, southeast, southsoutheast, south, westnorthwest, northwest, and northnorthwest
boulder very near westsouthwest
stairs up adjacent north
bars adjacent northeast and northwest
boulder adjacent south

cursor:
Yourself a wizard
(x=41, y=10)

map:
                                                                                
                                                                                
                                                                                
                                                                                
                                                                                
                                                                                
                                                                                
                                  ##########                                    
                                  ##.#.##<##                                    
                                  ##.....@.#                                    
                                  #.`..`.`.#                                    
                                  #...#..###                                    
                                  #..##{####                                    
                                  #{.#..##.#                                    
                                  #{..`....#                                    
                                  ##..{.##.#                                    
                                  ##########                                    
                                                                                
                                                                                
                                                                                
                                                                                
Agent the Evoker               St:11 Dx:14 Co:13 In:16 Wi:14 Ch:11 Neutral S:0  
Dlvl:1 $:0 HP:12(12) Pw:7(7) AC:9 Xp:1/0                                        

",-0.001,False
2,north,,"message:


language observation:
bars far southsoutheast, south, southsouthwest, westsouthwest, west, and westnorthwest
bars far southsoutheast, south, southsouthwest, westsouthwest, west, and westnorthwest
dark area far south, southwest, and west
boulder far southsouthwest
fountain far southsouthwest, southwest, and westsouthwest
dark area near east and southeast
bars near southsoutheast, south, southsouthwest, southwest, and westnorthwest
bars near southsoutheast, south, southsouthwest, southwest, and westnorthwest
fountain near southsouthwest
boulder near westsouthwest
dark area very near north, northeast, and northwest
bars very near eastnortheast, east, eastsoutheast, southeast, west, and westnorthwest
boulder very near south and southwest
bars adjacent north, northeast, east, west, and northwest

cursor:
Yourself a wizard
(x=41, y=9)

map:
                                                                                
                                                                                
                                                                                
                                                                                
                                                                                
                                                                                
                                                                                
                                  ##########                                    
                                  ##.#.##@##                                    
                                  ##.......#                                    
                                  #.`..`.`.#                                    
                                  #...#..###                                    
                                  #..##{####                                    
                                  #{.#..##.#                                    
                                  #{..`....#                                    
                                  ##..{.##.#                                    
                                  ##########                                    
                                                                                
                                                                                
                                                                                
                                                                                
Agent the Evoker               St:11 Dx:14 Co:13 In:16 Wi:14 Ch:11 Neutral S:0  
Dlvl:1 $:0 HP:12(12) Pw:7(7) AC:9 Xp:1/0                                        

",-0.001,False
3,south,,"message:


language observation:
bars far southsoutheast, south, southsouthwest, southwest, westsouthwest, west, and westnorthwest
dark area far south, southwest, and west
fountain far southsouthwest
fountains far westsouthwest
dark area near north, northeast, east, southeast, and northwest
bars near southsoutheast, south, southsouthwest, southwest, westsouthwest, and westnorthwest
fountain near southsouthwest
boulder near southsouthwest and westsouthwest
bars very near north, northnortheast, northeast, eastnortheast, east, eastsoutheast, southeast, southsoutheast, south, westnorthwest, northwest, and northnorthwest
boulder very near westsouthwest
stairs up adjacent north
bars adjacent northeast and northwest
boulder adjacent south

cursor:
Yourself a wizard
(x=41, y=10)

map:
                                                                                
                                                                                
                                                                                
                                                                                
                                                                                
                                                                                
                                                                                
                                  ##########                                    
                                  ##.#.##<##                                    
                                  ##.....@.#                                    
                                  #.`..`.`.#                                    
                                  #...#..###                                    
                                  #..##{####                                    
                                  #{.#..##.#                                    
                                  #{..`....#                                    
                                  ##..{.##.#                                    
                                  ##########                                    
                                                                                
                                                                                
                                                                                
                                                                                
Agent the Evoker               St:11 Dx:14 Co:13 In:16 Wi:14 Ch:11 Neutral S:0  
Dlvl:1 $:0 HP:12(12) Pw:7(7) AC:9 Xp:1/0                                        

",-0.001,False
4,west,,"message:


language observation:
bars far southsoutheast, south, southsouthwest, westsouthwest, and westnorthwest
bars far southsoutheast, south, southsouthwest, westsouthwest, and westnorthwest
dark area far south, southwest, and west
fountain far southsouthwest
dark area near north, northeast, east, southeast, and northwest
bars near eastnortheast, eastsoutheast, southsoutheast, south, southsouthwest, and westnorthwest
bars near eastnortheast, eastsoutheast, southsoutheast, south, southsouthwest, and westnorthwest
fountain near southsouthwest, southwest, and westsouthwest
boulder near southsouthwest and westsouthwest
bars very near north, northnortheast, northeast, eastnortheast, southeast, southsoutheast, southwest, northwest, and northnorthwest
bars adjacent north and northwest
stairs up adjacent northeast
boulder adjacent southeast and southwest

cursor:
Yourself a wizard
(x=40, y=10)

map:
                                                                                
                                                                                
                                                                                
                                                                                
                                                                                
                                                                                
                                                                                
                                  ##########                                    
                                  ##.#.##<##                                    
                                  ##....@..#                                    
                                  #.`..`.`.#                                    
                                  #...#..###                                    
                                  #..##{####                                    
                                  #{.#..##.#                                    
                                  #{..`....#                                    
                                  ##..{.##.#                                    
                                  ##########                                    
                                                                                
                                                                                
                                                                                
                                                                                
Agent the Evoker               St:11 Dx:14 Co:13 In:16 Wi:14 Ch:11 Neutral S:0  
Dlvl:1 $:0 HP:12(12) Pw:7(7) AC:9 Xp:1/0                                        

",-0.001,False
5,south,,"message:


language observation:
bars far southsoutheast, southsouthwest, westsouthwest, and westnorthwest
bars far southsoutheast, southsouthwest, westsouthwest, and westnorthwest
dark area far south, southwest, and west
bars near northnortheast, eastnortheast, eastsoutheast, southsoutheast, south, southwest, westnorthwest, and northnorthwest
bars near northnortheast, eastnortheast, eastsoutheast, southsoutheast, south, southwest, westnorthwest, and northnorthwest
dark area near north, northeast, east, southeast, and northwest
boulder near southsouthwest and west
fountain near southsouthwest
fountains near westsouthwest
bars very near north, northeast, eastsoutheast, southeast, southsoutheast, south, southwest, westsouthwest, and northnorthwest
stairs up very near northnortheast
fountain very near southsouthwest
boulder adjacent east and west
bars adjacent southeast

cursor:
Yourself a wizard
(x=40, y=11)

map:
                                                                                
                                                                                
                                                                                
                                                                                
                                                                                
                                                                                
                                                                                
                                  ##########                                    
                                  ##.#.##<##                                    
                                  ##.......#                                    
                                  #.`..`@`.#                                    
                                  #...#..###                                    
                                  #..##{####                                    
                                  #{.#..##.#                                    
                                  #{..`....#                                    
                                  ##..{.##.#                                    
                                  ##########                                    
                                                                                
                                                                                
                                                                                
                                                                                
Agent the Evoker               St:11 Dx:14 Co:13 In:16 Wi:14 Ch:11 Neutral S:0  
Dlvl:1 $:0 HP:12(12) Pw:7(7) AC:9 Xp:1/0                                        

",-0.001,False
6,west,,"message:
With great effort you move the boulder.

language observation:
bars far southsoutheast and southsouthwest
bars far southsoutheast and southsouthwest
dark area far south, southwest, and west
bars near northnortheast, eastnortheast, eastsoutheast, southsoutheast, southsouthwest, westsouthwest, westnorthwest, and northnorthwest
bars near northnortheast, eastnortheast, eastsoutheast, southsoutheast, southsouthwest, westsouthwest, westnorthwest, and northnorthwest
dark area near north, northeast, east, southeast, and northwest
boulder near southsouthwest and west
fountain near southsouthwest, southwest, and westsouthwest
bars very near north, northnortheast, eastsoutheast, southeast, southsoutheast, southsouthwest, southwest, and northwest
stairs up very near northeast
boulder very near east
fountain very near south
bars adjacent southwest
boulder adjacent west

cursor:
Yourself a wizard
(x=39, y=11)

map:
                                                                                
                                                                                
                                                                                
                                                                                
                                                                                
                                                                                
                                                                                
                                  ##########                                    
                                  ##.#.##<##                                    
                                  ##.......#                                    
                                  #.`.`@.`.#                                    
                                  #...#..###                                    
                                  #..##{####                                    
                                  #{.#..##.#                                    
                                  #{..`....#                                    
                                  ##..{.##.#                                    
                                  ##########                                    
                                                                                
                                                                                
                                                                                
                                                                                
Agent the Evoker               St:11 Dx:14 Co:13 In:16 Wi:14 Ch:11 Neutral S:0  
Dlvl:1 $:0 HP:12(12) Pw:7(7) AC:9 Xp:1/0                                        

",-0.001,False
7,south,,"message:


language observation:
dark area far south, southwest, and west
bars near north, northnortheast, northeast, eastnortheast, east, eastsoutheast, southsoutheast, southsouthwest, southwest, westsouthwest, westnorthwest, and northnorthwest
bars near north, northnortheast, northeast, eastnortheast, east, eastsoutheast, southsoutheast, southsouthwest, southwest, westsouthwest, westnorthwest, and northnorthwest
dark area near north, northeast, east, southeast, and northwest
stairs up near northnortheast
boulder near southsouthwest and westnorthwest
fountain near southsouthwest
fountains near westsouthwest
boulder very near eastnortheast
bars very near east, eastsoutheast, southeast, southsoutheast, southwest, and westsouthwest
bars adjacent southeast, southwest, and west
fountain adjacent south
boulder adjacent northwest

cursor:
Yourself a wizard
(x=39, y=12)

map:
                                                                                
                                                                                
                                                                                
                                                                                
                                                                                
                                                                                
                                                                                
                                  ##########                                    
                                  ##.#.##<##                                    
                                  ##.......#                                    
                                  #.`.`..`.#                                    
                                  #...#@.###                                    
                                  #..##{####                                    
                                  #{.#..##.#                                    
                                  #{..`....#                                    
                                  ##..{.##.#                                    
                                  ##########                                    
                                                                                
                                                                                
                                                                                
                                                                                
Agent the Evoker               St:11 Dx:14 Co:13 In:16 Wi:14 Ch:11 Neutral S:0  
Dlvl:1 $:0 HP:12(12) Pw:7(7) AC:9 Xp:1/0                                        

",-0.001,False
8,south,,"message:


language observation:
dark area far north, west, and northwest
bars near north, northnortheast, eastnortheast, east, eastsoutheast, southsoutheast, southsouthwest, westsouthwest, westnorthwest, northwest, and northnorthwest
bars near north, northnortheast, eastnortheast, east, eastsoutheast, southsoutheast, southsouthwest, westsouthwest, westnorthwest, northwest, and northnorthwest
stairs up near northnortheast
dark area near northeast, east, southeast, south, and southwest
fountain near southsouthwest
fountains near westsouthwest
boulder near westnorthwest
boulder very near northeast, southsouthwest, and northnorthwest
bars very near eastnortheast, east, eastsoutheast, westsouthwest, and west
bars adjacent east, southeast, west, and northwest

cursor:
Yourself a wizard
(x=39, y=13)

map:
                                                                                
                                                                                
                                                                                
                                                                                
                                                                                
                                                                                
                                                                                
                                  ##########                                    
                                  ##.#.##<##                                    
                                  ##.......#                                    
                                  #.`.`..`.#                                    
                                  #...#..###                                    
                                  #..##@####                                    
                                  #{.#..##.#                                    
                                  #{..`....#                                    
                                  ##..{.##.#                                    
                                  ##########                                    
                                                                                
                                                                                
                                                                                
                                                                                
Agent the Evoker               St:11 Dx:14 Co:13 In:16 Wi:14 Ch:11 Neutral S:0  
Dlvl:1 $:0 HP:12(12) Pw:7(7) AC:9 Xp:1/0                                        

",-0.001,False
9,west,,"message:
You cannot pass through the bars.

language observation:
dark area far north, west, and northwest
bars near north, northnortheast, eastnortheast, east, eastsoutheast, southsoutheast, southsouthwest, westsouthwest, westnorthwest, northwest, and northnorthwest
bars near north, northnortheast, eastnortheast, east, eastsoutheast, southsoutheast, southsouthwest, westsouthwest, westnorthwest, northwest, and northnorthwest
stairs up near northnortheast
dark area near northeast, east, southeast, south, and southwest
fountain near southsouthwest
fountains near westsouthwest
boulder near westnorthwest
boulder very near northeast, southsouthwest, and northnorthwest
bars very near eastnortheast, east, eastsoutheast, westsouthwest, and west
bars adjacent east, southeast, west, and northwest

cursor:
Yourself a wizard
(x=39, y=13)

map:
                                                                                
                                                                                
                                                                                
                                                                                
                                                                                
                                                                                
                                                                                
                                  ##########                                    
                                  ##.#.##<##                                    
                                  ##.......#                                    
                                  #.`.`..`.#                                    
                                  #...#..###                                    
                                  #..##@####                                    
                                  #{.#..##.#                                    
                                  #{..`....#                                    
                                  ##..{.##.#                                    
                                  ##########                                    
                                                                                
                                                                                
                                                                                
                                                                                
Agent the Evoker               St:11 Dx:14 Co:13 In:16 Wi:14 Ch:11 Neutral S:0  
Dlvl:1 $:0 HP:12(12) Pw:7(7) AC:9 Xp:1/0                                        

",-0.001,False
10,east,,"message:
You cannot pass through the bars.

language observation:
dark area far north, west, and northwest
bars near north, northnortheast, eastnortheast, east, eastsoutheast, southsoutheast, southsouthwest, westsouthwest, westnorthwest, northwest, and northnorthwest
bars near north, northnortheast, eastnortheast, east, eastsoutheast, southsoutheast, southsouthwest, westsouthwest, westnorthwest, northwest, and northnorthwest
stairs up near northnortheast
dark area near northeast, east, southeast, south, and southwest
fountain near southsouthwest
fountains near westsouthwest
boulder near westnorthwest
boulder very near northeast, southsouthwest, and northnorthwest
bars very near eastnortheast, east, eastsoutheast, westsouthwest, and west
bars adjacent east, southeast, west, and northwest

cursor:
Yourself a wizard
(x=39, y=13)

map:
                                                                                
                                                                                
                                                                                
                                                                                
                                                                                
                                                                                
                                                                                
                                  ##########                                    
                                  ##.#.##<##                                    
                                  ##.......#                                    
                                  #.`.`..`.#                                    
                                  #...#..###                                    
                                  #..##@####                                    
                                  #{.#..##.#                                    
                                  #{..`....#                                    
                                  ##..{.##.#                                    
                                  ##########                                    
                                                                                
                                                                                
                                                                                
                                                                                
Agent the Evoker               St:11 Dx:14 Co:13 In:16 Wi:14 Ch:11 Neutral S:0  
Dlvl:1 $:0 HP:12(12) Pw:7(7) AC:9 Xp:1/0                                        

",-0.001,False
11,north,,"message:


language observation:
dark area far south, southwest, and west
bars near north, northnortheast, northeast, eastnortheast, east, eastsoutheast, southsoutheast, southsouthwest, southwest, westsouthwest, westnorthwest, and northnorthwest
bars near north, northnortheast, northeast, eastnortheast, east, eastsoutheast, southsoutheast, southsouthwest, southwest, westsouthwest, westnorthwest, and northnorthwest
dark area near north, northeast, east, southeast, and northwest
stairs up near northnortheast
boulder near southsouthwest and westnorthwest
fountain near southsouthwest
fountains near westsouthwest
boulder very near eastnortheast
bars very near east, eastsoutheast, southeast, southsoutheast, southwest, and westsouthwest
bars adjacent southeast, southwest, and west
fountain adjacent south
boulder adjacent northwest

cursor:
Yourself a wizard
(x=39, y=12)

map:
                                                                                
                                                                                
                                                                                
                                                                                
                                                                                
                                                                                
                                                                                
                                  ##########                                    
                                  ##.#.##<##                                    
                                  ##.......#                                    
                                  #.`.`..`.#                                    
                                  #...#@.###                                    
                                  #..##{####                                    
                                  #{.#..##.#                                    
                                  #{..`....#                                    
                                  ##..{.##.#                                    
                                  ##########                                    
                                                                                
                                                                                
                                                                                
                                                                                
Agent the Evoker               St:11 Dx:14 Co:13 In:16 Wi:14 Ch:11 Neutral S:0  
Dlvl:1 $:0 HP:12(12) Pw:7(7) AC:9 Xp:1/0                                        

",-0.001,False
12,south,,"message:


language observation:
dark area far north, west, and northwest
bars near north, northnortheast, eastnortheast, east, eastsoutheast, southsoutheast, southsouthwest, westsouthwest, westnorthwest, northwest, and northnorthwest
bars near north, northnortheast, eastnortheast, east, eastsoutheast, southsoutheast, southsouthwest, westsouthwest, westnorthwest, northwest, and northnorthwest
stairs up near northnortheast
dark area near northeast, east, southeast, south, and southwest
fountain near southsouthwest
fountains near westsouthwest
boulder near westnorthwest
boulder very near northeast, southsouthwest, and northnorthwest
bars very near eastnortheast, east, eastsoutheast, westsouthwest, and west
bars adjacent east, southeast, west, and northwest

cursor:
Yourself a wizard
(x=39, y=13)

map:
                                                                                
                                                                                
                                                                                
                                                                                
                                                                                
                                                                                
                                                                                
                                  ##########                                    
                                  ##.#.##<##                                    
                                  ##.......#                                    
                                  #.`.`..`.#                                    
                                  #...#..###                                    
                                  #..##@####                                    
                                  #{.#..##.#                                    
                                  #{..`....#                                    
                                  ##..{.##.#                                    
                                  ##########                                    
                                                                                
                                                                                
                                                                                
                                                                                
Agent the Evoker               St:11 Dx:14 Co:13 In:16 Wi:14 Ch:11 Neutral S:0  
Dlvl:1 $:0 HP:12(12) Pw:7(7) AC:9 Xp:1/0                                        

",-0.001,False
13,north,,"message:


language observation:
dark area far south, southwest, and west
bars near north, northnortheast, northeast, eastnortheast, east, eastsoutheast, southsoutheast, southsouthwest, southwest, westsouthwest, westnorthwest, and northnorthwest
bars near north, northnortheast, northeast, eastnortheast, east, eastsoutheast, southsoutheast, southsouthwest, southwest, westsouthwest, westnorthwest, and northnorthwest
dark area near north, northeast, east, southeast, and northwest
stairs up near northnortheast
boulder near southsouthwest and westnorthwest
fountain near southsouthwest
fountains near westsouthwest
boulder very near eastnortheast
bars very near east, eastsoutheast, southeast, southsoutheast, southwest, and westsouthwest
bars adjacent southeast, southwest, and west
fountain adjacent south
boulder adjacent northwest

cursor:
Yourself a wizard
(x=39, y=12)

map:
                                                                                
                                                                                
                                                                                
                                                                                
                                                                                
                                                                                
                                                                                
                                  ##########                                    
                                  ##.#.##<##                                    
                                  ##.......#                                    
                                  #.`.`..`.#                                    
                                  #...#@.###                                    
                                  #..##{####                                    
                                  #{.#..##.#                                    
                                  #{..`....#                                    
                                  ##..{.##.#                                    
                                  ##########                                    
                                                                                
                                                                                
                                                                                
                                                                                
Agent the Evoker               St:11 Dx:14 Co:13 In:16 Wi:14 Ch:11 Neutral S:0  
Dlvl:1 $:0 HP:12(12) Pw:7(7) AC:9 Xp:1/0                                        

",-0.001,False
14,south,,"message:


language observation:
dark area far north, west, and northwest
bars near north, northnortheast, eastnortheast, east, eastsoutheast, southsoutheast, southsouthwest, westsouthwest, westnorthwest, northwest, and northnorthwest
bars near north, northnortheast, eastnortheast, east, eastsoutheast, southsoutheast, southsouthwest, westsouthwest, westnorthwest, northwest, and northnorthwest
stairs up near northnortheast
dark area near northeast, east, southeast, south, and southwest
fountain near southsouthwest
fountains near westsouthwest
boulder near westnorthwest
boulder very near northeast, southsouthwest, and northnorthwest
bars very near eastnortheast, east, eastsoutheast, westsouthwest, and west
bars adjacent east, southeast, west, and northwest

cursor:
Yourself a wizard
(x=39, y=13)

map:
                                                                                
                                                                                
                                                                                
                                                                                
                                                                                
                                                                                
                                                                                
                                  ##########                                    
                                  ##.#.##<##                                    
                                  ##.......#                                    
                                  #.`.`..`.#                                    
                                  #...#..###                                    
                                  #..##@####                                    
                                  #{.#..##.#                                    
                                  #{..`....#                                    
                                  ##..{.##.#                                    
                                  ##########                                    
                                                                                
                                                                                
                                                                                
                                                                                
Agent the Evoker               St:11 Dx:14 Co:13 In:16 Wi:14 Ch:11 Neutral S:0  
Dlvl:1 $:0 HP:12(12) Pw:7(7) AC:9 Xp:1/0                                        

",-0.001,False
15,north,,"message:


language observation:
dark area far south, southwest, and west
bars near north, northnortheast, northeast, eastnortheast, east, eastsoutheast, southsoutheast, southsouthwest, southwest, westsouthwest, westnorthwest, and northnorthwest
bars near north, northnortheast, northeast, eastnortheast, east, eastsoutheast, southsoutheast, southsouthwest, southwest, westsouthwest, westnorthwest, and northnorthwest
dark area near north, northeast, east, southeast, and northwest
stairs up near northnortheast
boulder near southsouthwest and westnorthwest
fountain near southsouthwest
fountains near westsouthwest
boulder very near eastnortheast
bars very near east, eastsoutheast, southeast, southsoutheast, southwest, and westsouthwest
bars adjacent southeast, southwest, and west
fountain adjacent south
boulder adjacent northwest

cursor:
Yourself a wizard
(x=39, y=12)

map:
                                                                                
                                                                                
                                                                                
                                                                                
                                                                                
                                                                                
                                                                                
                                  ##########                                    
                                  ##.#.##<##                                    
                                  ##.......#                                    
                                  #.`.`..`.#                                    
                                  #...#@.###                                    
                                  #..##{####                                    
                                  #{.#..##.#                                    
                                  #{..`....#                                    
                                  ##..{.##.#                                    
                                  ##########                                    
                                                                                
                                                                                
                                                                                
                                                                                
Agent the Evoker               St:11 Dx:14 Co:13 In:16 Wi:14 Ch:11 Neutral S:0  
Dlvl:1 $:0 HP:12(12) Pw:7(7) AC:9 Xp:1/0                                        

",-0.001,False
16,south,,"message:


language observation:
dark area far north, west, and northwest
bars near north, northnortheast, eastnortheast, east, eastsoutheast, southsoutheast, southsouthwest, westsouthwest, westnorthwest, northwest, and northnorthwest
bars near north, northnortheast, eastnortheast, east, eastsoutheast, southsoutheast, southsouthwest, westsouthwest, westnorthwest, northwest, and northnorthwest
stairs up near northnortheast
dark area near northeast, east, southeast, south, and southwest
fountain near southsouthwest
fountains near westsouthwest
boulder near westnorthwest
boulder very near northeast, southsouthwest, and northnorthwest
bars very near eastnortheast, east, eastsoutheast, westsouthwest, and west
bars adjacent east, southeast, west, and northwest

cursor:
Yourself a wizard
(x=39, y=13)

map:
                                                                                
                                                                                
                                                                                
                                                                                
                                                                                
                                                                                
                                                                                
                                  ##########                                    
                                  ##.#.##<##                                    
                                  ##.......#                                    
                                  #.`.`..`.#                                    
                                  #...#..###                                    
                                  #..##@####                                    
                                  #{.#..##.#                                    
                                  #{..`....#                                    
                                  ##..{.##.#                                    
                                  ##########                                    
                                                                                
                                                                                
                                                                                
                                                                                
Agent the Evoker               St:11 Dx:14 Co:13 In:16 Wi:14 Ch:11 Neutral S:0  
Dlvl:1 $:0 HP:12(12) Pw:7(7) AC:9 Xp:1/0                                        

",-0.001,False
17,north,,"message:


language observation:
dark area far south, southwest, and west
bars near north, northnortheast, northeast, eastnortheast, east, eastsoutheast, southsoutheast, southsouthwest, southwest, westsouthwest, westnorthwest, and northnorthwest
bars near north, northnortheast, northeast, eastnortheast, east, eastsoutheast, southsoutheast, southsouthwest, southwest, westsouthwest, westnorthwest, and northnorthwest
dark area near north, northeast, east, southeast, and northwest
stairs up near northnortheast
boulder near southsouthwest and westnorthwest
fountain near southsouthwest
fountains near westsouthwest
boulder very near eastnortheast
bars very near east, eastsoutheast, southeast, southsoutheast, southwest, and westsouthwest
bars adjacent southeast, southwest, and west
fountain adjacent south
boulder adjacent northwest

cursor:
Yourself a wizard
(x=39, y=12)

map:
                                                                                
                                                                                
                                                                                
                                                                                
                                                                                
                                                                                
                                                                                
                                  ##########                                    
                                  ##.#.##<##                                    
                                  ##.......#                                    
                                  #.`.`..`.#                                    
                                  #...#@.###                                    
                                  #..##{####                                    
                                  #{.#..##.#                                    
                                  #{..`....#                                    
                                  ##..{.##.#                                    
                                  ##########                                    
                                                                                
                                                                                
                                                                                
                                                                                
Agent the Evoker               St:11 Dx:14 Co:13 In:16 Wi:14 Ch:11 Neutral S:0  
Dlvl:1 $:0 HP:12(12) Pw:7(7) AC:9 Xp:1/0                                        

",-0.001,False
18,south,,"message:


language observation:
dark area far north, west, and northwest
bars near north, northnortheast, eastnortheast, east, eastsoutheast, southsoutheast, southsouthwest, westsouthwest, westnorthwest, northwest, and northnorthwest
bars near north, northnortheast, eastnortheast, east, eastsoutheast, southsoutheast, southsouthwest, westsouthwest, westnorthwest, northwest, and northnorthwest
stairs up near northnortheast
dark area near northeast, east, southeast, south, and southwest
fountain near southsouthwest
fountains near westsouthwest
boulder near westnorthwest
boulder very near northeast, southsouthwest, and northnorthwest
bars very near eastnortheast, east, eastsoutheast, westsouthwest, and west
bars adjacent east, southeast, west, and northwest

cursor:
Yourself a wizard
(x=39, y=13)

map:
                                                                                
                                                                                
                                                                                
                                                                                
                                                                                
                                                                                
                                                                                
                                  ##########                                    
                                  ##.#.##<##                                    
                                  ##.......#                                    
                                  #.`.`..`.#                                    
                                  #...#..###                                    
                                  #..##@####                                    
                                  #{.#..##.#                                    
                                  #{..`....#                                    
                                  ##..{.##.#                                    
                                  ##########                                    
                                                                                
                                                                                
                                                                                
                                                                                
Agent the Evoker               St:11 Dx:14 Co:13 In:16 Wi:14 Ch:11 Neutral S:0  
Dlvl:1 $:0 HP:12(12) Pw:7(7) AC:9 Xp:1/0                                        

",-0.001,False
19,north,,"message:


language observation:
dark area far south, southwest, and west
bars near north, northnortheast, northeast, eastnortheast, east, eastsoutheast, southsoutheast, southsouthwest, southwest, westsouthwest, westnorthwest, and northnorthwest
bars near north, northnortheast, northeast, eastnortheast, east, eastsoutheast, southsoutheast, southsouthwest, southwest, westsouthwest, westnorthwest, and northnorthwest
dark area near north, northeast, east, southeast, and northwest
stairs up near northnortheast
boulder near southsouthwest and westnorthwest
fountain near southsouthwest
fountains near westsouthwest
boulder very near eastnortheast
bars very near east, eastsoutheast, southeast, southsoutheast, southwest, and westsouthwest
bars adjacent southeast, southwest, and west
fountain adjacent south
boulder adjacent northwest

cursor:
Yourself a wizard
(x=39, y=12)

map:
                                                                                
                                                                                
                                                                                
                                                                                
                                                                                
                                                                                
                                                                                
                                  ##########                                    
                                  ##.#.##<##                                    
                                  ##.......#                                    
                                  #.`.`..`.#                                    
                                  #...#@.###                                    
                                  #..##{####                                    
                                  #{.#..##.#                                    
                                  #{..`....#                                    
                                  ##..{.##.#                                    
                                  ##########                                    
                                                                                
                                                                                
                                                                                
                                                                                
Agent the Evoker               St:11 Dx:14 Co:13 In:16 Wi:14 Ch:11 Neutral S:0  
Dlvl:1 $:0 HP:12(12) Pw:7(7) AC:9 Xp:1/0                                        

",-0.001,False
20,south,,"message:


language observation:
dark area far north, west, and northwest
bars near north, northnortheast, eastnortheast, east, eastsoutheast, southsoutheast, southsouthwest, westsouthwest, westnorthwest, northwest, and northnorthwest
bars near north, northnortheast, eastnortheast, east, eastsoutheast, southsoutheast, southsouthwest, westsouthwest, westnorthwest, northwest, and northnorthwest
stairs up near northnortheast
dark area near northeast, east, southeast, south, and southwest
fountain near southsouthwest
fountains near westsouthwest
boulder near westnorthwest
boulder very near northeast, southsouthwest, and northnorthwest
bars very near eastnortheast, east, eastsoutheast, westsouthwest, and west
bars adjacent east, southeast, west, and northwest

cursor:
Yourself a wizard
(x=39, y=13)

map:
                                                                                
                                                                                
                                                                                
                                                                                
                                                                                
                                                                                
                                                                                
                                  ##########                                    
                                  ##.#.##<##                                    
                                  ##.......#                                    
                                  #.`.`..`.#                                    
                                  #...#..###                                    
                                  #..##@####                                    
                                  #{.#..##.#                                    
                                  #{..`....#                                    
                                  ##..{.##.#                                    
                                  ##########                                    
                                                                                
                                                                                
                                                                                
                                                                                
Agent the Evoker               St:11 Dx:14 Co:13 In:16 Wi:14 Ch:11 Neutral S:0  
Dlvl:1 $:0 HP:12(12) Pw:7(7) AC:9 Xp:1/0                                        

",-0.001,False
21,north,,"message:


language observation:
dark area far south, southwest, and west
bars near north, northnortheast, northeast, eastnortheast, east, eastsoutheast, southsoutheast, southsouthwest, southwest, westsouthwest, westnorthwest, and northnorthwest
bars near north, northnortheast, northeast, eastnortheast, east, eastsoutheast, southsoutheast, southsouthwest, southwest, westsouthwest, westnorthwest, and northnorthwest
dark area near north, northeast, east, southeast, and northwest
stairs up near northnortheast
boulder near southsouthwest and westnorthwest
fountain near southsouthwest
fountains near westsouthwest
boulder very near eastnortheast
bars very near east, eastsoutheast, southeast, southsoutheast, southwest, and westsouthwest
bars adjacent southeast, southwest, and west
fountain adjacent south
boulder adjacent northwest

cursor:
Yourself a wizard
(x=39, y=12)

map:
                                                                                
                                                                                
                                                                                
                                                                                
                                                                                
                                                                                
                                                                                
                                  ##########                                    
                                  ##.#.##<##                                    
                                  ##.......#                                    
                                  #.`.`..`.#                                    
                                  #...#@.###                                    
                                  #..##{####                                    
                                  #{.#..##.#                                    
                                  #{..`....#                                    
                                  ##..{.##.#                                    
                                  ##########                                    
                                                                                
                                                                                
                                                                                
                                                                                
Agent the Evoker               St:11 Dx:14 Co:13 In:16 Wi:14 Ch:11 Neutral S:0  
Dlvl:1 $:0 HP:12(12) Pw:7(7) AC:9 Xp:1/0                                        

",-0.001,False
22,south,,"message:


language observation:
dark area far north, west, and northwest
bars near north, northnortheast, eastnortheast, east, eastsoutheast, southsoutheast, southsouthwest, westsouthwest, westnorthwest, northwest, and northnorthwest
bars near north, northnortheast, eastnortheast, east, eastsoutheast, southsoutheast, southsouthwest, westsouthwest, westnorthwest, northwest, and northnorthwest
stairs up near northnortheast
dark area near northeast, east, southeast, south, and southwest
fountain near southsouthwest
fountains near westsouthwest
boulder near westnorthwest
boulder very near northeast, southsouthwest, and northnorthwest
bars very near eastnortheast, east, eastsoutheast, westsouthwest, and west
bars adjacent east, southeast, west, and northwest

cursor:
Yourself a wizard
(x=39, y=13)

map:
                                                                                
                                                                                
                                                                                
                                                                                
                                                                                
                                                                                
                                                                                
                                  ##########                                    
                                  ##.#.##<##                                    
                                  ##.......#                                    
                                  #.`.`..`.#                                    
                                  #...#..###                                    
                                  #..##@####                                    
                                  #{.#..##.#                                    
                                  #{..`....#                                    
                                  ##..{.##.#                                    
                                  ##########                                    
                                                                                
                                                                                
                                                                                
                                                                                
Agent the Evoker               St:11 Dx:14 Co:13 In:16 Wi:14 Ch:11 Neutral S:0  
Dlvl:1 $:0 HP:12(12) Pw:7(7) AC:9 Xp:1/0                                        

",-0.001,False
23,north,,"message:


language observation:
dark area far south, southwest, and west
bars near north, northnortheast, northeast, eastnortheast, east, eastsoutheast, southsoutheast, southsouthwest, southwest, westsouthwest, westnorthwest, and northnorthwest
bars near north, northnortheast, northeast, eastnortheast, east, eastsoutheast, southsoutheast, southsouthwest, southwest, westsouthwest, westnorthwest, and northnorthwest
dark area near north, northeast, east, southeast, and northwest
stairs up near northnortheast
boulder near southsouthwest and westnorthwest
fountain near southsouthwest
fountains near westsouthwest
boulder very near eastnortheast
bars very near east, eastsoutheast, southeast, southsoutheast, southwest, and westsouthwest
bars adjacent southeast, southwest, and west
fountain adjacent south
boulder adjacent northwest

cursor:
Yourself a wizard
(x=39, y=12)

map:
                                                                                
                                                                                
                                                                                
                                                                                
                                                                                
                                                                                
                                                                                
                                  ##########                                    
                                  ##.#.##<##                                    
                                  ##.......#                                    
                                  #.`.`..`.#                                    
                                  #...#@.###                                    
                                  #..##{####                                    
                                  #{.#..##.#                                    
                                  #{..`....#                                    
                                  ##..{.##.#                                    
                                  ##########                                    
                                                                                
                                                                                
                                                                                
                                                                                
Agent the Evoker               St:11 Dx:14 Co:13 In:16 Wi:14 Ch:11 Neutral S:0  
Dlvl:1 $:0 HP:12(12) Pw:7(7) AC:9 Xp:1/0                                        

",-0.001,False
24,south,,"message:


language observation:
dark area far north, west, and northwest
bars near north, northnortheast, eastnortheast, east, eastsoutheast, southsoutheast, southsouthwest, westsouthwest, westnorthwest, northwest, and northnorthwest
bars near north, northnortheast, eastnortheast, east, eastsoutheast, southsoutheast, southsouthwest, westsouthwest, westnorthwest, northwest, and northnorthwest
stairs up near northnortheast
dark area near northeast, east, southeast, south, and southwest
fountain near southsouthwest
fountains near westsouthwest
boulder near westnorthwest
boulder very near northeast, southsouthwest, and northnorthwest
bars very near eastnortheast, east, eastsoutheast, westsouthwest, and west
bars adjacent east, southeast, west, and northwest

cursor:
Yourself a wizard
(x=39, y=13)

map:
                                                                                
                                                                                
                                                                                
                                                                                
                                                                                
                                                                                
                                                                                
                                  ##########                                    
                                  ##.#.##<##                                    
                                  ##.......#                                    
                                  #.`.`..`.#                                    
                                  #...#..###                                    
                                  #..##@####                                    
                                  #{.#..##.#                                    
                                  #{..`....#                                    
                                  ##..{.##.#                                    
                                  ##########                                    
                                                                                
                                                                                
                                                                                
                                                                                
Agent the Evoker               St:11 Dx:14 Co:13 In:16 Wi:14 Ch:11 Neutral S:0  
Dlvl:1 $:0 HP:12(12) Pw:7(7) AC:9 Xp:1/0                                        

",-0.001,False
25,north,,"message:


language observation:
dark area far south, southwest, and west
bars near north, northnortheast, northeast, eastnortheast, east, eastsoutheast, southsoutheast, southsouthwest, southwest, westsouthwest, westnorthwest, and northnorthwest
bars near north, northnortheast, northeast, eastnortheast, east, eastsoutheast, southsoutheast, southsouthwest, southwest, westsouthwest, westnorthwest, and northnorthwest
dark area near north, northeast, east, southeast, and northwest
stairs up near northnortheast
boulder near southsouthwest and westnorthwest
fountain near southsouthwest
fountains near westsouthwest
boulder very near eastnortheast
bars very near east, eastsoutheast, southeast, southsoutheast, southwest, and westsouthwest
bars adjacent southeast, southwest, and west
fountain adjacent south
boulder adjacent northwest

cursor:
Yourself a wizard
(x=39, y=12)

map:
                                                                                
                                                                                
                                                                                
                                                                                
                                                                                
                                                                                
                                                                                
                                  ##########                                    
                                  ##.#.##<##                                    
                                  ##.......#                                    
                                  #.`.`..`.#                                    
                                  #...#@.###                                    
                                  #..##{####                                    
                                  #{.#..##.#                                    
                                  #{..`....#                                    
                                  ##..{.##.#                                    
                                  ##########                                    
                                                                                
                                                                                
                                                                                
                                                                                
Agent the Evoker               St:11 Dx:14 Co:13 In:16 Wi:14 Ch:11 Neutral S:0  
Dlvl:1 $:0 HP:12(12) Pw:7(7) AC:9 Xp:1/0                                        

",-0.001,False
26,south,,"message:


language observation:
dark area far north, west, and northwest
bars near north, northnortheast, eastnortheast, east, eastsoutheast, southsoutheast, southsouthwest, westsouthwest, westnorthwest, northwest, and northnorthwest
bars near north, northnortheast, eastnortheast, east, eastsoutheast, southsoutheast, southsouthwest, westsouthwest, westnorthwest, northwest, and northnorthwest
stairs up near northnortheast
dark area near northeast, east, southeast, south, and southwest
fountain near southsouthwest
fountains near westsouthwest
boulder near westnorthwest
boulder very near northeast, southsouthwest, and northnorthwest
bars very near eastnortheast, east, eastsoutheast, westsouthwest, and west
bars adjacent east, southeast, west, and northwest

cursor:
Yourself a wizard
(x=39, y=13)

map:
                                                                                
                                                                                
                                                                                
                                                                                
                                                                                
                                                                                
                                                                                
                                  ##########                                    
                                  ##.#.##<##                                    
                                  ##.......#                                    
                                  #.`.`..`.#                                    
                                  #...#..###                                    
                                  #..##@####                                    
                                  #{.#..##.#                                    
                                  #{..`....#                                    
                                  ##..{.##.#                                    
                                  ##########                                    
                                                                                
                                                                                
                                                                                
                                                                                
Agent the Evoker               St:11 Dx:14 Co:13 In:16 Wi:14 Ch:11 Neutral S:0  
Dlvl:1 $:0 HP:12(12) Pw:7(7) AC:9 Xp:1/0                                        

",-0.001,False
27,north,,"message:


language observation:
dark area far south, southwest, and west
bars near north, northnortheast, northeast, eastnortheast, east, eastsoutheast, southsoutheast, southsouthwest, southwest, westsouthwest, westnorthwest, and northnorthwest
bars near north, northnortheast, northeast, eastnortheast, east, eastsoutheast, southsoutheast, southsouthwest, southwest, westsouthwest, westnorthwest, and northnorthwest
dark area near north, northeast, east, southeast, and northwest
stairs up near northnortheast
boulder near southsouthwest and westnorthwest
fountain near southsouthwest
fountains near westsouthwest
boulder very near eastnortheast
bars very near east, eastsoutheast, southeast, southsoutheast, southwest, and westsouthwest
bars adjacent southeast, southwest, and west
fountain adjacent south
boulder adjacent northwest

cursor:
Yourself a wizard
(x=39, y=12)

map:
                                                                                
                                                                                
                                                                                
                                                                                
                                                                                
                                                                                
                                                                                
                                  ##########                                    
                                  ##.#.##<##                                    
                                  ##.......#                                    
                                  #.`.`..`.#                                    
                                  #...#@.###                                    
                                  #..##{####                                    
                                  #{.#..##.#                                    
                                  #{..`....#                                    
                                  ##..{.##.#                                    
                                  ##########                                    
                                                                                
                                                                                
                                                                                
                                                                                
Agent the Evoker               St:11 Dx:14 Co:13 In:16 Wi:14 Ch:11 Neutral S:0  
Dlvl:1 $:0 HP:12(12) Pw:7(7) AC:9 Xp:1/0                                        

",-0.001,False
28,east,,"message:


language observation:
dark area far south, southwest, and west
bars far westsouthwest and westnorthwest
bars far westsouthwest and westnorthwest
bars near north, northnortheast, eastnortheast, eastsoutheast, southsoutheast, south, southsouthwest, westsouthwest, westnorthwest, northwest, and northnorthwest
bars near north, northnortheast, eastnortheast, eastsoutheast, southsoutheast, south, southsouthwest, westsouthwest, westnorthwest, northwest, and northnorthwest
dark area near north, northeast, east, southeast, and northwest
stairs up near northnortheast
boulder near southsouthwest and westnorthwest
fountain near southsouthwest
fountains near westsouthwest
bars very near east, eastsoutheast, southsoutheast, south, westsouthwest, and west
boulder very near westnorthwest
boulder adjacent northeast
bars adjacent east, southeast, and south
fountain adjacent southwest

cursor:
Yourself a wizard
(x=40, y=12)

map:
                                                                                
                                                                                
                                                                                
                                                                                
                                                                                
                                                                                
                                                                                
                                  ##########                                    
                                  ##.#.##<##                                    
                                  ##.......#                                    
                                  #.`.`..`.#                                    
                                  #...#.@###                                    
                                  #..##{####                                    
                                  #{.#..##.#                                    
                                  #{..`....#                                    
                                  ##..{.##.#                                    
                                  ##########                                    
                                                                                
                                                                                
                                                                                
                                                                                
Agent the Evoker               St:11 Dx:14 Co:13 In:16 Wi:14 Ch:11 Neutral S:0  
Dlvl:1 $:0 HP:12(12) Pw:7(7) AC:9 Xp:1/0                                        

",-0.001,False
29,south,,"message:
You cannot pass through the bars.

language observation:
dark area far south, southwest, and west
bars far westsouthwest and westnorthwest
bars far westsouthwest and westnorthwest
bars near north, northnortheast, eastnortheast, eastsoutheast, southsoutheast, south, southsouthwest, westsouthwest, westnorthwest, northwest, and northnorthwest
bars near north, northnortheast, eastnortheast, eastsoutheast, southsoutheast, south, southsouthwest, westsouthwest, westnorthwest, northwest, and northnorthwest
dark area near north, northeast, east, southeast, and northwest
stairs up near northnortheast
boulder near southsouthwest and westnorthwest
fountain near southsouthwest
fountains near westsouthwest
bars very near east, eastsoutheast, southsoutheast, south, westsouthwest, and west
boulder very near westnorthwest
boulder adjacent northeast
bars adjacent east, southeast, and south
fountain adjacent southwest

cursor:
Yourself a wizard
(x=40, y=12)

map:
                                                                                
                                                                                
                                                                                
                                                                                
                                                                                
                                                                                
                                                                                
                                  ##########                                    
                                  ##.#.##<##                                    
                                  ##.......#                                    
                                  #.`.`..`.#                                    
                                  #...#.@###                                    
                                  #..##{####                                    
                                  #{.#..##.#                                    
                                  #{..`....#                                    
                                  ##..{.##.#                                    
                                  ##########                                    
                                                                                
                                                                                
                                                                                
                                                                                
Agent the Evoker               St:11 Dx:14 Co:13 In:16 Wi:14 Ch:11 Neutral S:0  
Dlvl:1 $:0 HP:12(12) Pw:7(7) AC:9 Xp:1/0                                        

",-0.001,False
30,north,,"message:


language observation:
bars far southsoutheast, southsouthwest, westsouthwest, and westnorthwest
bars far southsoutheast, southsouthwest, westsouthwest, and westnorthwest
dark area far south, southwest, and west
bars near northnortheast, eastnortheast, eastsoutheast, southsoutheast, south, southwest, westnorthwest, and northnorthwest
bars near northnortheast, eastnortheast, eastsoutheast, southsoutheast, south, southwest, westnorthwest, and northnorthwest
dark area near north, northeast, east, southeast, and northwest
boulder near southsouthwest and west
fountain near southsouthwest
fountains near westsouthwest
bars very near north, northeast, eastsoutheast, southeast, southsoutheast, south, southwest, westsouthwest, and northnorthwest
stairs up very near northnortheast
fountain very near southsouthwest
boulder very near west
boulder adjacent east
bars adjacent southeast

cursor:
Yourself a wizard
(x=40, y=11)

map:
                                                                                
                                                                                
                                                                                
                                                                                
                                                                                
                                                                                
                                                                                
                                  ##########                                    
                                  ##.#.##<##                                    
                                  ##.......#                                    
                                  #.`.`.@`.#                                    
                                  #...#..###                                    
                                  #..##{####                                    
                                  #{.#..##.#                                    
                                  #{..`....#                                    
                                  ##..{.##.#                                    
                                  ##########                                    
                                                                                
                                                                                
                                                                                
                                                                                
Agent the Evoker               St:11 Dx:14 Co:13 In:16 Wi:14 Ch:11 Neutral S:0  
Dlvl:1 $:0 HP:12(12) Pw:7(7) AC:9 Xp:1/0                                        

",-0.001,False
31,east,,"message:
With great effort you move the boulder.

language observation:
bars far southsoutheast, southsouthwest, westsouthwest, and westnorthwest
bars far southsoutheast, southsouthwest, westsouthwest, and westnorthwest
dark area far south, southwest, and west
fountains far westsouthwest
bars near northnortheast, southsoutheast, south, southsouthwest, westsouthwest, westnorthwest, and northnorthwest
bars near northnortheast, southsoutheast, south, southsouthwest, westsouthwest, westnorthwest, and northnorthwest
dark area near north, northeast, east, southeast, and northwest
boulder near southsouthwest
boulders near west
fountain near southsouthwest
stairs up very near north
bars very near northnortheast, northeast, eastnortheast, east, eastsoutheast, southeast, southsoutheast, south, southsouthwest, northwest, and northnorthwest
fountain very near southwest
boulder adjacent east
bars adjacent southeast and south

cursor:
Yourself a wizard
(x=41, y=11)

map:
                                                                                
                                                                                
                                                                                
                                                                                
                                                                                
                                                                                
                                                                                
                                  ##########                                    
                                  ##.#.##<##                                    
                                  ##.......#                                    
                                  #.`.`..@`#                                    
                                  #...#..###                                    
                                  #..##{####                                    
                                  #{.#..##.#                                    
                                  #{..`....#                                    
                                  ##..{.##.#                                    
                                  ##########                                    
                                                                                
                                                                                
                                                                                
                                                                                
Agent the Evoker               St:11 Dx:14 Co:13 In:16 Wi:14 Ch:11 Neutral S:0  
Dlvl:1 $:0 HP:12(12) Pw:7(7) AC:9 Xp:1/0                                        

",-0.001,False
32,south,,"message:
You cannot pass through the bars.

language observation:
bars far southsoutheast, southsouthwest, westsouthwest, and westnorthwest
bars far southsoutheast, southsouthwest, westsouthwest, and westnorthwest
dark area far south, southwest, and west
fountains far westsouthwest
bars near northnortheast, southsoutheast, south, southsouthwest, westsouthwest, westnorthwest, and northnorthwest
bars near northnortheast, southsoutheast, south, southsouthwest, westsouthwest, westnorthwest, and northnorthwest
dark area near north, northeast, east, southeast, and northwest
boulder near southsouthwest
boulders near west
fountain near southsouthwest
stairs up very near north
bars very near northnortheast, northeast, eastnortheast, east, eastsoutheast, southeast, southsoutheast, south, southsouthwest, northwest, and northnorthwest
fountain very near southwest
boulder adjacent east
bars adjacent southeast and south

cursor:
Yourself a wizard
(x=41, y=11)

map:
                                                                                
                                                                                
                                                                                
                                                                                
                                                                                
                                                                                
                                                                                
                                  ##########                                    
                                  ##.#.##<##                                    
                                  ##.......#                                    
                                  #.`.`..@`#                                    
                                  #...#..###                                    
                                  #..##{####                                    
                                  #{.#..##.#                                    
                                  #{..`....#                                    
                                  ##..{.##.#                                    
                                  ##########                                    
                                                                                
                                                                                
                                                                                
                                                                                
Agent the Evoker               St:11 Dx:14 Co:13 In:16 Wi:14 Ch:11 Neutral S:0  
Dlvl:1 $:0 HP:12(12) Pw:7(7) AC:9 Xp:1/0                                        

",-0.001,False
33,north,,"message:


language observation:
bars far southsoutheast, south, southsouthwest, southwest, westsouthwest, west, and westnorthwest
dark area far south, southwest, and west
fountain far southsouthwest
fountains far westsouthwest
dark area near north, northeast, east, southeast, and northwest
bars near southsoutheast, south, southsouthwest, southwest, westsouthwest, and westnorthwest
fountain near southsouthwest
boulder near southsouthwest
boulders near westsouthwest
bars very near north, northnortheast, northeast, eastnortheast, east, eastsoutheast, southeast, southsoutheast, south, westnorthwest, northwest, and northnorthwest
stairs up adjacent north
bars adjacent northeast and northwest
boulder adjacent southeast

cursor:
Yourself a wizard
(x=41, y=10)

map:
                                                                                
                                                                                
                                                                                
                                                                                
                                                                                
                                                                                
                                                                                
                                  ##########                                    
                                  ##.#.##<##                                    
                                  ##.....@.#                                    
                                  #.`.`...`#                                    
                                  #...#..###                                    
                                  #..##{####                                    
                                  #{.#..##.#                                    
                                  #{..`....#                                    
                                  ##..{.##.#                                    
                                  ##########                                    
                                                                                
                                                                                
                                                                                
                                                                                
Agent the Evoker               St:11 Dx:14 Co:13 In:16 Wi:14 Ch:11 Neutral S:0  
Dlvl:1 $:0 HP:12(12) Pw:7(7) AC:9 Xp:1/0                                        

",-0.001,False
34,south,,"message:


language observation:
bars far southsoutheast, southsouthwest, westsouthwest, and westnorthwest
bars far southsoutheast, southsouthwest, westsouthwest, and westnorthwest
dark area far south, southwest, and west
fountains far westsouthwest
bars near northnortheast, southsoutheast, south, southsouthwest, westsouthwest, westnorthwest, and northnorthwest
bars near northnortheast, southsoutheast, south, southsouthwest, westsouthwest, westnorthwest, and northnorthwest
dark area near north, northeast, east, southeast, and northwest
boulder near southsouthwest
boulders near west
fountain near southsouthwest
stairs up very near north
bars very near northnortheast, northeast, eastnortheast, east, eastsoutheast, southeast, southsoutheast, south, southsouthwest, northwest, and northnorthwest
fountain very near southwest
boulder adjacent east
bars adjacent southeast and south

cursor:
Yourself a wizard
(x=41, y=11)

map:
                                                                                
                                                                                
                                                                                
                                                                                
                                                                                
                                                                                
                                                                                
                                  ##########                                    
                                  ##.#.##<##                                    
                                  ##.......#                                    
                                  #.`.`..@`#                                    
                                  #...#..###                                    
                                  #..##{####                                    
                                  #{.#..##.#                                    
                                  #{..`....#                                    
                                  ##..{.##.#                                    
                                  ##########                                    
                                                                                
                                                                                
                                                                                
                                                                                
Agent the Evoker               St:11 Dx:14 Co:13 In:16 Wi:14 Ch:11 Neutral S:0  
Dlvl:1 $:0 HP:12(12) Pw:7(7) AC:9 Xp:1/0                                        

",-0.001,False
35,north,,"message:


language observation:
bars far southsoutheast, south, southsouthwest, southwest, westsouthwest, west, and westnorthwest
dark area far south, southwest, and west
fountain far southsouthwest
fountains far westsouthwest
dark area near north, northeast, east, southeast, and northwest
bars near southsoutheast, south, southsouthwest, southwest, westsouthwest, and westnorthwest
fountain near southsouthwest
boulder near southsouthwest
boulders near westsouthwest
bars very near north, northnortheast, northeast, eastnortheast, east, eastsoutheast, southeast, southsoutheast, south, westnorthwest, northwest, and northnorthwest
stairs up adjacent north
bars adjacent northeast and northwest
boulder adjacent southeast

cursor:
Yourself a wizard
(x=41, y=10)

map:
                                                                                
                                                                                
                                                                                
                                                                                
                                                                                
                                                                                
                                                                                
                                  ##########                                    
                                  ##.#.##<##                                    
                                  ##.....@.#                                    
                                  #.`.`...`#                                    
                                  #...#..###                                    
                                  #..##{####                                    
                                  #{.#..##.#                                    
                                  #{..`....#                                    
                                  ##..{.##.#                                    
                                  ##########                                    
                                                                                
                                                                                
                                                                                
                                                                                
Agent the Evoker               St:11 Dx:14 Co:13 In:16 Wi:14 Ch:11 Neutral S:0  
Dlvl:1 $:0 HP:12(12) Pw:7(7) AC:9 Xp:1/0                                        

",-0.001,False
36,east,,"message:


language observation:
bars far southsoutheast, southsouthwest, westsouthwest, west, and westnorthwest
bars far southsoutheast, southsouthwest, westsouthwest, west, and westnorthwest
dark area far south, southwest, and west
fountain far southsouthwest
fountains far westsouthwest
boulder far westsouthwest
dark area near north and northwest
bars near southsoutheast, southsouthwest, westsouthwest, and westnorthwest
bars near southsoutheast, southsouthwest, westsouthwest, and westnorthwest
boulder near southsouthwest and westsouthwest
fountain near southwest
bars very near north, northnortheast, southsoutheast, south, southsouthwest, westnorthwest, northwest, and northnorthwest
dark area very near northeast, east, and southeast
bars adjacent north, northeast, east, and southeast
boulder adjacent south
stairs up adjacent northwest

cursor:
Yourself a wizard
(x=42, y=10)

map:
                                                                                
                                                                                
                                                                                
                                                                                
                                                                                
                                                                                
                                                                                
                                  ##########                                    
                                  ##.#.##<##                                    
                                  ##......@#                                    
                                  #.`.`...`#                                    
                                  #...#..###                                    
                                  #..##{####                                    
                                  #{.#..##.#                                    
                                  #{..`....#                                    
                                  ##..{.##.#                                    
                                  ##########                                    
                                                                                
                                                                                
                                                                                
                                                                                
Agent the Evoker               St:11 Dx:14 Co:13 In:16 Wi:14 Ch:11 Neutral S:0  
Dlvl:1 $:0 HP:12(12) Pw:7(7) AC:9 Xp:1/0                                        

",-0.001,False
37,south,,"message:
You try to move the boulder, but in vain.

language observation:
bars far southsoutheast, southsouthwest, westsouthwest, west, and westnorthwest
bars far southsoutheast, southsouthwest, westsouthwest, west, and westnorthwest
dark area far south, southwest, and west
fountain far southsouthwest
fountains far westsouthwest
boulder far westsouthwest
dark area near north and northwest
bars near southsoutheast, southsouthwest, westsouthwest, and westnorthwest
bars near southsoutheast, southsouthwest, westsouthwest, and westnorthwest
boulder near southsouthwest and westsouthwest
fountain near southwest
bars very near north, northnortheast, southsoutheast, south, southsouthwest, westnorthwest, northwest, and northnorthwest
dark area very near northeast, east, and southeast
bars adjacent north, northeast, east, and southeast
boulder adjacent south
stairs up adjacent northwest

cursor:
Yourself a wizard
(x=42, y=10)

map:
                                                                                
                                                                                
                                                                                
                                                                                
                                                                                
                                                                                
                                                                                
                                  ##########                                    
                                  ##.#.##<##                                    
                                  ##......@#                                    
                                  #.`.`...`#                                    
                                  #...#..###                                    
                                  #..##{####                                    
                                  #{.#..##.#                                    
                                  #{..`....#                                    
                                  ##..{.##.#                                    
                                  ##########                                    
                                                                                
                                                                                
                                                                                
                                                                                
Agent the Evoker               St:11 Dx:14 Co:13 In:16 Wi:14 Ch:11 Neutral S:0  
Dlvl:1 $:0 HP:12(12) Pw:7(7) AC:9 Xp:1/0                                        

",-0.001,False
38,north,,"message:
You cannot pass through the bars.

language observation:
bars far southsoutheast, southsouthwest, westsouthwest, west, and westnorthwest
bars far southsoutheast, southsouthwest, westsouthwest, west, and westnorthwest
dark area far south, southwest, and west
fountain far southsouthwest
fountains far westsouthwest
boulder far westsouthwest
dark area near north and northwest
bars near southsoutheast, southsouthwest, westsouthwest, and westnorthwest
bars near southsoutheast, southsouthwest, westsouthwest, and westnorthwest
boulder near southsouthwest and westsouthwest
fountain near southwest
bars very near north, northnortheast, southsoutheast, south, southsouthwest, westnorthwest, northwest, and northnorthwest
dark area very near northeast, east, and southeast
bars adjacent north, northeast, east, and southeast
boulder adjacent south
stairs up adjacent northwest

cursor:
Yourself a wizard
(x=42, y=10)

map:
                                                                                
                                                                                
                                                                                
                                                                                
                                                                                
                                                                                
                                                                                
                                  ##########                                    
                                  ##.#.##<##                                    
                                  ##......@#                                    
                                  #.`.`...`#                                    
                                  #...#..###                                    
                                  #..##{####                                    
                                  #{.#..##.#                                    
                                  #{..`....#                                    
                                  ##..{.##.#                                    
                                  ##########                                    
                                                                                
                                                                                
                                                                                
                                                                                
Agent the Evoker               St:11 Dx:14 Co:13 In:16 Wi:14 Ch:11 Neutral S:0  
Dlvl:1 $:0 HP:12(12) Pw:7(7) AC:9 Xp:1/0                                        

",-0.001,False
39,west,,"message:


language observation:
bars far southsoutheast, south, southsouthwest, southwest, westsouthwest, west, and westnorthwest
dark area far south, southwest, and west
fountain far southsouthwest
fountains far westsouthwest
dark area near north, northeast, east, southeast, and northwest
bars near southsoutheast, south, southsouthwest, southwest, westsouthwest, and westnorthwest
fountain near southsouthwest
boulder near southsouthwest
boulders near westsouthwest
bars very near north, northnortheast, northeast, eastnortheast, east, eastsoutheast, southeast, southsoutheast, south, westnorthwest, northwest, and northnorthwest
stairs up adjacent north
bars adjacent northeast and northwest
boulder adjacent southeast

cursor:
Yourself a wizard
(x=41, y=10)

map:
                                                                                
                                                                                
                                                                                
                                                                                
                                                                                
                                                                                
                                                                                
                                  ##########                                    
                                  ##.#.##<##                                    
                                  ##.....@.#                                    
                                  #.`.`...`#                                    
                                  #...#..###                                    
                                  #..##{####                                    
                                  #{.#..##.#                                    
                                  #{..`....#                                    
                                  ##..{.##.#                                    
                                  ##########                                    
                                                                                
                                                                                
                                                                                
                                                                                
Agent the Evoker               St:11 Dx:14 Co:13 In:16 Wi:14 Ch:11 Neutral S:0  
Dlvl:1 $:0 HP:12(12) Pw:7(7) AC:9 Xp:1/0                                        

",-0.001,False
40,east,,"message:


language observation:
bars far southsoutheast, southsouthwest, westsouthwest, west, and westnorthwest
bars far southsoutheast, southsouthwest, westsouthwest, west, and westnorthwest
dark area far south, southwest, and west
fountain far southsouthwest
fountains far westsouthwest
boulder far westsouthwest
dark area near north and northwest
bars near southsoutheast, southsouthwest, westsouthwest, and westnorthwest
bars near southsoutheast, southsouthwest, westsouthwest, and westnorthwest
boulder near southsouthwest and westsouthwest
fountain near southwest
bars very near north, northnortheast, southsoutheast, south, southsouthwest, westnorthwest, northwest, and northnorthwest
dark area very near northeast, east, and southeast
bars adjacent north, northeast, east, and southeast
boulder adjacent south
stairs up adjacent northwest

cursor:
Yourself a wizard
(x=42, y=10)

map:
                                                                                
                                                                                
                                                                                
                                                                                
                                                                                
                                                                                
                                                                                
                                  ##########                                    
                                  ##.#.##<##                                    
                                  ##......@#                                    
                                  #.`.`...`#                                    
                                  #...#..###                                    
                                  #..##{####                                    
                                  #{.#..##.#                                    
                                  #{..`....#                                    
                                  ##..{.##.#                                    
                                  ##########                                    
                                                                                
                                                                                
                                                                                
                                                                                
Agent the Evoker               St:11 Dx:14 Co:13 In:16 Wi:14 Ch:11 Neutral S:0  
Dlvl:1 $:0 HP:12(12) Pw:7(7) AC:9 Xp:1/0                                        

",-0.001,False
41,west,,"message:


language observation:
bars far southsoutheast, south, southsouthwest, southwest, westsouthwest, west, and westnorthwest
dark area far south, southwest, and west
fountain far southsouthwest
fountains far westsouthwest
dark area near north, northeast, east, southeast, and northwest
bars near southsoutheast, south, southsouthwest, southwest, westsouthwest, and westnorthwest
fountain near southsouthwest
boulder near southsouthwest
boulders near westsouthwest
bars very near north, northnortheast, northeast, eastnortheast, east, eastsoutheast, southeast, southsoutheast, south, westnorthwest, northwest, and northnorthwest
stairs up adjacent north
bars adjacent northeast and northwest
boulder adjacent southeast

cursor:
Yourself a wizard
(x=41, y=10)

map:
                                                                                
                                                                                
                                                                                
                                                                                
                                                                                
                                                                                
                                                                                
                                  ##########                                    
                                  ##.#.##<##                                    
                                  ##.....@.#                                    
                                  #.`.`...`#                                    
                                  #...#..###                                    
                                  #..##{####                                    
                                  #{.#..##.#                                    
                                  #{..`....#                                    
                                  ##..{.##.#                                    
                                  ##########                                    
                                                                                
                                                                                
                                                                                
                                                                                
Agent the Evoker               St:11 Dx:14 Co:13 In:16 Wi:14 Ch:11 Neutral S:0  
Dlvl:1 $:0 HP:12(12) Pw:7(7) AC:9 Xp:1/0                                        

",-0.001,False
42,east,,"message:


language observation:
bars far southsoutheast, southsouthwest, westsouthwest, west, and westnorthwest
bars far southsoutheast, southsouthwest, westsouthwest, west, and westnorthwest
dark area far south, southwest, and west
fountain far southsouthwest
fountains far westsouthwest
boulder far westsouthwest
dark area near north and northwest
bars near southsoutheast, southsouthwest, westsouthwest, and westnorthwest
bars near southsoutheast, southsouthwest, westsouthwest, and westnorthwest
boulder near southsouthwest and westsouthwest
fountain near southwest
bars very near north, northnortheast, southsoutheast, south, southsouthwest, westnorthwest, northwest, and northnorthwest
dark area very near northeast, east, and southeast
bars adjacent north, northeast, east, and southeast
boulder adjacent south
stairs up adjacent northwest

cursor:
Yourself a wizard
(x=42, y=10)

map:
                                                                                
                                                                                
                                                                                
                                                                                
                                                                                
                                                                                
                                                                                
                                  ##########                                    
                                  ##.#.##<##                                    
                                  ##......@#                                    
                                  #.`.`...`#                                    
                                  #...#..###                                    
                                  #..##{####                                    
                                  #{.#..##.#                                    
                                  #{..`....#                                    
                                  ##..{.##.#                                    
                                  ##########                                    
                                                                                
                                                                                
                                                                                
                                                                                
Agent the Evoker               St:11 Dx:14 Co:13 In:16 Wi:14 Ch:11 Neutral S:0  
Dlvl:1 $:0 HP:12(12) Pw:7(7) AC:9 Xp:1/0                                        

",-0.001,False
43,west,,"message:


language observation:
bars far southsoutheast, south, southsouthwest, southwest, westsouthwest, west, and westnorthwest
dark area far south, southwest, and west
fountain far southsouthwest
fountains far westsouthwest
dark area near north, northeast, east, southeast, and northwest
bars near southsoutheast, south, southsouthwest, southwest, westsouthwest, and westnorthwest
fountain near southsouthwest
boulder near southsouthwest
boulders near westsouthwest
bars very near north, northnortheast, northeast, eastnortheast, east, eastsoutheast, southeast, southsoutheast, south, westnorthwest, northwest, and northnorthwest
stairs up adjacent north
bars adjacent northeast and northwest
boulder adjacent southeast

cursor:
Yourself a wizard
(x=41, y=10)

map:
                                                                                
                                                                                
                                                                                
                                                                                
                                                                                
                                                                                
                                                                                
                                  ##########                                    
                                  ##.#.##<##                                    
                                  ##.....@.#                                    
                                  #.`.`...`#                                    
                                  #...#..###                                    
                                  #..##{####                                    
                                  #{.#..##.#                                    
                                  #{..`....#                                    
                                  ##..{.##.#                                    
                                  ##########                                    
                                                                                
                                                                                
                                                                                
                                                                                
Agent the Evoker               St:11 Dx:14 Co:13 In:16 Wi:14 Ch:11 Neutral S:0  
Dlvl:1 $:0 HP:12(12) Pw:7(7) AC:9 Xp:1/0                                        

",-0.001,False
44,east,,"message:


language observation:
bars far southsoutheast, southsouthwest, westsouthwest, west, and westnorthwest
bars far southsoutheast, southsouthwest, westsouthwest, west, and westnorthwest
dark area far south, southwest, and west
fountain far southsouthwest
fountains far westsouthwest
boulder far westsouthwest
dark area near north and northwest
bars near southsoutheast, southsouthwest, westsouthwest, and westnorthwest
bars near southsoutheast, southsouthwest, westsouthwest, and westnorthwest
boulder near southsouthwest and westsouthwest
fountain near southwest
bars very near north, northnortheast, southsoutheast, south, southsouthwest, westnorthwest, northwest, and northnorthwest
dark area very near northeast, east, and southeast
bars adjacent north, northeast, east, and southeast
boulder adjacent south
stairs up adjacent northwest

cursor:
Yourself a wizard
(x=42, y=10)

map:
                                                                                
                                                                                
                                                                                
                                                                                
                                                                                
                                                                                
                                                                                
                                  ##########                                    
                                  ##.#.##<##                                    
                                  ##......@#                                    
                                  #.`.`...`#                                    
                                  #...#..###                                    
                                  #..##{####                                    
                                  #{.#..##.#                                    
                                  #{..`....#                                    
                                  ##..{.##.#                                    
                                  ##########                                    
                                                                                
                                                                                
                                                                                
                                                                                
Agent the Evoker               St:11 Dx:14 Co:13 In:16 Wi:14 Ch:11 Neutral S:0  
Dlvl:1 $:0 HP:12(12) Pw:7(7) AC:9 Xp:1/0                                        

",-0.001,False
45,south,,"message:
You try to move the boulder, but in vain.

language observation:
bars far southsoutheast, southsouthwest, westsouthwest, west, and westnorthwest
bars far southsoutheast, southsouthwest, westsouthwest, west, and westnorthwest
dark area far south, southwest, and west
fountain far southsouthwest
fountains far westsouthwest
boulder far westsouthwest
dark area near north and northwest
bars near southsoutheast, southsouthwest, westsouthwest, and westnorthwest
bars near southsoutheast, southsouthwest, westsouthwest, and westnorthwest
boulder near southsouthwest and westsouthwest
fountain near southwest
bars very near north, northnortheast, southsoutheast, south, southsouthwest, westnorthwest, northwest, and northnorthwest
dark area very near northeast, east, and southeast
bars adjacent north, northeast, east, and southeast
boulder adjacent south
stairs up adjacent northwest

cursor:
Yourself a wizard
(x=42, y=10)

map:
                                                                                
                                                                                
                                                                                
                                                                                
                                                                                
                                                                                
                                                                                
                                  ##########                                    
                                  ##.#.##<##                                    
                                  ##......@#                                    
                                  #.`.`...`#                                    
                                  #...#..###                                    
                                  #..##{####                                    
                                  #{.#..##.#                                    
                                  #{..`....#                                    
                                  ##..{.##.#                                    
                                  ##########                                    
                                                                                
                                                                                
                                                                                
                                                                                
Agent the Evoker               St:11 Dx:14 Co:13 In:16 Wi:14 Ch:11 Neutral S:0  
Dlvl:1 $:0 HP:12(12) Pw:7(7) AC:9 Xp:1/0                                        

",-0.001,False
46,north,,"message:
You cannot pass through the bars.

language observation:
bars far southsoutheast, southsouthwest, westsouthwest, west, and westnorthwest
bars far southsoutheast, southsouthwest, westsouthwest, west, and westnorthwest
dark area far south, southwest, and west
fountain far southsouthwest
fountains far westsouthwest
boulder far westsouthwest
dark area near north and northwest
bars near southsoutheast, southsouthwest, westsouthwest, and westnorthwest
bars near southsoutheast, southsouthwest, westsouthwest, and westnorthwest
boulder near southsouthwest and westsouthwest
fountain near southwest
bars very near north, northnortheast, southsoutheast, south, southsouthwest, westnorthwest, northwest, and northnorthwest
dark area very near northeast, east, and southeast
bars adjacent north, northeast, east, and southeast
boulder adjacent south
stairs up adjacent northwest

cursor:
Yourself a wizard
(x=42, y=10)

map:
                                                                                
                                                                                
                                                                                
                                                                                
                                                                                
                                                                                
                                                                                
                                  ##########                                    
                                  ##.#.##<##                                    
                                  ##......@#                                    
                                  #.`.`...`#                                    
                                  #...#..###                                    
                                  #..##{####                                    
                                  #{.#..##.#                                    
                                  #{..`....#                                    
                                  ##..{.##.#                                    
                                  ##########                                    
                                                                                
                                                                                
                                                                                
                                                                                
Agent the Evoker               St:11 Dx:14 Co:13 In:16 Wi:14 Ch:11 Neutral S:0  
Dlvl:1 $:0 HP:12(12) Pw:7(7) AC:9 Xp:1/0                                        

",-0.001,False
47,west,,"message:


language observation:
bars far southsoutheast, south, southsouthwest, southwest, westsouthwest, west, and westnorthwest
dark area far south, southwest, and west
fountain far southsouthwest
fountains far westsouthwest
dark area near north, northeast, east, southeast, and northwest
bars near southsoutheast, south, southsouthwest, southwest, westsouthwest, and westnorthwest
fountain near southsouthwest
boulder near southsouthwest
boulders near westsouthwest
bars very near north, northnortheast, northeast, eastnortheast, east, eastsoutheast, southeast, southsoutheast, south, westnorthwest, northwest, and northnorthwest
stairs up adjacent north
bars adjacent northeast and northwest
boulder adjacent southeast

cursor:
Yourself a wizard
(x=41, y=10)

map:
                                                                                
                                                                                
                                                                                
                                                                                
                                                                                
                                                                                
                                                                                
                                  ##########                                    
                                  ##.#.##<##                                    
                                  ##.....@.#                                    
                                  #.`.`...`#                                    
                                  #...#..###                                    
                                  #..##{####                                    
                                  #{.#..##.#                                    
                                  #{..`....#                                    
                                  ##..{.##.#                                    
                                  ##########                                    
                                                                                
                                                                                
                                                                                
                                                                                
Agent the Evoker               St:11 Dx:14 Co:13 In:16 Wi:14 Ch:11 Neutral S:0  
Dlvl:1 $:0 HP:12(12) Pw:7(7) AC:9 Xp:1/0                                        

",-0.001,False
48,east,,"message:


language observation:
bars far southsoutheast, southsouthwest, westsouthwest, west, and westnorthwest
bars far southsoutheast, southsouthwest, westsouthwest, west, and westnorthwest
dark area far south, southwest, and west
fountain far southsouthwest
fountains far westsouthwest
boulder far westsouthwest
dark area near north and northwest
bars near southsoutheast, southsouthwest, westsouthwest, and westnorthwest
bars near southsoutheast, southsouthwest, westsouthwest, and westnorthwest
boulder near southsouthwest and westsouthwest
fountain near southwest
bars very near north, northnortheast, southsoutheast, south, southsouthwest, westnorthwest, northwest, and northnorthwest
dark area very near northeast, east, and southeast
bars adjacent north, northeast, east, and southeast
boulder adjacent south
stairs up adjacent northwest

cursor:
Yourself a wizard
(x=42, y=10)

map:
                                                                                
                                                                                
                                                                                
                                                                                
                                                                                
                                                                                
                                                                                
                                  ##########                                    
                                  ##.#.##<##                                    
                                  ##......@#                                    
                                  #.`.`...`#                                    
                                  #...#..###                                    
                                  #..##{####                                    
                                  #{.#..##.#                                    
                                  #{..`....#                                    
                                  ##..{.##.#                                    
                                  ##########                                    
                                                                                
                                                                                
                                                                                
                                                                                
Agent the Evoker               St:11 Dx:14 Co:13 In:16 Wi:14 Ch:11 Neutral S:0  
Dlvl:1 $:0 HP:12(12) Pw:7(7) AC:9 Xp:1/0                                        

",-0.001,False
49,south,,"message:
You try to move the boulder, but in vain.

language observation:
bars far southsoutheast, southsouthwest, westsouthwest, west, and westnorthwest
bars far southsoutheast, southsouthwest, westsouthwest, west, and westnorthwest
dark area far south, southwest, and west
fountain far southsouthwest
fountains far westsouthwest
boulder far westsouthwest
dark area near north and northwest
bars near southsoutheast, southsouthwest, westsouthwest, and westnorthwest
bars near southsoutheast, southsouthwest, westsouthwest, and westnorthwest
boulder near southsouthwest and westsouthwest
fountain near southwest
bars very near north, northnortheast, southsoutheast, south, southsouthwest, westnorthwest, northwest, and northnorthwest
dark area very near northeast, east, and southeast
bars adjacent north, northeast, east, and southeast
boulder adjacent south
stairs up adjacent northwest

cursor:
Yourself a wizard
(x=42, y=10)

map:
                                                                                
                                                                                
                                                                                
                                                                                
                                                                                
                                                                                
                                                                                
                                  ##########                                    
                                  ##.#.##<##                                    
                                  ##......@#                                    
                                  #.`.`...`#                                    
                                  #...#..###                                    
                                  #..##{####                                    
                                  #{.#..##.#                                    
                                  #{..`....#                                    
                                  ##..{.##.#                                    
                                  ##########                                    
                                                                                
                                                                                
                                                                                
                                                                                
Agent the Evoker               St:11 Dx:14 Co:13 In:16 Wi:14 Ch:11 Neutral S:0  
Dlvl:1 $:0 HP:12(12) Pw:7(7) AC:9 Xp:1/0                                        

",-0.001,False
50,north,,"message:
You cannot pass through the bars.

language observation:
bars far southsoutheast, southsouthwest, westsouthwest, west, and westnorthwest
bars far southsoutheast, southsouthwest, westsouthwest, west, and westnorthwest
dark area far south, southwest, and west
fountain far southsouthwest
fountains far westsouthwest
boulder far westsouthwest
dark area near north and northwest
bars near southsoutheast, southsouthwest, westsouthwest, and westnorthwest
bars near southsoutheast, southsouthwest, westsouthwest, and westnorthwest
boulder near southsouthwest and westsouthwest
fountain near southwest
bars very near north, northnortheast, southsoutheast, south, southsouthwest, westnorthwest, northwest, and northnorthwest
dark area very near northeast, east, and southeast
bars adjacent north, northeast, east, and southeast
boulder adjacent south
stairs up adjacent northwest

cursor:
Yourself a wizard
(x=42, y=10)

map:
                                                                                
                                                                                
                                                                                
                                                                                
                                                                                
                                                                                
                                                                                
                                  ##########                                    
                                  ##.#.##<##                                    
                                  ##......@#                                    
                                  #.`.`...`#                                    
                                  #...#..###                                    
                                  #..##{####                                    
                                  #{.#..##.#                                    
                                  #{..`....#                                    
                                  ##..{.##.#                                    
                                  ##########                                    
                                                                                
                                                                                
                                                                                
                                                                                
Agent the Evoker               St:11 Dx:14 Co:13 In:16 Wi:14 Ch:11 Neutral S:0  
Dlvl:1 $:0 HP:12(12) Pw:7(7) AC:9 Xp:1/0                                        

",-0.001,False
51,west,,"message:


language observation:
bars far southsoutheast, south, southsouthwest, southwest, westsouthwest, west, and westnorthwest
dark area far south, southwest, and west
fountain far southsouthwest
fountains far westsouthwest
dark area near north, northeast, east, southeast, and northwest
bars near southsoutheast, south, southsouthwest, southwest, westsouthwest, and westnorthwest
fountain near southsouthwest
boulder near southsouthwest
boulders near westsouthwest
bars very near north, northnortheast, northeast, eastnortheast, east, eastsoutheast, southeast, southsoutheast, south, westnorthwest, northwest, and northnorthwest
stairs up adjacent north
bars adjacent northeast and northwest
boulder adjacent southeast

cursor:
Yourself a wizard
(x=41, y=10)

map:
                                                                                
                                                                                
                                                                                
                                                                                
                                                                                
                                                                                
                                                                                
                                  ##########                                    
                                  ##.#.##<##                                    
                                  ##.....@.#                                    
                                  #.`.`...`#                                    
                                  #...#..###                                    
                                  #..##{####                                    
                                  #{.#..##.#                                    
                                  #{..`....#                                    
                                  ##..{.##.#                                    
                                  ##########                                    
                                                                                
                                                                                
                                                                                
                                                                                
Agent the Evoker               St:11 Dx:14 Co:13 In:16 Wi:14 Ch:11 Neutral S:0  
Dlvl:1 $:0 HP:12(12) Pw:7(7) AC:9 Xp:1/0                                        

",-0.001,False
52,east,,"message:


language observation:
bars far southsoutheast, southsouthwest, westsouthwest, west, and westnorthwest
bars far southsoutheast, southsouthwest, westsouthwest, west, and westnorthwest
dark area far south, southwest, and west
fountain far southsouthwest
fountains far westsouthwest
boulder far westsouthwest
dark area near north and northwest
bars near southsoutheast, southsouthwest, westsouthwest, and westnorthwest
bars near southsoutheast, southsouthwest, westsouthwest, and westnorthwest
boulder near southsouthwest and westsouthwest
fountain near southwest
bars very near north, northnortheast, southsoutheast, south, southsouthwest, westnorthwest, northwest, and northnorthwest
dark area very near northeast, east, and southeast
bars adjacent north, northeast, east, and southeast
boulder adjacent south
stairs up adjacent northwest

cursor:
Yourself a wizard
(x=42, y=10)

map:
                                                                                
                                                                                
                                                                                
                                                                                
                                                                                
                                                                                
                                                                                
                                  ##########                                    
                                  ##.#.##<##                                    
                                  ##......@#                                    
                                  #.`.`...`#                                    
                                  #...#..###                                    
                                  #..##{####                                    
                                  #{.#..##.#                                    
                                  #{..`....#                                    
                                  ##..{.##.#                                    
                                  ##########                                    
                                                                                
                                                                                
                                                                                
                                                                                
Agent the Evoker               St:11 Dx:14 Co:13 In:16 Wi:14 Ch:11 Neutral S:0  
Dlvl:1 $:0 HP:12(12) Pw:7(7) AC:9 Xp:1/0                                        

",-0.001,False
53,west,,"message:


language observation:
bars far southsoutheast, south, southsouthwest, southwest, westsouthwest, west, and westnorthwest
dark area far south, southwest, and west
fountain far southsouthwest
fountains far westsouthwest
dark area near north, northeast, east, southeast, and northwest
bars near southsoutheast, south, southsouthwest, southwest, westsouthwest, and westnorthwest
fountain near southsouthwest
boulder near southsouthwest
boulders near westsouthwest
bars very near north, northnortheast, northeast, eastnortheast, east, eastsoutheast, southeast, southsoutheast, south, westnorthwest, northwest, and northnorthwest
stairs up adjacent north
bars adjacent northeast and northwest
boulder adjacent southeast

cursor:
Yourself a wizard
(x=41, y=10)

map:
                                                                                
                                                                                
                                                                                
                                                                                
                                                                                
                                                                                
                                                                                
                                  ##########                                    
                                  ##.#.##<##                                    
                                  ##.....@.#                                    
                                  #.`.`...`#                                    
                                  #...#..###                                    
                                  #..##{####                                    
                                  #{.#..##.#                                    
                                  #{..`....#                                    
                                  ##..{.##.#                                    
                                  ##########                                    
                                                                                
                                                                                
                                                                                
                                                                                
Agent the Evoker               St:11 Dx:14 Co:13 In:16 Wi:14 Ch:11 Neutral S:0  
Dlvl:1 $:0 HP:12(12) Pw:7(7) AC:9 Xp:1/0                                        

",-0.001,False
54,east,,"message:


language observation:
bars far southsoutheast, southsouthwest, westsouthwest, west, and westnorthwest
bars far southsoutheast, southsouthwest, westsouthwest, west, and westnorthwest
dark area far south, southwest, and west
fountain far southsouthwest
fountains far westsouthwest
boulder far westsouthwest
dark area near north and northwest
bars near southsoutheast, southsouthwest, westsouthwest, and westnorthwest
bars near southsoutheast, southsouthwest, westsouthwest, and westnorthwest
boulder near southsouthwest and westsouthwest
fountain near southwest
bars very near north, northnortheast, southsoutheast, south, southsouthwest, westnorthwest, northwest, and northnorthwest
dark area very near northeast, east, and southeast
bars adjacent north, northeast, east, and southeast
boulder adjacent south
stairs up adjacent northwest

cursor:
Yourself a wizard
(x=42, y=10)

map:
                                                                                
                                                                                
                                                                                
                                                                                
                                                                                
                                                                                
                                                                                
                                  ##########                                    
                                  ##.#.##<##                                    
                                  ##......@#                                    
                                  #.`.`...`#                                    
                                  #...#..###                                    
                                  #..##{####                                    
                                  #{.#..##.#                                    
                                  #{..`....#                                    
                                  ##..{.##.#                                    
                                  ##########                                    
                                                                                
                                                                                
                                                                                
                                                                                
Agent the Evoker               St:11 Dx:14 Co:13 In:16 Wi:14 Ch:11 Neutral S:0  
Dlvl:1 $:0 HP:12(12) Pw:7(7) AC:9 Xp:1/0                                        

",-0.001,False
55,south,,"message:
You try to move the boulder, but in vain.

language observation:
bars far southsoutheast, southsouthwest, westsouthwest, west, and westnorthwest
bars far southsoutheast, southsouthwest, westsouthwest, west, and westnorthwest
dark area far south, southwest, and west
fountain far southsouthwest
fountains far westsouthwest
boulder far westsouthwest
dark area near north and northwest
bars near southsoutheast, southsouthwest, westsouthwest, and westnorthwest
bars near southsoutheast, southsouthwest, westsouthwest, and westnorthwest
boulder near southsouthwest and westsouthwest
fountain near southwest
bars very near north, northnortheast, southsoutheast, south, southsouthwest, westnorthwest, northwest, and northnorthwest
dark area very near northeast, east, and southeast
bars adjacent north, northeast, east, and southeast
boulder adjacent south
stairs up adjacent northwest

cursor:
Yourself a wizard
(x=42, y=10)

map:
                                                                                
                                                                                
                                                                                
                                                                                
                                                                                
                                                                                
                                                                                
                                  ##########                                    
                                  ##.#.##<##                                    
                                  ##......@#                                    
                                  #.`.`...`#                                    
                                  #...#..###                                    
                                  #..##{####                                    
                                  #{.#..##.#                                    
                                  #{..`....#                                    
                                  ##..{.##.#                                    
                                  ##########                                    
                                                                                
                                                                                
                                                                                
                                                                                
Agent the Evoker               St:11 Dx:14 Co:13 In:16 Wi:14 Ch:11 Neutral S:0  
Dlvl:1 $:0 HP:12(12) Pw:7(7) AC:9 Xp:1/0                                        

",-0.001,False
56,north,,"message:
You cannot pass through the bars.

language observation:
bars far southsoutheast, southsouthwest, westsouthwest, west, and westnorthwest
bars far southsoutheast, southsouthwest, westsouthwest, west, and westnorthwest
dark area far south, southwest, and west
fountain far southsouthwest
fountains far westsouthwest
boulder far westsouthwest
dark area near north and northwest
bars near southsoutheast, southsouthwest, westsouthwest, and westnorthwest
bars near southsoutheast, southsouthwest, westsouthwest, and westnorthwest
boulder near southsouthwest and westsouthwest
fountain near southwest
bars very near north, northnortheast, southsoutheast, south, southsouthwest, westnorthwest, northwest, and northnorthwest
dark area very near northeast, east, and southeast
bars adjacent north, northeast, east, and southeast
boulder adjacent south
stairs up adjacent northwest

cursor:
Yourself a wizard
(x=42, y=10)

map:
                                                                                
                                                                                
                                                                                
                                                                                
                                                                                
                                                                                
                                                                                
                                  ##########                                    
                                  ##.#.##<##                                    
                                  ##......@#                                    
                                  #.`.`...`#                                    
                                  #...#..###                                    
                                  #..##{####                                    
                                  #{.#..##.#                                    
                                  #{..`....#                                    
                                  ##..{.##.#                                    
                                  ##########                                    
                                                                                
                                                                                
                                                                                
                                                                                
Agent the Evoker               St:11 Dx:14 Co:13 In:16 Wi:14 Ch:11 Neutral S:0  
Dlvl:1 $:0 HP:12(12) Pw:7(7) AC:9 Xp:1/0                                        

",-0.001,False
57,west,,"message:


language observation:
bars far southsoutheast, south, southsouthwest, southwest, westsouthwest, west, and westnorthwest
dark area far south, southwest, and west
fountain far southsouthwest
fountains far westsouthwest
dark area near north, northeast, east, southeast, and northwest
bars near southsoutheast, south, southsouthwest, southwest, westsouthwest, and westnorthwest
fountain near southsouthwest
boulder near southsouthwest
boulders near westsouthwest
bars very near north, northnortheast, northeast, eastnortheast, east, eastsoutheast, southeast, southsoutheast, south, westnorthwest, northwest, and northnorthwest
stairs up adjacent north
bars adjacent northeast and northwest
boulder adjacent southeast

cursor:
Yourself a wizard
(x=41, y=10)

map:
                                                                                
                                                                                
                                                                                
                                                                                
                                                                                
                                                                                
                                                                                
                                  ##########                                    
                                  ##.#.##<##                                    
                                  ##.....@.#                                    
                                  #.`.`...`#                                    
                                  #...#..###                                    
                                  #..##{####                                    
                                  #{.#..##.#                                    
                                  #{..`....#                                    
                                  ##..{.##.#                                    
                                  ##########                                    
                                                                                
                                                                                
                                                                                
                                                                                
Agent the Evoker               St:11 Dx:14 Co:13 In:16 Wi:14 Ch:11 Neutral S:0  
Dlvl:1 $:0 HP:12(12) Pw:7(7) AC:9 Xp:1/0                                        

",-0.001,False
58,east,,"message:


language observation:
bars far southsoutheast, southsouthwest, westsouthwest, west, and westnorthwest
bars far southsoutheast, southsouthwest, westsouthwest, west, and westnorthwest
dark area far south, southwest, and west
fountain far southsouthwest
fountains far westsouthwest
boulder far westsouthwest
dark area near north and northwest
bars near southsoutheast, southsouthwest, westsouthwest, and westnorthwest
bars near southsoutheast, southsouthwest, westsouthwest, and westnorthwest
boulder near southsouthwest and westsouthwest
fountain near southwest
bars very near north, northnortheast, southsoutheast, south, southsouthwest, westnorthwest, northwest, and northnorthwest
dark area very near northeast, east, and southeast
bars adjacent north, northeast, east, and southeast
boulder adjacent south
stairs up adjacent northwest

cursor:
Yourself a wizard
(x=42, y=10)

map:
                                                                                
                                                                                
                                                                                
                                                                                
                                                                                
                                                                                
                                                                                
                                  ##########                                    
                                  ##.#.##<##                                    
                                  ##......@#                                    
                                  #.`.`...`#                                    
                                  #...#..###                                    
                                  #..##{####                                    
                                  #{.#..##.#                                    
                                  #{..`....#                                    
                                  ##..{.##.#                                    
                                  ##########                                    
                                                                                
                                                                                
                                                                                
                                                                                
Agent the Evoker               St:11 Dx:14 Co:13 In:16 Wi:14 Ch:11 Neutral S:0  
Dlvl:1 $:0 HP:12(12) Pw:7(7) AC:9 Xp:1/0                                        

",-0.001,False
59,south,,"message:
You try to move the boulder, but in vain.

language observation:
bars far southsoutheast, southsouthwest, westsouthwest, west, and westnorthwest
bars far southsoutheast, southsouthwest, westsouthwest, west, and westnorthwest
dark area far south, southwest, and west
fountain far southsouthwest
fountains far westsouthwest
boulder far westsouthwest
dark area near north and northwest
bars near southsoutheast, southsouthwest, westsouthwest, and westnorthwest
bars near southsoutheast, southsouthwest, westsouthwest, and westnorthwest
boulder near southsouthwest and westsouthwest
fountain near southwest
bars very near north, northnortheast, southsoutheast, south, southsouthwest, westnorthwest, northwest, and northnorthwest
dark area very near northeast, east, and southeast
bars adjacent north, northeast, east, and southeast
boulder adjacent south
stairs up adjacent northwest

cursor:
Yourself a wizard
(x=42, y=10)

map:
                                                                                
                                                                                
                                                                                
                                                                                
                                                                                
                                                                                
                                                                                
                                  ##########                                    
                                  ##.#.##<##                                    
                                  ##......@#                                    
                                  #.`.`...`#                                    
                                  #...#..###                                    
                                  #..##{####                                    
                                  #{.#..##.#                                    
                                  #{..`....#                                    
                                  ##..{.##.#                                    
                                  ##########                                    
                                                                                
                                                                                
                                                                                
                                                                                
Agent the Evoker               St:11 Dx:14 Co:13 In:16 Wi:14 Ch:11 Neutral S:0  
Dlvl:1 $:0 HP:12(12) Pw:7(7) AC:9 Xp:1/0                                        

",-0.001,False
60,north,,"message:
You cannot pass through the bars.

language observation:
bars far southsoutheast, southsouthwest, westsouthwest, west, and westnorthwest
bars far southsoutheast, southsouthwest, westsouthwest, west, and westnorthwest
dark area far south, southwest, and west
fountain far southsouthwest
fountains far westsouthwest
boulder far westsouthwest
dark area near north and northwest
bars near southsoutheast, southsouthwest, westsouthwest, and westnorthwest
bars near southsoutheast, southsouthwest, westsouthwest, and westnorthwest
boulder near southsouthwest and westsouthwest
fountain near southwest
bars very near north, northnortheast, southsoutheast, south, southsouthwest, westnorthwest, northwest, and northnorthwest
dark area very near northeast, east, and southeast
bars adjacent north, northeast, east, and southeast
boulder adjacent south
stairs up adjacent northwest

cursor:
Yourself a wizard
(x=42, y=10)

map:
                                                                                
                                                                                
                                                                                
                                                                                
                                                                                
                                                                                
                                                                                
                                  ##########                                    
                                  ##.#.##<##                                    
                                  ##......@#                                    
                                  #.`.`...`#                                    
                                  #...#..###                                    
                                  #..##{####                                    
                                  #{.#..##.#                                    
                                  #{..`....#                                    
                                  ##..{.##.#                                    
                                  ##########                                    
                                                                                
                                                                                
                                                                                
                                                                                
Agent the Evoker               St:11 Dx:14 Co:13 In:16 Wi:14 Ch:11 Neutral S:0  
Dlvl:1 $:0 HP:12(12) Pw:7(7) AC:9 Xp:1/0                                        

",-0.001,False
61,west,,"message:


language observation:
bars far southsoutheast, south, southsouthwest, southwest, westsouthwest, west, and westnorthwest
dark area far south, southwest, and west
fountain far southsouthwest
fountains far westsouthwest
dark area near north, northeast, east, southeast, and northwest
bars near southsoutheast, south, southsouthwest, southwest, westsouthwest, and westnorthwest
fountain near southsouthwest
boulder near southsouthwest
boulders near westsouthwest
bars very near north, northnortheast, northeast, eastnortheast, east, eastsoutheast, southeast, southsoutheast, south, westnorthwest, northwest, and northnorthwest
stairs up adjacent north
bars adjacent northeast and northwest
boulder adjacent southeast

cursor:
Yourself a wizard
(x=41, y=10)

map:
                                                                                
                                                                                
                                                                                
                                                                                
                                                                                
                                                                                
                                                                                
                                  ##########                                    
                                  ##.#.##<##                                    
                                  ##.....@.#                                    
                                  #.`.`...`#                                    
                                  #...#..###                                    
                                  #..##{####                                    
                                  #{.#..##.#                                    
                                  #{..`....#                                    
                                  ##..{.##.#                                    
                                  ##########                                    
                                                                                
                                                                                
                                                                                
                                                                                
Agent the Evoker               St:11 Dx:14 Co:13 In:16 Wi:14 Ch:11 Neutral S:0  
Dlvl:1 $:0 HP:12(12) Pw:7(7) AC:9 Xp:1/0                                        

",-0.001,False
62,east,,"message:


language observation:
bars far southsoutheast, southsouthwest, westsouthwest, west, and westnorthwest
bars far southsoutheast, southsouthwest, westsouthwest, west, and westnorthwest
dark area far south, southwest, and west
fountain far southsouthwest
fountains far westsouthwest
boulder far westsouthwest
dark area near north and northwest
bars near southsoutheast, southsouthwest, westsouthwest, and westnorthwest
bars near southsoutheast, southsouthwest, westsouthwest, and westnorthwest
boulder near southsouthwest and westsouthwest
fountain near southwest
bars very near north, northnortheast, southsoutheast, south, southsouthwest, westnorthwest, northwest, and northnorthwest
dark area very near northeast, east, and southeast
bars adjacent north, northeast, east, and southeast
boulder adjacent south
stairs up adjacent northwest

cursor:
Yourself a wizard
(x=42, y=10)

map:
                                                                                
                                                                                
                                                                                
                                                                                
                                                                                
                                                                                
                                                                                
                                  ##########                                    
                                  ##.#.##<##                                    
                                  ##......@#                                    
                                  #.`.`...`#                                    
                                  #...#..###                                    
                                  #..##{####                                    
                                  #{.#..##.#                                    
                                  #{..`....#                                    
                                  ##..{.##.#                                    
                                  ##########                                    
                                                                                
                                                                                
                                                                                
                                                                                
Agent the Evoker               St:11 Dx:14 Co:13 In:16 Wi:14 Ch:11 Neutral S:0  
Dlvl:1 $:0 HP:12(12) Pw:7(7) AC:9 Xp:1/0                                        

",-0.001,False
63,south,,"message:
You try to move the boulder, but in vain.

language observation:
bars far southsoutheast, southsouthwest, westsouthwest, west, and westnorthwest
bars far southsoutheast, southsouthwest, westsouthwest, west, and westnorthwest
dark area far south, southwest, and west
fountain far southsouthwest
fountains far westsouthwest
boulder far westsouthwest
dark area near north and northwest
bars near southsoutheast, southsouthwest, westsouthwest, and westnorthwest
bars near southsoutheast, southsouthwest, westsouthwest, and westnorthwest
boulder near southsouthwest and westsouthwest
fountain near southwest
bars very near north, northnortheast, southsoutheast, south, southsouthwest, westnorthwest, northwest, and northnorthwest
dark area very near northeast, east, and southeast
bars adjacent north, northeast, east, and southeast
boulder adjacent south
stairs up adjacent northwest

cursor:
Yourself a wizard
(x=42, y=10)

map:
                                                                                
                                                                                
                                                                                
                                                                                
                                                                                
                                                                                
                                                                                
                                  ##########                                    
                                  ##.#.##<##                                    
                                  ##......@#                                    
                                  #.`.`...`#                                    
                                  #...#..###                                    
                                  #..##{####                                    
                                  #{.#..##.#                                    
                                  #{..`....#                                    
                                  ##..{.##.#                                    
                                  ##########                                    
                                                                                
                                                                                
                                                                                
                                                                                
Agent the Evoker               St:11 Dx:14 Co:13 In:16 Wi:14 Ch:11 Neutral S:0  
Dlvl:1 $:0 HP:12(12) Pw:7(7) AC:9 Xp:1/0                                        

",-0.001,False
64,north,,"message:
You cannot pass through the bars.

language observation:
bars far southsoutheast, southsouthwest, westsouthwest, west, and westnorthwest
bars far southsoutheast, southsouthwest, westsouthwest, west, and westnorthwest
dark area far south, southwest, and west
fountain far southsouthwest
fountains far westsouthwest
boulder far westsouthwest
dark area near north and northwest
bars near southsoutheast, southsouthwest, westsouthwest, and westnorthwest
bars near southsoutheast, southsouthwest, westsouthwest, and westnorthwest
boulder near southsouthwest and westsouthwest
fountain near southwest
bars very near north, northnortheast, southsoutheast, south, southsouthwest, westnorthwest, northwest, and northnorthwest
dark area very near northeast, east, and southeast
bars adjacent north, northeast, east, and southeast
boulder adjacent south
stairs up adjacent northwest

cursor:
Yourself a wizard
(x=42, y=10)

map:
                                                                                
                                                                                
                                                                                
                                                                                
                                                                                
                                                                                
                                                                                
                                  ##########                                    
                                  ##.#.##<##                                    
                                  ##......@#                                    
                                  #.`.`...`#                                    
                                  #...#..###                                    
                                  #..##{####                                    
                                  #{.#..##.#                                    
                                  #{..`....#                                    
                                  ##..{.##.#                                    
                                  ##########                                    
                                                                                
                                                                                
                                                                                
                                                                                
Agent the Evoker               St:11 Dx:14 Co:13 In:16 Wi:14 Ch:11 Neutral S:0  
Dlvl:1 $:0 HP:12(12) Pw:7(7) AC:9 Xp:1/0                                        

",-0.001,False
65,west,,"message:


language observation:
bars far southsoutheast, south, southsouthwest, southwest, westsouthwest, west, and westnorthwest
dark area far south, southwest, and west
fountain far southsouthwest
fountains far westsouthwest
dark area near north, northeast, east, southeast, and northwest
bars near southsoutheast, south, southsouthwest, southwest, westsouthwest, and westnorthwest
fountain near southsouthwest
boulder near southsouthwest
boulders near westsouthwest
bars very near north, northnortheast, northeast, eastnortheast, east, eastsoutheast, southeast, southsoutheast, south, westnorthwest, northwest, and northnorthwest
stairs up adjacent north
bars adjacent northeast and northwest
boulder adjacent southeast

cursor:
Yourself a wizard
(x=41, y=10)

map:
                                                                                
                                                                                
                                                                                
                                                                                
                                                                                
                                                                                
                                                                                
                                  ##########                                    
                                  ##.#.##<##                                    
                                  ##.....@.#                                    
                                  #.`.`...`#                                    
                                  #...#..###                                    
                                  #..##{####                                    
                                  #{.#..##.#                                    
                                  #{..`....#                                    
                                  ##..{.##.#                                    
                                  ##########                                    
                                                                                
                                                                                
                                                                                
                                                                                
Agent the Evoker               St:11 Dx:14 Co:13 In:16 Wi:14 Ch:11 Neutral S:0  
Dlvl:1 $:0 HP:12(12) Pw:7(7) AC:9 Xp:1/0                                        

",-0.001,False
66,east,,"message:


language observation:
bars far southsoutheast, southsouthwest, westsouthwest, west, and westnorthwest
bars far southsoutheast, southsouthwest, westsouthwest, west, and westnorthwest
dark area far south, southwest, and west
fountain far southsouthwest
fountains far westsouthwest
boulder far westsouthwest
dark area near north and northwest
bars near southsoutheast, southsouthwest, westsouthwest, and westnorthwest
bars near southsoutheast, southsouthwest, westsouthwest, and westnorthwest
boulder near southsouthwest and westsouthwest
fountain near southwest
bars very near north, northnortheast, southsoutheast, south, southsouthwest, westnorthwest, northwest, and northnorthwest
dark area very near northeast, east, and southeast
bars adjacent north, northeast, east, and southeast
boulder adjacent south
stairs up adjacent northwest

cursor:
Yourself a wizard
(x=42, y=10)

map:
                                                                                
                                                                                
                                                                                
                                                                                
                                                                                
                                                                                
                                                                                
                                  ##########                                    
                                  ##.#.##<##                                    
                                  ##......@#                                    
                                  #.`.`...`#                                    
                                  #...#..###                                    
                                  #..##{####                                    
                                  #{.#..##.#                                    
                                  #{..`....#                                    
                                  ##..{.##.#                                    
                                  ##########                                    
                                                                                
                                                                                
                                                                                
                                                                                
Agent the Evoker               St:11 Dx:14 Co:13 In:16 Wi:14 Ch:11 Neutral S:0  
Dlvl:1 $:0 HP:12(12) Pw:7(7) AC:9 Xp:1/0                                        

",-0.001,False
67,south,,"message:
You try to move the boulder, but in vain.

language observation:
bars far southsoutheast, southsouthwest, westsouthwest, west, and westnorthwest
bars far southsoutheast, southsouthwest, westsouthwest, west, and westnorthwest
dark area far south, southwest, and west
fountain far southsouthwest
fountains far westsouthwest
boulder far westsouthwest
dark area near north and northwest
bars near southsoutheast, southsouthwest, westsouthwest, and westnorthwest
bars near southsoutheast, southsouthwest, westsouthwest, and westnorthwest
boulder near southsouthwest and westsouthwest
fountain near southwest
bars very near north, northnortheast, southsoutheast, south, southsouthwest, westnorthwest, northwest, and northnorthwest
dark area very near northeast, east, and southeast
bars adjacent north, northeast, east, and southeast
boulder adjacent south
stairs up adjacent northwest

cursor:
Yourself a wizard
(x=42, y=10)

map:
                                                                                
                                                                                
                                                                                
                                                                                
                                                                                
                                                                                
                                                                                
                                  ##########                                    
                                  ##.#.##<##                                    
                                  ##......@#                                    
                                  #.`.`...`#                                    
                                  #...#..###                                    
                                  #..##{####                                    
                                  #{.#..##.#                                    
                                  #{..`....#                                    
                                  ##..{.##.#                                    
                                  ##########                                    
                                                                                
                                                                                
                                                                                
                                                                                
Agent the Evoker               St:11 Dx:14 Co:13 In:16 Wi:14 Ch:11 Neutral S:0  
Dlvl:1 $:0 HP:12(12) Pw:7(7) AC:9 Xp:1/0                                        

",-0.001,False
68,north,,"message:
You cannot pass through the bars.

language observation:
bars far southsoutheast, southsouthwest, westsouthwest, west, and westnorthwest
bars far southsoutheast, southsouthwest, westsouthwest, west, and westnorthwest
dark area far south, southwest, and west
fountain far southsouthwest
fountains far westsouthwest
boulder far westsouthwest
dark area near north and northwest
bars near southsoutheast, southsouthwest, westsouthwest, and westnorthwest
bars near southsoutheast, southsouthwest, westsouthwest, and westnorthwest
boulder near southsouthwest and westsouthwest
fountain near southwest
bars very near north, northnortheast, southsoutheast, south, southsouthwest, westnorthwest, northwest, and northnorthwest
dark area very near northeast, east, and southeast
bars adjacent north, northeast, east, and southeast
boulder adjacent south
stairs up adjacent northwest

cursor:
Yourself a wizard
(x=42, y=10)

map:
                                                                                
                                                                                
                                                                                
                                                                                
                                                                                
                                                                                
                                                                                
                                  ##########                                    
                                  ##.#.##<##                                    
                                  ##......@#                                    
                                  #.`.`...`#                                    
                                  #...#..###                                    
                                  #..##{####                                    
                                  #{.#..##.#                                    
                                  #{..`....#                                    
                                  ##..{.##.#                                    
                                  ##########                                    
                                                                                
                                                                                
                                                                                
                                                                                
Agent the Evoker               St:11 Dx:14 Co:13 In:16 Wi:14 Ch:11 Neutral S:0  
Dlvl:1 $:0 HP:12(12) Pw:7(7) AC:9 Xp:1/0                                        

",-0.001,False
69,west,,"message:


language observation:
bars far southsoutheast, south, southsouthwest, southwest, westsouthwest, west, and westnorthwest
dark area far south, southwest, and west
fountain far southsouthwest
fountains far westsouthwest
dark area near north, northeast, east, southeast, and northwest
bars near southsoutheast, south, southsouthwest, southwest, westsouthwest, and westnorthwest
fountain near southsouthwest
boulder near southsouthwest
boulders near westsouthwest
bars very near north, northnortheast, northeast, eastnortheast, east, eastsoutheast, southeast, southsoutheast, south, westnorthwest, northwest, and northnorthwest
stairs up adjacent north
bars adjacent northeast and northwest
boulder adjacent southeast

cursor:
Yourself a wizard
(x=41, y=10)

map:
                                                                                
                                                                                
                                                                                
                                                                                
                                                                                
                                                                                
                                                                                
                                  ##########                                    
                                  ##.#.##<##                                    
                                  ##.....@.#                                    
                                  #.`.`...`#                                    
                                  #...#..###                                    
                                  #..##{####                                    
                                  #{.#..##.#                                    
                                  #{..`....#                                    
                                  ##..{.##.#                                    
                                  ##########                                    
                                                                                
                                                                                
                                                                                
                                                                                
Agent the Evoker               St:11 Dx:14 Co:13 In:16 Wi:14 Ch:11 Neutral S:0  
Dlvl:1 $:0 HP:12(12) Pw:7(7) AC:9 Xp:1/0                                        

",-0.001,False
70,east,,"message:


language observation:
bars far southsoutheast, southsouthwest, westsouthwest, west, and westnorthwest
bars far southsoutheast, southsouthwest, westsouthwest, west, and westnorthwest
dark area far south, southwest, and west
fountain far southsouthwest
fountains far westsouthwest
boulder far westsouthwest
dark area near north and northwest
bars near southsoutheast, southsouthwest, westsouthwest, and westnorthwest
bars near southsoutheast, southsouthwest, westsouthwest, and westnorthwest
boulder near southsouthwest and westsouthwest
fountain near southwest
bars very near north, northnortheast, southsoutheast, south, southsouthwest, westnorthwest, northwest, and northnorthwest
dark area very near northeast, east, and southeast
bars adjacent north, northeast, east, and southeast
boulder adjacent south
stairs up adjacent northwest

cursor:
Yourself a wizard
(x=42, y=10)

map:
                                                                                
                                                                                
                                                                                
                                                                                
                                                                                
                                                                                
                                                                                
                                  ##########                                    
                                  ##.#.##<##                                    
                                  ##......@#                                    
                                  #.`.`...`#                                    
                                  #...#..###                                    
                                  #..##{####                                    
                                  #{.#..##.#                                    
                                  #{..`....#                                    
                                  ##..{.##.#                                    
                                  ##########                                    
                                                                                
                                                                                
                                                                                
                                                                                
Agent the Evoker               St:11 Dx:14 Co:13 In:16 Wi:14 Ch:11 Neutral S:0  
Dlvl:1 $:0 HP:12(12) Pw:7(7) AC:9 Xp:1/0                                        

",-0.001,False
71,south,,"message:
You try to move the boulder, but in vain.

language observation:
bars far southsoutheast, southsouthwest, westsouthwest, west, and westnorthwest
bars far southsoutheast, southsouthwest, westsouthwest, west, and westnorthwest
dark area far south, southwest, and west
fountain far southsouthwest
fountains far westsouthwest
boulder far westsouthwest
dark area near north and northwest
bars near southsoutheast, southsouthwest, westsouthwest, and westnorthwest
bars near southsoutheast, southsouthwest, westsouthwest, and westnorthwest
boulder near southsouthwest and westsouthwest
fountain near southwest
bars very near north, northnortheast, southsoutheast, south, southsouthwest, westnorthwest, northwest, and northnorthwest
dark area very near northeast, east, and southeast
bars adjacent north, northeast, east, and southeast
boulder adjacent south
stairs up adjacent northwest

cursor:
Yourself a wizard
(x=42, y=10)

map:
                                                                                
                                                                                
                                                                                
                                                                                
                                                                                
                                                                                
                                                                                
                                  ##########                                    
                                  ##.#.##<##                                    
                                  ##......@#                                    
                                  #.`.`...`#                                    
                                  #...#..###                                    
                                  #..##{####                                    
                                  #{.#..##.#                                    
                                  #{..`....#                                    
                                  ##..{.##.#                                    
                                  ##########                                    
                                                                                
                                                                                
                                                                                
                                                                                
Agent the Evoker               St:11 Dx:14 Co:13 In:16 Wi:14 Ch:11 Neutral S:0  
Dlvl:1 $:0 HP:12(12) Pw:7(7) AC:9 Xp:1/0                                        

",-0.001,False
72,north,,"message:
You cannot pass through the bars.

language observation:
bars far southsoutheast, southsouthwest, westsouthwest, west, and westnorthwest
bars far southsoutheast, southsouthwest, westsouthwest, west, and westnorthwest
dark area far south, southwest, and west
fountain far southsouthwest
fountains far westsouthwest
boulder far westsouthwest
dark area near north and northwest
bars near southsoutheast, southsouthwest, westsouthwest, and westnorthwest
bars near southsoutheast, southsouthwest, westsouthwest, and westnorthwest
boulder near southsouthwest and westsouthwest
fountain near southwest
bars very near north, northnortheast, southsoutheast, south, southsouthwest, westnorthwest, northwest, and northnorthwest
dark area very near northeast, east, and southeast
bars adjacent north, northeast, east, and southeast
boulder adjacent south
stairs up adjacent northwest

cursor:
Yourself a wizard
(x=42, y=10)

map:
                                                                                
                                                                                
                                                                                
                                                                                
                                                                                
                                                                                
                                                                                
                                  ##########                                    
                                  ##.#.##<##                                    
                                  ##......@#                                    
                                  #.`.`...`#                                    
                                  #...#..###                                    
                                  #..##{####                                    
                                  #{.#..##.#                                    
                                  #{..`....#                                    
                                  ##..{.##.#                                    
                                  ##########                                    
                                                                                
                                                                                
                                                                                
                                                                                
Agent the Evoker               St:11 Dx:14 Co:13 In:16 Wi:14 Ch:11 Neutral S:0  
Dlvl:1 $:0 HP:12(12) Pw:7(7) AC:9 Xp:1/0                                        

",-0.001,False
73,west,,"message:


language observation:
bars far southsoutheast, south, southsouthwest, southwest, westsouthwest, west, and westnorthwest
dark area far south, southwest, and west
fountain far southsouthwest
fountains far westsouthwest
dark area near north, northeast, east, southeast, and northwest
bars near southsoutheast, south, southsouthwest, southwest, westsouthwest, and westnorthwest
fountain near southsouthwest
boulder near southsouthwest
boulders near westsouthwest
bars very near north, northnortheast, northeast, eastnortheast, east, eastsoutheast, southeast, southsoutheast, south, westnorthwest, northwest, and northnorthwest
stairs up adjacent north
bars adjacent northeast and northwest
boulder adjacent southeast

cursor:
Yourself a wizard
(x=41, y=10)

map:
                                                                                
                                                                                
                                                                                
                                                                                
                                                                                
                                                                                
                                                                                
                                  ##########                                    
                                  ##.#.##<##                                    
                                  ##.....@.#                                    
                                  #.`.`...`#                                    
                                  #...#..###                                    
                                  #..##{####                                    
                                  #{.#..##.#                                    
                                  #{..`....#                                    
                                  ##..{.##.#                                    
                                  ##########                                    
                                                                                
                                                                                
                                                                                
                                                                                
Agent the Evoker               St:11 Dx:14 Co:13 In:16 Wi:14 Ch:11 Neutral S:0  
Dlvl:1 $:0 HP:12(12) Pw:7(7) AC:9 Xp:1/0                                        

",-0.001,False
74,east,,"message:


language observation:
bars far southsoutheast, southsouthwest, westsouthwest, west, and westnorthwest
bars far southsoutheast, southsouthwest, westsouthwest, west, and westnorthwest
dark area far south, southwest, and west
fountain far southsouthwest
fountains far westsouthwest
boulder far westsouthwest
dark area near north and northwest
bars near southsoutheast, southsouthwest, westsouthwest, and westnorthwest
bars near southsoutheast, southsouthwest, westsouthwest, and westnorthwest
boulder near southsouthwest and westsouthwest
fountain near southwest
bars very near north, northnortheast, southsoutheast, south, southsouthwest, westnorthwest, northwest, and northnorthwest
dark area very near northeast, east, and southeast
bars adjacent north, northeast, east, and southeast
boulder adjacent south
stairs up adjacent northwest

cursor:
Yourself a wizard
(x=42, y=10)

map:
                                                                                
                                                                                
                                                                                
                                                                                
                                                                                
                                                                                
                                                                                
                                  ##########                                    
                                  ##.#.##<##                                    
                                  ##......@#                                    
                                  #.`.`...`#                                    
                                  #...#..###                                    
                                  #..##{####                                    
                                  #{.#..##.#                                    
                                  #{..`....#                                    
                                  ##..{.##.#                                    
                                  ##########                                    
                                                                                
                                                                                
                                                                                
                                                                                
Agent the Evoker               St:11 Dx:14 Co:13 In:16 Wi:14 Ch:11 Neutral S:0  
Dlvl:1 $:0 HP:12(12) Pw:7(7) AC:9 Xp:1/0                                        

",-0.001,False
75,south,,"message:
You try to move the boulder, but in vain.

language observation:
bars far southsoutheast, southsouthwest, westsouthwest, west, and westnorthwest
bars far southsoutheast, southsouthwest, westsouthwest, west, and westnorthwest
dark area far south, southwest, and west
fountain far southsouthwest
fountains far westsouthwest
boulder far westsouthwest
dark area near north and northwest
bars near southsoutheast, southsouthwest, westsouthwest, and westnorthwest
bars near southsoutheast, southsouthwest, westsouthwest, and westnorthwest
boulder near southsouthwest and westsouthwest
fountain near southwest
bars very near north, northnortheast, southsoutheast, south, southsouthwest, westnorthwest, northwest, and northnorthwest
dark area very near northeast, east, and southeast
bars adjacent north, northeast, east, and southeast
boulder adjacent south
stairs up adjacent northwest

cursor:
Yourself a wizard
(x=42, y=10)

map:
                                                                                
                                                                                
                                                                                
                                                                                
                                                                                
                                                                                
                                                                                
                                  ##########                                    
                                  ##.#.##<##                                    
                                  ##......@#                                    
                                  #.`.`...`#                                    
                                  #...#..###                                    
                                  #..##{####                                    
                                  #{.#..##.#                                    
                                  #{..`....#                                    
                                  ##..{.##.#                                    
                                  ##########                                    
                                                                                
                                                                                
                                                                                
                                                                                
Agent the Evoker               St:11 Dx:14 Co:13 In:16 Wi:14 Ch:11 Neutral S:0  
Dlvl:1 $:0 HP:12(12) Pw:7(7) AC:9 Xp:1/0                                        

",-0.001,False
76,north,,"message:
You cannot pass through the bars.

language observation:
bars far southsoutheast, southsouthwest, westsouthwest, west, and westnorthwest
bars far southsoutheast, southsouthwest, westsouthwest, west, and westnorthwest
dark area far south, southwest, and west
fountain far southsouthwest
fountains far westsouthwest
boulder far westsouthwest
dark area near north and northwest
bars near southsoutheast, southsouthwest, westsouthwest, and westnorthwest
bars near southsoutheast, southsouthwest, westsouthwest, and westnorthwest
boulder near southsouthwest and westsouthwest
fountain near southwest
bars very near north, northnortheast, southsoutheast, south, southsouthwest, westnorthwest, northwest, and northnorthwest
dark area very near northeast, east, and southeast
bars adjacent north, northeast, east, and southeast
boulder adjacent south
stairs up adjacent northwest

cursor:
Yourself a wizard
(x=42, y=10)

map:
                                                                                
                                                                                
                                                                                
                                                                                
                                                                                
                                                                                
                                                                                
                                  ##########                                    
                                  ##.#.##<##                                    
                                  ##......@#                                    
                                  #.`.`...`#                                    
                                  #...#..###                                    
                                  #..##{####                                    
                                  #{.#..##.#                                    
                                  #{..`....#                                    
                                  ##..{.##.#                                    
                                  ##########                                    
                                                                                
                                                                                
                                                                                
                                                                                
Agent the Evoker               St:11 Dx:14 Co:13 In:16 Wi:14 Ch:11 Neutral S:0  
Dlvl:1 $:0 HP:12(12) Pw:7(7) AC:9 Xp:1/0                                        

",-0.001,False
77,west,,"message:


language observation:
bars far southsoutheast, south, southsouthwest, southwest, westsouthwest, west, and westnorthwest
dark area far south, southwest, and west
fountain far southsouthwest
fountains far westsouthwest
dark area near north, northeast, east, southeast, and northwest
bars near southsoutheast, south, southsouthwest, southwest, westsouthwest, and westnorthwest
fountain near southsouthwest
boulder near southsouthwest
boulders near westsouthwest
bars very near north, northnortheast, northeast, eastnortheast, east, eastsoutheast, southeast, southsoutheast, south, westnorthwest, northwest, and northnorthwest
stairs up adjacent north
bars adjacent northeast and northwest
boulder adjacent southeast

cursor:
Yourself a wizard
(x=41, y=10)

map:
                                                                                
                                                                                
                                                                                
                                                                                
                                                                                
                                                                                
                                                                                
                                  ##########                                    
                                  ##.#.##<##                                    
                                  ##.....@.#                                    
                                  #.`.`...`#                                    
                                  #...#..###                                    
                                  #..##{####                                    
                                  #{.#..##.#                                    
                                  #{..`....#                                    
                                  ##..{.##.#                                    
                                  ##########                                    
                                                                                
                                                                                
                                                                                
                                                                                
Agent the Evoker               St:11 Dx:14 Co:13 In:16 Wi:14 Ch:11 Neutral S:0  
Dlvl:1 $:0 HP:12(12) Pw:7(7) AC:9 Xp:1/0                                        

",-0.001,False
78,east,,"message:


language observation:
bars far southsoutheast, southsouthwest, westsouthwest, west, and westnorthwest
bars far southsoutheast, southsouthwest, westsouthwest, west, and westnorthwest
dark area far south, southwest, and west
fountain far southsouthwest
fountains far westsouthwest
boulder far westsouthwest
dark area near north and northwest
bars near southsoutheast, southsouthwest, westsouthwest, and westnorthwest
bars near southsoutheast, southsouthwest, westsouthwest, and westnorthwest
boulder near southsouthwest and westsouthwest
fountain near southwest
bars very near north, northnortheast, southsoutheast, south, southsouthwest, westnorthwest, northwest, and northnorthwest
dark area very near northeast, east, and southeast
bars adjacent north, northeast, east, and southeast
boulder adjacent south
stairs up adjacent northwest

cursor:
Yourself a wizard
(x=42, y=10)

map:
                                                                                
                                                                                
                                                                                
                                                                                
                                                                                
                                                                                
                                                                                
                                  ##########                                    
                                  ##.#.##<##                                    
                                  ##......@#                                    
                                  #.`.`...`#                                    
                                  #...#..###                                    
                                  #..##{####                                    
                                  #{.#..##.#                                    
                                  #{..`....#                                    
                                  ##..{.##.#                                    
                                  ##########                                    
                                                                                
                                                                                
                                                                                
                                                                                
Agent the Evoker               St:11 Dx:14 Co:13 In:16 Wi:14 Ch:11 Neutral S:0  
Dlvl:1 $:0 HP:12(12) Pw:7(7) AC:9 Xp:1/0                                        

",-0.001,False
79,south,,"message:
You try to move the boulder, but in vain.

language observation:
bars far southsoutheast, southsouthwest, westsouthwest, west, and westnorthwest
bars far southsoutheast, southsouthwest, westsouthwest, west, and westnorthwest
dark area far south, southwest, and west
fountain far southsouthwest
fountains far westsouthwest
boulder far westsouthwest
dark area near north and northwest
bars near southsoutheast, southsouthwest, westsouthwest, and westnorthwest
bars near southsoutheast, southsouthwest, westsouthwest, and westnorthwest
boulder near southsouthwest and westsouthwest
fountain near southwest
bars very near north, northnortheast, southsoutheast, south, southsouthwest, westnorthwest, northwest, and northnorthwest
dark area very near northeast, east, and southeast
bars adjacent north, northeast, east, and southeast
boulder adjacent south
stairs up adjacent northwest

cursor:
Yourself a wizard
(x=42, y=10)

map:
                                                                                
                                                                                
                                                                                
                                                                                
                                                                                
                                                                                
                                                                                
                                  ##########                                    
                                  ##.#.##<##                                    
                                  ##......@#                                    
                                  #.`.`...`#                                    
                                  #...#..###                                    
                                  #..##{####                                    
                                  #{.#..##.#                                    
                                  #{..`....#                                    
                                  ##..{.##.#                                    
                                  ##########                                    
                                                                                
                                                                                
                                                                                
                                                                                
Agent the Evoker               St:11 Dx:14 Co:13 In:16 Wi:14 Ch:11 Neutral S:0  
Dlvl:1 $:0 HP:12(12) Pw:7(7) AC:9 Xp:1/0                                        

",-0.001,False
80,north,,"message:
You cannot pass through the bars.

language observation:
bars far southsoutheast, southsouthwest, westsouthwest, west, and westnorthwest
bars far southsoutheast, southsouthwest, westsouthwest, west, and westnorthwest
dark area far south, southwest, and west
fountain far southsouthwest
fountains far westsouthwest
boulder far westsouthwest
dark area near north and northwest
bars near southsoutheast, southsouthwest, westsouthwest, and westnorthwest
bars near southsoutheast, southsouthwest, westsouthwest, and westnorthwest
boulder near southsouthwest and westsouthwest
fountain near southwest
bars very near north, northnortheast, southsoutheast, south, southsouthwest, westnorthwest, northwest, and northnorthwest
dark area very near northeast, east, and southeast
bars adjacent north, northeast, east, and southeast
boulder adjacent south
stairs up adjacent northwest

cursor:
Yourself a wizard
(x=42, y=10)

map:
                                                                                
                                                                                
                                                                                
                                                                                
                                                                                
                                                                                
                                                                                
                                  ##########                                    
                                  ##.#.##<##                                    
                                  ##......@#                                    
                                  #.`.`...`#                                    
                                  #...#..###                                    
                                  #..##{####                                    
                                  #{.#..##.#                                    
                                  #{..`....#                                    
                                  ##..{.##.#                                    
                                  ##########                                    
                                                                                
                                                                                
                                                                                
                                                                                
Agent the Evoker               St:11 Dx:14 Co:13 In:16 Wi:14 Ch:11 Neutral S:0  
Dlvl:1 $:0 HP:12(12) Pw:7(7) AC:9 Xp:1/0                                        

",-0.001,False
81,west,,"message:


language observation:
bars far southsoutheast, south, southsouthwest, southwest, westsouthwest, west, and westnorthwest
dark area far south, southwest, and west
fountain far southsouthwest
fountains far westsouthwest
dark area near north, northeast, east, southeast, and northwest
bars near southsoutheast, south, southsouthwest, southwest, westsouthwest, and westnorthwest
fountain near southsouthwest
boulder near southsouthwest
boulders near westsouthwest
bars very near north, northnortheast, northeast, eastnortheast, east, eastsoutheast, southeast, southsoutheast, south, westnorthwest, northwest, and northnorthwest
stairs up adjacent north
bars adjacent northeast and northwest
boulder adjacent southeast

cursor:
Yourself a wizard
(x=41, y=10)

map:
                                                                                
                                                                                
                                                                                
                                                                                
                                                                                
                                                                                
                                                                                
                                  ##########                                    
                                  ##.#.##<##                                    
                                  ##.....@.#                                    
                                  #.`.`...`#                                    
                                  #...#..###                                    
                                  #..##{####                                    
                                  #{.#..##.#                                    
                                  #{..`....#                                    
                                  ##..{.##.#                                    
                                  ##########                                    
                                                                                
                                                                                
                                                                                
                                                                                
Agent the Evoker               St:11 Dx:14 Co:13 In:16 Wi:14 Ch:11 Neutral S:0  
Dlvl:1 $:0 HP:12(12) Pw:7(7) AC:9 Xp:1/0                                        

",-0.001,False
82,east,,"message:


language observation:
bars far southsoutheast, southsouthwest, westsouthwest, west, and westnorthwest
bars far southsoutheast, southsouthwest, westsouthwest, west, and westnorthwest
dark area far south, southwest, and west
fountain far southsouthwest
fountains far westsouthwest
boulder far westsouthwest
dark area near north and northwest
bars near southsoutheast, southsouthwest, westsouthwest, and westnorthwest
bars near southsoutheast, southsouthwest, westsouthwest, and westnorthwest
boulder near southsouthwest and westsouthwest
fountain near southwest
bars very near north, northnortheast, southsoutheast, south, southsouthwest, westnorthwest, northwest, and northnorthwest
dark area very near northeast, east, and southeast
bars adjacent north, northeast, east, and southeast
boulder adjacent south
stairs up adjacent northwest

cursor:
Yourself a wizard
(x=42, y=10)

map:
                                                                                
                                                                                
                                                                                
                                                                                
                                                                                
                                                                                
                                                                                
                                  ##########                                    
                                  ##.#.##<##                                    
                                  ##......@#                                    
                                  #.`.`...`#                                    
                                  #...#..###                                    
                                  #..##{####                                    
                                  #{.#..##.#                                    
                                  #{..`....#                                    
                                  ##..{.##.#                                    
                                  ##########                                    
                                                                                
                                                                                
                                                                                
                                                                                
Agent the Evoker               St:11 Dx:14 Co:13 In:16 Wi:14 Ch:11 Neutral S:0  
Dlvl:1 $:0 HP:12(12) Pw:7(7) AC:9 Xp:1/0                                        

",-0.001,False
83,south,,"message:
You try to move the boulder, but in vain.

language observation:
bars far southsoutheast, southsouthwest, westsouthwest, west, and westnorthwest
bars far southsoutheast, southsouthwest, westsouthwest, west, and westnorthwest
dark area far south, southwest, and west
fountain far southsouthwest
fountains far westsouthwest
boulder far westsouthwest
dark area near north and northwest
bars near southsoutheast, southsouthwest, westsouthwest, and westnorthwest
bars near southsoutheast, southsouthwest, westsouthwest, and westnorthwest
boulder near southsouthwest and westsouthwest
fountain near southwest
bars very near north, northnortheast, southsoutheast, south, southsouthwest, westnorthwest, northwest, and northnorthwest
dark area very near northeast, east, and southeast
bars adjacent north, northeast, east, and southeast
boulder adjacent south
stairs up adjacent northwest

cursor:
Yourself a wizard
(x=42, y=10)

map:
                                                                                
                                                                                
                                                                                
                                                                                
                                                                                
                                                                                
                                                                                
                                  ##########                                    
                                  ##.#.##<##                                    
                                  ##......@#                                    
                                  #.`.`...`#                                    
                                  #...#..###                                    
                                  #..##{####                                    
                                  #{.#..##.#                                    
                                  #{..`....#                                    
                                  ##..{.##.#                                    
                                  ##########                                    
                                                                                
                                                                                
                                                                                
                                                                                
Agent the Evoker               St:11 Dx:14 Co:13 In:16 Wi:14 Ch:11 Neutral S:0  
Dlvl:1 $:0 HP:12(12) Pw:7(7) AC:9 Xp:1/0                                        

",-0.001,False
84,north,,"message:
You cannot pass through the bars.

language observation:
bars far southsoutheast, southsouthwest, westsouthwest, west, and westnorthwest
bars far southsoutheast, southsouthwest, westsouthwest, west, and westnorthwest
dark area far south, southwest, and west
fountain far southsouthwest
fountains far westsouthwest
boulder far westsouthwest
dark area near north and northwest
bars near southsoutheast, southsouthwest, westsouthwest, and westnorthwest
bars near southsoutheast, southsouthwest, westsouthwest, and westnorthwest
boulder near southsouthwest and westsouthwest
fountain near southwest
bars very near north, northnortheast, southsoutheast, south, southsouthwest, westnorthwest, northwest, and northnorthwest
dark area very near northeast, east, and southeast
bars adjacent north, northeast, east, and southeast
boulder adjacent south
stairs up adjacent northwest

cursor:
Yourself a wizard
(x=42, y=10)

map:
                                                                                
                                                                                
                                                                                
                                                                                
                                                                                
                                                                                
                                                                                
                                  ##########                                    
                                  ##.#.##<##                                    
                                  ##......@#                                    
                                  #.`.`...`#                                    
                                  #...#..###                                    
                                  #..##{####                                    
                                  #{.#..##.#                                    
                                  #{..`....#                                    
                                  ##..{.##.#                                    
                                  ##########                                    
                                                                                
                                                                                
                                                                                
                                                                                
Agent the Evoker               St:11 Dx:14 Co:13 In:16 Wi:14 Ch:11 Neutral S:0  
Dlvl:1 $:0 HP:12(12) Pw:7(7) AC:9 Xp:1/0                                        

",-0.001,False
85,west,,"message:


language observation:
bars far southsoutheast, south, southsouthwest, southwest, westsouthwest, west, and westnorthwest
dark area far south, southwest, and west
fountain far southsouthwest
fountains far westsouthwest
dark area near north, northeast, east, southeast, and northwest
bars near southsoutheast, south, southsouthwest, southwest, westsouthwest, and westnorthwest
fountain near southsouthwest
boulder near southsouthwest
boulders near westsouthwest
bars very near north, northnortheast, northeast, eastnortheast, east, eastsoutheast, southeast, southsoutheast, south, westnorthwest, northwest, and northnorthwest
stairs up adjacent north
bars adjacent northeast and northwest
boulder adjacent southeast

cursor:
Yourself a wizard
(x=41, y=10)

map:
                                                                                
                                                                                
                                                                                
                                                                                
                                                                                
                                                                                
                                                                                
                                  ##########                                    
                                  ##.#.##<##                                    
                                  ##.....@.#                                    
                                  #.`.`...`#                                    
                                  #...#..###                                    
                                  #..##{####                                    
                                  #{.#..##.#                                    
                                  #{..`....#                                    
                                  ##..{.##.#                                    
                                  ##########                                    
                                                                                
                                                                                
                                                                                
                                                                                
Agent the Evoker               St:11 Dx:14 Co:13 In:16 Wi:14 Ch:11 Neutral S:0  
Dlvl:1 $:0 HP:12(12) Pw:7(7) AC:9 Xp:1/0                                        

",-0.001,False
86,east,,"message:


language observation:
bars far southsoutheast, southsouthwest, westsouthwest, west, and westnorthwest
bars far southsoutheast, southsouthwest, westsouthwest, west, and westnorthwest
dark area far south, southwest, and west
fountain far southsouthwest
fountains far westsouthwest
boulder far westsouthwest
dark area near north and northwest
bars near southsoutheast, southsouthwest, westsouthwest, and westnorthwest
bars near southsoutheast, southsouthwest, westsouthwest, and westnorthwest
boulder near southsouthwest and westsouthwest
fountain near southwest
bars very near north, northnortheast, southsoutheast, south, southsouthwest, westnorthwest, northwest, and northnorthwest
dark area very near northeast, east, and southeast
bars adjacent north, northeast, east, and southeast
boulder adjacent south
stairs up adjacent northwest

cursor:
Yourself a wizard
(x=42, y=10)

map:
                                                                                
                                                                                
                                                                                
                                                                                
                                                                                
                                                                                
                                                                                
                                  ##########                                    
                                  ##.#.##<##                                    
                                  ##......@#                                    
                                  #.`.`...`#                                    
                                  #...#..###                                    
                                  #..##{####                                    
                                  #{.#..##.#                                    
                                  #{..`....#                                    
                                  ##..{.##.#                                    
                                  ##########                                    
                                                                                
                                                                                
                                                                                
                                                                                
Agent the Evoker               St:11 Dx:14 Co:13 In:16 Wi:14 Ch:11 Neutral S:0  
Dlvl:1 $:0 HP:12(12) Pw:7(7) AC:9 Xp:1/0                                        

",-0.001,False
87,south,,"message:
You try to move the boulder, but in vain.

language observation:
bars far southsoutheast, southsouthwest, westsouthwest, west, and westnorthwest
bars far southsoutheast, southsouthwest, westsouthwest, west, and westnorthwest
dark area far south, southwest, and west
fountain far southsouthwest
fountains far westsouthwest
boulder far westsouthwest
dark area near north and northwest
bars near southsoutheast, southsouthwest, westsouthwest, and westnorthwest
bars near southsoutheast, southsouthwest, westsouthwest, and westnorthwest
boulder near southsouthwest and westsouthwest
fountain near southwest
bars very near north, northnortheast, southsoutheast, south, southsouthwest, westnorthwest, northwest, and northnorthwest
dark area very near northeast, east, and southeast
bars adjacent north, northeast, east, and southeast
boulder adjacent south
stairs up adjacent northwest

cursor:
Yourself a wizard
(x=42, y=10)

map:
                                                                                
                                                                                
                                                                                
                                                                                
                                                                                
                                                                                
                                                                                
                                  ##########                                    
                                  ##.#.##<##                                    
                                  ##......@#                                    
                                  #.`.`...`#                                    
                                  #...#..###                                    
                                  #..##{####                                    
                                  #{.#..##.#                                    
                                  #{..`....#                                    
                                  ##..{.##.#                                    
                                  ##########                                    
                                                                                
                                                                                
                                                                                
                                                                                
Agent the Evoker               St:11 Dx:14 Co:13 In:16 Wi:14 Ch:11 Neutral S:0  
Dlvl:1 $:0 HP:12(12) Pw:7(7) AC:9 Xp:1/0                                        

",-0.001,False
88,north,,"message:
You cannot pass through the bars.

language observation:
bars far southsoutheast, southsouthwest, westsouthwest, west, and westnorthwest
bars far southsoutheast, southsouthwest, westsouthwest, west, and westnorthwest
dark area far south, southwest, and west
fountain far southsouthwest
fountains far westsouthwest
boulder far westsouthwest
dark area near north and northwest
bars near southsoutheast, southsouthwest, westsouthwest, and westnorthwest
bars near southsoutheast, southsouthwest, westsouthwest, and westnorthwest
boulder near southsouthwest and westsouthwest
fountain near southwest
bars very near north, northnortheast, southsoutheast, south, southsouthwest, westnorthwest, northwest, and northnorthwest
dark area very near northeast, east, and southeast
bars adjacent north, northeast, east, and southeast
boulder adjacent south
stairs up adjacent northwest

cursor:
Yourself a wizard
(x=42, y=10)

map:
                                                                                
                                                                                
                                                                                
                                                                                
                                                                                
                                                                                
                                                                                
                                  ##########                                    
                                  ##.#.##<##                                    
                                  ##......@#                                    
                                  #.`.`...`#                                    
                                  #...#..###                                    
                                  #..##{####                                    
                                  #{.#..##.#                                    
                                  #{..`....#                                    
                                  ##..{.##.#                                    
                                  ##########                                    
                                                                                
                                                                                
                                                                                
                                                                                
Agent the Evoker               St:11 Dx:14 Co:13 In:16 Wi:14 Ch:11 Neutral S:0  
Dlvl:1 $:0 HP:12(12) Pw:7(7) AC:9 Xp:1/0                                        

",-0.001,False
89,west,,"message:


language observation:
bars far southsoutheast, south, southsouthwest, southwest, westsouthwest, west, and westnorthwest
dark area far south, southwest, and west
fountain far southsouthwest
fountains far westsouthwest
dark area near north, northeast, east, southeast, and northwest
bars near southsoutheast, south, southsouthwest, southwest, westsouthwest, and westnorthwest
fountain near southsouthwest
boulder near southsouthwest
boulders near westsouthwest
bars very near north, northnortheast, northeast, eastnortheast, east, eastsoutheast, southeast, southsoutheast, south, westnorthwest, northwest, and northnorthwest
stairs up adjacent north
bars adjacent northeast and northwest
boulder adjacent southeast

cursor:
Yourself a wizard
(x=41, y=10)

map:
                                                                                
                                                                                
                                                                                
                                                                                
                                                                                
                                                                                
                                                                                
                                  ##########                                    
                                  ##.#.##<##                                    
                                  ##.....@.#                                    
                                  #.`.`...`#                                    
                                  #...#..###                                    
                                  #..##{####                                    
                                  #{.#..##.#                                    
                                  #{..`....#                                    
                                  ##..{.##.#                                    
                                  ##########                                    
                                                                                
                                                                                
                                                                                
                                                                                
Agent the Evoker               St:11 Dx:14 Co:13 In:16 Wi:14 Ch:11 Neutral S:0  
Dlvl:1 $:0 HP:12(12) Pw:7(7) AC:9 Xp:1/0                                        

",-0.001,False
90,east,,"message:


language observation:
bars far southsoutheast, southsouthwest, westsouthwest, west, and westnorthwest
bars far southsoutheast, southsouthwest, westsouthwest, west, and westnorthwest
dark area far south, southwest, and west
fountain far southsouthwest
fountains far westsouthwest
boulder far westsouthwest
dark area near north and northwest
bars near southsoutheast, southsouthwest, westsouthwest, and westnorthwest
bars near southsoutheast, southsouthwest, westsouthwest, and westnorthwest
boulder near southsouthwest and westsouthwest
fountain near southwest
bars very near north, northnortheast, southsoutheast, south, southsouthwest, westnorthwest, northwest, and northnorthwest
dark area very near northeast, east, and southeast
bars adjacent north, northeast, east, and southeast
boulder adjacent south
stairs up adjacent northwest

cursor:
Yourself a wizard
(x=42, y=10)

map:
                                                                                
                                                                                
                                                                                
                                                                                
                                                                                
                                                                                
                                                                                
                                  ##########                                    
                                  ##.#.##<##                                    
                                  ##......@#                                    
                                  #.`.`...`#                                    
                                  #...#..###                                    
                                  #..##{####                                    
                                  #{.#..##.#                                    
                                  #{..`....#                                    
                                  ##..{.##.#                                    
                                  ##########                                    
                                                                                
                                                                                
                                                                                
                                                                                
Agent the Evoker               St:11 Dx:14 Co:13 In:16 Wi:14 Ch:11 Neutral S:0  
Dlvl:1 $:0 HP:12(12) Pw:7(7) AC:9 Xp:1/0                                        

",-0.001,False
91,south,,"message:
You try to move the boulder, but in vain.

language observation:
bars far southsoutheast, southsouthwest, westsouthwest, west, and westnorthwest
bars far southsoutheast, southsouthwest, westsouthwest, west, and westnorthwest
dark area far south, southwest, and west
fountain far southsouthwest
fountains far westsouthwest
boulder far westsouthwest
dark area near north and northwest
bars near southsoutheast, southsouthwest, westsouthwest, and westnorthwest
bars near southsoutheast, southsouthwest, westsouthwest, and westnorthwest
boulder near southsouthwest and westsouthwest
fountain near southwest
bars very near north, northnortheast, southsoutheast, south, southsouthwest, westnorthwest, northwest, and northnorthwest
dark area very near northeast, east, and southeast
bars adjacent north, northeast, east, and southeast
boulder adjacent south
stairs up adjacent northwest

cursor:
Yourself a wizard
(x=42, y=10)

map:
                                                                                
                                                                                
                                                                                
                                                                                
                                                                                
                                                                                
                                                                                
                                  ##########                                    
                                  ##.#.##<##                                    
                                  ##......@#                                    
                                  #.`.`...`#                                    
                                  #...#..###                                    
                                  #..##{####                                    
                                  #{.#..##.#                                    
                                  #{..`....#                                    
                                  ##..{.##.#                                    
                                  ##########                                    
                                                                                
                                                                                
                                                                                
                                                                                
Agent the Evoker               St:11 Dx:14 Co:13 In:16 Wi:14 Ch:11 Neutral S:0  
Dlvl:1 $:0 HP:12(12) Pw:7(7) AC:9 Xp:1/0                                        

",-0.001,False
92,north,,"message:
You cannot pass through the bars.

language observation:
bars far southsoutheast, southsouthwest, westsouthwest, west, and westnorthwest
bars far southsoutheast, southsouthwest, westsouthwest, west, and westnorthwest
dark area far south, southwest, and west
fountain far southsouthwest
fountains far westsouthwest
boulder far westsouthwest
dark area near north and northwest
bars near southsoutheast, southsouthwest, westsouthwest, and westnorthwest
bars near southsoutheast, southsouthwest, westsouthwest, and westnorthwest
boulder near southsouthwest and westsouthwest
fountain near southwest
bars very near north, northnortheast, southsoutheast, south, southsouthwest, westnorthwest, northwest, and northnorthwest
dark area very near northeast, east, and southeast
bars adjacent north, northeast, east, and southeast
boulder adjacent south
stairs up adjacent northwest

cursor:
Yourself a wizard
(x=42, y=10)

map:
                                                                                
                                                                                
                                                                                
                                                                                
                                                                                
                                                                                
                                                                                
                                  ##########                                    
                                  ##.#.##<##                                    
                                  ##......@#                                    
                                  #.`.`...`#                                    
                                  #...#..###                                    
                                  #..##{####                                    
                                  #{.#..##.#                                    
                                  #{..`....#                                    
                                  ##..{.##.#                                    
                                  ##########                                    
                                                                                
                                                                                
                                                                                
                                                                                
Agent the Evoker               St:11 Dx:14 Co:13 In:16 Wi:14 Ch:11 Neutral S:0  
Dlvl:1 $:0 HP:12(12) Pw:7(7) AC:9 Xp:1/0                                        

",-0.001,False
93,west,,"message:


language observation:
bars far southsoutheast, south, southsouthwest, southwest, westsouthwest, west, and westnorthwest
dark area far south, southwest, and west
fountain far southsouthwest
fountains far westsouthwest
dark area near north, northeast, east, southeast, and northwest
bars near southsoutheast, south, southsouthwest, southwest, westsouthwest, and westnorthwest
fountain near southsouthwest
boulder near southsouthwest
boulders near westsouthwest
bars very near north, northnortheast, northeast, eastnortheast, east, eastsoutheast, southeast, southsoutheast, south, westnorthwest, northwest, and northnorthwest
stairs up adjacent north
bars adjacent northeast and northwest
boulder adjacent southeast

cursor:
Yourself a wizard
(x=41, y=10)

map:
                                                                                
                                                                                
                                                                                
                                                                                
                                                                                
                                                                                
                                                                                
                                  ##########                                    
                                  ##.#.##<##                                    
                                  ##.....@.#                                    
                                  #.`.`...`#                                    
                                  #...#..###                                    
                                  #..##{####                                    
                                  #{.#..##.#                                    
                                  #{..`....#                                    
                                  ##..{.##.#                                    
                                  ##########                                    
                                                                                
                                                                                
                                                                                
                                                                                
Agent the Evoker               St:11 Dx:14 Co:13 In:16 Wi:14 Ch:11 Neutral S:0  
Dlvl:1 $:0 HP:12(12) Pw:7(7) AC:9 Xp:1/0                                        

",-0.001,False
94,east,,"message:


language observation:
bars far southsoutheast, southsouthwest, westsouthwest, west, and westnorthwest
bars far southsoutheast, southsouthwest, westsouthwest, west, and westnorthwest
dark area far south, southwest, and west
fountain far southsouthwest
fountains far westsouthwest
boulder far westsouthwest
dark area near north and northwest
bars near southsoutheast, southsouthwest, westsouthwest, and westnorthwest
bars near southsoutheast, southsouthwest, westsouthwest, and westnorthwest
boulder near southsouthwest and westsouthwest
fountain near southwest
bars very near north, northnortheast, southsoutheast, south, southsouthwest, westnorthwest, northwest, and northnorthwest
dark area very near northeast, east, and southeast
bars adjacent north, northeast, east, and southeast
boulder adjacent south
stairs up adjacent northwest

cursor:
Yourself a wizard
(x=42, y=10)

map:
                                                                                
                                                                                
                                                                                
                                                                                
                                                                                
                                                                                
                                                                                
                                  ##########                                    
                                  ##.#.##<##                                    
                                  ##......@#                                    
                                  #.`.`...`#                                    
                                  #...#..###                                    
                                  #..##{####                                    
                                  #{.#..##.#                                    
                                  #{..`....#                                    
                                  ##..{.##.#                                    
                                  ##########                                    
                                                                                
                                                                                
                                                                                
                                                                                
Agent the Evoker               St:11 Dx:14 Co:13 In:16 Wi:14 Ch:11 Neutral S:0  
Dlvl:1 $:0 HP:12(12) Pw:7(7) AC:9 Xp:1/0                                        

",-0.001,False
95,south,,"message:
You try to move the boulder, but in vain.

language observation:
bars far southsoutheast, southsouthwest, westsouthwest, west, and westnorthwest
bars far southsoutheast, southsouthwest, westsouthwest, west, and westnorthwest
dark area far south, southwest, and west
fountain far southsouthwest
fountains far westsouthwest
boulder far westsouthwest
dark area near north and northwest
bars near southsoutheast, southsouthwest, westsouthwest, and westnorthwest
bars near southsoutheast, southsouthwest, westsouthwest, and westnorthwest
boulder near southsouthwest and westsouthwest
fountain near southwest
bars very near north, northnortheast, southsoutheast, south, southsouthwest, westnorthwest, northwest, and northnorthwest
dark area very near northeast, east, and southeast
bars adjacent north, northeast, east, and southeast
boulder adjacent south
stairs up adjacent northwest

cursor:
Yourself a wizard
(x=42, y=10)

map:
                                                                                
                                                                                
                                                                                
                                                                                
                                                                                
                                                                                
                                                                                
                                  ##########                                    
                                  ##.#.##<##                                    
                                  ##......@#                                    
                                  #.`.`...`#                                    
                                  #...#..###                                    
                                  #..##{####                                    
                                  #{.#..##.#                                    
                                  #{..`....#                                    
                                  ##..{.##.#                                    
                                  ##########                                    
                                                                                
                                                                                
                                                                                
                                                                                
Agent the Evoker               St:11 Dx:14 Co:13 In:16 Wi:14 Ch:11 Neutral S:0  
Dlvl:1 $:0 HP:12(12) Pw:7(7) AC:9 Xp:1/0                                        

",-0.001,False
96,north,,"message:
You cannot pass through the bars.

language observation:
bars far southsoutheast, southsouthwest, westsouthwest, west, and westnorthwest
bars far southsoutheast, southsouthwest, westsouthwest, west, and westnorthwest
dark area far south, southwest, and west
fountain far southsouthwest
fountains far westsouthwest
boulder far westsouthwest
dark area near north and northwest
bars near southsoutheast, southsouthwest, westsouthwest, and westnorthwest
bars near southsoutheast, southsouthwest, westsouthwest, and westnorthwest
boulder near southsouthwest and westsouthwest
fountain near southwest
bars very near north, northnortheast, southsoutheast, south, southsouthwest, westnorthwest, northwest, and northnorthwest
dark area very near northeast, east, and southeast
bars adjacent north, northeast, east, and southeast
boulder adjacent south
stairs up adjacent northwest

cursor:
Yourself a wizard
(x=42, y=10)

map:
                                                                                
                                                                                
                                                                                
                                                                                
                                                                                
                                                                                
                                                                                
                                  ##########                                    
                                  ##.#.##<##                                    
                                  ##......@#                                    
                                  #.`.`...`#                                    
                                  #...#..###                                    
                                  #..##{####                                    
                                  #{.#..##.#                                    
                                  #{..`....#                                    
                                  ##..{.##.#                                    
                                  ##########                                    
                                                                                
                                                                                
                                                                                
                                                                                
Agent the Evoker               St:11 Dx:14 Co:13 In:16 Wi:14 Ch:11 Neutral S:0  
Dlvl:1 $:0 HP:12(12) Pw:7(7) AC:9 Xp:1/0                                        

",-0.001,False
97,west,,"message:


language observation:
bars far southsoutheast, south, southsouthwest, southwest, westsouthwest, west, and westnorthwest
dark area far south, southwest, and west
fountain far southsouthwest
fountains far westsouthwest
dark area near north, northeast, east, southeast, and northwest
bars near southsoutheast, south, southsouthwest, southwest, westsouthwest, and westnorthwest
fountain near southsouthwest
boulder near southsouthwest
boulders near westsouthwest
bars very near north, northnortheast, northeast, eastnortheast, east, eastsoutheast, southeast, southsoutheast, south, westnorthwest, northwest, and northnorthwest
stairs up adjacent north
bars adjacent northeast and northwest
boulder adjacent southeast

cursor:
Yourself a wizard
(x=41, y=10)

map:
                                                                                
                                                                                
                                                                                
                                                                                
                                                                                
                                                                                
                                                                                
                                  ##########                                    
                                  ##.#.##<##                                    
                                  ##.....@.#                                    
                                  #.`.`...`#                                    
                                  #...#..###                                    
                                  #..##{####                                    
                                  #{.#..##.#                                    
                                  #{..`....#                                    
                                  ##..{.##.#                                    
                                  ##########                                    
                                                                                
                                                                                
                                                                                
                                                                                
Agent the Evoker               St:11 Dx:14 Co:13 In:16 Wi:14 Ch:11 Neutral S:0  
Dlvl:1 $:0 HP:12(12) Pw:7(7) AC:9 Xp:1/0                                        

",-0.001,False
98,east,,"message:


language observation:
bars far southsoutheast, southsouthwest, westsouthwest, west, and westnorthwest
bars far southsoutheast, southsouthwest, westsouthwest, west, and westnorthwest
dark area far south, southwest, and west
fountain far southsouthwest
fountains far westsouthwest
boulder far westsouthwest
dark area near north and northwest
bars near southsoutheast, southsouthwest, westsouthwest, and westnorthwest
bars near southsoutheast, southsouthwest, westsouthwest, and westnorthwest
boulder near southsouthwest and westsouthwest
fountain near southwest
bars very near north, northnortheast, southsoutheast, south, southsouthwest, westnorthwest, northwest, and northnorthwest
dark area very near northeast, east, and southeast
bars adjacent north, northeast, east, and southeast
boulder adjacent south
stairs up adjacent northwest

cursor:
Yourself a wizard
(x=42, y=10)

map:
                                                                                
                                                                                
                                                                                
                                                                                
                                                                                
                                                                                
                                                                                
                                  ##########                                    
                                  ##.#.##<##                                    
                                  ##......@#                                    
                                  #.`.`...`#                                    
                                  #...#..###                                    
                                  #..##{####                                    
                                  #{.#..##.#                                    
                                  #{..`....#                                    
                                  ##..{.##.#                                    
                                  ##########                                    
                                                                                
                                                                                
                                                                                
                                                                                
Agent the Evoker               St:11 Dx:14 Co:13 In:16 Wi:14 Ch:11 Neutral S:0  
Dlvl:1 $:0 HP:12(12) Pw:7(7) AC:9 Xp:1/0                                        

",-0.001,False
99,south,,"message:
 
No  Points     Name                                                   Hp [max]
0  Agent-Wiz-Hum-Fem-Neu quit in The Dungeons of Doom on
level 1.                                               12  [12]


language observation:
dark area adjacent east, southeast, and south

cursor:
very far eastsoutheast 
(x=77, y=6)

map:
 No  Points     Name                                                   Hp [max] 
                                                                                
            0  Agent-Wiz-Hum-Fem-Neu quit in The Dungeons of Doom on            
                                                                                
              level 1.                                               12  [12]   
                                                                                
                                                                                
                                                                                
                                                                                
                                                                                
                                                                                
                                                                                
                                                                                
                                                                                
                                                                                
                                                                                
                                                                                
                                                                                
                                                                                
                                                                                
                                                                                
                                                                                
                                                                                

",0.0,True
