Step,Action,Reasoning,Observation,Reward,Done
0,south,,"message:


language observation:
bars far southsoutheast, south, southsouthwest, southwest, westsouthwest, west, and westnorthwest
dark area far south, southwest, and west
fountain far southsouthwest
fountains far westsouthwest
dark area near north, northeast, east, southeast, and northwest
bars near southsoutheast, south, southsouthwest, southwest, westsouthwest, and westnorthwest
fountain near southsouthwest
boulder near southsouthwest and westsouthwest
bars very near north, northnortheast, northeast, eastnortheast, east, eastsoutheast, southeast, southsoutheast, south, westnorthwest, northwest, and northnorthwest
boulder very near westsouthwest
stairs up adjacent north
bars adjacent northeast and northwest
boulder adjacent south

cursor:
Yourself a wizard
(x=41, y=10)

map:
                                                                                
                                                                                
                                                                                
                                                                                
                                                                                
                                                                                
                                                                                
                                  ##########                                    
                                  ##.#.##<##                                    
                                  ##.....@.#                                    
                                  #.`..`.`.#                                    
                                  #...#..###                                    
                                  #..##{####                                    
                                  #{.#..##.#                                    
                                  #{..`....#                                    
                                  ##..{.##.#                                    
                                  ##########                                    
                                                                                
                                                                                
                                                                                
                                                                                
Agent the Evoker               St:11 Dx:14 Co:13 In:16 Wi:14 Ch:11 Neutral S:0  
Dlvl:1 $:0 HP:12(12) Pw:7(7) AC:9 Xp:1/0                                        

",-0.001,False
1,south,,"message:
You try to move the boulder, but in vain.

language observation:
bars far southsoutheast, south, southsouthwest, southwest, westsouthwest, west, and westnorthwest
dark area far south, southwest, and west
fountain far southsouthwest
fountains far westsouthwest
dark area near north, northeast, east, southeast, and northwest
bars near southsoutheast, south, southsouthwest, southwest, westsouthwest, and westnorthwest
fountain near southsouthwest
boulder near southsouthwest and westsouthwest
bars very near north, northnortheast, northeast, eastnortheast, east, eastsoutheast, southeast, southsoutheast, south, westnorthwest, northwest, and northnorthwest
boulder very near westsouthwest
stairs up adjacent north
bars adjacent northeast and northwest
boulder adjacent south

cursor:
Yourself a wizard
(x=41, y=10)

map:
                                                                                
                                                                                
                                                                                
                                                                                
                                                                                
                                                                                
                                                                                
                                  ##########                                    
                                  ##.#.##<##                                    
                                  ##.....@.#                                    
                                  #.`..`.`.#                                    
                                  #...#..###                                    
                                  #..##{####                                    
                                  #{.#..##.#                                    
                                  #{..`....#                                    
                                  ##..{.##.#                                    
                                  ##########                                    
                                                                                
                                                                                
                                                                                
                                                                                
Agent the Evoker               St:11 Dx:14 Co:13 In:16 Wi:14 Ch:11 Neutral S:0  
Dlvl:1 $:0 HP:12(12) Pw:7(7) AC:9 Xp:1/0                                        

",-0.001,False
2,north,,"message:


language observation:
bars far southsoutheast, south, southsouthwest, westsouthwest, west, and westnorthwest
bars far southsoutheast, south, southsouthwest, westsouthwest, west, and westnorthwest
dark area far south, southwest, and west
boulder far southsouthwest
fountain far southsouthwest, southwest, and westsouthwest
dark area near east and southeast
bars near southsoutheast, south, southsouthwest, southwest, and westnorthwest
bars near southsoutheast, south, southsouthwest, southwest, and westnorthwest
fountain near southsouthwest
boulder near westsouthwest
dark area very near north, northeast, and northwest
bars very near eastnortheast, east, eastsoutheast, southeast, west, and westnorthwest
boulder very near south and southwest
bars adjacent north, northeast, east, west, and northwest

cursor:
Yourself a wizard
(x=41, y=9)

map:
                                                                                
                                                                                
                                                                                
                                                                                
                                                                                
                                                                                
                                                                                
                                  ##########                                    
                                  ##.#.##@##                                    
                                  ##.......#                                    
                                  #.`..`.`.#                                    
                                  #...#..###                                    
                                  #..##{####                                    
                                  #{.#..##.#                                    
                                  #{..`....#                                    
                                  ##..{.##.#                                    
                                  ##########                                    
                                                                                
                                                                                
                                                                                
                                                                                
Agent the Evoker               St:11 Dx:14 Co:13 In:16 Wi:14 Ch:11 Neutral S:0  
Dlvl:1 $:0 HP:12(12) Pw:7(7) AC:9 Xp:1/0                                        

",-0.001,False
3,south,,"message:


language observation:
bars far southsoutheast, south, southsouthwest, southwest, westsouthwest, west, and westnorthwest
dark area far south, southwest, and west
fountain far southsouthwest
fountains far westsouthwest
dark area near north, northeast, east, southeast, and northwest
bars near southsoutheast, south, southsouthwest, southwest, westsouthwest, and westnorthwest
fountain near southsouthwest
boulder near southsouthwest and westsouthwest
bars very near north, northnortheast, northeast, eastnortheast, east, eastsoutheast, southeast, southsoutheast, south, westnorthwest, northwest, and northnorthwest
boulder very near westsouthwest
stairs up adjacent north
bars adjacent northeast and northwest
boulder adjacent south

cursor:
Yourself a wizard
(x=41, y=10)

map:
                                                                                
                                                                                
                                                                                
                                                                                
                                                                                
                                                                                
                                                                                
                                  ##########                                    
                                  ##.#.##<##                                    
                                  ##.....@.#                                    
                                  #.`..`.`.#                                    
                                  #...#..###                                    
                                  #..##{####                                    
                                  #{.#..##.#                                    
                                  #{..`....#                                    
                                  ##..{.##.#                                    
                                  ##########                                    
                                                                                
                                                                                
                                                                                
                                                                                
Agent the Evoker               St:11 Dx:14 Co:13 In:16 Wi:14 Ch:11 Neutral S:0  
Dlvl:1 $:0 HP:12(12) Pw:7(7) AC:9 Xp:1/0                                        

",-0.001,False
4,north,,"message:


language observation:
bars far southsoutheast, south, southsouthwest, westsouthwest, west, and westnorthwest
bars far southsoutheast, south, southsouthwest, westsouthwest, west, and westnorthwest
dark area far south, southwest, and west
boulder far southsouthwest
fountain far southsouthwest, southwest, and westsouthwest
dark area near east and southeast
bars near southsoutheast, south, southsouthwest, southwest, and westnorthwest
bars near southsoutheast, south, southsouthwest, southwest, and westnorthwest
fountain near southsouthwest
boulder near westsouthwest
dark area very near north, northeast, and northwest
bars very near eastnortheast, east, eastsoutheast, southeast, west, and westnorthwest
boulder very near south and southwest
bars adjacent north, northeast, east, west, and northwest

cursor:
Yourself a wizard
(x=41, y=9)

map:
                                                                                
                                                                                
                                                                                
                                                                                
                                                                                
                                                                                
                                                                                
                                  ##########                                    
                                  ##.#.##@##                                    
                                  ##.......#                                    
                                  #.`..`.`.#                                    
                                  #...#..###                                    
                                  #..##{####                                    
                                  #{.#..##.#                                    
                                  #{..`....#                                    
                                  ##..{.##.#                                    
                                  ##########                                    
                                                                                
                                                                                
                                                                                
                                                                                
Agent the Evoker               St:11 Dx:14 Co:13 In:16 Wi:14 Ch:11 Neutral S:0  
Dlvl:1 $:0 HP:12(12) Pw:7(7) AC:9 Xp:1/0                                        

",-0.001,False
5,south,,"message:


language observation:
bars far southsoutheast, south, southsouthwest, southwest, westsouthwest, west, and westnorthwest
dark area far south, southwest, and west
fountain far southsouthwest
fountains far westsouthwest
dark area near north, northeast, east, southeast, and northwest
bars near southsoutheast, south, southsouthwest, southwest, westsouthwest, and westnorthwest
fountain near southsouthwest
boulder near southsouthwest and westsouthwest
bars very near north, northnortheast, northeast, eastnortheast, east, eastsoutheast, southeast, southsoutheast, south, westnorthwest, northwest, and northnorthwest
boulder very near westsouthwest
stairs up adjacent north
bars adjacent northeast and northwest
boulder adjacent south

cursor:
Yourself a wizard
(x=41, y=10)

map:
                                                                                
                                                                                
                                                                                
                                                                                
                                                                                
                                                                                
                                                                                
                                  ##########                                    
                                  ##.#.##<##                                    
                                  ##.....@.#                                    
                                  #.`..`.`.#                                    
                                  #...#..###                                    
                                  #..##{####                                    
                                  #{.#..##.#                                    
                                  #{..`....#                                    
                                  ##..{.##.#                                    
                                  ##########                                    
                                                                                
                                                                                
                                                                                
                                                                                
Agent the Evoker               St:11 Dx:14 Co:13 In:16 Wi:14 Ch:11 Neutral S:0  
Dlvl:1 $:0 HP:12(12) Pw:7(7) AC:9 Xp:1/0                                        

",-0.001,False
6,north,,"message:


language observation:
bars far southsoutheast, south, southsouthwest, westsouthwest, west, and westnorthwest
bars far southsoutheast, south, southsouthwest, westsouthwest, west, and westnorthwest
dark area far south, southwest, and west
boulder far southsouthwest
fountain far southsouthwest, southwest, and westsouthwest
dark area near east and southeast
bars near southsoutheast, south, southsouthwest, southwest, and westnorthwest
bars near southsoutheast, south, southsouthwest, southwest, and westnorthwest
fountain near southsouthwest
boulder near westsouthwest
dark area very near north, northeast, and northwest
bars very near eastnortheast, east, eastsoutheast, southeast, west, and westnorthwest
boulder very near south and southwest
bars adjacent north, northeast, east, west, and northwest

cursor:
Yourself a wizard
(x=41, y=9)

map:
                                                                                
                                                                                
                                                                                
                                                                                
                                                                                
                                                                                
                                                                                
                                  ##########                                    
                                  ##.#.##@##                                    
                                  ##.......#                                    
                                  #.`..`.`.#                                    
                                  #...#..###                                    
                                  #..##{####                                    
                                  #{.#..##.#                                    
                                  #{..`....#                                    
                                  ##..{.##.#                                    
                                  ##########                                    
                                                                                
                                                                                
                                                                                
                                                                                
Agent the Evoker               St:11 Dx:14 Co:13 In:16 Wi:14 Ch:11 Neutral S:0  
Dlvl:1 $:0 HP:12(12) Pw:7(7) AC:9 Xp:1/0                                        

",-0.001,False
7,south,,"message:


language observation:
bars far southsoutheast, south, southsouthwest, southwest, westsouthwest, west, and westnorthwest
dark area far south, southwest, and west
fountain far southsouthwest
fountains far westsouthwest
dark area near north, northeast, east, southeast, and northwest
bars near southsoutheast, south, southsouthwest, southwest, westsouthwest, and westnorthwest
fountain near southsouthwest
boulder near southsouthwest and westsouthwest
bars very near north, northnortheast, northeast, eastnortheast, east, eastsoutheast, southeast, southsoutheast, south, westnorthwest, northwest, and northnorthwest
boulder very near westsouthwest
stairs up adjacent north
bars adjacent northeast and northwest
boulder adjacent south

cursor:
Yourself a wizard
(x=41, y=10)

map:
                                                                                
                                                                                
                                                                                
                                                                                
                                                                                
                                                                                
                                                                                
                                  ##########                                    
                                  ##.#.##<##                                    
                                  ##.....@.#                                    
                                  #.`..`.`.#                                    
                                  #...#..###                                    
                                  #..##{####                                    
                                  #{.#..##.#                                    
                                  #{..`....#                                    
                                  ##..{.##.#                                    
                                  ##########                                    
                                                                                
                                                                                
                                                                                
                                                                                
Agent the Evoker               St:11 Dx:14 Co:13 In:16 Wi:14 Ch:11 Neutral S:0  
Dlvl:1 $:0 HP:12(12) Pw:7(7) AC:9 Xp:1/0                                        

",-0.001,False
8,north,,"message:


language observation:
bars far southsoutheast, south, southsouthwest, westsouthwest, west, and westnorthwest
bars far southsoutheast, south, southsouthwest, westsouthwest, west, and westnorthwest
dark area far south, southwest, and west
boulder far southsouthwest
fountain far southsouthwest, southwest, and westsouthwest
dark area near east and southeast
bars near southsoutheast, south, southsouthwest, southwest, and westnorthwest
bars near southsoutheast, south, southsouthwest, southwest, and westnorthwest
fountain near southsouthwest
boulder near westsouthwest
dark area very near north, northeast, and northwest
bars very near eastnortheast, east, eastsoutheast, southeast, west, and westnorthwest
boulder very near south and southwest
bars adjacent north, northeast, east, west, and northwest

cursor:
Yourself a wizard
(x=41, y=9)

map:
                                                                                
                                                                                
                                                                                
                                                                                
                                                                                
                                                                                
                                                                                
                                  ##########                                    
                                  ##.#.##@##                                    
                                  ##.......#                                    
                                  #.`..`.`.#                                    
                                  #...#..###                                    
                                  #..##{####                                    
                                  #{.#..##.#                                    
                                  #{..`....#                                    
                                  ##..{.##.#                                    
                                  ##########                                    
                                                                                
                                                                                
                                                                                
                                                                                
Agent the Evoker               St:11 Dx:14 Co:13 In:16 Wi:14 Ch:11 Neutral S:0  
Dlvl:1 $:0 HP:12(12) Pw:7(7) AC:9 Xp:1/0                                        

",-0.001,False
9,south,,"message:


language observation:
bars far southsoutheast, south, southsouthwest, southwest, westsouthwest, west, and westnorthwest
dark area far south, southwest, and west
fountain far southsouthwest
fountains far westsouthwest
dark area near north, northeast, east, southeast, and northwest
bars near southsoutheast, south, southsouthwest, southwest, westsouthwest, and westnorthwest
fountain near southsouthwest
boulder near southsouthwest and westsouthwest
bars very near north, northnortheast, northeast, eastnortheast, east, eastsoutheast, southeast, southsoutheast, south, westnorthwest, northwest, and northnorthwest
boulder very near westsouthwest
stairs up adjacent north
bars adjacent northeast and northwest
boulder adjacent south

cursor:
Yourself a wizard
(x=41, y=10)

map:
                                                                                
                                                                                
                                                                                
                                                                                
                                                                                
                                                                                
                                                                                
                                  ##########                                    
                                  ##.#.##<##                                    
                                  ##.....@.#                                    
                                  #.`..`.`.#                                    
                                  #...#..###                                    
                                  #..##{####                                    
                                  #{.#..##.#                                    
                                  #{..`....#                                    
                                  ##..{.##.#                                    
                                  ##########                                    
                                                                                
                                                                                
                                                                                
                                                                                
Agent the Evoker               St:11 Dx:14 Co:13 In:16 Wi:14 Ch:11 Neutral S:0  
Dlvl:1 $:0 HP:12(12) Pw:7(7) AC:9 Xp:1/0                                        

",-0.001,False
10,north,,"message:


language observation:
bars far southsoutheast, south, southsouthwest, westsouthwest, west, and westnorthwest
bars far southsoutheast, south, southsouthwest, westsouthwest, west, and westnorthwest
dark area far south, southwest, and west
boulder far southsouthwest
fountain far southsouthwest, southwest, and westsouthwest
dark area near east and southeast
bars near southsoutheast, south, southsouthwest, southwest, and westnorthwest
bars near southsoutheast, south, southsouthwest, southwest, and westnorthwest
fountain near southsouthwest
boulder near westsouthwest
dark area very near north, northeast, and northwest
bars very near eastnortheast, east, eastsoutheast, southeast, west, and westnorthwest
boulder very near south and southwest
bars adjacent north, northeast, east, west, and northwest

cursor:
Yourself a wizard
(x=41, y=9)

map:
                                                                                
                                                                                
                                                                                
                                                                                
                                                                                
                                                                                
                                                                                
                                  ##########                                    
                                  ##.#.##@##                                    
                                  ##.......#                                    
                                  #.`..`.`.#                                    
                                  #...#..###                                    
                                  #..##{####                                    
                                  #{.#..##.#                                    
                                  #{..`....#                                    
                                  ##..{.##.#                                    
                                  ##########                                    
                                                                                
                                                                                
                                                                                
                                                                                
Agent the Evoker               St:11 Dx:14 Co:13 In:16 Wi:14 Ch:11 Neutral S:0  
Dlvl:1 $:0 HP:12(12) Pw:7(7) AC:9 Xp:1/0                                        

",-0.001,False
11,south,,"message:


language observation:
bars far southsoutheast, south, southsouthwest, southwest, westsouthwest, west, and westnorthwest
dark area far south, southwest, and west
fountain far southsouthwest
fountains far westsouthwest
dark area near north, northeast, east, southeast, and northwest
bars near southsoutheast, south, southsouthwest, southwest, westsouthwest, and westnorthwest
fountain near southsouthwest
boulder near southsouthwest and westsouthwest
bars very near north, northnortheast, northeast, eastnortheast, east, eastsoutheast, southeast, southsoutheast, south, westnorthwest, northwest, and northnorthwest
boulder very near westsouthwest
stairs up adjacent north
bars adjacent northeast and northwest
boulder adjacent south

cursor:
Yourself a wizard
(x=41, y=10)

map:
                                                                                
                                                                                
                                                                                
                                                                                
                                                                                
                                                                                
                                                                                
                                  ##########                                    
                                  ##.#.##<##                                    
                                  ##.....@.#                                    
                                  #.`..`.`.#                                    
                                  #...#..###                                    
                                  #..##{####                                    
                                  #{.#..##.#                                    
                                  #{..`....#                                    
                                  ##..{.##.#                                    
                                  ##########                                    
                                                                                
                                                                                
                                                                                
                                                                                
Agent the Evoker               St:11 Dx:14 Co:13 In:16 Wi:14 Ch:11 Neutral S:0  
Dlvl:1 $:0 HP:12(12) Pw:7(7) AC:9 Xp:1/0                                        

",-0.001,False
12,north,,"message:


language observation:
bars far southsoutheast, south, southsouthwest, westsouthwest, west, and westnorthwest
bars far southsoutheast, south, southsouthwest, westsouthwest, west, and westnorthwest
dark area far south, southwest, and west
boulder far southsouthwest
fountain far southsouthwest, southwest, and westsouthwest
dark area near east and southeast
bars near southsoutheast, south, southsouthwest, southwest, and westnorthwest
bars near southsoutheast, south, southsouthwest, southwest, and westnorthwest
fountain near southsouthwest
boulder near westsouthwest
dark area very near north, northeast, and northwest
bars very near eastnortheast, east, eastsoutheast, southeast, west, and westnorthwest
boulder very near south and southwest
bars adjacent north, northeast, east, west, and northwest

cursor:
Yourself a wizard
(x=41, y=9)

map:
                                                                                
                                                                                
                                                                                
                                                                                
                                                                                
                                                                                
                                                                                
                                  ##########                                    
                                  ##.#.##@##                                    
                                  ##.......#                                    
                                  #.`..`.`.#                                    
                                  #...#..###                                    
                                  #..##{####                                    
                                  #{.#..##.#                                    
                                  #{..`....#                                    
                                  ##..{.##.#                                    
                                  ##########                                    
                                                                                
                                                                                
                                                                                
                                                                                
Agent the Evoker               St:11 Dx:14 Co:13 In:16 Wi:14 Ch:11 Neutral S:0  
Dlvl:1 $:0 HP:12(12) Pw:7(7) AC:9 Xp:1/0                                        

",-0.001,False
13,south,,"message:


language observation:
bars far southsoutheast, south, southsouthwest, southwest, westsouthwest, west, and westnorthwest
dark area far south, southwest, and west
fountain far southsouthwest
fountains far westsouthwest
dark area near north, northeast, east, southeast, and northwest
bars near southsoutheast, south, southsouthwest, southwest, westsouthwest, and westnorthwest
fountain near southsouthwest
boulder near southsouthwest and westsouthwest
bars very near north, northnortheast, northeast, eastnortheast, east, eastsoutheast, southeast, southsoutheast, south, westnorthwest, northwest, and northnorthwest
boulder very near westsouthwest
stairs up adjacent north
bars adjacent northeast and northwest
boulder adjacent south

cursor:
Yourself a wizard
(x=41, y=10)

map:
                                                                                
                                                                                
                                                                                
                                                                                
                                                                                
                                                                                
                                                                                
                                  ##########                                    
                                  ##.#.##<##                                    
                                  ##.....@.#                                    
                                  #.`..`.`.#                                    
                                  #...#..###                                    
                                  #..##{####                                    
                                  #{.#..##.#                                    
                                  #{..`....#                                    
                                  ##..{.##.#                                    
                                  ##########                                    
                                                                                
                                                                                
                                                                                
                                                                                
Agent the Evoker               St:11 Dx:14 Co:13 In:16 Wi:14 Ch:11 Neutral S:0  
Dlvl:1 $:0 HP:12(12) Pw:7(7) AC:9 Xp:1/0                                        

",-0.001,False
14,north,,"message:


language observation:
bars far southsoutheast, south, southsouthwest, westsouthwest, west, and westnorthwest
bars far southsoutheast, south, southsouthwest, westsouthwest, west, and westnorthwest
dark area far south, southwest, and west
boulder far southsouthwest
fountain far southsouthwest, southwest, and westsouthwest
dark area near east and southeast
bars near southsoutheast, south, southsouthwest, southwest, and westnorthwest
bars near southsoutheast, south, southsouthwest, southwest, and westnorthwest
fountain near southsouthwest
boulder near westsouthwest
dark area very near north, northeast, and northwest
bars very near eastnortheast, east, eastsoutheast, southeast, west, and westnorthwest
boulder very near south and southwest
bars adjacent north, northeast, east, west, and northwest

cursor:
Yourself a wizard
(x=41, y=9)

map:
                                                                                
                                                                                
                                                                                
                                                                                
                                                                                
                                                                                
                                                                                
                                  ##########                                    
                                  ##.#.##@##                                    
                                  ##.......#                                    
                                  #.`..`.`.#                                    
                                  #...#..###                                    
                                  #..##{####                                    
                                  #{.#..##.#                                    
                                  #{..`....#                                    
                                  ##..{.##.#                                    
                                  ##########                                    
                                                                                
                                                                                
                                                                                
                                                                                
Agent the Evoker               St:11 Dx:14 Co:13 In:16 Wi:14 Ch:11 Neutral S:0  
Dlvl:1 $:0 HP:12(12) Pw:7(7) AC:9 Xp:1/0                                        

",-0.001,False
15,south,,"message:


language observation:
bars far southsoutheast, south, southsouthwest, southwest, westsouthwest, west, and westnorthwest
dark area far south, southwest, and west
fountain far southsouthwest
fountains far westsouthwest
dark area near north, northeast, east, southeast, and northwest
bars near southsoutheast, south, southsouthwest, southwest, westsouthwest, and westnorthwest
fountain near southsouthwest
boulder near southsouthwest and westsouthwest
bars very near north, northnortheast, northeast, eastnortheast, east, eastsoutheast, southeast, southsoutheast, south, westnorthwest, northwest, and northnorthwest
boulder very near westsouthwest
stairs up adjacent north
bars adjacent northeast and northwest
boulder adjacent south

cursor:
Yourself a wizard
(x=41, y=10)

map:
                                                                                
                                                                                
                                                                                
                                                                                
                                                                                
                                                                                
                                                                                
                                  ##########                                    
                                  ##.#.##<##                                    
                                  ##.....@.#                                    
                                  #.`..`.`.#                                    
                                  #...#..###                                    
                                  #..##{####                                    
                                  #{.#..##.#                                    
                                  #{..`....#                                    
                                  ##..{.##.#                                    
                                  ##########                                    
                                                                                
                                                                                
                                                                                
                                                                                
Agent the Evoker               St:11 Dx:14 Co:13 In:16 Wi:14 Ch:11 Neutral S:0  
Dlvl:1 $:0 HP:12(12) Pw:7(7) AC:9 Xp:1/0                                        

",-0.001,False
16,east,,"message:


language observation:
bars far southsoutheast, southsouthwest, westsouthwest, west, and westnorthwest
bars far southsoutheast, southsouthwest, westsouthwest, west, and westnorthwest
dark area far south, southwest, and west
fountain far southsouthwest
fountains far westsouthwest
boulder far westsouthwest
dark area near north and northwest
bars near southsoutheast, southsouthwest, westsouthwest, and westnorthwest
bars near southsoutheast, southsouthwest, westsouthwest, and westnorthwest
boulder near southsouthwest and westsouthwest
fountain near southwest
bars very near north, northnortheast, southsoutheast, south, southsouthwest, westnorthwest, northwest, and northnorthwest
dark area very near northeast, east, and southeast
bars adjacent north, northeast, east, and southeast
boulder adjacent southwest
stairs up adjacent northwest

cursor:
Yourself a wizard
(x=42, y=10)

map:
                                                                                
                                                                                
                                                                                
                                                                                
                                                                                
                                                                                
                                                                                
                                  ##########                                    
                                  ##.#.##<##                                    
                                  ##......@#                                    
                                  #.`..`.`.#                                    
                                  #...#..###                                    
                                  #..##{####                                    
                                  #{.#..##.#                                    
                                  #{..`....#                                    
                                  ##..{.##.#                                    
                                  ##########                                    
                                                                                
                                                                                
                                                                                
                                                                                
Agent the Evoker               St:11 Dx:14 Co:13 In:16 Wi:14 Ch:11 Neutral S:0  
Dlvl:1 $:0 HP:12(12) Pw:7(7) AC:9 Xp:1/0                                        

",-0.001,False
17,south,,"message:


language observation:
bars far southsouthwest, westsouthwest, and westnorthwest
bars far southsouthwest, westsouthwest, and westnorthwest
dark area far south, southwest, and west
fountains far westsouthwest
boulder far west
bars near southsoutheast, southsouthwest, westsouthwest, westnorthwest, and northnorthwest
bars near southsoutheast, southsouthwest, westsouthwest, westnorthwest, and northnorthwest
dark area near north and northwest
fountain near southsouthwest and westsouthwest
boulder near southwest and west
bars very near north, northnortheast, southsoutheast, south, southsouthwest, southwest, and northwest
dark area very near northeast, east, and southeast
stairs up very near northnorthwest
bars adjacent northeast, east, southeast, south, and southwest
boulder adjacent west

cursor:
Yourself a wizard
(x=42, y=11)

map:
                                                                                
                                                                                
                                                                                
                                                                                
                                                                                
                                                                                
                                                                                
                                  ##########                                    
                                  ##.#.##<##                                    
                                  ##.......#                                    
                                  #.`..`.`@#                                    
                                  #...#..###                                    
                                  #..##{####                                    
                                  #{.#..##.#                                    
                                  #{..`....#                                    
                                  ##..{.##.#                                    
                                  ##########                                    
                                                                                
                                                                                
                                                                                
                                                                                
Agent the Evoker               St:11 Dx:14 Co:13 In:16 Wi:14 Ch:11 Neutral S:0  
Dlvl:1 $:0 HP:12(12) Pw:7(7) AC:9 Xp:1/0                                        

",-0.001,False
18,west,,"message:
With great effort you move the boulder.

language observation:
bars far southsoutheast, southsouthwest, westsouthwest, and westnorthwest
bars far southsoutheast, southsouthwest, westsouthwest, and westnorthwest
dark area far south, southwest, and west
fountains far westsouthwest
bars near northnortheast, southsoutheast, south, southsouthwest, westsouthwest, westnorthwest, and northnorthwest
bars near northnortheast, southsoutheast, south, southsouthwest, westsouthwest, westnorthwest, and northnorthwest
dark area near north, northeast, east, southeast, and northwest
boulder near southsouthwest and west
fountain near southsouthwest
stairs up very near north
bars very near northnortheast, northeast, eastnortheast, east, eastsoutheast, southeast, southsoutheast, south, southsouthwest, northwest, and northnorthwest
fountain very near southwest
boulder very near west
bars adjacent southeast and south
boulder adjacent west

cursor:
Yourself a wizard
(x=41, y=11)

map:
                                                                                
                                                                                
                                                                                
                                                                                
                                                                                
                                                                                
                                                                                
                                  ##########                                    
                                  ##.#.##<##                                    
                                  ##.......#                                    
                                  #.`..``@.#                                    
                                  #...#..###                                    
                                  #..##{####                                    
                                  #{.#..##.#                                    
                                  #{..`....#                                    
                                  ##..{.##.#                                    
                                  ##########                                    
                                                                                
                                                                                
                                                                                
                                                                                
Agent the Evoker               St:11 Dx:14 Co:13 In:16 Wi:14 Ch:11 Neutral S:0  
Dlvl:1 $:0 HP:12(12) Pw:7(7) AC:9 Xp:1/0                                        

",-0.001,False
19,north,,"message:


language observation:
bars far southsoutheast, south, southsouthwest, southwest, westsouthwest, west, and westnorthwest
dark area far south, southwest, and west
fountain far southsouthwest
fountains far westsouthwest
dark area near north, northeast, east, southeast, and northwest
bars near southsoutheast, south, southsouthwest, southwest, westsouthwest, and westnorthwest
fountain near southsouthwest
boulder near southsouthwest and westsouthwest
bars very near north, northnortheast, northeast, eastnortheast, east, eastsoutheast, southeast, southsoutheast, south, westnorthwest, northwest, and northnorthwest
boulder very near westsouthwest
stairs up adjacent north
bars adjacent northeast and northwest
boulder adjacent southwest

cursor:
Yourself a wizard
(x=41, y=10)

map:
                                                                                
                                                                                
                                                                                
                                                                                
                                                                                
                                                                                
                                                                                
                                  ##########                                    
                                  ##.#.##<##                                    
                                  ##.....@.#                                    
                                  #.`..``..#                                    
                                  #...#..###                                    
                                  #..##{####                                    
                                  #{.#..##.#                                    
                                  #{..`....#                                    
                                  ##..{.##.#                                    
                                  ##########                                    
                                                                                
                                                                                
                                                                                
                                                                                
Agent the Evoker               St:11 Dx:14 Co:13 In:16 Wi:14 Ch:11 Neutral S:0  
Dlvl:1 $:0 HP:12(12) Pw:7(7) AC:9 Xp:1/0                                        

",-0.001,False
20,south,,"message:


language observation:
bars far southsoutheast, southsouthwest, westsouthwest, and westnorthwest
bars far southsoutheast, southsouthwest, westsouthwest, and westnorthwest
dark area far south, southwest, and west
fountains far westsouthwest
bars near northnortheast, southsoutheast, south, southsouthwest, westsouthwest, westnorthwest, and northnorthwest
bars near northnortheast, southsoutheast, south, southsouthwest, westsouthwest, westnorthwest, and northnorthwest
dark area near north, northeast, east, southeast, and northwest
boulder near southsouthwest and west
fountain near southsouthwest
stairs up very near north
bars very near northnortheast, northeast, eastnortheast, east, eastsoutheast, southeast, southsoutheast, south, southsouthwest, northwest, and northnorthwest
fountain very near southwest
boulder very near west
bars adjacent southeast and south
boulder adjacent west

cursor:
Yourself a wizard
(x=41, y=11)

map:
                                                                                
                                                                                
                                                                                
                                                                                
                                                                                
                                                                                
                                                                                
                                  ##########                                    
                                  ##.#.##<##                                    
                                  ##.......#                                    
                                  #.`..``@.#                                    
                                  #...#..###                                    
                                  #..##{####                                    
                                  #{.#..##.#                                    
                                  #{..`....#                                    
                                  ##..{.##.#                                    
                                  ##########                                    
                                                                                
                                                                                
                                                                                
                                                                                
Agent the Evoker               St:11 Dx:14 Co:13 In:16 Wi:14 Ch:11 Neutral S:0  
Dlvl:1 $:0 HP:12(12) Pw:7(7) AC:9 Xp:1/0                                        

",-0.001,False
21,west,,"message:
You try to move the boulder, but in vain.

language observation:
bars far southsoutheast, southsouthwest, westsouthwest, and westnorthwest
bars far southsoutheast, southsouthwest, westsouthwest, and westnorthwest
dark area far south, southwest, and west
fountains far westsouthwest
bars near northnortheast, southsoutheast, south, southsouthwest, westsouthwest, westnorthwest, and northnorthwest
bars near northnortheast, southsoutheast, south, southsouthwest, westsouthwest, westnorthwest, and northnorthwest
dark area near north, northeast, east, southeast, and northwest
boulder near southsouthwest and west
fountain near southsouthwest
stairs up very near north
bars very near northnortheast, northeast, eastnortheast, east, eastsoutheast, southeast, southsoutheast, south, southsouthwest, northwest, and northnorthwest
fountain very near southwest
boulder very near west
bars adjacent southeast and south
boulder adjacent west

cursor:
Yourself a wizard
(x=41, y=11)

map:
                                                                                
                                                                                
                                                                                
                                                                                
                                                                                
                                                                                
                                                                                
                                  ##########                                    
                                  ##.#.##<##                                    
                                  ##.......#                                    
                                  #.`..``@.#                                    
                                  #...#..###                                    
                                  #..##{####                                    
                                  #{.#..##.#                                    
                                  #{..`....#                                    
                                  ##..{.##.#                                    
                                  ##########                                    
                                                                                
                                                                                
                                                                                
                                                                                
Agent the Evoker               St:11 Dx:14 Co:13 In:16 Wi:14 Ch:11 Neutral S:0  
Dlvl:1 $:0 HP:12(12) Pw:7(7) AC:9 Xp:1/0                                        

",-0.001,False
22,north,,"message:


language observation:
bars far southsoutheast, south, southsouthwest, southwest, westsouthwest, west, and westnorthwest
dark area far south, southwest, and west
fountain far southsouthwest
fountains far westsouthwest
dark area near north, northeast, east, southeast, and northwest
bars near southsoutheast, south, southsouthwest, southwest, westsouthwest, and westnorthwest
fountain near southsouthwest
boulder near southsouthwest and westsouthwest
bars very near north, northnortheast, northeast, eastnortheast, east, eastsoutheast, southeast, southsoutheast, south, westnorthwest, northwest, and northnorthwest
boulder very near westsouthwest
stairs up adjacent north
bars adjacent northeast and northwest
boulder adjacent southwest

cursor:
Yourself a wizard
(x=41, y=10)

map:
                                                                                
                                                                                
                                                                                
                                                                                
                                                                                
                                                                                
                                                                                
                                  ##########                                    
                                  ##.#.##<##                                    
                                  ##.....@.#                                    
                                  #.`..``..#                                    
                                  #...#..###                                    
                                  #..##{####                                    
                                  #{.#..##.#                                    
                                  #{..`....#                                    
                                  ##..{.##.#                                    
                                  ##########                                    
                                                                                
                                                                                
                                                                                
                                                                                
Agent the Evoker               St:11 Dx:14 Co:13 In:16 Wi:14 Ch:11 Neutral S:0  
Dlvl:1 $:0 HP:12(12) Pw:7(7) AC:9 Xp:1/0                                        

",-0.001,False
23,south,,"message:


language observation:
bars far southsoutheast, southsouthwest, westsouthwest, and westnorthwest
bars far southsoutheast, southsouthwest, westsouthwest, and westnorthwest
dark area far south, southwest, and west
fountains far westsouthwest
bars near northnortheast, southsoutheast, south, southsouthwest, westsouthwest, westnorthwest, and northnorthwest
bars near northnortheast, southsoutheast, south, southsouthwest, westsouthwest, westnorthwest, and northnorthwest
dark area near north, northeast, east, southeast, and northwest
boulder near southsouthwest and west
fountain near southsouthwest
stairs up very near north
bars very near northnortheast, northeast, eastnortheast, east, eastsoutheast, southeast, southsoutheast, south, southsouthwest, northwest, and northnorthwest
fountain very near southwest
boulder very near west
bars adjacent southeast and south
boulder adjacent west

cursor:
Yourself a wizard
(x=41, y=11)

map:
                                                                                
                                                                                
                                                                                
                                                                                
                                                                                
                                                                                
                                                                                
                                  ##########                                    
                                  ##.#.##<##                                    
                                  ##.......#                                    
                                  #.`..``@.#                                    
                                  #...#..###                                    
                                  #..##{####                                    
                                  #{.#..##.#                                    
                                  #{..`....#                                    
                                  ##..{.##.#                                    
                                  ##########                                    
                                                                                
                                                                                
                                                                                
                                                                                
Agent the Evoker               St:11 Dx:14 Co:13 In:16 Wi:14 Ch:11 Neutral S:0  
Dlvl:1 $:0 HP:12(12) Pw:7(7) AC:9 Xp:1/0                                        

",-0.001,False
24,east,,"message:


language observation:
bars far southsouthwest, westsouthwest, and westnorthwest
bars far southsouthwest, westsouthwest, and westnorthwest
dark area far south, southwest, and west
fountains far westsouthwest
boulder far west
bars near southsoutheast, southsouthwest, westsouthwest, westnorthwest, and northnorthwest
bars near southsoutheast, southsouthwest, westsouthwest, westnorthwest, and northnorthwest
dark area near north and northwest
fountain near southsouthwest and westsouthwest
boulder near southwest and west
bars very near north, northnortheast, southsoutheast, south, southsouthwest, southwest, and northwest
dark area very near northeast, east, and southeast
boulder very near west
stairs up very near northnorthwest
bars adjacent northeast, east, southeast, south, and southwest

cursor:
Yourself a wizard
(x=42, y=11)

map:
                                                                                
                                                                                
                                                                                
                                                                                
                                                                                
                                                                                
                                                                                
                                  ##########                                    
                                  ##.#.##<##                                    
                                  ##.......#                                    
                                  #.`..``.@#                                    
                                  #...#..###                                    
                                  #..##{####                                    
                                  #{.#..##.#                                    
                                  #{..`....#                                    
                                  ##..{.##.#                                    
                                  ##########                                    
                                                                                
                                                                                
                                                                                
                                                                                
Agent the Evoker               St:11 Dx:14 Co:13 In:16 Wi:14 Ch:11 Neutral S:0  
Dlvl:1 $:0 HP:12(12) Pw:7(7) AC:9 Xp:1/0                                        

",-0.001,False
25,south,,"message:
You cannot pass through the bars.

language observation:
bars far southsouthwest, westsouthwest, and westnorthwest
bars far southsouthwest, westsouthwest, and westnorthwest
dark area far south, southwest, and west
fountains far westsouthwest
boulder far west
bars near southsoutheast, southsouthwest, westsouthwest, westnorthwest, and northnorthwest
bars near southsoutheast, southsouthwest, westsouthwest, westnorthwest, and northnorthwest
dark area near north and northwest
fountain near southsouthwest and westsouthwest
boulder near southwest and west
bars very near north, northnortheast, southsoutheast, south, southsouthwest, southwest, and northwest
dark area very near northeast, east, and southeast
boulder very near west
stairs up very near northnorthwest
bars adjacent northeast, east, southeast, south, and southwest

cursor:
Yourself a wizard
(x=42, y=11)

map:
                                                                                
                                                                                
                                                                                
                                                                                
                                                                                
                                                                                
                                                                                
                                  ##########                                    
                                  ##.#.##<##                                    
                                  ##.......#                                    
                                  #.`..``.@#                                    
                                  #...#..###                                    
                                  #..##{####                                    
                                  #{.#..##.#                                    
                                  #{..`....#                                    
                                  ##..{.##.#                                    
                                  ##########                                    
                                                                                
                                                                                
                                                                                
                                                                                
Agent the Evoker               St:11 Dx:14 Co:13 In:16 Wi:14 Ch:11 Neutral S:0  
Dlvl:1 $:0 HP:12(12) Pw:7(7) AC:9 Xp:1/0                                        

",-0.001,False
26,north,,"message:


language observation:
bars far southsoutheast, southsouthwest, westsouthwest, west, and westnorthwest
bars far southsoutheast, southsouthwest, westsouthwest, west, and westnorthwest
dark area far south, southwest, and west
fountain far southsouthwest
fountains far westsouthwest
boulder far westsouthwest
dark area near north and northwest
bars near southsoutheast, southsouthwest, westsouthwest, and westnorthwest
bars near southsoutheast, southsouthwest, westsouthwest, and westnorthwest
boulder near southsouthwest and westsouthwest
fountain near southwest
bars very near north, northnortheast, southsoutheast, south, southsouthwest, westnorthwest, northwest, and northnorthwest
dark area very near northeast, east, and southeast
boulder very near westsouthwest
bars adjacent north, northeast, east, and southeast
stairs up adjacent northwest

cursor:
Yourself a wizard
(x=42, y=10)

map:
                                                                                
                                                                                
                                                                                
                                                                                
                                                                                
                                                                                
                                                                                
                                  ##########                                    
                                  ##.#.##<##                                    
                                  ##......@#                                    
                                  #.`..``..#                                    
                                  #...#..###                                    
                                  #..##{####                                    
                                  #{.#..##.#                                    
                                  #{..`....#                                    
                                  ##..{.##.#                                    
                                  ##########                                    
                                                                                
                                                                                
                                                                                
                                                                                
Agent the Evoker               St:11 Dx:14 Co:13 In:16 Wi:14 Ch:11 Neutral S:0  
Dlvl:1 $:0 HP:12(12) Pw:7(7) AC:9 Xp:1/0                                        

",-0.001,False
27,south,,"message:


language observation:
bars far southsouthwest, westsouthwest, and westnorthwest
bars far southsouthwest, westsouthwest, and westnorthwest
dark area far south, southwest, and west
fountains far westsouthwest
boulder far west
bars near southsoutheast, southsouthwest, westsouthwest, westnorthwest, and northnorthwest
bars near southsoutheast, southsouthwest, westsouthwest, westnorthwest, and northnorthwest
dark area near north and northwest
fountain near southsouthwest and westsouthwest
boulder near southwest and west
bars very near north, northnortheast, southsoutheast, south, southsouthwest, southwest, and northwest
dark area very near northeast, east, and southeast
boulder very near west
stairs up very near northnorthwest
bars adjacent northeast, east, southeast, south, and southwest

cursor:
Yourself a wizard
(x=42, y=11)

map:
                                                                                
                                                                                
                                                                                
                                                                                
                                                                                
                                                                                
                                                                                
                                  ##########                                    
                                  ##.#.##<##                                    
                                  ##.......#                                    
                                  #.`..``.@#                                    
                                  #...#..###                                    
                                  #..##{####                                    
                                  #{.#..##.#                                    
                                  #{..`....#                                    
                                  ##..{.##.#                                    
                                  ##########                                    
                                                                                
                                                                                
                                                                                
                                                                                
Agent the Evoker               St:11 Dx:14 Co:13 In:16 Wi:14 Ch:11 Neutral S:0  
Dlvl:1 $:0 HP:12(12) Pw:7(7) AC:9 Xp:1/0                                        

",-0.001,False
28,north,,"message:


language observation:
bars far southsoutheast, southsouthwest, westsouthwest, west, and westnorthwest
bars far southsoutheast, southsouthwest, westsouthwest, west, and westnorthwest
dark area far south, southwest, and west
fountain far southsouthwest
fountains far westsouthwest
boulder far westsouthwest
dark area near north and northwest
bars near southsoutheast, southsouthwest, westsouthwest, and westnorthwest
bars near southsoutheast, southsouthwest, westsouthwest, and westnorthwest
boulder near southsouthwest and westsouthwest
fountain near southwest
bars very near north, northnortheast, southsoutheast, south, southsouthwest, westnorthwest, northwest, and northnorthwest
dark area very near northeast, east, and southeast
boulder very near westsouthwest
bars adjacent north, northeast, east, and southeast
stairs up adjacent northwest

cursor:
Yourself a wizard
(x=42, y=10)

map:
                                                                                
                                                                                
                                                                                
                                                                                
                                                                                
                                                                                
                                                                                
                                  ##########                                    
                                  ##.#.##<##                                    
                                  ##......@#                                    
                                  #.`..``..#                                    
                                  #...#..###                                    
                                  #..##{####                                    
                                  #{.#..##.#                                    
                                  #{..`....#                                    
                                  ##..{.##.#                                    
                                  ##########                                    
                                                                                
                                                                                
                                                                                
                                                                                
Agent the Evoker               St:11 Dx:14 Co:13 In:16 Wi:14 Ch:11 Neutral S:0  
Dlvl:1 $:0 HP:12(12) Pw:7(7) AC:9 Xp:1/0                                        

",-0.001,False
29,south,,"message:


language observation:
bars far southsouthwest, westsouthwest, and westnorthwest
bars far southsouthwest, westsouthwest, and westnorthwest
dark area far south, southwest, and west
fountains far westsouthwest
boulder far west
bars near southsoutheast, southsouthwest, westsouthwest, westnorthwest, and northnorthwest
bars near southsoutheast, southsouthwest, westsouthwest, westnorthwest, and northnorthwest
dark area near north and northwest
fountain near southsouthwest and westsouthwest
boulder near southwest and west
bars very near north, northnortheast, southsoutheast, south, southsouthwest, southwest, and northwest
dark area very near northeast, east, and southeast
boulder very near west
stairs up very near northnorthwest
bars adjacent northeast, east, southeast, south, and southwest

cursor:
Yourself a wizard
(x=42, y=11)

map:
                                                                                
                                                                                
                                                                                
                                                                                
                                                                                
                                                                                
                                                                                
                                  ##########                                    
                                  ##.#.##<##                                    
                                  ##.......#                                    
                                  #.`..``.@#                                    
                                  #...#..###                                    
                                  #..##{####                                    
                                  #{.#..##.#                                    
                                  #{..`....#                                    
                                  ##..{.##.#                                    
                                  ##########                                    
                                                                                
                                                                                
                                                                                
                                                                                
Agent the Evoker               St:11 Dx:14 Co:13 In:16 Wi:14 Ch:11 Neutral S:0  
Dlvl:1 $:0 HP:12(12) Pw:7(7) AC:9 Xp:1/0                                        

",-0.001,False
30,north,,"message:


language observation:
bars far southsoutheast, southsouthwest, westsouthwest, west, and westnorthwest
bars far southsoutheast, southsouthwest, westsouthwest, west, and westnorthwest
dark area far south, southwest, and west
fountain far southsouthwest
fountains far westsouthwest
boulder far westsouthwest
dark area near north and northwest
bars near southsoutheast, southsouthwest, westsouthwest, and westnorthwest
bars near southsoutheast, southsouthwest, westsouthwest, and westnorthwest
boulder near southsouthwest and westsouthwest
fountain near southwest
bars very near north, northnortheast, southsoutheast, south, southsouthwest, westnorthwest, northwest, and northnorthwest
dark area very near northeast, east, and southeast
boulder very near westsouthwest
bars adjacent north, northeast, east, and southeast
stairs up adjacent northwest

cursor:
Yourself a wizard
(x=42, y=10)

map:
                                                                                
                                                                                
                                                                                
                                                                                
                                                                                
                                                                                
                                                                                
                                  ##########                                    
                                  ##.#.##<##                                    
                                  ##......@#                                    
                                  #.`..``..#                                    
                                  #...#..###                                    
                                  #..##{####                                    
                                  #{.#..##.#                                    
                                  #{..`....#                                    
                                  ##..{.##.#                                    
                                  ##########                                    
                                                                                
                                                                                
                                                                                
                                                                                
Agent the Evoker               St:11 Dx:14 Co:13 In:16 Wi:14 Ch:11 Neutral S:0  
Dlvl:1 $:0 HP:12(12) Pw:7(7) AC:9 Xp:1/0                                        

",-0.001,False
31,south,,"message:


language observation:
bars far southsouthwest, westsouthwest, and westnorthwest
bars far southsouthwest, westsouthwest, and westnorthwest
dark area far south, southwest, and west
fountains far westsouthwest
boulder far west
bars near southsoutheast, southsouthwest, westsouthwest, westnorthwest, and northnorthwest
bars near southsoutheast, southsouthwest, westsouthwest, westnorthwest, and northnorthwest
dark area near north and northwest
fountain near southsouthwest and westsouthwest
boulder near southwest and west
bars very near north, northnortheast, southsoutheast, south, southsouthwest, southwest, and northwest
dark area very near northeast, east, and southeast
boulder very near west
stairs up very near northnorthwest
bars adjacent northeast, east, southeast, south, and southwest

cursor:
Yourself a wizard
(x=42, y=11)

map:
                                                                                
                                                                                
                                                                                
                                                                                
                                                                                
                                                                                
                                                                                
                                  ##########                                    
                                  ##.#.##<##                                    
                                  ##.......#                                    
                                  #.`..``.@#                                    
                                  #...#..###                                    
                                  #..##{####                                    
                                  #{.#..##.#                                    
                                  #{..`....#                                    
                                  ##..{.##.#                                    
                                  ##########                                    
                                                                                
                                                                                
                                                                                
                                                                                
Agent the Evoker               St:11 Dx:14 Co:13 In:16 Wi:14 Ch:11 Neutral S:0  
Dlvl:1 $:0 HP:12(12) Pw:7(7) AC:9 Xp:1/0                                        

",-0.001,False
32,north,,"message:


language observation:
bars far southsoutheast, southsouthwest, westsouthwest, west, and westnorthwest
bars far southsoutheast, southsouthwest, westsouthwest, west, and westnorthwest
dark area far south, southwest, and west
fountain far southsouthwest
fountains far westsouthwest
boulder far westsouthwest
dark area near north and northwest
bars near southsoutheast, southsouthwest, westsouthwest, and westnorthwest
bars near southsoutheast, southsouthwest, westsouthwest, and westnorthwest
boulder near southsouthwest and westsouthwest
fountain near southwest
bars very near north, northnortheast, southsoutheast, south, southsouthwest, westnorthwest, northwest, and northnorthwest
dark area very near northeast, east, and southeast
boulder very near westsouthwest
bars adjacent north, northeast, east, and southeast
stairs up adjacent northwest

cursor:
Yourself a wizard
(x=42, y=10)

map:
                                                                                
                                                                                
                                                                                
                                                                                
                                                                                
                                                                                
                                                                                
                                  ##########                                    
                                  ##.#.##<##                                    
                                  ##......@#                                    
                                  #.`..``..#                                    
                                  #...#..###                                    
                                  #..##{####                                    
                                  #{.#..##.#                                    
                                  #{..`....#                                    
                                  ##..{.##.#                                    
                                  ##########                                    
                                                                                
                                                                                
                                                                                
                                                                                
Agent the Evoker               St:11 Dx:14 Co:13 In:16 Wi:14 Ch:11 Neutral S:0  
Dlvl:1 $:0 HP:12(12) Pw:7(7) AC:9 Xp:1/0                                        

",-0.001,False
33,south,,"message:


language observation:
bars far southsouthwest, westsouthwest, and westnorthwest
bars far southsouthwest, westsouthwest, and westnorthwest
dark area far south, southwest, and west
fountains far westsouthwest
boulder far west
bars near southsoutheast, southsouthwest, westsouthwest, westnorthwest, and northnorthwest
bars near southsoutheast, southsouthwest, westsouthwest, westnorthwest, and northnorthwest
dark area near north and northwest
fountain near southsouthwest and westsouthwest
boulder near southwest and west
bars very near north, northnortheast, southsoutheast, south, southsouthwest, southwest, and northwest
dark area very near northeast, east, and southeast
boulder very near west
stairs up very near northnorthwest
bars adjacent northeast, east, southeast, south, and southwest

cursor:
Yourself a wizard
(x=42, y=11)

map:
                                                                                
                                                                                
                                                                                
                                                                                
                                                                                
                                                                                
                                                                                
                                  ##########                                    
                                  ##.#.##<##                                    
                                  ##.......#                                    
                                  #.`..``.@#                                    
                                  #...#..###                                    
                                  #..##{####                                    
                                  #{.#..##.#                                    
                                  #{..`....#                                    
                                  ##..{.##.#                                    
                                  ##########                                    
                                                                                
                                                                                
                                                                                
                                                                                
Agent the Evoker               St:11 Dx:14 Co:13 In:16 Wi:14 Ch:11 Neutral S:0  
Dlvl:1 $:0 HP:12(12) Pw:7(7) AC:9 Xp:1/0                                        

",-0.001,False
34,north,,"message:


language observation:
bars far southsoutheast, southsouthwest, westsouthwest, west, and westnorthwest
bars far southsoutheast, southsouthwest, westsouthwest, west, and westnorthwest
dark area far south, southwest, and west
fountain far southsouthwest
fountains far westsouthwest
boulder far westsouthwest
dark area near north and northwest
bars near southsoutheast, southsouthwest, westsouthwest, and westnorthwest
bars near southsoutheast, southsouthwest, westsouthwest, and westnorthwest
boulder near southsouthwest and westsouthwest
fountain near southwest
bars very near north, northnortheast, southsoutheast, south, southsouthwest, westnorthwest, northwest, and northnorthwest
dark area very near northeast, east, and southeast
boulder very near westsouthwest
bars adjacent north, northeast, east, and southeast
stairs up adjacent northwest

cursor:
Yourself a wizard
(x=42, y=10)

map:
                                                                                
                                                                                
                                                                                
                                                                                
                                                                                
                                                                                
                                                                                
                                  ##########                                    
                                  ##.#.##<##                                    
                                  ##......@#                                    
                                  #.`..``..#                                    
                                  #...#..###                                    
                                  #..##{####                                    
                                  #{.#..##.#                                    
                                  #{..`....#                                    
                                  ##..{.##.#                                    
                                  ##########                                    
                                                                                
                                                                                
                                                                                
                                                                                
Agent the Evoker               St:11 Dx:14 Co:13 In:16 Wi:14 Ch:11 Neutral S:0  
Dlvl:1 $:0 HP:12(12) Pw:7(7) AC:9 Xp:1/0                                        

",-0.001,False
35,south,,"message:


language observation:
bars far southsouthwest, westsouthwest, and westnorthwest
bars far southsouthwest, westsouthwest, and westnorthwest
dark area far south, southwest, and west
fountains far westsouthwest
boulder far west
bars near southsoutheast, southsouthwest, westsouthwest, westnorthwest, and northnorthwest
bars near southsoutheast, southsouthwest, westsouthwest, westnorthwest, and northnorthwest
dark area near north and northwest
fountain near southsouthwest and westsouthwest
boulder near southwest and west
bars very near north, northnortheast, southsoutheast, south, southsouthwest, southwest, and northwest
dark area very near northeast, east, and southeast
boulder very near west
stairs up very near northnorthwest
bars adjacent northeast, east, southeast, south, and southwest

cursor:
Yourself a wizard
(x=42, y=11)

map:
                                                                                
                                                                                
                                                                                
                                                                                
                                                                                
                                                                                
                                                                                
                                  ##########                                    
                                  ##.#.##<##                                    
                                  ##.......#                                    
                                  #.`..``.@#                                    
                                  #...#..###                                    
                                  #..##{####                                    
                                  #{.#..##.#                                    
                                  #{..`....#                                    
                                  ##..{.##.#                                    
                                  ##########                                    
                                                                                
                                                                                
                                                                                
                                                                                
Agent the Evoker               St:11 Dx:14 Co:13 In:16 Wi:14 Ch:11 Neutral S:0  
Dlvl:1 $:0 HP:12(12) Pw:7(7) AC:9 Xp:1/0                                        

",-0.001,False
36,north,,"message:


language observation:
bars far southsoutheast, southsouthwest, westsouthwest, west, and westnorthwest
bars far southsoutheast, southsouthwest, westsouthwest, west, and westnorthwest
dark area far south, southwest, and west
fountain far southsouthwest
fountains far westsouthwest
boulder far westsouthwest
dark area near north and northwest
bars near southsoutheast, southsouthwest, westsouthwest, and westnorthwest
bars near southsoutheast, southsouthwest, westsouthwest, and westnorthwest
boulder near southsouthwest and westsouthwest
fountain near southwest
bars very near north, northnortheast, southsoutheast, south, southsouthwest, westnorthwest, northwest, and northnorthwest
dark area very near northeast, east, and southeast
boulder very near westsouthwest
bars adjacent north, northeast, east, and southeast
stairs up adjacent northwest

cursor:
Yourself a wizard
(x=42, y=10)

map:
                                                                                
                                                                                
                                                                                
                                                                                
                                                                                
                                                                                
                                                                                
                                  ##########                                    
                                  ##.#.##<##                                    
                                  ##......@#                                    
                                  #.`..``..#                                    
                                  #...#..###                                    
                                  #..##{####                                    
                                  #{.#..##.#                                    
                                  #{..`....#                                    
                                  ##..{.##.#                                    
                                  ##########                                    
                                                                                
                                                                                
                                                                                
                                                                                
Agent the Evoker               St:11 Dx:14 Co:13 In:16 Wi:14 Ch:11 Neutral S:0  
Dlvl:1 $:0 HP:12(12) Pw:7(7) AC:9 Xp:1/0                                        

",-0.001,False
37,south,,"message:


language observation:
bars far southsouthwest, westsouthwest, and westnorthwest
bars far southsouthwest, westsouthwest, and westnorthwest
dark area far south, southwest, and west
fountains far westsouthwest
boulder far west
bars near southsoutheast, southsouthwest, westsouthwest, westnorthwest, and northnorthwest
bars near southsoutheast, southsouthwest, westsouthwest, westnorthwest, and northnorthwest
dark area near north and northwest
fountain near southsouthwest and westsouthwest
boulder near southwest and west
bars very near north, northnortheast, southsoutheast, south, southsouthwest, southwest, and northwest
dark area very near northeast, east, and southeast
boulder very near west
stairs up very near northnorthwest
bars adjacent northeast, east, southeast, south, and southwest

cursor:
Yourself a wizard
(x=42, y=11)

map:
                                                                                
                                                                                
                                                                                
                                                                                
                                                                                
                                                                                
                                                                                
                                  ##########                                    
                                  ##.#.##<##                                    
                                  ##.......#                                    
                                  #.`..``.@#                                    
                                  #...#..###                                    
                                  #..##{####                                    
                                  #{.#..##.#                                    
                                  #{..`....#                                    
                                  ##..{.##.#                                    
                                  ##########                                    
                                                                                
                                                                                
                                                                                
                                                                                
Agent the Evoker               St:11 Dx:14 Co:13 In:16 Wi:14 Ch:11 Neutral S:0  
Dlvl:1 $:0 HP:12(12) Pw:7(7) AC:9 Xp:1/0                                        

",-0.001,False
38,north,,"message:


language observation:
bars far southsoutheast, southsouthwest, westsouthwest, west, and westnorthwest
bars far southsoutheast, southsouthwest, westsouthwest, west, and westnorthwest
dark area far south, southwest, and west
fountain far southsouthwest
fountains far westsouthwest
boulder far westsouthwest
dark area near north and northwest
bars near southsoutheast, southsouthwest, westsouthwest, and westnorthwest
bars near southsoutheast, southsouthwest, westsouthwest, and westnorthwest
boulder near southsouthwest and westsouthwest
fountain near southwest
bars very near north, northnortheast, southsoutheast, south, southsouthwest, westnorthwest, northwest, and northnorthwest
dark area very near northeast, east, and southeast
boulder very near westsouthwest
bars adjacent north, northeast, east, and southeast
stairs up adjacent northwest

cursor:
Yourself a wizard
(x=42, y=10)

map:
                                                                                
                                                                                
                                                                                
                                                                                
                                                                                
                                                                                
                                                                                
                                  ##########                                    
                                  ##.#.##<##                                    
                                  ##......@#                                    
                                  #.`..``..#                                    
                                  #...#..###                                    
                                  #..##{####                                    
                                  #{.#..##.#                                    
                                  #{..`....#                                    
                                  ##..{.##.#                                    
                                  ##########                                    
                                                                                
                                                                                
                                                                                
                                                                                
Agent the Evoker               St:11 Dx:14 Co:13 In:16 Wi:14 Ch:11 Neutral S:0  
Dlvl:1 $:0 HP:12(12) Pw:7(7) AC:9 Xp:1/0                                        

",-0.001,False
39,south,,"message:


language observation:
bars far southsouthwest, westsouthwest, and westnorthwest
bars far southsouthwest, westsouthwest, and westnorthwest
dark area far south, southwest, and west
fountains far westsouthwest
boulder far west
bars near southsoutheast, southsouthwest, westsouthwest, westnorthwest, and northnorthwest
bars near southsoutheast, southsouthwest, westsouthwest, westnorthwest, and northnorthwest
dark area near north and northwest
fountain near southsouthwest and westsouthwest
boulder near southwest and west
bars very near north, northnortheast, southsoutheast, south, southsouthwest, southwest, and northwest
dark area very near northeast, east, and southeast
boulder very near west
stairs up very near northnorthwest
bars adjacent northeast, east, southeast, south, and southwest

cursor:
Yourself a wizard
(x=42, y=11)

map:
                                                                                
                                                                                
                                                                                
                                                                                
                                                                                
                                                                                
                                                                                
                                  ##########                                    
                                  ##.#.##<##                                    
                                  ##.......#                                    
                                  #.`..``.@#                                    
                                  #...#..###                                    
                                  #..##{####                                    
                                  #{.#..##.#                                    
                                  #{..`....#                                    
                                  ##..{.##.#                                    
                                  ##########                                    
                                                                                
                                                                                
                                                                                
                                                                                
Agent the Evoker               St:11 Dx:14 Co:13 In:16 Wi:14 Ch:11 Neutral S:0  
Dlvl:1 $:0 HP:12(12) Pw:7(7) AC:9 Xp:1/0                                        

",-0.001,False
40,north,,"message:


language observation:
bars far southsoutheast, southsouthwest, westsouthwest, west, and westnorthwest
bars far southsoutheast, southsouthwest, westsouthwest, west, and westnorthwest
dark area far south, southwest, and west
fountain far southsouthwest
fountains far westsouthwest
boulder far westsouthwest
dark area near north and northwest
bars near southsoutheast, southsouthwest, westsouthwest, and westnorthwest
bars near southsoutheast, southsouthwest, westsouthwest, and westnorthwest
boulder near southsouthwest and westsouthwest
fountain near southwest
bars very near north, northnortheast, southsoutheast, south, southsouthwest, westnorthwest, northwest, and northnorthwest
dark area very near northeast, east, and southeast
boulder very near westsouthwest
bars adjacent north, northeast, east, and southeast
stairs up adjacent northwest

cursor:
Yourself a wizard
(x=42, y=10)

map:
                                                                                
                                                                                
                                                                                
                                                                                
                                                                                
                                                                                
                                                                                
                                  ##########                                    
                                  ##.#.##<##                                    
                                  ##......@#                                    
                                  #.`..``..#                                    
                                  #...#..###                                    
                                  #..##{####                                    
                                  #{.#..##.#                                    
                                  #{..`....#                                    
                                  ##..{.##.#                                    
                                  ##########                                    
                                                                                
                                                                                
                                                                                
                                                                                
Agent the Evoker               St:11 Dx:14 Co:13 In:16 Wi:14 Ch:11 Neutral S:0  
Dlvl:1 $:0 HP:12(12) Pw:7(7) AC:9 Xp:1/0                                        

",-0.001,False
41,west,,"message:


language observation:
bars far southsoutheast, south, southsouthwest, southwest, westsouthwest, west, and westnorthwest
dark area far south, southwest, and west
fountain far southsouthwest
fountains far westsouthwest
dark area near north, northeast, east, southeast, and northwest
bars near southsoutheast, south, southsouthwest, southwest, westsouthwest, and westnorthwest
fountain near southsouthwest
boulder near southsouthwest and westsouthwest
bars very near north, northnortheast, northeast, eastnortheast, east, eastsoutheast, southeast, southsoutheast, south, westnorthwest, northwest, and northnorthwest
boulder very near westsouthwest
stairs up adjacent north
bars adjacent northeast and northwest
boulder adjacent southwest

cursor:
Yourself a wizard
(x=41, y=10)

map:
                                                                                
                                                                                
                                                                                
                                                                                
                                                                                
                                                                                
                                                                                
                                  ##########                                    
                                  ##.#.##<##                                    
                                  ##.....@.#                                    
                                  #.`..``..#                                    
                                  #...#..###                                    
                                  #..##{####                                    
                                  #{.#..##.#                                    
                                  #{..`....#                                    
                                  ##..{.##.#                                    
                                  ##########                                    
                                                                                
                                                                                
                                                                                
                                                                                
Agent the Evoker               St:11 Dx:14 Co:13 In:16 Wi:14 Ch:11 Neutral S:0  
Dlvl:1 $:0 HP:12(12) Pw:7(7) AC:9 Xp:1/0                                        

",-0.001,False
42,south,,"message:


language observation:
bars far southsoutheast, southsouthwest, westsouthwest, and westnorthwest
bars far southsoutheast, southsouthwest, westsouthwest, and westnorthwest
dark area far south, southwest, and west
fountains far westsouthwest
bars near northnortheast, southsoutheast, south, southsouthwest, westsouthwest, westnorthwest, and northnorthwest
bars near northnortheast, southsoutheast, south, southsouthwest, westsouthwest, westnorthwest, and northnorthwest
dark area near north, northeast, east, southeast, and northwest
boulder near southsouthwest and west
fountain near southsouthwest
stairs up very near north
bars very near northnortheast, northeast, eastnortheast, east, eastsoutheast, southeast, southsoutheast, south, southsouthwest, northwest, and northnorthwest
fountain very near southwest
boulder very near west
bars adjacent southeast and south
boulder adjacent west

cursor:
Yourself a wizard
(x=41, y=11)

map:
                                                                                
                                                                                
                                                                                
                                                                                
                                                                                
                                                                                
                                                                                
                                  ##########                                    
                                  ##.#.##<##                                    
                                  ##.......#                                    
                                  #.`..``@.#                                    
                                  #...#..###                                    
                                  #..##{####                                    
                                  #{.#..##.#                                    
                                  #{..`....#                                    
                                  ##..{.##.#                                    
                                  ##########                                    
                                                                                
                                                                                
                                                                                
                                                                                
Agent the Evoker               St:11 Dx:14 Co:13 In:16 Wi:14 Ch:11 Neutral S:0  
Dlvl:1 $:0 HP:12(12) Pw:7(7) AC:9 Xp:1/0                                        

",-0.001,False
43,west,,"message:
You try to move the boulder, but in vain.

language observation:
bars far southsoutheast, southsouthwest, westsouthwest, and westnorthwest
bars far southsoutheast, southsouthwest, westsouthwest, and westnorthwest
dark area far south, southwest, and west
fountains far westsouthwest
bars near northnortheast, southsoutheast, south, southsouthwest, westsouthwest, westnorthwest, and northnorthwest
bars near northnortheast, southsoutheast, south, southsouthwest, westsouthwest, westnorthwest, and northnorthwest
dark area near north, northeast, east, southeast, and northwest
boulder near southsouthwest and west
fountain near southsouthwest
stairs up very near north
bars very near northnortheast, northeast, eastnortheast, east, eastsoutheast, southeast, southsoutheast, south, southsouthwest, northwest, and northnorthwest
fountain very near southwest
boulder very near west
bars adjacent southeast and south
boulder adjacent west

cursor:
Yourself a wizard
(x=41, y=11)

map:
                                                                                
                                                                                
                                                                                
                                                                                
                                                                                
                                                                                
                                                                                
                                  ##########                                    
                                  ##.#.##<##                                    
                                  ##.......#                                    
                                  #.`..``@.#                                    
                                  #...#..###                                    
                                  #..##{####                                    
                                  #{.#..##.#                                    
                                  #{..`....#                                    
                                  ##..{.##.#                                    
                                  ##########                                    
                                                                                
                                                                                
                                                                                
                                                                                
Agent the Evoker               St:11 Dx:14 Co:13 In:16 Wi:14 Ch:11 Neutral S:0  
Dlvl:1 $:0 HP:12(12) Pw:7(7) AC:9 Xp:1/0                                        

",-0.001,False
44,north,,"message:


language observation:
bars far southsoutheast, south, southsouthwest, southwest, westsouthwest, west, and westnorthwest
dark area far south, southwest, and west
fountain far southsouthwest
fountains far westsouthwest
dark area near north, northeast, east, southeast, and northwest
bars near southsoutheast, south, southsouthwest, southwest, westsouthwest, and westnorthwest
fountain near southsouthwest
boulder near southsouthwest and westsouthwest
bars very near north, northnortheast, northeast, eastnortheast, east, eastsoutheast, southeast, southsoutheast, south, westnorthwest, northwest, and northnorthwest
boulder very near westsouthwest
stairs up adjacent north
bars adjacent northeast and northwest
boulder adjacent southwest

cursor:
Yourself a wizard
(x=41, y=10)

map:
                                                                                
                                                                                
                                                                                
                                                                                
                                                                                
                                                                                
                                                                                
                                  ##########                                    
                                  ##.#.##<##                                    
                                  ##.....@.#                                    
                                  #.`..``..#                                    
                                  #...#..###                                    
                                  #..##{####                                    
                                  #{.#..##.#                                    
                                  #{..`....#                                    
                                  ##..{.##.#                                    
                                  ##########                                    
                                                                                
                                                                                
                                                                                
                                                                                
Agent the Evoker               St:11 Dx:14 Co:13 In:16 Wi:14 Ch:11 Neutral S:0  
Dlvl:1 $:0 HP:12(12) Pw:7(7) AC:9 Xp:1/0                                        

",-0.001,False
45,south,,"message:


language observation:
bars far southsoutheast, southsouthwest, westsouthwest, and westnorthwest
bars far southsoutheast, southsouthwest, westsouthwest, and westnorthwest
dark area far south, southwest, and west
fountains far westsouthwest
bars near northnortheast, southsoutheast, south, southsouthwest, westsouthwest, westnorthwest, and northnorthwest
bars near northnortheast, southsoutheast, south, southsouthwest, westsouthwest, westnorthwest, and northnorthwest
dark area near north, northeast, east, southeast, and northwest
boulder near southsouthwest and west
fountain near southsouthwest
stairs up very near north
bars very near northnortheast, northeast, eastnortheast, east, eastsoutheast, southeast, southsoutheast, south, southsouthwest, northwest, and northnorthwest
fountain very near southwest
boulder very near west
bars adjacent southeast and south
boulder adjacent west

cursor:
Yourself a wizard
(x=41, y=11)

map:
                                                                                
                                                                                
                                                                                
                                                                                
                                                                                
                                                                                
                                                                                
                                  ##########                                    
                                  ##.#.##<##                                    
                                  ##.......#                                    
                                  #.`..``@.#                                    
                                  #...#..###                                    
                                  #..##{####                                    
                                  #{.#..##.#                                    
                                  #{..`....#                                    
                                  ##..{.##.#                                    
                                  ##########                                    
                                                                                
                                                                                
                                                                                
                                                                                
Agent the Evoker               St:11 Dx:14 Co:13 In:16 Wi:14 Ch:11 Neutral S:0  
Dlvl:1 $:0 HP:12(12) Pw:7(7) AC:9 Xp:1/0                                        

",-0.001,False
46,north,,"message:


language observation:
bars far southsoutheast, south, southsouthwest, southwest, westsouthwest, west, and westnorthwest
dark area far south, southwest, and west
fountain far southsouthwest
fountains far westsouthwest
dark area near north, northeast, east, southeast, and northwest
bars near southsoutheast, south, southsouthwest, southwest, westsouthwest, and westnorthwest
fountain near southsouthwest
boulder near southsouthwest and westsouthwest
bars very near north, northnortheast, northeast, eastnortheast, east, eastsoutheast, southeast, southsoutheast, south, westnorthwest, northwest, and northnorthwest
boulder very near westsouthwest
stairs up adjacent north
bars adjacent northeast and northwest
boulder adjacent southwest

cursor:
Yourself a wizard
(x=41, y=10)

map:
                                                                                
                                                                                
                                                                                
                                                                                
                                                                                
                                                                                
                                                                                
                                  ##########                                    
                                  ##.#.##<##                                    
                                  ##.....@.#                                    
                                  #.`..``..#                                    
                                  #...#..###                                    
                                  #..##{####                                    
                                  #{.#..##.#                                    
                                  #{..`....#                                    
                                  ##..{.##.#                                    
                                  ##########                                    
                                                                                
                                                                                
                                                                                
                                                                                
Agent the Evoker               St:11 Dx:14 Co:13 In:16 Wi:14 Ch:11 Neutral S:0  
Dlvl:1 $:0 HP:12(12) Pw:7(7) AC:9 Xp:1/0                                        

",-0.001,False
47,south,,"message:


language observation:
bars far southsoutheast, southsouthwest, westsouthwest, and westnorthwest
bars far southsoutheast, southsouthwest, westsouthwest, and westnorthwest
dark area far south, southwest, and west
fountains far westsouthwest
bars near northnortheast, southsoutheast, south, southsouthwest, westsouthwest, westnorthwest, and northnorthwest
bars near northnortheast, southsoutheast, south, southsouthwest, westsouthwest, westnorthwest, and northnorthwest
dark area near north, northeast, east, southeast, and northwest
boulder near southsouthwest and west
fountain near southsouthwest
stairs up very near north
bars very near northnortheast, northeast, eastnortheast, east, eastsoutheast, southeast, southsoutheast, south, southsouthwest, northwest, and northnorthwest
fountain very near southwest
boulder very near west
bars adjacent southeast and south
boulder adjacent west

cursor:
Yourself a wizard
(x=41, y=11)

map:
                                                                                
                                                                                
                                                                                
                                                                                
                                                                                
                                                                                
                                                                                
                                  ##########                                    
                                  ##.#.##<##                                    
                                  ##.......#                                    
                                  #.`..``@.#                                    
                                  #...#..###                                    
                                  #..##{####                                    
                                  #{.#..##.#                                    
                                  #{..`....#                                    
                                  ##..{.##.#                                    
                                  ##########                                    
                                                                                
                                                                                
                                                                                
                                                                                
Agent the Evoker               St:11 Dx:14 Co:13 In:16 Wi:14 Ch:11 Neutral S:0  
Dlvl:1 $:0 HP:12(12) Pw:7(7) AC:9 Xp:1/0                                        

",-0.001,False
48,north,,"message:


language observation:
bars far southsoutheast, south, southsouthwest, southwest, westsouthwest, west, and westnorthwest
dark area far south, southwest, and west
fountain far southsouthwest
fountains far westsouthwest
dark area near north, northeast, east, southeast, and northwest
bars near southsoutheast, south, southsouthwest, southwest, westsouthwest, and westnorthwest
fountain near southsouthwest
boulder near southsouthwest and westsouthwest
bars very near north, northnortheast, northeast, eastnortheast, east, eastsoutheast, southeast, southsoutheast, south, westnorthwest, northwest, and northnorthwest
boulder very near westsouthwest
stairs up adjacent north
bars adjacent northeast and northwest
boulder adjacent southwest

cursor:
Yourself a wizard
(x=41, y=10)

map:
                                                                                
                                                                                
                                                                                
                                                                                
                                                                                
                                                                                
                                                                                
                                  ##########                                    
                                  ##.#.##<##                                    
                                  ##.....@.#                                    
                                  #.`..``..#                                    
                                  #...#..###                                    
                                  #..##{####                                    
                                  #{.#..##.#                                    
                                  #{..`....#                                    
                                  ##..{.##.#                                    
                                  ##########                                    
                                                                                
                                                                                
                                                                                
                                                                                
Agent the Evoker               St:11 Dx:14 Co:13 In:16 Wi:14 Ch:11 Neutral S:0  
Dlvl:1 $:0 HP:12(12) Pw:7(7) AC:9 Xp:1/0                                        

",-0.001,False
49,south,,"message:


language observation:
bars far southsoutheast, southsouthwest, westsouthwest, and westnorthwest
bars far southsoutheast, southsouthwest, westsouthwest, and westnorthwest
dark area far south, southwest, and west
fountains far westsouthwest
bars near northnortheast, southsoutheast, south, southsouthwest, westsouthwest, westnorthwest, and northnorthwest
bars near northnortheast, southsoutheast, south, southsouthwest, westsouthwest, westnorthwest, and northnorthwest
dark area near north, northeast, east, southeast, and northwest
boulder near southsouthwest and west
fountain near southsouthwest
stairs up very near north
bars very near northnortheast, northeast, eastnortheast, east, eastsoutheast, southeast, southsoutheast, south, southsouthwest, northwest, and northnorthwest
fountain very near southwest
boulder very near west
bars adjacent southeast and south
boulder adjacent west

cursor:
Yourself a wizard
(x=41, y=11)

map:
                                                                                
                                                                                
                                                                                
                                                                                
                                                                                
                                                                                
                                                                                
                                  ##########                                    
                                  ##.#.##<##                                    
                                  ##.......#                                    
                                  #.`..``@.#                                    
                                  #...#..###                                    
                                  #..##{####                                    
                                  #{.#..##.#                                    
                                  #{..`....#                                    
                                  ##..{.##.#                                    
                                  ##########                                    
                                                                                
                                                                                
                                                                                
                                                                                
Agent the Evoker               St:11 Dx:14 Co:13 In:16 Wi:14 Ch:11 Neutral S:0  
Dlvl:1 $:0 HP:12(12) Pw:7(7) AC:9 Xp:1/0                                        

",-0.001,False
50,north,,"message:


language observation:
bars far southsoutheast, south, southsouthwest, southwest, westsouthwest, west, and westnorthwest
dark area far south, southwest, and west
fountain far southsouthwest
fountains far westsouthwest
dark area near north, northeast, east, southeast, and northwest
bars near southsoutheast, south, southsouthwest, southwest, westsouthwest, and westnorthwest
fountain near southsouthwest
boulder near southsouthwest and westsouthwest
bars very near north, northnortheast, northeast, eastnortheast, east, eastsoutheast, southeast, southsoutheast, south, westnorthwest, northwest, and northnorthwest
boulder very near westsouthwest
stairs up adjacent north
bars adjacent northeast and northwest
boulder adjacent southwest

cursor:
Yourself a wizard
(x=41, y=10)

map:
                                                                                
                                                                                
                                                                                
                                                                                
                                                                                
                                                                                
                                                                                
                                  ##########                                    
                                  ##.#.##<##                                    
                                  ##.....@.#                                    
                                  #.`..``..#                                    
                                  #...#..###                                    
                                  #..##{####                                    
                                  #{.#..##.#                                    
                                  #{..`....#                                    
                                  ##..{.##.#                                    
                                  ##########                                    
                                                                                
                                                                                
                                                                                
                                                                                
Agent the Evoker               St:11 Dx:14 Co:13 In:16 Wi:14 Ch:11 Neutral S:0  
Dlvl:1 $:0 HP:12(12) Pw:7(7) AC:9 Xp:1/0                                        

",-0.001,False
51,south,,"message:


language observation:
bars far southsoutheast, southsouthwest, westsouthwest, and westnorthwest
bars far southsoutheast, southsouthwest, westsouthwest, and westnorthwest
dark area far south, southwest, and west
fountains far westsouthwest
bars near northnortheast, southsoutheast, south, southsouthwest, westsouthwest, westnorthwest, and northnorthwest
bars near northnortheast, southsoutheast, south, southsouthwest, westsouthwest, westnorthwest, and northnorthwest
dark area near north, northeast, east, southeast, and northwest
boulder near southsouthwest and west
fountain near southsouthwest
stairs up very near north
bars very near northnortheast, northeast, eastnortheast, east, eastsoutheast, southeast, southsoutheast, south, southsouthwest, northwest, and northnorthwest
fountain very near southwest
boulder very near west
bars adjacent southeast and south
boulder adjacent west

cursor:
Yourself a wizard
(x=41, y=11)

map:
                                                                                
                                                                                
                                                                                
                                                                                
                                                                                
                                                                                
                                                                                
                                  ##########                                    
                                  ##.#.##<##                                    
                                  ##.......#                                    
                                  #.`..``@.#                                    
                                  #...#..###                                    
                                  #..##{####                                    
                                  #{.#..##.#                                    
                                  #{..`....#                                    
                                  ##..{.##.#                                    
                                  ##########                                    
                                                                                
                                                                                
                                                                                
                                                                                
Agent the Evoker               St:11 Dx:14 Co:13 In:16 Wi:14 Ch:11 Neutral S:0  
Dlvl:1 $:0 HP:12(12) Pw:7(7) AC:9 Xp:1/0                                        

",-0.001,False
52,north,,"message:


language observation:
bars far southsoutheast, south, southsouthwest, southwest, westsouthwest, west, and westnorthwest
dark area far south, southwest, and west
fountain far southsouthwest
fountains far westsouthwest
dark area near north, northeast, east, southeast, and northwest
bars near southsoutheast, south, southsouthwest, southwest, westsouthwest, and westnorthwest
fountain near southsouthwest
boulder near southsouthwest and westsouthwest
bars very near north, northnortheast, northeast, eastnortheast, east, eastsoutheast, southeast, southsoutheast, south, westnorthwest, northwest, and northnorthwest
boulder very near westsouthwest
stairs up adjacent north
bars adjacent northeast and northwest
boulder adjacent southwest

cursor:
Yourself a wizard
(x=41, y=10)

map:
                                                                                
                                                                                
                                                                                
                                                                                
                                                                                
                                                                                
                                                                                
                                  ##########                                    
                                  ##.#.##<##                                    
                                  ##.....@.#                                    
                                  #.`..``..#                                    
                                  #...#..###                                    
                                  #..##{####                                    
                                  #{.#..##.#                                    
                                  #{..`....#                                    
                                  ##..{.##.#                                    
                                  ##########                                    
                                                                                
                                                                                
                                                                                
                                                                                
Agent the Evoker               St:11 Dx:14 Co:13 In:16 Wi:14 Ch:11 Neutral S:0  
Dlvl:1 $:0 HP:12(12) Pw:7(7) AC:9 Xp:1/0                                        

",-0.001,False
53,south,,"message:


language observation:
bars far southsoutheast, southsouthwest, westsouthwest, and westnorthwest
bars far southsoutheast, southsouthwest, westsouthwest, and westnorthwest
dark area far south, southwest, and west
fountains far westsouthwest
bars near northnortheast, southsoutheast, south, southsouthwest, westsouthwest, westnorthwest, and northnorthwest
bars near northnortheast, southsoutheast, south, southsouthwest, westsouthwest, westnorthwest, and northnorthwest
dark area near north, northeast, east, southeast, and northwest
boulder near southsouthwest and west
fountain near southsouthwest
stairs up very near north
bars very near northnortheast, northeast, eastnortheast, east, eastsoutheast, southeast, southsoutheast, south, southsouthwest, northwest, and northnorthwest
fountain very near southwest
boulder very near west
bars adjacent southeast and south
boulder adjacent west

cursor:
Yourself a wizard
(x=41, y=11)

map:
                                                                                
                                                                                
                                                                                
                                                                                
                                                                                
                                                                                
                                                                                
                                  ##########                                    
                                  ##.#.##<##                                    
                                  ##.......#                                    
                                  #.`..``@.#                                    
                                  #...#..###                                    
                                  #..##{####                                    
                                  #{.#..##.#                                    
                                  #{..`....#                                    
                                  ##..{.##.#                                    
                                  ##########                                    
                                                                                
                                                                                
                                                                                
                                                                                
Agent the Evoker               St:11 Dx:14 Co:13 In:16 Wi:14 Ch:11 Neutral S:0  
Dlvl:1 $:0 HP:12(12) Pw:7(7) AC:9 Xp:1/0                                        

",-0.001,False
54,north,,"message:


language observation:
bars far southsoutheast, south, southsouthwest, southwest, westsouthwest, west, and westnorthwest
dark area far south, southwest, and west
fountain far southsouthwest
fountains far westsouthwest
dark area near north, northeast, east, southeast, and northwest
bars near southsoutheast, south, southsouthwest, southwest, westsouthwest, and westnorthwest
fountain near southsouthwest
boulder near southsouthwest and westsouthwest
bars very near north, northnortheast, northeast, eastnortheast, east, eastsoutheast, southeast, southsoutheast, south, westnorthwest, northwest, and northnorthwest
boulder very near westsouthwest
stairs up adjacent north
bars adjacent northeast and northwest
boulder adjacent southwest

cursor:
Yourself a wizard
(x=41, y=10)

map:
                                                                                
                                                                                
                                                                                
                                                                                
                                                                                
                                                                                
                                                                                
                                  ##########                                    
                                  ##.#.##<##                                    
                                  ##.....@.#                                    
                                  #.`..``..#                                    
                                  #...#..###                                    
                                  #..##{####                                    
                                  #{.#..##.#                                    
                                  #{..`....#                                    
                                  ##..{.##.#                                    
                                  ##########                                    
                                                                                
                                                                                
                                                                                
                                                                                
Agent the Evoker               St:11 Dx:14 Co:13 In:16 Wi:14 Ch:11 Neutral S:0  
Dlvl:1 $:0 HP:12(12) Pw:7(7) AC:9 Xp:1/0                                        

",-0.001,False
55,east,,"message:


language observation:
bars far southsoutheast, southsouthwest, westsouthwest, west, and westnorthwest
bars far southsoutheast, southsouthwest, westsouthwest, west, and westnorthwest
dark area far south, southwest, and west
fountain far southsouthwest
fountains far westsouthwest
boulder far westsouthwest
dark area near north and northwest
bars near southsoutheast, southsouthwest, westsouthwest, and westnorthwest
bars near southsoutheast, southsouthwest, westsouthwest, and westnorthwest
boulder near southsouthwest and westsouthwest
fountain near southwest
bars very near north, northnortheast, southsoutheast, south, southsouthwest, westnorthwest, northwest, and northnorthwest
dark area very near northeast, east, and southeast
boulder very near westsouthwest
bars adjacent north, northeast, east, and southeast
stairs up adjacent northwest

cursor:
Yourself a wizard
(x=42, y=10)

map:
                                                                                
                                                                                
                                                                                
                                                                                
                                                                                
                                                                                
                                                                                
                                  ##########                                    
                                  ##.#.##<##                                    
                                  ##......@#                                    
                                  #.`..``..#                                    
                                  #...#..###                                    
                                  #..##{####                                    
                                  #{.#..##.#                                    
                                  #{..`....#                                    
                                  ##..{.##.#                                    
                                  ##########                                    
                                                                                
                                                                                
                                                                                
                                                                                
Agent the Evoker               St:11 Dx:14 Co:13 In:16 Wi:14 Ch:11 Neutral S:0  
Dlvl:1 $:0 HP:12(12) Pw:7(7) AC:9 Xp:1/0                                        

",-0.001,False
56,south,,"message:


language observation:
bars far southsouthwest, westsouthwest, and westnorthwest
bars far southsouthwest, westsouthwest, and westnorthwest
dark area far south, southwest, and west
fountains far westsouthwest
boulder far west
bars near southsoutheast, southsouthwest, westsouthwest, westnorthwest, and northnorthwest
bars near southsoutheast, southsouthwest, westsouthwest, westnorthwest, and northnorthwest
dark area near north and northwest
fountain near southsouthwest and westsouthwest
boulder near southwest and west
bars very near north, northnortheast, southsoutheast, south, southsouthwest, southwest, and northwest
dark area very near northeast, east, and southeast
boulder very near west
stairs up very near northnorthwest
bars adjacent northeast, east, southeast, south, and southwest

cursor:
Yourself a wizard
(x=42, y=11)

map:
                                                                                
                                                                                
                                                                                
                                                                                
                                                                                
                                                                                
                                                                                
                                  ##########                                    
                                  ##.#.##<##                                    
                                  ##.......#                                    
                                  #.`..``.@#                                    
                                  #...#..###                                    
                                  #..##{####                                    
                                  #{.#..##.#                                    
                                  #{..`....#                                    
                                  ##..{.##.#                                    
                                  ##########                                    
                                                                                
                                                                                
                                                                                
                                                                                
Agent the Evoker               St:11 Dx:14 Co:13 In:16 Wi:14 Ch:11 Neutral S:0  
Dlvl:1 $:0 HP:12(12) Pw:7(7) AC:9 Xp:1/0                                        

",-0.001,False
57,west,,"message:


language observation:
bars far southsoutheast, southsouthwest, westsouthwest, and westnorthwest
bars far southsoutheast, southsouthwest, westsouthwest, and westnorthwest
dark area far south, southwest, and west
fountains far westsouthwest
bars near northnortheast, southsoutheast, south, southsouthwest, westsouthwest, westnorthwest, and northnorthwest
bars near northnortheast, southsoutheast, south, southsouthwest, westsouthwest, westnorthwest, and northnorthwest
dark area near north, northeast, east, southeast, and northwest
boulder near southsouthwest and west
fountain near southsouthwest
stairs up very near north
bars very near northnortheast, northeast, eastnortheast, east, eastsoutheast, southeast, southsoutheast, south, southsouthwest, northwest, and northnorthwest
fountain very near southwest
boulder very near west
bars adjacent southeast and south
boulder adjacent west

cursor:
Yourself a wizard
(x=41, y=11)

map:
                                                                                
                                                                                
                                                                                
                                                                                
                                                                                
                                                                                
                                                                                
                                  ##########                                    
                                  ##.#.##<##                                    
                                  ##.......#                                    
                                  #.`..``@.#                                    
                                  #...#..###                                    
                                  #..##{####                                    
                                  #{.#..##.#                                    
                                  #{..`....#                                    
                                  ##..{.##.#                                    
                                  ##########                                    
                                                                                
                                                                                
                                                                                
                                                                                
Agent the Evoker               St:11 Dx:14 Co:13 In:16 Wi:14 Ch:11 Neutral S:0  
Dlvl:1 $:0 HP:12(12) Pw:7(7) AC:9 Xp:1/0                                        

",-0.001,False
58,north,,"message:


language observation:
bars far southsoutheast, south, southsouthwest, southwest, westsouthwest, west, and westnorthwest
dark area far south, southwest, and west
fountain far southsouthwest
fountains far westsouthwest
dark area near north, northeast, east, southeast, and northwest
bars near southsoutheast, south, southsouthwest, southwest, westsouthwest, and westnorthwest
fountain near southsouthwest
boulder near southsouthwest and westsouthwest
bars very near north, northnortheast, northeast, eastnortheast, east, eastsoutheast, southeast, southsoutheast, south, westnorthwest, northwest, and northnorthwest
boulder very near westsouthwest
stairs up adjacent north
bars adjacent northeast and northwest
boulder adjacent southwest

cursor:
Yourself a wizard
(x=41, y=10)

map:
                                                                                
                                                                                
                                                                                
                                                                                
                                                                                
                                                                                
                                                                                
                                  ##########                                    
                                  ##.#.##<##                                    
                                  ##.....@.#                                    
                                  #.`..``..#                                    
                                  #...#..###                                    
                                  #..##{####                                    
                                  #{.#..##.#                                    
                                  #{..`....#                                    
                                  ##..{.##.#                                    
                                  ##########                                    
                                                                                
                                                                                
                                                                                
                                                                                
Agent the Evoker               St:11 Dx:14 Co:13 In:16 Wi:14 Ch:11 Neutral S:0  
Dlvl:1 $:0 HP:12(12) Pw:7(7) AC:9 Xp:1/0                                        

",-0.001,False
59,south,,"message:


language observation:
bars far southsoutheast, southsouthwest, westsouthwest, and westnorthwest
bars far southsoutheast, southsouthwest, westsouthwest, and westnorthwest
dark area far south, southwest, and west
fountains far westsouthwest
bars near northnortheast, southsoutheast, south, southsouthwest, westsouthwest, westnorthwest, and northnorthwest
bars near northnortheast, southsoutheast, south, southsouthwest, westsouthwest, westnorthwest, and northnorthwest
dark area near north, northeast, east, southeast, and northwest
boulder near southsouthwest and west
fountain near southsouthwest
stairs up very near north
bars very near northnortheast, northeast, eastnortheast, east, eastsoutheast, southeast, southsoutheast, south, southsouthwest, northwest, and northnorthwest
fountain very near southwest
boulder very near west
bars adjacent southeast and south
boulder adjacent west

cursor:
Yourself a wizard
(x=41, y=11)

map:
                                                                                
                                                                                
                                                                                
                                                                                
                                                                                
                                                                                
                                                                                
                                  ##########                                    
                                  ##.#.##<##                                    
                                  ##.......#                                    
                                  #.`..``@.#                                    
                                  #...#..###                                    
                                  #..##{####                                    
                                  #{.#..##.#                                    
                                  #{..`....#                                    
                                  ##..{.##.#                                    
                                  ##########                                    
                                                                                
                                                                                
                                                                                
                                                                                
Agent the Evoker               St:11 Dx:14 Co:13 In:16 Wi:14 Ch:11 Neutral S:0  
Dlvl:1 $:0 HP:12(12) Pw:7(7) AC:9 Xp:1/0                                        

",-0.001,False
60,west,,"message:
You try to move the boulder, but in vain.

language observation:
bars far southsoutheast, southsouthwest, westsouthwest, and westnorthwest
bars far southsoutheast, southsouthwest, westsouthwest, and westnorthwest
dark area far south, southwest, and west
fountains far westsouthwest
bars near northnortheast, southsoutheast, south, southsouthwest, westsouthwest, westnorthwest, and northnorthwest
bars near northnortheast, southsoutheast, south, southsouthwest, westsouthwest, westnorthwest, and northnorthwest
dark area near north, northeast, east, southeast, and northwest
boulder near southsouthwest and west
fountain near southsouthwest
stairs up very near north
bars very near northnortheast, northeast, eastnortheast, east, eastsoutheast, southeast, southsoutheast, south, southsouthwest, northwest, and northnorthwest
fountain very near southwest
boulder very near west
bars adjacent southeast and south
boulder adjacent west

cursor:
Yourself a wizard
(x=41, y=11)

map:
                                                                                
                                                                                
                                                                                
                                                                                
                                                                                
                                                                                
                                                                                
                                  ##########                                    
                                  ##.#.##<##                                    
                                  ##.......#                                    
                                  #.`..``@.#                                    
                                  #...#..###                                    
                                  #..##{####                                    
                                  #{.#..##.#                                    
                                  #{..`....#                                    
                                  ##..{.##.#                                    
                                  ##########                                    
                                                                                
                                                                                
                                                                                
                                                                                
Agent the Evoker               St:11 Dx:14 Co:13 In:16 Wi:14 Ch:11 Neutral S:0  
Dlvl:1 $:0 HP:12(12) Pw:7(7) AC:9 Xp:1/0                                        

",-0.001,False
61,north,,"message:


language observation:
bars far southsoutheast, south, southsouthwest, southwest, westsouthwest, west, and westnorthwest
dark area far south, southwest, and west
fountain far southsouthwest
fountains far westsouthwest
dark area near north, northeast, east, southeast, and northwest
bars near southsoutheast, south, southsouthwest, southwest, westsouthwest, and westnorthwest
fountain near southsouthwest
boulder near southsouthwest and westsouthwest
bars very near north, northnortheast, northeast, eastnortheast, east, eastsoutheast, southeast, southsoutheast, south, westnorthwest, northwest, and northnorthwest
boulder very near westsouthwest
stairs up adjacent north
bars adjacent northeast and northwest
boulder adjacent southwest

cursor:
Yourself a wizard
(x=41, y=10)

map:
                                                                                
                                                                                
                                                                                
                                                                                
                                                                                
                                                                                
                                                                                
                                  ##########                                    
                                  ##.#.##<##                                    
                                  ##.....@.#                                    
                                  #.`..``..#                                    
                                  #...#..###                                    
                                  #..##{####                                    
                                  #{.#..##.#                                    
                                  #{..`....#                                    
                                  ##..{.##.#                                    
                                  ##########                                    
                                                                                
                                                                                
                                                                                
                                                                                
Agent the Evoker               St:11 Dx:14 Co:13 In:16 Wi:14 Ch:11 Neutral S:0  
Dlvl:1 $:0 HP:12(12) Pw:7(7) AC:9 Xp:1/0                                        

",-0.001,False
62,south,,"message:


language observation:
bars far southsoutheast, southsouthwest, westsouthwest, and westnorthwest
bars far southsoutheast, southsouthwest, westsouthwest, and westnorthwest
dark area far south, southwest, and west
fountains far westsouthwest
bars near northnortheast, southsoutheast, south, southsouthwest, westsouthwest, westnorthwest, and northnorthwest
bars near northnortheast, southsoutheast, south, southsouthwest, westsouthwest, westnorthwest, and northnorthwest
dark area near north, northeast, east, southeast, and northwest
boulder near southsouthwest and west
fountain near southsouthwest
stairs up very near north
bars very near northnortheast, northeast, eastnortheast, east, eastsoutheast, southeast, southsoutheast, south, southsouthwest, northwest, and northnorthwest
fountain very near southwest
boulder very near west
bars adjacent southeast and south
boulder adjacent west

cursor:
Yourself a wizard
(x=41, y=11)

map:
                                                                                
                                                                                
                                                                                
                                                                                
                                                                                
                                                                                
                                                                                
                                  ##########                                    
                                  ##.#.##<##                                    
                                  ##.......#                                    
                                  #.`..``@.#                                    
                                  #...#..###                                    
                                  #..##{####                                    
                                  #{.#..##.#                                    
                                  #{..`....#                                    
                                  ##..{.##.#                                    
                                  ##########                                    
                                                                                
                                                                                
                                                                                
                                                                                
Agent the Evoker               St:11 Dx:14 Co:13 In:16 Wi:14 Ch:11 Neutral S:0  
Dlvl:1 $:0 HP:12(12) Pw:7(7) AC:9 Xp:1/0                                        

",-0.001,False
63,north,,"message:


language observation:
bars far southsoutheast, south, southsouthwest, southwest, westsouthwest, west, and westnorthwest
dark area far south, southwest, and west
fountain far southsouthwest
fountains far westsouthwest
dark area near north, northeast, east, southeast, and northwest
bars near southsoutheast, south, southsouthwest, southwest, westsouthwest, and westnorthwest
fountain near southsouthwest
boulder near southsouthwest and westsouthwest
bars very near north, northnortheast, northeast, eastnortheast, east, eastsoutheast, southeast, southsoutheast, south, westnorthwest, northwest, and northnorthwest
boulder very near westsouthwest
stairs up adjacent north
bars adjacent northeast and northwest
boulder adjacent southwest

cursor:
Yourself a wizard
(x=41, y=10)

map:
                                                                                
                                                                                
                                                                                
                                                                                
                                                                                
                                                                                
                                                                                
                                  ##########                                    
                                  ##.#.##<##                                    
                                  ##.....@.#                                    
                                  #.`..``..#                                    
                                  #...#..###                                    
                                  #..##{####                                    
                                  #{.#..##.#                                    
                                  #{..`....#                                    
                                  ##..{.##.#                                    
                                  ##########                                    
                                                                                
                                                                                
                                                                                
                                                                                
Agent the Evoker               St:11 Dx:14 Co:13 In:16 Wi:14 Ch:11 Neutral S:0  
Dlvl:1 $:0 HP:12(12) Pw:7(7) AC:9 Xp:1/0                                        

",-0.001,False
64,south,,"message:


language observation:
bars far southsoutheast, southsouthwest, westsouthwest, and westnorthwest
bars far southsoutheast, southsouthwest, westsouthwest, and westnorthwest
dark area far south, southwest, and west
fountains far westsouthwest
bars near northnortheast, southsoutheast, south, southsouthwest, westsouthwest, westnorthwest, and northnorthwest
bars near northnortheast, southsoutheast, south, southsouthwest, westsouthwest, westnorthwest, and northnorthwest
dark area near north, northeast, east, southeast, and northwest
boulder near southsouthwest and west
fountain near southsouthwest
stairs up very near north
bars very near northnortheast, northeast, eastnortheast, east, eastsoutheast, southeast, southsoutheast, south, southsouthwest, northwest, and northnorthwest
fountain very near southwest
boulder very near west
bars adjacent southeast and south
boulder adjacent west

cursor:
Yourself a wizard
(x=41, y=11)

map:
                                                                                
                                                                                
                                                                                
                                                                                
                                                                                
                                                                                
                                                                                
                                  ##########                                    
                                  ##.#.##<##                                    
                                  ##.......#                                    
                                  #.`..``@.#                                    
                                  #...#..###                                    
                                  #..##{####                                    
                                  #{.#..##.#                                    
                                  #{..`....#                                    
                                  ##..{.##.#                                    
                                  ##########                                    
                                                                                
                                                                                
                                                                                
                                                                                
Agent the Evoker               St:11 Dx:14 Co:13 In:16 Wi:14 Ch:11 Neutral S:0  
Dlvl:1 $:0 HP:12(12) Pw:7(7) AC:9 Xp:1/0                                        

",-0.001,False
65,east,,"message:


language observation:
bars far southsouthwest, westsouthwest, and westnorthwest
bars far southsouthwest, westsouthwest, and westnorthwest
dark area far south, southwest, and west
fountains far westsouthwest
boulder far west
bars near southsoutheast, southsouthwest, westsouthwest, westnorthwest, and northnorthwest
bars near southsoutheast, southsouthwest, westsouthwest, westnorthwest, and northnorthwest
dark area near north and northwest
fountain near southsouthwest and westsouthwest
boulder near southwest and west
bars very near north, northnortheast, southsoutheast, south, southsouthwest, southwest, and northwest
dark area very near northeast, east, and southeast
boulder very near west
stairs up very near northnorthwest
bars adjacent northeast, east, southeast, south, and southwest

cursor:
Yourself a wizard
(x=42, y=11)

map:
                                                                                
                                                                                
                                                                                
                                                                                
                                                                                
                                                                                
                                                                                
                                  ##########                                    
                                  ##.#.##<##                                    
                                  ##.......#                                    
                                  #.`..``.@#                                    
                                  #...#..###                                    
                                  #..##{####                                    
                                  #{.#..##.#                                    
                                  #{..`....#                                    
                                  ##..{.##.#                                    
                                  ##########                                    
                                                                                
                                                                                
                                                                                
                                                                                
Agent the Evoker               St:11 Dx:14 Co:13 In:16 Wi:14 Ch:11 Neutral S:0  
Dlvl:1 $:0 HP:12(12) Pw:7(7) AC:9 Xp:1/0                                        

",-0.001,False
66,west,,"message:


language observation:
bars far southsoutheast, southsouthwest, westsouthwest, and westnorthwest
bars far southsoutheast, southsouthwest, westsouthwest, and westnorthwest
dark area far south, southwest, and west
fountains far westsouthwest
bars near northnortheast, southsoutheast, south, southsouthwest, westsouthwest, westnorthwest, and northnorthwest
bars near northnortheast, southsoutheast, south, southsouthwest, westsouthwest, westnorthwest, and northnorthwest
dark area near north, northeast, east, southeast, and northwest
boulder near southsouthwest and west
fountain near southsouthwest
stairs up very near north
bars very near northnortheast, northeast, eastnortheast, east, eastsoutheast, southeast, southsoutheast, south, southsouthwest, northwest, and northnorthwest
fountain very near southwest
boulder very near west
bars adjacent southeast and south
boulder adjacent west

cursor:
Yourself a wizard
(x=41, y=11)

map:
                                                                                
                                                                                
                                                                                
                                                                                
                                                                                
                                                                                
                                                                                
                                  ##########                                    
                                  ##.#.##<##                                    
                                  ##.......#                                    
                                  #.`..``@.#                                    
                                  #...#..###                                    
                                  #..##{####                                    
                                  #{.#..##.#                                    
                                  #{..`....#                                    
                                  ##..{.##.#                                    
                                  ##########                                    
                                                                                
                                                                                
                                                                                
                                                                                
Agent the Evoker               St:11 Dx:14 Co:13 In:16 Wi:14 Ch:11 Neutral S:0  
Dlvl:1 $:0 HP:12(12) Pw:7(7) AC:9 Xp:1/0                                        

",-0.001,False
67,north,,"message:


language observation:
bars far southsoutheast, south, southsouthwest, southwest, westsouthwest, west, and westnorthwest
dark area far south, southwest, and west
fountain far southsouthwest
fountains far westsouthwest
dark area near north, northeast, east, southeast, and northwest
bars near southsoutheast, south, southsouthwest, southwest, westsouthwest, and westnorthwest
fountain near southsouthwest
boulder near southsouthwest and westsouthwest
bars very near north, northnortheast, northeast, eastnortheast, east, eastsoutheast, southeast, southsoutheast, south, westnorthwest, northwest, and northnorthwest
boulder very near westsouthwest
stairs up adjacent north
bars adjacent northeast and northwest
boulder adjacent southwest

cursor:
Yourself a wizard
(x=41, y=10)

map:
                                                                                
                                                                                
                                                                                
                                                                                
                                                                                
                                                                                
                                                                                
                                  ##########                                    
                                  ##.#.##<##                                    
                                  ##.....@.#                                    
                                  #.`..``..#                                    
                                  #...#..###                                    
                                  #..##{####                                    
                                  #{.#..##.#                                    
                                  #{..`....#                                    
                                  ##..{.##.#                                    
                                  ##########                                    
                                                                                
                                                                                
                                                                                
                                                                                
Agent the Evoker               St:11 Dx:14 Co:13 In:16 Wi:14 Ch:11 Neutral S:0  
Dlvl:1 $:0 HP:12(12) Pw:7(7) AC:9 Xp:1/0                                        

",-0.001,False
68,south,,"message:


language observation:
bars far southsoutheast, southsouthwest, westsouthwest, and westnorthwest
bars far southsoutheast, southsouthwest, westsouthwest, and westnorthwest
dark area far south, southwest, and west
fountains far westsouthwest
bars near northnortheast, southsoutheast, south, southsouthwest, westsouthwest, westnorthwest, and northnorthwest
bars near northnortheast, southsoutheast, south, southsouthwest, westsouthwest, westnorthwest, and northnorthwest
dark area near north, northeast, east, southeast, and northwest
boulder near southsouthwest and west
fountain near southsouthwest
stairs up very near north
bars very near northnortheast, northeast, eastnortheast, east, eastsoutheast, southeast, southsoutheast, south, southsouthwest, northwest, and northnorthwest
fountain very near southwest
boulder very near west
bars adjacent southeast and south
boulder adjacent west

cursor:
Yourself a wizard
(x=41, y=11)

map:
                                                                                
                                                                                
                                                                                
                                                                                
                                                                                
                                                                                
                                                                                
                                  ##########                                    
                                  ##.#.##<##                                    
                                  ##.......#                                    
                                  #.`..``@.#                                    
                                  #...#..###                                    
                                  #..##{####                                    
                                  #{.#..##.#                                    
                                  #{..`....#                                    
                                  ##..{.##.#                                    
                                  ##########                                    
                                                                                
                                                                                
                                                                                
                                                                                
Agent the Evoker               St:11 Dx:14 Co:13 In:16 Wi:14 Ch:11 Neutral S:0  
Dlvl:1 $:0 HP:12(12) Pw:7(7) AC:9 Xp:1/0                                        

",-0.001,False
69,east,,"message:


language observation:
bars far southsouthwest, westsouthwest, and westnorthwest
bars far southsouthwest, westsouthwest, and westnorthwest
dark area far south, southwest, and west
fountains far westsouthwest
boulder far west
bars near southsoutheast, southsouthwest, westsouthwest, westnorthwest, and northnorthwest
bars near southsoutheast, southsouthwest, westsouthwest, westnorthwest, and northnorthwest
dark area near north and northwest
fountain near southsouthwest and westsouthwest
boulder near southwest and west
bars very near north, northnortheast, southsoutheast, south, southsouthwest, southwest, and northwest
dark area very near northeast, east, and southeast
boulder very near west
stairs up very near northnorthwest
bars adjacent northeast, east, southeast, south, and southwest

cursor:
Yourself a wizard
(x=42, y=11)

map:
                                                                                
                                                                                
                                                                                
                                                                                
                                                                                
                                                                                
                                                                                
                                  ##########                                    
                                  ##.#.##<##                                    
                                  ##.......#                                    
                                  #.`..``.@#                                    
                                  #...#..###                                    
                                  #..##{####                                    
                                  #{.#..##.#                                    
                                  #{..`....#                                    
                                  ##..{.##.#                                    
                                  ##########                                    
                                                                                
                                                                                
                                                                                
                                                                                
Agent the Evoker               St:11 Dx:14 Co:13 In:16 Wi:14 Ch:11 Neutral S:0  
Dlvl:1 $:0 HP:12(12) Pw:7(7) AC:9 Xp:1/0                                        

",-0.001,False
70,west,,"message:


language observation:
bars far southsoutheast, southsouthwest, westsouthwest, and westnorthwest
bars far southsoutheast, southsouthwest, westsouthwest, and westnorthwest
dark area far south, southwest, and west
fountains far westsouthwest
bars near northnortheast, southsoutheast, south, southsouthwest, westsouthwest, westnorthwest, and northnorthwest
bars near northnortheast, southsoutheast, south, southsouthwest, westsouthwest, westnorthwest, and northnorthwest
dark area near north, northeast, east, southeast, and northwest
boulder near southsouthwest and west
fountain near southsouthwest
stairs up very near north
bars very near northnortheast, northeast, eastnortheast, east, eastsoutheast, southeast, southsoutheast, south, southsouthwest, northwest, and northnorthwest
fountain very near southwest
boulder very near west
bars adjacent southeast and south
boulder adjacent west

cursor:
Yourself a wizard
(x=41, y=11)

map:
                                                                                
                                                                                
                                                                                
                                                                                
                                                                                
                                                                                
                                                                                
                                  ##########                                    
                                  ##.#.##<##                                    
                                  ##.......#                                    
                                  #.`..``@.#                                    
                                  #...#..###                                    
                                  #..##{####                                    
                                  #{.#..##.#                                    
                                  #{..`....#                                    
                                  ##..{.##.#                                    
                                  ##########                                    
                                                                                
                                                                                
                                                                                
                                                                                
Agent the Evoker               St:11 Dx:14 Co:13 In:16 Wi:14 Ch:11 Neutral S:0  
Dlvl:1 $:0 HP:12(12) Pw:7(7) AC:9 Xp:1/0                                        

",-0.001,False
71,north,,"message:


language observation:
bars far southsoutheast, south, southsouthwest, southwest, westsouthwest, west, and westnorthwest
dark area far south, southwest, and west
fountain far southsouthwest
fountains far westsouthwest
dark area near north, northeast, east, southeast, and northwest
bars near southsoutheast, south, southsouthwest, southwest, westsouthwest, and westnorthwest
fountain near southsouthwest
boulder near southsouthwest and westsouthwest
bars very near north, northnortheast, northeast, eastnortheast, east, eastsoutheast, southeast, southsoutheast, south, westnorthwest, northwest, and northnorthwest
boulder very near westsouthwest
stairs up adjacent north
bars adjacent northeast and northwest
boulder adjacent southwest

cursor:
Yourself a wizard
(x=41, y=10)

map:
                                                                                
                                                                                
                                                                                
                                                                                
                                                                                
                                                                                
                                                                                
                                  ##########                                    
                                  ##.#.##<##                                    
                                  ##.....@.#                                    
                                  #.`..``..#                                    
                                  #...#..###                                    
                                  #..##{####                                    
                                  #{.#..##.#                                    
                                  #{..`....#                                    
                                  ##..{.##.#                                    
                                  ##########                                    
                                                                                
                                                                                
                                                                                
                                                                                
Agent the Evoker               St:11 Dx:14 Co:13 In:16 Wi:14 Ch:11 Neutral S:0  
Dlvl:1 $:0 HP:12(12) Pw:7(7) AC:9 Xp:1/0                                        

",-0.001,False
72,south,,"message:


language observation:
bars far southsoutheast, southsouthwest, westsouthwest, and westnorthwest
bars far southsoutheast, southsouthwest, westsouthwest, and westnorthwest
dark area far south, southwest, and west
fountains far westsouthwest
bars near northnortheast, southsoutheast, south, southsouthwest, westsouthwest, westnorthwest, and northnorthwest
bars near northnortheast, southsoutheast, south, southsouthwest, westsouthwest, westnorthwest, and northnorthwest
dark area near north, northeast, east, southeast, and northwest
boulder near southsouthwest and west
fountain near southsouthwest
stairs up very near north
bars very near northnortheast, northeast, eastnortheast, east, eastsoutheast, southeast, southsoutheast, south, southsouthwest, northwest, and northnorthwest
fountain very near southwest
boulder very near west
bars adjacent southeast and south
boulder adjacent west

cursor:
Yourself a wizard
(x=41, y=11)

map:
                                                                                
                                                                                
                                                                                
                                                                                
                                                                                
                                                                                
                                                                                
                                  ##########                                    
                                  ##.#.##<##                                    
                                  ##.......#                                    
                                  #.`..``@.#                                    
                                  #...#..###                                    
                                  #..##{####                                    
                                  #{.#..##.#                                    
                                  #{..`....#                                    
                                  ##..{.##.#                                    
                                  ##########                                    
                                                                                
                                                                                
                                                                                
                                                                                
Agent the Evoker               St:11 Dx:14 Co:13 In:16 Wi:14 Ch:11 Neutral S:0  
Dlvl:1 $:0 HP:12(12) Pw:7(7) AC:9 Xp:1/0                                        

",-0.001,False
73,north,,"message:


language observation:
bars far southsoutheast, south, southsouthwest, southwest, westsouthwest, west, and westnorthwest
dark area far south, southwest, and west
fountain far southsouthwest
fountains far westsouthwest
dark area near north, northeast, east, southeast, and northwest
bars near southsoutheast, south, southsouthwest, southwest, westsouthwest, and westnorthwest
fountain near southsouthwest
boulder near southsouthwest and westsouthwest
bars very near north, northnortheast, northeast, eastnortheast, east, eastsoutheast, southeast, southsoutheast, south, westnorthwest, northwest, and northnorthwest
boulder very near westsouthwest
stairs up adjacent north
bars adjacent northeast and northwest
boulder adjacent southwest

cursor:
Yourself a wizard
(x=41, y=10)

map:
                                                                                
                                                                                
                                                                                
                                                                                
                                                                                
                                                                                
                                                                                
                                  ##########                                    
                                  ##.#.##<##                                    
                                  ##.....@.#                                    
                                  #.`..``..#                                    
                                  #...#..###                                    
                                  #..##{####                                    
                                  #{.#..##.#                                    
                                  #{..`....#                                    
                                  ##..{.##.#                                    
                                  ##########                                    
                                                                                
                                                                                
                                                                                
                                                                                
Agent the Evoker               St:11 Dx:14 Co:13 In:16 Wi:14 Ch:11 Neutral S:0  
Dlvl:1 $:0 HP:12(12) Pw:7(7) AC:9 Xp:1/0                                        

",-0.001,False
74,south,,"message:


language observation:
bars far southsoutheast, southsouthwest, westsouthwest, and westnorthwest
bars far southsoutheast, southsouthwest, westsouthwest, and westnorthwest
dark area far south, southwest, and west
fountains far westsouthwest
bars near northnortheast, southsoutheast, south, southsouthwest, westsouthwest, westnorthwest, and northnorthwest
bars near northnortheast, southsoutheast, south, southsouthwest, westsouthwest, westnorthwest, and northnorthwest
dark area near north, northeast, east, southeast, and northwest
boulder near southsouthwest and west
fountain near southsouthwest
stairs up very near north
bars very near northnortheast, northeast, eastnortheast, east, eastsoutheast, southeast, southsoutheast, south, southsouthwest, northwest, and northnorthwest
fountain very near southwest
boulder very near west
bars adjacent southeast and south
boulder adjacent west

cursor:
Yourself a wizard
(x=41, y=11)

map:
                                                                                
                                                                                
                                                                                
                                                                                
                                                                                
                                                                                
                                                                                
                                  ##########                                    
                                  ##.#.##<##                                    
                                  ##.......#                                    
                                  #.`..``@.#                                    
                                  #...#..###                                    
                                  #..##{####                                    
                                  #{.#..##.#                                    
                                  #{..`....#                                    
                                  ##..{.##.#                                    
                                  ##########                                    
                                                                                
                                                                                
                                                                                
                                                                                
Agent the Evoker               St:11 Dx:14 Co:13 In:16 Wi:14 Ch:11 Neutral S:0  
Dlvl:1 $:0 HP:12(12) Pw:7(7) AC:9 Xp:1/0                                        

",-0.001,False
75,north,,"message:


language observation:
bars far southsoutheast, south, southsouthwest, southwest, westsouthwest, west, and westnorthwest
dark area far south, southwest, and west
fountain far southsouthwest
fountains far westsouthwest
dark area near north, northeast, east, southeast, and northwest
bars near southsoutheast, south, southsouthwest, southwest, westsouthwest, and westnorthwest
fountain near southsouthwest
boulder near southsouthwest and westsouthwest
bars very near north, northnortheast, northeast, eastnortheast, east, eastsoutheast, southeast, southsoutheast, south, westnorthwest, northwest, and northnorthwest
boulder very near westsouthwest
stairs up adjacent north
bars adjacent northeast and northwest
boulder adjacent southwest

cursor:
Yourself a wizard
(x=41, y=10)

map:
                                                                                
                                                                                
                                                                                
                                                                                
                                                                                
                                                                                
                                                                                
                                  ##########                                    
                                  ##.#.##<##                                    
                                  ##.....@.#                                    
                                  #.`..``..#                                    
                                  #...#..###                                    
                                  #..##{####                                    
                                  #{.#..##.#                                    
                                  #{..`....#                                    
                                  ##..{.##.#                                    
                                  ##########                                    
                                                                                
                                                                                
                                                                                
                                                                                
Agent the Evoker               St:11 Dx:14 Co:13 In:16 Wi:14 Ch:11 Neutral S:0  
Dlvl:1 $:0 HP:12(12) Pw:7(7) AC:9 Xp:1/0                                        

",-0.001,False
76,south,,"message:


language observation:
bars far southsoutheast, southsouthwest, westsouthwest, and westnorthwest
bars far southsoutheast, southsouthwest, westsouthwest, and westnorthwest
dark area far south, southwest, and west
fountains far westsouthwest
bars near northnortheast, southsoutheast, south, southsouthwest, westsouthwest, westnorthwest, and northnorthwest
bars near northnortheast, southsoutheast, south, southsouthwest, westsouthwest, westnorthwest, and northnorthwest
dark area near north, northeast, east, southeast, and northwest
boulder near southsouthwest and west
fountain near southsouthwest
stairs up very near north
bars very near northnortheast, northeast, eastnortheast, east, eastsoutheast, southeast, southsoutheast, south, southsouthwest, northwest, and northnorthwest
fountain very near southwest
boulder very near west
bars adjacent southeast and south
boulder adjacent west

cursor:
Yourself a wizard
(x=41, y=11)

map:
                                                                                
                                                                                
                                                                                
                                                                                
                                                                                
                                                                                
                                                                                
                                  ##########                                    
                                  ##.#.##<##                                    
                                  ##.......#                                    
                                  #.`..``@.#                                    
                                  #...#..###                                    
                                  #..##{####                                    
                                  #{.#..##.#                                    
                                  #{..`....#                                    
                                  ##..{.##.#                                    
                                  ##########                                    
                                                                                
                                                                                
                                                                                
                                                                                
Agent the Evoker               St:11 Dx:14 Co:13 In:16 Wi:14 Ch:11 Neutral S:0  
Dlvl:1 $:0 HP:12(12) Pw:7(7) AC:9 Xp:1/0                                        

",-0.001,False
77,east,,"message:


language observation:
bars far southsouthwest, westsouthwest, and westnorthwest
bars far southsouthwest, westsouthwest, and westnorthwest
dark area far south, southwest, and west
fountains far westsouthwest
boulder far west
bars near southsoutheast, southsouthwest, westsouthwest, westnorthwest, and northnorthwest
bars near southsoutheast, southsouthwest, westsouthwest, westnorthwest, and northnorthwest
dark area near north and northwest
fountain near southsouthwest and westsouthwest
boulder near southwest and west
bars very near north, northnortheast, southsoutheast, south, southsouthwest, southwest, and northwest
dark area very near northeast, east, and southeast
boulder very near west
stairs up very near northnorthwest
bars adjacent northeast, east, southeast, south, and southwest

cursor:
Yourself a wizard
(x=42, y=11)

map:
                                                                                
                                                                                
                                                                                
                                                                                
                                                                                
                                                                                
                                                                                
                                  ##########                                    
                                  ##.#.##<##                                    
                                  ##.......#                                    
                                  #.`..``.@#                                    
                                  #...#..###                                    
                                  #..##{####                                    
                                  #{.#..##.#                                    
                                  #{..`....#                                    
                                  ##..{.##.#                                    
                                  ##########                                    
                                                                                
                                                                                
                                                                                
                                                                                
Agent the Evoker               St:11 Dx:14 Co:13 In:16 Wi:14 Ch:11 Neutral S:0  
Dlvl:1 $:0 HP:12(12) Pw:7(7) AC:9 Xp:1/0                                        

",-0.001,False
78,west,,"message:


language observation:
bars far southsoutheast, southsouthwest, westsouthwest, and westnorthwest
bars far southsoutheast, southsouthwest, westsouthwest, and westnorthwest
dark area far south, southwest, and west
fountains far westsouthwest
bars near northnortheast, southsoutheast, south, southsouthwest, westsouthwest, westnorthwest, and northnorthwest
bars near northnortheast, southsoutheast, south, southsouthwest, westsouthwest, westnorthwest, and northnorthwest
dark area near north, northeast, east, southeast, and northwest
boulder near southsouthwest and west
fountain near southsouthwest
stairs up very near north
bars very near northnortheast, northeast, eastnortheast, east, eastsoutheast, southeast, southsoutheast, south, southsouthwest, northwest, and northnorthwest
fountain very near southwest
boulder very near west
bars adjacent southeast and south
boulder adjacent west

cursor:
Yourself a wizard
(x=41, y=11)

map:
                                                                                
                                                                                
                                                                                
                                                                                
                                                                                
                                                                                
                                                                                
                                  ##########                                    
                                  ##.#.##<##                                    
                                  ##.......#                                    
                                  #.`..``@.#                                    
                                  #...#..###                                    
                                  #..##{####                                    
                                  #{.#..##.#                                    
                                  #{..`....#                                    
                                  ##..{.##.#                                    
                                  ##########                                    
                                                                                
                                                                                
                                                                                
                                                                                
Agent the Evoker               St:11 Dx:14 Co:13 In:16 Wi:14 Ch:11 Neutral S:0  
Dlvl:1 $:0 HP:12(12) Pw:7(7) AC:9 Xp:1/0                                        

",-0.001,False
79,north,,"message:


language observation:
bars far southsoutheast, south, southsouthwest, southwest, westsouthwest, west, and westnorthwest
dark area far south, southwest, and west
fountain far southsouthwest
fountains far westsouthwest
dark area near north, northeast, east, southeast, and northwest
bars near southsoutheast, south, southsouthwest, southwest, westsouthwest, and westnorthwest
fountain near southsouthwest
boulder near southsouthwest and westsouthwest
bars very near north, northnortheast, northeast, eastnortheast, east, eastsoutheast, southeast, southsoutheast, south, westnorthwest, northwest, and northnorthwest
boulder very near westsouthwest
stairs up adjacent north
bars adjacent northeast and northwest
boulder adjacent southwest

cursor:
Yourself a wizard
(x=41, y=10)

map:
                                                                                
                                                                                
                                                                                
                                                                                
                                                                                
                                                                                
                                                                                
                                  ##########                                    
                                  ##.#.##<##                                    
                                  ##.....@.#                                    
                                  #.`..``..#                                    
                                  #...#..###                                    
                                  #..##{####                                    
                                  #{.#..##.#                                    
                                  #{..`....#                                    
                                  ##..{.##.#                                    
                                  ##########                                    
                                                                                
                                                                                
                                                                                
                                                                                
Agent the Evoker               St:11 Dx:14 Co:13 In:16 Wi:14 Ch:11 Neutral S:0  
Dlvl:1 $:0 HP:12(12) Pw:7(7) AC:9 Xp:1/0                                        

",-0.001,False
80,south,,"message:


language observation:
bars far southsoutheast, southsouthwest, westsouthwest, and westnorthwest
bars far southsoutheast, southsouthwest, westsouthwest, and westnorthwest
dark area far south, southwest, and west
fountains far westsouthwest
bars near northnortheast, southsoutheast, south, southsouthwest, westsouthwest, westnorthwest, and northnorthwest
bars near northnortheast, southsoutheast, south, southsouthwest, westsouthwest, westnorthwest, and northnorthwest
dark area near north, northeast, east, southeast, and northwest
boulder near southsouthwest and west
fountain near southsouthwest
stairs up very near north
bars very near northnortheast, northeast, eastnortheast, east, eastsoutheast, southeast, southsoutheast, south, southsouthwest, northwest, and northnorthwest
fountain very near southwest
boulder very near west
bars adjacent southeast and south
boulder adjacent west

cursor:
Yourself a wizard
(x=41, y=11)

map:
                                                                                
                                                                                
                                                                                
                                                                                
                                                                                
                                                                                
                                                                                
                                  ##########                                    
                                  ##.#.##<##                                    
                                  ##.......#                                    
                                  #.`..``@.#                                    
                                  #...#..###                                    
                                  #..##{####                                    
                                  #{.#..##.#                                    
                                  #{..`....#                                    
                                  ##..{.##.#                                    
                                  ##########                                    
                                                                                
                                                                                
                                                                                
                                                                                
Agent the Evoker               St:11 Dx:14 Co:13 In:16 Wi:14 Ch:11 Neutral S:0  
Dlvl:1 $:0 HP:12(12) Pw:7(7) AC:9 Xp:1/0                                        

",-0.001,False
81,north,,"message:


language observation:
bars far southsoutheast, south, southsouthwest, southwest, westsouthwest, west, and westnorthwest
dark area far south, southwest, and west
fountain far southsouthwest
fountains far westsouthwest
dark area near north, northeast, east, southeast, and northwest
bars near southsoutheast, south, southsouthwest, southwest, westsouthwest, and westnorthwest
fountain near southsouthwest
boulder near southsouthwest and westsouthwest
bars very near north, northnortheast, northeast, eastnortheast, east, eastsoutheast, southeast, southsoutheast, south, westnorthwest, northwest, and northnorthwest
boulder very near westsouthwest
stairs up adjacent north
bars adjacent northeast and northwest
boulder adjacent southwest

cursor:
Yourself a wizard
(x=41, y=10)

map:
                                                                                
                                                                                
                                                                                
                                                                                
                                                                                
                                                                                
                                                                                
                                  ##########                                    
                                  ##.#.##<##                                    
                                  ##.....@.#                                    
                                  #.`..``..#                                    
                                  #...#..###                                    
                                  #..##{####                                    
                                  #{.#..##.#                                    
                                  #{..`....#                                    
                                  ##..{.##.#                                    
                                  ##########                                    
                                                                                
                                                                                
                                                                                
                                                                                
Agent the Evoker               St:11 Dx:14 Co:13 In:16 Wi:14 Ch:11 Neutral S:0  
Dlvl:1 $:0 HP:12(12) Pw:7(7) AC:9 Xp:1/0                                        

",-0.001,False
82,south,,"message:


language observation:
bars far southsoutheast, southsouthwest, westsouthwest, and westnorthwest
bars far southsoutheast, southsouthwest, westsouthwest, and westnorthwest
dark area far south, southwest, and west
fountains far westsouthwest
bars near northnortheast, southsoutheast, south, southsouthwest, westsouthwest, westnorthwest, and northnorthwest
bars near northnortheast, southsoutheast, south, southsouthwest, westsouthwest, westnorthwest, and northnorthwest
dark area near north, northeast, east, southeast, and northwest
boulder near southsouthwest and west
fountain near southsouthwest
stairs up very near north
bars very near northnortheast, northeast, eastnortheast, east, eastsoutheast, southeast, southsoutheast, south, southsouthwest, northwest, and northnorthwest
fountain very near southwest
boulder very near west
bars adjacent southeast and south
boulder adjacent west

cursor:
Yourself a wizard
(x=41, y=11)

map:
                                                                                
                                                                                
                                                                                
                                                                                
                                                                                
                                                                                
                                                                                
                                  ##########                                    
                                  ##.#.##<##                                    
                                  ##.......#                                    
                                  #.`..``@.#                                    
                                  #...#..###                                    
                                  #..##{####                                    
                                  #{.#..##.#                                    
                                  #{..`....#                                    
                                  ##..{.##.#                                    
                                  ##########                                    
                                                                                
                                                                                
                                                                                
                                                                                
Agent the Evoker               St:11 Dx:14 Co:13 In:16 Wi:14 Ch:11 Neutral S:0  
Dlvl:1 $:0 HP:12(12) Pw:7(7) AC:9 Xp:1/0                                        

",-0.001,False
83,east,,"message:


language observation:
bars far southsouthwest, westsouthwest, and westnorthwest
bars far southsouthwest, westsouthwest, and westnorthwest
dark area far south, southwest, and west
fountains far westsouthwest
boulder far west
bars near southsoutheast, southsouthwest, westsouthwest, westnorthwest, and northnorthwest
bars near southsoutheast, southsouthwest, westsouthwest, westnorthwest, and northnorthwest
dark area near north and northwest
fountain near southsouthwest and westsouthwest
boulder near southwest and west
bars very near north, northnortheast, southsoutheast, south, southsouthwest, southwest, and northwest
dark area very near northeast, east, and southeast
boulder very near west
stairs up very near northnorthwest
bars adjacent northeast, east, southeast, south, and southwest

cursor:
Yourself a wizard
(x=42, y=11)

map:
                                                                                
                                                                                
                                                                                
                                                                                
                                                                                
                                                                                
                                                                                
                                  ##########                                    
                                  ##.#.##<##                                    
                                  ##.......#                                    
                                  #.`..``.@#                                    
                                  #...#..###                                    
                                  #..##{####                                    
                                  #{.#..##.#                                    
                                  #{..`....#                                    
                                  ##..{.##.#                                    
                                  ##########                                    
                                                                                
                                                                                
                                                                                
                                                                                
Agent the Evoker               St:11 Dx:14 Co:13 In:16 Wi:14 Ch:11 Neutral S:0  
Dlvl:1 $:0 HP:12(12) Pw:7(7) AC:9 Xp:1/0                                        

",-0.001,False
84,west,,"message:


language observation:
bars far southsoutheast, southsouthwest, westsouthwest, and westnorthwest
bars far southsoutheast, southsouthwest, westsouthwest, and westnorthwest
dark area far south, southwest, and west
fountains far westsouthwest
bars near northnortheast, southsoutheast, south, southsouthwest, westsouthwest, westnorthwest, and northnorthwest
bars near northnortheast, southsoutheast, south, southsouthwest, westsouthwest, westnorthwest, and northnorthwest
dark area near north, northeast, east, southeast, and northwest
boulder near southsouthwest and west
fountain near southsouthwest
stairs up very near north
bars very near northnortheast, northeast, eastnortheast, east, eastsoutheast, southeast, southsoutheast, south, southsouthwest, northwest, and northnorthwest
fountain very near southwest
boulder very near west
bars adjacent southeast and south
boulder adjacent west

cursor:
Yourself a wizard
(x=41, y=11)

map:
                                                                                
                                                                                
                                                                                
                                                                                
                                                                                
                                                                                
                                                                                
                                  ##########                                    
                                  ##.#.##<##                                    
                                  ##.......#                                    
                                  #.`..``@.#                                    
                                  #...#..###                                    
                                  #..##{####                                    
                                  #{.#..##.#                                    
                                  #{..`....#                                    
                                  ##..{.##.#                                    
                                  ##########                                    
                                                                                
                                                                                
                                                                                
                                                                                
Agent the Evoker               St:11 Dx:14 Co:13 In:16 Wi:14 Ch:11 Neutral S:0  
Dlvl:1 $:0 HP:12(12) Pw:7(7) AC:9 Xp:1/0                                        

",-0.001,False
85,north,,"message:


language observation:
bars far southsoutheast, south, southsouthwest, southwest, westsouthwest, west, and westnorthwest
dark area far south, southwest, and west
fountain far southsouthwest
fountains far westsouthwest
dark area near north, northeast, east, southeast, and northwest
bars near southsoutheast, south, southsouthwest, southwest, westsouthwest, and westnorthwest
fountain near southsouthwest
boulder near southsouthwest and westsouthwest
bars very near north, northnortheast, northeast, eastnortheast, east, eastsoutheast, southeast, southsoutheast, south, westnorthwest, northwest, and northnorthwest
boulder very near westsouthwest
stairs up adjacent north
bars adjacent northeast and northwest
boulder adjacent southwest

cursor:
Yourself a wizard
(x=41, y=10)

map:
                                                                                
                                                                                
                                                                                
                                                                                
                                                                                
                                                                                
                                                                                
                                  ##########                                    
                                  ##.#.##<##                                    
                                  ##.....@.#                                    
                                  #.`..``..#                                    
                                  #...#..###                                    
                                  #..##{####                                    
                                  #{.#..##.#                                    
                                  #{..`....#                                    
                                  ##..{.##.#                                    
                                  ##########                                    
                                                                                
                                                                                
                                                                                
                                                                                
Agent the Evoker               St:11 Dx:14 Co:13 In:16 Wi:14 Ch:11 Neutral S:0  
Dlvl:1 $:0 HP:12(12) Pw:7(7) AC:9 Xp:1/0                                        

",-0.001,False
86,south,,"message:


language observation:
bars far southsoutheast, southsouthwest, westsouthwest, and westnorthwest
bars far southsoutheast, southsouthwest, westsouthwest, and westnorthwest
dark area far south, southwest, and west
fountains far westsouthwest
bars near northnortheast, southsoutheast, south, southsouthwest, westsouthwest, westnorthwest, and northnorthwest
bars near northnortheast, southsoutheast, south, southsouthwest, westsouthwest, westnorthwest, and northnorthwest
dark area near north, northeast, east, southeast, and northwest
boulder near southsouthwest and west
fountain near southsouthwest
stairs up very near north
bars very near northnortheast, northeast, eastnortheast, east, eastsoutheast, southeast, southsoutheast, south, southsouthwest, northwest, and northnorthwest
fountain very near southwest
boulder very near west
bars adjacent southeast and south
boulder adjacent west

cursor:
Yourself a wizard
(x=41, y=11)

map:
                                                                                
                                                                                
                                                                                
                                                                                
                                                                                
                                                                                
                                                                                
                                  ##########                                    
                                  ##.#.##<##                                    
                                  ##.......#                                    
                                  #.`..``@.#                                    
                                  #...#..###                                    
                                  #..##{####                                    
                                  #{.#..##.#                                    
                                  #{..`....#                                    
                                  ##..{.##.#                                    
                                  ##########                                    
                                                                                
                                                                                
                                                                                
                                                                                
Agent the Evoker               St:11 Dx:14 Co:13 In:16 Wi:14 Ch:11 Neutral S:0  
Dlvl:1 $:0 HP:12(12) Pw:7(7) AC:9 Xp:1/0                                        

",-0.001,False
87,west,,"message:
You try to move the boulder, but in vain.

language observation:
bars far southsoutheast, southsouthwest, westsouthwest, and westnorthwest
bars far southsoutheast, southsouthwest, westsouthwest, and westnorthwest
dark area far south, southwest, and west
fountains far westsouthwest
bars near northnortheast, southsoutheast, south, southsouthwest, westsouthwest, westnorthwest, and northnorthwest
bars near northnortheast, southsoutheast, south, southsouthwest, westsouthwest, westnorthwest, and northnorthwest
dark area near north, northeast, east, southeast, and northwest
boulder near southsouthwest and west
fountain near southsouthwest
stairs up very near north
bars very near northnortheast, northeast, eastnortheast, east, eastsoutheast, southeast, southsoutheast, south, southsouthwest, northwest, and northnorthwest
fountain very near southwest
boulder very near west
bars adjacent southeast and south
boulder adjacent west

cursor:
Yourself a wizard
(x=41, y=11)

map:
                                                                                
                                                                                
                                                                                
                                                                                
                                                                                
                                                                                
                                                                                
                                  ##########                                    
                                  ##.#.##<##                                    
                                  ##.......#                                    
                                  #.`..``@.#                                    
                                  #...#..###                                    
                                  #..##{####                                    
                                  #{.#..##.#                                    
                                  #{..`....#                                    
                                  ##..{.##.#                                    
                                  ##########                                    
                                                                                
                                                                                
                                                                                
                                                                                
Agent the Evoker               St:11 Dx:14 Co:13 In:16 Wi:14 Ch:11 Neutral S:0  
Dlvl:1 $:0 HP:12(12) Pw:7(7) AC:9 Xp:1/0                                        

",-0.001,False
88,north,,"message:


language observation:
bars far southsoutheast, south, southsouthwest, southwest, westsouthwest, west, and westnorthwest
dark area far south, southwest, and west
fountain far southsouthwest
fountains far westsouthwest
dark area near north, northeast, east, southeast, and northwest
bars near southsoutheast, south, southsouthwest, southwest, westsouthwest, and westnorthwest
fountain near southsouthwest
boulder near southsouthwest and westsouthwest
bars very near north, northnortheast, northeast, eastnortheast, east, eastsoutheast, southeast, southsoutheast, south, westnorthwest, northwest, and northnorthwest
boulder very near westsouthwest
stairs up adjacent north
bars adjacent northeast and northwest
boulder adjacent southwest

cursor:
Yourself a wizard
(x=41, y=10)

map:
                                                                                
                                                                                
                                                                                
                                                                                
                                                                                
                                                                                
                                                                                
                                  ##########                                    
                                  ##.#.##<##                                    
                                  ##.....@.#                                    
                                  #.`..``..#                                    
                                  #...#..###                                    
                                  #..##{####                                    
                                  #{.#..##.#                                    
                                  #{..`....#                                    
                                  ##..{.##.#                                    
                                  ##########                                    
                                                                                
                                                                                
                                                                                
                                                                                
Agent the Evoker               St:11 Dx:14 Co:13 In:16 Wi:14 Ch:11 Neutral S:0  
Dlvl:1 $:0 HP:12(12) Pw:7(7) AC:9 Xp:1/0                                        

",-0.001,False
89,south,,"message:


language observation:
bars far southsoutheast, southsouthwest, westsouthwest, and westnorthwest
bars far southsoutheast, southsouthwest, westsouthwest, and westnorthwest
dark area far south, southwest, and west
fountains far westsouthwest
bars near northnortheast, southsoutheast, south, southsouthwest, westsouthwest, westnorthwest, and northnorthwest
bars near northnortheast, southsoutheast, south, southsouthwest, westsouthwest, westnorthwest, and northnorthwest
dark area near north, northeast, east, southeast, and northwest
boulder near southsouthwest and west
fountain near southsouthwest
stairs up very near north
bars very near northnortheast, northeast, eastnortheast, east, eastsoutheast, southeast, southsoutheast, south, southsouthwest, northwest, and northnorthwest
fountain very near southwest
boulder very near west
bars adjacent southeast and south
boulder adjacent west

cursor:
Yourself a wizard
(x=41, y=11)

map:
                                                                                
                                                                                
                                                                                
                                                                                
                                                                                
                                                                                
                                                                                
                                  ##########                                    
                                  ##.#.##<##                                    
                                  ##.......#                                    
                                  #.`..``@.#                                    
                                  #...#..###                                    
                                  #..##{####                                    
                                  #{.#..##.#                                    
                                  #{..`....#                                    
                                  ##..{.##.#                                    
                                  ##########                                    
                                                                                
                                                                                
                                                                                
                                                                                
Agent the Evoker               St:11 Dx:14 Co:13 In:16 Wi:14 Ch:11 Neutral S:0  
Dlvl:1 $:0 HP:12(12) Pw:7(7) AC:9 Xp:1/0                                        

",-0.001,False
90,north,,"message:


language observation:
bars far southsoutheast, south, southsouthwest, southwest, westsouthwest, west, and westnorthwest
dark area far south, southwest, and west
fountain far southsouthwest
fountains far westsouthwest
dark area near north, northeast, east, southeast, and northwest
bars near southsoutheast, south, southsouthwest, southwest, westsouthwest, and westnorthwest
fountain near southsouthwest
boulder near southsouthwest and westsouthwest
bars very near north, northnortheast, northeast, eastnortheast, east, eastsoutheast, southeast, southsoutheast, south, westnorthwest, northwest, and northnorthwest
boulder very near westsouthwest
stairs up adjacent north
bars adjacent northeast and northwest
boulder adjacent southwest

cursor:
Yourself a wizard
(x=41, y=10)

map:
                                                                                
                                                                                
                                                                                
                                                                                
                                                                                
                                                                                
                                                                                
                                  ##########                                    
                                  ##.#.##<##                                    
                                  ##.....@.#                                    
                                  #.`..``..#                                    
                                  #...#..###                                    
                                  #..##{####                                    
                                  #{.#..##.#                                    
                                  #{..`....#                                    
                                  ##..{.##.#                                    
                                  ##########                                    
                                                                                
                                                                                
                                                                                
                                                                                
Agent the Evoker               St:11 Dx:14 Co:13 In:16 Wi:14 Ch:11 Neutral S:0  
Dlvl:1 $:0 HP:12(12) Pw:7(7) AC:9 Xp:1/0                                        

",-0.001,False
91,south,,"message:


language observation:
bars far southsoutheast, southsouthwest, westsouthwest, and westnorthwest
bars far southsoutheast, southsouthwest, westsouthwest, and westnorthwest
dark area far south, southwest, and west
fountains far westsouthwest
bars near northnortheast, southsoutheast, south, southsouthwest, westsouthwest, westnorthwest, and northnorthwest
bars near northnortheast, southsoutheast, south, southsouthwest, westsouthwest, westnorthwest, and northnorthwest
dark area near north, northeast, east, southeast, and northwest
boulder near southsouthwest and west
fountain near southsouthwest
stairs up very near north
bars very near northnortheast, northeast, eastnortheast, east, eastsoutheast, southeast, southsoutheast, south, southsouthwest, northwest, and northnorthwest
fountain very near southwest
boulder very near west
bars adjacent southeast and south
boulder adjacent west

cursor:
Yourself a wizard
(x=41, y=11)

map:
                                                                                
                                                                                
                                                                                
                                                                                
                                                                                
                                                                                
                                                                                
                                  ##########                                    
                                  ##.#.##<##                                    
                                  ##.......#                                    
                                  #.`..``@.#                                    
                                  #...#..###                                    
                                  #..##{####                                    
                                  #{.#..##.#                                    
                                  #{..`....#                                    
                                  ##..{.##.#                                    
                                  ##########                                    
                                                                                
                                                                                
                                                                                
                                                                                
Agent the Evoker               St:11 Dx:14 Co:13 In:16 Wi:14 Ch:11 Neutral S:0  
Dlvl:1 $:0 HP:12(12) Pw:7(7) AC:9 Xp:1/0                                        

",-0.001,False
92,north,,"message:


language observation:
bars far southsoutheast, south, southsouthwest, southwest, westsouthwest, west, and westnorthwest
dark area far south, southwest, and west
fountain far southsouthwest
fountains far westsouthwest
dark area near north, northeast, east, southeast, and northwest
bars near southsoutheast, south, southsouthwest, southwest, westsouthwest, and westnorthwest
fountain near southsouthwest
boulder near southsouthwest and westsouthwest
bars very near north, northnortheast, northeast, eastnortheast, east, eastsoutheast, southeast, southsoutheast, south, westnorthwest, northwest, and northnorthwest
boulder very near westsouthwest
stairs up adjacent north
bars adjacent northeast and northwest
boulder adjacent southwest

cursor:
Yourself a wizard
(x=41, y=10)

map:
                                                                                
                                                                                
                                                                                
                                                                                
                                                                                
                                                                                
                                                                                
                                  ##########                                    
                                  ##.#.##<##                                    
                                  ##.....@.#                                    
                                  #.`..``..#                                    
                                  #...#..###                                    
                                  #..##{####                                    
                                  #{.#..##.#                                    
                                  #{..`....#                                    
                                  ##..{.##.#                                    
                                  ##########                                    
                                                                                
                                                                                
                                                                                
                                                                                
Agent the Evoker               St:11 Dx:14 Co:13 In:16 Wi:14 Ch:11 Neutral S:0  
Dlvl:1 $:0 HP:12(12) Pw:7(7) AC:9 Xp:1/0                                        

",-0.001,False
93,south,,"message:


language observation:
bars far southsoutheast, southsouthwest, westsouthwest, and westnorthwest
bars far southsoutheast, southsouthwest, westsouthwest, and westnorthwest
dark area far south, southwest, and west
fountains far westsouthwest
bars near northnortheast, southsoutheast, south, southsouthwest, westsouthwest, westnorthwest, and northnorthwest
bars near northnortheast, southsoutheast, south, southsouthwest, westsouthwest, westnorthwest, and northnorthwest
dark area near north, northeast, east, southeast, and northwest
boulder near southsouthwest and west
fountain near southsouthwest
stairs up very near north
bars very near northnortheast, northeast, eastnortheast, east, eastsoutheast, southeast, southsoutheast, south, southsouthwest, northwest, and northnorthwest
fountain very near southwest
boulder very near west
bars adjacent southeast and south
boulder adjacent west

cursor:
Yourself a wizard
(x=41, y=11)

map:
                                                                                
                                                                                
                                                                                
                                                                                
                                                                                
                                                                                
                                                                                
                                  ##########                                    
                                  ##.#.##<##                                    
                                  ##.......#                                    
                                  #.`..``@.#                                    
                                  #...#..###                                    
                                  #..##{####                                    
                                  #{.#..##.#                                    
                                  #{..`....#                                    
                                  ##..{.##.#                                    
                                  ##########                                    
                                                                                
                                                                                
                                                                                
                                                                                
Agent the Evoker               St:11 Dx:14 Co:13 In:16 Wi:14 Ch:11 Neutral S:0  
Dlvl:1 $:0 HP:12(12) Pw:7(7) AC:9 Xp:1/0                                        

",-0.001,False
94,north,,"message:


language observation:
bars far southsoutheast, south, southsouthwest, southwest, westsouthwest, west, and westnorthwest
dark area far south, southwest, and west
fountain far southsouthwest
fountains far westsouthwest
dark area near north, northeast, east, southeast, and northwest
bars near southsoutheast, south, southsouthwest, southwest, westsouthwest, and westnorthwest
fountain near southsouthwest
boulder near southsouthwest and westsouthwest
bars very near north, northnortheast, northeast, eastnortheast, east, eastsoutheast, southeast, southsoutheast, south, westnorthwest, northwest, and northnorthwest
boulder very near westsouthwest
stairs up adjacent north
bars adjacent northeast and northwest
boulder adjacent southwest

cursor:
Yourself a wizard
(x=41, y=10)

map:
                                                                                
                                                                                
                                                                                
                                                                                
                                                                                
                                                                                
                                                                                
                                  ##########                                    
                                  ##.#.##<##                                    
                                  ##.....@.#                                    
                                  #.`..``..#                                    
                                  #...#..###                                    
                                  #..##{####                                    
                                  #{.#..##.#                                    
                                  #{..`....#                                    
                                  ##..{.##.#                                    
                                  ##########                                    
                                                                                
                                                                                
                                                                                
                                                                                
Agent the Evoker               St:11 Dx:14 Co:13 In:16 Wi:14 Ch:11 Neutral S:0  
Dlvl:1 $:0 HP:12(12) Pw:7(7) AC:9 Xp:1/0                                        

",-0.001,False
95,south,,"message:


language observation:
bars far southsoutheast, southsouthwest, westsouthwest, and westnorthwest
bars far southsoutheast, southsouthwest, westsouthwest, and westnorthwest
dark area far south, southwest, and west
fountains far westsouthwest
bars near northnortheast, southsoutheast, south, southsouthwest, westsouthwest, westnorthwest, and northnorthwest
bars near northnortheast, southsoutheast, south, southsouthwest, westsouthwest, westnorthwest, and northnorthwest
dark area near north, northeast, east, southeast, and northwest
boulder near southsouthwest and west
fountain near southsouthwest
stairs up very near north
bars very near northnortheast, northeast, eastnortheast, east, eastsoutheast, southeast, southsoutheast, south, southsouthwest, northwest, and northnorthwest
fountain very near southwest
boulder very near west
bars adjacent southeast and south
boulder adjacent west

cursor:
Yourself a wizard
(x=41, y=11)

map:
                                                                                
                                                                                
                                                                                
                                                                                
                                                                                
                                                                                
                                                                                
                                  ##########                                    
                                  ##.#.##<##                                    
                                  ##.......#                                    
                                  #.`..``@.#                                    
                                  #...#..###                                    
                                  #..##{####                                    
                                  #{.#..##.#                                    
                                  #{..`....#                                    
                                  ##..{.##.#                                    
                                  ##########                                    
                                                                                
                                                                                
                                                                                
                                                                                
Agent the Evoker               St:11 Dx:14 Co:13 In:16 Wi:14 Ch:11 Neutral S:0  
Dlvl:1 $:0 HP:12(12) Pw:7(7) AC:9 Xp:1/0                                        

",-0.001,False
96,north,,"message:


language observation:
bars far southsoutheast, south, southsouthwest, southwest, westsouthwest, west, and westnorthwest
dark area far south, southwest, and west
fountain far southsouthwest
fountains far westsouthwest
dark area near north, northeast, east, southeast, and northwest
bars near southsoutheast, south, southsouthwest, southwest, westsouthwest, and westnorthwest
fountain near southsouthwest
boulder near southsouthwest and westsouthwest
bars very near north, northnortheast, northeast, eastnortheast, east, eastsoutheast, southeast, southsoutheast, south, westnorthwest, northwest, and northnorthwest
boulder very near westsouthwest
stairs up adjacent north
bars adjacent northeast and northwest
boulder adjacent southwest

cursor:
Yourself a wizard
(x=41, y=10)

map:
                                                                                
                                                                                
                                                                                
                                                                                
                                                                                
                                                                                
                                                                                
                                  ##########                                    
                                  ##.#.##<##                                    
                                  ##.....@.#                                    
                                  #.`..``..#                                    
                                  #...#..###                                    
                                  #..##{####                                    
                                  #{.#..##.#                                    
                                  #{..`....#                                    
                                  ##..{.##.#                                    
                                  ##########                                    
                                                                                
                                                                                
                                                                                
                                                                                
Agent the Evoker               St:11 Dx:14 Co:13 In:16 Wi:14 Ch:11 Neutral S:0  
Dlvl:1 $:0 HP:12(12) Pw:7(7) AC:9 Xp:1/0                                        

",-0.001,False
97,south,,"message:


language observation:
bars far southsoutheast, southsouthwest, westsouthwest, and westnorthwest
bars far southsoutheast, southsouthwest, westsouthwest, and westnorthwest
dark area far south, southwest, and west
fountains far westsouthwest
bars near northnortheast, southsoutheast, south, southsouthwest, westsouthwest, westnorthwest, and northnorthwest
bars near northnortheast, southsoutheast, south, southsouthwest, westsouthwest, westnorthwest, and northnorthwest
dark area near north, northeast, east, southeast, and northwest
boulder near southsouthwest and west
fountain near southsouthwest
stairs up very near north
bars very near northnortheast, northeast, eastnortheast, east, eastsoutheast, southeast, southsoutheast, south, southsouthwest, northwest, and northnorthwest
fountain very near southwest
boulder very near west
bars adjacent southeast and south
boulder adjacent west

cursor:
Yourself a wizard
(x=41, y=11)

map:
                                                                                
                                                                                
                                                                                
                                                                                
                                                                                
                                                                                
                                                                                
                                  ##########                                    
                                  ##.#.##<##                                    
                                  ##.......#                                    
                                  #.`..``@.#                                    
                                  #...#..###                                    
                                  #..##{####                                    
                                  #{.#..##.#                                    
                                  #{..`....#                                    
                                  ##..{.##.#                                    
                                  ##########                                    
                                                                                
                                                                                
                                                                                
                                                                                
Agent the Evoker               St:11 Dx:14 Co:13 In:16 Wi:14 Ch:11 Neutral S:0  
Dlvl:1 $:0 HP:12(12) Pw:7(7) AC:9 Xp:1/0                                        

",-0.001,False
98,north,,"message:


language observation:
bars far southsoutheast, south, southsouthwest, southwest, westsouthwest, west, and westnorthwest
dark area far south, southwest, and west
fountain far southsouthwest
fountains far westsouthwest
dark area near north, northeast, east, southeast, and northwest
bars near southsoutheast, south, southsouthwest, southwest, westsouthwest, and westnorthwest
fountain near southsouthwest
boulder near southsouthwest and westsouthwest
bars very near north, northnortheast, northeast, eastnortheast, east, eastsoutheast, southeast, southsoutheast, south, westnorthwest, northwest, and northnorthwest
boulder very near westsouthwest
stairs up adjacent north
bars adjacent northeast and northwest
boulder adjacent southwest

cursor:
Yourself a wizard
(x=41, y=10)

map:
                                                                                
                                                                                
                                                                                
                                                                                
                                                                                
                                                                                
                                                                                
                                  ##########                                    
                                  ##.#.##<##                                    
                                  ##.....@.#                                    
                                  #.`..``..#                                    
                                  #...#..###                                    
                                  #..##{####                                    
                                  #{.#..##.#                                    
                                  #{..`....#                                    
                                  ##..{.##.#                                    
                                  ##########                                    
                                                                                
                                                                                
                                                                                
                                                                                
Agent the Evoker               St:11 Dx:14 Co:13 In:16 Wi:14 Ch:11 Neutral S:0  
Dlvl:1 $:0 HP:12(12) Pw:7(7) AC:9 Xp:1/0                                        

",-0.001,False
99,south,,"message:
 
No  Points     Name                                                   Hp [max]
0  Agent-Wiz-Hum-Fem-Neu quit in The Dungeons of Doom on
level 1.                                               12  [12]


language observation:
dark area adjacent east, southeast, and south

cursor:
very far eastsoutheast 
(x=77, y=6)

map:
 No  Points     Name                                                   Hp [max] 
                                                                                
            0  Agent-Wiz-Hum-Fem-Neu quit in The Dungeons of Doom on            
                                                                                
              level 1.                                               12  [12]   
                                                                                
                                                                                
                                                                                
                                                                                
                                                                                
                                                                                
                                                                                
                                                                                
                                                                                
                                                                                
                                                                                
                                                                                
                                                                                
                                                                                
                                                                                
                                                                                
                                                                                
                                                                                

",0.0,True
