tau_esc	tau_des	method	step	total_G_prompts	savings	contrast_intent	fires_esc	fires_des
0.5	0.55	aero	0	84	0.34375	0.0	0	11
0.5	0.55	aero	1	84	0.34375	0.0	0	11
0.5	0.55	aero	2	76	0.40625	0.0	0	13
0.5	0.55	aero	3	84	0.34375	0.0	0	11
0.5	0.55	aero	4	80	0.375	0.0	0	12
0.5	0.55	aero	5	92	0.28125	0.0	0	9
0.5	0.55	aero	6	80	0.375	0.0	0	12
0.5	0.55	aero	7	88	0.3125	0.0	0	10
0.5	0.55	aero	8	84	0.34375	0.0	0	11
0.5	0.55	aero	9	88	0.3125	0.0	0	10
0.5	0.55	aero	10	80	0.375	0.0	0	12
0.5	0.55	aero	11	92	0.28125	0.0	0	9
0.5	0.55	aero	12	84	0.34375	0.0	0	11
0.5	0.55	aero	13	92	0.28125	0.0	0	9
0.5	0.55	aero	14	80	0.375	0.0	0	12
0.5	0.55	aero	15	76	0.40625	0.0	0	13
0.5	0.55	aero	16	92	0.28125	0.0	0	9
0.5	0.55	aero	17	92	0.28125	0.0	0	9
0.5	0.55	aero	18	88	0.3125	0.0	0	10
0.5	0.55	aero	19	88	0.3125	0.0	0	10
0.5	0.55	aero	20	88	0.3125	0.0	0	10
0.5	0.55	aero	21	76	0.40625	0.0	0	13
0.5	0.55	aero	22	84	0.34375	0.0	0	11
0.5	0.55	aero	23	76	0.40625	0.0	0	13
0.5	0.55	aero	24	76	0.40625	0.0	0	13
0.5	0.55	aero	25	84	0.34375	0.0	0	11
0.5	0.55	aero	26	72	0.4375	0.0	0	14
0.5	0.55	aero	27	68	0.46875	0.0	0	15
0.5	0.55	aero	28	76	0.40625	0.0	0	13
0.5	0.55	aero	29	72	0.4375	0.0	0	14
0.5	0.55	aero	30	76	0.40625	0.0	0	13
0.5	0.55	aero	31	76	0.40625	0.0	0	13
0.5	0.55	aero	32	80	0.375	0.0	0	12
0.5	0.55	aero	33	88	0.3125	0.0	0	10
0.5	0.55	aero	34	72	0.4375	0.0	0	14
0.5	0.55	aero	35	76	0.40625	0.0	0	13
0.5	0.55	aero	36	76	0.40625	0.0	0	13
0.5	0.55	aero	37	84	0.34375	0.0	0	11
0.5	0.55	aero	38	84	0.34375	0.0	0	11
0.5	0.55	aero	39	88	0.3125	0.0	0	10
0.5	0.55	areal	0	84	0.34375	0.0	0	11
0.5	0.55	areal	1	96	0.25	0.0	0	8
0.5	0.55	areal	2	84	0.34375	0.0	0	11
0.5	0.55	areal	3	84	0.34375	0.0	0	11
0.5	0.55	areal	4	96	0.25	0.0	0	8
0.5	0.55	areal	5	80	0.375	0.0	0	12
0.5	0.55	areal	6	84	0.34375	0.0	0	11
0.5	0.55	areal	7	72	0.4375	0.0	0	14
0.5	0.55	areal	8	88	0.3125	0.0	0	10
0.5	0.55	areal	9	84	0.34375	0.0	0	11
0.5	0.55	areal	10	84	0.34375	0.0	0	11
0.5	0.55	areal	11	96	0.25	0.0	0	8
0.5	0.55	areal	12	76	0.40625	0.0	0	13
0.5	0.55	areal	13	92	0.28125	0.0	0	9
0.5	0.55	areal	14	84	0.34375	0.0	0	11
0.5	0.55	areal	15	84	0.34375	0.0	0	11
0.5	0.55	areal	16	88	0.3125	0.0	0	10
0.5	0.55	areal	17	96	0.25	0.0	0	8
0.5	0.55	areal	18	92	0.28125	0.0	0	9
0.5	0.55	areal	19	80	0.375	0.0	0	12
0.5	0.55	areal	20	84	0.34375	0.0	0	11
0.5	0.55	areal	21	84	0.34375	0.0	0	11
0.5	0.55	areal	22	76	0.40625	0.0	0	13
0.5	0.55	areal	23	76	0.40625	0.0	0	13
0.5	0.55	areal	24	72	0.4375	0.0	0	14
0.5	0.55	areal	25	88	0.3125	0.0	0	10
0.5	0.55	areal	26	72	0.4375	0.0	0	14
0.5	0.55	areal	27	68	0.46875	0.0	0	15
0.5	0.55	areal	28	72	0.4375	0.0	0	14
0.5	0.55	areal	29	76	0.40625	0.0	0	13
0.5	0.55	areal	30	80	0.375	0.0	0	12
0.5	0.55	areal	31	92	0.28125	0.0	0	9
0.5	0.55	areal	32	80	0.375	0.0	0	12
0.5	0.55	areal	33	88	0.3125	0.0	0	10
0.5	0.55	areal	34	84	0.34375	0.0	0	11
0.5	0.55	areal	35	76	0.40625	0.0	0	13
0.5	0.55	areal	36	80	0.375	0.0	0	12
0.5	0.55	areal	37	84	0.34375	0.0	0	11
0.5	0.55	areal	38	76	0.40625	0.0	0	13
0.5	0.55	areal	39	80	0.375	0.0	0	12
0.5	0.55	gift	0	80	0.375	0.0	0	12
0.5	0.55	gift	1	92	0.28125	0.0	0	9
0.5	0.55	gift	2	84	0.34375	0.0	0	11
0.5	0.55	gift	3	92	0.28125	0.0	0	9
0.5	0.55	gift	4	84	0.34375	0.0	0	11
0.5	0.55	gift	5	88	0.3125	0.0	0	10
0.5	0.55	gift	6	80	0.375	0.0	0	12
0.5	0.55	gift	7	84	0.34375	0.0	0	11
0.5	0.55	gift	8	88	0.3125	0.0	0	10
0.5	0.55	gift	9	88	0.3125	0.0	0	10
0.5	0.55	gift	10	80	0.375	0.0	0	12
0.5	0.55	gift	11	88	0.3125	0.0	0	10
0.5	0.55	gift	12	80	0.375	0.0	0	12
0.5	0.55	gift	13	92	0.28125	0.0	0	9
0.5	0.55	gift	14	76	0.40625	0.0	0	13
0.5	0.55	gift	15	88	0.3125	0.0	0	10
0.5	0.55	gift	16	88	0.3125	0.0	0	10
0.5	0.55	gift	17	80	0.375	0.0	0	12
0.5	0.55	gift	18	88	0.3125	0.0	0	10
0.5	0.55	gift	19	80	0.375	0.0	0	12
0.5	0.55	gift	20	84	0.34375	0.0	0	11
0.5	0.55	gift	21	80	0.375	0.0	0	12
0.5	0.55	gift	22	72	0.4375	0.0	0	14
0.5	0.55	gift	23	72	0.4375	0.0	0	14
0.5	0.55	gift	24	72	0.4375	0.0	0	14
0.5	0.55	gift	25	80	0.375	0.0	0	12
0.5	0.55	gift	26	76	0.40625	0.0	0	13
0.5	0.55	gift	27	68	0.46875	0.0	0	15
0.5	0.55	gift	28	72	0.4375	0.0	0	14
0.5	0.55	gift	29	68	0.46875	0.0	0	15
0.5	0.55	gift	30	72	0.4375	0.0	0	14
0.5	0.55	gift	31	68	0.46875	0.0	0	15
0.5	0.55	gift	32	80	0.375	0.0	0	12
0.5	0.55	gift	33	68	0.46875	0.0	0	15
0.5	0.55	gift	34	64	0.5	0.0	0	16
0.5	0.55	gift	35	68	0.46875	0.0	0	15
0.5	0.55	gift	36	68	0.46875	0.0	0	15
0.5	0.55	gift	37	72	0.4375	0.0	0	14
0.5	0.55	gift	38	68	0.46875	0.0	0	15
0.5	0.55	gift	39	76	0.40625	0.0	0	13
0.5	0.55	grpo	0	84	0.34375	0.0	0	11
0.5	0.55	grpo	1	96	0.25	0.0	0	8
0.5	0.55	grpo	2	84	0.34375	0.0	0	11
0.5	0.55	grpo	3	80	0.375	0.0	0	12
0.5	0.55	grpo	4	84	0.34375	0.0	0	11
0.5	0.55	grpo	5	84	0.34375	0.0	0	11
0.5	0.55	grpo	6	76	0.40625	0.0	0	13
0.5	0.55	grpo	7	84	0.34375	0.0	0	11
0.5	0.55	grpo	8	92	0.28125	0.0	0	9
0.5	0.55	grpo	9	84	0.34375	0.0	0	11
0.5	0.55	grpo	10	84	0.34375	0.0	0	11
0.5	0.55	grpo	11	84	0.34375	0.0	0	11
0.5	0.55	grpo	12	76	0.40625	0.0	0	13
0.5	0.55	grpo	13	92	0.28125	0.0	0	9
0.5	0.55	grpo	14	80	0.375	0.0	0	12
0.5	0.55	grpo	15	80	0.375	0.0	0	12
0.5	0.55	grpo	16	88	0.3125	0.0	0	10
0.5	0.55	grpo	17	96	0.25	0.0	0	8
0.5	0.55	grpo	18	92	0.28125	0.0	0	9
0.5	0.55	grpo	19	88	0.3125	0.0	0	10
0.5	0.55	grpo	20	88	0.3125	0.0	0	10
0.5	0.55	grpo	21	80	0.375	0.0	0	12
0.5	0.55	grpo	22	80	0.375	0.0	0	12
0.5	0.55	grpo	23	72	0.4375	0.0	0	14
0.5	0.55	grpo	24	76	0.40625	0.0	0	13
0.5	0.55	grpo	25	92	0.28125	0.0	0	9
0.5	0.55	grpo	26	76	0.40625	0.0	0	13
0.5	0.55	grpo	27	68	0.46875	0.0	0	15
0.5	0.55	grpo	28	76	0.40625	0.0	0	13
0.5	0.55	grpo	29	76	0.40625	0.0	0	13
0.5	0.55	grpo	30	76	0.40625	0.0	0	13
0.5	0.55	grpo	31	80	0.375	0.0	0	12
0.5	0.55	grpo	32	84	0.34375	0.0	0	11
0.5	0.55	grpo	33	84	0.34375	0.0	0	11
0.5	0.55	grpo	34	72	0.4375	0.0	0	14
0.5	0.55	grpo	35	68	0.46875	0.0	0	15
0.5	0.55	grpo	36	76	0.40625	0.0	0	13
0.5	0.55	grpo	37	80	0.375	0.0	0	12
0.5	0.55	grpo	38	84	0.34375	0.0	0	11
0.5	0.55	grpo	39	80	0.375	0.0	0	12
0.5	0.6	aero	0	84	0.34375	0.0	0	11
0.5	0.6	aero	1	84	0.34375	0.0	0	11
0.5	0.6	aero	2	76	0.40625	0.0	0	13
0.5	0.6	aero	3	84	0.34375	0.0	0	11
0.5	0.6	aero	4	80	0.375	0.0	0	12
0.5	0.6	aero	5	92	0.28125	0.0	0	9
0.5	0.6	aero	6	80	0.375	0.0	0	12
0.5	0.6	aero	7	88	0.3125	0.0	0	10
0.5	0.6	aero	8	84	0.34375	0.0	0	11
0.5	0.6	aero	9	88	0.3125	0.0	0	10
0.5	0.6	aero	10	80	0.375	0.0	0	12
0.5	0.6	aero	11	92	0.28125	0.0	0	9
0.5	0.6	aero	12	84	0.34375	0.0	0	11
0.5	0.6	aero	13	92	0.28125	0.0	0	9
0.5	0.6	aero	14	80	0.375	0.0	0	12
0.5	0.6	aero	15	76	0.40625	0.0	0	13
0.5	0.6	aero	16	92	0.28125	0.0	0	9
0.5	0.6	aero	17	92	0.28125	0.0	0	9
0.5	0.6	aero	18	88	0.3125	0.0	0	10
0.5	0.6	aero	19	88	0.3125	0.0	0	10
0.5	0.6	aero	20	88	0.3125	0.0	0	10
0.5	0.6	aero	21	76	0.40625	0.0	0	13
0.5	0.6	aero	22	84	0.34375	0.0	0	11
0.5	0.6	aero	23	76	0.40625	0.0	0	13
0.5	0.6	aero	24	76	0.40625	0.0	0	13
0.5	0.6	aero	25	84	0.34375	0.0	0	11
0.5	0.6	aero	26	72	0.4375	0.0	0	14
0.5	0.6	aero	27	68	0.46875	0.0	0	15
0.5	0.6	aero	28	76	0.40625	0.0	0	13
0.5	0.6	aero	29	72	0.4375	0.0	0	14
0.5	0.6	aero	30	76	0.40625	0.0	0	13
0.5	0.6	aero	31	76	0.40625	0.0	0	13
0.5	0.6	aero	32	80	0.375	0.0	0	12
0.5	0.6	aero	33	88	0.3125	0.0	0	10
0.5	0.6	aero	34	72	0.4375	0.0	0	14
0.5	0.6	aero	35	76	0.40625	0.0	0	13
0.5	0.6	aero	36	76	0.40625	0.0	0	13
0.5	0.6	aero	37	84	0.34375	0.0	0	11
0.5	0.6	aero	38	84	0.34375	0.0	0	11
0.5	0.6	aero	39	88	0.3125	0.0	0	10
0.5	0.6	areal	0	84	0.34375	0.0	0	11
0.5	0.6	areal	1	96	0.25	0.0	0	8
0.5	0.6	areal	2	84	0.34375	0.0	0	11
0.5	0.6	areal	3	84	0.34375	0.0	0	11
0.5	0.6	areal	4	96	0.25	0.0	0	8
0.5	0.6	areal	5	80	0.375	0.0	0	12
0.5	0.6	areal	6	84	0.34375	0.0	0	11
0.5	0.6	areal	7	72	0.4375	0.0	0	14
0.5	0.6	areal	8	88	0.3125	0.0	0	10
0.5	0.6	areal	9	84	0.34375	0.0	0	11
0.5	0.6	areal	10	84	0.34375	0.0	0	11
0.5	0.6	areal	11	96	0.25	0.0	0	8
0.5	0.6	areal	12	76	0.40625	0.0	0	13
0.5	0.6	areal	13	92	0.28125	0.0	0	9
0.5	0.6	areal	14	84	0.34375	0.0	0	11
0.5	0.6	areal	15	84	0.34375	0.0	0	11
0.5	0.6	areal	16	88	0.3125	0.0	0	10
0.5	0.6	areal	17	96	0.25	0.0	0	8
0.5	0.6	areal	18	92	0.28125	0.0	0	9
0.5	0.6	areal	19	80	0.375	0.0	0	12
0.5	0.6	areal	20	84	0.34375	0.0	0	11
0.5	0.6	areal	21	84	0.34375	0.0	0	11
0.5	0.6	areal	22	76	0.40625	0.0	0	13
0.5	0.6	areal	23	76	0.40625	0.0	0	13
0.5	0.6	areal	24	72	0.4375	0.0	0	14
0.5	0.6	areal	25	88	0.3125	0.0	0	10
0.5	0.6	areal	26	72	0.4375	0.0	0	14
0.5	0.6	areal	27	68	0.46875	0.0	0	15
0.5	0.6	areal	28	72	0.4375	0.0	0	14
0.5	0.6	areal	29	76	0.40625	0.0	0	13
0.5	0.6	areal	30	80	0.375	0.0	0	12
0.5	0.6	areal	31	92	0.28125	0.0	0	9
0.5	0.6	areal	32	80	0.375	0.0	0	12
0.5	0.6	areal	33	88	0.3125	0.0	0	10
0.5	0.6	areal	34	84	0.34375	0.0	0	11
0.5	0.6	areal	35	76	0.40625	0.0	0	13
0.5	0.6	areal	36	80	0.375	0.0	0	12
0.5	0.6	areal	37	84	0.34375	0.0	0	11
0.5	0.6	areal	38	76	0.40625	0.0	0	13
0.5	0.6	areal	39	80	0.375	0.0	0	12
0.5	0.6	gift	0	80	0.375	0.0	0	12
0.5	0.6	gift	1	92	0.28125	0.0	0	9
0.5	0.6	gift	2	84	0.34375	0.0	0	11
0.5	0.6	gift	3	92	0.28125	0.0	0	9
0.5	0.6	gift	4	84	0.34375	0.0	0	11
0.5	0.6	gift	5	88	0.3125	0.0	0	10
0.5	0.6	gift	6	80	0.375	0.0	0	12
0.5	0.6	gift	7	84	0.34375	0.0	0	11
0.5	0.6	gift	8	88	0.3125	0.0	0	10
0.5	0.6	gift	9	88	0.3125	0.0	0	10
0.5	0.6	gift	10	80	0.375	0.0	0	12
0.5	0.6	gift	11	88	0.3125	0.0	0	10
0.5	0.6	gift	12	80	0.375	0.0	0	12
0.5	0.6	gift	13	92	0.28125	0.0	0	9
0.5	0.6	gift	14	76	0.40625	0.0	0	13
0.5	0.6	gift	15	88	0.3125	0.0	0	10
0.5	0.6	gift	16	88	0.3125	0.0	0	10
0.5	0.6	gift	17	80	0.375	0.0	0	12
0.5	0.6	gift	18	88	0.3125	0.0	0	10
0.5	0.6	gift	19	80	0.375	0.0	0	12
0.5	0.6	gift	20	84	0.34375	0.0	0	11
0.5	0.6	gift	21	80	0.375	0.0	0	12
0.5	0.6	gift	22	72	0.4375	0.0	0	14
0.5	0.6	gift	23	72	0.4375	0.0	0	14
0.5	0.6	gift	24	72	0.4375	0.0	0	14
0.5	0.6	gift	25	80	0.375	0.0	0	12
0.5	0.6	gift	26	76	0.40625	0.0	0	13
0.5	0.6	gift	27	68	0.46875	0.0	0	15
0.5	0.6	gift	28	72	0.4375	0.0	0	14
0.5	0.6	gift	29	68	0.46875	0.0	0	15
0.5	0.6	gift	30	72	0.4375	0.0	0	14
0.5	0.6	gift	31	68	0.46875	0.0	0	15
0.5	0.6	gift	32	80	0.375	0.0	0	12
0.5	0.6	gift	33	68	0.46875	0.0	0	15
0.5	0.6	gift	34	64	0.5	0.0	0	16
0.5	0.6	gift	35	68	0.46875	0.0	0	15
0.5	0.6	gift	36	68	0.46875	0.0	0	15
0.5	0.6	gift	37	72	0.4375	0.0	0	14
0.5	0.6	gift	38	68	0.46875	0.0	0	15
0.5	0.6	gift	39	76	0.40625	0.0	0	13
0.5	0.6	grpo	0	84	0.34375	0.0	0	11
0.5	0.6	grpo	1	96	0.25	0.0	0	8
0.5	0.6	grpo	2	84	0.34375	0.0	0	11
0.5	0.6	grpo	3	80	0.375	0.0	0	12
0.5	0.6	grpo	4	84	0.34375	0.0	0	11
0.5	0.6	grpo	5	84	0.34375	0.0	0	11
0.5	0.6	grpo	6	76	0.40625	0.0	0	13
0.5	0.6	grpo	7	84	0.34375	0.0	0	11
0.5	0.6	grpo	8	92	0.28125	0.0	0	9
0.5	0.6	grpo	9	84	0.34375	0.0	0	11
0.5	0.6	grpo	10	84	0.34375	0.0	0	11
0.5	0.6	grpo	11	84	0.34375	0.0	0	11
0.5	0.6	grpo	12	76	0.40625	0.0	0	13
0.5	0.6	grpo	13	92	0.28125	0.0	0	9
0.5	0.6	grpo	14	80	0.375	0.0	0	12
0.5	0.6	grpo	15	80	0.375	0.0	0	12
0.5	0.6	grpo	16	88	0.3125	0.0	0	10
0.5	0.6	grpo	17	96	0.25	0.0	0	8
0.5	0.6	grpo	18	92	0.28125	0.0	0	9
0.5	0.6	grpo	19	88	0.3125	0.0	0	10
0.5	0.6	grpo	20	88	0.3125	0.0	0	10
0.5	0.6	grpo	21	80	0.375	0.0	0	12
0.5	0.6	grpo	22	80	0.375	0.0	0	12
0.5	0.6	grpo	23	72	0.4375	0.0	0	14
0.5	0.6	grpo	24	76	0.40625	0.0	0	13
0.5	0.6	grpo	25	92	0.28125	0.0	0	9
0.5	0.6	grpo	26	76	0.40625	0.0	0	13
0.5	0.6	grpo	27	68	0.46875	0.0	0	15
0.5	0.6	grpo	28	76	0.40625	0.0	0	13
0.5	0.6	grpo	29	76	0.40625	0.0	0	13
0.5	0.6	grpo	30	76	0.40625	0.0	0	13
0.5	0.6	grpo	31	80	0.375	0.0	0	12
0.5	0.6	grpo	32	84	0.34375	0.0	0	11
0.5	0.6	grpo	33	84	0.34375	0.0	0	11
0.5	0.6	grpo	34	72	0.4375	0.0	0	14
0.5	0.6	grpo	35	68	0.46875	0.0	0	15
0.5	0.6	grpo	36	76	0.40625	0.0	0	13
0.5	0.6	grpo	37	80	0.375	0.0	0	12
0.5	0.6	grpo	38	84	0.34375	0.0	0	11
0.5	0.6	grpo	39	80	0.375	0.0	0	12
0.5	0.65	aero	0	84	0.34375	0.0	0	11
0.5	0.65	aero	1	84	0.34375	0.0	0	11
0.5	0.65	aero	2	76	0.40625	0.0	0	13
0.5	0.65	aero	3	84	0.34375	0.0	0	11
0.5	0.65	aero	4	80	0.375	0.0	0	12
0.5	0.65	aero	5	92	0.28125	0.0	0	9
0.5	0.65	aero	6	80	0.375	0.0	0	12
0.5	0.65	aero	7	88	0.3125	0.0	0	10
0.5	0.65	aero	8	84	0.34375	0.0	0	11
0.5	0.65	aero	9	88	0.3125	0.0	0	10
0.5	0.65	aero	10	80	0.375	0.0	0	12
0.5	0.65	aero	11	92	0.28125	0.0	0	9
0.5	0.65	aero	12	84	0.34375	0.0	0	11
0.5	0.65	aero	13	92	0.28125	0.0	0	9
0.5	0.65	aero	14	80	0.375	0.0	0	12
0.5	0.65	aero	15	76	0.40625	0.0	0	13
0.5	0.65	aero	16	92	0.28125	0.0	0	9
0.5	0.65	aero	17	92	0.28125	0.0	0	9
0.5	0.65	aero	18	88	0.3125	0.0	0	10
0.5	0.65	aero	19	88	0.3125	0.0	0	10
0.5	0.65	aero	20	88	0.3125	0.0	0	10
0.5	0.65	aero	21	76	0.40625	0.0	0	13
0.5	0.65	aero	22	84	0.34375	0.0	0	11
0.5	0.65	aero	23	76	0.40625	0.0	0	13
0.5	0.65	aero	24	76	0.40625	0.0	0	13
0.5	0.65	aero	25	84	0.34375	0.0	0	11
0.5	0.65	aero	26	72	0.4375	0.0	0	14
0.5	0.65	aero	27	68	0.46875	0.0	0	15
0.5	0.65	aero	28	76	0.40625	0.0	0	13
0.5	0.65	aero	29	72	0.4375	0.0	0	14
0.5	0.65	aero	30	76	0.40625	0.0	0	13
0.5	0.65	aero	31	76	0.40625	0.0	0	13
0.5	0.65	aero	32	80	0.375	0.0	0	12
0.5	0.65	aero	33	88	0.3125	0.0	0	10
0.5	0.65	aero	34	72	0.4375	0.0	0	14
0.5	0.65	aero	35	76	0.40625	0.0	0	13
0.5	0.65	aero	36	76	0.40625	0.0	0	13
0.5	0.65	aero	37	84	0.34375	0.0	0	11
0.5	0.65	aero	38	84	0.34375	0.0	0	11
0.5	0.65	aero	39	88	0.3125	0.0	0	10
0.5	0.65	areal	0	84	0.34375	0.0	0	11
0.5	0.65	areal	1	96	0.25	0.0	0	8
0.5	0.65	areal	2	84	0.34375	0.0	0	11
0.5	0.65	areal	3	84	0.34375	0.0	0	11
0.5	0.65	areal	4	96	0.25	0.0	0	8
0.5	0.65	areal	5	80	0.375	0.0	0	12
0.5	0.65	areal	6	84	0.34375	0.0	0	11
0.5	0.65	areal	7	72	0.4375	0.0	0	14
0.5	0.65	areal	8	88	0.3125	0.0	0	10
0.5	0.65	areal	9	84	0.34375	0.0	0	11
0.5	0.65	areal	10	84	0.34375	0.0	0	11
0.5	0.65	areal	11	96	0.25	0.0	0	8
0.5	0.65	areal	12	76	0.40625	0.0	0	13
0.5	0.65	areal	13	92	0.28125	0.0	0	9
0.5	0.65	areal	14	84	0.34375	0.0	0	11
0.5	0.65	areal	15	84	0.34375	0.0	0	11
0.5	0.65	areal	16	88	0.3125	0.0	0	10
0.5	0.65	areal	17	96	0.25	0.0	0	8
0.5	0.65	areal	18	92	0.28125	0.0	0	9
0.5	0.65	areal	19	80	0.375	0.0	0	12
0.5	0.65	areal	20	84	0.34375	0.0	0	11
0.5	0.65	areal	21	84	0.34375	0.0	0	11
0.5	0.65	areal	22	76	0.40625	0.0	0	13
0.5	0.65	areal	23	76	0.40625	0.0	0	13
0.5	0.65	areal	24	72	0.4375	0.0	0	14
0.5	0.65	areal	25	88	0.3125	0.0	0	10
0.5	0.65	areal	26	72	0.4375	0.0	0	14
0.5	0.65	areal	27	68	0.46875	0.0	0	15
0.5	0.65	areal	28	72	0.4375	0.0	0	14
0.5	0.65	areal	29	76	0.40625	0.0	0	13
0.5	0.65	areal	30	80	0.375	0.0	0	12
0.5	0.65	areal	31	92	0.28125	0.0	0	9
0.5	0.65	areal	32	80	0.375	0.0	0	12
0.5	0.65	areal	33	88	0.3125	0.0	0	10
0.5	0.65	areal	34	84	0.34375	0.0	0	11
0.5	0.65	areal	35	76	0.40625	0.0	0	13
0.5	0.65	areal	36	80	0.375	0.0	0	12
0.5	0.65	areal	37	84	0.34375	0.0	0	11
0.5	0.65	areal	38	76	0.40625	0.0	0	13
0.5	0.65	areal	39	80	0.375	0.0	0	12
0.5	0.65	gift	0	80	0.375	0.0	0	12
0.5	0.65	gift	1	92	0.28125	0.0	0	9
0.5	0.65	gift	2	84	0.34375	0.0	0	11
0.5	0.65	gift	3	92	0.28125	0.0	0	9
0.5	0.65	gift	4	84	0.34375	0.0	0	11
0.5	0.65	gift	5	88	0.3125	0.0	0	10
0.5	0.65	gift	6	80	0.375	0.0	0	12
0.5	0.65	gift	7	84	0.34375	0.0	0	11
0.5	0.65	gift	8	88	0.3125	0.0	0	10
0.5	0.65	gift	9	88	0.3125	0.0	0	10
0.5	0.65	gift	10	80	0.375	0.0	0	12
0.5	0.65	gift	11	88	0.3125	0.0	0	10
0.5	0.65	gift	12	80	0.375	0.0	0	12
0.5	0.65	gift	13	92	0.28125	0.0	0	9
0.5	0.65	gift	14	76	0.40625	0.0	0	13
0.5	0.65	gift	15	88	0.3125	0.0	0	10
0.5	0.65	gift	16	88	0.3125	0.0	0	10
0.5	0.65	gift	17	80	0.375	0.0	0	12
0.5	0.65	gift	18	88	0.3125	0.0	0	10
0.5	0.65	gift	19	80	0.375	0.0	0	12
0.5	0.65	gift	20	84	0.34375	0.0	0	11
0.5	0.65	gift	21	80	0.375	0.0	0	12
0.5	0.65	gift	22	72	0.4375	0.0	0	14
0.5	0.65	gift	23	72	0.4375	0.0	0	14
0.5	0.65	gift	24	72	0.4375	0.0	0	14
0.5	0.65	gift	25	80	0.375	0.0	0	12
0.5	0.65	gift	26	76	0.40625	0.0	0	13
0.5	0.65	gift	27	68	0.46875	0.0	0	15
0.5	0.65	gift	28	72	0.4375	0.0	0	14
0.5	0.65	gift	29	68	0.46875	0.0	0	15
0.5	0.65	gift	30	72	0.4375	0.0	0	14
0.5	0.65	gift	31	68	0.46875	0.0	0	15
0.5	0.65	gift	32	80	0.375	0.0	0	12
0.5	0.65	gift	33	68	0.46875	0.0	0	15
0.5	0.65	gift	34	64	0.5	0.0	0	16
0.5	0.65	gift	35	68	0.46875	0.0	0	15
0.5	0.65	gift	36	68	0.46875	0.0	0	15
0.5	0.65	gift	37	72	0.4375	0.0	0	14
0.5	0.65	gift	38	68	0.46875	0.0	0	15
0.5	0.65	gift	39	76	0.40625	0.0	0	13
0.5	0.65	grpo	0	84	0.34375	0.0	0	11
0.5	0.65	grpo	1	96	0.25	0.0	0	8
0.5	0.65	grpo	2	84	0.34375	0.0	0	11
0.5	0.65	grpo	3	80	0.375	0.0	0	12
0.5	0.65	grpo	4	84	0.34375	0.0	0	11
0.5	0.65	grpo	5	84	0.34375	0.0	0	11
0.5	0.65	grpo	6	76	0.40625	0.0	0	13
0.5	0.65	grpo	7	84	0.34375	0.0	0	11
0.5	0.65	grpo	8	92	0.28125	0.0	0	9
0.5	0.65	grpo	9	84	0.34375	0.0	0	11
0.5	0.65	grpo	10	84	0.34375	0.0	0	11
0.5	0.65	grpo	11	84	0.34375	0.0	0	11
0.5	0.65	grpo	12	76	0.40625	0.0	0	13
0.5	0.65	grpo	13	92	0.28125	0.0	0	9
0.5	0.65	grpo	14	80	0.375	0.0	0	12
0.5	0.65	grpo	15	80	0.375	0.0	0	12
0.5	0.65	grpo	16	88	0.3125	0.0	0	10
0.5	0.65	grpo	17	96	0.25	0.0	0	8
0.5	0.65	grpo	18	92	0.28125	0.0	0	9
0.5	0.65	grpo	19	88	0.3125	0.0	0	10
0.5	0.65	grpo	20	88	0.3125	0.0	0	10
0.5	0.65	grpo	21	80	0.375	0.0	0	12
0.5	0.65	grpo	22	80	0.375	0.0	0	12
0.5	0.65	grpo	23	72	0.4375	0.0	0	14
0.5	0.65	grpo	24	76	0.40625	0.0	0	13
0.5	0.65	grpo	25	92	0.28125	0.0	0	9
0.5	0.65	grpo	26	76	0.40625	0.0	0	13
0.5	0.65	grpo	27	68	0.46875	0.0	0	15
0.5	0.65	grpo	28	76	0.40625	0.0	0	13
0.5	0.65	grpo	29	76	0.40625	0.0	0	13
0.5	0.65	grpo	30	76	0.40625	0.0	0	13
0.5	0.65	grpo	31	80	0.375	0.0	0	12
0.5	0.65	grpo	32	84	0.34375	0.0	0	11
0.5	0.65	grpo	33	84	0.34375	0.0	0	11
0.5	0.65	grpo	34	72	0.4375	0.0	0	14
0.5	0.65	grpo	35	68	0.46875	0.0	0	15
0.5	0.65	grpo	36	76	0.40625	0.0	0	13
0.5	0.65	grpo	37	80	0.375	0.0	0	12
0.5	0.65	grpo	38	84	0.34375	0.0	0	11
0.5	0.65	grpo	39	80	0.375	0.0	0	12
0.5	0.7	aero	0	84	0.34375	0.0	0	11
0.5	0.7	aero	1	84	0.34375	0.0	0	11
0.5	0.7	aero	2	76	0.40625	0.0	0	13
0.5	0.7	aero	3	84	0.34375	0.0	0	11
0.5	0.7	aero	4	80	0.375	0.0	0	12
0.5	0.7	aero	5	92	0.28125	0.0	0	9
0.5	0.7	aero	6	80	0.375	0.0	0	12
0.5	0.7	aero	7	88	0.3125	0.0	0	10
0.5	0.7	aero	8	84	0.34375	0.0	0	11
0.5	0.7	aero	9	88	0.3125	0.0	0	10
0.5	0.7	aero	10	80	0.375	0.0	0	12
0.5	0.7	aero	11	92	0.28125	0.0	0	9
0.5	0.7	aero	12	84	0.34375	0.0	0	11
0.5	0.7	aero	13	92	0.28125	0.0	0	9
0.5	0.7	aero	14	80	0.375	0.0	0	12
0.5	0.7	aero	15	76	0.40625	0.0	0	13
0.5	0.7	aero	16	92	0.28125	0.0	0	9
0.5	0.7	aero	17	92	0.28125	0.0	0	9
0.5	0.7	aero	18	88	0.3125	0.0	0	10
0.5	0.7	aero	19	88	0.3125	0.0	0	10
0.5	0.7	aero	20	88	0.3125	0.0	0	10
0.5	0.7	aero	21	76	0.40625	0.0	0	13
0.5	0.7	aero	22	84	0.34375	0.0	0	11
0.5	0.7	aero	23	76	0.40625	0.0	0	13
0.5	0.7	aero	24	76	0.40625	0.0	0	13
0.5	0.7	aero	25	84	0.34375	0.0	0	11
0.5	0.7	aero	26	72	0.4375	0.0	0	14
0.5	0.7	aero	27	68	0.46875	0.0	0	15
0.5	0.7	aero	28	76	0.40625	0.0	0	13
0.5	0.7	aero	29	72	0.4375	0.0	0	14
0.5	0.7	aero	30	76	0.40625	0.0	0	13
0.5	0.7	aero	31	76	0.40625	0.0	0	13
0.5	0.7	aero	32	80	0.375	0.0	0	12
0.5	0.7	aero	33	88	0.3125	0.0	0	10
0.5	0.7	aero	34	72	0.4375	0.0	0	14
0.5	0.7	aero	35	76	0.40625	0.0	0	13
0.5	0.7	aero	36	76	0.40625	0.0	0	13
0.5	0.7	aero	37	84	0.34375	0.0	0	11
0.5	0.7	aero	38	84	0.34375	0.0	0	11
0.5	0.7	aero	39	88	0.3125	0.0	0	10
0.5	0.7	areal	0	84	0.34375	0.0	0	11
0.5	0.7	areal	1	96	0.25	0.0	0	8
0.5	0.7	areal	2	84	0.34375	0.0	0	11
0.5	0.7	areal	3	84	0.34375	0.0	0	11
0.5	0.7	areal	4	96	0.25	0.0	0	8
0.5	0.7	areal	5	80	0.375	0.0	0	12
0.5	0.7	areal	6	84	0.34375	0.0	0	11
0.5	0.7	areal	7	72	0.4375	0.0	0	14
0.5	0.7	areal	8	88	0.3125	0.0	0	10
0.5	0.7	areal	9	84	0.34375	0.0	0	11
0.5	0.7	areal	10	84	0.34375	0.0	0	11
0.5	0.7	areal	11	96	0.25	0.0	0	8
0.5	0.7	areal	12	76	0.40625	0.0	0	13
0.5	0.7	areal	13	92	0.28125	0.0	0	9
0.5	0.7	areal	14	84	0.34375	0.0	0	11
0.5	0.7	areal	15	84	0.34375	0.0	0	11
0.5	0.7	areal	16	88	0.3125	0.0	0	10
0.5	0.7	areal	17	96	0.25	0.0	0	8
0.5	0.7	areal	18	92	0.28125	0.0	0	9
0.5	0.7	areal	19	80	0.375	0.0	0	12
0.5	0.7	areal	20	84	0.34375	0.0	0	11
0.5	0.7	areal	21	84	0.34375	0.0	0	11
0.5	0.7	areal	22	76	0.40625	0.0	0	13
0.5	0.7	areal	23	76	0.40625	0.0	0	13
0.5	0.7	areal	24	72	0.4375	0.0	0	14
0.5	0.7	areal	25	88	0.3125	0.0	0	10
0.5	0.7	areal	26	72	0.4375	0.0	0	14
0.5	0.7	areal	27	68	0.46875	0.0	0	15
0.5	0.7	areal	28	72	0.4375	0.0	0	14
0.5	0.7	areal	29	76	0.40625	0.0	0	13
0.5	0.7	areal	30	80	0.375	0.0	0	12
0.5	0.7	areal	31	92	0.28125	0.0	0	9
0.5	0.7	areal	32	80	0.375	0.0	0	12
0.5	0.7	areal	33	88	0.3125	0.0	0	10
0.5	0.7	areal	34	84	0.34375	0.0	0	11
0.5	0.7	areal	35	76	0.40625	0.0	0	13
0.5	0.7	areal	36	80	0.375	0.0	0	12
0.5	0.7	areal	37	84	0.34375	0.0	0	11
0.5	0.7	areal	38	76	0.40625	0.0	0	13
0.5	0.7	areal	39	80	0.375	0.0	0	12
0.5	0.7	gift	0	80	0.375	0.0	0	12
0.5	0.7	gift	1	92	0.28125	0.0	0	9
0.5	0.7	gift	2	84	0.34375	0.0	0	11
0.5	0.7	gift	3	92	0.28125	0.0	0	9
0.5	0.7	gift	4	84	0.34375	0.0	0	11
0.5	0.7	gift	5	88	0.3125	0.0	0	10
0.5	0.7	gift	6	80	0.375	0.0	0	12
0.5	0.7	gift	7	84	0.34375	0.0	0	11
0.5	0.7	gift	8	88	0.3125	0.0	0	10
0.5	0.7	gift	9	88	0.3125	0.0	0	10
0.5	0.7	gift	10	80	0.375	0.0	0	12
0.5	0.7	gift	11	88	0.3125	0.0	0	10
0.5	0.7	gift	12	80	0.375	0.0	0	12
0.5	0.7	gift	13	92	0.28125	0.0	0	9
0.5	0.7	gift	14	76	0.40625	0.0	0	13
0.5	0.7	gift	15	88	0.3125	0.0	0	10
0.5	0.7	gift	16	88	0.3125	0.0	0	10
0.5	0.7	gift	17	80	0.375	0.0	0	12
0.5	0.7	gift	18	88	0.3125	0.0	0	10
0.5	0.7	gift	19	80	0.375	0.0	0	12
0.5	0.7	gift	20	84	0.34375	0.0	0	11
0.5	0.7	gift	21	80	0.375	0.0	0	12
0.5	0.7	gift	22	72	0.4375	0.0	0	14
0.5	0.7	gift	23	72	0.4375	0.0	0	14
0.5	0.7	gift	24	72	0.4375	0.0	0	14
0.5	0.7	gift	25	80	0.375	0.0	0	12
0.5	0.7	gift	26	76	0.40625	0.0	0	13
0.5	0.7	gift	27	68	0.46875	0.0	0	15
0.5	0.7	gift	28	72	0.4375	0.0	0	14
0.5	0.7	gift	29	68	0.46875	0.0	0	15
0.5	0.7	gift	30	72	0.4375	0.0	0	14
0.5	0.7	gift	31	68	0.46875	0.0	0	15
0.5	0.7	gift	32	80	0.375	0.0	0	12
0.5	0.7	gift	33	68	0.46875	0.0	0	15
0.5	0.7	gift	34	64	0.5	0.0	0	16
0.5	0.7	gift	35	68	0.46875	0.0	0	15
0.5	0.7	gift	36	68	0.46875	0.0	0	15
0.5	0.7	gift	37	72	0.4375	0.0	0	14
0.5	0.7	gift	38	68	0.46875	0.0	0	15
0.5	0.7	gift	39	76	0.40625	0.0	0	13
0.5	0.7	grpo	0	84	0.34375	0.0	0	11
0.5	0.7	grpo	1	96	0.25	0.0	0	8
0.5	0.7	grpo	2	84	0.34375	0.0	0	11
0.5	0.7	grpo	3	80	0.375	0.0	0	12
0.5	0.7	grpo	4	84	0.34375	0.0	0	11
0.5	0.7	grpo	5	84	0.34375	0.0	0	11
0.5	0.7	grpo	6	76	0.40625	0.0	0	13
0.5	0.7	grpo	7	84	0.34375	0.0	0	11
0.5	0.7	grpo	8	92	0.28125	0.0	0	9
0.5	0.7	grpo	9	84	0.34375	0.0	0	11
0.5	0.7	grpo	10	84	0.34375	0.0	0	11
0.5	0.7	grpo	11	84	0.34375	0.0	0	11
0.5	0.7	grpo	12	76	0.40625	0.0	0	13
0.5	0.7	grpo	13	92	0.28125	0.0	0	9
0.5	0.7	grpo	14	80	0.375	0.0	0	12
0.5	0.7	grpo	15	80	0.375	0.0	0	12
0.5	0.7	grpo	16	88	0.3125	0.0	0	10
0.5	0.7	grpo	17	96	0.25	0.0	0	8
0.5	0.7	grpo	18	92	0.28125	0.0	0	9
0.5	0.7	grpo	19	88	0.3125	0.0	0	10
0.5	0.7	grpo	20	88	0.3125	0.0	0	10
0.5	0.7	grpo	21	80	0.375	0.0	0	12
0.5	0.7	grpo	22	80	0.375	0.0	0	12
0.5	0.7	grpo	23	72	0.4375	0.0	0	14
0.5	0.7	grpo	24	76	0.40625	0.0	0	13
0.5	0.7	grpo	25	92	0.28125	0.0	0	9
0.5	0.7	grpo	26	76	0.40625	0.0	0	13
0.5	0.7	grpo	27	68	0.46875	0.0	0	15
0.5	0.7	grpo	28	76	0.40625	0.0	0	13
0.5	0.7	grpo	29	76	0.40625	0.0	0	13
0.5	0.7	grpo	30	76	0.40625	0.0	0	13
0.5	0.7	grpo	31	80	0.375	0.0	0	12
0.5	0.7	grpo	32	84	0.34375	0.0	0	11
0.5	0.7	grpo	33	84	0.34375	0.0	0	11
0.5	0.7	grpo	34	72	0.4375	0.0	0	14
0.5	0.7	grpo	35	68	0.46875	0.0	0	15
0.5	0.7	grpo	36	76	0.40625	0.0	0	13
0.5	0.7	grpo	37	80	0.375	0.0	0	12
0.5	0.7	grpo	38	84	0.34375	0.0	0	11
0.5	0.7	grpo	39	80	0.375	0.0	0	12
0.5	0.75	aero	0	84	0.34375	0.0	0	11
0.5	0.75	aero	1	84	0.34375	0.0	0	11
0.5	0.75	aero	2	76	0.40625	0.0	0	13
0.5	0.75	aero	3	84	0.34375	0.0	0	11
0.5	0.75	aero	4	80	0.375	0.0	0	12
0.5	0.75	aero	5	92	0.28125	0.0	0	9
0.5	0.75	aero	6	80	0.375	0.0	0	12
0.5	0.75	aero	7	88	0.3125	0.0	0	10
0.5	0.75	aero	8	84	0.34375	0.0	0	11
0.5	0.75	aero	9	88	0.3125	0.0	0	10
0.5	0.75	aero	10	80	0.375	0.0	0	12
0.5	0.75	aero	11	92	0.28125	0.0	0	9
0.5	0.75	aero	12	84	0.34375	0.0	0	11
0.5	0.75	aero	13	92	0.28125	0.0	0	9
0.5	0.75	aero	14	80	0.375	0.0	0	12
0.5	0.75	aero	15	76	0.40625	0.0	0	13
0.5	0.75	aero	16	92	0.28125	0.0	0	9
0.5	0.75	aero	17	92	0.28125	0.0	0	9
0.5	0.75	aero	18	88	0.3125	0.0	0	10
0.5	0.75	aero	19	88	0.3125	0.0	0	10
0.5	0.75	aero	20	88	0.3125	0.0	0	10
0.5	0.75	aero	21	76	0.40625	0.0	0	13
0.5	0.75	aero	22	84	0.34375	0.0	0	11
0.5	0.75	aero	23	76	0.40625	0.0	0	13
0.5	0.75	aero	24	76	0.40625	0.0	0	13
0.5	0.75	aero	25	84	0.34375	0.0	0	11
0.5	0.75	aero	26	72	0.4375	0.0	0	14
0.5	0.75	aero	27	68	0.46875	0.0	0	15
0.5	0.75	aero	28	76	0.40625	0.0	0	13
0.5	0.75	aero	29	72	0.4375	0.0	0	14
0.5	0.75	aero	30	76	0.40625	0.0	0	13
0.5	0.75	aero	31	76	0.40625	0.0	0	13
0.5	0.75	aero	32	80	0.375	0.0	0	12
0.5	0.75	aero	33	88	0.3125	0.0	0	10
0.5	0.75	aero	34	72	0.4375	0.0	0	14
0.5	0.75	aero	35	76	0.40625	0.0	0	13
0.5	0.75	aero	36	76	0.40625	0.0	0	13
0.5	0.75	aero	37	84	0.34375	0.0	0	11
0.5	0.75	aero	38	84	0.34375	0.0	0	11
0.5	0.75	aero	39	88	0.3125	0.0	0	10
0.5	0.75	areal	0	84	0.34375	0.0	0	11
0.5	0.75	areal	1	96	0.25	0.0	0	8
0.5	0.75	areal	2	84	0.34375	0.0	0	11
0.5	0.75	areal	3	84	0.34375	0.0	0	11
0.5	0.75	areal	4	96	0.25	0.0	0	8
0.5	0.75	areal	5	80	0.375	0.0	0	12
0.5	0.75	areal	6	84	0.34375	0.0	0	11
0.5	0.75	areal	7	72	0.4375	0.0	0	14
0.5	0.75	areal	8	88	0.3125	0.0	0	10
0.5	0.75	areal	9	84	0.34375	0.0	0	11
0.5	0.75	areal	10	84	0.34375	0.0	0	11
0.5	0.75	areal	11	96	0.25	0.0	0	8
0.5	0.75	areal	12	76	0.40625	0.0	0	13
0.5	0.75	areal	13	92	0.28125	0.0	0	9
0.5	0.75	areal	14	84	0.34375	0.0	0	11
0.5	0.75	areal	15	84	0.34375	0.0	0	11
0.5	0.75	areal	16	88	0.3125	0.0	0	10
0.5	0.75	areal	17	96	0.25	0.0	0	8
0.5	0.75	areal	18	92	0.28125	0.0	0	9
0.5	0.75	areal	19	80	0.375	0.0	0	12
0.5	0.75	areal	20	84	0.34375	0.0	0	11
0.5	0.75	areal	21	84	0.34375	0.0	0	11
0.5	0.75	areal	22	76	0.40625	0.0	0	13
0.5	0.75	areal	23	76	0.40625	0.0	0	13
0.5	0.75	areal	24	72	0.4375	0.0	0	14
0.5	0.75	areal	25	88	0.3125	0.0	0	10
0.5	0.75	areal	26	72	0.4375	0.0	0	14
0.5	0.75	areal	27	68	0.46875	0.0	0	15
0.5	0.75	areal	28	72	0.4375	0.0	0	14
0.5	0.75	areal	29	76	0.40625	0.0	0	13
0.5	0.75	areal	30	80	0.375	0.0	0	12
0.5	0.75	areal	31	92	0.28125	0.0	0	9
0.5	0.75	areal	32	80	0.375	0.0	0	12
0.5	0.75	areal	33	88	0.3125	0.0	0	10
0.5	0.75	areal	34	84	0.34375	0.0	0	11
0.5	0.75	areal	35	76	0.40625	0.0	0	13
0.5	0.75	areal	36	80	0.375	0.0	0	12
0.5	0.75	areal	37	84	0.34375	0.0	0	11
0.5	0.75	areal	38	76	0.40625	0.0	0	13
0.5	0.75	areal	39	80	0.375	0.0	0	12
0.5	0.75	gift	0	80	0.375	0.0	0	12
0.5	0.75	gift	1	92	0.28125	0.0	0	9
0.5	0.75	gift	2	84	0.34375	0.0	0	11
0.5	0.75	gift	3	92	0.28125	0.0	0	9
0.5	0.75	gift	4	84	0.34375	0.0	0	11
0.5	0.75	gift	5	88	0.3125	0.0	0	10
0.5	0.75	gift	6	80	0.375	0.0	0	12
0.5	0.75	gift	7	84	0.34375	0.0	0	11
0.5	0.75	gift	8	88	0.3125	0.0	0	10
0.5	0.75	gift	9	88	0.3125	0.0	0	10
0.5	0.75	gift	10	80	0.375	0.0	0	12
0.5	0.75	gift	11	88	0.3125	0.0	0	10
0.5	0.75	gift	12	80	0.375	0.0	0	12
0.5	0.75	gift	13	92	0.28125	0.0	0	9
0.5	0.75	gift	14	76	0.40625	0.0	0	13
0.5	0.75	gift	15	88	0.3125	0.0	0	10
0.5	0.75	gift	16	88	0.3125	0.0	0	10
0.5	0.75	gift	17	80	0.375	0.0	0	12
0.5	0.75	gift	18	88	0.3125	0.0	0	10
0.5	0.75	gift	19	80	0.375	0.0	0	12
0.5	0.75	gift	20	84	0.34375	0.0	0	11
0.5	0.75	gift	21	80	0.375	0.0	0	12
0.5	0.75	gift	22	72	0.4375	0.0	0	14
0.5	0.75	gift	23	72	0.4375	0.0	0	14
0.5	0.75	gift	24	72	0.4375	0.0	0	14
0.5	0.75	gift	25	80	0.375	0.0	0	12
0.5	0.75	gift	26	76	0.40625	0.0	0	13
0.5	0.75	gift	27	68	0.46875	0.0	0	15
0.5	0.75	gift	28	72	0.4375	0.0	0	14
0.5	0.75	gift	29	68	0.46875	0.0	0	15
0.5	0.75	gift	30	72	0.4375	0.0	0	14
0.5	0.75	gift	31	68	0.46875	0.0	0	15
0.5	0.75	gift	32	80	0.375	0.0	0	12
0.5	0.75	gift	33	68	0.46875	0.0	0	15
0.5	0.75	gift	34	64	0.5	0.0	0	16
0.5	0.75	gift	35	68	0.46875	0.0	0	15
0.5	0.75	gift	36	68	0.46875	0.0	0	15
0.5	0.75	gift	37	72	0.4375	0.0	0	14
0.5	0.75	gift	38	68	0.46875	0.0	0	15
0.5	0.75	gift	39	76	0.40625	0.0	0	13
0.5	0.75	grpo	0	84	0.34375	0.0	0	11
0.5	0.75	grpo	1	96	0.25	0.0	0	8
0.5	0.75	grpo	2	84	0.34375	0.0	0	11
0.5	0.75	grpo	3	80	0.375	0.0	0	12
0.5	0.75	grpo	4	84	0.34375	0.0	0	11
0.5	0.75	grpo	5	84	0.34375	0.0	0	11
0.5	0.75	grpo	6	76	0.40625	0.0	0	13
0.5	0.75	grpo	7	84	0.34375	0.0	0	11
0.5	0.75	grpo	8	92	0.28125	0.0	0	9
0.5	0.75	grpo	9	84	0.34375	0.0	0	11
0.5	0.75	grpo	10	84	0.34375	0.0	0	11
0.5	0.75	grpo	11	84	0.34375	0.0	0	11
0.5	0.75	grpo	12	76	0.40625	0.0	0	13
0.5	0.75	grpo	13	92	0.28125	0.0	0	9
0.5	0.75	grpo	14	80	0.375	0.0	0	12
0.5	0.75	grpo	15	80	0.375	0.0	0	12
0.5	0.75	grpo	16	88	0.3125	0.0	0	10
0.5	0.75	grpo	17	96	0.25	0.0	0	8
0.5	0.75	grpo	18	92	0.28125	0.0	0	9
0.5	0.75	grpo	19	88	0.3125	0.0	0	10
0.5	0.75	grpo	20	88	0.3125	0.0	0	10
0.5	0.75	grpo	21	80	0.375	0.0	0	12
0.5	0.75	grpo	22	80	0.375	0.0	0	12
0.5	0.75	grpo	23	72	0.4375	0.0	0	14
0.5	0.75	grpo	24	76	0.40625	0.0	0	13
0.5	0.75	grpo	25	92	0.28125	0.0	0	9
0.5	0.75	grpo	26	76	0.40625	0.0	0	13
0.5	0.75	grpo	27	68	0.46875	0.0	0	15
0.5	0.75	grpo	28	76	0.40625	0.0	0	13
0.5	0.75	grpo	29	76	0.40625	0.0	0	13
0.5	0.75	grpo	30	76	0.40625	0.0	0	13
0.5	0.75	grpo	31	80	0.375	0.0	0	12
0.5	0.75	grpo	32	84	0.34375	0.0	0	11
0.5	0.75	grpo	33	84	0.34375	0.0	0	11
0.5	0.75	grpo	34	72	0.4375	0.0	0	14
0.5	0.75	grpo	35	68	0.46875	0.0	0	15
0.5	0.75	grpo	36	76	0.40625	0.0	0	13
0.5	0.75	grpo	37	80	0.375	0.0	0	12
0.5	0.75	grpo	38	84	0.34375	0.0	0	11
0.5	0.75	grpo	39	80	0.375	0.0	0	12
0.55	0.6	aero	0	84	0.34375	0.0	0	11
0.55	0.6	aero	1	84	0.34375	0.0	0	11
0.55	0.6	aero	2	76	0.40625	0.0	0	13
0.55	0.6	aero	3	84	0.34375	0.0	0	11
0.55	0.6	aero	4	80	0.375	0.0	0	12
0.55	0.6	aero	5	92	0.28125	0.0	0	9
0.55	0.6	aero	6	80	0.375	0.0	0	12
0.55	0.6	aero	7	88	0.3125	0.0	0	10
0.55	0.6	aero	8	84	0.34375	0.0	0	11
0.55	0.6	aero	9	88	0.3125	0.0	0	10
0.55	0.6	aero	10	80	0.375	0.0	0	12
0.55	0.6	aero	11	92	0.28125	0.0	0	9
0.55	0.6	aero	12	84	0.34375	0.0	0	11
0.55	0.6	aero	13	92	0.28125	0.0	0	9
0.55	0.6	aero	14	80	0.375	0.0	0	12
0.55	0.6	aero	15	76	0.40625	0.0	0	13
0.55	0.6	aero	16	92	0.28125	0.0	0	9
0.55	0.6	aero	17	92	0.28125	0.0	0	9
0.55	0.6	aero	18	88	0.3125	0.0	0	10
0.55	0.6	aero	19	88	0.3125	0.0	0	10
0.55	0.6	aero	20	88	0.3125	0.0	0	10
0.55	0.6	aero	21	76	0.40625	0.0	0	13
0.55	0.6	aero	22	84	0.34375	0.0	0	11
0.55	0.6	aero	23	76	0.40625	0.0	0	13
0.55	0.6	aero	24	76	0.40625	0.0	0	13
0.55	0.6	aero	25	84	0.34375	0.0	0	11
0.55	0.6	aero	26	72	0.4375	0.0	0	14
0.55	0.6	aero	27	68	0.46875	0.0	0	15
0.55	0.6	aero	28	76	0.40625	0.0	0	13
0.55	0.6	aero	29	72	0.4375	0.0	0	14
0.55	0.6	aero	30	76	0.40625	0.0	0	13
0.55	0.6	aero	31	76	0.40625	0.0	0	13
0.55	0.6	aero	32	80	0.375	0.0	0	12
0.55	0.6	aero	33	88	0.3125	0.0	0	10
0.55	0.6	aero	34	72	0.4375	0.0	0	14
0.55	0.6	aero	35	76	0.40625	0.0	0	13
0.55	0.6	aero	36	76	0.40625	0.0	0	13
0.55	0.6	aero	37	84	0.34375	0.0	0	11
0.55	0.6	aero	38	84	0.34375	0.0	0	11
0.55	0.6	aero	39	88	0.3125	0.0	0	10
0.55	0.6	areal	0	84	0.34375	0.0	0	11
0.55	0.6	areal	1	96	0.25	0.0	0	8
0.55	0.6	areal	2	84	0.34375	0.0	0	11
0.55	0.6	areal	3	84	0.34375	0.0	0	11
0.55	0.6	areal	4	96	0.25	0.0	0	8
0.55	0.6	areal	5	80	0.375	0.0	0	12
0.55	0.6	areal	6	84	0.34375	0.0	0	11
0.55	0.6	areal	7	72	0.4375	0.0	0	14
0.55	0.6	areal	8	88	0.3125	0.0	0	10
0.55	0.6	areal	9	84	0.34375	0.0	0	11
0.55	0.6	areal	10	84	0.34375	0.0	0	11
0.55	0.6	areal	11	96	0.25	0.0	0	8
0.55	0.6	areal	12	76	0.40625	0.0	0	13
0.55	0.6	areal	13	92	0.28125	0.0	0	9
0.55	0.6	areal	14	84	0.34375	0.0	0	11
0.55	0.6	areal	15	84	0.34375	0.0	0	11
0.55	0.6	areal	16	88	0.3125	0.0	0	10
0.55	0.6	areal	17	96	0.25	0.0	0	8
0.55	0.6	areal	18	92	0.28125	0.0	0	9
0.55	0.6	areal	19	80	0.375	0.0	0	12
0.55	0.6	areal	20	84	0.34375	0.0	0	11
0.55	0.6	areal	21	84	0.34375	0.0	0	11
0.55	0.6	areal	22	76	0.40625	0.0	0	13
0.55	0.6	areal	23	76	0.40625	0.0	0	13
0.55	0.6	areal	24	72	0.4375	0.0	0	14
0.55	0.6	areal	25	88	0.3125	0.0	0	10
0.55	0.6	areal	26	72	0.4375	0.0	0	14
0.55	0.6	areal	27	68	0.46875	0.0	0	15
0.55	0.6	areal	28	72	0.4375	0.0	0	14
0.55	0.6	areal	29	76	0.40625	0.0	0	13
0.55	0.6	areal	30	80	0.375	0.0	0	12
0.55	0.6	areal	31	92	0.28125	0.0	0	9
0.55	0.6	areal	32	80	0.375	0.0	0	12
0.55	0.6	areal	33	88	0.3125	0.0	0	10
0.55	0.6	areal	34	84	0.34375	0.0	0	11
0.55	0.6	areal	35	76	0.40625	0.0	0	13
0.55	0.6	areal	36	80	0.375	0.0	0	12
0.55	0.6	areal	37	84	0.34375	0.0	0	11
0.55	0.6	areal	38	76	0.40625	0.0	0	13
0.55	0.6	areal	39	80	0.375	0.0	0	12
0.55	0.6	gift	0	80	0.375	0.0	0	12
0.55	0.6	gift	1	92	0.28125	0.0	0	9
0.55	0.6	gift	2	84	0.34375	0.0	0	11
0.55	0.6	gift	3	92	0.28125	0.0	0	9
0.55	0.6	gift	4	84	0.34375	0.0	0	11
0.55	0.6	gift	5	88	0.3125	0.0	0	10
0.55	0.6	gift	6	80	0.375	0.0	0	12
0.55	0.6	gift	7	84	0.34375	0.0	0	11
0.55	0.6	gift	8	88	0.3125	0.0	0	10
0.55	0.6	gift	9	88	0.3125	0.0	0	10
0.55	0.6	gift	10	80	0.375	0.0	0	12
0.55	0.6	gift	11	88	0.3125	0.0	0	10
0.55	0.6	gift	12	80	0.375	0.0	0	12
0.55	0.6	gift	13	92	0.28125	0.0	0	9
0.55	0.6	gift	14	76	0.40625	0.0	0	13
0.55	0.6	gift	15	88	0.3125	0.0	0	10
0.55	0.6	gift	16	88	0.3125	0.0	0	10
0.55	0.6	gift	17	80	0.375	0.0	0	12
0.55	0.6	gift	18	88	0.3125	0.0	0	10
0.55	0.6	gift	19	80	0.375	0.0	0	12
0.55	0.6	gift	20	84	0.34375	0.0	0	11
0.55	0.6	gift	21	80	0.375	0.0	0	12
0.55	0.6	gift	22	72	0.4375	0.0	0	14
0.55	0.6	gift	23	72	0.4375	0.0	0	14
0.55	0.6	gift	24	72	0.4375	0.0	0	14
0.55	0.6	gift	25	80	0.375	0.0	0	12
0.55	0.6	gift	26	76	0.40625	0.0	0	13
0.55	0.6	gift	27	68	0.46875	0.0	0	15
0.55	0.6	gift	28	72	0.4375	0.0	0	14
0.55	0.6	gift	29	68	0.46875	0.0	0	15
0.55	0.6	gift	30	72	0.4375	0.0	0	14
0.55	0.6	gift	31	68	0.46875	0.0	0	15
0.55	0.6	gift	32	80	0.375	0.0	0	12
0.55	0.6	gift	33	68	0.46875	0.0	0	15
0.55	0.6	gift	34	64	0.5	0.0	0	16
0.55	0.6	gift	35	68	0.46875	0.0	0	15
0.55	0.6	gift	36	68	0.46875	0.0	0	15
0.55	0.6	gift	37	72	0.4375	0.0	0	14
0.55	0.6	gift	38	68	0.46875	0.0	0	15
0.55	0.6	gift	39	76	0.40625	0.0	0	13
0.55	0.6	grpo	0	84	0.34375	0.0	0	11
0.55	0.6	grpo	1	96	0.25	0.0	0	8
0.55	0.6	grpo	2	84	0.34375	0.0	0	11
0.55	0.6	grpo	3	80	0.375	0.0	0	12
0.55	0.6	grpo	4	84	0.34375	0.0	0	11
0.55	0.6	grpo	5	84	0.34375	0.0	0	11
0.55	0.6	grpo	6	76	0.40625	0.0	0	13
0.55	0.6	grpo	7	84	0.34375	0.0	0	11
0.55	0.6	grpo	8	92	0.28125	0.0	0	9
0.55	0.6	grpo	9	84	0.34375	0.0	0	11
0.55	0.6	grpo	10	84	0.34375	0.0	0	11
0.55	0.6	grpo	11	84	0.34375	0.0	0	11
0.55	0.6	grpo	12	76	0.40625	0.0	0	13
0.55	0.6	grpo	13	92	0.28125	0.0	0	9
0.55	0.6	grpo	14	80	0.375	0.0	0	12
0.55	0.6	grpo	15	80	0.375	0.0	0	12
0.55	0.6	grpo	16	88	0.3125	0.0	0	10
0.55	0.6	grpo	17	96	0.25	0.0	0	8
0.55	0.6	grpo	18	92	0.28125	0.0	0	9
0.55	0.6	grpo	19	88	0.3125	0.0	0	10
0.55	0.6	grpo	20	88	0.3125	0.0	0	10
0.55	0.6	grpo	21	80	0.375	0.0	0	12
0.55	0.6	grpo	22	80	0.375	0.0	0	12
0.55	0.6	grpo	23	72	0.4375	0.0	0	14
0.55	0.6	grpo	24	76	0.40625	0.0	0	13
0.55	0.6	grpo	25	92	0.28125	0.0	0	9
0.55	0.6	grpo	26	76	0.40625	0.0	0	13
0.55	0.6	grpo	27	68	0.46875	0.0	0	15
0.55	0.6	grpo	28	76	0.40625	0.0	0	13
0.55	0.6	grpo	29	76	0.40625	0.0	0	13
0.55	0.6	grpo	30	76	0.40625	0.0	0	13
0.55	0.6	grpo	31	80	0.375	0.0	0	12
0.55	0.6	grpo	32	84	0.34375	0.0	0	11
0.55	0.6	grpo	33	84	0.34375	0.0	0	11
0.55	0.6	grpo	34	72	0.4375	0.0	0	14
0.55	0.6	grpo	35	68	0.46875	0.0	0	15
0.55	0.6	grpo	36	76	0.40625	0.0	0	13
0.55	0.6	grpo	37	80	0.375	0.0	0	12
0.55	0.6	grpo	38	84	0.34375	0.0	0	11
0.55	0.6	grpo	39	80	0.375	0.0	0	12
0.55	0.65	aero	0	84	0.34375	0.0	0	11
0.55	0.65	aero	1	84	0.34375	0.0	0	11
0.55	0.65	aero	2	76	0.40625	0.0	0	13
0.55	0.65	aero	3	84	0.34375	0.0	0	11
0.55	0.65	aero	4	80	0.375	0.0	0	12
0.55	0.65	aero	5	92	0.28125	0.0	0	9
0.55	0.65	aero	6	80	0.375	0.0	0	12
0.55	0.65	aero	7	88	0.3125	0.0	0	10
0.55	0.65	aero	8	84	0.34375	0.0	0	11
0.55	0.65	aero	9	88	0.3125	0.0	0	10
0.55	0.65	aero	10	80	0.375	0.0	0	12
0.55	0.65	aero	11	92	0.28125	0.0	0	9
0.55	0.65	aero	12	84	0.34375	0.0	0	11
0.55	0.65	aero	13	92	0.28125	0.0	0	9
0.55	0.65	aero	14	80	0.375	0.0	0	12
0.55	0.65	aero	15	76	0.40625	0.0	0	13
0.55	0.65	aero	16	92	0.28125	0.0	0	9
0.55	0.65	aero	17	92	0.28125	0.0	0	9
0.55	0.65	aero	18	88	0.3125	0.0	0	10
0.55	0.65	aero	19	88	0.3125	0.0	0	10
0.55	0.65	aero	20	88	0.3125	0.0	0	10
0.55	0.65	aero	21	76	0.40625	0.0	0	13
0.55	0.65	aero	22	84	0.34375	0.0	0	11
0.55	0.65	aero	23	76	0.40625	0.0	0	13
0.55	0.65	aero	24	76	0.40625	0.0	0	13
0.55	0.65	aero	25	84	0.34375	0.0	0	11
0.55	0.65	aero	26	72	0.4375	0.0	0	14
0.55	0.65	aero	27	68	0.46875	0.0	0	15
0.55	0.65	aero	28	76	0.40625	0.0	0	13
0.55	0.65	aero	29	72	0.4375	0.0	0	14
0.55	0.65	aero	30	76	0.40625	0.0	0	13
0.55	0.65	aero	31	76	0.40625	0.0	0	13
0.55	0.65	aero	32	80	0.375	0.0	0	12
0.55	0.65	aero	33	88	0.3125	0.0	0	10
0.55	0.65	aero	34	72	0.4375	0.0	0	14
0.55	0.65	aero	35	76	0.40625	0.0	0	13
0.55	0.65	aero	36	76	0.40625	0.0	0	13
0.55	0.65	aero	37	84	0.34375	0.0	0	11
0.55	0.65	aero	38	84	0.34375	0.0	0	11
0.55	0.65	aero	39	88	0.3125	0.0	0	10
0.55	0.65	areal	0	84	0.34375	0.0	0	11
0.55	0.65	areal	1	96	0.25	0.0	0	8
0.55	0.65	areal	2	84	0.34375	0.0	0	11
0.55	0.65	areal	3	84	0.34375	0.0	0	11
0.55	0.65	areal	4	96	0.25	0.0	0	8
0.55	0.65	areal	5	80	0.375	0.0	0	12
0.55	0.65	areal	6	84	0.34375	0.0	0	11
0.55	0.65	areal	7	72	0.4375	0.0	0	14
0.55	0.65	areal	8	88	0.3125	0.0	0	10
0.55	0.65	areal	9	84	0.34375	0.0	0	11
0.55	0.65	areal	10	84	0.34375	0.0	0	11
0.55	0.65	areal	11	96	0.25	0.0	0	8
0.55	0.65	areal	12	76	0.40625	0.0	0	13
0.55	0.65	areal	13	92	0.28125	0.0	0	9
0.55	0.65	areal	14	84	0.34375	0.0	0	11
0.55	0.65	areal	15	84	0.34375	0.0	0	11
0.55	0.65	areal	16	88	0.3125	0.0	0	10
0.55	0.65	areal	17	96	0.25	0.0	0	8
0.55	0.65	areal	18	92	0.28125	0.0	0	9
0.55	0.65	areal	19	80	0.375	0.0	0	12
0.55	0.65	areal	20	84	0.34375	0.0	0	11
0.55	0.65	areal	21	84	0.34375	0.0	0	11
0.55	0.65	areal	22	76	0.40625	0.0	0	13
0.55	0.65	areal	23	76	0.40625	0.0	0	13
0.55	0.65	areal	24	72	0.4375	0.0	0	14
0.55	0.65	areal	25	88	0.3125	0.0	0	10
0.55	0.65	areal	26	72	0.4375	0.0	0	14
0.55	0.65	areal	27	68	0.46875	0.0	0	15
0.55	0.65	areal	28	72	0.4375	0.0	0	14
0.55	0.65	areal	29	76	0.40625	0.0	0	13
0.55	0.65	areal	30	80	0.375	0.0	0	12
0.55	0.65	areal	31	92	0.28125	0.0	0	9
0.55	0.65	areal	32	80	0.375	0.0	0	12
0.55	0.65	areal	33	88	0.3125	0.0	0	10
0.55	0.65	areal	34	84	0.34375	0.0	0	11
0.55	0.65	areal	35	76	0.40625	0.0	0	13
0.55	0.65	areal	36	80	0.375	0.0	0	12
0.55	0.65	areal	37	84	0.34375	0.0	0	11
0.55	0.65	areal	38	76	0.40625	0.0	0	13
0.55	0.65	areal	39	80	0.375	0.0	0	12
0.55	0.65	gift	0	80	0.375	0.0	0	12
0.55	0.65	gift	1	92	0.28125	0.0	0	9
0.55	0.65	gift	2	84	0.34375	0.0	0	11
0.55	0.65	gift	3	92	0.28125	0.0	0	9
0.55	0.65	gift	4	84	0.34375	0.0	0	11
0.55	0.65	gift	5	88	0.3125	0.0	0	10
0.55	0.65	gift	6	80	0.375	0.0	0	12
0.55	0.65	gift	7	84	0.34375	0.0	0	11
0.55	0.65	gift	8	88	0.3125	0.0	0	10
0.55	0.65	gift	9	88	0.3125	0.0	0	10
0.55	0.65	gift	10	80	0.375	0.0	0	12
0.55	0.65	gift	11	88	0.3125	0.0	0	10
0.55	0.65	gift	12	80	0.375	0.0	0	12
0.55	0.65	gift	13	92	0.28125	0.0	0	9
0.55	0.65	gift	14	76	0.40625	0.0	0	13
0.55	0.65	gift	15	88	0.3125	0.0	0	10
0.55	0.65	gift	16	88	0.3125	0.0	0	10
0.55	0.65	gift	17	80	0.375	0.0	0	12
0.55	0.65	gift	18	88	0.3125	0.0	0	10
0.55	0.65	gift	19	80	0.375	0.0	0	12
0.55	0.65	gift	20	84	0.34375	0.0	0	11
0.55	0.65	gift	21	80	0.375	0.0	0	12
0.55	0.65	gift	22	72	0.4375	0.0	0	14
0.55	0.65	gift	23	72	0.4375	0.0	0	14
0.55	0.65	gift	24	72	0.4375	0.0	0	14
0.55	0.65	gift	25	80	0.375	0.0	0	12
0.55	0.65	gift	26	76	0.40625	0.0	0	13
0.55	0.65	gift	27	68	0.46875	0.0	0	15
0.55	0.65	gift	28	72	0.4375	0.0	0	14
0.55	0.65	gift	29	68	0.46875	0.0	0	15
0.55	0.65	gift	30	72	0.4375	0.0	0	14
0.55	0.65	gift	31	68	0.46875	0.0	0	15
0.55	0.65	gift	32	80	0.375	0.0	0	12
0.55	0.65	gift	33	68	0.46875	0.0	0	15
0.55	0.65	gift	34	64	0.5	0.0	0	16
0.55	0.65	gift	35	68	0.46875	0.0	0	15
0.55	0.65	gift	36	68	0.46875	0.0	0	15
0.55	0.65	gift	37	72	0.4375	0.0	0	14
0.55	0.65	gift	38	68	0.46875	0.0	0	15
0.55	0.65	gift	39	76	0.40625	0.0	0	13
0.55	0.65	grpo	0	84	0.34375	0.0	0	11
0.55	0.65	grpo	1	96	0.25	0.0	0	8
0.55	0.65	grpo	2	84	0.34375	0.0	0	11
0.55	0.65	grpo	3	80	0.375	0.0	0	12
0.55	0.65	grpo	4	84	0.34375	0.0	0	11
0.55	0.65	grpo	5	84	0.34375	0.0	0	11
0.55	0.65	grpo	6	76	0.40625	0.0	0	13
0.55	0.65	grpo	7	84	0.34375	0.0	0	11
0.55	0.65	grpo	8	92	0.28125	0.0	0	9
0.55	0.65	grpo	9	84	0.34375	0.0	0	11
0.55	0.65	grpo	10	84	0.34375	0.0	0	11
0.55	0.65	grpo	11	84	0.34375	0.0	0	11
0.55	0.65	grpo	12	76	0.40625	0.0	0	13
0.55	0.65	grpo	13	92	0.28125	0.0	0	9
0.55	0.65	grpo	14	80	0.375	0.0	0	12
0.55	0.65	grpo	15	80	0.375	0.0	0	12
0.55	0.65	grpo	16	88	0.3125	0.0	0	10
0.55	0.65	grpo	17	96	0.25	0.0	0	8
0.55	0.65	grpo	18	92	0.28125	0.0	0	9
0.55	0.65	grpo	19	88	0.3125	0.0	0	10
0.55	0.65	grpo	20	88	0.3125	0.0	0	10
0.55	0.65	grpo	21	80	0.375	0.0	0	12
0.55	0.65	grpo	22	80	0.375	0.0	0	12
0.55	0.65	grpo	23	72	0.4375	0.0	0	14
0.55	0.65	grpo	24	76	0.40625	0.0	0	13
0.55	0.65	grpo	25	92	0.28125	0.0	0	9
0.55	0.65	grpo	26	76	0.40625	0.0	0	13
0.55	0.65	grpo	27	68	0.46875	0.0	0	15
0.55	0.65	grpo	28	76	0.40625	0.0	0	13
0.55	0.65	grpo	29	76	0.40625	0.0	0	13
0.55	0.65	grpo	30	76	0.40625	0.0	0	13
0.55	0.65	grpo	31	80	0.375	0.0	0	12
0.55	0.65	grpo	32	84	0.34375	0.0	0	11
0.55	0.65	grpo	33	84	0.34375	0.0	0	11
0.55	0.65	grpo	34	72	0.4375	0.0	0	14
0.55	0.65	grpo	35	68	0.46875	0.0	0	15
0.55	0.65	grpo	36	76	0.40625	0.0	0	13
0.55	0.65	grpo	37	80	0.375	0.0	0	12
0.55	0.65	grpo	38	84	0.34375	0.0	0	11
0.55	0.65	grpo	39	80	0.375	0.0	0	12
0.55	0.7	aero	0	84	0.34375	0.0	0	11
0.55	0.7	aero	1	84	0.34375	0.0	0	11
0.55	0.7	aero	2	76	0.40625	0.0	0	13
0.55	0.7	aero	3	84	0.34375	0.0	0	11
0.55	0.7	aero	4	80	0.375	0.0	0	12
0.55	0.7	aero	5	92	0.28125	0.0	0	9
0.55	0.7	aero	6	80	0.375	0.0	0	12
0.55	0.7	aero	7	88	0.3125	0.0	0	10
0.55	0.7	aero	8	84	0.34375	0.0	0	11
0.55	0.7	aero	9	88	0.3125	0.0	0	10
0.55	0.7	aero	10	80	0.375	0.0	0	12
0.55	0.7	aero	11	92	0.28125	0.0	0	9
0.55	0.7	aero	12	84	0.34375	0.0	0	11
0.55	0.7	aero	13	92	0.28125	0.0	0	9
0.55	0.7	aero	14	80	0.375	0.0	0	12
0.55	0.7	aero	15	76	0.40625	0.0	0	13
0.55	0.7	aero	16	92	0.28125	0.0	0	9
0.55	0.7	aero	17	92	0.28125	0.0	0	9
0.55	0.7	aero	18	88	0.3125	0.0	0	10
0.55	0.7	aero	19	88	0.3125	0.0	0	10
0.55	0.7	aero	20	88	0.3125	0.0	0	10
0.55	0.7	aero	21	76	0.40625	0.0	0	13
0.55	0.7	aero	22	84	0.34375	0.0	0	11
0.55	0.7	aero	23	76	0.40625	0.0	0	13
0.55	0.7	aero	24	76	0.40625	0.0	0	13
0.55	0.7	aero	25	84	0.34375	0.0	0	11
0.55	0.7	aero	26	72	0.4375	0.0	0	14
0.55	0.7	aero	27	68	0.46875	0.0	0	15
0.55	0.7	aero	28	76	0.40625	0.0	0	13
0.55	0.7	aero	29	72	0.4375	0.0	0	14
0.55	0.7	aero	30	76	0.40625	0.0	0	13
0.55	0.7	aero	31	76	0.40625	0.0	0	13
0.55	0.7	aero	32	80	0.375	0.0	0	12
0.55	0.7	aero	33	88	0.3125	0.0	0	10
0.55	0.7	aero	34	72	0.4375	0.0	0	14
0.55	0.7	aero	35	76	0.40625	0.0	0	13
0.55	0.7	aero	36	76	0.40625	0.0	0	13
0.55	0.7	aero	37	84	0.34375	0.0	0	11
0.55	0.7	aero	38	84	0.34375	0.0	0	11
0.55	0.7	aero	39	88	0.3125	0.0	0	10
0.55	0.7	areal	0	84	0.34375	0.0	0	11
0.55	0.7	areal	1	96	0.25	0.0	0	8
0.55	0.7	areal	2	84	0.34375	0.0	0	11
0.55	0.7	areal	3	84	0.34375	0.0	0	11
0.55	0.7	areal	4	96	0.25	0.0	0	8
0.55	0.7	areal	5	80	0.375	0.0	0	12
0.55	0.7	areal	6	84	0.34375	0.0	0	11
0.55	0.7	areal	7	72	0.4375	0.0	0	14
0.55	0.7	areal	8	88	0.3125	0.0	0	10
0.55	0.7	areal	9	84	0.34375	0.0	0	11
0.55	0.7	areal	10	84	0.34375	0.0	0	11
0.55	0.7	areal	11	96	0.25	0.0	0	8
0.55	0.7	areal	12	76	0.40625	0.0	0	13
0.55	0.7	areal	13	92	0.28125	0.0	0	9
0.55	0.7	areal	14	84	0.34375	0.0	0	11
0.55	0.7	areal	15	84	0.34375	0.0	0	11
0.55	0.7	areal	16	88	0.3125	0.0	0	10
0.55	0.7	areal	17	96	0.25	0.0	0	8
0.55	0.7	areal	18	92	0.28125	0.0	0	9
0.55	0.7	areal	19	80	0.375	0.0	0	12
0.55	0.7	areal	20	84	0.34375	0.0	0	11
0.55	0.7	areal	21	84	0.34375	0.0	0	11
0.55	0.7	areal	22	76	0.40625	0.0	0	13
0.55	0.7	areal	23	76	0.40625	0.0	0	13
0.55	0.7	areal	24	72	0.4375	0.0	0	14
0.55	0.7	areal	25	88	0.3125	0.0	0	10
0.55	0.7	areal	26	72	0.4375	0.0	0	14
0.55	0.7	areal	27	68	0.46875	0.0	0	15
0.55	0.7	areal	28	72	0.4375	0.0	0	14
0.55	0.7	areal	29	76	0.40625	0.0	0	13
0.55	0.7	areal	30	80	0.375	0.0	0	12
0.55	0.7	areal	31	92	0.28125	0.0	0	9
0.55	0.7	areal	32	80	0.375	0.0	0	12
0.55	0.7	areal	33	88	0.3125	0.0	0	10
0.55	0.7	areal	34	84	0.34375	0.0	0	11
0.55	0.7	areal	35	76	0.40625	0.0	0	13
0.55	0.7	areal	36	80	0.375	0.0	0	12
0.55	0.7	areal	37	84	0.34375	0.0	0	11
0.55	0.7	areal	38	76	0.40625	0.0	0	13
0.55	0.7	areal	39	80	0.375	0.0	0	12
0.55	0.7	gift	0	80	0.375	0.0	0	12
0.55	0.7	gift	1	92	0.28125	0.0	0	9
0.55	0.7	gift	2	84	0.34375	0.0	0	11
0.55	0.7	gift	3	92	0.28125	0.0	0	9
0.55	0.7	gift	4	84	0.34375	0.0	0	11
0.55	0.7	gift	5	88	0.3125	0.0	0	10
0.55	0.7	gift	6	80	0.375	0.0	0	12
0.55	0.7	gift	7	84	0.34375	0.0	0	11
0.55	0.7	gift	8	88	0.3125	0.0	0	10
0.55	0.7	gift	9	88	0.3125	0.0	0	10
0.55	0.7	gift	10	80	0.375	0.0	0	12
0.55	0.7	gift	11	88	0.3125	0.0	0	10
0.55	0.7	gift	12	80	0.375	0.0	0	12
0.55	0.7	gift	13	92	0.28125	0.0	0	9
0.55	0.7	gift	14	76	0.40625	0.0	0	13
0.55	0.7	gift	15	88	0.3125	0.0	0	10
0.55	0.7	gift	16	88	0.3125	0.0	0	10
0.55	0.7	gift	17	80	0.375	0.0	0	12
0.55	0.7	gift	18	88	0.3125	0.0	0	10
0.55	0.7	gift	19	80	0.375	0.0	0	12
0.55	0.7	gift	20	84	0.34375	0.0	0	11
0.55	0.7	gift	21	80	0.375	0.0	0	12
0.55	0.7	gift	22	72	0.4375	0.0	0	14
0.55	0.7	gift	23	72	0.4375	0.0	0	14
0.55	0.7	gift	24	72	0.4375	0.0	0	14
0.55	0.7	gift	25	80	0.375	0.0	0	12
0.55	0.7	gift	26	76	0.40625	0.0	0	13
0.55	0.7	gift	27	68	0.46875	0.0	0	15
0.55	0.7	gift	28	72	0.4375	0.0	0	14
0.55	0.7	gift	29	68	0.46875	0.0	0	15
0.55	0.7	gift	30	72	0.4375	0.0	0	14
0.55	0.7	gift	31	68	0.46875	0.0	0	15
0.55	0.7	gift	32	80	0.375	0.0	0	12
0.55	0.7	gift	33	68	0.46875	0.0	0	15
0.55	0.7	gift	34	64	0.5	0.0	0	16
0.55	0.7	gift	35	68	0.46875	0.0	0	15
0.55	0.7	gift	36	68	0.46875	0.0	0	15
0.55	0.7	gift	37	72	0.4375	0.0	0	14
0.55	0.7	gift	38	68	0.46875	0.0	0	15
0.55	0.7	gift	39	76	0.40625	0.0	0	13
0.55	0.7	grpo	0	84	0.34375	0.0	0	11
0.55	0.7	grpo	1	96	0.25	0.0	0	8
0.55	0.7	grpo	2	84	0.34375	0.0	0	11
0.55	0.7	grpo	3	80	0.375	0.0	0	12
0.55	0.7	grpo	4	84	0.34375	0.0	0	11
0.55	0.7	grpo	5	84	0.34375	0.0	0	11
0.55	0.7	grpo	6	76	0.40625	0.0	0	13
0.55	0.7	grpo	7	84	0.34375	0.0	0	11
0.55	0.7	grpo	8	92	0.28125	0.0	0	9
0.55	0.7	grpo	9	84	0.34375	0.0	0	11
0.55	0.7	grpo	10	84	0.34375	0.0	0	11
0.55	0.7	grpo	11	84	0.34375	0.0	0	11
0.55	0.7	grpo	12	76	0.40625	0.0	0	13
0.55	0.7	grpo	13	92	0.28125	0.0	0	9
0.55	0.7	grpo	14	80	0.375	0.0	0	12
0.55	0.7	grpo	15	80	0.375	0.0	0	12
0.55	0.7	grpo	16	88	0.3125	0.0	0	10
0.55	0.7	grpo	17	96	0.25	0.0	0	8
0.55	0.7	grpo	18	92	0.28125	0.0	0	9
0.55	0.7	grpo	19	88	0.3125	0.0	0	10
0.55	0.7	grpo	20	88	0.3125	0.0	0	10
0.55	0.7	grpo	21	80	0.375	0.0	0	12
0.55	0.7	grpo	22	80	0.375	0.0	0	12
0.55	0.7	grpo	23	72	0.4375	0.0	0	14
0.55	0.7	grpo	24	76	0.40625	0.0	0	13
0.55	0.7	grpo	25	92	0.28125	0.0	0	9
0.55	0.7	grpo	26	76	0.40625	0.0	0	13
0.55	0.7	grpo	27	68	0.46875	0.0	0	15
0.55	0.7	grpo	28	76	0.40625	0.0	0	13
0.55	0.7	grpo	29	76	0.40625	0.0	0	13
0.55	0.7	grpo	30	76	0.40625	0.0	0	13
0.55	0.7	grpo	31	80	0.375	0.0	0	12
0.55	0.7	grpo	32	84	0.34375	0.0	0	11
0.55	0.7	grpo	33	84	0.34375	0.0	0	11
0.55	0.7	grpo	34	72	0.4375	0.0	0	14
0.55	0.7	grpo	35	68	0.46875	0.0	0	15
0.55	0.7	grpo	36	76	0.40625	0.0	0	13
0.55	0.7	grpo	37	80	0.375	0.0	0	12
0.55	0.7	grpo	38	84	0.34375	0.0	0	11
0.55	0.7	grpo	39	80	0.375	0.0	0	12
0.55	0.75	aero	0	84	0.34375	0.0	0	11
0.55	0.75	aero	1	84	0.34375	0.0	0	11
0.55	0.75	aero	2	76	0.40625	0.0	0	13
0.55	0.75	aero	3	84	0.34375	0.0	0	11
0.55	0.75	aero	4	80	0.375	0.0	0	12
0.55	0.75	aero	5	92	0.28125	0.0	0	9
0.55	0.75	aero	6	80	0.375	0.0	0	12
0.55	0.75	aero	7	88	0.3125	0.0	0	10
0.55	0.75	aero	8	84	0.34375	0.0	0	11
0.55	0.75	aero	9	88	0.3125	0.0	0	10
0.55	0.75	aero	10	80	0.375	0.0	0	12
0.55	0.75	aero	11	92	0.28125	0.0	0	9
0.55	0.75	aero	12	84	0.34375	0.0	0	11
0.55	0.75	aero	13	92	0.28125	0.0	0	9
0.55	0.75	aero	14	80	0.375	0.0	0	12
0.55	0.75	aero	15	76	0.40625	0.0	0	13
0.55	0.75	aero	16	92	0.28125	0.0	0	9
0.55	0.75	aero	17	92	0.28125	0.0	0	9
0.55	0.75	aero	18	88	0.3125	0.0	0	10
0.55	0.75	aero	19	88	0.3125	0.0	0	10
0.55	0.75	aero	20	88	0.3125	0.0	0	10
0.55	0.75	aero	21	76	0.40625	0.0	0	13
0.55	0.75	aero	22	84	0.34375	0.0	0	11
0.55	0.75	aero	23	76	0.40625	0.0	0	13
0.55	0.75	aero	24	76	0.40625	0.0	0	13
0.55	0.75	aero	25	84	0.34375	0.0	0	11
0.55	0.75	aero	26	72	0.4375	0.0	0	14
0.55	0.75	aero	27	68	0.46875	0.0	0	15
0.55	0.75	aero	28	76	0.40625	0.0	0	13
0.55	0.75	aero	29	72	0.4375	0.0	0	14
0.55	0.75	aero	30	76	0.40625	0.0	0	13
0.55	0.75	aero	31	76	0.40625	0.0	0	13
0.55	0.75	aero	32	80	0.375	0.0	0	12
0.55	0.75	aero	33	88	0.3125	0.0	0	10
0.55	0.75	aero	34	72	0.4375	0.0	0	14
0.55	0.75	aero	35	76	0.40625	0.0	0	13
0.55	0.75	aero	36	76	0.40625	0.0	0	13
0.55	0.75	aero	37	84	0.34375	0.0	0	11
0.55	0.75	aero	38	84	0.34375	0.0	0	11
0.55	0.75	aero	39	88	0.3125	0.0	0	10
0.55	0.75	areal	0	84	0.34375	0.0	0	11
0.55	0.75	areal	1	96	0.25	0.0	0	8
0.55	0.75	areal	2	84	0.34375	0.0	0	11
0.55	0.75	areal	3	84	0.34375	0.0	0	11
0.55	0.75	areal	4	96	0.25	0.0	0	8
0.55	0.75	areal	5	80	0.375	0.0	0	12
0.55	0.75	areal	6	84	0.34375	0.0	0	11
0.55	0.75	areal	7	72	0.4375	0.0	0	14
0.55	0.75	areal	8	88	0.3125	0.0	0	10
0.55	0.75	areal	9	84	0.34375	0.0	0	11
0.55	0.75	areal	10	84	0.34375	0.0	0	11
0.55	0.75	areal	11	96	0.25	0.0	0	8
0.55	0.75	areal	12	76	0.40625	0.0	0	13
0.55	0.75	areal	13	92	0.28125	0.0	0	9
0.55	0.75	areal	14	84	0.34375	0.0	0	11
0.55	0.75	areal	15	84	0.34375	0.0	0	11
0.55	0.75	areal	16	88	0.3125	0.0	0	10
0.55	0.75	areal	17	96	0.25	0.0	0	8
0.55	0.75	areal	18	92	0.28125	0.0	0	9
0.55	0.75	areal	19	80	0.375	0.0	0	12
0.55	0.75	areal	20	84	0.34375	0.0	0	11
0.55	0.75	areal	21	84	0.34375	0.0	0	11
0.55	0.75	areal	22	76	0.40625	0.0	0	13
0.55	0.75	areal	23	76	0.40625	0.0	0	13
0.55	0.75	areal	24	72	0.4375	0.0	0	14
0.55	0.75	areal	25	88	0.3125	0.0	0	10
0.55	0.75	areal	26	72	0.4375	0.0	0	14
0.55	0.75	areal	27	68	0.46875	0.0	0	15
0.55	0.75	areal	28	72	0.4375	0.0	0	14
0.55	0.75	areal	29	76	0.40625	0.0	0	13
0.55	0.75	areal	30	80	0.375	0.0	0	12
0.55	0.75	areal	31	92	0.28125	0.0	0	9
0.55	0.75	areal	32	80	0.375	0.0	0	12
0.55	0.75	areal	33	88	0.3125	0.0	0	10
0.55	0.75	areal	34	84	0.34375	0.0	0	11
0.55	0.75	areal	35	76	0.40625	0.0	0	13
0.55	0.75	areal	36	80	0.375	0.0	0	12
0.55	0.75	areal	37	84	0.34375	0.0	0	11
0.55	0.75	areal	38	76	0.40625	0.0	0	13
0.55	0.75	areal	39	80	0.375	0.0	0	12
0.55	0.75	gift	0	80	0.375	0.0	0	12
0.55	0.75	gift	1	92	0.28125	0.0	0	9
0.55	0.75	gift	2	84	0.34375	0.0	0	11
0.55	0.75	gift	3	92	0.28125	0.0	0	9
0.55	0.75	gift	4	84	0.34375	0.0	0	11
0.55	0.75	gift	5	88	0.3125	0.0	0	10
0.55	0.75	gift	6	80	0.375	0.0	0	12
0.55	0.75	gift	7	84	0.34375	0.0	0	11
0.55	0.75	gift	8	88	0.3125	0.0	0	10
0.55	0.75	gift	9	88	0.3125	0.0	0	10
0.55	0.75	gift	10	80	0.375	0.0	0	12
0.55	0.75	gift	11	88	0.3125	0.0	0	10
0.55	0.75	gift	12	80	0.375	0.0	0	12
0.55	0.75	gift	13	92	0.28125	0.0	0	9
0.55	0.75	gift	14	76	0.40625	0.0	0	13
0.55	0.75	gift	15	88	0.3125	0.0	0	10
0.55	0.75	gift	16	88	0.3125	0.0	0	10
0.55	0.75	gift	17	80	0.375	0.0	0	12
0.55	0.75	gift	18	88	0.3125	0.0	0	10
0.55	0.75	gift	19	80	0.375	0.0	0	12
0.55	0.75	gift	20	84	0.34375	0.0	0	11
0.55	0.75	gift	21	80	0.375	0.0	0	12
0.55	0.75	gift	22	72	0.4375	0.0	0	14
0.55	0.75	gift	23	72	0.4375	0.0	0	14
0.55	0.75	gift	24	72	0.4375	0.0	0	14
0.55	0.75	gift	25	80	0.375	0.0	0	12
0.55	0.75	gift	26	76	0.40625	0.0	0	13
0.55	0.75	gift	27	68	0.46875	0.0	0	15
0.55	0.75	gift	28	72	0.4375	0.0	0	14
0.55	0.75	gift	29	68	0.46875	0.0	0	15
0.55	0.75	gift	30	72	0.4375	0.0	0	14
0.55	0.75	gift	31	68	0.46875	0.0	0	15
0.55	0.75	gift	32	80	0.375	0.0	0	12
0.55	0.75	gift	33	68	0.46875	0.0	0	15
0.55	0.75	gift	34	64	0.5	0.0	0	16
0.55	0.75	gift	35	68	0.46875	0.0	0	15
0.55	0.75	gift	36	68	0.46875	0.0	0	15
0.55	0.75	gift	37	72	0.4375	0.0	0	14
0.55	0.75	gift	38	68	0.46875	0.0	0	15
0.55	0.75	gift	39	76	0.40625	0.0	0	13
0.55	0.75	grpo	0	84	0.34375	0.0	0	11
0.55	0.75	grpo	1	96	0.25	0.0	0	8
0.55	0.75	grpo	2	84	0.34375	0.0	0	11
0.55	0.75	grpo	3	80	0.375	0.0	0	12
0.55	0.75	grpo	4	84	0.34375	0.0	0	11
0.55	0.75	grpo	5	84	0.34375	0.0	0	11
0.55	0.75	grpo	6	76	0.40625	0.0	0	13
0.55	0.75	grpo	7	84	0.34375	0.0	0	11
0.55	0.75	grpo	8	92	0.28125	0.0	0	9
0.55	0.75	grpo	9	84	0.34375	0.0	0	11
0.55	0.75	grpo	10	84	0.34375	0.0	0	11
0.55	0.75	grpo	11	84	0.34375	0.0	0	11
0.55	0.75	grpo	12	76	0.40625	0.0	0	13
0.55	0.75	grpo	13	92	0.28125	0.0	0	9
0.55	0.75	grpo	14	80	0.375	0.0	0	12
0.55	0.75	grpo	15	80	0.375	0.0	0	12
0.55	0.75	grpo	16	88	0.3125	0.0	0	10
0.55	0.75	grpo	17	96	0.25	0.0	0	8
0.55	0.75	grpo	18	92	0.28125	0.0	0	9
0.55	0.75	grpo	19	88	0.3125	0.0	0	10
0.55	0.75	grpo	20	88	0.3125	0.0	0	10
0.55	0.75	grpo	21	80	0.375	0.0	0	12
0.55	0.75	grpo	22	80	0.375	0.0	0	12
0.55	0.75	grpo	23	72	0.4375	0.0	0	14
0.55	0.75	grpo	24	76	0.40625	0.0	0	13
0.55	0.75	grpo	25	92	0.28125	0.0	0	9
0.55	0.75	grpo	26	76	0.40625	0.0	0	13
0.55	0.75	grpo	27	68	0.46875	0.0	0	15
0.55	0.75	grpo	28	76	0.40625	0.0	0	13
0.55	0.75	grpo	29	76	0.40625	0.0	0	13
0.55	0.75	grpo	30	76	0.40625	0.0	0	13
0.55	0.75	grpo	31	80	0.375	0.0	0	12
0.55	0.75	grpo	32	84	0.34375	0.0	0	11
0.55	0.75	grpo	33	84	0.34375	0.0	0	11
0.55	0.75	grpo	34	72	0.4375	0.0	0	14
0.55	0.75	grpo	35	68	0.46875	0.0	0	15
0.55	0.75	grpo	36	76	0.40625	0.0	0	13
0.55	0.75	grpo	37	80	0.375	0.0	0	12
0.55	0.75	grpo	38	84	0.34375	0.0	0	11
0.55	0.75	grpo	39	80	0.375	0.0	0	12
0.55	0.8	aero	0	84	0.34375	0.0	0	11
0.55	0.8	aero	1	84	0.34375	0.0	0	11
0.55	0.8	aero	2	76	0.40625	0.0	0	13
0.55	0.8	aero	3	84	0.34375	0.0	0	11
0.55	0.8	aero	4	80	0.375	0.0	0	12
0.55	0.8	aero	5	92	0.28125	0.0	0	9
0.55	0.8	aero	6	80	0.375	0.0	0	12
0.55	0.8	aero	7	88	0.3125	0.0	0	10
0.55	0.8	aero	8	84	0.34375	0.0	0	11
0.55	0.8	aero	9	88	0.3125	0.0	0	10
0.55	0.8	aero	10	80	0.375	0.0	0	12
0.55	0.8	aero	11	92	0.28125	0.0	0	9
0.55	0.8	aero	12	84	0.34375	0.0	0	11
0.55	0.8	aero	13	92	0.28125	0.0	0	9
0.55	0.8	aero	14	80	0.375	0.0	0	12
0.55	0.8	aero	15	76	0.40625	0.0	0	13
0.55	0.8	aero	16	92	0.28125	0.0	0	9
0.55	0.8	aero	17	92	0.28125	0.0	0	9
0.55	0.8	aero	18	88	0.3125	0.0	0	10
0.55	0.8	aero	19	88	0.3125	0.0	0	10
0.55	0.8	aero	20	88	0.3125	0.0	0	10
0.55	0.8	aero	21	76	0.40625	0.0	0	13
0.55	0.8	aero	22	84	0.34375	0.0	0	11
0.55	0.8	aero	23	76	0.40625	0.0	0	13
0.55	0.8	aero	24	76	0.40625	0.0	0	13
0.55	0.8	aero	25	84	0.34375	0.0	0	11
0.55	0.8	aero	26	72	0.4375	0.0	0	14
0.55	0.8	aero	27	68	0.46875	0.0	0	15
0.55	0.8	aero	28	76	0.40625	0.0	0	13
0.55	0.8	aero	29	72	0.4375	0.0	0	14
0.55	0.8	aero	30	76	0.40625	0.0	0	13
0.55	0.8	aero	31	76	0.40625	0.0	0	13
0.55	0.8	aero	32	80	0.375	0.0	0	12
0.55	0.8	aero	33	88	0.3125	0.0	0	10
0.55	0.8	aero	34	72	0.4375	0.0	0	14
0.55	0.8	aero	35	76	0.40625	0.0	0	13
0.55	0.8	aero	36	76	0.40625	0.0	0	13
0.55	0.8	aero	37	84	0.34375	0.0	0	11
0.55	0.8	aero	38	84	0.34375	0.0	0	11
0.55	0.8	aero	39	88	0.3125	0.0	0	10
0.55	0.8	areal	0	84	0.34375	0.0	0	11
0.55	0.8	areal	1	96	0.25	0.0	0	8
0.55	0.8	areal	2	84	0.34375	0.0	0	11
0.55	0.8	areal	3	84	0.34375	0.0	0	11
0.55	0.8	areal	4	96	0.25	0.0	0	8
0.55	0.8	areal	5	80	0.375	0.0	0	12
0.55	0.8	areal	6	84	0.34375	0.0	0	11
0.55	0.8	areal	7	72	0.4375	0.0	0	14
0.55	0.8	areal	8	88	0.3125	0.0	0	10
0.55	0.8	areal	9	84	0.34375	0.0	0	11
0.55	0.8	areal	10	84	0.34375	0.0	0	11
0.55	0.8	areal	11	96	0.25	0.0	0	8
0.55	0.8	areal	12	76	0.40625	0.0	0	13
0.55	0.8	areal	13	92	0.28125	0.0	0	9
0.55	0.8	areal	14	84	0.34375	0.0	0	11
0.55	0.8	areal	15	84	0.34375	0.0	0	11
0.55	0.8	areal	16	88	0.3125	0.0	0	10
0.55	0.8	areal	17	96	0.25	0.0	0	8
0.55	0.8	areal	18	92	0.28125	0.0	0	9
0.55	0.8	areal	19	80	0.375	0.0	0	12
0.55	0.8	areal	20	84	0.34375	0.0	0	11
0.55	0.8	areal	21	84	0.34375	0.0	0	11
0.55	0.8	areal	22	76	0.40625	0.0	0	13
0.55	0.8	areal	23	76	0.40625	0.0	0	13
0.55	0.8	areal	24	72	0.4375	0.0	0	14
0.55	0.8	areal	25	88	0.3125	0.0	0	10
0.55	0.8	areal	26	72	0.4375	0.0	0	14
0.55	0.8	areal	27	68	0.46875	0.0	0	15
0.55	0.8	areal	28	72	0.4375	0.0	0	14
0.55	0.8	areal	29	76	0.40625	0.0	0	13
0.55	0.8	areal	30	80	0.375	0.0	0	12
0.55	0.8	areal	31	92	0.28125	0.0	0	9
0.55	0.8	areal	32	80	0.375	0.0	0	12
0.55	0.8	areal	33	88	0.3125	0.0	0	10
0.55	0.8	areal	34	84	0.34375	0.0	0	11
0.55	0.8	areal	35	76	0.40625	0.0	0	13
0.55	0.8	areal	36	80	0.375	0.0	0	12
0.55	0.8	areal	37	84	0.34375	0.0	0	11
0.55	0.8	areal	38	76	0.40625	0.0	0	13
0.55	0.8	areal	39	80	0.375	0.0	0	12
0.55	0.8	gift	0	80	0.375	0.0	0	12
0.55	0.8	gift	1	92	0.28125	0.0	0	9
0.55	0.8	gift	2	84	0.34375	0.0	0	11
0.55	0.8	gift	3	92	0.28125	0.0	0	9
0.55	0.8	gift	4	84	0.34375	0.0	0	11
0.55	0.8	gift	5	88	0.3125	0.0	0	10
0.55	0.8	gift	6	80	0.375	0.0	0	12
0.55	0.8	gift	7	84	0.34375	0.0	0	11
0.55	0.8	gift	8	88	0.3125	0.0	0	10
0.55	0.8	gift	9	88	0.3125	0.0	0	10
0.55	0.8	gift	10	80	0.375	0.0	0	12
0.55	0.8	gift	11	88	0.3125	0.0	0	10
0.55	0.8	gift	12	80	0.375	0.0	0	12
0.55	0.8	gift	13	92	0.28125	0.0	0	9
0.55	0.8	gift	14	76	0.40625	0.0	0	13
0.55	0.8	gift	15	88	0.3125	0.0	0	10
0.55	0.8	gift	16	88	0.3125	0.0	0	10
0.55	0.8	gift	17	80	0.375	0.0	0	12
0.55	0.8	gift	18	88	0.3125	0.0	0	10
0.55	0.8	gift	19	80	0.375	0.0	0	12
0.55	0.8	gift	20	84	0.34375	0.0	0	11
0.55	0.8	gift	21	80	0.375	0.0	0	12
0.55	0.8	gift	22	72	0.4375	0.0	0	14
0.55	0.8	gift	23	72	0.4375	0.0	0	14
0.55	0.8	gift	24	72	0.4375	0.0	0	14
0.55	0.8	gift	25	80	0.375	0.0	0	12
0.55	0.8	gift	26	76	0.40625	0.0	0	13
0.55	0.8	gift	27	68	0.46875	0.0	0	15
0.55	0.8	gift	28	72	0.4375	0.0	0	14
0.55	0.8	gift	29	68	0.46875	0.0	0	15
0.55	0.8	gift	30	72	0.4375	0.0	0	14
0.55	0.8	gift	31	68	0.46875	0.0	0	15
0.55	0.8	gift	32	80	0.375	0.0	0	12
0.55	0.8	gift	33	68	0.46875	0.0	0	15
0.55	0.8	gift	34	64	0.5	0.0	0	16
0.55	0.8	gift	35	68	0.46875	0.0	0	15
0.55	0.8	gift	36	68	0.46875	0.0	0	15
0.55	0.8	gift	37	72	0.4375	0.0	0	14
0.55	0.8	gift	38	68	0.46875	0.0	0	15
0.55	0.8	gift	39	76	0.40625	0.0	0	13
0.55	0.8	grpo	0	84	0.34375	0.0	0	11
0.55	0.8	grpo	1	96	0.25	0.0	0	8
0.55	0.8	grpo	2	84	0.34375	0.0	0	11
0.55	0.8	grpo	3	80	0.375	0.0	0	12
0.55	0.8	grpo	4	84	0.34375	0.0	0	11
0.55	0.8	grpo	5	84	0.34375	0.0	0	11
0.55	0.8	grpo	6	76	0.40625	0.0	0	13
0.55	0.8	grpo	7	84	0.34375	0.0	0	11
0.55	0.8	grpo	8	92	0.28125	0.0	0	9
0.55	0.8	grpo	9	84	0.34375	0.0	0	11
0.55	0.8	grpo	10	84	0.34375	0.0	0	11
0.55	0.8	grpo	11	84	0.34375	0.0	0	11
0.55	0.8	grpo	12	76	0.40625	0.0	0	13
0.55	0.8	grpo	13	92	0.28125	0.0	0	9
0.55	0.8	grpo	14	80	0.375	0.0	0	12
0.55	0.8	grpo	15	80	0.375	0.0	0	12
0.55	0.8	grpo	16	88	0.3125	0.0	0	10
0.55	0.8	grpo	17	96	0.25	0.0	0	8
0.55	0.8	grpo	18	92	0.28125	0.0	0	9
0.55	0.8	grpo	19	88	0.3125	0.0	0	10
0.55	0.8	grpo	20	88	0.3125	0.0	0	10
0.55	0.8	grpo	21	80	0.375	0.0	0	12
0.55	0.8	grpo	22	80	0.375	0.0	0	12
0.55	0.8	grpo	23	72	0.4375	0.0	0	14
0.55	0.8	grpo	24	76	0.40625	0.0	0	13
0.55	0.8	grpo	25	92	0.28125	0.0	0	9
0.55	0.8	grpo	26	76	0.40625	0.0	0	13
0.55	0.8	grpo	27	68	0.46875	0.0	0	15
0.55	0.8	grpo	28	76	0.40625	0.0	0	13
0.55	0.8	grpo	29	76	0.40625	0.0	0	13
0.55	0.8	grpo	30	76	0.40625	0.0	0	13
0.55	0.8	grpo	31	80	0.375	0.0	0	12
0.55	0.8	grpo	32	84	0.34375	0.0	0	11
0.55	0.8	grpo	33	84	0.34375	0.0	0	11
0.55	0.8	grpo	34	72	0.4375	0.0	0	14
0.55	0.8	grpo	35	68	0.46875	0.0	0	15
0.55	0.8	grpo	36	76	0.40625	0.0	0	13
0.55	0.8	grpo	37	80	0.375	0.0	0	12
0.55	0.8	grpo	38	84	0.34375	0.0	0	11
0.55	0.8	grpo	39	80	0.375	0.0	0	12
0.6	0.65	aero	0	84	0.34375	0.0	0	11
0.6	0.65	aero	1	84	0.34375	0.0	0	11
0.6	0.65	aero	2	76	0.40625	0.0	0	13
0.6	0.65	aero	3	84	0.34375	0.0	0	11
0.6	0.65	aero	4	80	0.375	0.0	0	12
0.6	0.65	aero	5	92	0.28125	0.0	0	9
0.6	0.65	aero	6	80	0.375	0.0	0	12
0.6	0.65	aero	7	88	0.3125	0.0	0	10
0.6	0.65	aero	8	84	0.34375	0.0	0	11
0.6	0.65	aero	9	88	0.3125	0.0	0	10
0.6	0.65	aero	10	80	0.375	0.0	0	12
0.6	0.65	aero	11	92	0.28125	0.0	0	9
0.6	0.65	aero	12	84	0.34375	0.0	0	11
0.6	0.65	aero	13	92	0.28125	0.0	0	9
0.6	0.65	aero	14	80	0.375	0.0	0	12
0.6	0.65	aero	15	76	0.40625	0.0	0	13
0.6	0.65	aero	16	92	0.28125	0.0	0	9
0.6	0.65	aero	17	92	0.28125	0.0	0	9
0.6	0.65	aero	18	88	0.3125	0.0	0	10
0.6	0.65	aero	19	88	0.3125	0.0	0	10
0.6	0.65	aero	20	88	0.3125	0.0	0	10
0.6	0.65	aero	21	76	0.40625	0.0	0	13
0.6	0.65	aero	22	84	0.34375	0.0	0	11
0.6	0.65	aero	23	76	0.40625	0.0	0	13
0.6	0.65	aero	24	76	0.40625	0.0	0	13
0.6	0.65	aero	25	84	0.34375	0.0	0	11
0.6	0.65	aero	26	72	0.4375	0.0	0	14
0.6	0.65	aero	27	68	0.46875	0.0	0	15
0.6	0.65	aero	28	76	0.40625	0.0	0	13
0.6	0.65	aero	29	72	0.4375	0.0	0	14
0.6	0.65	aero	30	76	0.40625	0.0	0	13
0.6	0.65	aero	31	76	0.40625	0.0	0	13
0.6	0.65	aero	32	80	0.375	0.0	0	12
0.6	0.65	aero	33	88	0.3125	0.0	0	10
0.6	0.65	aero	34	72	0.4375	0.0	0	14
0.6	0.65	aero	35	76	0.40625	0.0	0	13
0.6	0.65	aero	36	76	0.40625	0.0	0	13
0.6	0.65	aero	37	84	0.34375	0.0	0	11
0.6	0.65	aero	38	84	0.34375	0.0	0	11
0.6	0.65	aero	39	88	0.3125	0.0	0	10
0.6	0.65	areal	0	84	0.34375	0.0	0	11
0.6	0.65	areal	1	96	0.25	0.0	0	8
0.6	0.65	areal	2	84	0.34375	0.0	0	11
0.6	0.65	areal	3	84	0.34375	0.0	0	11
0.6	0.65	areal	4	96	0.25	0.0	0	8
0.6	0.65	areal	5	80	0.375	0.0	0	12
0.6	0.65	areal	6	84	0.34375	0.0	0	11
0.6	0.65	areal	7	72	0.4375	0.0	0	14
0.6	0.65	areal	8	88	0.3125	0.0	0	10
0.6	0.65	areal	9	84	0.34375	0.0	0	11
0.6	0.65	areal	10	84	0.34375	0.0	0	11
0.6	0.65	areal	11	96	0.25	0.0	0	8
0.6	0.65	areal	12	76	0.40625	0.0	0	13
0.6	0.65	areal	13	92	0.28125	0.0	0	9
0.6	0.65	areal	14	84	0.34375	0.0	0	11
0.6	0.65	areal	15	84	0.34375	0.0	0	11
0.6	0.65	areal	16	88	0.3125	0.0	0	10
0.6	0.65	areal	17	96	0.25	0.0	0	8
0.6	0.65	areal	18	92	0.28125	0.0	0	9
0.6	0.65	areal	19	80	0.375	0.0	0	12
0.6	0.65	areal	20	84	0.34375	0.0	0	11
0.6	0.65	areal	21	84	0.34375	0.0	0	11
0.6	0.65	areal	22	76	0.40625	0.0	0	13
0.6	0.65	areal	23	76	0.40625	0.0	0	13
0.6	0.65	areal	24	72	0.4375	0.0	0	14
0.6	0.65	areal	25	88	0.3125	0.0	0	10
0.6	0.65	areal	26	72	0.4375	0.0	0	14
0.6	0.65	areal	27	68	0.46875	0.0	0	15
0.6	0.65	areal	28	72	0.4375	0.0	0	14
0.6	0.65	areal	29	76	0.40625	0.0	0	13
0.6	0.65	areal	30	80	0.375	0.0	0	12
0.6	0.65	areal	31	92	0.28125	0.0	0	9
0.6	0.65	areal	32	80	0.375	0.0	0	12
0.6	0.65	areal	33	88	0.3125	0.0	0	10
0.6	0.65	areal	34	84	0.34375	0.0	0	11
0.6	0.65	areal	35	76	0.40625	0.0	0	13
0.6	0.65	areal	36	80	0.375	0.0	0	12
0.6	0.65	areal	37	84	0.34375	0.0	0	11
0.6	0.65	areal	38	76	0.40625	0.0	0	13
0.6	0.65	areal	39	80	0.375	0.0	0	12
0.6	0.65	gift	0	80	0.375	0.0	0	12
0.6	0.65	gift	1	92	0.28125	0.0	0	9
0.6	0.65	gift	2	84	0.34375	0.0	0	11
0.6	0.65	gift	3	92	0.28125	0.0	0	9
0.6	0.65	gift	4	84	0.34375	0.0	0	11
0.6	0.65	gift	5	88	0.3125	0.0	0	10
0.6	0.65	gift	6	80	0.375	0.0	0	12
0.6	0.65	gift	7	84	0.34375	0.0	0	11
0.6	0.65	gift	8	88	0.3125	0.0	0	10
0.6	0.65	gift	9	88	0.3125	0.0	0	10
0.6	0.65	gift	10	80	0.375	0.0	0	12
0.6	0.65	gift	11	88	0.3125	0.0	0	10
0.6	0.65	gift	12	80	0.375	0.0	0	12
0.6	0.65	gift	13	92	0.28125	0.0	0	9
0.6	0.65	gift	14	76	0.40625	0.0	0	13
0.6	0.65	gift	15	88	0.3125	0.0	0	10
0.6	0.65	gift	16	88	0.3125	0.0	0	10
0.6	0.65	gift	17	80	0.375	0.0	0	12
0.6	0.65	gift	18	88	0.3125	0.0	0	10
0.6	0.65	gift	19	80	0.375	0.0	0	12
0.6	0.65	gift	20	84	0.34375	0.0	0	11
0.6	0.65	gift	21	80	0.375	0.0	0	12
0.6	0.65	gift	22	72	0.4375	0.0	0	14
0.6	0.65	gift	23	72	0.4375	0.0	0	14
0.6	0.65	gift	24	72	0.4375	0.0	0	14
0.6	0.65	gift	25	80	0.375	0.0	0	12
0.6	0.65	gift	26	76	0.40625	0.0	0	13
0.6	0.65	gift	27	68	0.46875	0.0	0	15
0.6	0.65	gift	28	72	0.4375	0.0	0	14
0.6	0.65	gift	29	68	0.46875	0.0	0	15
0.6	0.65	gift	30	72	0.4375	0.0	0	14
0.6	0.65	gift	31	68	0.46875	0.0	0	15
0.6	0.65	gift	32	80	0.375	0.0	0	12
0.6	0.65	gift	33	68	0.46875	0.0	0	15
0.6	0.65	gift	34	64	0.5	0.0	0	16
0.6	0.65	gift	35	68	0.46875	0.0	0	15
0.6	0.65	gift	36	68	0.46875	0.0	0	15
0.6	0.65	gift	37	72	0.4375	0.0	0	14
0.6	0.65	gift	38	68	0.46875	0.0	0	15
0.6	0.65	gift	39	76	0.40625	0.0	0	13
0.6	0.65	grpo	0	84	0.34375	0.0	0	11
0.6	0.65	grpo	1	96	0.25	0.0	0	8
0.6	0.65	grpo	2	84	0.34375	0.0	0	11
0.6	0.65	grpo	3	80	0.375	0.0	0	12
0.6	0.65	grpo	4	84	0.34375	0.0	0	11
0.6	0.65	grpo	5	84	0.34375	0.0	0	11
0.6	0.65	grpo	6	76	0.40625	0.0	0	13
0.6	0.65	grpo	7	84	0.34375	0.0	0	11
0.6	0.65	grpo	8	92	0.28125	0.0	0	9
0.6	0.65	grpo	9	84	0.34375	0.0	0	11
0.6	0.65	grpo	10	84	0.34375	0.0	0	11
0.6	0.65	grpo	11	84	0.34375	0.0	0	11
0.6	0.65	grpo	12	76	0.40625	0.0	0	13
0.6	0.65	grpo	13	92	0.28125	0.0	0	9
0.6	0.65	grpo	14	80	0.375	0.0	0	12
0.6	0.65	grpo	15	80	0.375	0.0	0	12
0.6	0.65	grpo	16	88	0.3125	0.0	0	10
0.6	0.65	grpo	17	96	0.25	0.0	0	8
0.6	0.65	grpo	18	92	0.28125	0.0	0	9
0.6	0.65	grpo	19	88	0.3125	0.0	0	10
0.6	0.65	grpo	20	88	0.3125	0.0	0	10
0.6	0.65	grpo	21	80	0.375	0.0	0	12
0.6	0.65	grpo	22	80	0.375	0.0	0	12
0.6	0.65	grpo	23	72	0.4375	0.0	0	14
0.6	0.65	grpo	24	76	0.40625	0.0	0	13
0.6	0.65	grpo	25	92	0.28125	0.0	0	9
0.6	0.65	grpo	26	76	0.40625	0.0	0	13
0.6	0.65	grpo	27	68	0.46875	0.0	0	15
0.6	0.65	grpo	28	76	0.40625	0.0	0	13
0.6	0.65	grpo	29	76	0.40625	0.0	0	13
0.6	0.65	grpo	30	76	0.40625	0.0	0	13
0.6	0.65	grpo	31	80	0.375	0.0	0	12
0.6	0.65	grpo	32	84	0.34375	0.0	0	11
0.6	0.65	grpo	33	84	0.34375	0.0	0	11
0.6	0.65	grpo	34	72	0.4375	0.0	0	14
0.6	0.65	grpo	35	68	0.46875	0.0	0	15
0.6	0.65	grpo	36	76	0.40625	0.0	0	13
0.6	0.65	grpo	37	80	0.375	0.0	0	12
0.6	0.65	grpo	38	84	0.34375	0.0	0	11
0.6	0.65	grpo	39	80	0.375	0.0	0	12
0.6	0.7	aero	0	84	0.34375	0.0	0	11
0.6	0.7	aero	1	84	0.34375	0.0	0	11
0.6	0.7	aero	2	76	0.40625	0.0	0	13
0.6	0.7	aero	3	84	0.34375	0.0	0	11
0.6	0.7	aero	4	80	0.375	0.0	0	12
0.6	0.7	aero	5	92	0.28125	0.0	0	9
0.6	0.7	aero	6	80	0.375	0.0	0	12
0.6	0.7	aero	7	88	0.3125	0.0	0	10
0.6	0.7	aero	8	84	0.34375	0.0	0	11
0.6	0.7	aero	9	88	0.3125	0.0	0	10
0.6	0.7	aero	10	80	0.375	0.0	0	12
0.6	0.7	aero	11	92	0.28125	0.0	0	9
0.6	0.7	aero	12	84	0.34375	0.0	0	11
0.6	0.7	aero	13	92	0.28125	0.0	0	9
0.6	0.7	aero	14	80	0.375	0.0	0	12
0.6	0.7	aero	15	76	0.40625	0.0	0	13
0.6	0.7	aero	16	92	0.28125	0.0	0	9
0.6	0.7	aero	17	92	0.28125	0.0	0	9
0.6	0.7	aero	18	88	0.3125	0.0	0	10
0.6	0.7	aero	19	88	0.3125	0.0	0	10
0.6	0.7	aero	20	88	0.3125	0.0	0	10
0.6	0.7	aero	21	76	0.40625	0.0	0	13
0.6	0.7	aero	22	84	0.34375	0.0	0	11
0.6	0.7	aero	23	76	0.40625	0.0	0	13
0.6	0.7	aero	24	76	0.40625	0.0	0	13
0.6	0.7	aero	25	84	0.34375	0.0	0	11
0.6	0.7	aero	26	72	0.4375	0.0	0	14
0.6	0.7	aero	27	68	0.46875	0.0	0	15
0.6	0.7	aero	28	76	0.40625	0.0	0	13
0.6	0.7	aero	29	72	0.4375	0.0	0	14
0.6	0.7	aero	30	76	0.40625	0.0	0	13
0.6	0.7	aero	31	76	0.40625	0.0	0	13
0.6	0.7	aero	32	80	0.375	0.0	0	12
0.6	0.7	aero	33	88	0.3125	0.0	0	10
0.6	0.7	aero	34	72	0.4375	0.0	0	14
0.6	0.7	aero	35	76	0.40625	0.0	0	13
0.6	0.7	aero	36	76	0.40625	0.0	0	13
0.6	0.7	aero	37	84	0.34375	0.0	0	11
0.6	0.7	aero	38	84	0.34375	0.0	0	11
0.6	0.7	aero	39	88	0.3125	0.0	0	10
0.6	0.7	areal	0	84	0.34375	0.0	0	11
0.6	0.7	areal	1	96	0.25	0.0	0	8
0.6	0.7	areal	2	84	0.34375	0.0	0	11
0.6	0.7	areal	3	84	0.34375	0.0	0	11
0.6	0.7	areal	4	96	0.25	0.0	0	8
0.6	0.7	areal	5	80	0.375	0.0	0	12
0.6	0.7	areal	6	84	0.34375	0.0	0	11
0.6	0.7	areal	7	72	0.4375	0.0	0	14
0.6	0.7	areal	8	88	0.3125	0.0	0	10
0.6	0.7	areal	9	84	0.34375	0.0	0	11
0.6	0.7	areal	10	84	0.34375	0.0	0	11
0.6	0.7	areal	11	96	0.25	0.0	0	8
0.6	0.7	areal	12	76	0.40625	0.0	0	13
0.6	0.7	areal	13	92	0.28125	0.0	0	9
0.6	0.7	areal	14	84	0.34375	0.0	0	11
0.6	0.7	areal	15	84	0.34375	0.0	0	11
0.6	0.7	areal	16	88	0.3125	0.0	0	10
0.6	0.7	areal	17	96	0.25	0.0	0	8
0.6	0.7	areal	18	92	0.28125	0.0	0	9
0.6	0.7	areal	19	80	0.375	0.0	0	12
0.6	0.7	areal	20	84	0.34375	0.0	0	11
0.6	0.7	areal	21	84	0.34375	0.0	0	11
0.6	0.7	areal	22	76	0.40625	0.0	0	13
0.6	0.7	areal	23	76	0.40625	0.0	0	13
0.6	0.7	areal	24	72	0.4375	0.0	0	14
0.6	0.7	areal	25	88	0.3125	0.0	0	10
0.6	0.7	areal	26	72	0.4375	0.0	0	14
0.6	0.7	areal	27	68	0.46875	0.0	0	15
0.6	0.7	areal	28	72	0.4375	0.0	0	14
0.6	0.7	areal	29	76	0.40625	0.0	0	13
0.6	0.7	areal	30	80	0.375	0.0	0	12
0.6	0.7	areal	31	92	0.28125	0.0	0	9
0.6	0.7	areal	32	80	0.375	0.0	0	12
0.6	0.7	areal	33	88	0.3125	0.0	0	10
0.6	0.7	areal	34	84	0.34375	0.0	0	11
0.6	0.7	areal	35	76	0.40625	0.0	0	13
0.6	0.7	areal	36	80	0.375	0.0	0	12
0.6	0.7	areal	37	84	0.34375	0.0	0	11
0.6	0.7	areal	38	76	0.40625	0.0	0	13
0.6	0.7	areal	39	80	0.375	0.0	0	12
0.6	0.7	gift	0	80	0.375	0.0	0	12
0.6	0.7	gift	1	92	0.28125	0.0	0	9
0.6	0.7	gift	2	84	0.34375	0.0	0	11
0.6	0.7	gift	3	92	0.28125	0.0	0	9
0.6	0.7	gift	4	84	0.34375	0.0	0	11
0.6	0.7	gift	5	88	0.3125	0.0	0	10
0.6	0.7	gift	6	80	0.375	0.0	0	12
0.6	0.7	gift	7	84	0.34375	0.0	0	11
0.6	0.7	gift	8	88	0.3125	0.0	0	10
0.6	0.7	gift	9	88	0.3125	0.0	0	10
0.6	0.7	gift	10	80	0.375	0.0	0	12
0.6	0.7	gift	11	88	0.3125	0.0	0	10
0.6	0.7	gift	12	80	0.375	0.0	0	12
0.6	0.7	gift	13	92	0.28125	0.0	0	9
0.6	0.7	gift	14	76	0.40625	0.0	0	13
0.6	0.7	gift	15	88	0.3125	0.0	0	10
0.6	0.7	gift	16	88	0.3125	0.0	0	10
0.6	0.7	gift	17	80	0.375	0.0	0	12
0.6	0.7	gift	18	88	0.3125	0.0	0	10
0.6	0.7	gift	19	80	0.375	0.0	0	12
0.6	0.7	gift	20	84	0.34375	0.0	0	11
0.6	0.7	gift	21	80	0.375	0.0	0	12
0.6	0.7	gift	22	72	0.4375	0.0	0	14
0.6	0.7	gift	23	72	0.4375	0.0	0	14
0.6	0.7	gift	24	72	0.4375	0.0	0	14
0.6	0.7	gift	25	80	0.375	0.0	0	12
0.6	0.7	gift	26	76	0.40625	0.0	0	13
0.6	0.7	gift	27	68	0.46875	0.0	0	15
0.6	0.7	gift	28	72	0.4375	0.0	0	14
0.6	0.7	gift	29	68	0.46875	0.0	0	15
0.6	0.7	gift	30	72	0.4375	0.0	0	14
0.6	0.7	gift	31	68	0.46875	0.0	0	15
0.6	0.7	gift	32	80	0.375	0.0	0	12
0.6	0.7	gift	33	68	0.46875	0.0	0	15
0.6	0.7	gift	34	64	0.5	0.0	0	16
0.6	0.7	gift	35	68	0.46875	0.0	0	15
0.6	0.7	gift	36	68	0.46875	0.0	0	15
0.6	0.7	gift	37	72	0.4375	0.0	0	14
0.6	0.7	gift	38	68	0.46875	0.0	0	15
0.6	0.7	gift	39	76	0.40625	0.0	0	13
0.6	0.7	grpo	0	84	0.34375	0.0	0	11
0.6	0.7	grpo	1	96	0.25	0.0	0	8
0.6	0.7	grpo	2	84	0.34375	0.0	0	11
0.6	0.7	grpo	3	80	0.375	0.0	0	12
0.6	0.7	grpo	4	84	0.34375	0.0	0	11
0.6	0.7	grpo	5	84	0.34375	0.0	0	11
0.6	0.7	grpo	6	76	0.40625	0.0	0	13
0.6	0.7	grpo	7	84	0.34375	0.0	0	11
0.6	0.7	grpo	8	92	0.28125	0.0	0	9
0.6	0.7	grpo	9	84	0.34375	0.0	0	11
0.6	0.7	grpo	10	84	0.34375	0.0	0	11
0.6	0.7	grpo	11	84	0.34375	0.0	0	11
0.6	0.7	grpo	12	76	0.40625	0.0	0	13
0.6	0.7	grpo	13	92	0.28125	0.0	0	9
0.6	0.7	grpo	14	80	0.375	0.0	0	12
0.6	0.7	grpo	15	80	0.375	0.0	0	12
0.6	0.7	grpo	16	88	0.3125	0.0	0	10
0.6	0.7	grpo	17	96	0.25	0.0	0	8
0.6	0.7	grpo	18	92	0.28125	0.0	0	9
0.6	0.7	grpo	19	88	0.3125	0.0	0	10
0.6	0.7	grpo	20	88	0.3125	0.0	0	10
0.6	0.7	grpo	21	80	0.375	0.0	0	12
0.6	0.7	grpo	22	80	0.375	0.0	0	12
0.6	0.7	grpo	23	72	0.4375	0.0	0	14
0.6	0.7	grpo	24	76	0.40625	0.0	0	13
0.6	0.7	grpo	25	92	0.28125	0.0	0	9
0.6	0.7	grpo	26	76	0.40625	0.0	0	13
0.6	0.7	grpo	27	68	0.46875	0.0	0	15
0.6	0.7	grpo	28	76	0.40625	0.0	0	13
0.6	0.7	grpo	29	76	0.40625	0.0	0	13
0.6	0.7	grpo	30	76	0.40625	0.0	0	13
0.6	0.7	grpo	31	80	0.375	0.0	0	12
0.6	0.7	grpo	32	84	0.34375	0.0	0	11
0.6	0.7	grpo	33	84	0.34375	0.0	0	11
0.6	0.7	grpo	34	72	0.4375	0.0	0	14
0.6	0.7	grpo	35	68	0.46875	0.0	0	15
0.6	0.7	grpo	36	76	0.40625	0.0	0	13
0.6	0.7	grpo	37	80	0.375	0.0	0	12
0.6	0.7	grpo	38	84	0.34375	0.0	0	11
0.6	0.7	grpo	39	80	0.375	0.0	0	12
0.6	0.75	aero	0	84	0.34375	0.0	0	11
0.6	0.75	aero	1	84	0.34375	0.0	0	11
0.6	0.75	aero	2	76	0.40625	0.0	0	13
0.6	0.75	aero	3	84	0.34375	0.0	0	11
0.6	0.75	aero	4	80	0.375	0.0	0	12
0.6	0.75	aero	5	92	0.28125	0.0	0	9
0.6	0.75	aero	6	80	0.375	0.0	0	12
0.6	0.75	aero	7	88	0.3125	0.0	0	10
0.6	0.75	aero	8	84	0.34375	0.0	0	11
0.6	0.75	aero	9	88	0.3125	0.0	0	10
0.6	0.75	aero	10	80	0.375	0.0	0	12
0.6	0.75	aero	11	92	0.28125	0.0	0	9
0.6	0.75	aero	12	84	0.34375	0.0	0	11
0.6	0.75	aero	13	92	0.28125	0.0	0	9
0.6	0.75	aero	14	80	0.375	0.0	0	12
0.6	0.75	aero	15	76	0.40625	0.0	0	13
0.6	0.75	aero	16	92	0.28125	0.0	0	9
0.6	0.75	aero	17	92	0.28125	0.0	0	9
0.6	0.75	aero	18	88	0.3125	0.0	0	10
0.6	0.75	aero	19	88	0.3125	0.0	0	10
0.6	0.75	aero	20	88	0.3125	0.0	0	10
0.6	0.75	aero	21	76	0.40625	0.0	0	13
0.6	0.75	aero	22	84	0.34375	0.0	0	11
0.6	0.75	aero	23	76	0.40625	0.0	0	13
0.6	0.75	aero	24	76	0.40625	0.0	0	13
0.6	0.75	aero	25	84	0.34375	0.0	0	11
0.6	0.75	aero	26	72	0.4375	0.0	0	14
0.6	0.75	aero	27	68	0.46875	0.0	0	15
0.6	0.75	aero	28	76	0.40625	0.0	0	13
0.6	0.75	aero	29	72	0.4375	0.0	0	14
0.6	0.75	aero	30	76	0.40625	0.0	0	13
0.6	0.75	aero	31	76	0.40625	0.0	0	13
0.6	0.75	aero	32	80	0.375	0.0	0	12
0.6	0.75	aero	33	88	0.3125	0.0	0	10
0.6	0.75	aero	34	72	0.4375	0.0	0	14
0.6	0.75	aero	35	76	0.40625	0.0	0	13
0.6	0.75	aero	36	76	0.40625	0.0	0	13
0.6	0.75	aero	37	84	0.34375	0.0	0	11
0.6	0.75	aero	38	84	0.34375	0.0	0	11
0.6	0.75	aero	39	88	0.3125	0.0	0	10
0.6	0.75	areal	0	84	0.34375	0.0	0	11
0.6	0.75	areal	1	96	0.25	0.0	0	8
0.6	0.75	areal	2	84	0.34375	0.0	0	11
0.6	0.75	areal	3	84	0.34375	0.0	0	11
0.6	0.75	areal	4	96	0.25	0.0	0	8
0.6	0.75	areal	5	80	0.375	0.0	0	12
0.6	0.75	areal	6	84	0.34375	0.0	0	11
0.6	0.75	areal	7	72	0.4375	0.0	0	14
0.6	0.75	areal	8	88	0.3125	0.0	0	10
0.6	0.75	areal	9	84	0.34375	0.0	0	11
0.6	0.75	areal	10	84	0.34375	0.0	0	11
0.6	0.75	areal	11	96	0.25	0.0	0	8
0.6	0.75	areal	12	76	0.40625	0.0	0	13
0.6	0.75	areal	13	92	0.28125	0.0	0	9
0.6	0.75	areal	14	84	0.34375	0.0	0	11
0.6	0.75	areal	15	84	0.34375	0.0	0	11
0.6	0.75	areal	16	88	0.3125	0.0	0	10
0.6	0.75	areal	17	96	0.25	0.0	0	8
0.6	0.75	areal	18	92	0.28125	0.0	0	9
0.6	0.75	areal	19	80	0.375	0.0	0	12
0.6	0.75	areal	20	84	0.34375	0.0	0	11
0.6	0.75	areal	21	84	0.34375	0.0	0	11
0.6	0.75	areal	22	76	0.40625	0.0	0	13
0.6	0.75	areal	23	76	0.40625	0.0	0	13
0.6	0.75	areal	24	72	0.4375	0.0	0	14
0.6	0.75	areal	25	88	0.3125	0.0	0	10
0.6	0.75	areal	26	72	0.4375	0.0	0	14
0.6	0.75	areal	27	68	0.46875	0.0	0	15
0.6	0.75	areal	28	72	0.4375	0.0	0	14
0.6	0.75	areal	29	76	0.40625	0.0	0	13
0.6	0.75	areal	30	80	0.375	0.0	0	12
0.6	0.75	areal	31	92	0.28125	0.0	0	9
0.6	0.75	areal	32	80	0.375	0.0	0	12
0.6	0.75	areal	33	88	0.3125	0.0	0	10
0.6	0.75	areal	34	84	0.34375	0.0	0	11
0.6	0.75	areal	35	76	0.40625	0.0	0	13
0.6	0.75	areal	36	80	0.375	0.0	0	12
0.6	0.75	areal	37	84	0.34375	0.0	0	11
0.6	0.75	areal	38	76	0.40625	0.0	0	13
0.6	0.75	areal	39	80	0.375	0.0	0	12
0.6	0.75	gift	0	80	0.375	0.0	0	12
0.6	0.75	gift	1	92	0.28125	0.0	0	9
0.6	0.75	gift	2	84	0.34375	0.0	0	11
0.6	0.75	gift	3	92	0.28125	0.0	0	9
0.6	0.75	gift	4	84	0.34375	0.0	0	11
0.6	0.75	gift	5	88	0.3125	0.0	0	10
0.6	0.75	gift	6	80	0.375	0.0	0	12
0.6	0.75	gift	7	84	0.34375	0.0	0	11
0.6	0.75	gift	8	88	0.3125	0.0	0	10
0.6	0.75	gift	9	88	0.3125	0.0	0	10
0.6	0.75	gift	10	80	0.375	0.0	0	12
0.6	0.75	gift	11	88	0.3125	0.0	0	10
0.6	0.75	gift	12	80	0.375	0.0	0	12
0.6	0.75	gift	13	92	0.28125	0.0	0	9
0.6	0.75	gift	14	76	0.40625	0.0	0	13
0.6	0.75	gift	15	88	0.3125	0.0	0	10
0.6	0.75	gift	16	88	0.3125	0.0	0	10
0.6	0.75	gift	17	80	0.375	0.0	0	12
0.6	0.75	gift	18	88	0.3125	0.0	0	10
0.6	0.75	gift	19	80	0.375	0.0	0	12
0.6	0.75	gift	20	84	0.34375	0.0	0	11
0.6	0.75	gift	21	80	0.375	0.0	0	12
0.6	0.75	gift	22	72	0.4375	0.0	0	14
0.6	0.75	gift	23	72	0.4375	0.0	0	14
0.6	0.75	gift	24	72	0.4375	0.0	0	14
0.6	0.75	gift	25	80	0.375	0.0	0	12
0.6	0.75	gift	26	76	0.40625	0.0	0	13
0.6	0.75	gift	27	68	0.46875	0.0	0	15
0.6	0.75	gift	28	72	0.4375	0.0	0	14
0.6	0.75	gift	29	68	0.46875	0.0	0	15
0.6	0.75	gift	30	72	0.4375	0.0	0	14
0.6	0.75	gift	31	68	0.46875	0.0	0	15
0.6	0.75	gift	32	80	0.375	0.0	0	12
0.6	0.75	gift	33	68	0.46875	0.0	0	15
0.6	0.75	gift	34	64	0.5	0.0	0	16
0.6	0.75	gift	35	68	0.46875	0.0	0	15
0.6	0.75	gift	36	68	0.46875	0.0	0	15
0.6	0.75	gift	37	72	0.4375	0.0	0	14
0.6	0.75	gift	38	68	0.46875	0.0	0	15
0.6	0.75	gift	39	76	0.40625	0.0	0	13
0.6	0.75	grpo	0	84	0.34375	0.0	0	11
0.6	0.75	grpo	1	96	0.25	0.0	0	8
0.6	0.75	grpo	2	84	0.34375	0.0	0	11
0.6	0.75	grpo	3	80	0.375	0.0	0	12
0.6	0.75	grpo	4	84	0.34375	0.0	0	11
0.6	0.75	grpo	5	84	0.34375	0.0	0	11
0.6	0.75	grpo	6	76	0.40625	0.0	0	13
0.6	0.75	grpo	7	84	0.34375	0.0	0	11
0.6	0.75	grpo	8	92	0.28125	0.0	0	9
0.6	0.75	grpo	9	84	0.34375	0.0	0	11
0.6	0.75	grpo	10	84	0.34375	0.0	0	11
0.6	0.75	grpo	11	84	0.34375	0.0	0	11
0.6	0.75	grpo	12	76	0.40625	0.0	0	13
0.6	0.75	grpo	13	92	0.28125	0.0	0	9
0.6	0.75	grpo	14	80	0.375	0.0	0	12
0.6	0.75	grpo	15	80	0.375	0.0	0	12
0.6	0.75	grpo	16	88	0.3125	0.0	0	10
0.6	0.75	grpo	17	96	0.25	0.0	0	8
0.6	0.75	grpo	18	92	0.28125	0.0	0	9
0.6	0.75	grpo	19	88	0.3125	0.0	0	10
0.6	0.75	grpo	20	88	0.3125	0.0	0	10
0.6	0.75	grpo	21	80	0.375	0.0	0	12
0.6	0.75	grpo	22	80	0.375	0.0	0	12
0.6	0.75	grpo	23	72	0.4375	0.0	0	14
0.6	0.75	grpo	24	76	0.40625	0.0	0	13
0.6	0.75	grpo	25	92	0.28125	0.0	0	9
0.6	0.75	grpo	26	76	0.40625	0.0	0	13
0.6	0.75	grpo	27	68	0.46875	0.0	0	15
0.6	0.75	grpo	28	76	0.40625	0.0	0	13
0.6	0.75	grpo	29	76	0.40625	0.0	0	13
0.6	0.75	grpo	30	76	0.40625	0.0	0	13
0.6	0.75	grpo	31	80	0.375	0.0	0	12
0.6	0.75	grpo	32	84	0.34375	0.0	0	11
0.6	0.75	grpo	33	84	0.34375	0.0	0	11
0.6	0.75	grpo	34	72	0.4375	0.0	0	14
0.6	0.75	grpo	35	68	0.46875	0.0	0	15
0.6	0.75	grpo	36	76	0.40625	0.0	0	13
0.6	0.75	grpo	37	80	0.375	0.0	0	12
0.6	0.75	grpo	38	84	0.34375	0.0	0	11
0.6	0.75	grpo	39	80	0.375	0.0	0	12
0.6	0.8	aero	0	84	0.34375	0.0	0	11
0.6	0.8	aero	1	84	0.34375	0.0	0	11
0.6	0.8	aero	2	76	0.40625	0.0	0	13
0.6	0.8	aero	3	84	0.34375	0.0	0	11
0.6	0.8	aero	4	80	0.375	0.0	0	12
0.6	0.8	aero	5	92	0.28125	0.0	0	9
0.6	0.8	aero	6	80	0.375	0.0	0	12
0.6	0.8	aero	7	88	0.3125	0.0	0	10
0.6	0.8	aero	8	84	0.34375	0.0	0	11
0.6	0.8	aero	9	88	0.3125	0.0	0	10
0.6	0.8	aero	10	80	0.375	0.0	0	12
0.6	0.8	aero	11	92	0.28125	0.0	0	9
0.6	0.8	aero	12	84	0.34375	0.0	0	11
0.6	0.8	aero	13	92	0.28125	0.0	0	9
0.6	0.8	aero	14	80	0.375	0.0	0	12
0.6	0.8	aero	15	76	0.40625	0.0	0	13
0.6	0.8	aero	16	92	0.28125	0.0	0	9
0.6	0.8	aero	17	92	0.28125	0.0	0	9
0.6	0.8	aero	18	88	0.3125	0.0	0	10
0.6	0.8	aero	19	88	0.3125	0.0	0	10
0.6	0.8	aero	20	88	0.3125	0.0	0	10
0.6	0.8	aero	21	76	0.40625	0.0	0	13
0.6	0.8	aero	22	84	0.34375	0.0	0	11
0.6	0.8	aero	23	76	0.40625	0.0	0	13
0.6	0.8	aero	24	76	0.40625	0.0	0	13
0.6	0.8	aero	25	84	0.34375	0.0	0	11
0.6	0.8	aero	26	72	0.4375	0.0	0	14
0.6	0.8	aero	27	68	0.46875	0.0	0	15
0.6	0.8	aero	28	76	0.40625	0.0	0	13
0.6	0.8	aero	29	72	0.4375	0.0	0	14
0.6	0.8	aero	30	76	0.40625	0.0	0	13
0.6	0.8	aero	31	76	0.40625	0.0	0	13
0.6	0.8	aero	32	80	0.375	0.0	0	12
0.6	0.8	aero	33	88	0.3125	0.0	0	10
0.6	0.8	aero	34	72	0.4375	0.0	0	14
0.6	0.8	aero	35	76	0.40625	0.0	0	13
0.6	0.8	aero	36	76	0.40625	0.0	0	13
0.6	0.8	aero	37	84	0.34375	0.0	0	11
0.6	0.8	aero	38	84	0.34375	0.0	0	11
0.6	0.8	aero	39	88	0.3125	0.0	0	10
0.6	0.8	areal	0	84	0.34375	0.0	0	11
0.6	0.8	areal	1	96	0.25	0.0	0	8
0.6	0.8	areal	2	84	0.34375	0.0	0	11
0.6	0.8	areal	3	84	0.34375	0.0	0	11
0.6	0.8	areal	4	96	0.25	0.0	0	8
0.6	0.8	areal	5	80	0.375	0.0	0	12
0.6	0.8	areal	6	84	0.34375	0.0	0	11
0.6	0.8	areal	7	72	0.4375	0.0	0	14
0.6	0.8	areal	8	88	0.3125	0.0	0	10
0.6	0.8	areal	9	84	0.34375	0.0	0	11
0.6	0.8	areal	10	84	0.34375	0.0	0	11
0.6	0.8	areal	11	96	0.25	0.0	0	8
0.6	0.8	areal	12	76	0.40625	0.0	0	13
0.6	0.8	areal	13	92	0.28125	0.0	0	9
0.6	0.8	areal	14	84	0.34375	0.0	0	11
0.6	0.8	areal	15	84	0.34375	0.0	0	11
0.6	0.8	areal	16	88	0.3125	0.0	0	10
0.6	0.8	areal	17	96	0.25	0.0	0	8
0.6	0.8	areal	18	92	0.28125	0.0	0	9
0.6	0.8	areal	19	80	0.375	0.0	0	12
0.6	0.8	areal	20	84	0.34375	0.0	0	11
0.6	0.8	areal	21	84	0.34375	0.0	0	11
0.6	0.8	areal	22	76	0.40625	0.0	0	13
0.6	0.8	areal	23	76	0.40625	0.0	0	13
0.6	0.8	areal	24	72	0.4375	0.0	0	14
0.6	0.8	areal	25	88	0.3125	0.0	0	10
0.6	0.8	areal	26	72	0.4375	0.0	0	14
0.6	0.8	areal	27	68	0.46875	0.0	0	15
0.6	0.8	areal	28	72	0.4375	0.0	0	14
0.6	0.8	areal	29	76	0.40625	0.0	0	13
0.6	0.8	areal	30	80	0.375	0.0	0	12
0.6	0.8	areal	31	92	0.28125	0.0	0	9
0.6	0.8	areal	32	80	0.375	0.0	0	12
0.6	0.8	areal	33	88	0.3125	0.0	0	10
0.6	0.8	areal	34	84	0.34375	0.0	0	11
0.6	0.8	areal	35	76	0.40625	0.0	0	13
0.6	0.8	areal	36	80	0.375	0.0	0	12
0.6	0.8	areal	37	84	0.34375	0.0	0	11
0.6	0.8	areal	38	76	0.40625	0.0	0	13
0.6	0.8	areal	39	80	0.375	0.0	0	12
0.6	0.8	gift	0	80	0.375	0.0	0	12
0.6	0.8	gift	1	92	0.28125	0.0	0	9
0.6	0.8	gift	2	84	0.34375	0.0	0	11
0.6	0.8	gift	3	92	0.28125	0.0	0	9
0.6	0.8	gift	4	84	0.34375	0.0	0	11
0.6	0.8	gift	5	88	0.3125	0.0	0	10
0.6	0.8	gift	6	80	0.375	0.0	0	12
0.6	0.8	gift	7	84	0.34375	0.0	0	11
0.6	0.8	gift	8	88	0.3125	0.0	0	10
0.6	0.8	gift	9	88	0.3125	0.0	0	10
0.6	0.8	gift	10	80	0.375	0.0	0	12
0.6	0.8	gift	11	88	0.3125	0.0	0	10
0.6	0.8	gift	12	80	0.375	0.0	0	12
0.6	0.8	gift	13	92	0.28125	0.0	0	9
0.6	0.8	gift	14	76	0.40625	0.0	0	13
0.6	0.8	gift	15	88	0.3125	0.0	0	10
0.6	0.8	gift	16	88	0.3125	0.0	0	10
0.6	0.8	gift	17	80	0.375	0.0	0	12
0.6	0.8	gift	18	88	0.3125	0.0	0	10
0.6	0.8	gift	19	80	0.375	0.0	0	12
0.6	0.8	gift	20	84	0.34375	0.0	0	11
0.6	0.8	gift	21	80	0.375	0.0	0	12
0.6	0.8	gift	22	72	0.4375	0.0	0	14
0.6	0.8	gift	23	72	0.4375	0.0	0	14
0.6	0.8	gift	24	72	0.4375	0.0	0	14
0.6	0.8	gift	25	80	0.375	0.0	0	12
0.6	0.8	gift	26	76	0.40625	0.0	0	13
0.6	0.8	gift	27	68	0.46875	0.0	0	15
0.6	0.8	gift	28	72	0.4375	0.0	0	14
0.6	0.8	gift	29	68	0.46875	0.0	0	15
0.6	0.8	gift	30	72	0.4375	0.0	0	14
0.6	0.8	gift	31	68	0.46875	0.0	0	15
0.6	0.8	gift	32	80	0.375	0.0	0	12
0.6	0.8	gift	33	68	0.46875	0.0	0	15
0.6	0.8	gift	34	64	0.5	0.0	0	16
0.6	0.8	gift	35	68	0.46875	0.0	0	15
0.6	0.8	gift	36	68	0.46875	0.0	0	15
0.6	0.8	gift	37	72	0.4375	0.0	0	14
0.6	0.8	gift	38	68	0.46875	0.0	0	15
0.6	0.8	gift	39	76	0.40625	0.0	0	13
0.6	0.8	grpo	0	84	0.34375	0.0	0	11
0.6	0.8	grpo	1	96	0.25	0.0	0	8
0.6	0.8	grpo	2	84	0.34375	0.0	0	11
0.6	0.8	grpo	3	80	0.375	0.0	0	12
0.6	0.8	grpo	4	84	0.34375	0.0	0	11
0.6	0.8	grpo	5	84	0.34375	0.0	0	11
0.6	0.8	grpo	6	76	0.40625	0.0	0	13
0.6	0.8	grpo	7	84	0.34375	0.0	0	11
0.6	0.8	grpo	8	92	0.28125	0.0	0	9
0.6	0.8	grpo	9	84	0.34375	0.0	0	11
0.6	0.8	grpo	10	84	0.34375	0.0	0	11
0.6	0.8	grpo	11	84	0.34375	0.0	0	11
0.6	0.8	grpo	12	76	0.40625	0.0	0	13
0.6	0.8	grpo	13	92	0.28125	0.0	0	9
0.6	0.8	grpo	14	80	0.375	0.0	0	12
0.6	0.8	grpo	15	80	0.375	0.0	0	12
0.6	0.8	grpo	16	88	0.3125	0.0	0	10
0.6	0.8	grpo	17	96	0.25	0.0	0	8
0.6	0.8	grpo	18	92	0.28125	0.0	0	9
0.6	0.8	grpo	19	88	0.3125	0.0	0	10
0.6	0.8	grpo	20	88	0.3125	0.0	0	10
0.6	0.8	grpo	21	80	0.375	0.0	0	12
0.6	0.8	grpo	22	80	0.375	0.0	0	12
0.6	0.8	grpo	23	72	0.4375	0.0	0	14
0.6	0.8	grpo	24	76	0.40625	0.0	0	13
0.6	0.8	grpo	25	92	0.28125	0.0	0	9
0.6	0.8	grpo	26	76	0.40625	0.0	0	13
0.6	0.8	grpo	27	68	0.46875	0.0	0	15
0.6	0.8	grpo	28	76	0.40625	0.0	0	13
0.6	0.8	grpo	29	76	0.40625	0.0	0	13
0.6	0.8	grpo	30	76	0.40625	0.0	0	13
0.6	0.8	grpo	31	80	0.375	0.0	0	12
0.6	0.8	grpo	32	84	0.34375	0.0	0	11
0.6	0.8	grpo	33	84	0.34375	0.0	0	11
0.6	0.8	grpo	34	72	0.4375	0.0	0	14
0.6	0.8	grpo	35	68	0.46875	0.0	0	15
0.6	0.8	grpo	36	76	0.40625	0.0	0	13
0.6	0.8	grpo	37	80	0.375	0.0	0	12
0.6	0.8	grpo	38	84	0.34375	0.0	0	11
0.6	0.8	grpo	39	80	0.375	0.0	0	12
0.6	0.85	aero	0	84	0.34375	0.0	0	11
0.6	0.85	aero	1	84	0.34375	0.0	0	11
0.6	0.85	aero	2	76	0.40625	0.0	0	13
0.6	0.85	aero	3	84	0.34375	0.0	0	11
0.6	0.85	aero	4	80	0.375	0.0	0	12
0.6	0.85	aero	5	92	0.28125	0.0	0	9
0.6	0.85	aero	6	80	0.375	0.0	0	12
0.6	0.85	aero	7	88	0.3125	0.0	0	10
0.6	0.85	aero	8	84	0.34375	0.0	0	11
0.6	0.85	aero	9	88	0.3125	0.0	0	10
0.6	0.85	aero	10	80	0.375	0.0	0	12
0.6	0.85	aero	11	92	0.28125	0.0	0	9
0.6	0.85	aero	12	84	0.34375	0.0	0	11
0.6	0.85	aero	13	92	0.28125	0.0	0	9
0.6	0.85	aero	14	80	0.375	0.0	0	12
0.6	0.85	aero	15	76	0.40625	0.0	0	13
0.6	0.85	aero	16	92	0.28125	0.0	0	9
0.6	0.85	aero	17	92	0.28125	0.0	0	9
0.6	0.85	aero	18	88	0.3125	0.0	0	10
0.6	0.85	aero	19	88	0.3125	0.0	0	10
0.6	0.85	aero	20	88	0.3125	0.0	0	10
0.6	0.85	aero	21	76	0.40625	0.0	0	13
0.6	0.85	aero	22	84	0.34375	0.0	0	11
0.6	0.85	aero	23	76	0.40625	0.0	0	13
0.6	0.85	aero	24	76	0.40625	0.0	0	13
0.6	0.85	aero	25	84	0.34375	0.0	0	11
0.6	0.85	aero	26	72	0.4375	0.0	0	14
0.6	0.85	aero	27	68	0.46875	0.0	0	15
0.6	0.85	aero	28	76	0.40625	0.0	0	13
0.6	0.85	aero	29	72	0.4375	0.0	0	14
0.6	0.85	aero	30	76	0.40625	0.0	0	13
0.6	0.85	aero	31	76	0.40625	0.0	0	13
0.6	0.85	aero	32	80	0.375	0.0	0	12
0.6	0.85	aero	33	88	0.3125	0.0	0	10
0.6	0.85	aero	34	72	0.4375	0.0	0	14
0.6	0.85	aero	35	76	0.40625	0.0	0	13
0.6	0.85	aero	36	76	0.40625	0.0	0	13
0.6	0.85	aero	37	84	0.34375	0.0	0	11
0.6	0.85	aero	38	84	0.34375	0.0	0	11
0.6	0.85	aero	39	88	0.3125	0.0	0	10
0.6	0.85	areal	0	84	0.34375	0.0	0	11
0.6	0.85	areal	1	96	0.25	0.0	0	8
0.6	0.85	areal	2	84	0.34375	0.0	0	11
0.6	0.85	areal	3	84	0.34375	0.0	0	11
0.6	0.85	areal	4	96	0.25	0.0	0	8
0.6	0.85	areal	5	80	0.375	0.0	0	12
0.6	0.85	areal	6	84	0.34375	0.0	0	11
0.6	0.85	areal	7	72	0.4375	0.0	0	14
0.6	0.85	areal	8	88	0.3125	0.0	0	10
0.6	0.85	areal	9	84	0.34375	0.0	0	11
0.6	0.85	areal	10	84	0.34375	0.0	0	11
0.6	0.85	areal	11	96	0.25	0.0	0	8
0.6	0.85	areal	12	76	0.40625	0.0	0	13
0.6	0.85	areal	13	92	0.28125	0.0	0	9
0.6	0.85	areal	14	84	0.34375	0.0	0	11
0.6	0.85	areal	15	84	0.34375	0.0	0	11
0.6	0.85	areal	16	88	0.3125	0.0	0	10
0.6	0.85	areal	17	96	0.25	0.0	0	8
0.6	0.85	areal	18	92	0.28125	0.0	0	9
0.6	0.85	areal	19	80	0.375	0.0	0	12
0.6	0.85	areal	20	84	0.34375	0.0	0	11
0.6	0.85	areal	21	84	0.34375	0.0	0	11
0.6	0.85	areal	22	76	0.40625	0.0	0	13
0.6	0.85	areal	23	76	0.40625	0.0	0	13
0.6	0.85	areal	24	72	0.4375	0.0	0	14
0.6	0.85	areal	25	88	0.3125	0.0	0	10
0.6	0.85	areal	26	72	0.4375	0.0	0	14
0.6	0.85	areal	27	68	0.46875	0.0	0	15
0.6	0.85	areal	28	72	0.4375	0.0	0	14
0.6	0.85	areal	29	76	0.40625	0.0	0	13
0.6	0.85	areal	30	80	0.375	0.0	0	12
0.6	0.85	areal	31	92	0.28125	0.0	0	9
0.6	0.85	areal	32	80	0.375	0.0	0	12
0.6	0.85	areal	33	88	0.3125	0.0	0	10
0.6	0.85	areal	34	84	0.34375	0.0	0	11
0.6	0.85	areal	35	76	0.40625	0.0	0	13
0.6	0.85	areal	36	80	0.375	0.0	0	12
0.6	0.85	areal	37	84	0.34375	0.0	0	11
0.6	0.85	areal	38	76	0.40625	0.0	0	13
0.6	0.85	areal	39	80	0.375	0.0	0	12
0.6	0.85	gift	0	80	0.375	0.0	0	12
0.6	0.85	gift	1	92	0.28125	0.0	0	9
0.6	0.85	gift	2	84	0.34375	0.0	0	11
0.6	0.85	gift	3	92	0.28125	0.0	0	9
0.6	0.85	gift	4	84	0.34375	0.0	0	11
0.6	0.85	gift	5	88	0.3125	0.0	0	10
0.6	0.85	gift	6	80	0.375	0.0	0	12
0.6	0.85	gift	7	84	0.34375	0.0	0	11
0.6	0.85	gift	8	88	0.3125	0.0	0	10
0.6	0.85	gift	9	88	0.3125	0.0	0	10
0.6	0.85	gift	10	80	0.375	0.0	0	12
0.6	0.85	gift	11	88	0.3125	0.0	0	10
0.6	0.85	gift	12	80	0.375	0.0	0	12
0.6	0.85	gift	13	92	0.28125	0.0	0	9
0.6	0.85	gift	14	76	0.40625	0.0	0	13
0.6	0.85	gift	15	88	0.3125	0.0	0	10
0.6	0.85	gift	16	88	0.3125	0.0	0	10
0.6	0.85	gift	17	80	0.375	0.0	0	12
0.6	0.85	gift	18	88	0.3125	0.0	0	10
0.6	0.85	gift	19	80	0.375	0.0	0	12
0.6	0.85	gift	20	84	0.34375	0.0	0	11
0.6	0.85	gift	21	80	0.375	0.0	0	12
0.6	0.85	gift	22	72	0.4375	0.0	0	14
0.6	0.85	gift	23	72	0.4375	0.0	0	14
0.6	0.85	gift	24	72	0.4375	0.0	0	14
0.6	0.85	gift	25	80	0.375	0.0	0	12
0.6	0.85	gift	26	76	0.40625	0.0	0	13
0.6	0.85	gift	27	68	0.46875	0.0	0	15
0.6	0.85	gift	28	72	0.4375	0.0	0	14
0.6	0.85	gift	29	68	0.46875	0.0	0	15
0.6	0.85	gift	30	72	0.4375	0.0	0	14
0.6	0.85	gift	31	68	0.46875	0.0	0	15
0.6	0.85	gift	32	80	0.375	0.0	0	12
0.6	0.85	gift	33	68	0.46875	0.0	0	15
0.6	0.85	gift	34	64	0.5	0.0	0	16
0.6	0.85	gift	35	68	0.46875	0.0	0	15
0.6	0.85	gift	36	68	0.46875	0.0	0	15
0.6	0.85	gift	37	72	0.4375	0.0	0	14
0.6	0.85	gift	38	68	0.46875	0.0	0	15
0.6	0.85	gift	39	76	0.40625	0.0	0	13
0.6	0.85	grpo	0	84	0.34375	0.0	0	11
0.6	0.85	grpo	1	96	0.25	0.0	0	8
0.6	0.85	grpo	2	84	0.34375	0.0	0	11
0.6	0.85	grpo	3	80	0.375	0.0	0	12
0.6	0.85	grpo	4	84	0.34375	0.0	0	11
0.6	0.85	grpo	5	84	0.34375	0.0	0	11
0.6	0.85	grpo	6	76	0.40625	0.0	0	13
0.6	0.85	grpo	7	84	0.34375	0.0	0	11
0.6	0.85	grpo	8	92	0.28125	0.0	0	9
0.6	0.85	grpo	9	84	0.34375	0.0	0	11
0.6	0.85	grpo	10	84	0.34375	0.0	0	11
0.6	0.85	grpo	11	84	0.34375	0.0	0	11
0.6	0.85	grpo	12	76	0.40625	0.0	0	13
0.6	0.85	grpo	13	92	0.28125	0.0	0	9
0.6	0.85	grpo	14	80	0.375	0.0	0	12
0.6	0.85	grpo	15	80	0.375	0.0	0	12
0.6	0.85	grpo	16	88	0.3125	0.0	0	10
0.6	0.85	grpo	17	96	0.25	0.0	0	8
0.6	0.85	grpo	18	92	0.28125	0.0	0	9
0.6	0.85	grpo	19	88	0.3125	0.0	0	10
0.6	0.85	grpo	20	88	0.3125	0.0	0	10
0.6	0.85	grpo	21	80	0.375	0.0	0	12
0.6	0.85	grpo	22	80	0.375	0.0	0	12
0.6	0.85	grpo	23	72	0.4375	0.0	0	14
0.6	0.85	grpo	24	76	0.40625	0.0	0	13
0.6	0.85	grpo	25	92	0.28125	0.0	0	9
0.6	0.85	grpo	26	76	0.40625	0.0	0	13
0.6	0.85	grpo	27	68	0.46875	0.0	0	15
0.6	0.85	grpo	28	76	0.40625	0.0	0	13
0.6	0.85	grpo	29	76	0.40625	0.0	0	13
0.6	0.85	grpo	30	76	0.40625	0.0	0	13
0.6	0.85	grpo	31	80	0.375	0.0	0	12
0.6	0.85	grpo	32	84	0.34375	0.0	0	11
0.6	0.85	grpo	33	84	0.34375	0.0	0	11
0.6	0.85	grpo	34	72	0.4375	0.0	0	14
0.6	0.85	grpo	35	68	0.46875	0.0	0	15
0.6	0.85	grpo	36	76	0.40625	0.0	0	13
0.6	0.85	grpo	37	80	0.375	0.0	0	12
0.6	0.85	grpo	38	84	0.34375	0.0	0	11
0.6	0.85	grpo	39	80	0.375	0.0	0	12
0.65	0.7	aero	0	84	0.34375	0.0	0	11
0.65	0.7	aero	1	84	0.34375	0.0	0	11
0.65	0.7	aero	2	76	0.40625	0.0	0	13
0.65	0.7	aero	3	84	0.34375	0.0	0	11
0.65	0.7	aero	4	80	0.375	0.0	0	12
0.65	0.7	aero	5	92	0.28125	0.0	0	9
0.65	0.7	aero	6	80	0.375	0.0	0	12
0.65	0.7	aero	7	88	0.3125	0.0	0	10
0.65	0.7	aero	8	84	0.34375	0.0	0	11
0.65	0.7	aero	9	88	0.3125	0.0	0	10
0.65	0.7	aero	10	80	0.375	0.0	0	12
0.65	0.7	aero	11	92	0.28125	0.0	0	9
0.65	0.7	aero	12	84	0.34375	0.0	0	11
0.65	0.7	aero	13	92	0.28125	0.0	0	9
0.65	0.7	aero	14	80	0.375	0.0	0	12
0.65	0.7	aero	15	76	0.40625	0.0	0	13
0.65	0.7	aero	16	92	0.28125	0.0	0	9
0.65	0.7	aero	17	92	0.28125	0.0	0	9
0.65	0.7	aero	18	88	0.3125	0.0	0	10
0.65	0.7	aero	19	88	0.3125	0.0	0	10
0.65	0.7	aero	20	88	0.3125	0.0	0	10
0.65	0.7	aero	21	76	0.40625	0.0	0	13
0.65	0.7	aero	22	84	0.34375	0.0	0	11
0.65	0.7	aero	23	76	0.40625	0.0	0	13
0.65	0.7	aero	24	76	0.40625	0.0	0	13
0.65	0.7	aero	25	84	0.34375	0.0	0	11
0.65	0.7	aero	26	72	0.4375	0.0	0	14
0.65	0.7	aero	27	68	0.46875	0.0	0	15
0.65	0.7	aero	28	76	0.40625	0.0	0	13
0.65	0.7	aero	29	72	0.4375	0.0	0	14
0.65	0.7	aero	30	76	0.40625	0.0	0	13
0.65	0.7	aero	31	76	0.40625	0.0	0	13
0.65	0.7	aero	32	80	0.375	0.0	0	12
0.65	0.7	aero	33	88	0.3125	0.0	0	10
0.65	0.7	aero	34	72	0.4375	0.0	0	14
0.65	0.7	aero	35	76	0.40625	0.0	0	13
0.65	0.7	aero	36	76	0.40625	0.0	0	13
0.65	0.7	aero	37	84	0.34375	0.0	0	11
0.65	0.7	aero	38	84	0.34375	0.0	0	11
0.65	0.7	aero	39	88	0.3125	0.0	0	10
0.65	0.7	areal	0	84	0.34375	0.0	0	11
0.65	0.7	areal	1	96	0.25	0.0	0	8
0.65	0.7	areal	2	84	0.34375	0.0	0	11
0.65	0.7	areal	3	84	0.34375	0.0	0	11
0.65	0.7	areal	4	96	0.25	0.0	0	8
0.65	0.7	areal	5	80	0.375	0.0	0	12
0.65	0.7	areal	6	84	0.34375	0.0	0	11
0.65	0.7	areal	7	72	0.4375	0.0	0	14
0.65	0.7	areal	8	88	0.3125	0.0	0	10
0.65	0.7	areal	9	84	0.34375	0.0	0	11
0.65	0.7	areal	10	84	0.34375	0.0	0	11
0.65	0.7	areal	11	96	0.25	0.0	0	8
0.65	0.7	areal	12	76	0.40625	0.0	0	13
0.65	0.7	areal	13	92	0.28125	0.0	0	9
0.65	0.7	areal	14	84	0.34375	0.0	0	11
0.65	0.7	areal	15	84	0.34375	0.0	0	11
0.65	0.7	areal	16	88	0.3125	0.0	0	10
0.65	0.7	areal	17	96	0.25	0.0	0	8
0.65	0.7	areal	18	92	0.28125	0.0	0	9
0.65	0.7	areal	19	80	0.375	0.0	0	12
0.65	0.7	areal	20	84	0.34375	0.0	0	11
0.65	0.7	areal	21	84	0.34375	0.0	0	11
0.65	0.7	areal	22	76	0.40625	0.0	0	13
0.65	0.7	areal	23	76	0.40625	0.0	0	13
0.65	0.7	areal	24	72	0.4375	0.0	0	14
0.65	0.7	areal	25	88	0.3125	0.0	0	10
0.65	0.7	areal	26	72	0.4375	0.0	0	14
0.65	0.7	areal	27	68	0.46875	0.0	0	15
0.65	0.7	areal	28	72	0.4375	0.0	0	14
0.65	0.7	areal	29	76	0.40625	0.0	0	13
0.65	0.7	areal	30	80	0.375	0.0	0	12
0.65	0.7	areal	31	92	0.28125	0.0	0	9
0.65	0.7	areal	32	80	0.375	0.0	0	12
0.65	0.7	areal	33	88	0.3125	0.0	0	10
0.65	0.7	areal	34	84	0.34375	0.0	0	11
0.65	0.7	areal	35	76	0.40625	0.0	0	13
0.65	0.7	areal	36	80	0.375	0.0	0	12
0.65	0.7	areal	37	84	0.34375	0.0	0	11
0.65	0.7	areal	38	76	0.40625	0.0	0	13
0.65	0.7	areal	39	80	0.375	0.0	0	12
0.65	0.7	gift	0	80	0.375	0.0	0	12
0.65	0.7	gift	1	92	0.28125	0.0	0	9
0.65	0.7	gift	2	84	0.34375	0.0	0	11
0.65	0.7	gift	3	92	0.28125	0.0	0	9
0.65	0.7	gift	4	84	0.34375	0.0	0	11
0.65	0.7	gift	5	88	0.3125	0.0	0	10
0.65	0.7	gift	6	80	0.375	0.0	0	12
0.65	0.7	gift	7	84	0.34375	0.0	0	11
0.65	0.7	gift	8	88	0.3125	0.0	0	10
0.65	0.7	gift	9	88	0.3125	0.0	0	10
0.65	0.7	gift	10	80	0.375	0.0	0	12
0.65	0.7	gift	11	88	0.3125	0.0	0	10
0.65	0.7	gift	12	80	0.375	0.0	0	12
0.65	0.7	gift	13	92	0.28125	0.0	0	9
0.65	0.7	gift	14	76	0.40625	0.0	0	13
0.65	0.7	gift	15	88	0.3125	0.0	0	10
0.65	0.7	gift	16	88	0.3125	0.0	0	10
0.65	0.7	gift	17	80	0.375	0.0	0	12
0.65	0.7	gift	18	88	0.3125	0.0	0	10
0.65	0.7	gift	19	80	0.375	0.0	0	12
0.65	0.7	gift	20	84	0.34375	0.0	0	11
0.65	0.7	gift	21	80	0.375	0.0	0	12
0.65	0.7	gift	22	72	0.4375	0.0	0	14
0.65	0.7	gift	23	72	0.4375	0.0	0	14
0.65	0.7	gift	24	72	0.4375	0.0	0	14
0.65	0.7	gift	25	80	0.375	0.0	0	12
0.65	0.7	gift	26	76	0.40625	0.0	0	13
0.65	0.7	gift	27	68	0.46875	0.0	0	15
0.65	0.7	gift	28	72	0.4375	0.0	0	14
0.65	0.7	gift	29	68	0.46875	0.0	0	15
0.65	0.7	gift	30	72	0.4375	0.0	0	14
0.65	0.7	gift	31	68	0.46875	0.0	0	15
0.65	0.7	gift	32	80	0.375	0.0	0	12
0.65	0.7	gift	33	68	0.46875	0.0	0	15
0.65	0.7	gift	34	64	0.5	0.0	0	16
0.65	0.7	gift	35	68	0.46875	0.0	0	15
0.65	0.7	gift	36	68	0.46875	0.0	0	15
0.65	0.7	gift	37	72	0.4375	0.0	0	14
0.65	0.7	gift	38	68	0.46875	0.0	0	15
0.65	0.7	gift	39	76	0.40625	0.0	0	13
0.65	0.7	grpo	0	84	0.34375	0.0	0	11
0.65	0.7	grpo	1	96	0.25	0.0	0	8
0.65	0.7	grpo	2	84	0.34375	0.0	0	11
0.65	0.7	grpo	3	80	0.375	0.0	0	12
0.65	0.7	grpo	4	84	0.34375	0.0	0	11
0.65	0.7	grpo	5	84	0.34375	0.0	0	11
0.65	0.7	grpo	6	76	0.40625	0.0	0	13
0.65	0.7	grpo	7	84	0.34375	0.0	0	11
0.65	0.7	grpo	8	92	0.28125	0.0	0	9
0.65	0.7	grpo	9	84	0.34375	0.0	0	11
0.65	0.7	grpo	10	84	0.34375	0.0	0	11
0.65	0.7	grpo	11	84	0.34375	0.0	0	11
0.65	0.7	grpo	12	76	0.40625	0.0	0	13
0.65	0.7	grpo	13	92	0.28125	0.0	0	9
0.65	0.7	grpo	14	80	0.375	0.0	0	12
0.65	0.7	grpo	15	80	0.375	0.0	0	12
0.65	0.7	grpo	16	88	0.3125	0.0	0	10
0.65	0.7	grpo	17	96	0.25	0.0	0	8
0.65	0.7	grpo	18	92	0.28125	0.0	0	9
0.65	0.7	grpo	19	88	0.3125	0.0	0	10
0.65	0.7	grpo	20	88	0.3125	0.0	0	10
0.65	0.7	grpo	21	80	0.375	0.0	0	12
0.65	0.7	grpo	22	80	0.375	0.0	0	12
0.65	0.7	grpo	23	72	0.4375	0.0	0	14
0.65	0.7	grpo	24	76	0.40625	0.0	0	13
0.65	0.7	grpo	25	92	0.28125	0.0	0	9
0.65	0.7	grpo	26	76	0.40625	0.0	0	13
0.65	0.7	grpo	27	68	0.46875	0.0	0	15
0.65	0.7	grpo	28	76	0.40625	0.0	0	13
0.65	0.7	grpo	29	76	0.40625	0.0	0	13
0.65	0.7	grpo	30	76	0.40625	0.0	0	13
0.65	0.7	grpo	31	80	0.375	0.0	0	12
0.65	0.7	grpo	32	84	0.34375	0.0	0	11
0.65	0.7	grpo	33	84	0.34375	0.0	0	11
0.65	0.7	grpo	34	72	0.4375	0.0	0	14
0.65	0.7	grpo	35	68	0.46875	0.0	0	15
0.65	0.7	grpo	36	76	0.40625	0.0	0	13
0.65	0.7	grpo	37	80	0.375	0.0	0	12
0.65	0.7	grpo	38	84	0.34375	0.0	0	11
0.65	0.7	grpo	39	80	0.375	0.0	0	12
0.65	0.75	aero	0	84	0.34375	0.0	0	11
0.65	0.75	aero	1	84	0.34375	0.0	0	11
0.65	0.75	aero	2	76	0.40625	0.0	0	13
0.65	0.75	aero	3	84	0.34375	0.0	0	11
0.65	0.75	aero	4	80	0.375	0.0	0	12
0.65	0.75	aero	5	92	0.28125	0.0	0	9
0.65	0.75	aero	6	80	0.375	0.0	0	12
0.65	0.75	aero	7	88	0.3125	0.0	0	10
0.65	0.75	aero	8	84	0.34375	0.0	0	11
0.65	0.75	aero	9	88	0.3125	0.0	0	10
0.65	0.75	aero	10	80	0.375	0.0	0	12
0.65	0.75	aero	11	92	0.28125	0.0	0	9
0.65	0.75	aero	12	84	0.34375	0.0	0	11
0.65	0.75	aero	13	92	0.28125	0.0	0	9
0.65	0.75	aero	14	80	0.375	0.0	0	12
0.65	0.75	aero	15	76	0.40625	0.0	0	13
0.65	0.75	aero	16	92	0.28125	0.0	0	9
0.65	0.75	aero	17	92	0.28125	0.0	0	9
0.65	0.75	aero	18	88	0.3125	0.0	0	10
0.65	0.75	aero	19	88	0.3125	0.0	0	10
0.65	0.75	aero	20	88	0.3125	0.0	0	10
0.65	0.75	aero	21	76	0.40625	0.0	0	13
0.65	0.75	aero	22	84	0.34375	0.0	0	11
0.65	0.75	aero	23	76	0.40625	0.0	0	13
0.65	0.75	aero	24	76	0.40625	0.0	0	13
0.65	0.75	aero	25	84	0.34375	0.0	0	11
0.65	0.75	aero	26	72	0.4375	0.0	0	14
0.65	0.75	aero	27	68	0.46875	0.0	0	15
0.65	0.75	aero	28	76	0.40625	0.0	0	13
0.65	0.75	aero	29	72	0.4375	0.0	0	14
0.65	0.75	aero	30	76	0.40625	0.0	0	13
0.65	0.75	aero	31	76	0.40625	0.0	0	13
0.65	0.75	aero	32	80	0.375	0.0	0	12
0.65	0.75	aero	33	88	0.3125	0.0	0	10
0.65	0.75	aero	34	72	0.4375	0.0	0	14
0.65	0.75	aero	35	76	0.40625	0.0	0	13
0.65	0.75	aero	36	76	0.40625	0.0	0	13
0.65	0.75	aero	37	84	0.34375	0.0	0	11
0.65	0.75	aero	38	84	0.34375	0.0	0	11
0.65	0.75	aero	39	88	0.3125	0.0	0	10
0.65	0.75	areal	0	84	0.34375	0.0	0	11
0.65	0.75	areal	1	96	0.25	0.0	0	8
0.65	0.75	areal	2	84	0.34375	0.0	0	11
0.65	0.75	areal	3	84	0.34375	0.0	0	11
0.65	0.75	areal	4	96	0.25	0.0	0	8
0.65	0.75	areal	5	80	0.375	0.0	0	12
0.65	0.75	areal	6	84	0.34375	0.0	0	11
0.65	0.75	areal	7	72	0.4375	0.0	0	14
0.65	0.75	areal	8	88	0.3125	0.0	0	10
0.65	0.75	areal	9	84	0.34375	0.0	0	11
0.65	0.75	areal	10	84	0.34375	0.0	0	11
0.65	0.75	areal	11	96	0.25	0.0	0	8
0.65	0.75	areal	12	76	0.40625	0.0	0	13
0.65	0.75	areal	13	92	0.28125	0.0	0	9
0.65	0.75	areal	14	84	0.34375	0.0	0	11
0.65	0.75	areal	15	84	0.34375	0.0	0	11
0.65	0.75	areal	16	88	0.3125	0.0	0	10
0.65	0.75	areal	17	96	0.25	0.0	0	8
0.65	0.75	areal	18	92	0.28125	0.0	0	9
0.65	0.75	areal	19	80	0.375	0.0	0	12
0.65	0.75	areal	20	84	0.34375	0.0	0	11
0.65	0.75	areal	21	84	0.34375	0.0	0	11
0.65	0.75	areal	22	76	0.40625	0.0	0	13
0.65	0.75	areal	23	76	0.40625	0.0	0	13
0.65	0.75	areal	24	72	0.4375	0.0	0	14
0.65	0.75	areal	25	88	0.3125	0.0	0	10
0.65	0.75	areal	26	72	0.4375	0.0	0	14
0.65	0.75	areal	27	68	0.46875	0.0	0	15
0.65	0.75	areal	28	72	0.4375	0.0	0	14
0.65	0.75	areal	29	76	0.40625	0.0	0	13
0.65	0.75	areal	30	80	0.375	0.0	0	12
0.65	0.75	areal	31	92	0.28125	0.0	0	9
0.65	0.75	areal	32	80	0.375	0.0	0	12
0.65	0.75	areal	33	88	0.3125	0.0	0	10
0.65	0.75	areal	34	84	0.34375	0.0	0	11
0.65	0.75	areal	35	76	0.40625	0.0	0	13
0.65	0.75	areal	36	80	0.375	0.0	0	12
0.65	0.75	areal	37	84	0.34375	0.0	0	11
0.65	0.75	areal	38	76	0.40625	0.0	0	13
0.65	0.75	areal	39	80	0.375	0.0	0	12
0.65	0.75	gift	0	80	0.375	0.0	0	12
0.65	0.75	gift	1	92	0.28125	0.0	0	9
0.65	0.75	gift	2	84	0.34375	0.0	0	11
0.65	0.75	gift	3	92	0.28125	0.0	0	9
0.65	0.75	gift	4	84	0.34375	0.0	0	11
0.65	0.75	gift	5	88	0.3125	0.0	0	10
0.65	0.75	gift	6	80	0.375	0.0	0	12
0.65	0.75	gift	7	84	0.34375	0.0	0	11
0.65	0.75	gift	8	88	0.3125	0.0	0	10
0.65	0.75	gift	9	88	0.3125	0.0	0	10
0.65	0.75	gift	10	80	0.375	0.0	0	12
0.65	0.75	gift	11	88	0.3125	0.0	0	10
0.65	0.75	gift	12	80	0.375	0.0	0	12
0.65	0.75	gift	13	92	0.28125	0.0	0	9
0.65	0.75	gift	14	76	0.40625	0.0	0	13
0.65	0.75	gift	15	88	0.3125	0.0	0	10
0.65	0.75	gift	16	88	0.3125	0.0	0	10
0.65	0.75	gift	17	80	0.375	0.0	0	12
0.65	0.75	gift	18	88	0.3125	0.0	0	10
0.65	0.75	gift	19	80	0.375	0.0	0	12
0.65	0.75	gift	20	84	0.34375	0.0	0	11
0.65	0.75	gift	21	80	0.375	0.0	0	12
0.65	0.75	gift	22	72	0.4375	0.0	0	14
0.65	0.75	gift	23	72	0.4375	0.0	0	14
0.65	0.75	gift	24	72	0.4375	0.0	0	14
0.65	0.75	gift	25	80	0.375	0.0	0	12
0.65	0.75	gift	26	76	0.40625	0.0	0	13
0.65	0.75	gift	27	68	0.46875	0.0	0	15
0.65	0.75	gift	28	72	0.4375	0.0	0	14
0.65	0.75	gift	29	68	0.46875	0.0	0	15
0.65	0.75	gift	30	72	0.4375	0.0	0	14
0.65	0.75	gift	31	68	0.46875	0.0	0	15
0.65	0.75	gift	32	80	0.375	0.0	0	12
0.65	0.75	gift	33	68	0.46875	0.0	0	15
0.65	0.75	gift	34	64	0.5	0.0	0	16
0.65	0.75	gift	35	68	0.46875	0.0	0	15
0.65	0.75	gift	36	68	0.46875	0.0	0	15
0.65	0.75	gift	37	72	0.4375	0.0	0	14
0.65	0.75	gift	38	68	0.46875	0.0	0	15
0.65	0.75	gift	39	76	0.40625	0.0	0	13
0.65	0.75	grpo	0	84	0.34375	0.0	0	11
0.65	0.75	grpo	1	96	0.25	0.0	0	8
0.65	0.75	grpo	2	84	0.34375	0.0	0	11
0.65	0.75	grpo	3	80	0.375	0.0	0	12
0.65	0.75	grpo	4	84	0.34375	0.0	0	11
0.65	0.75	grpo	5	84	0.34375	0.0	0	11
0.65	0.75	grpo	6	76	0.40625	0.0	0	13
0.65	0.75	grpo	7	84	0.34375	0.0	0	11
0.65	0.75	grpo	8	92	0.28125	0.0	0	9
0.65	0.75	grpo	9	84	0.34375	0.0	0	11
0.65	0.75	grpo	10	84	0.34375	0.0	0	11
0.65	0.75	grpo	11	84	0.34375	0.0	0	11
0.65	0.75	grpo	12	76	0.40625	0.0	0	13
0.65	0.75	grpo	13	92	0.28125	0.0	0	9
0.65	0.75	grpo	14	80	0.375	0.0	0	12
0.65	0.75	grpo	15	80	0.375	0.0	0	12
0.65	0.75	grpo	16	88	0.3125	0.0	0	10
0.65	0.75	grpo	17	96	0.25	0.0	0	8
0.65	0.75	grpo	18	92	0.28125	0.0	0	9
0.65	0.75	grpo	19	88	0.3125	0.0	0	10
0.65	0.75	grpo	20	88	0.3125	0.0	0	10
0.65	0.75	grpo	21	80	0.375	0.0	0	12
0.65	0.75	grpo	22	80	0.375	0.0	0	12
0.65	0.75	grpo	23	72	0.4375	0.0	0	14
0.65	0.75	grpo	24	76	0.40625	0.0	0	13
0.65	0.75	grpo	25	92	0.28125	0.0	0	9
0.65	0.75	grpo	26	76	0.40625	0.0	0	13
0.65	0.75	grpo	27	68	0.46875	0.0	0	15
0.65	0.75	grpo	28	76	0.40625	0.0	0	13
0.65	0.75	grpo	29	76	0.40625	0.0	0	13
0.65	0.75	grpo	30	76	0.40625	0.0	0	13
0.65	0.75	grpo	31	80	0.375	0.0	0	12
0.65	0.75	grpo	32	84	0.34375	0.0	0	11
0.65	0.75	grpo	33	84	0.34375	0.0	0	11
0.65	0.75	grpo	34	72	0.4375	0.0	0	14
0.65	0.75	grpo	35	68	0.46875	0.0	0	15
0.65	0.75	grpo	36	76	0.40625	0.0	0	13
0.65	0.75	grpo	37	80	0.375	0.0	0	12
0.65	0.75	grpo	38	84	0.34375	0.0	0	11
0.65	0.75	grpo	39	80	0.375	0.0	0	12
0.65	0.8	aero	0	84	0.34375	0.0	0	11
0.65	0.8	aero	1	84	0.34375	0.0	0	11
0.65	0.8	aero	2	76	0.40625	0.0	0	13
0.65	0.8	aero	3	84	0.34375	0.0	0	11
0.65	0.8	aero	4	80	0.375	0.0	0	12
0.65	0.8	aero	5	92	0.28125	0.0	0	9
0.65	0.8	aero	6	80	0.375	0.0	0	12
0.65	0.8	aero	7	88	0.3125	0.0	0	10
0.65	0.8	aero	8	84	0.34375	0.0	0	11
0.65	0.8	aero	9	88	0.3125	0.0	0	10
0.65	0.8	aero	10	80	0.375	0.0	0	12
0.65	0.8	aero	11	92	0.28125	0.0	0	9
0.65	0.8	aero	12	84	0.34375	0.0	0	11
0.65	0.8	aero	13	92	0.28125	0.0	0	9
0.65	0.8	aero	14	80	0.375	0.0	0	12
0.65	0.8	aero	15	76	0.40625	0.0	0	13
0.65	0.8	aero	16	92	0.28125	0.0	0	9
0.65	0.8	aero	17	92	0.28125	0.0	0	9
0.65	0.8	aero	18	88	0.3125	0.0	0	10
0.65	0.8	aero	19	88	0.3125	0.0	0	10
0.65	0.8	aero	20	88	0.3125	0.0	0	10
0.65	0.8	aero	21	76	0.40625	0.0	0	13
0.65	0.8	aero	22	84	0.34375	0.0	0	11
0.65	0.8	aero	23	76	0.40625	0.0	0	13
0.65	0.8	aero	24	76	0.40625	0.0	0	13
0.65	0.8	aero	25	84	0.34375	0.0	0	11
0.65	0.8	aero	26	72	0.4375	0.0	0	14
0.65	0.8	aero	27	68	0.46875	0.0	0	15
0.65	0.8	aero	28	76	0.40625	0.0	0	13
0.65	0.8	aero	29	72	0.4375	0.0	0	14
0.65	0.8	aero	30	76	0.40625	0.0	0	13
0.65	0.8	aero	31	76	0.40625	0.0	0	13
0.65	0.8	aero	32	80	0.375	0.0	0	12
0.65	0.8	aero	33	88	0.3125	0.0	0	10
0.65	0.8	aero	34	72	0.4375	0.0	0	14
0.65	0.8	aero	35	76	0.40625	0.0	0	13
0.65	0.8	aero	36	76	0.40625	0.0	0	13
0.65	0.8	aero	37	84	0.34375	0.0	0	11
0.65	0.8	aero	38	84	0.34375	0.0	0	11
0.65	0.8	aero	39	88	0.3125	0.0	0	10
0.65	0.8	areal	0	84	0.34375	0.0	0	11
0.65	0.8	areal	1	96	0.25	0.0	0	8
0.65	0.8	areal	2	84	0.34375	0.0	0	11
0.65	0.8	areal	3	84	0.34375	0.0	0	11
0.65	0.8	areal	4	96	0.25	0.0	0	8
0.65	0.8	areal	5	80	0.375	0.0	0	12
0.65	0.8	areal	6	84	0.34375	0.0	0	11
0.65	0.8	areal	7	72	0.4375	0.0	0	14
0.65	0.8	areal	8	88	0.3125	0.0	0	10
0.65	0.8	areal	9	84	0.34375	0.0	0	11
0.65	0.8	areal	10	84	0.34375	0.0	0	11
0.65	0.8	areal	11	96	0.25	0.0	0	8
0.65	0.8	areal	12	76	0.40625	0.0	0	13
0.65	0.8	areal	13	92	0.28125	0.0	0	9
0.65	0.8	areal	14	84	0.34375	0.0	0	11
0.65	0.8	areal	15	84	0.34375	0.0	0	11
0.65	0.8	areal	16	88	0.3125	0.0	0	10
0.65	0.8	areal	17	96	0.25	0.0	0	8
0.65	0.8	areal	18	92	0.28125	0.0	0	9
0.65	0.8	areal	19	80	0.375	0.0	0	12
0.65	0.8	areal	20	84	0.34375	0.0	0	11
0.65	0.8	areal	21	84	0.34375	0.0	0	11
0.65	0.8	areal	22	76	0.40625	0.0	0	13
0.65	0.8	areal	23	76	0.40625	0.0	0	13
0.65	0.8	areal	24	72	0.4375	0.0	0	14
0.65	0.8	areal	25	88	0.3125	0.0	0	10
0.65	0.8	areal	26	72	0.4375	0.0	0	14
0.65	0.8	areal	27	68	0.46875	0.0	0	15
0.65	0.8	areal	28	72	0.4375	0.0	0	14
0.65	0.8	areal	29	76	0.40625	0.0	0	13
0.65	0.8	areal	30	80	0.375	0.0	0	12
0.65	0.8	areal	31	92	0.28125	0.0	0	9
0.65	0.8	areal	32	80	0.375	0.0	0	12
0.65	0.8	areal	33	88	0.3125	0.0	0	10
0.65	0.8	areal	34	84	0.34375	0.0	0	11
0.65	0.8	areal	35	76	0.40625	0.0	0	13
0.65	0.8	areal	36	80	0.375	0.0	0	12
0.65	0.8	areal	37	84	0.34375	0.0	0	11
0.65	0.8	areal	38	76	0.40625	0.0	0	13
0.65	0.8	areal	39	80	0.375	0.0	0	12
0.65	0.8	gift	0	80	0.375	0.0	0	12
0.65	0.8	gift	1	92	0.28125	0.0	0	9
0.65	0.8	gift	2	84	0.34375	0.0	0	11
0.65	0.8	gift	3	92	0.28125	0.0	0	9
0.65	0.8	gift	4	84	0.34375	0.0	0	11
0.65	0.8	gift	5	88	0.3125	0.0	0	10
0.65	0.8	gift	6	80	0.375	0.0	0	12
0.65	0.8	gift	7	84	0.34375	0.0	0	11
0.65	0.8	gift	8	88	0.3125	0.0	0	10
0.65	0.8	gift	9	88	0.3125	0.0	0	10
0.65	0.8	gift	10	80	0.375	0.0	0	12
0.65	0.8	gift	11	88	0.3125	0.0	0	10
0.65	0.8	gift	12	80	0.375	0.0	0	12
0.65	0.8	gift	13	92	0.28125	0.0	0	9
0.65	0.8	gift	14	76	0.40625	0.0	0	13
0.65	0.8	gift	15	88	0.3125	0.0	0	10
0.65	0.8	gift	16	88	0.3125	0.0	0	10
0.65	0.8	gift	17	80	0.375	0.0	0	12
0.65	0.8	gift	18	88	0.3125	0.0	0	10
0.65	0.8	gift	19	80	0.375	0.0	0	12
0.65	0.8	gift	20	84	0.34375	0.0	0	11
0.65	0.8	gift	21	80	0.375	0.0	0	12
0.65	0.8	gift	22	72	0.4375	0.0	0	14
0.65	0.8	gift	23	72	0.4375	0.0	0	14
0.65	0.8	gift	24	72	0.4375	0.0	0	14
0.65	0.8	gift	25	80	0.375	0.0	0	12
0.65	0.8	gift	26	76	0.40625	0.0	0	13
0.65	0.8	gift	27	68	0.46875	0.0	0	15
0.65	0.8	gift	28	72	0.4375	0.0	0	14
0.65	0.8	gift	29	68	0.46875	0.0	0	15
0.65	0.8	gift	30	72	0.4375	0.0	0	14
0.65	0.8	gift	31	68	0.46875	0.0	0	15
0.65	0.8	gift	32	80	0.375	0.0	0	12
0.65	0.8	gift	33	68	0.46875	0.0	0	15
0.65	0.8	gift	34	64	0.5	0.0	0	16
0.65	0.8	gift	35	68	0.46875	0.0	0	15
0.65	0.8	gift	36	68	0.46875	0.0	0	15
0.65	0.8	gift	37	72	0.4375	0.0	0	14
0.65	0.8	gift	38	68	0.46875	0.0	0	15
0.65	0.8	gift	39	76	0.40625	0.0	0	13
0.65	0.8	grpo	0	84	0.34375	0.0	0	11
0.65	0.8	grpo	1	96	0.25	0.0	0	8
0.65	0.8	grpo	2	84	0.34375	0.0	0	11
0.65	0.8	grpo	3	80	0.375	0.0	0	12
0.65	0.8	grpo	4	84	0.34375	0.0	0	11
0.65	0.8	grpo	5	84	0.34375	0.0	0	11
0.65	0.8	grpo	6	76	0.40625	0.0	0	13
0.65	0.8	grpo	7	84	0.34375	0.0	0	11
0.65	0.8	grpo	8	92	0.28125	0.0	0	9
0.65	0.8	grpo	9	84	0.34375	0.0	0	11
0.65	0.8	grpo	10	84	0.34375	0.0	0	11
0.65	0.8	grpo	11	84	0.34375	0.0	0	11
0.65	0.8	grpo	12	76	0.40625	0.0	0	13
0.65	0.8	grpo	13	92	0.28125	0.0	0	9
0.65	0.8	grpo	14	80	0.375	0.0	0	12
0.65	0.8	grpo	15	80	0.375	0.0	0	12
0.65	0.8	grpo	16	88	0.3125	0.0	0	10
0.65	0.8	grpo	17	96	0.25	0.0	0	8
0.65	0.8	grpo	18	92	0.28125	0.0	0	9
0.65	0.8	grpo	19	88	0.3125	0.0	0	10
0.65	0.8	grpo	20	88	0.3125	0.0	0	10
0.65	0.8	grpo	21	80	0.375	0.0	0	12
0.65	0.8	grpo	22	80	0.375	0.0	0	12
0.65	0.8	grpo	23	72	0.4375	0.0	0	14
0.65	0.8	grpo	24	76	0.40625	0.0	0	13
0.65	0.8	grpo	25	92	0.28125	0.0	0	9
0.65	0.8	grpo	26	76	0.40625	0.0	0	13
0.65	0.8	grpo	27	68	0.46875	0.0	0	15
0.65	0.8	grpo	28	76	0.40625	0.0	0	13
0.65	0.8	grpo	29	76	0.40625	0.0	0	13
0.65	0.8	grpo	30	76	0.40625	0.0	0	13
0.65	0.8	grpo	31	80	0.375	0.0	0	12
0.65	0.8	grpo	32	84	0.34375	0.0	0	11
0.65	0.8	grpo	33	84	0.34375	0.0	0	11
0.65	0.8	grpo	34	72	0.4375	0.0	0	14
0.65	0.8	grpo	35	68	0.46875	0.0	0	15
0.65	0.8	grpo	36	76	0.40625	0.0	0	13
0.65	0.8	grpo	37	80	0.375	0.0	0	12
0.65	0.8	grpo	38	84	0.34375	0.0	0	11
0.65	0.8	grpo	39	80	0.375	0.0	0	12
0.65	0.85	aero	0	84	0.34375	0.0	0	11
0.65	0.85	aero	1	84	0.34375	0.0	0	11
0.65	0.85	aero	2	76	0.40625	0.0	0	13
0.65	0.85	aero	3	84	0.34375	0.0	0	11
0.65	0.85	aero	4	80	0.375	0.0	0	12
0.65	0.85	aero	5	92	0.28125	0.0	0	9
0.65	0.85	aero	6	80	0.375	0.0	0	12
0.65	0.85	aero	7	88	0.3125	0.0	0	10
0.65	0.85	aero	8	84	0.34375	0.0	0	11
0.65	0.85	aero	9	88	0.3125	0.0	0	10
0.65	0.85	aero	10	80	0.375	0.0	0	12
0.65	0.85	aero	11	92	0.28125	0.0	0	9
0.65	0.85	aero	12	84	0.34375	0.0	0	11
0.65	0.85	aero	13	92	0.28125	0.0	0	9
0.65	0.85	aero	14	80	0.375	0.0	0	12
0.65	0.85	aero	15	76	0.40625	0.0	0	13
0.65	0.85	aero	16	92	0.28125	0.0	0	9
0.65	0.85	aero	17	92	0.28125	0.0	0	9
0.65	0.85	aero	18	88	0.3125	0.0	0	10
0.65	0.85	aero	19	88	0.3125	0.0	0	10
0.65	0.85	aero	20	88	0.3125	0.0	0	10
0.65	0.85	aero	21	76	0.40625	0.0	0	13
0.65	0.85	aero	22	84	0.34375	0.0	0	11
0.65	0.85	aero	23	76	0.40625	0.0	0	13
0.65	0.85	aero	24	76	0.40625	0.0	0	13
0.65	0.85	aero	25	84	0.34375	0.0	0	11
0.65	0.85	aero	26	72	0.4375	0.0	0	14
0.65	0.85	aero	27	68	0.46875	0.0	0	15
0.65	0.85	aero	28	76	0.40625	0.0	0	13
0.65	0.85	aero	29	72	0.4375	0.0	0	14
0.65	0.85	aero	30	76	0.40625	0.0	0	13
0.65	0.85	aero	31	76	0.40625	0.0	0	13
0.65	0.85	aero	32	80	0.375	0.0	0	12
0.65	0.85	aero	33	88	0.3125	0.0	0	10
0.65	0.85	aero	34	72	0.4375	0.0	0	14
0.65	0.85	aero	35	76	0.40625	0.0	0	13
0.65	0.85	aero	36	76	0.40625	0.0	0	13
0.65	0.85	aero	37	84	0.34375	0.0	0	11
0.65	0.85	aero	38	84	0.34375	0.0	0	11
0.65	0.85	aero	39	88	0.3125	0.0	0	10
0.65	0.85	areal	0	84	0.34375	0.0	0	11
0.65	0.85	areal	1	96	0.25	0.0	0	8
0.65	0.85	areal	2	84	0.34375	0.0	0	11
0.65	0.85	areal	3	84	0.34375	0.0	0	11
0.65	0.85	areal	4	96	0.25	0.0	0	8
0.65	0.85	areal	5	80	0.375	0.0	0	12
0.65	0.85	areal	6	84	0.34375	0.0	0	11
0.65	0.85	areal	7	72	0.4375	0.0	0	14
0.65	0.85	areal	8	88	0.3125	0.0	0	10
0.65	0.85	areal	9	84	0.34375	0.0	0	11
0.65	0.85	areal	10	84	0.34375	0.0	0	11
0.65	0.85	areal	11	96	0.25	0.0	0	8
0.65	0.85	areal	12	76	0.40625	0.0	0	13
0.65	0.85	areal	13	92	0.28125	0.0	0	9
0.65	0.85	areal	14	84	0.34375	0.0	0	11
0.65	0.85	areal	15	84	0.34375	0.0	0	11
0.65	0.85	areal	16	88	0.3125	0.0	0	10
0.65	0.85	areal	17	96	0.25	0.0	0	8
0.65	0.85	areal	18	92	0.28125	0.0	0	9
0.65	0.85	areal	19	80	0.375	0.0	0	12
0.65	0.85	areal	20	84	0.34375	0.0	0	11
0.65	0.85	areal	21	84	0.34375	0.0	0	11
0.65	0.85	areal	22	76	0.40625	0.0	0	13
0.65	0.85	areal	23	76	0.40625	0.0	0	13
0.65	0.85	areal	24	72	0.4375	0.0	0	14
0.65	0.85	areal	25	88	0.3125	0.0	0	10
0.65	0.85	areal	26	72	0.4375	0.0	0	14
0.65	0.85	areal	27	68	0.46875	0.0	0	15
0.65	0.85	areal	28	72	0.4375	0.0	0	14
0.65	0.85	areal	29	76	0.40625	0.0	0	13
0.65	0.85	areal	30	80	0.375	0.0	0	12
0.65	0.85	areal	31	92	0.28125	0.0	0	9
0.65	0.85	areal	32	80	0.375	0.0	0	12
0.65	0.85	areal	33	88	0.3125	0.0	0	10
0.65	0.85	areal	34	84	0.34375	0.0	0	11
0.65	0.85	areal	35	76	0.40625	0.0	0	13
0.65	0.85	areal	36	80	0.375	0.0	0	12
0.65	0.85	areal	37	84	0.34375	0.0	0	11
0.65	0.85	areal	38	76	0.40625	0.0	0	13
0.65	0.85	areal	39	80	0.375	0.0	0	12
0.65	0.85	gift	0	80	0.375	0.0	0	12
0.65	0.85	gift	1	92	0.28125	0.0	0	9
0.65	0.85	gift	2	84	0.34375	0.0	0	11
0.65	0.85	gift	3	92	0.28125	0.0	0	9
0.65	0.85	gift	4	84	0.34375	0.0	0	11
0.65	0.85	gift	5	88	0.3125	0.0	0	10
0.65	0.85	gift	6	80	0.375	0.0	0	12
0.65	0.85	gift	7	84	0.34375	0.0	0	11
0.65	0.85	gift	8	88	0.3125	0.0	0	10
0.65	0.85	gift	9	88	0.3125	0.0	0	10
0.65	0.85	gift	10	80	0.375	0.0	0	12
0.65	0.85	gift	11	88	0.3125	0.0	0	10
0.65	0.85	gift	12	80	0.375	0.0	0	12
0.65	0.85	gift	13	92	0.28125	0.0	0	9
0.65	0.85	gift	14	76	0.40625	0.0	0	13
0.65	0.85	gift	15	88	0.3125	0.0	0	10
0.65	0.85	gift	16	88	0.3125	0.0	0	10
0.65	0.85	gift	17	80	0.375	0.0	0	12
0.65	0.85	gift	18	88	0.3125	0.0	0	10
0.65	0.85	gift	19	80	0.375	0.0	0	12
0.65	0.85	gift	20	84	0.34375	0.0	0	11
0.65	0.85	gift	21	80	0.375	0.0	0	12
0.65	0.85	gift	22	72	0.4375	0.0	0	14
0.65	0.85	gift	23	72	0.4375	0.0	0	14
0.65	0.85	gift	24	72	0.4375	0.0	0	14
0.65	0.85	gift	25	80	0.375	0.0	0	12
0.65	0.85	gift	26	76	0.40625	0.0	0	13
0.65	0.85	gift	27	68	0.46875	0.0	0	15
0.65	0.85	gift	28	72	0.4375	0.0	0	14
0.65	0.85	gift	29	68	0.46875	0.0	0	15
0.65	0.85	gift	30	72	0.4375	0.0	0	14
0.65	0.85	gift	31	68	0.46875	0.0	0	15
0.65	0.85	gift	32	80	0.375	0.0	0	12
0.65	0.85	gift	33	68	0.46875	0.0	0	15
0.65	0.85	gift	34	64	0.5	0.0	0	16
0.65	0.85	gift	35	68	0.46875	0.0	0	15
0.65	0.85	gift	36	68	0.46875	0.0	0	15
0.65	0.85	gift	37	72	0.4375	0.0	0	14
0.65	0.85	gift	38	68	0.46875	0.0	0	15
0.65	0.85	gift	39	76	0.40625	0.0	0	13
0.65	0.85	grpo	0	84	0.34375	0.0	0	11
0.65	0.85	grpo	1	96	0.25	0.0	0	8
0.65	0.85	grpo	2	84	0.34375	0.0	0	11
0.65	0.85	grpo	3	80	0.375	0.0	0	12
0.65	0.85	grpo	4	84	0.34375	0.0	0	11
0.65	0.85	grpo	5	84	0.34375	0.0	0	11
0.65	0.85	grpo	6	76	0.40625	0.0	0	13
0.65	0.85	grpo	7	84	0.34375	0.0	0	11
0.65	0.85	grpo	8	92	0.28125	0.0	0	9
0.65	0.85	grpo	9	84	0.34375	0.0	0	11
0.65	0.85	grpo	10	84	0.34375	0.0	0	11
0.65	0.85	grpo	11	84	0.34375	0.0	0	11
0.65	0.85	grpo	12	76	0.40625	0.0	0	13
0.65	0.85	grpo	13	92	0.28125	0.0	0	9
0.65	0.85	grpo	14	80	0.375	0.0	0	12
0.65	0.85	grpo	15	80	0.375	0.0	0	12
0.65	0.85	grpo	16	88	0.3125	0.0	0	10
0.65	0.85	grpo	17	96	0.25	0.0	0	8
0.65	0.85	grpo	18	92	0.28125	0.0	0	9
0.65	0.85	grpo	19	88	0.3125	0.0	0	10
0.65	0.85	grpo	20	88	0.3125	0.0	0	10
0.65	0.85	grpo	21	80	0.375	0.0	0	12
0.65	0.85	grpo	22	80	0.375	0.0	0	12
0.65	0.85	grpo	23	72	0.4375	0.0	0	14
0.65	0.85	grpo	24	76	0.40625	0.0	0	13
0.65	0.85	grpo	25	92	0.28125	0.0	0	9
0.65	0.85	grpo	26	76	0.40625	0.0	0	13
0.65	0.85	grpo	27	68	0.46875	0.0	0	15
0.65	0.85	grpo	28	76	0.40625	0.0	0	13
0.65	0.85	grpo	29	76	0.40625	0.0	0	13
0.65	0.85	grpo	30	76	0.40625	0.0	0	13
0.65	0.85	grpo	31	80	0.375	0.0	0	12
0.65	0.85	grpo	32	84	0.34375	0.0	0	11
0.65	0.85	grpo	33	84	0.34375	0.0	0	11
0.65	0.85	grpo	34	72	0.4375	0.0	0	14
0.65	0.85	grpo	35	68	0.46875	0.0	0	15
0.65	0.85	grpo	36	76	0.40625	0.0	0	13
0.65	0.85	grpo	37	80	0.375	0.0	0	12
0.65	0.85	grpo	38	84	0.34375	0.0	0	11
0.65	0.85	grpo	39	80	0.375	0.0	0	12
0.65	0.9	aero	0	84	0.34375	0.0	0	11
0.65	0.9	aero	1	84	0.34375	0.0	0	11
0.65	0.9	aero	2	76	0.40625	0.0	0	13
0.65	0.9	aero	3	84	0.34375	0.0	0	11
0.65	0.9	aero	4	80	0.375	0.0	0	12
0.65	0.9	aero	5	92	0.28125	0.0	0	9
0.65	0.9	aero	6	80	0.375	0.0	0	12
0.65	0.9	aero	7	88	0.3125	0.0	0	10
0.65	0.9	aero	8	84	0.34375	0.0	0	11
0.65	0.9	aero	9	88	0.3125	0.0	0	10
0.65	0.9	aero	10	80	0.375	0.0	0	12
0.65	0.9	aero	11	92	0.28125	0.0	0	9
0.65	0.9	aero	12	84	0.34375	0.0	0	11
0.65	0.9	aero	13	92	0.28125	0.0	0	9
0.65	0.9	aero	14	80	0.375	0.0	0	12
0.65	0.9	aero	15	76	0.40625	0.0	0	13
0.65	0.9	aero	16	92	0.28125	0.0	0	9
0.65	0.9	aero	17	92	0.28125	0.0	0	9
0.65	0.9	aero	18	88	0.3125	0.0	0	10
0.65	0.9	aero	19	88	0.3125	0.0	0	10
0.65	0.9	aero	20	88	0.3125	0.0	0	10
0.65	0.9	aero	21	76	0.40625	0.0	0	13
0.65	0.9	aero	22	84	0.34375	0.0	0	11
0.65	0.9	aero	23	76	0.40625	0.0	0	13
0.65	0.9	aero	24	76	0.40625	0.0	0	13
0.65	0.9	aero	25	84	0.34375	0.0	0	11
0.65	0.9	aero	26	72	0.4375	0.0	0	14
0.65	0.9	aero	27	68	0.46875	0.0	0	15
0.65	0.9	aero	28	76	0.40625	0.0	0	13
0.65	0.9	aero	29	72	0.4375	0.0	0	14
0.65	0.9	aero	30	76	0.40625	0.0	0	13
0.65	0.9	aero	31	76	0.40625	0.0	0	13
0.65	0.9	aero	32	80	0.375	0.0	0	12
0.65	0.9	aero	33	88	0.3125	0.0	0	10
0.65	0.9	aero	34	72	0.4375	0.0	0	14
0.65	0.9	aero	35	76	0.40625	0.0	0	13
0.65	0.9	aero	36	76	0.40625	0.0	0	13
0.65	0.9	aero	37	84	0.34375	0.0	0	11
0.65	0.9	aero	38	84	0.34375	0.0	0	11
0.65	0.9	aero	39	88	0.3125	0.0	0	10
0.65	0.9	areal	0	84	0.34375	0.0	0	11
0.65	0.9	areal	1	96	0.25	0.0	0	8
0.65	0.9	areal	2	84	0.34375	0.0	0	11
0.65	0.9	areal	3	84	0.34375	0.0	0	11
0.65	0.9	areal	4	96	0.25	0.0	0	8
0.65	0.9	areal	5	80	0.375	0.0	0	12
0.65	0.9	areal	6	84	0.34375	0.0	0	11
0.65	0.9	areal	7	72	0.4375	0.0	0	14
0.65	0.9	areal	8	88	0.3125	0.0	0	10
0.65	0.9	areal	9	84	0.34375	0.0	0	11
0.65	0.9	areal	10	84	0.34375	0.0	0	11
0.65	0.9	areal	11	96	0.25	0.0	0	8
0.65	0.9	areal	12	76	0.40625	0.0	0	13
0.65	0.9	areal	13	92	0.28125	0.0	0	9
0.65	0.9	areal	14	84	0.34375	0.0	0	11
0.65	0.9	areal	15	84	0.34375	0.0	0	11
0.65	0.9	areal	16	88	0.3125	0.0	0	10
0.65	0.9	areal	17	96	0.25	0.0	0	8
0.65	0.9	areal	18	92	0.28125	0.0	0	9
0.65	0.9	areal	19	80	0.375	0.0	0	12
0.65	0.9	areal	20	84	0.34375	0.0	0	11
0.65	0.9	areal	21	84	0.34375	0.0	0	11
0.65	0.9	areal	22	76	0.40625	0.0	0	13
0.65	0.9	areal	23	76	0.40625	0.0	0	13
0.65	0.9	areal	24	72	0.4375	0.0	0	14
0.65	0.9	areal	25	88	0.3125	0.0	0	10
0.65	0.9	areal	26	72	0.4375	0.0	0	14
0.65	0.9	areal	27	68	0.46875	0.0	0	15
0.65	0.9	areal	28	72	0.4375	0.0	0	14
0.65	0.9	areal	29	76	0.40625	0.0	0	13
0.65	0.9	areal	30	80	0.375	0.0	0	12
0.65	0.9	areal	31	92	0.28125	0.0	0	9
0.65	0.9	areal	32	80	0.375	0.0	0	12
0.65	0.9	areal	33	88	0.3125	0.0	0	10
0.65	0.9	areal	34	84	0.34375	0.0	0	11
0.65	0.9	areal	35	76	0.40625	0.0	0	13
0.65	0.9	areal	36	80	0.375	0.0	0	12
0.65	0.9	areal	37	84	0.34375	0.0	0	11
0.65	0.9	areal	38	76	0.40625	0.0	0	13
0.65	0.9	areal	39	80	0.375	0.0	0	12
0.65	0.9	gift	0	80	0.375	0.0	0	12
0.65	0.9	gift	1	92	0.28125	0.0	0	9
0.65	0.9	gift	2	84	0.34375	0.0	0	11
0.65	0.9	gift	3	92	0.28125	0.0	0	9
0.65	0.9	gift	4	84	0.34375	0.0	0	11
0.65	0.9	gift	5	88	0.3125	0.0	0	10
0.65	0.9	gift	6	80	0.375	0.0	0	12
0.65	0.9	gift	7	84	0.34375	0.0	0	11
0.65	0.9	gift	8	88	0.3125	0.0	0	10
0.65	0.9	gift	9	88	0.3125	0.0	0	10
0.65	0.9	gift	10	80	0.375	0.0	0	12
0.65	0.9	gift	11	88	0.3125	0.0	0	10
0.65	0.9	gift	12	80	0.375	0.0	0	12
0.65	0.9	gift	13	92	0.28125	0.0	0	9
0.65	0.9	gift	14	76	0.40625	0.0	0	13
0.65	0.9	gift	15	88	0.3125	0.0	0	10
0.65	0.9	gift	16	88	0.3125	0.0	0	10
0.65	0.9	gift	17	80	0.375	0.0	0	12
0.65	0.9	gift	18	88	0.3125	0.0	0	10
0.65	0.9	gift	19	80	0.375	0.0	0	12
0.65	0.9	gift	20	84	0.34375	0.0	0	11
0.65	0.9	gift	21	80	0.375	0.0	0	12
0.65	0.9	gift	22	72	0.4375	0.0	0	14
0.65	0.9	gift	23	72	0.4375	0.0	0	14
0.65	0.9	gift	24	72	0.4375	0.0	0	14
0.65	0.9	gift	25	80	0.375	0.0	0	12
0.65	0.9	gift	26	76	0.40625	0.0	0	13
0.65	0.9	gift	27	68	0.46875	0.0	0	15
0.65	0.9	gift	28	72	0.4375	0.0	0	14
0.65	0.9	gift	29	68	0.46875	0.0	0	15
0.65	0.9	gift	30	72	0.4375	0.0	0	14
0.65	0.9	gift	31	68	0.46875	0.0	0	15
0.65	0.9	gift	32	80	0.375	0.0	0	12
0.65	0.9	gift	33	68	0.46875	0.0	0	15
0.65	0.9	gift	34	64	0.5	0.0	0	16
0.65	0.9	gift	35	68	0.46875	0.0	0	15
0.65	0.9	gift	36	68	0.46875	0.0	0	15
0.65	0.9	gift	37	72	0.4375	0.0	0	14
0.65	0.9	gift	38	68	0.46875	0.0	0	15
0.65	0.9	gift	39	76	0.40625	0.0	0	13
0.65	0.9	grpo	0	84	0.34375	0.0	0	11
0.65	0.9	grpo	1	96	0.25	0.0	0	8
0.65	0.9	grpo	2	84	0.34375	0.0	0	11
0.65	0.9	grpo	3	80	0.375	0.0	0	12
0.65	0.9	grpo	4	84	0.34375	0.0	0	11
0.65	0.9	grpo	5	84	0.34375	0.0	0	11
0.65	0.9	grpo	6	76	0.40625	0.0	0	13
0.65	0.9	grpo	7	84	0.34375	0.0	0	11
0.65	0.9	grpo	8	92	0.28125	0.0	0	9
0.65	0.9	grpo	9	84	0.34375	0.0	0	11
0.65	0.9	grpo	10	84	0.34375	0.0	0	11
0.65	0.9	grpo	11	84	0.34375	0.0	0	11
0.65	0.9	grpo	12	76	0.40625	0.0	0	13
0.65	0.9	grpo	13	92	0.28125	0.0	0	9
0.65	0.9	grpo	14	80	0.375	0.0	0	12
0.65	0.9	grpo	15	80	0.375	0.0	0	12
0.65	0.9	grpo	16	88	0.3125	0.0	0	10
0.65	0.9	grpo	17	96	0.25	0.0	0	8
0.65	0.9	grpo	18	92	0.28125	0.0	0	9
0.65	0.9	grpo	19	88	0.3125	0.0	0	10
0.65	0.9	grpo	20	88	0.3125	0.0	0	10
0.65	0.9	grpo	21	80	0.375	0.0	0	12
0.65	0.9	grpo	22	80	0.375	0.0	0	12
0.65	0.9	grpo	23	72	0.4375	0.0	0	14
0.65	0.9	grpo	24	76	0.40625	0.0	0	13
0.65	0.9	grpo	25	92	0.28125	0.0	0	9
0.65	0.9	grpo	26	76	0.40625	0.0	0	13
0.65	0.9	grpo	27	68	0.46875	0.0	0	15
0.65	0.9	grpo	28	76	0.40625	0.0	0	13
0.65	0.9	grpo	29	76	0.40625	0.0	0	13
0.65	0.9	grpo	30	76	0.40625	0.0	0	13
0.65	0.9	grpo	31	80	0.375	0.0	0	12
0.65	0.9	grpo	32	84	0.34375	0.0	0	11
0.65	0.9	grpo	33	84	0.34375	0.0	0	11
0.65	0.9	grpo	34	72	0.4375	0.0	0	14
0.65	0.9	grpo	35	68	0.46875	0.0	0	15
0.65	0.9	grpo	36	76	0.40625	0.0	0	13
0.65	0.9	grpo	37	80	0.375	0.0	0	12
0.65	0.9	grpo	38	84	0.34375	0.0	0	11
0.65	0.9	grpo	39	80	0.375	0.0	0	12
0.7	0.75	aero	0	84	0.34375	0.0	0	11
0.7	0.75	aero	1	84	0.34375	0.0	0	11
0.7	0.75	aero	2	76	0.40625	0.0	0	13
0.7	0.75	aero	3	84	0.34375	0.0	0	11
0.7	0.75	aero	4	80	0.375	0.0	0	12
0.7	0.75	aero	5	92	0.28125	0.0	0	9
0.7	0.75	aero	6	80	0.375	0.0	0	12
0.7	0.75	aero	7	88	0.3125	0.0	0	10
0.7	0.75	aero	8	84	0.34375	0.0	0	11
0.7	0.75	aero	9	88	0.3125	0.0	0	10
0.7	0.75	aero	10	80	0.375	0.0	0	12
0.7	0.75	aero	11	92	0.28125	0.0	0	9
0.7	0.75	aero	12	84	0.34375	0.0	0	11
0.7	0.75	aero	13	92	0.28125	0.0	0	9
0.7	0.75	aero	14	80	0.375	0.0	0	12
0.7	0.75	aero	15	76	0.40625	0.0	0	13
0.7	0.75	aero	16	92	0.28125	0.0	0	9
0.7	0.75	aero	17	92	0.28125	0.0	0	9
0.7	0.75	aero	18	88	0.3125	0.0	0	10
0.7	0.75	aero	19	88	0.3125	0.0	0	10
0.7	0.75	aero	20	88	0.3125	0.0	0	10
0.7	0.75	aero	21	76	0.40625	0.0	0	13
0.7	0.75	aero	22	84	0.34375	0.0	0	11
0.7	0.75	aero	23	76	0.40625	0.0	0	13
0.7	0.75	aero	24	76	0.40625	0.0	0	13
0.7	0.75	aero	25	84	0.34375	0.0	0	11
0.7	0.75	aero	26	72	0.4375	0.0	0	14
0.7	0.75	aero	27	68	0.46875	0.0	0	15
0.7	0.75	aero	28	76	0.40625	0.0	0	13
0.7	0.75	aero	29	72	0.4375	0.0	0	14
0.7	0.75	aero	30	76	0.40625	0.0	0	13
0.7	0.75	aero	31	76	0.40625	0.0	0	13
0.7	0.75	aero	32	80	0.375	0.0	0	12
0.7	0.75	aero	33	88	0.3125	0.0	0	10
0.7	0.75	aero	34	72	0.4375	0.0	0	14
0.7	0.75	aero	35	76	0.40625	0.0	0	13
0.7	0.75	aero	36	76	0.40625	0.0	0	13
0.7	0.75	aero	37	84	0.34375	0.0	0	11
0.7	0.75	aero	38	84	0.34375	0.0	0	11
0.7	0.75	aero	39	88	0.3125	0.0	0	10
0.7	0.75	areal	0	84	0.34375	0.0	0	11
0.7	0.75	areal	1	96	0.25	0.0	0	8
0.7	0.75	areal	2	84	0.34375	0.0	0	11
0.7	0.75	areal	3	84	0.34375	0.0	0	11
0.7	0.75	areal	4	96	0.25	0.0	0	8
0.7	0.75	areal	5	80	0.375	0.0	0	12
0.7	0.75	areal	6	84	0.34375	0.0	0	11
0.7	0.75	areal	7	72	0.4375	0.0	0	14
0.7	0.75	areal	8	88	0.3125	0.0	0	10
0.7	0.75	areal	9	84	0.34375	0.0	0	11
0.7	0.75	areal	10	84	0.34375	0.0	0	11
0.7	0.75	areal	11	96	0.25	0.0	0	8
0.7	0.75	areal	12	76	0.40625	0.0	0	13
0.7	0.75	areal	13	92	0.28125	0.0	0	9
0.7	0.75	areal	14	84	0.34375	0.0	0	11
0.7	0.75	areal	15	84	0.34375	0.0	0	11
0.7	0.75	areal	16	88	0.3125	0.0	0	10
0.7	0.75	areal	17	96	0.25	0.0	0	8
0.7	0.75	areal	18	92	0.28125	0.0	0	9
0.7	0.75	areal	19	80	0.375	0.0	0	12
0.7	0.75	areal	20	84	0.34375	0.0	0	11
0.7	0.75	areal	21	84	0.34375	0.0	0	11
0.7	0.75	areal	22	76	0.40625	0.0	0	13
0.7	0.75	areal	23	76	0.40625	0.0	0	13
0.7	0.75	areal	24	72	0.4375	0.0	0	14
0.7	0.75	areal	25	88	0.3125	0.0	0	10
0.7	0.75	areal	26	72	0.4375	0.0	0	14
0.7	0.75	areal	27	68	0.46875	0.0	0	15
0.7	0.75	areal	28	72	0.4375	0.0	0	14
0.7	0.75	areal	29	76	0.40625	0.0	0	13
0.7	0.75	areal	30	80	0.375	0.0	0	12
0.7	0.75	areal	31	92	0.28125	0.0	0	9
0.7	0.75	areal	32	80	0.375	0.0	0	12
0.7	0.75	areal	33	88	0.3125	0.0	0	10
0.7	0.75	areal	34	84	0.34375	0.0	0	11
0.7	0.75	areal	35	76	0.40625	0.0	0	13
0.7	0.75	areal	36	80	0.375	0.0	0	12
0.7	0.75	areal	37	84	0.34375	0.0	0	11
0.7	0.75	areal	38	76	0.40625	0.0	0	13
0.7	0.75	areal	39	80	0.375	0.0	0	12
0.7	0.75	gift	0	80	0.375	0.0	0	12
0.7	0.75	gift	1	92	0.28125	0.0	0	9
0.7	0.75	gift	2	84	0.34375	0.0	0	11
0.7	0.75	gift	3	92	0.28125	0.0	0	9
0.7	0.75	gift	4	84	0.34375	0.0	0	11
0.7	0.75	gift	5	88	0.3125	0.0	0	10
0.7	0.75	gift	6	80	0.375	0.0	0	12
0.7	0.75	gift	7	84	0.34375	0.0	0	11
0.7	0.75	gift	8	88	0.3125	0.0	0	10
0.7	0.75	gift	9	88	0.3125	0.0	0	10
0.7	0.75	gift	10	80	0.375	0.0	0	12
0.7	0.75	gift	11	88	0.3125	0.0	0	10
0.7	0.75	gift	12	80	0.375	0.0	0	12
0.7	0.75	gift	13	92	0.28125	0.0	0	9
0.7	0.75	gift	14	76	0.40625	0.0	0	13
0.7	0.75	gift	15	88	0.3125	0.0	0	10
0.7	0.75	gift	16	88	0.3125	0.0	0	10
0.7	0.75	gift	17	80	0.375	0.0	0	12
0.7	0.75	gift	18	88	0.3125	0.0	0	10
0.7	0.75	gift	19	80	0.375	0.0	0	12
0.7	0.75	gift	20	84	0.34375	0.0	0	11
0.7	0.75	gift	21	80	0.375	0.0	0	12
0.7	0.75	gift	22	72	0.4375	0.0	0	14
0.7	0.75	gift	23	72	0.4375	0.0	0	14
0.7	0.75	gift	24	72	0.4375	0.0	0	14
0.7	0.75	gift	25	80	0.375	0.0	0	12
0.7	0.75	gift	26	76	0.40625	0.0	0	13
0.7	0.75	gift	27	68	0.46875	0.0	0	15
0.7	0.75	gift	28	72	0.4375	0.0	0	14
0.7	0.75	gift	29	68	0.46875	0.0	0	15
0.7	0.75	gift	30	72	0.4375	0.0	0	14
0.7	0.75	gift	31	68	0.46875	0.0	0	15
0.7	0.75	gift	32	80	0.375	0.0	0	12
0.7	0.75	gift	33	68	0.46875	0.0	0	15
0.7	0.75	gift	34	64	0.5	0.0	0	16
0.7	0.75	gift	35	68	0.46875	0.0	0	15
0.7	0.75	gift	36	68	0.46875	0.0	0	15
0.7	0.75	gift	37	72	0.4375	0.0	0	14
0.7	0.75	gift	38	68	0.46875	0.0	0	15
0.7	0.75	gift	39	76	0.40625	0.0	0	13
0.7	0.75	grpo	0	84	0.34375	0.0	0	11
0.7	0.75	grpo	1	96	0.25	0.0	0	8
0.7	0.75	grpo	2	84	0.34375	0.0	0	11
0.7	0.75	grpo	3	80	0.375	0.0	0	12
0.7	0.75	grpo	4	84	0.34375	0.0	0	11
0.7	0.75	grpo	5	84	0.34375	0.0	0	11
0.7	0.75	grpo	6	76	0.40625	0.0	0	13
0.7	0.75	grpo	7	84	0.34375	0.0	0	11
0.7	0.75	grpo	8	92	0.28125	0.0	0	9
0.7	0.75	grpo	9	84	0.34375	0.0	0	11
0.7	0.75	grpo	10	84	0.34375	0.0	0	11
0.7	0.75	grpo	11	84	0.34375	0.0	0	11
0.7	0.75	grpo	12	76	0.40625	0.0	0	13
0.7	0.75	grpo	13	92	0.28125	0.0	0	9
0.7	0.75	grpo	14	80	0.375	0.0	0	12
0.7	0.75	grpo	15	80	0.375	0.0	0	12
0.7	0.75	grpo	16	88	0.3125	0.0	0	10
0.7	0.75	grpo	17	96	0.25	0.0	0	8
0.7	0.75	grpo	18	92	0.28125	0.0	0	9
0.7	0.75	grpo	19	88	0.3125	0.0	0	10
0.7	0.75	grpo	20	88	0.3125	0.0	0	10
0.7	0.75	grpo	21	80	0.375	0.0	0	12
0.7	0.75	grpo	22	80	0.375	0.0	0	12
0.7	0.75	grpo	23	72	0.4375	0.0	0	14
0.7	0.75	grpo	24	76	0.40625	0.0	0	13
0.7	0.75	grpo	25	92	0.28125	0.0	0	9
0.7	0.75	grpo	26	76	0.40625	0.0	0	13
0.7	0.75	grpo	27	68	0.46875	0.0	0	15
0.7	0.75	grpo	28	76	0.40625	0.0	0	13
0.7	0.75	grpo	29	76	0.40625	0.0	0	13
0.7	0.75	grpo	30	76	0.40625	0.0	0	13
0.7	0.75	grpo	31	80	0.375	0.0	0	12
0.7	0.75	grpo	32	84	0.34375	0.0	0	11
0.7	0.75	grpo	33	84	0.34375	0.0	0	11
0.7	0.75	grpo	34	72	0.4375	0.0	0	14
0.7	0.75	grpo	35	68	0.46875	0.0	0	15
0.7	0.75	grpo	36	76	0.40625	0.0	0	13
0.7	0.75	grpo	37	80	0.375	0.0	0	12
0.7	0.75	grpo	38	84	0.34375	0.0	0	11
0.7	0.75	grpo	39	80	0.375	0.0	0	12
0.7	0.8	aero	0	84	0.34375	0.0	0	11
0.7	0.8	aero	1	84	0.34375	0.0	0	11
0.7	0.8	aero	2	76	0.40625	0.0	0	13
0.7	0.8	aero	3	84	0.34375	0.0	0	11
0.7	0.8	aero	4	80	0.375	0.0	0	12
0.7	0.8	aero	5	92	0.28125	0.0	0	9
0.7	0.8	aero	6	80	0.375	0.0	0	12
0.7	0.8	aero	7	88	0.3125	0.0	0	10
0.7	0.8	aero	8	84	0.34375	0.0	0	11
0.7	0.8	aero	9	88	0.3125	0.0	0	10
0.7	0.8	aero	10	80	0.375	0.0	0	12
0.7	0.8	aero	11	92	0.28125	0.0	0	9
0.7	0.8	aero	12	84	0.34375	0.0	0	11
0.7	0.8	aero	13	92	0.28125	0.0	0	9
0.7	0.8	aero	14	80	0.375	0.0	0	12
0.7	0.8	aero	15	76	0.40625	0.0	0	13
0.7	0.8	aero	16	92	0.28125	0.0	0	9
0.7	0.8	aero	17	92	0.28125	0.0	0	9
0.7	0.8	aero	18	88	0.3125	0.0	0	10
0.7	0.8	aero	19	88	0.3125	0.0	0	10
0.7	0.8	aero	20	88	0.3125	0.0	0	10
0.7	0.8	aero	21	76	0.40625	0.0	0	13
0.7	0.8	aero	22	84	0.34375	0.0	0	11
0.7	0.8	aero	23	76	0.40625	0.0	0	13
0.7	0.8	aero	24	76	0.40625	0.0	0	13
0.7	0.8	aero	25	84	0.34375	0.0	0	11
0.7	0.8	aero	26	72	0.4375	0.0	0	14
0.7	0.8	aero	27	68	0.46875	0.0	0	15
0.7	0.8	aero	28	76	0.40625	0.0	0	13
0.7	0.8	aero	29	72	0.4375	0.0	0	14
0.7	0.8	aero	30	76	0.40625	0.0	0	13
0.7	0.8	aero	31	76	0.40625	0.0	0	13
0.7	0.8	aero	32	80	0.375	0.0	0	12
0.7	0.8	aero	33	88	0.3125	0.0	0	10
0.7	0.8	aero	34	72	0.4375	0.0	0	14
0.7	0.8	aero	35	76	0.40625	0.0	0	13
0.7	0.8	aero	36	76	0.40625	0.0	0	13
0.7	0.8	aero	37	84	0.34375	0.0	0	11
0.7	0.8	aero	38	84	0.34375	0.0	0	11
0.7	0.8	aero	39	88	0.3125	0.0	0	10
0.7	0.8	areal	0	84	0.34375	0.0	0	11
0.7	0.8	areal	1	96	0.25	0.0	0	8
0.7	0.8	areal	2	84	0.34375	0.0	0	11
0.7	0.8	areal	3	84	0.34375	0.0	0	11
0.7	0.8	areal	4	96	0.25	0.0	0	8
0.7	0.8	areal	5	80	0.375	0.0	0	12
0.7	0.8	areal	6	84	0.34375	0.0	0	11
0.7	0.8	areal	7	72	0.4375	0.0	0	14
0.7	0.8	areal	8	88	0.3125	0.0	0	10
0.7	0.8	areal	9	84	0.34375	0.0	0	11
0.7	0.8	areal	10	84	0.34375	0.0	0	11
0.7	0.8	areal	11	96	0.25	0.0	0	8
0.7	0.8	areal	12	76	0.40625	0.0	0	13
0.7	0.8	areal	13	92	0.28125	0.0	0	9
0.7	0.8	areal	14	84	0.34375	0.0	0	11
0.7	0.8	areal	15	84	0.34375	0.0	0	11
0.7	0.8	areal	16	88	0.3125	0.0	0	10
0.7	0.8	areal	17	96	0.25	0.0	0	8
0.7	0.8	areal	18	92	0.28125	0.0	0	9
0.7	0.8	areal	19	80	0.375	0.0	0	12
0.7	0.8	areal	20	84	0.34375	0.0	0	11
0.7	0.8	areal	21	84	0.34375	0.0	0	11
0.7	0.8	areal	22	76	0.40625	0.0	0	13
0.7	0.8	areal	23	76	0.40625	0.0	0	13
0.7	0.8	areal	24	72	0.4375	0.0	0	14
0.7	0.8	areal	25	88	0.3125	0.0	0	10
0.7	0.8	areal	26	72	0.4375	0.0	0	14
0.7	0.8	areal	27	68	0.46875	0.0	0	15
0.7	0.8	areal	28	72	0.4375	0.0	0	14
0.7	0.8	areal	29	76	0.40625	0.0	0	13
0.7	0.8	areal	30	80	0.375	0.0	0	12
0.7	0.8	areal	31	92	0.28125	0.0	0	9
0.7	0.8	areal	32	80	0.375	0.0	0	12
0.7	0.8	areal	33	88	0.3125	0.0	0	10
0.7	0.8	areal	34	84	0.34375	0.0	0	11
0.7	0.8	areal	35	76	0.40625	0.0	0	13
0.7	0.8	areal	36	80	0.375	0.0	0	12
0.7	0.8	areal	37	84	0.34375	0.0	0	11
0.7	0.8	areal	38	76	0.40625	0.0	0	13
0.7	0.8	areal	39	80	0.375	0.0	0	12
0.7	0.8	gift	0	80	0.375	0.0	0	12
0.7	0.8	gift	1	92	0.28125	0.0	0	9
0.7	0.8	gift	2	84	0.34375	0.0	0	11
0.7	0.8	gift	3	92	0.28125	0.0	0	9
0.7	0.8	gift	4	84	0.34375	0.0	0	11
0.7	0.8	gift	5	88	0.3125	0.0	0	10
0.7	0.8	gift	6	80	0.375	0.0	0	12
0.7	0.8	gift	7	84	0.34375	0.0	0	11
0.7	0.8	gift	8	88	0.3125	0.0	0	10
0.7	0.8	gift	9	88	0.3125	0.0	0	10
0.7	0.8	gift	10	80	0.375	0.0	0	12
0.7	0.8	gift	11	88	0.3125	0.0	0	10
0.7	0.8	gift	12	80	0.375	0.0	0	12
0.7	0.8	gift	13	92	0.28125	0.0	0	9
0.7	0.8	gift	14	76	0.40625	0.0	0	13
0.7	0.8	gift	15	88	0.3125	0.0	0	10
0.7	0.8	gift	16	88	0.3125	0.0	0	10
0.7	0.8	gift	17	80	0.375	0.0	0	12
0.7	0.8	gift	18	88	0.3125	0.0	0	10
0.7	0.8	gift	19	80	0.375	0.0	0	12
0.7	0.8	gift	20	84	0.34375	0.0	0	11
0.7	0.8	gift	21	80	0.375	0.0	0	12
0.7	0.8	gift	22	72	0.4375	0.0	0	14
0.7	0.8	gift	23	72	0.4375	0.0	0	14
0.7	0.8	gift	24	72	0.4375	0.0	0	14
0.7	0.8	gift	25	80	0.375	0.0	0	12
0.7	0.8	gift	26	76	0.40625	0.0	0	13
0.7	0.8	gift	27	68	0.46875	0.0	0	15
0.7	0.8	gift	28	72	0.4375	0.0	0	14
0.7	0.8	gift	29	68	0.46875	0.0	0	15
0.7	0.8	gift	30	72	0.4375	0.0	0	14
0.7	0.8	gift	31	68	0.46875	0.0	0	15
0.7	0.8	gift	32	80	0.375	0.0	0	12
0.7	0.8	gift	33	68	0.46875	0.0	0	15
0.7	0.8	gift	34	64	0.5	0.0	0	16
0.7	0.8	gift	35	68	0.46875	0.0	0	15
0.7	0.8	gift	36	68	0.46875	0.0	0	15
0.7	0.8	gift	37	72	0.4375	0.0	0	14
0.7	0.8	gift	38	68	0.46875	0.0	0	15
0.7	0.8	gift	39	76	0.40625	0.0	0	13
0.7	0.8	grpo	0	84	0.34375	0.0	0	11
0.7	0.8	grpo	1	96	0.25	0.0	0	8
0.7	0.8	grpo	2	84	0.34375	0.0	0	11
0.7	0.8	grpo	3	80	0.375	0.0	0	12
0.7	0.8	grpo	4	84	0.34375	0.0	0	11
0.7	0.8	grpo	5	84	0.34375	0.0	0	11
0.7	0.8	grpo	6	76	0.40625	0.0	0	13
0.7	0.8	grpo	7	84	0.34375	0.0	0	11
0.7	0.8	grpo	8	92	0.28125	0.0	0	9
0.7	0.8	grpo	9	84	0.34375	0.0	0	11
0.7	0.8	grpo	10	84	0.34375	0.0	0	11
0.7	0.8	grpo	11	84	0.34375	0.0	0	11
0.7	0.8	grpo	12	76	0.40625	0.0	0	13
0.7	0.8	grpo	13	92	0.28125	0.0	0	9
0.7	0.8	grpo	14	80	0.375	0.0	0	12
0.7	0.8	grpo	15	80	0.375	0.0	0	12
0.7	0.8	grpo	16	88	0.3125	0.0	0	10
0.7	0.8	grpo	17	96	0.25	0.0	0	8
0.7	0.8	grpo	18	92	0.28125	0.0	0	9
0.7	0.8	grpo	19	88	0.3125	0.0	0	10
0.7	0.8	grpo	20	88	0.3125	0.0	0	10
0.7	0.8	grpo	21	80	0.375	0.0	0	12
0.7	0.8	grpo	22	80	0.375	0.0	0	12
0.7	0.8	grpo	23	72	0.4375	0.0	0	14
0.7	0.8	grpo	24	76	0.40625	0.0	0	13
0.7	0.8	grpo	25	92	0.28125	0.0	0	9
0.7	0.8	grpo	26	76	0.40625	0.0	0	13
0.7	0.8	grpo	27	68	0.46875	0.0	0	15
0.7	0.8	grpo	28	76	0.40625	0.0	0	13
0.7	0.8	grpo	29	76	0.40625	0.0	0	13
0.7	0.8	grpo	30	76	0.40625	0.0	0	13
0.7	0.8	grpo	31	80	0.375	0.0	0	12
0.7	0.8	grpo	32	84	0.34375	0.0	0	11
0.7	0.8	grpo	33	84	0.34375	0.0	0	11
0.7	0.8	grpo	34	72	0.4375	0.0	0	14
0.7	0.8	grpo	35	68	0.46875	0.0	0	15
0.7	0.8	grpo	36	76	0.40625	0.0	0	13
0.7	0.8	grpo	37	80	0.375	0.0	0	12
0.7	0.8	grpo	38	84	0.34375	0.0	0	11
0.7	0.8	grpo	39	80	0.375	0.0	0	12
0.7	0.85	aero	0	84	0.34375	0.0	0	11
0.7	0.85	aero	1	84	0.34375	0.0	0	11
0.7	0.85	aero	2	76	0.40625	0.0	0	13
0.7	0.85	aero	3	84	0.34375	0.0	0	11
0.7	0.85	aero	4	80	0.375	0.0	0	12
0.7	0.85	aero	5	92	0.28125	0.0	0	9
0.7	0.85	aero	6	80	0.375	0.0	0	12
0.7	0.85	aero	7	88	0.3125	0.0	0	10
0.7	0.85	aero	8	84	0.34375	0.0	0	11
0.7	0.85	aero	9	88	0.3125	0.0	0	10
0.7	0.85	aero	10	80	0.375	0.0	0	12
0.7	0.85	aero	11	92	0.28125	0.0	0	9
0.7	0.85	aero	12	84	0.34375	0.0	0	11
0.7	0.85	aero	13	92	0.28125	0.0	0	9
0.7	0.85	aero	14	80	0.375	0.0	0	12
0.7	0.85	aero	15	76	0.40625	0.0	0	13
0.7	0.85	aero	16	92	0.28125	0.0	0	9
0.7	0.85	aero	17	92	0.28125	0.0	0	9
0.7	0.85	aero	18	88	0.3125	0.0	0	10
0.7	0.85	aero	19	88	0.3125	0.0	0	10
0.7	0.85	aero	20	88	0.3125	0.0	0	10
0.7	0.85	aero	21	76	0.40625	0.0	0	13
0.7	0.85	aero	22	84	0.34375	0.0	0	11
0.7	0.85	aero	23	76	0.40625	0.0	0	13
0.7	0.85	aero	24	76	0.40625	0.0	0	13
0.7	0.85	aero	25	84	0.34375	0.0	0	11
0.7	0.85	aero	26	72	0.4375	0.0	0	14
0.7	0.85	aero	27	68	0.46875	0.0	0	15
0.7	0.85	aero	28	76	0.40625	0.0	0	13
0.7	0.85	aero	29	72	0.4375	0.0	0	14
0.7	0.85	aero	30	76	0.40625	0.0	0	13
0.7	0.85	aero	31	76	0.40625	0.0	0	13
0.7	0.85	aero	32	80	0.375	0.0	0	12
0.7	0.85	aero	33	88	0.3125	0.0	0	10
0.7	0.85	aero	34	72	0.4375	0.0	0	14
0.7	0.85	aero	35	76	0.40625	0.0	0	13
0.7	0.85	aero	36	76	0.40625	0.0	0	13
0.7	0.85	aero	37	84	0.34375	0.0	0	11
0.7	0.85	aero	38	84	0.34375	0.0	0	11
0.7	0.85	aero	39	88	0.3125	0.0	0	10
0.7	0.85	areal	0	84	0.34375	0.0	0	11
0.7	0.85	areal	1	96	0.25	0.0	0	8
0.7	0.85	areal	2	84	0.34375	0.0	0	11
0.7	0.85	areal	3	84	0.34375	0.0	0	11
0.7	0.85	areal	4	96	0.25	0.0	0	8
0.7	0.85	areal	5	80	0.375	0.0	0	12
0.7	0.85	areal	6	84	0.34375	0.0	0	11
0.7	0.85	areal	7	72	0.4375	0.0	0	14
0.7	0.85	areal	8	88	0.3125	0.0	0	10
0.7	0.85	areal	9	84	0.34375	0.0	0	11
0.7	0.85	areal	10	84	0.34375	0.0	0	11
0.7	0.85	areal	11	96	0.25	0.0	0	8
0.7	0.85	areal	12	76	0.40625	0.0	0	13
0.7	0.85	areal	13	92	0.28125	0.0	0	9
0.7	0.85	areal	14	84	0.34375	0.0	0	11
0.7	0.85	areal	15	84	0.34375	0.0	0	11
0.7	0.85	areal	16	88	0.3125	0.0	0	10
0.7	0.85	areal	17	96	0.25	0.0	0	8
0.7	0.85	areal	18	92	0.28125	0.0	0	9
0.7	0.85	areal	19	80	0.375	0.0	0	12
0.7	0.85	areal	20	84	0.34375	0.0	0	11
0.7	0.85	areal	21	84	0.34375	0.0	0	11
0.7	0.85	areal	22	76	0.40625	0.0	0	13
0.7	0.85	areal	23	76	0.40625	0.0	0	13
0.7	0.85	areal	24	72	0.4375	0.0	0	14
0.7	0.85	areal	25	88	0.3125	0.0	0	10
0.7	0.85	areal	26	72	0.4375	0.0	0	14
0.7	0.85	areal	27	68	0.46875	0.0	0	15
0.7	0.85	areal	28	72	0.4375	0.0	0	14
0.7	0.85	areal	29	76	0.40625	0.0	0	13
0.7	0.85	areal	30	80	0.375	0.0	0	12
0.7	0.85	areal	31	92	0.28125	0.0	0	9
0.7	0.85	areal	32	80	0.375	0.0	0	12
0.7	0.85	areal	33	88	0.3125	0.0	0	10
0.7	0.85	areal	34	84	0.34375	0.0	0	11
0.7	0.85	areal	35	76	0.40625	0.0	0	13
0.7	0.85	areal	36	80	0.375	0.0	0	12
0.7	0.85	areal	37	84	0.34375	0.0	0	11
0.7	0.85	areal	38	76	0.40625	0.0	0	13
0.7	0.85	areal	39	80	0.375	0.0	0	12
0.7	0.85	gift	0	80	0.375	0.0	0	12
0.7	0.85	gift	1	92	0.28125	0.0	0	9
0.7	0.85	gift	2	84	0.34375	0.0	0	11
0.7	0.85	gift	3	92	0.28125	0.0	0	9
0.7	0.85	gift	4	84	0.34375	0.0	0	11
0.7	0.85	gift	5	88	0.3125	0.0	0	10
0.7	0.85	gift	6	80	0.375	0.0	0	12
0.7	0.85	gift	7	84	0.34375	0.0	0	11
0.7	0.85	gift	8	88	0.3125	0.0	0	10
0.7	0.85	gift	9	88	0.3125	0.0	0	10
0.7	0.85	gift	10	80	0.375	0.0	0	12
0.7	0.85	gift	11	88	0.3125	0.0	0	10
0.7	0.85	gift	12	80	0.375	0.0	0	12
0.7	0.85	gift	13	92	0.28125	0.0	0	9
0.7	0.85	gift	14	76	0.40625	0.0	0	13
0.7	0.85	gift	15	88	0.3125	0.0	0	10
0.7	0.85	gift	16	88	0.3125	0.0	0	10
0.7	0.85	gift	17	80	0.375	0.0	0	12
0.7	0.85	gift	18	88	0.3125	0.0	0	10
0.7	0.85	gift	19	80	0.375	0.0	0	12
0.7	0.85	gift	20	84	0.34375	0.0	0	11
0.7	0.85	gift	21	80	0.375	0.0	0	12
0.7	0.85	gift	22	72	0.4375	0.0	0	14
0.7	0.85	gift	23	72	0.4375	0.0	0	14
0.7	0.85	gift	24	72	0.4375	0.0	0	14
0.7	0.85	gift	25	80	0.375	0.0	0	12
0.7	0.85	gift	26	76	0.40625	0.0	0	13
0.7	0.85	gift	27	68	0.46875	0.0	0	15
0.7	0.85	gift	28	72	0.4375	0.0	0	14
0.7	0.85	gift	29	68	0.46875	0.0	0	15
0.7	0.85	gift	30	72	0.4375	0.0	0	14
0.7	0.85	gift	31	68	0.46875	0.0	0	15
0.7	0.85	gift	32	80	0.375	0.0	0	12
0.7	0.85	gift	33	68	0.46875	0.0	0	15
0.7	0.85	gift	34	64	0.5	0.0	0	16
0.7	0.85	gift	35	68	0.46875	0.0	0	15
0.7	0.85	gift	36	68	0.46875	0.0	0	15
0.7	0.85	gift	37	72	0.4375	0.0	0	14
0.7	0.85	gift	38	68	0.46875	0.0	0	15
0.7	0.85	gift	39	76	0.40625	0.0	0	13
0.7	0.85	grpo	0	84	0.34375	0.0	0	11
0.7	0.85	grpo	1	96	0.25	0.0	0	8
0.7	0.85	grpo	2	84	0.34375	0.0	0	11
0.7	0.85	grpo	3	80	0.375	0.0	0	12
0.7	0.85	grpo	4	84	0.34375	0.0	0	11
0.7	0.85	grpo	5	84	0.34375	0.0	0	11
0.7	0.85	grpo	6	76	0.40625	0.0	0	13
0.7	0.85	grpo	7	84	0.34375	0.0	0	11
0.7	0.85	grpo	8	92	0.28125	0.0	0	9
0.7	0.85	grpo	9	84	0.34375	0.0	0	11
0.7	0.85	grpo	10	84	0.34375	0.0	0	11
0.7	0.85	grpo	11	84	0.34375	0.0	0	11
0.7	0.85	grpo	12	76	0.40625	0.0	0	13
0.7	0.85	grpo	13	92	0.28125	0.0	0	9
0.7	0.85	grpo	14	80	0.375	0.0	0	12
0.7	0.85	grpo	15	80	0.375	0.0	0	12
0.7	0.85	grpo	16	88	0.3125	0.0	0	10
0.7	0.85	grpo	17	96	0.25	0.0	0	8
0.7	0.85	grpo	18	92	0.28125	0.0	0	9
0.7	0.85	grpo	19	88	0.3125	0.0	0	10
0.7	0.85	grpo	20	88	0.3125	0.0	0	10
0.7	0.85	grpo	21	80	0.375	0.0	0	12
0.7	0.85	grpo	22	80	0.375	0.0	0	12
0.7	0.85	grpo	23	72	0.4375	0.0	0	14
0.7	0.85	grpo	24	76	0.40625	0.0	0	13
0.7	0.85	grpo	25	92	0.28125	0.0	0	9
0.7	0.85	grpo	26	76	0.40625	0.0	0	13
0.7	0.85	grpo	27	68	0.46875	0.0	0	15
0.7	0.85	grpo	28	76	0.40625	0.0	0	13
0.7	0.85	grpo	29	76	0.40625	0.0	0	13
0.7	0.85	grpo	30	76	0.40625	0.0	0	13
0.7	0.85	grpo	31	80	0.375	0.0	0	12
0.7	0.85	grpo	32	84	0.34375	0.0	0	11
0.7	0.85	grpo	33	84	0.34375	0.0	0	11
0.7	0.85	grpo	34	72	0.4375	0.0	0	14
0.7	0.85	grpo	35	68	0.46875	0.0	0	15
0.7	0.85	grpo	36	76	0.40625	0.0	0	13
0.7	0.85	grpo	37	80	0.375	0.0	0	12
0.7	0.85	grpo	38	84	0.34375	0.0	0	11
0.7	0.85	grpo	39	80	0.375	0.0	0	12
0.7	0.9	aero	0	84	0.34375	0.0	0	11
0.7	0.9	aero	1	84	0.34375	0.0	0	11
0.7	0.9	aero	2	76	0.40625	0.0	0	13
0.7	0.9	aero	3	84	0.34375	0.0	0	11
0.7	0.9	aero	4	80	0.375	0.0	0	12
0.7	0.9	aero	5	92	0.28125	0.0	0	9
0.7	0.9	aero	6	80	0.375	0.0	0	12
0.7	0.9	aero	7	88	0.3125	0.0	0	10
0.7	0.9	aero	8	84	0.34375	0.0	0	11
0.7	0.9	aero	9	88	0.3125	0.0	0	10
0.7	0.9	aero	10	80	0.375	0.0	0	12
0.7	0.9	aero	11	92	0.28125	0.0	0	9
0.7	0.9	aero	12	84	0.34375	0.0	0	11
0.7	0.9	aero	13	92	0.28125	0.0	0	9
0.7	0.9	aero	14	80	0.375	0.0	0	12
0.7	0.9	aero	15	76	0.40625	0.0	0	13
0.7	0.9	aero	16	92	0.28125	0.0	0	9
0.7	0.9	aero	17	92	0.28125	0.0	0	9
0.7	0.9	aero	18	88	0.3125	0.0	0	10
0.7	0.9	aero	19	88	0.3125	0.0	0	10
0.7	0.9	aero	20	88	0.3125	0.0	0	10
0.7	0.9	aero	21	76	0.40625	0.0	0	13
0.7	0.9	aero	22	84	0.34375	0.0	0	11
0.7	0.9	aero	23	76	0.40625	0.0	0	13
0.7	0.9	aero	24	76	0.40625	0.0	0	13
0.7	0.9	aero	25	84	0.34375	0.0	0	11
0.7	0.9	aero	26	72	0.4375	0.0	0	14
0.7	0.9	aero	27	68	0.46875	0.0	0	15
0.7	0.9	aero	28	76	0.40625	0.0	0	13
0.7	0.9	aero	29	72	0.4375	0.0	0	14
0.7	0.9	aero	30	76	0.40625	0.0	0	13
0.7	0.9	aero	31	76	0.40625	0.0	0	13
0.7	0.9	aero	32	80	0.375	0.0	0	12
0.7	0.9	aero	33	88	0.3125	0.0	0	10
0.7	0.9	aero	34	72	0.4375	0.0	0	14
0.7	0.9	aero	35	76	0.40625	0.0	0	13
0.7	0.9	aero	36	76	0.40625	0.0	0	13
0.7	0.9	aero	37	84	0.34375	0.0	0	11
0.7	0.9	aero	38	84	0.34375	0.0	0	11
0.7	0.9	aero	39	88	0.3125	0.0	0	10
0.7	0.9	areal	0	84	0.34375	0.0	0	11
0.7	0.9	areal	1	96	0.25	0.0	0	8
0.7	0.9	areal	2	84	0.34375	0.0	0	11
0.7	0.9	areal	3	84	0.34375	0.0	0	11
0.7	0.9	areal	4	96	0.25	0.0	0	8
0.7	0.9	areal	5	80	0.375	0.0	0	12
0.7	0.9	areal	6	84	0.34375	0.0	0	11
0.7	0.9	areal	7	72	0.4375	0.0	0	14
0.7	0.9	areal	8	88	0.3125	0.0	0	10
0.7	0.9	areal	9	84	0.34375	0.0	0	11
0.7	0.9	areal	10	84	0.34375	0.0	0	11
0.7	0.9	areal	11	96	0.25	0.0	0	8
0.7	0.9	areal	12	76	0.40625	0.0	0	13
0.7	0.9	areal	13	92	0.28125	0.0	0	9
0.7	0.9	areal	14	84	0.34375	0.0	0	11
0.7	0.9	areal	15	84	0.34375	0.0	0	11
0.7	0.9	areal	16	88	0.3125	0.0	0	10
0.7	0.9	areal	17	96	0.25	0.0	0	8
0.7	0.9	areal	18	92	0.28125	0.0	0	9
0.7	0.9	areal	19	80	0.375	0.0	0	12
0.7	0.9	areal	20	84	0.34375	0.0	0	11
0.7	0.9	areal	21	84	0.34375	0.0	0	11
0.7	0.9	areal	22	76	0.40625	0.0	0	13
0.7	0.9	areal	23	76	0.40625	0.0	0	13
0.7	0.9	areal	24	72	0.4375	0.0	0	14
0.7	0.9	areal	25	88	0.3125	0.0	0	10
0.7	0.9	areal	26	72	0.4375	0.0	0	14
0.7	0.9	areal	27	68	0.46875	0.0	0	15
0.7	0.9	areal	28	72	0.4375	0.0	0	14
0.7	0.9	areal	29	76	0.40625	0.0	0	13
0.7	0.9	areal	30	80	0.375	0.0	0	12
0.7	0.9	areal	31	92	0.28125	0.0	0	9
0.7	0.9	areal	32	80	0.375	0.0	0	12
0.7	0.9	areal	33	88	0.3125	0.0	0	10
0.7	0.9	areal	34	84	0.34375	0.0	0	11
0.7	0.9	areal	35	76	0.40625	0.0	0	13
0.7	0.9	areal	36	80	0.375	0.0	0	12
0.7	0.9	areal	37	84	0.34375	0.0	0	11
0.7	0.9	areal	38	76	0.40625	0.0	0	13
0.7	0.9	areal	39	80	0.375	0.0	0	12
0.7	0.9	gift	0	80	0.375	0.0	0	12
0.7	0.9	gift	1	92	0.28125	0.0	0	9
0.7	0.9	gift	2	84	0.34375	0.0	0	11
0.7	0.9	gift	3	92	0.28125	0.0	0	9
0.7	0.9	gift	4	84	0.34375	0.0	0	11
0.7	0.9	gift	5	88	0.3125	0.0	0	10
0.7	0.9	gift	6	80	0.375	0.0	0	12
0.7	0.9	gift	7	84	0.34375	0.0	0	11
0.7	0.9	gift	8	88	0.3125	0.0	0	10
0.7	0.9	gift	9	88	0.3125	0.0	0	10
0.7	0.9	gift	10	80	0.375	0.0	0	12
0.7	0.9	gift	11	88	0.3125	0.0	0	10
0.7	0.9	gift	12	80	0.375	0.0	0	12
0.7	0.9	gift	13	92	0.28125	0.0	0	9
0.7	0.9	gift	14	76	0.40625	0.0	0	13
0.7	0.9	gift	15	88	0.3125	0.0	0	10
0.7	0.9	gift	16	88	0.3125	0.0	0	10
0.7	0.9	gift	17	80	0.375	0.0	0	12
0.7	0.9	gift	18	88	0.3125	0.0	0	10
0.7	0.9	gift	19	80	0.375	0.0	0	12
0.7	0.9	gift	20	84	0.34375	0.0	0	11
0.7	0.9	gift	21	80	0.375	0.0	0	12
0.7	0.9	gift	22	72	0.4375	0.0	0	14
0.7	0.9	gift	23	72	0.4375	0.0	0	14
0.7	0.9	gift	24	72	0.4375	0.0	0	14
0.7	0.9	gift	25	80	0.375	0.0	0	12
0.7	0.9	gift	26	76	0.40625	0.0	0	13
0.7	0.9	gift	27	68	0.46875	0.0	0	15
0.7	0.9	gift	28	72	0.4375	0.0	0	14
0.7	0.9	gift	29	68	0.46875	0.0	0	15
0.7	0.9	gift	30	72	0.4375	0.0	0	14
0.7	0.9	gift	31	68	0.46875	0.0	0	15
0.7	0.9	gift	32	80	0.375	0.0	0	12
0.7	0.9	gift	33	68	0.46875	0.0	0	15
0.7	0.9	gift	34	64	0.5	0.0	0	16
0.7	0.9	gift	35	68	0.46875	0.0	0	15
0.7	0.9	gift	36	68	0.46875	0.0	0	15
0.7	0.9	gift	37	72	0.4375	0.0	0	14
0.7	0.9	gift	38	68	0.46875	0.0	0	15
0.7	0.9	gift	39	76	0.40625	0.0	0	13
0.7	0.9	grpo	0	84	0.34375	0.0	0	11
0.7	0.9	grpo	1	96	0.25	0.0	0	8
0.7	0.9	grpo	2	84	0.34375	0.0	0	11
0.7	0.9	grpo	3	80	0.375	0.0	0	12
0.7	0.9	grpo	4	84	0.34375	0.0	0	11
0.7	0.9	grpo	5	84	0.34375	0.0	0	11
0.7	0.9	grpo	6	76	0.40625	0.0	0	13
0.7	0.9	grpo	7	84	0.34375	0.0	0	11
0.7	0.9	grpo	8	92	0.28125	0.0	0	9
0.7	0.9	grpo	9	84	0.34375	0.0	0	11
0.7	0.9	grpo	10	84	0.34375	0.0	0	11
0.7	0.9	grpo	11	84	0.34375	0.0	0	11
0.7	0.9	grpo	12	76	0.40625	0.0	0	13
0.7	0.9	grpo	13	92	0.28125	0.0	0	9
0.7	0.9	grpo	14	80	0.375	0.0	0	12
0.7	0.9	grpo	15	80	0.375	0.0	0	12
0.7	0.9	grpo	16	88	0.3125	0.0	0	10
0.7	0.9	grpo	17	96	0.25	0.0	0	8
0.7	0.9	grpo	18	92	0.28125	0.0	0	9
0.7	0.9	grpo	19	88	0.3125	0.0	0	10
0.7	0.9	grpo	20	88	0.3125	0.0	0	10
0.7	0.9	grpo	21	80	0.375	0.0	0	12
0.7	0.9	grpo	22	80	0.375	0.0	0	12
0.7	0.9	grpo	23	72	0.4375	0.0	0	14
0.7	0.9	grpo	24	76	0.40625	0.0	0	13
0.7	0.9	grpo	25	92	0.28125	0.0	0	9
0.7	0.9	grpo	26	76	0.40625	0.0	0	13
0.7	0.9	grpo	27	68	0.46875	0.0	0	15
0.7	0.9	grpo	28	76	0.40625	0.0	0	13
0.7	0.9	grpo	29	76	0.40625	0.0	0	13
0.7	0.9	grpo	30	76	0.40625	0.0	0	13
0.7	0.9	grpo	31	80	0.375	0.0	0	12
0.7	0.9	grpo	32	84	0.34375	0.0	0	11
0.7	0.9	grpo	33	84	0.34375	0.0	0	11
0.7	0.9	grpo	34	72	0.4375	0.0	0	14
0.7	0.9	grpo	35	68	0.46875	0.0	0	15
0.7	0.9	grpo	36	76	0.40625	0.0	0	13
0.7	0.9	grpo	37	80	0.375	0.0	0	12
0.7	0.9	grpo	38	84	0.34375	0.0	0	11
0.7	0.9	grpo	39	80	0.375	0.0	0	12
0.7	0.95	aero	0	84	0.34375	0.0	0	11
0.7	0.95	aero	1	84	0.34375	0.0	0	11
0.7	0.95	aero	2	76	0.40625	0.0	0	13
0.7	0.95	aero	3	84	0.34375	0.0	0	11
0.7	0.95	aero	4	80	0.375	0.0	0	12
0.7	0.95	aero	5	92	0.28125	0.0	0	9
0.7	0.95	aero	6	80	0.375	0.0	0	12
0.7	0.95	aero	7	88	0.3125	0.0	0	10
0.7	0.95	aero	8	84	0.34375	0.0	0	11
0.7	0.95	aero	9	88	0.3125	0.0	0	10
0.7	0.95	aero	10	80	0.375	0.0	0	12
0.7	0.95	aero	11	92	0.28125	0.0	0	9
0.7	0.95	aero	12	84	0.34375	0.0	0	11
0.7	0.95	aero	13	92	0.28125	0.0	0	9
0.7	0.95	aero	14	80	0.375	0.0	0	12
0.7	0.95	aero	15	76	0.40625	0.0	0	13
0.7	0.95	aero	16	92	0.28125	0.0	0	9
0.7	0.95	aero	17	92	0.28125	0.0	0	9
0.7	0.95	aero	18	88	0.3125	0.0	0	10
0.7	0.95	aero	19	88	0.3125	0.0	0	10
0.7	0.95	aero	20	88	0.3125	0.0	0	10
0.7	0.95	aero	21	76	0.40625	0.0	0	13
0.7	0.95	aero	22	84	0.34375	0.0	0	11
0.7	0.95	aero	23	76	0.40625	0.0	0	13
0.7	0.95	aero	24	76	0.40625	0.0	0	13
0.7	0.95	aero	25	84	0.34375	0.0	0	11
0.7	0.95	aero	26	72	0.4375	0.0	0	14
0.7	0.95	aero	27	68	0.46875	0.0	0	15
0.7	0.95	aero	28	76	0.40625	0.0	0	13
0.7	0.95	aero	29	72	0.4375	0.0	0	14
0.7	0.95	aero	30	76	0.40625	0.0	0	13
0.7	0.95	aero	31	76	0.40625	0.0	0	13
0.7	0.95	aero	32	80	0.375	0.0	0	12
0.7	0.95	aero	33	88	0.3125	0.0	0	10
0.7	0.95	aero	34	72	0.4375	0.0	0	14
0.7	0.95	aero	35	76	0.40625	0.0	0	13
0.7	0.95	aero	36	76	0.40625	0.0	0	13
0.7	0.95	aero	37	84	0.34375	0.0	0	11
0.7	0.95	aero	38	84	0.34375	0.0	0	11
0.7	0.95	aero	39	88	0.3125	0.0	0	10
0.7	0.95	areal	0	84	0.34375	0.0	0	11
0.7	0.95	areal	1	96	0.25	0.0	0	8
0.7	0.95	areal	2	84	0.34375	0.0	0	11
0.7	0.95	areal	3	84	0.34375	0.0	0	11
0.7	0.95	areal	4	96	0.25	0.0	0	8
0.7	0.95	areal	5	80	0.375	0.0	0	12
0.7	0.95	areal	6	84	0.34375	0.0	0	11
0.7	0.95	areal	7	72	0.4375	0.0	0	14
0.7	0.95	areal	8	88	0.3125	0.0	0	10
0.7	0.95	areal	9	84	0.34375	0.0	0	11
0.7	0.95	areal	10	84	0.34375	0.0	0	11
0.7	0.95	areal	11	96	0.25	0.0	0	8
0.7	0.95	areal	12	76	0.40625	0.0	0	13
0.7	0.95	areal	13	92	0.28125	0.0	0	9
0.7	0.95	areal	14	84	0.34375	0.0	0	11
0.7	0.95	areal	15	84	0.34375	0.0	0	11
0.7	0.95	areal	16	88	0.3125	0.0	0	10
0.7	0.95	areal	17	96	0.25	0.0	0	8
0.7	0.95	areal	18	92	0.28125	0.0	0	9
0.7	0.95	areal	19	80	0.375	0.0	0	12
0.7	0.95	areal	20	84	0.34375	0.0	0	11
0.7	0.95	areal	21	84	0.34375	0.0	0	11
0.7	0.95	areal	22	76	0.40625	0.0	0	13
0.7	0.95	areal	23	76	0.40625	0.0	0	13
0.7	0.95	areal	24	72	0.4375	0.0	0	14
0.7	0.95	areal	25	88	0.3125	0.0	0	10
0.7	0.95	areal	26	72	0.4375	0.0	0	14
0.7	0.95	areal	27	68	0.46875	0.0	0	15
0.7	0.95	areal	28	72	0.4375	0.0	0	14
0.7	0.95	areal	29	76	0.40625	0.0	0	13
0.7	0.95	areal	30	80	0.375	0.0	0	12
0.7	0.95	areal	31	92	0.28125	0.0	0	9
0.7	0.95	areal	32	80	0.375	0.0	0	12
0.7	0.95	areal	33	88	0.3125	0.0	0	10
0.7	0.95	areal	34	84	0.34375	0.0	0	11
0.7	0.95	areal	35	76	0.40625	0.0	0	13
0.7	0.95	areal	36	80	0.375	0.0	0	12
0.7	0.95	areal	37	84	0.34375	0.0	0	11
0.7	0.95	areal	38	76	0.40625	0.0	0	13
0.7	0.95	areal	39	80	0.375	0.0	0	12
0.7	0.95	gift	0	80	0.375	0.0	0	12
0.7	0.95	gift	1	92	0.28125	0.0	0	9
0.7	0.95	gift	2	84	0.34375	0.0	0	11
0.7	0.95	gift	3	92	0.28125	0.0	0	9
0.7	0.95	gift	4	84	0.34375	0.0	0	11
0.7	0.95	gift	5	88	0.3125	0.0	0	10
0.7	0.95	gift	6	80	0.375	0.0	0	12
0.7	0.95	gift	7	84	0.34375	0.0	0	11
0.7	0.95	gift	8	88	0.3125	0.0	0	10
0.7	0.95	gift	9	88	0.3125	0.0	0	10
0.7	0.95	gift	10	80	0.375	0.0	0	12
0.7	0.95	gift	11	88	0.3125	0.0	0	10
0.7	0.95	gift	12	80	0.375	0.0	0	12
0.7	0.95	gift	13	92	0.28125	0.0	0	9
0.7	0.95	gift	14	76	0.40625	0.0	0	13
0.7	0.95	gift	15	88	0.3125	0.0	0	10
0.7	0.95	gift	16	88	0.3125	0.0	0	10
0.7	0.95	gift	17	80	0.375	0.0	0	12
0.7	0.95	gift	18	88	0.3125	0.0	0	10
0.7	0.95	gift	19	80	0.375	0.0	0	12
0.7	0.95	gift	20	84	0.34375	0.0	0	11
0.7	0.95	gift	21	80	0.375	0.0	0	12
0.7	0.95	gift	22	72	0.4375	0.0	0	14
0.7	0.95	gift	23	72	0.4375	0.0	0	14
0.7	0.95	gift	24	72	0.4375	0.0	0	14
0.7	0.95	gift	25	80	0.375	0.0	0	12
0.7	0.95	gift	26	76	0.40625	0.0	0	13
0.7	0.95	gift	27	68	0.46875	0.0	0	15
0.7	0.95	gift	28	72	0.4375	0.0	0	14
0.7	0.95	gift	29	68	0.46875	0.0	0	15
0.7	0.95	gift	30	72	0.4375	0.0	0	14
0.7	0.95	gift	31	68	0.46875	0.0	0	15
0.7	0.95	gift	32	80	0.375	0.0	0	12
0.7	0.95	gift	33	68	0.46875	0.0	0	15
0.7	0.95	gift	34	64	0.5	0.0	0	16
0.7	0.95	gift	35	68	0.46875	0.0	0	15
0.7	0.95	gift	36	68	0.46875	0.0	0	15
0.7	0.95	gift	37	72	0.4375	0.0	0	14
0.7	0.95	gift	38	68	0.46875	0.0	0	15
0.7	0.95	gift	39	76	0.40625	0.0	0	13
0.7	0.95	grpo	0	84	0.34375	0.0	0	11
0.7	0.95	grpo	1	96	0.25	0.0	0	8
0.7	0.95	grpo	2	84	0.34375	0.0	0	11
0.7	0.95	grpo	3	80	0.375	0.0	0	12
0.7	0.95	grpo	4	84	0.34375	0.0	0	11
0.7	0.95	grpo	5	84	0.34375	0.0	0	11
0.7	0.95	grpo	6	76	0.40625	0.0	0	13
0.7	0.95	grpo	7	84	0.34375	0.0	0	11
0.7	0.95	grpo	8	92	0.28125	0.0	0	9
0.7	0.95	grpo	9	84	0.34375	0.0	0	11
0.7	0.95	grpo	10	84	0.34375	0.0	0	11
0.7	0.95	grpo	11	84	0.34375	0.0	0	11
0.7	0.95	grpo	12	76	0.40625	0.0	0	13
0.7	0.95	grpo	13	92	0.28125	0.0	0	9
0.7	0.95	grpo	14	80	0.375	0.0	0	12
0.7	0.95	grpo	15	80	0.375	0.0	0	12
0.7	0.95	grpo	16	88	0.3125	0.0	0	10
0.7	0.95	grpo	17	96	0.25	0.0	0	8
0.7	0.95	grpo	18	92	0.28125	0.0	0	9
0.7	0.95	grpo	19	88	0.3125	0.0	0	10
0.7	0.95	grpo	20	88	0.3125	0.0	0	10
0.7	0.95	grpo	21	80	0.375	0.0	0	12
0.7	0.95	grpo	22	80	0.375	0.0	0	12
0.7	0.95	grpo	23	72	0.4375	0.0	0	14
0.7	0.95	grpo	24	76	0.40625	0.0	0	13
0.7	0.95	grpo	25	92	0.28125	0.0	0	9
0.7	0.95	grpo	26	76	0.40625	0.0	0	13
0.7	0.95	grpo	27	68	0.46875	0.0	0	15
0.7	0.95	grpo	28	76	0.40625	0.0	0	13
0.7	0.95	grpo	29	76	0.40625	0.0	0	13
0.7	0.95	grpo	30	76	0.40625	0.0	0	13
0.7	0.95	grpo	31	80	0.375	0.0	0	12
0.7	0.95	grpo	32	84	0.34375	0.0	0	11
0.7	0.95	grpo	33	84	0.34375	0.0	0	11
0.7	0.95	grpo	34	72	0.4375	0.0	0	14
0.7	0.95	grpo	35	68	0.46875	0.0	0	15
0.7	0.95	grpo	36	76	0.40625	0.0	0	13
0.7	0.95	grpo	37	80	0.375	0.0	0	12
0.7	0.95	grpo	38	84	0.34375	0.0	0	11
0.7	0.95	grpo	39	80	0.375	0.0	0	12
0.75	0.8	aero	0	84	0.34375	0.0	0	11
0.75	0.8	aero	1	84	0.34375	0.0	0	11
0.75	0.8	aero	2	76	0.40625	0.0	0	13
0.75	0.8	aero	3	84	0.34375	0.0	0	11
0.75	0.8	aero	4	80	0.375	0.0	0	12
0.75	0.8	aero	5	92	0.28125	0.0	0	9
0.75	0.8	aero	6	80	0.375	0.0	0	12
0.75	0.8	aero	7	88	0.3125	0.0	0	10
0.75	0.8	aero	8	84	0.34375	0.0	0	11
0.75	0.8	aero	9	88	0.3125	0.0	0	10
0.75	0.8	aero	10	80	0.375	0.0	0	12
0.75	0.8	aero	11	92	0.28125	0.0	0	9
0.75	0.8	aero	12	84	0.34375	0.0	0	11
0.75	0.8	aero	13	92	0.28125	0.0	0	9
0.75	0.8	aero	14	80	0.375	0.0	0	12
0.75	0.8	aero	15	76	0.40625	0.0	0	13
0.75	0.8	aero	16	92	0.28125	0.0	0	9
0.75	0.8	aero	17	92	0.28125	0.0	0	9
0.75	0.8	aero	18	88	0.3125	0.0	0	10
0.75	0.8	aero	19	88	0.3125	0.0	0	10
0.75	0.8	aero	20	88	0.3125	0.0	0	10
0.75	0.8	aero	21	76	0.40625	0.0	0	13
0.75	0.8	aero	22	84	0.34375	0.0	0	11
0.75	0.8	aero	23	76	0.40625	0.0	0	13
0.75	0.8	aero	24	76	0.40625	0.0	0	13
0.75	0.8	aero	25	84	0.34375	0.0	0	11
0.75	0.8	aero	26	72	0.4375	0.0	0	14
0.75	0.8	aero	27	68	0.46875	0.0	0	15
0.75	0.8	aero	28	76	0.40625	0.0	0	13
0.75	0.8	aero	29	72	0.4375	0.0	0	14
0.75	0.8	aero	30	76	0.40625	0.0	0	13
0.75	0.8	aero	31	76	0.40625	0.0	0	13
0.75	0.8	aero	32	80	0.375	0.0	0	12
0.75	0.8	aero	33	88	0.3125	0.0	0	10
0.75	0.8	aero	34	72	0.4375	0.0	0	14
0.75	0.8	aero	35	76	0.40625	0.0	0	13
0.75	0.8	aero	36	76	0.40625	0.0	0	13
0.75	0.8	aero	37	84	0.34375	0.0	0	11
0.75	0.8	aero	38	84	0.34375	0.0	0	11
0.75	0.8	aero	39	88	0.3125	0.0	0	10
0.75	0.8	areal	0	84	0.34375	0.0	0	11
0.75	0.8	areal	1	96	0.25	0.0	0	8
0.75	0.8	areal	2	84	0.34375	0.0	0	11
0.75	0.8	areal	3	84	0.34375	0.0	0	11
0.75	0.8	areal	4	96	0.25	0.0	0	8
0.75	0.8	areal	5	80	0.375	0.0	0	12
0.75	0.8	areal	6	84	0.34375	0.0	0	11
0.75	0.8	areal	7	72	0.4375	0.0	0	14
0.75	0.8	areal	8	88	0.3125	0.0	0	10
0.75	0.8	areal	9	84	0.34375	0.0	0	11
0.75	0.8	areal	10	84	0.34375	0.0	0	11
0.75	0.8	areal	11	96	0.25	0.0	0	8
0.75	0.8	areal	12	76	0.40625	0.0	0	13
0.75	0.8	areal	13	92	0.28125	0.0	0	9
0.75	0.8	areal	14	84	0.34375	0.0	0	11
0.75	0.8	areal	15	84	0.34375	0.0	0	11
0.75	0.8	areal	16	88	0.3125	0.0	0	10
0.75	0.8	areal	17	96	0.25	0.0	0	8
0.75	0.8	areal	18	92	0.28125	0.0	0	9
0.75	0.8	areal	19	80	0.375	0.0	0	12
0.75	0.8	areal	20	84	0.34375	0.0	0	11
0.75	0.8	areal	21	84	0.34375	0.0	0	11
0.75	0.8	areal	22	76	0.40625	0.0	0	13
0.75	0.8	areal	23	76	0.40625	0.0	0	13
0.75	0.8	areal	24	72	0.4375	0.0	0	14
0.75	0.8	areal	25	88	0.3125	0.0	0	10
0.75	0.8	areal	26	72	0.4375	0.0	0	14
0.75	0.8	areal	27	68	0.46875	0.0	0	15
0.75	0.8	areal	28	72	0.4375	0.0	0	14
0.75	0.8	areal	29	76	0.40625	0.0	0	13
0.75	0.8	areal	30	80	0.375	0.0	0	12
0.75	0.8	areal	31	92	0.28125	0.0	0	9
0.75	0.8	areal	32	80	0.375	0.0	0	12
0.75	0.8	areal	33	88	0.3125	0.0	0	10
0.75	0.8	areal	34	84	0.34375	0.0	0	11
0.75	0.8	areal	35	76	0.40625	0.0	0	13
0.75	0.8	areal	36	80	0.375	0.0	0	12
0.75	0.8	areal	37	84	0.34375	0.0	0	11
0.75	0.8	areal	38	76	0.40625	0.0	0	13
0.75	0.8	areal	39	80	0.375	0.0	0	12
0.75	0.8	gift	0	80	0.375	0.0	0	12
0.75	0.8	gift	1	92	0.28125	0.0	0	9
0.75	0.8	gift	2	84	0.34375	0.0	0	11
0.75	0.8	gift	3	92	0.28125	0.0	0	9
0.75	0.8	gift	4	84	0.34375	0.0	0	11
0.75	0.8	gift	5	88	0.3125	0.0	0	10
0.75	0.8	gift	6	80	0.375	0.0	0	12
0.75	0.8	gift	7	84	0.34375	0.0	0	11
0.75	0.8	gift	8	88	0.3125	0.0	0	10
0.75	0.8	gift	9	88	0.3125	0.0	0	10
0.75	0.8	gift	10	80	0.375	0.0	0	12
0.75	0.8	gift	11	88	0.3125	0.0	0	10
0.75	0.8	gift	12	80	0.375	0.0	0	12
0.75	0.8	gift	13	92	0.28125	0.0	0	9
0.75	0.8	gift	14	76	0.40625	0.0	0	13
0.75	0.8	gift	15	88	0.3125	0.0	0	10
0.75	0.8	gift	16	88	0.3125	0.0	0	10
0.75	0.8	gift	17	80	0.375	0.0	0	12
0.75	0.8	gift	18	88	0.3125	0.0	0	10
0.75	0.8	gift	19	80	0.375	0.0	0	12
0.75	0.8	gift	20	84	0.34375	0.0	0	11
0.75	0.8	gift	21	80	0.375	0.0	0	12
0.75	0.8	gift	22	72	0.4375	0.0	0	14
0.75	0.8	gift	23	72	0.4375	0.0	0	14
0.75	0.8	gift	24	72	0.4375	0.0	0	14
0.75	0.8	gift	25	80	0.375	0.0	0	12
0.75	0.8	gift	26	76	0.40625	0.0	0	13
0.75	0.8	gift	27	68	0.46875	0.0	0	15
0.75	0.8	gift	28	72	0.4375	0.0	0	14
0.75	0.8	gift	29	68	0.46875	0.0	0	15
0.75	0.8	gift	30	72	0.4375	0.0	0	14
0.75	0.8	gift	31	68	0.46875	0.0	0	15
0.75	0.8	gift	32	80	0.375	0.0	0	12
0.75	0.8	gift	33	68	0.46875	0.0	0	15
0.75	0.8	gift	34	64	0.5	0.0	0	16
0.75	0.8	gift	35	68	0.46875	0.0	0	15
0.75	0.8	gift	36	68	0.46875	0.0	0	15
0.75	0.8	gift	37	72	0.4375	0.0	0	14
0.75	0.8	gift	38	68	0.46875	0.0	0	15
0.75	0.8	gift	39	76	0.40625	0.0	0	13
0.75	0.8	grpo	0	84	0.34375	0.0	0	11
0.75	0.8	grpo	1	96	0.25	0.0	0	8
0.75	0.8	grpo	2	84	0.34375	0.0	0	11
0.75	0.8	grpo	3	80	0.375	0.0	0	12
0.75	0.8	grpo	4	84	0.34375	0.0	0	11
0.75	0.8	grpo	5	84	0.34375	0.0	0	11
0.75	0.8	grpo	6	76	0.40625	0.0	0	13
0.75	0.8	grpo	7	84	0.34375	0.0	0	11
0.75	0.8	grpo	8	92	0.28125	0.0	0	9
0.75	0.8	grpo	9	84	0.34375	0.0	0	11
0.75	0.8	grpo	10	84	0.34375	0.0	0	11
0.75	0.8	grpo	11	84	0.34375	0.0	0	11
0.75	0.8	grpo	12	76	0.40625	0.0	0	13
0.75	0.8	grpo	13	92	0.28125	0.0	0	9
0.75	0.8	grpo	14	80	0.375	0.0	0	12
0.75	0.8	grpo	15	80	0.375	0.0	0	12
0.75	0.8	grpo	16	88	0.3125	0.0	0	10
0.75	0.8	grpo	17	96	0.25	0.0	0	8
0.75	0.8	grpo	18	92	0.28125	0.0	0	9
0.75	0.8	grpo	19	88	0.3125	0.0	0	10
0.75	0.8	grpo	20	88	0.3125	0.0	0	10
0.75	0.8	grpo	21	80	0.375	0.0	0	12
0.75	0.8	grpo	22	80	0.375	0.0	0	12
0.75	0.8	grpo	23	72	0.4375	0.0	0	14
0.75	0.8	grpo	24	76	0.40625	0.0	0	13
0.75	0.8	grpo	25	92	0.28125	0.0	0	9
0.75	0.8	grpo	26	76	0.40625	0.0	0	13
0.75	0.8	grpo	27	68	0.46875	0.0	0	15
0.75	0.8	grpo	28	76	0.40625	0.0	0	13
0.75	0.8	grpo	29	76	0.40625	0.0	0	13
0.75	0.8	grpo	30	76	0.40625	0.0	0	13
0.75	0.8	grpo	31	80	0.375	0.0	0	12
0.75	0.8	grpo	32	84	0.34375	0.0	0	11
0.75	0.8	grpo	33	84	0.34375	0.0	0	11
0.75	0.8	grpo	34	72	0.4375	0.0	0	14
0.75	0.8	grpo	35	68	0.46875	0.0	0	15
0.75	0.8	grpo	36	76	0.40625	0.0	0	13
0.75	0.8	grpo	37	80	0.375	0.0	0	12
0.75	0.8	grpo	38	84	0.34375	0.0	0	11
0.75	0.8	grpo	39	80	0.375	0.0	0	12
0.75	0.85	aero	0	84	0.34375	0.0	0	11
0.75	0.85	aero	1	84	0.34375	0.0	0	11
0.75	0.85	aero	2	76	0.40625	0.0	0	13
0.75	0.85	aero	3	84	0.34375	0.0	0	11
0.75	0.85	aero	4	80	0.375	0.0	0	12
0.75	0.85	aero	5	92	0.28125	0.0	0	9
0.75	0.85	aero	6	80	0.375	0.0	0	12
0.75	0.85	aero	7	88	0.3125	0.0	0	10
0.75	0.85	aero	8	84	0.34375	0.0	0	11
0.75	0.85	aero	9	88	0.3125	0.0	0	10
0.75	0.85	aero	10	80	0.375	0.0	0	12
0.75	0.85	aero	11	92	0.28125	0.0	0	9
0.75	0.85	aero	12	84	0.34375	0.0	0	11
0.75	0.85	aero	13	92	0.28125	0.0	0	9
0.75	0.85	aero	14	80	0.375	0.0	0	12
0.75	0.85	aero	15	76	0.40625	0.0	0	13
0.75	0.85	aero	16	92	0.28125	0.0	0	9
0.75	0.85	aero	17	92	0.28125	0.0	0	9
0.75	0.85	aero	18	88	0.3125	0.0	0	10
0.75	0.85	aero	19	88	0.3125	0.0	0	10
0.75	0.85	aero	20	88	0.3125	0.0	0	10
0.75	0.85	aero	21	76	0.40625	0.0	0	13
0.75	0.85	aero	22	84	0.34375	0.0	0	11
0.75	0.85	aero	23	76	0.40625	0.0	0	13
0.75	0.85	aero	24	76	0.40625	0.0	0	13
0.75	0.85	aero	25	84	0.34375	0.0	0	11
0.75	0.85	aero	26	72	0.4375	0.0	0	14
0.75	0.85	aero	27	68	0.46875	0.0	0	15
0.75	0.85	aero	28	76	0.40625	0.0	0	13
0.75	0.85	aero	29	72	0.4375	0.0	0	14
0.75	0.85	aero	30	76	0.40625	0.0	0	13
0.75	0.85	aero	31	76	0.40625	0.0	0	13
0.75	0.85	aero	32	80	0.375	0.0	0	12
0.75	0.85	aero	33	88	0.3125	0.0	0	10
0.75	0.85	aero	34	72	0.4375	0.0	0	14
0.75	0.85	aero	35	76	0.40625	0.0	0	13
0.75	0.85	aero	36	76	0.40625	0.0	0	13
0.75	0.85	aero	37	84	0.34375	0.0	0	11
0.75	0.85	aero	38	84	0.34375	0.0	0	11
0.75	0.85	aero	39	88	0.3125	0.0	0	10
0.75	0.85	areal	0	84	0.34375	0.0	0	11
0.75	0.85	areal	1	96	0.25	0.0	0	8
0.75	0.85	areal	2	84	0.34375	0.0	0	11
0.75	0.85	areal	3	84	0.34375	0.0	0	11
0.75	0.85	areal	4	96	0.25	0.0	0	8
0.75	0.85	areal	5	80	0.375	0.0	0	12
0.75	0.85	areal	6	84	0.34375	0.0	0	11
0.75	0.85	areal	7	72	0.4375	0.0	0	14
0.75	0.85	areal	8	88	0.3125	0.0	0	10
0.75	0.85	areal	9	84	0.34375	0.0	0	11
0.75	0.85	areal	10	84	0.34375	0.0	0	11
0.75	0.85	areal	11	96	0.25	0.0	0	8
0.75	0.85	areal	12	76	0.40625	0.0	0	13
0.75	0.85	areal	13	92	0.28125	0.0	0	9
0.75	0.85	areal	14	84	0.34375	0.0	0	11
0.75	0.85	areal	15	84	0.34375	0.0	0	11
0.75	0.85	areal	16	88	0.3125	0.0	0	10
0.75	0.85	areal	17	96	0.25	0.0	0	8
0.75	0.85	areal	18	92	0.28125	0.0	0	9
0.75	0.85	areal	19	80	0.375	0.0	0	12
0.75	0.85	areal	20	84	0.34375	0.0	0	11
0.75	0.85	areal	21	84	0.34375	0.0	0	11
0.75	0.85	areal	22	76	0.40625	0.0	0	13
0.75	0.85	areal	23	76	0.40625	0.0	0	13
0.75	0.85	areal	24	72	0.4375	0.0	0	14
0.75	0.85	areal	25	88	0.3125	0.0	0	10
0.75	0.85	areal	26	72	0.4375	0.0	0	14
0.75	0.85	areal	27	68	0.46875	0.0	0	15
0.75	0.85	areal	28	72	0.4375	0.0	0	14
0.75	0.85	areal	29	76	0.40625	0.0	0	13
0.75	0.85	areal	30	80	0.375	0.0	0	12
0.75	0.85	areal	31	92	0.28125	0.0	0	9
0.75	0.85	areal	32	80	0.375	0.0	0	12
0.75	0.85	areal	33	88	0.3125	0.0	0	10
0.75	0.85	areal	34	84	0.34375	0.0	0	11
0.75	0.85	areal	35	76	0.40625	0.0	0	13
0.75	0.85	areal	36	80	0.375	0.0	0	12
0.75	0.85	areal	37	84	0.34375	0.0	0	11
0.75	0.85	areal	38	76	0.40625	0.0	0	13
0.75	0.85	areal	39	80	0.375	0.0	0	12
0.75	0.85	gift	0	80	0.375	0.0	0	12
0.75	0.85	gift	1	92	0.28125	0.0	0	9
0.75	0.85	gift	2	84	0.34375	0.0	0	11
0.75	0.85	gift	3	92	0.28125	0.0	0	9
0.75	0.85	gift	4	84	0.34375	0.0	0	11
0.75	0.85	gift	5	88	0.3125	0.0	0	10
0.75	0.85	gift	6	80	0.375	0.0	0	12
0.75	0.85	gift	7	84	0.34375	0.0	0	11
0.75	0.85	gift	8	88	0.3125	0.0	0	10
0.75	0.85	gift	9	88	0.3125	0.0	0	10
0.75	0.85	gift	10	80	0.375	0.0	0	12
0.75	0.85	gift	11	88	0.3125	0.0	0	10
0.75	0.85	gift	12	80	0.375	0.0	0	12
0.75	0.85	gift	13	92	0.28125	0.0	0	9
0.75	0.85	gift	14	76	0.40625	0.0	0	13
0.75	0.85	gift	15	88	0.3125	0.0	0	10
0.75	0.85	gift	16	88	0.3125	0.0	0	10
0.75	0.85	gift	17	80	0.375	0.0	0	12
0.75	0.85	gift	18	88	0.3125	0.0	0	10
0.75	0.85	gift	19	80	0.375	0.0	0	12
0.75	0.85	gift	20	84	0.34375	0.0	0	11
0.75	0.85	gift	21	80	0.375	0.0	0	12
0.75	0.85	gift	22	72	0.4375	0.0	0	14
0.75	0.85	gift	23	72	0.4375	0.0	0	14
0.75	0.85	gift	24	72	0.4375	0.0	0	14
0.75	0.85	gift	25	80	0.375	0.0	0	12
0.75	0.85	gift	26	76	0.40625	0.0	0	13
0.75	0.85	gift	27	68	0.46875	0.0	0	15
0.75	0.85	gift	28	72	0.4375	0.0	0	14
0.75	0.85	gift	29	68	0.46875	0.0	0	15
0.75	0.85	gift	30	72	0.4375	0.0	0	14
0.75	0.85	gift	31	68	0.46875	0.0	0	15
0.75	0.85	gift	32	80	0.375	0.0	0	12
0.75	0.85	gift	33	68	0.46875	0.0	0	15
0.75	0.85	gift	34	64	0.5	0.0	0	16
0.75	0.85	gift	35	68	0.46875	0.0	0	15
0.75	0.85	gift	36	68	0.46875	0.0	0	15
0.75	0.85	gift	37	72	0.4375	0.0	0	14
0.75	0.85	gift	38	68	0.46875	0.0	0	15
0.75	0.85	gift	39	76	0.40625	0.0	0	13
0.75	0.85	grpo	0	84	0.34375	0.0	0	11
0.75	0.85	grpo	1	96	0.25	0.0	0	8
0.75	0.85	grpo	2	84	0.34375	0.0	0	11
0.75	0.85	grpo	3	80	0.375	0.0	0	12
0.75	0.85	grpo	4	84	0.34375	0.0	0	11
0.75	0.85	grpo	5	84	0.34375	0.0	0	11
0.75	0.85	grpo	6	76	0.40625	0.0	0	13
0.75	0.85	grpo	7	84	0.34375	0.0	0	11
0.75	0.85	grpo	8	92	0.28125	0.0	0	9
0.75	0.85	grpo	9	84	0.34375	0.0	0	11
0.75	0.85	grpo	10	84	0.34375	0.0	0	11
0.75	0.85	grpo	11	84	0.34375	0.0	0	11
0.75	0.85	grpo	12	76	0.40625	0.0	0	13
0.75	0.85	grpo	13	92	0.28125	0.0	0	9
0.75	0.85	grpo	14	80	0.375	0.0	0	12
0.75	0.85	grpo	15	80	0.375	0.0	0	12
0.75	0.85	grpo	16	88	0.3125	0.0	0	10
0.75	0.85	grpo	17	96	0.25	0.0	0	8
0.75	0.85	grpo	18	92	0.28125	0.0	0	9
0.75	0.85	grpo	19	88	0.3125	0.0	0	10
0.75	0.85	grpo	20	88	0.3125	0.0	0	10
0.75	0.85	grpo	21	80	0.375	0.0	0	12
0.75	0.85	grpo	22	80	0.375	0.0	0	12
0.75	0.85	grpo	23	72	0.4375	0.0	0	14
0.75	0.85	grpo	24	76	0.40625	0.0	0	13
0.75	0.85	grpo	25	92	0.28125	0.0	0	9
0.75	0.85	grpo	26	76	0.40625	0.0	0	13
0.75	0.85	grpo	27	68	0.46875	0.0	0	15
0.75	0.85	grpo	28	76	0.40625	0.0	0	13
0.75	0.85	grpo	29	76	0.40625	0.0	0	13
0.75	0.85	grpo	30	76	0.40625	0.0	0	13
0.75	0.85	grpo	31	80	0.375	0.0	0	12
0.75	0.85	grpo	32	84	0.34375	0.0	0	11
0.75	0.85	grpo	33	84	0.34375	0.0	0	11
0.75	0.85	grpo	34	72	0.4375	0.0	0	14
0.75	0.85	grpo	35	68	0.46875	0.0	0	15
0.75	0.85	grpo	36	76	0.40625	0.0	0	13
0.75	0.85	grpo	37	80	0.375	0.0	0	12
0.75	0.85	grpo	38	84	0.34375	0.0	0	11
0.75	0.85	grpo	39	80	0.375	0.0	0	12
0.75	0.9	aero	0	84	0.34375	0.0	0	11
0.75	0.9	aero	1	84	0.34375	0.0	0	11
0.75	0.9	aero	2	76	0.40625	0.0	0	13
0.75	0.9	aero	3	84	0.34375	0.0	0	11
0.75	0.9	aero	4	80	0.375	0.0	0	12
0.75	0.9	aero	5	92	0.28125	0.0	0	9
0.75	0.9	aero	6	80	0.375	0.0	0	12
0.75	0.9	aero	7	88	0.3125	0.0	0	10
0.75	0.9	aero	8	84	0.34375	0.0	0	11
0.75	0.9	aero	9	88	0.3125	0.0	0	10
0.75	0.9	aero	10	80	0.375	0.0	0	12
0.75	0.9	aero	11	92	0.28125	0.0	0	9
0.75	0.9	aero	12	84	0.34375	0.0	0	11
0.75	0.9	aero	13	92	0.28125	0.0	0	9
0.75	0.9	aero	14	80	0.375	0.0	0	12
0.75	0.9	aero	15	76	0.40625	0.0	0	13
0.75	0.9	aero	16	92	0.28125	0.0	0	9
0.75	0.9	aero	17	92	0.28125	0.0	0	9
0.75	0.9	aero	18	88	0.3125	0.0	0	10
0.75	0.9	aero	19	88	0.3125	0.0	0	10
0.75	0.9	aero	20	88	0.3125	0.0	0	10
0.75	0.9	aero	21	76	0.40625	0.0	0	13
0.75	0.9	aero	22	84	0.34375	0.0	0	11
0.75	0.9	aero	23	76	0.40625	0.0	0	13
0.75	0.9	aero	24	76	0.40625	0.0	0	13
0.75	0.9	aero	25	84	0.34375	0.0	0	11
0.75	0.9	aero	26	72	0.4375	0.0	0	14
0.75	0.9	aero	27	68	0.46875	0.0	0	15
0.75	0.9	aero	28	76	0.40625	0.0	0	13
0.75	0.9	aero	29	72	0.4375	0.0	0	14
0.75	0.9	aero	30	76	0.40625	0.0	0	13
0.75	0.9	aero	31	76	0.40625	0.0	0	13
0.75	0.9	aero	32	80	0.375	0.0	0	12
0.75	0.9	aero	33	88	0.3125	0.0	0	10
0.75	0.9	aero	34	72	0.4375	0.0	0	14
0.75	0.9	aero	35	76	0.40625	0.0	0	13
0.75	0.9	aero	36	76	0.40625	0.0	0	13
0.75	0.9	aero	37	84	0.34375	0.0	0	11
0.75	0.9	aero	38	84	0.34375	0.0	0	11
0.75	0.9	aero	39	88	0.3125	0.0	0	10
0.75	0.9	areal	0	84	0.34375	0.0	0	11
0.75	0.9	areal	1	96	0.25	0.0	0	8
0.75	0.9	areal	2	84	0.34375	0.0	0	11
0.75	0.9	areal	3	84	0.34375	0.0	0	11
0.75	0.9	areal	4	96	0.25	0.0	0	8
0.75	0.9	areal	5	80	0.375	0.0	0	12
0.75	0.9	areal	6	84	0.34375	0.0	0	11
0.75	0.9	areal	7	72	0.4375	0.0	0	14
0.75	0.9	areal	8	88	0.3125	0.0	0	10
0.75	0.9	areal	9	84	0.34375	0.0	0	11
0.75	0.9	areal	10	84	0.34375	0.0	0	11
0.75	0.9	areal	11	96	0.25	0.0	0	8
0.75	0.9	areal	12	76	0.40625	0.0	0	13
0.75	0.9	areal	13	92	0.28125	0.0	0	9
0.75	0.9	areal	14	84	0.34375	0.0	0	11
0.75	0.9	areal	15	84	0.34375	0.0	0	11
0.75	0.9	areal	16	88	0.3125	0.0	0	10
0.75	0.9	areal	17	96	0.25	0.0	0	8
0.75	0.9	areal	18	92	0.28125	0.0	0	9
0.75	0.9	areal	19	80	0.375	0.0	0	12
0.75	0.9	areal	20	84	0.34375	0.0	0	11
0.75	0.9	areal	21	84	0.34375	0.0	0	11
0.75	0.9	areal	22	76	0.40625	0.0	0	13
0.75	0.9	areal	23	76	0.40625	0.0	0	13
0.75	0.9	areal	24	72	0.4375	0.0	0	14
0.75	0.9	areal	25	88	0.3125	0.0	0	10
0.75	0.9	areal	26	72	0.4375	0.0	0	14
0.75	0.9	areal	27	68	0.46875	0.0	0	15
0.75	0.9	areal	28	72	0.4375	0.0	0	14
0.75	0.9	areal	29	76	0.40625	0.0	0	13
0.75	0.9	areal	30	80	0.375	0.0	0	12
0.75	0.9	areal	31	92	0.28125	0.0	0	9
0.75	0.9	areal	32	80	0.375	0.0	0	12
0.75	0.9	areal	33	88	0.3125	0.0	0	10
0.75	0.9	areal	34	84	0.34375	0.0	0	11
0.75	0.9	areal	35	76	0.40625	0.0	0	13
0.75	0.9	areal	36	80	0.375	0.0	0	12
0.75	0.9	areal	37	84	0.34375	0.0	0	11
0.75	0.9	areal	38	76	0.40625	0.0	0	13
0.75	0.9	areal	39	80	0.375	0.0	0	12
0.75	0.9	gift	0	80	0.375	0.0	0	12
0.75	0.9	gift	1	92	0.28125	0.0	0	9
0.75	0.9	gift	2	84	0.34375	0.0	0	11
0.75	0.9	gift	3	92	0.28125	0.0	0	9
0.75	0.9	gift	4	84	0.34375	0.0	0	11
0.75	0.9	gift	5	88	0.3125	0.0	0	10
0.75	0.9	gift	6	80	0.375	0.0	0	12
0.75	0.9	gift	7	84	0.34375	0.0	0	11
0.75	0.9	gift	8	88	0.3125	0.0	0	10
0.75	0.9	gift	9	88	0.3125	0.0	0	10
0.75	0.9	gift	10	80	0.375	0.0	0	12
0.75	0.9	gift	11	88	0.3125	0.0	0	10
0.75	0.9	gift	12	80	0.375	0.0	0	12
0.75	0.9	gift	13	92	0.28125	0.0	0	9
0.75	0.9	gift	14	76	0.40625	0.0	0	13
0.75	0.9	gift	15	88	0.3125	0.0	0	10
0.75	0.9	gift	16	88	0.3125	0.0	0	10
0.75	0.9	gift	17	80	0.375	0.0	0	12
0.75	0.9	gift	18	88	0.3125	0.0	0	10
0.75	0.9	gift	19	80	0.375	0.0	0	12
0.75	0.9	gift	20	84	0.34375	0.0	0	11
0.75	0.9	gift	21	80	0.375	0.0	0	12
0.75	0.9	gift	22	72	0.4375	0.0	0	14
0.75	0.9	gift	23	72	0.4375	0.0	0	14
0.75	0.9	gift	24	72	0.4375	0.0	0	14
0.75	0.9	gift	25	80	0.375	0.0	0	12
0.75	0.9	gift	26	76	0.40625	0.0	0	13
0.75	0.9	gift	27	68	0.46875	0.0	0	15
0.75	0.9	gift	28	72	0.4375	0.0	0	14
0.75	0.9	gift	29	68	0.46875	0.0	0	15
0.75	0.9	gift	30	72	0.4375	0.0	0	14
0.75	0.9	gift	31	68	0.46875	0.0	0	15
0.75	0.9	gift	32	80	0.375	0.0	0	12
0.75	0.9	gift	33	68	0.46875	0.0	0	15
0.75	0.9	gift	34	64	0.5	0.0	0	16
0.75	0.9	gift	35	68	0.46875	0.0	0	15
0.75	0.9	gift	36	68	0.46875	0.0	0	15
0.75	0.9	gift	37	72	0.4375	0.0	0	14
0.75	0.9	gift	38	68	0.46875	0.0	0	15
0.75	0.9	gift	39	76	0.40625	0.0	0	13
0.75	0.9	grpo	0	84	0.34375	0.0	0	11
0.75	0.9	grpo	1	96	0.25	0.0	0	8
0.75	0.9	grpo	2	84	0.34375	0.0	0	11
0.75	0.9	grpo	3	80	0.375	0.0	0	12
0.75	0.9	grpo	4	84	0.34375	0.0	0	11
0.75	0.9	grpo	5	84	0.34375	0.0	0	11
0.75	0.9	grpo	6	76	0.40625	0.0	0	13
0.75	0.9	grpo	7	84	0.34375	0.0	0	11
0.75	0.9	grpo	8	92	0.28125	0.0	0	9
0.75	0.9	grpo	9	84	0.34375	0.0	0	11
0.75	0.9	grpo	10	84	0.34375	0.0	0	11
0.75	0.9	grpo	11	84	0.34375	0.0	0	11
0.75	0.9	grpo	12	76	0.40625	0.0	0	13
0.75	0.9	grpo	13	92	0.28125	0.0	0	9
0.75	0.9	grpo	14	80	0.375	0.0	0	12
0.75	0.9	grpo	15	80	0.375	0.0	0	12
0.75	0.9	grpo	16	88	0.3125	0.0	0	10
0.75	0.9	grpo	17	96	0.25	0.0	0	8
0.75	0.9	grpo	18	92	0.28125	0.0	0	9
0.75	0.9	grpo	19	88	0.3125	0.0	0	10
0.75	0.9	grpo	20	88	0.3125	0.0	0	10
0.75	0.9	grpo	21	80	0.375	0.0	0	12
0.75	0.9	grpo	22	80	0.375	0.0	0	12
0.75	0.9	grpo	23	72	0.4375	0.0	0	14
0.75	0.9	grpo	24	76	0.40625	0.0	0	13
0.75	0.9	grpo	25	92	0.28125	0.0	0	9
0.75	0.9	grpo	26	76	0.40625	0.0	0	13
0.75	0.9	grpo	27	68	0.46875	0.0	0	15
0.75	0.9	grpo	28	76	0.40625	0.0	0	13
0.75	0.9	grpo	29	76	0.40625	0.0	0	13
0.75	0.9	grpo	30	76	0.40625	0.0	0	13
0.75	0.9	grpo	31	80	0.375	0.0	0	12
0.75	0.9	grpo	32	84	0.34375	0.0	0	11
0.75	0.9	grpo	33	84	0.34375	0.0	0	11
0.75	0.9	grpo	34	72	0.4375	0.0	0	14
0.75	0.9	grpo	35	68	0.46875	0.0	0	15
0.75	0.9	grpo	36	76	0.40625	0.0	0	13
0.75	0.9	grpo	37	80	0.375	0.0	0	12
0.75	0.9	grpo	38	84	0.34375	0.0	0	11
0.75	0.9	grpo	39	80	0.375	0.0	0	12
0.75	0.95	aero	0	84	0.34375	0.0	0	11
0.75	0.95	aero	1	84	0.34375	0.0	0	11
0.75	0.95	aero	2	76	0.40625	0.0	0	13
0.75	0.95	aero	3	84	0.34375	0.0	0	11
0.75	0.95	aero	4	80	0.375	0.0	0	12
0.75	0.95	aero	5	92	0.28125	0.0	0	9
0.75	0.95	aero	6	80	0.375	0.0	0	12
0.75	0.95	aero	7	88	0.3125	0.0	0	10
0.75	0.95	aero	8	84	0.34375	0.0	0	11
0.75	0.95	aero	9	88	0.3125	0.0	0	10
0.75	0.95	aero	10	80	0.375	0.0	0	12
0.75	0.95	aero	11	92	0.28125	0.0	0	9
0.75	0.95	aero	12	84	0.34375	0.0	0	11
0.75	0.95	aero	13	92	0.28125	0.0	0	9
0.75	0.95	aero	14	80	0.375	0.0	0	12
0.75	0.95	aero	15	76	0.40625	0.0	0	13
0.75	0.95	aero	16	92	0.28125	0.0	0	9
0.75	0.95	aero	17	92	0.28125	0.0	0	9
0.75	0.95	aero	18	88	0.3125	0.0	0	10
0.75	0.95	aero	19	88	0.3125	0.0	0	10
0.75	0.95	aero	20	88	0.3125	0.0	0	10
0.75	0.95	aero	21	76	0.40625	0.0	0	13
0.75	0.95	aero	22	84	0.34375	0.0	0	11
0.75	0.95	aero	23	76	0.40625	0.0	0	13
0.75	0.95	aero	24	76	0.40625	0.0	0	13
0.75	0.95	aero	25	84	0.34375	0.0	0	11
0.75	0.95	aero	26	72	0.4375	0.0	0	14
0.75	0.95	aero	27	68	0.46875	0.0	0	15
0.75	0.95	aero	28	76	0.40625	0.0	0	13
0.75	0.95	aero	29	72	0.4375	0.0	0	14
0.75	0.95	aero	30	76	0.40625	0.0	0	13
0.75	0.95	aero	31	76	0.40625	0.0	0	13
0.75	0.95	aero	32	80	0.375	0.0	0	12
0.75	0.95	aero	33	88	0.3125	0.0	0	10
0.75	0.95	aero	34	72	0.4375	0.0	0	14
0.75	0.95	aero	35	76	0.40625	0.0	0	13
0.75	0.95	aero	36	76	0.40625	0.0	0	13
0.75	0.95	aero	37	84	0.34375	0.0	0	11
0.75	0.95	aero	38	84	0.34375	0.0	0	11
0.75	0.95	aero	39	88	0.3125	0.0	0	10
0.75	0.95	areal	0	84	0.34375	0.0	0	11
0.75	0.95	areal	1	96	0.25	0.0	0	8
0.75	0.95	areal	2	84	0.34375	0.0	0	11
0.75	0.95	areal	3	84	0.34375	0.0	0	11
0.75	0.95	areal	4	96	0.25	0.0	0	8
0.75	0.95	areal	5	80	0.375	0.0	0	12
0.75	0.95	areal	6	84	0.34375	0.0	0	11
0.75	0.95	areal	7	72	0.4375	0.0	0	14
0.75	0.95	areal	8	88	0.3125	0.0	0	10
0.75	0.95	areal	9	84	0.34375	0.0	0	11
0.75	0.95	areal	10	84	0.34375	0.0	0	11
0.75	0.95	areal	11	96	0.25	0.0	0	8
0.75	0.95	areal	12	76	0.40625	0.0	0	13
0.75	0.95	areal	13	92	0.28125	0.0	0	9
0.75	0.95	areal	14	84	0.34375	0.0	0	11
0.75	0.95	areal	15	84	0.34375	0.0	0	11
0.75	0.95	areal	16	88	0.3125	0.0	0	10
0.75	0.95	areal	17	96	0.25	0.0	0	8
0.75	0.95	areal	18	92	0.28125	0.0	0	9
0.75	0.95	areal	19	80	0.375	0.0	0	12
0.75	0.95	areal	20	84	0.34375	0.0	0	11
0.75	0.95	areal	21	84	0.34375	0.0	0	11
0.75	0.95	areal	22	76	0.40625	0.0	0	13
0.75	0.95	areal	23	76	0.40625	0.0	0	13
0.75	0.95	areal	24	72	0.4375	0.0	0	14
0.75	0.95	areal	25	88	0.3125	0.0	0	10
0.75	0.95	areal	26	72	0.4375	0.0	0	14
0.75	0.95	areal	27	68	0.46875	0.0	0	15
0.75	0.95	areal	28	72	0.4375	0.0	0	14
0.75	0.95	areal	29	76	0.40625	0.0	0	13
0.75	0.95	areal	30	80	0.375	0.0	0	12
0.75	0.95	areal	31	92	0.28125	0.0	0	9
0.75	0.95	areal	32	80	0.375	0.0	0	12
0.75	0.95	areal	33	88	0.3125	0.0	0	10
0.75	0.95	areal	34	84	0.34375	0.0	0	11
0.75	0.95	areal	35	76	0.40625	0.0	0	13
0.75	0.95	areal	36	80	0.375	0.0	0	12
0.75	0.95	areal	37	84	0.34375	0.0	0	11
0.75	0.95	areal	38	76	0.40625	0.0	0	13
0.75	0.95	areal	39	80	0.375	0.0	0	12
0.75	0.95	gift	0	80	0.375	0.0	0	12
0.75	0.95	gift	1	92	0.28125	0.0	0	9
0.75	0.95	gift	2	84	0.34375	0.0	0	11
0.75	0.95	gift	3	92	0.28125	0.0	0	9
0.75	0.95	gift	4	84	0.34375	0.0	0	11
0.75	0.95	gift	5	88	0.3125	0.0	0	10
0.75	0.95	gift	6	80	0.375	0.0	0	12
0.75	0.95	gift	7	84	0.34375	0.0	0	11
0.75	0.95	gift	8	88	0.3125	0.0	0	10
0.75	0.95	gift	9	88	0.3125	0.0	0	10
0.75	0.95	gift	10	80	0.375	0.0	0	12
0.75	0.95	gift	11	88	0.3125	0.0	0	10
0.75	0.95	gift	12	80	0.375	0.0	0	12
0.75	0.95	gift	13	92	0.28125	0.0	0	9
0.75	0.95	gift	14	76	0.40625	0.0	0	13
0.75	0.95	gift	15	88	0.3125	0.0	0	10
0.75	0.95	gift	16	88	0.3125	0.0	0	10
0.75	0.95	gift	17	80	0.375	0.0	0	12
0.75	0.95	gift	18	88	0.3125	0.0	0	10
0.75	0.95	gift	19	80	0.375	0.0	0	12
0.75	0.95	gift	20	84	0.34375	0.0	0	11
0.75	0.95	gift	21	80	0.375	0.0	0	12
0.75	0.95	gift	22	72	0.4375	0.0	0	14
0.75	0.95	gift	23	72	0.4375	0.0	0	14
0.75	0.95	gift	24	72	0.4375	0.0	0	14
0.75	0.95	gift	25	80	0.375	0.0	0	12
0.75	0.95	gift	26	76	0.40625	0.0	0	13
0.75	0.95	gift	27	68	0.46875	0.0	0	15
0.75	0.95	gift	28	72	0.4375	0.0	0	14
0.75	0.95	gift	29	68	0.46875	0.0	0	15
0.75	0.95	gift	30	72	0.4375	0.0	0	14
0.75	0.95	gift	31	68	0.46875	0.0	0	15
0.75	0.95	gift	32	80	0.375	0.0	0	12
0.75	0.95	gift	33	68	0.46875	0.0	0	15
0.75	0.95	gift	34	64	0.5	0.0	0	16
0.75	0.95	gift	35	68	0.46875	0.0	0	15
0.75	0.95	gift	36	68	0.46875	0.0	0	15
0.75	0.95	gift	37	72	0.4375	0.0	0	14
0.75	0.95	gift	38	68	0.46875	0.0	0	15
0.75	0.95	gift	39	76	0.40625	0.0	0	13
0.75	0.95	grpo	0	84	0.34375	0.0	0	11
0.75	0.95	grpo	1	96	0.25	0.0	0	8
0.75	0.95	grpo	2	84	0.34375	0.0	0	11
0.75	0.95	grpo	3	80	0.375	0.0	0	12
0.75	0.95	grpo	4	84	0.34375	0.0	0	11
0.75	0.95	grpo	5	84	0.34375	0.0	0	11
0.75	0.95	grpo	6	76	0.40625	0.0	0	13
0.75	0.95	grpo	7	84	0.34375	0.0	0	11
0.75	0.95	grpo	8	92	0.28125	0.0	0	9
0.75	0.95	grpo	9	84	0.34375	0.0	0	11
0.75	0.95	grpo	10	84	0.34375	0.0	0	11
0.75	0.95	grpo	11	84	0.34375	0.0	0	11
0.75	0.95	grpo	12	76	0.40625	0.0	0	13
0.75	0.95	grpo	13	92	0.28125	0.0	0	9
0.75	0.95	grpo	14	80	0.375	0.0	0	12
0.75	0.95	grpo	15	80	0.375	0.0	0	12
0.75	0.95	grpo	16	88	0.3125	0.0	0	10
0.75	0.95	grpo	17	96	0.25	0.0	0	8
0.75	0.95	grpo	18	92	0.28125	0.0	0	9
0.75	0.95	grpo	19	88	0.3125	0.0	0	10
0.75	0.95	grpo	20	88	0.3125	0.0	0	10
0.75	0.95	grpo	21	80	0.375	0.0	0	12
0.75	0.95	grpo	22	80	0.375	0.0	0	12
0.75	0.95	grpo	23	72	0.4375	0.0	0	14
0.75	0.95	grpo	24	76	0.40625	0.0	0	13
0.75	0.95	grpo	25	92	0.28125	0.0	0	9
0.75	0.95	grpo	26	76	0.40625	0.0	0	13
0.75	0.95	grpo	27	68	0.46875	0.0	0	15
0.75	0.95	grpo	28	76	0.40625	0.0	0	13
0.75	0.95	grpo	29	76	0.40625	0.0	0	13
0.75	0.95	grpo	30	76	0.40625	0.0	0	13
0.75	0.95	grpo	31	80	0.375	0.0	0	12
0.75	0.95	grpo	32	84	0.34375	0.0	0	11
0.75	0.95	grpo	33	84	0.34375	0.0	0	11
0.75	0.95	grpo	34	72	0.4375	0.0	0	14
0.75	0.95	grpo	35	68	0.46875	0.0	0	15
0.75	0.95	grpo	36	76	0.40625	0.0	0	13
0.75	0.95	grpo	37	80	0.375	0.0	0	12
0.75	0.95	grpo	38	84	0.34375	0.0	0	11
0.75	0.95	grpo	39	80	0.375	0.0	0	12
0.75	1.0	aero	0	84	0.34375	0.0	0	11
0.75	1.0	aero	1	84	0.34375	0.0	0	11
0.75	1.0	aero	2	76	0.40625	0.0	0	13
0.75	1.0	aero	3	84	0.34375	0.0	0	11
0.75	1.0	aero	4	80	0.375	0.0	0	12
0.75	1.0	aero	5	92	0.28125	0.0	0	9
0.75	1.0	aero	6	80	0.375	0.0	0	12
0.75	1.0	aero	7	88	0.3125	0.0	0	10
0.75	1.0	aero	8	84	0.34375	0.0	0	11
0.75	1.0	aero	9	88	0.3125	0.0	0	10
0.75	1.0	aero	10	80	0.375	0.0	0	12
0.75	1.0	aero	11	92	0.28125	0.0	0	9
0.75	1.0	aero	12	84	0.34375	0.0	0	11
0.75	1.0	aero	13	92	0.28125	0.0	0	9
0.75	1.0	aero	14	80	0.375	0.0	0	12
0.75	1.0	aero	15	76	0.40625	0.0	0	13
0.75	1.0	aero	16	92	0.28125	0.0	0	9
0.75	1.0	aero	17	92	0.28125	0.0	0	9
0.75	1.0	aero	18	88	0.3125	0.0	0	10
0.75	1.0	aero	19	88	0.3125	0.0	0	10
0.75	1.0	aero	20	88	0.3125	0.0	0	10
0.75	1.0	aero	21	76	0.40625	0.0	0	13
0.75	1.0	aero	22	84	0.34375	0.0	0	11
0.75	1.0	aero	23	76	0.40625	0.0	0	13
0.75	1.0	aero	24	76	0.40625	0.0	0	13
0.75	1.0	aero	25	84	0.34375	0.0	0	11
0.75	1.0	aero	26	72	0.4375	0.0	0	14
0.75	1.0	aero	27	68	0.46875	0.0	0	15
0.75	1.0	aero	28	76	0.40625	0.0	0	13
0.75	1.0	aero	29	72	0.4375	0.0	0	14
0.75	1.0	aero	30	76	0.40625	0.0	0	13
0.75	1.0	aero	31	76	0.40625	0.0	0	13
0.75	1.0	aero	32	80	0.375	0.0	0	12
0.75	1.0	aero	33	88	0.3125	0.0	0	10
0.75	1.0	aero	34	72	0.4375	0.0	0	14
0.75	1.0	aero	35	76	0.40625	0.0	0	13
0.75	1.0	aero	36	76	0.40625	0.0	0	13
0.75	1.0	aero	37	84	0.34375	0.0	0	11
0.75	1.0	aero	38	84	0.34375	0.0	0	11
0.75	1.0	aero	39	88	0.3125	0.0	0	10
0.75	1.0	areal	0	84	0.34375	0.0	0	11
0.75	1.0	areal	1	96	0.25	0.0	0	8
0.75	1.0	areal	2	84	0.34375	0.0	0	11
0.75	1.0	areal	3	84	0.34375	0.0	0	11
0.75	1.0	areal	4	96	0.25	0.0	0	8
0.75	1.0	areal	5	80	0.375	0.0	0	12
0.75	1.0	areal	6	84	0.34375	0.0	0	11
0.75	1.0	areal	7	72	0.4375	0.0	0	14
0.75	1.0	areal	8	88	0.3125	0.0	0	10
0.75	1.0	areal	9	84	0.34375	0.0	0	11
0.75	1.0	areal	10	84	0.34375	0.0	0	11
0.75	1.0	areal	11	96	0.25	0.0	0	8
0.75	1.0	areal	12	76	0.40625	0.0	0	13
0.75	1.0	areal	13	92	0.28125	0.0	0	9
0.75	1.0	areal	14	84	0.34375	0.0	0	11
0.75	1.0	areal	15	84	0.34375	0.0	0	11
0.75	1.0	areal	16	88	0.3125	0.0	0	10
0.75	1.0	areal	17	96	0.25	0.0	0	8
0.75	1.0	areal	18	92	0.28125	0.0	0	9
0.75	1.0	areal	19	80	0.375	0.0	0	12
0.75	1.0	areal	20	84	0.34375	0.0	0	11
0.75	1.0	areal	21	84	0.34375	0.0	0	11
0.75	1.0	areal	22	76	0.40625	0.0	0	13
0.75	1.0	areal	23	76	0.40625	0.0	0	13
0.75	1.0	areal	24	72	0.4375	0.0	0	14
0.75	1.0	areal	25	88	0.3125	0.0	0	10
0.75	1.0	areal	26	72	0.4375	0.0	0	14
0.75	1.0	areal	27	68	0.46875	0.0	0	15
0.75	1.0	areal	28	72	0.4375	0.0	0	14
0.75	1.0	areal	29	76	0.40625	0.0	0	13
0.75	1.0	areal	30	80	0.375	0.0	0	12
0.75	1.0	areal	31	92	0.28125	0.0	0	9
0.75	1.0	areal	32	80	0.375	0.0	0	12
0.75	1.0	areal	33	88	0.3125	0.0	0	10
0.75	1.0	areal	34	84	0.34375	0.0	0	11
0.75	1.0	areal	35	76	0.40625	0.0	0	13
0.75	1.0	areal	36	80	0.375	0.0	0	12
0.75	1.0	areal	37	84	0.34375	0.0	0	11
0.75	1.0	areal	38	76	0.40625	0.0	0	13
0.75	1.0	areal	39	80	0.375	0.0	0	12
0.75	1.0	gift	0	80	0.375	0.0	0	12
0.75	1.0	gift	1	92	0.28125	0.0	0	9
0.75	1.0	gift	2	84	0.34375	0.0	0	11
0.75	1.0	gift	3	92	0.28125	0.0	0	9
0.75	1.0	gift	4	84	0.34375	0.0	0	11
0.75	1.0	gift	5	88	0.3125	0.0	0	10
0.75	1.0	gift	6	80	0.375	0.0	0	12
0.75	1.0	gift	7	84	0.34375	0.0	0	11
0.75	1.0	gift	8	88	0.3125	0.0	0	10
0.75	1.0	gift	9	88	0.3125	0.0	0	10
0.75	1.0	gift	10	80	0.375	0.0	0	12
0.75	1.0	gift	11	88	0.3125	0.0	0	10
0.75	1.0	gift	12	80	0.375	0.0	0	12
0.75	1.0	gift	13	92	0.28125	0.0	0	9
0.75	1.0	gift	14	76	0.40625	0.0	0	13
0.75	1.0	gift	15	88	0.3125	0.0	0	10
0.75	1.0	gift	16	88	0.3125	0.0	0	10
0.75	1.0	gift	17	80	0.375	0.0	0	12
0.75	1.0	gift	18	88	0.3125	0.0	0	10
0.75	1.0	gift	19	80	0.375	0.0	0	12
0.75	1.0	gift	20	84	0.34375	0.0	0	11
0.75	1.0	gift	21	80	0.375	0.0	0	12
0.75	1.0	gift	22	72	0.4375	0.0	0	14
0.75	1.0	gift	23	72	0.4375	0.0	0	14
0.75	1.0	gift	24	72	0.4375	0.0	0	14
0.75	1.0	gift	25	80	0.375	0.0	0	12
0.75	1.0	gift	26	76	0.40625	0.0	0	13
0.75	1.0	gift	27	68	0.46875	0.0	0	15
0.75	1.0	gift	28	72	0.4375	0.0	0	14
0.75	1.0	gift	29	68	0.46875	0.0	0	15
0.75	1.0	gift	30	72	0.4375	0.0	0	14
0.75	1.0	gift	31	68	0.46875	0.0	0	15
0.75	1.0	gift	32	80	0.375	0.0	0	12
0.75	1.0	gift	33	68	0.46875	0.0	0	15
0.75	1.0	gift	34	64	0.5	0.0	0	16
0.75	1.0	gift	35	68	0.46875	0.0	0	15
0.75	1.0	gift	36	68	0.46875	0.0	0	15
0.75	1.0	gift	37	72	0.4375	0.0	0	14
0.75	1.0	gift	38	68	0.46875	0.0	0	15
0.75	1.0	gift	39	76	0.40625	0.0	0	13
0.75	1.0	grpo	0	84	0.34375	0.0	0	11
0.75	1.0	grpo	1	96	0.25	0.0	0	8
0.75	1.0	grpo	2	84	0.34375	0.0	0	11
0.75	1.0	grpo	3	80	0.375	0.0	0	12
0.75	1.0	grpo	4	84	0.34375	0.0	0	11
0.75	1.0	grpo	5	84	0.34375	0.0	0	11
0.75	1.0	grpo	6	76	0.40625	0.0	0	13
0.75	1.0	grpo	7	84	0.34375	0.0	0	11
0.75	1.0	grpo	8	92	0.28125	0.0	0	9
0.75	1.0	grpo	9	84	0.34375	0.0	0	11
0.75	1.0	grpo	10	84	0.34375	0.0	0	11
0.75	1.0	grpo	11	84	0.34375	0.0	0	11
0.75	1.0	grpo	12	76	0.40625	0.0	0	13
0.75	1.0	grpo	13	92	0.28125	0.0	0	9
0.75	1.0	grpo	14	80	0.375	0.0	0	12
0.75	1.0	grpo	15	80	0.375	0.0	0	12
0.75	1.0	grpo	16	88	0.3125	0.0	0	10
0.75	1.0	grpo	17	96	0.25	0.0	0	8
0.75	1.0	grpo	18	92	0.28125	0.0	0	9
0.75	1.0	grpo	19	88	0.3125	0.0	0	10
0.75	1.0	grpo	20	88	0.3125	0.0	0	10
0.75	1.0	grpo	21	80	0.375	0.0	0	12
0.75	1.0	grpo	22	80	0.375	0.0	0	12
0.75	1.0	grpo	23	72	0.4375	0.0	0	14
0.75	1.0	grpo	24	76	0.40625	0.0	0	13
0.75	1.0	grpo	25	92	0.28125	0.0	0	9
0.75	1.0	grpo	26	76	0.40625	0.0	0	13
0.75	1.0	grpo	27	68	0.46875	0.0	0	15
0.75	1.0	grpo	28	76	0.40625	0.0	0	13
0.75	1.0	grpo	29	76	0.40625	0.0	0	13
0.75	1.0	grpo	30	76	0.40625	0.0	0	13
0.75	1.0	grpo	31	80	0.375	0.0	0	12
0.75	1.0	grpo	32	84	0.34375	0.0	0	11
0.75	1.0	grpo	33	84	0.34375	0.0	0	11
0.75	1.0	grpo	34	72	0.4375	0.0	0	14
0.75	1.0	grpo	35	68	0.46875	0.0	0	15
0.75	1.0	grpo	36	76	0.40625	0.0	0	13
0.75	1.0	grpo	37	80	0.375	0.0	0	12
0.75	1.0	grpo	38	84	0.34375	0.0	0	11
0.75	1.0	grpo	39	80	0.375	0.0	0	12
0.8	0.85	aero	0	84	0.34375	0.0	0	11
0.8	0.85	aero	1	84	0.34375	0.0	0	11
0.8	0.85	aero	2	76	0.40625	0.0	0	13
0.8	0.85	aero	3	84	0.34375	0.0	0	11
0.8	0.85	aero	4	80	0.375	0.0	0	12
0.8	0.85	aero	5	92	0.28125	0.0	0	9
0.8	0.85	aero	6	80	0.375	0.0	0	12
0.8	0.85	aero	7	88	0.3125	0.0	0	10
0.8	0.85	aero	8	84	0.34375	0.0	0	11
0.8	0.85	aero	9	88	0.3125	0.0	0	10
0.8	0.85	aero	10	80	0.375	0.0	0	12
0.8	0.85	aero	11	92	0.28125	0.0	0	9
0.8	0.85	aero	12	84	0.34375	0.0	0	11
0.8	0.85	aero	13	92	0.28125	0.0	0	9
0.8	0.85	aero	14	80	0.375	0.0	0	12
0.8	0.85	aero	15	76	0.40625	0.0	0	13
0.8	0.85	aero	16	92	0.28125	0.0	0	9
0.8	0.85	aero	17	92	0.28125	0.0	0	9
0.8	0.85	aero	18	88	0.3125	0.0	0	10
0.8	0.85	aero	19	88	0.3125	0.0	0	10
0.8	0.85	aero	20	88	0.3125	0.0	0	10
0.8	0.85	aero	21	76	0.40625	0.0	0	13
0.8	0.85	aero	22	84	0.34375	0.0	0	11
0.8	0.85	aero	23	76	0.40625	0.0	0	13
0.8	0.85	aero	24	76	0.40625	0.0	0	13
0.8	0.85	aero	25	84	0.34375	0.0	0	11
0.8	0.85	aero	26	72	0.4375	0.0	0	14
0.8	0.85	aero	27	68	0.46875	0.0	0	15
0.8	0.85	aero	28	76	0.40625	0.0	0	13
0.8	0.85	aero	29	72	0.4375	0.0	0	14
0.8	0.85	aero	30	76	0.40625	0.0	0	13
0.8	0.85	aero	31	76	0.40625	0.0	0	13
0.8	0.85	aero	32	80	0.375	0.0	0	12
0.8	0.85	aero	33	88	0.3125	0.0	0	10
0.8	0.85	aero	34	72	0.4375	0.0	0	14
0.8	0.85	aero	35	76	0.40625	0.0	0	13
0.8	0.85	aero	36	76	0.40625	0.0	0	13
0.8	0.85	aero	37	84	0.34375	0.0	0	11
0.8	0.85	aero	38	84	0.34375	0.0	0	11
0.8	0.85	aero	39	88	0.3125	0.0	0	10
0.8	0.85	areal	0	84	0.34375	0.0	0	11
0.8	0.85	areal	1	96	0.25	0.0	0	8
0.8	0.85	areal	2	84	0.34375	0.0	0	11
0.8	0.85	areal	3	84	0.34375	0.0	0	11
0.8	0.85	areal	4	96	0.25	0.0	0	8
0.8	0.85	areal	5	80	0.375	0.0	0	12
0.8	0.85	areal	6	84	0.34375	0.0	0	11
0.8	0.85	areal	7	72	0.4375	0.0	0	14
0.8	0.85	areal	8	88	0.3125	0.0	0	10
0.8	0.85	areal	9	84	0.34375	0.0	0	11
0.8	0.85	areal	10	84	0.34375	0.0	0	11
0.8	0.85	areal	11	96	0.25	0.0	0	8
0.8	0.85	areal	12	76	0.40625	0.0	0	13
0.8	0.85	areal	13	92	0.28125	0.0	0	9
0.8	0.85	areal	14	84	0.34375	0.0	0	11
0.8	0.85	areal	15	84	0.34375	0.0	0	11
0.8	0.85	areal	16	88	0.3125	0.0	0	10
0.8	0.85	areal	17	96	0.25	0.0	0	8
0.8	0.85	areal	18	92	0.28125	0.0	0	9
0.8	0.85	areal	19	80	0.375	0.0	0	12
0.8	0.85	areal	20	84	0.34375	0.0	0	11
0.8	0.85	areal	21	84	0.34375	0.0	0	11
0.8	0.85	areal	22	76	0.40625	0.0	0	13
0.8	0.85	areal	23	76	0.40625	0.0	0	13
0.8	0.85	areal	24	72	0.4375	0.0	0	14
0.8	0.85	areal	25	88	0.3125	0.0	0	10
0.8	0.85	areal	26	72	0.4375	0.0	0	14
0.8	0.85	areal	27	68	0.46875	0.0	0	15
0.8	0.85	areal	28	72	0.4375	0.0	0	14
0.8	0.85	areal	29	76	0.40625	0.0	0	13
0.8	0.85	areal	30	80	0.375	0.0	0	12
0.8	0.85	areal	31	92	0.28125	0.0	0	9
0.8	0.85	areal	32	80	0.375	0.0	0	12
0.8	0.85	areal	33	88	0.3125	0.0	0	10
0.8	0.85	areal	34	84	0.34375	0.0	0	11
0.8	0.85	areal	35	76	0.40625	0.0	0	13
0.8	0.85	areal	36	80	0.375	0.0	0	12
0.8	0.85	areal	37	84	0.34375	0.0	0	11
0.8	0.85	areal	38	76	0.40625	0.0	0	13
0.8	0.85	areal	39	80	0.375	0.0	0	12
0.8	0.85	gift	0	80	0.375	0.0	0	12
0.8	0.85	gift	1	92	0.28125	0.0	0	9
0.8	0.85	gift	2	84	0.34375	0.0	0	11
0.8	0.85	gift	3	92	0.28125	0.0	0	9
0.8	0.85	gift	4	84	0.34375	0.0	0	11
0.8	0.85	gift	5	88	0.3125	0.0	0	10
0.8	0.85	gift	6	80	0.375	0.0	0	12
0.8	0.85	gift	7	84	0.34375	0.0	0	11
0.8	0.85	gift	8	88	0.3125	0.0	0	10
0.8	0.85	gift	9	88	0.3125	0.0	0	10
0.8	0.85	gift	10	80	0.375	0.0	0	12
0.8	0.85	gift	11	88	0.3125	0.0	0	10
0.8	0.85	gift	12	80	0.375	0.0	0	12
0.8	0.85	gift	13	92	0.28125	0.0	0	9
0.8	0.85	gift	14	76	0.40625	0.0	0	13
0.8	0.85	gift	15	88	0.3125	0.0	0	10
0.8	0.85	gift	16	88	0.3125	0.0	0	10
0.8	0.85	gift	17	80	0.375	0.0	0	12
0.8	0.85	gift	18	88	0.3125	0.0	0	10
0.8	0.85	gift	19	80	0.375	0.0	0	12
0.8	0.85	gift	20	84	0.34375	0.0	0	11
0.8	0.85	gift	21	80	0.375	0.0	0	12
0.8	0.85	gift	22	72	0.4375	0.0	0	14
0.8	0.85	gift	23	72	0.4375	0.0	0	14
0.8	0.85	gift	24	72	0.4375	0.0	0	14
0.8	0.85	gift	25	80	0.375	0.0	0	12
0.8	0.85	gift	26	76	0.40625	0.0	0	13
0.8	0.85	gift	27	68	0.46875	0.0	0	15
0.8	0.85	gift	28	72	0.4375	0.0	0	14
0.8	0.85	gift	29	68	0.46875	0.0	0	15
0.8	0.85	gift	30	72	0.4375	0.0	0	14
0.8	0.85	gift	31	68	0.46875	0.0	0	15
0.8	0.85	gift	32	80	0.375	0.0	0	12
0.8	0.85	gift	33	68	0.46875	0.0	0	15
0.8	0.85	gift	34	64	0.5	0.0	0	16
0.8	0.85	gift	35	68	0.46875	0.0	0	15
0.8	0.85	gift	36	68	0.46875	0.0	0	15
0.8	0.85	gift	37	72	0.4375	0.0	0	14
0.8	0.85	gift	38	68	0.46875	0.0	0	15
0.8	0.85	gift	39	76	0.40625	0.0	0	13
0.8	0.85	grpo	0	84	0.34375	0.0	0	11
0.8	0.85	grpo	1	96	0.25	0.0	0	8
0.8	0.85	grpo	2	84	0.34375	0.0	0	11
0.8	0.85	grpo	3	80	0.375	0.0	0	12
0.8	0.85	grpo	4	84	0.34375	0.0	0	11
0.8	0.85	grpo	5	84	0.34375	0.0	0	11
0.8	0.85	grpo	6	76	0.40625	0.0	0	13
0.8	0.85	grpo	7	84	0.34375	0.0	0	11
0.8	0.85	grpo	8	92	0.28125	0.0	0	9
0.8	0.85	grpo	9	84	0.34375	0.0	0	11
0.8	0.85	grpo	10	84	0.34375	0.0	0	11
0.8	0.85	grpo	11	84	0.34375	0.0	0	11
0.8	0.85	grpo	12	76	0.40625	0.0	0	13
0.8	0.85	grpo	13	92	0.28125	0.0	0	9
0.8	0.85	grpo	14	80	0.375	0.0	0	12
0.8	0.85	grpo	15	80	0.375	0.0	0	12
0.8	0.85	grpo	16	88	0.3125	0.0	0	10
0.8	0.85	grpo	17	96	0.25	0.0	0	8
0.8	0.85	grpo	18	92	0.28125	0.0	0	9
0.8	0.85	grpo	19	88	0.3125	0.0	0	10
0.8	0.85	grpo	20	88	0.3125	0.0	0	10
0.8	0.85	grpo	21	80	0.375	0.0	0	12
0.8	0.85	grpo	22	80	0.375	0.0	0	12
0.8	0.85	grpo	23	72	0.4375	0.0	0	14
0.8	0.85	grpo	24	76	0.40625	0.0	0	13
0.8	0.85	grpo	25	92	0.28125	0.0	0	9
0.8	0.85	grpo	26	76	0.40625	0.0	0	13
0.8	0.85	grpo	27	68	0.46875	0.0	0	15
0.8	0.85	grpo	28	76	0.40625	0.0	0	13
0.8	0.85	grpo	29	76	0.40625	0.0	0	13
0.8	0.85	grpo	30	76	0.40625	0.0	0	13
0.8	0.85	grpo	31	80	0.375	0.0	0	12
0.8	0.85	grpo	32	84	0.34375	0.0	0	11
0.8	0.85	grpo	33	84	0.34375	0.0	0	11
0.8	0.85	grpo	34	72	0.4375	0.0	0	14
0.8	0.85	grpo	35	68	0.46875	0.0	0	15
0.8	0.85	grpo	36	76	0.40625	0.0	0	13
0.8	0.85	grpo	37	80	0.375	0.0	0	12
0.8	0.85	grpo	38	84	0.34375	0.0	0	11
0.8	0.85	grpo	39	80	0.375	0.0	0	12
0.8	0.9	aero	0	84	0.34375	0.0	0	11
0.8	0.9	aero	1	84	0.34375	0.0	0	11
0.8	0.9	aero	2	76	0.40625	0.0	0	13
0.8	0.9	aero	3	84	0.34375	0.0	0	11
0.8	0.9	aero	4	80	0.375	0.0	0	12
0.8	0.9	aero	5	92	0.28125	0.0	0	9
0.8	0.9	aero	6	80	0.375	0.0	0	12
0.8	0.9	aero	7	88	0.3125	0.0	0	10
0.8	0.9	aero	8	84	0.34375	0.0	0	11
0.8	0.9	aero	9	88	0.3125	0.0	0	10
0.8	0.9	aero	10	80	0.375	0.0	0	12
0.8	0.9	aero	11	92	0.28125	0.0	0	9
0.8	0.9	aero	12	84	0.34375	0.0	0	11
0.8	0.9	aero	13	92	0.28125	0.0	0	9
0.8	0.9	aero	14	80	0.375	0.0	0	12
0.8	0.9	aero	15	76	0.40625	0.0	0	13
0.8	0.9	aero	16	92	0.28125	0.0	0	9
0.8	0.9	aero	17	92	0.28125	0.0	0	9
0.8	0.9	aero	18	88	0.3125	0.0	0	10
0.8	0.9	aero	19	88	0.3125	0.0	0	10
0.8	0.9	aero	20	88	0.3125	0.0	0	10
0.8	0.9	aero	21	76	0.40625	0.0	0	13
0.8	0.9	aero	22	84	0.34375	0.0	0	11
0.8	0.9	aero	23	76	0.40625	0.0	0	13
0.8	0.9	aero	24	76	0.40625	0.0	0	13
0.8	0.9	aero	25	84	0.34375	0.0	0	11
0.8	0.9	aero	26	72	0.4375	0.0	0	14
0.8	0.9	aero	27	68	0.46875	0.0	0	15
0.8	0.9	aero	28	76	0.40625	0.0	0	13
0.8	0.9	aero	29	72	0.4375	0.0	0	14
0.8	0.9	aero	30	76	0.40625	0.0	0	13
0.8	0.9	aero	31	76	0.40625	0.0	0	13
0.8	0.9	aero	32	80	0.375	0.0	0	12
0.8	0.9	aero	33	88	0.3125	0.0	0	10
0.8	0.9	aero	34	72	0.4375	0.0	0	14
0.8	0.9	aero	35	76	0.40625	0.0	0	13
0.8	0.9	aero	36	76	0.40625	0.0	0	13
0.8	0.9	aero	37	84	0.34375	0.0	0	11
0.8	0.9	aero	38	84	0.34375	0.0	0	11
0.8	0.9	aero	39	88	0.3125	0.0	0	10
0.8	0.9	areal	0	84	0.34375	0.0	0	11
0.8	0.9	areal	1	96	0.25	0.0	0	8
0.8	0.9	areal	2	84	0.34375	0.0	0	11
0.8	0.9	areal	3	84	0.34375	0.0	0	11
0.8	0.9	areal	4	96	0.25	0.0	0	8
0.8	0.9	areal	5	80	0.375	0.0	0	12
0.8	0.9	areal	6	84	0.34375	0.0	0	11
0.8	0.9	areal	7	72	0.4375	0.0	0	14
0.8	0.9	areal	8	88	0.3125	0.0	0	10
0.8	0.9	areal	9	84	0.34375	0.0	0	11
0.8	0.9	areal	10	84	0.34375	0.0	0	11
0.8	0.9	areal	11	96	0.25	0.0	0	8
0.8	0.9	areal	12	76	0.40625	0.0	0	13
0.8	0.9	areal	13	92	0.28125	0.0	0	9
0.8	0.9	areal	14	84	0.34375	0.0	0	11
0.8	0.9	areal	15	84	0.34375	0.0	0	11
0.8	0.9	areal	16	88	0.3125	0.0	0	10
0.8	0.9	areal	17	96	0.25	0.0	0	8
0.8	0.9	areal	18	92	0.28125	0.0	0	9
0.8	0.9	areal	19	80	0.375	0.0	0	12
0.8	0.9	areal	20	84	0.34375	0.0	0	11
0.8	0.9	areal	21	84	0.34375	0.0	0	11
0.8	0.9	areal	22	76	0.40625	0.0	0	13
0.8	0.9	areal	23	76	0.40625	0.0	0	13
0.8	0.9	areal	24	72	0.4375	0.0	0	14
0.8	0.9	areal	25	88	0.3125	0.0	0	10
0.8	0.9	areal	26	72	0.4375	0.0	0	14
0.8	0.9	areal	27	68	0.46875	0.0	0	15
0.8	0.9	areal	28	72	0.4375	0.0	0	14
0.8	0.9	areal	29	76	0.40625	0.0	0	13
0.8	0.9	areal	30	80	0.375	0.0	0	12
0.8	0.9	areal	31	92	0.28125	0.0	0	9
0.8	0.9	areal	32	80	0.375	0.0	0	12
0.8	0.9	areal	33	88	0.3125	0.0	0	10
0.8	0.9	areal	34	84	0.34375	0.0	0	11
0.8	0.9	areal	35	76	0.40625	0.0	0	13
0.8	0.9	areal	36	80	0.375	0.0	0	12
0.8	0.9	areal	37	84	0.34375	0.0	0	11
0.8	0.9	areal	38	76	0.40625	0.0	0	13
0.8	0.9	areal	39	80	0.375	0.0	0	12
0.8	0.9	gift	0	80	0.375	0.0	0	12
0.8	0.9	gift	1	92	0.28125	0.0	0	9
0.8	0.9	gift	2	84	0.34375	0.0	0	11
0.8	0.9	gift	3	92	0.28125	0.0	0	9
0.8	0.9	gift	4	84	0.34375	0.0	0	11
0.8	0.9	gift	5	88	0.3125	0.0	0	10
0.8	0.9	gift	6	80	0.375	0.0	0	12
0.8	0.9	gift	7	84	0.34375	0.0	0	11
0.8	0.9	gift	8	88	0.3125	0.0	0	10
0.8	0.9	gift	9	88	0.3125	0.0	0	10
0.8	0.9	gift	10	80	0.375	0.0	0	12
0.8	0.9	gift	11	88	0.3125	0.0	0	10
0.8	0.9	gift	12	80	0.375	0.0	0	12
0.8	0.9	gift	13	92	0.28125	0.0	0	9
0.8	0.9	gift	14	76	0.40625	0.0	0	13
0.8	0.9	gift	15	88	0.3125	0.0	0	10
0.8	0.9	gift	16	88	0.3125	0.0	0	10
0.8	0.9	gift	17	80	0.375	0.0	0	12
0.8	0.9	gift	18	88	0.3125	0.0	0	10
0.8	0.9	gift	19	80	0.375	0.0	0	12
0.8	0.9	gift	20	84	0.34375	0.0	0	11
0.8	0.9	gift	21	80	0.375	0.0	0	12
0.8	0.9	gift	22	72	0.4375	0.0	0	14
0.8	0.9	gift	23	72	0.4375	0.0	0	14
0.8	0.9	gift	24	72	0.4375	0.0	0	14
0.8	0.9	gift	25	80	0.375	0.0	0	12
0.8	0.9	gift	26	76	0.40625	0.0	0	13
0.8	0.9	gift	27	68	0.46875	0.0	0	15
0.8	0.9	gift	28	72	0.4375	0.0	0	14
0.8	0.9	gift	29	68	0.46875	0.0	0	15
0.8	0.9	gift	30	72	0.4375	0.0	0	14
0.8	0.9	gift	31	68	0.46875	0.0	0	15
0.8	0.9	gift	32	80	0.375	0.0	0	12
0.8	0.9	gift	33	68	0.46875	0.0	0	15
0.8	0.9	gift	34	64	0.5	0.0	0	16
0.8	0.9	gift	35	68	0.46875	0.0	0	15
0.8	0.9	gift	36	68	0.46875	0.0	0	15
0.8	0.9	gift	37	72	0.4375	0.0	0	14
0.8	0.9	gift	38	68	0.46875	0.0	0	15
0.8	0.9	gift	39	76	0.40625	0.0	0	13
0.8	0.9	grpo	0	84	0.34375	0.0	0	11
0.8	0.9	grpo	1	96	0.25	0.0	0	8
0.8	0.9	grpo	2	84	0.34375	0.0	0	11
0.8	0.9	grpo	3	80	0.375	0.0	0	12
0.8	0.9	grpo	4	84	0.34375	0.0	0	11
0.8	0.9	grpo	5	84	0.34375	0.0	0	11
0.8	0.9	grpo	6	76	0.40625	0.0	0	13
0.8	0.9	grpo	7	84	0.34375	0.0	0	11
0.8	0.9	grpo	8	92	0.28125	0.0	0	9
0.8	0.9	grpo	9	84	0.34375	0.0	0	11
0.8	0.9	grpo	10	84	0.34375	0.0	0	11
0.8	0.9	grpo	11	84	0.34375	0.0	0	11
0.8	0.9	grpo	12	76	0.40625	0.0	0	13
0.8	0.9	grpo	13	92	0.28125	0.0	0	9
0.8	0.9	grpo	14	80	0.375	0.0	0	12
0.8	0.9	grpo	15	80	0.375	0.0	0	12
0.8	0.9	grpo	16	88	0.3125	0.0	0	10
0.8	0.9	grpo	17	96	0.25	0.0	0	8
0.8	0.9	grpo	18	92	0.28125	0.0	0	9
0.8	0.9	grpo	19	88	0.3125	0.0	0	10
0.8	0.9	grpo	20	88	0.3125	0.0	0	10
0.8	0.9	grpo	21	80	0.375	0.0	0	12
0.8	0.9	grpo	22	80	0.375	0.0	0	12
0.8	0.9	grpo	23	72	0.4375	0.0	0	14
0.8	0.9	grpo	24	76	0.40625	0.0	0	13
0.8	0.9	grpo	25	92	0.28125	0.0	0	9
0.8	0.9	grpo	26	76	0.40625	0.0	0	13
0.8	0.9	grpo	27	68	0.46875	0.0	0	15
0.8	0.9	grpo	28	76	0.40625	0.0	0	13
0.8	0.9	grpo	29	76	0.40625	0.0	0	13
0.8	0.9	grpo	30	76	0.40625	0.0	0	13
0.8	0.9	grpo	31	80	0.375	0.0	0	12
0.8	0.9	grpo	32	84	0.34375	0.0	0	11
0.8	0.9	grpo	33	84	0.34375	0.0	0	11
0.8	0.9	grpo	34	72	0.4375	0.0	0	14
0.8	0.9	grpo	35	68	0.46875	0.0	0	15
0.8	0.9	grpo	36	76	0.40625	0.0	0	13
0.8	0.9	grpo	37	80	0.375	0.0	0	12
0.8	0.9	grpo	38	84	0.34375	0.0	0	11
0.8	0.9	grpo	39	80	0.375	0.0	0	12
0.8	0.95	aero	0	84	0.34375	0.0	0	11
0.8	0.95	aero	1	84	0.34375	0.0	0	11
0.8	0.95	aero	2	76	0.40625	0.0	0	13
0.8	0.95	aero	3	84	0.34375	0.0	0	11
0.8	0.95	aero	4	80	0.375	0.0	0	12
0.8	0.95	aero	5	92	0.28125	0.0	0	9
0.8	0.95	aero	6	80	0.375	0.0	0	12
0.8	0.95	aero	7	88	0.3125	0.0	0	10
0.8	0.95	aero	8	84	0.34375	0.0	0	11
0.8	0.95	aero	9	88	0.3125	0.0	0	10
0.8	0.95	aero	10	80	0.375	0.0	0	12
0.8	0.95	aero	11	92	0.28125	0.0	0	9
0.8	0.95	aero	12	84	0.34375	0.0	0	11
0.8	0.95	aero	13	92	0.28125	0.0	0	9
0.8	0.95	aero	14	80	0.375	0.0	0	12
0.8	0.95	aero	15	76	0.40625	0.0	0	13
0.8	0.95	aero	16	92	0.28125	0.0	0	9
0.8	0.95	aero	17	92	0.28125	0.0	0	9
0.8	0.95	aero	18	88	0.3125	0.0	0	10
0.8	0.95	aero	19	88	0.3125	0.0	0	10
0.8	0.95	aero	20	88	0.3125	0.0	0	10
0.8	0.95	aero	21	76	0.40625	0.0	0	13
0.8	0.95	aero	22	84	0.34375	0.0	0	11
0.8	0.95	aero	23	76	0.40625	0.0	0	13
0.8	0.95	aero	24	76	0.40625	0.0	0	13
0.8	0.95	aero	25	84	0.34375	0.0	0	11
0.8	0.95	aero	26	72	0.4375	0.0	0	14
0.8	0.95	aero	27	68	0.46875	0.0	0	15
0.8	0.95	aero	28	76	0.40625	0.0	0	13
0.8	0.95	aero	29	72	0.4375	0.0	0	14
0.8	0.95	aero	30	76	0.40625	0.0	0	13
0.8	0.95	aero	31	76	0.40625	0.0	0	13
0.8	0.95	aero	32	80	0.375	0.0	0	12
0.8	0.95	aero	33	88	0.3125	0.0	0	10
0.8	0.95	aero	34	72	0.4375	0.0	0	14
0.8	0.95	aero	35	76	0.40625	0.0	0	13
0.8	0.95	aero	36	76	0.40625	0.0	0	13
0.8	0.95	aero	37	84	0.34375	0.0	0	11
0.8	0.95	aero	38	84	0.34375	0.0	0	11
0.8	0.95	aero	39	88	0.3125	0.0	0	10
0.8	0.95	areal	0	84	0.34375	0.0	0	11
0.8	0.95	areal	1	96	0.25	0.0	0	8
0.8	0.95	areal	2	84	0.34375	0.0	0	11
0.8	0.95	areal	3	84	0.34375	0.0	0	11
0.8	0.95	areal	4	96	0.25	0.0	0	8
0.8	0.95	areal	5	80	0.375	0.0	0	12
0.8	0.95	areal	6	84	0.34375	0.0	0	11
0.8	0.95	areal	7	72	0.4375	0.0	0	14
0.8	0.95	areal	8	88	0.3125	0.0	0	10
0.8	0.95	areal	9	84	0.34375	0.0	0	11
0.8	0.95	areal	10	84	0.34375	0.0	0	11
0.8	0.95	areal	11	96	0.25	0.0	0	8
0.8	0.95	areal	12	76	0.40625	0.0	0	13
0.8	0.95	areal	13	92	0.28125	0.0	0	9
0.8	0.95	areal	14	84	0.34375	0.0	0	11
0.8	0.95	areal	15	84	0.34375	0.0	0	11
0.8	0.95	areal	16	88	0.3125	0.0	0	10
0.8	0.95	areal	17	96	0.25	0.0	0	8
0.8	0.95	areal	18	92	0.28125	0.0	0	9
0.8	0.95	areal	19	80	0.375	0.0	0	12
0.8	0.95	areal	20	84	0.34375	0.0	0	11
0.8	0.95	areal	21	84	0.34375	0.0	0	11
0.8	0.95	areal	22	76	0.40625	0.0	0	13
0.8	0.95	areal	23	76	0.40625	0.0	0	13
0.8	0.95	areal	24	72	0.4375	0.0	0	14
0.8	0.95	areal	25	88	0.3125	0.0	0	10
0.8	0.95	areal	26	72	0.4375	0.0	0	14
0.8	0.95	areal	27	68	0.46875	0.0	0	15
0.8	0.95	areal	28	72	0.4375	0.0	0	14
0.8	0.95	areal	29	76	0.40625	0.0	0	13
0.8	0.95	areal	30	80	0.375	0.0	0	12
0.8	0.95	areal	31	92	0.28125	0.0	0	9
0.8	0.95	areal	32	80	0.375	0.0	0	12
0.8	0.95	areal	33	88	0.3125	0.0	0	10
0.8	0.95	areal	34	84	0.34375	0.0	0	11
0.8	0.95	areal	35	76	0.40625	0.0	0	13
0.8	0.95	areal	36	80	0.375	0.0	0	12
0.8	0.95	areal	37	84	0.34375	0.0	0	11
0.8	0.95	areal	38	76	0.40625	0.0	0	13
0.8	0.95	areal	39	80	0.375	0.0	0	12
0.8	0.95	gift	0	80	0.375	0.0	0	12
0.8	0.95	gift	1	92	0.28125	0.0	0	9
0.8	0.95	gift	2	84	0.34375	0.0	0	11
0.8	0.95	gift	3	92	0.28125	0.0	0	9
0.8	0.95	gift	4	84	0.34375	0.0	0	11
0.8	0.95	gift	5	88	0.3125	0.0	0	10
0.8	0.95	gift	6	80	0.375	0.0	0	12
0.8	0.95	gift	7	84	0.34375	0.0	0	11
0.8	0.95	gift	8	88	0.3125	0.0	0	10
0.8	0.95	gift	9	88	0.3125	0.0	0	10
0.8	0.95	gift	10	80	0.375	0.0	0	12
0.8	0.95	gift	11	88	0.3125	0.0	0	10
0.8	0.95	gift	12	80	0.375	0.0	0	12
0.8	0.95	gift	13	92	0.28125	0.0	0	9
0.8	0.95	gift	14	76	0.40625	0.0	0	13
0.8	0.95	gift	15	88	0.3125	0.0	0	10
0.8	0.95	gift	16	88	0.3125	0.0	0	10
0.8	0.95	gift	17	80	0.375	0.0	0	12
0.8	0.95	gift	18	88	0.3125	0.0	0	10
0.8	0.95	gift	19	80	0.375	0.0	0	12
0.8	0.95	gift	20	84	0.34375	0.0	0	11
0.8	0.95	gift	21	80	0.375	0.0	0	12
0.8	0.95	gift	22	72	0.4375	0.0	0	14
0.8	0.95	gift	23	72	0.4375	0.0	0	14
0.8	0.95	gift	24	72	0.4375	0.0	0	14
0.8	0.95	gift	25	80	0.375	0.0	0	12
0.8	0.95	gift	26	76	0.40625	0.0	0	13
0.8	0.95	gift	27	68	0.46875	0.0	0	15
0.8	0.95	gift	28	72	0.4375	0.0	0	14
0.8	0.95	gift	29	68	0.46875	0.0	0	15
0.8	0.95	gift	30	72	0.4375	0.0	0	14
0.8	0.95	gift	31	68	0.46875	0.0	0	15
0.8	0.95	gift	32	80	0.375	0.0	0	12
0.8	0.95	gift	33	68	0.46875	0.0	0	15
0.8	0.95	gift	34	64	0.5	0.0	0	16
0.8	0.95	gift	35	68	0.46875	0.0	0	15
0.8	0.95	gift	36	68	0.46875	0.0	0	15
0.8	0.95	gift	37	72	0.4375	0.0	0	14
0.8	0.95	gift	38	68	0.46875	0.0	0	15
0.8	0.95	gift	39	76	0.40625	0.0	0	13
0.8	0.95	grpo	0	84	0.34375	0.0	0	11
0.8	0.95	grpo	1	96	0.25	0.0	0	8
0.8	0.95	grpo	2	84	0.34375	0.0	0	11
0.8	0.95	grpo	3	80	0.375	0.0	0	12
0.8	0.95	grpo	4	84	0.34375	0.0	0	11
0.8	0.95	grpo	5	84	0.34375	0.0	0	11
0.8	0.95	grpo	6	76	0.40625	0.0	0	13
0.8	0.95	grpo	7	84	0.34375	0.0	0	11
0.8	0.95	grpo	8	92	0.28125	0.0	0	9
0.8	0.95	grpo	9	84	0.34375	0.0	0	11
0.8	0.95	grpo	10	84	0.34375	0.0	0	11
0.8	0.95	grpo	11	84	0.34375	0.0	0	11
0.8	0.95	grpo	12	76	0.40625	0.0	0	13
0.8	0.95	grpo	13	92	0.28125	0.0	0	9
0.8	0.95	grpo	14	80	0.375	0.0	0	12
0.8	0.95	grpo	15	80	0.375	0.0	0	12
0.8	0.95	grpo	16	88	0.3125	0.0	0	10
0.8	0.95	grpo	17	96	0.25	0.0	0	8
0.8	0.95	grpo	18	92	0.28125	0.0	0	9
0.8	0.95	grpo	19	88	0.3125	0.0	0	10
0.8	0.95	grpo	20	88	0.3125	0.0	0	10
0.8	0.95	grpo	21	80	0.375	0.0	0	12
0.8	0.95	grpo	22	80	0.375	0.0	0	12
0.8	0.95	grpo	23	72	0.4375	0.0	0	14
0.8	0.95	grpo	24	76	0.40625	0.0	0	13
0.8	0.95	grpo	25	92	0.28125	0.0	0	9
0.8	0.95	grpo	26	76	0.40625	0.0	0	13
0.8	0.95	grpo	27	68	0.46875	0.0	0	15
0.8	0.95	grpo	28	76	0.40625	0.0	0	13
0.8	0.95	grpo	29	76	0.40625	0.0	0	13
0.8	0.95	grpo	30	76	0.40625	0.0	0	13
0.8	0.95	grpo	31	80	0.375	0.0	0	12
0.8	0.95	grpo	32	84	0.34375	0.0	0	11
0.8	0.95	grpo	33	84	0.34375	0.0	0	11
0.8	0.95	grpo	34	72	0.4375	0.0	0	14
0.8	0.95	grpo	35	68	0.46875	0.0	0	15
0.8	0.95	grpo	36	76	0.40625	0.0	0	13
0.8	0.95	grpo	37	80	0.375	0.0	0	12
0.8	0.95	grpo	38	84	0.34375	0.0	0	11
0.8	0.95	grpo	39	80	0.375	0.0	0	12
0.8	1.0	aero	0	84	0.34375	0.0	0	11
0.8	1.0	aero	1	84	0.34375	0.0	0	11
0.8	1.0	aero	2	76	0.40625	0.0	0	13
0.8	1.0	aero	3	84	0.34375	0.0	0	11
0.8	1.0	aero	4	80	0.375	0.0	0	12
0.8	1.0	aero	5	92	0.28125	0.0	0	9
0.8	1.0	aero	6	80	0.375	0.0	0	12
0.8	1.0	aero	7	88	0.3125	0.0	0	10
0.8	1.0	aero	8	84	0.34375	0.0	0	11
0.8	1.0	aero	9	88	0.3125	0.0	0	10
0.8	1.0	aero	10	80	0.375	0.0	0	12
0.8	1.0	aero	11	92	0.28125	0.0	0	9
0.8	1.0	aero	12	84	0.34375	0.0	0	11
0.8	1.0	aero	13	92	0.28125	0.0	0	9
0.8	1.0	aero	14	80	0.375	0.0	0	12
0.8	1.0	aero	15	76	0.40625	0.0	0	13
0.8	1.0	aero	16	92	0.28125	0.0	0	9
0.8	1.0	aero	17	92	0.28125	0.0	0	9
0.8	1.0	aero	18	88	0.3125	0.0	0	10
0.8	1.0	aero	19	88	0.3125	0.0	0	10
0.8	1.0	aero	20	88	0.3125	0.0	0	10
0.8	1.0	aero	21	76	0.40625	0.0	0	13
0.8	1.0	aero	22	84	0.34375	0.0	0	11
0.8	1.0	aero	23	76	0.40625	0.0	0	13
0.8	1.0	aero	24	76	0.40625	0.0	0	13
0.8	1.0	aero	25	84	0.34375	0.0	0	11
0.8	1.0	aero	26	72	0.4375	0.0	0	14
0.8	1.0	aero	27	68	0.46875	0.0	0	15
0.8	1.0	aero	28	76	0.40625	0.0	0	13
0.8	1.0	aero	29	72	0.4375	0.0	0	14
0.8	1.0	aero	30	76	0.40625	0.0	0	13
0.8	1.0	aero	31	76	0.40625	0.0	0	13
0.8	1.0	aero	32	80	0.375	0.0	0	12
0.8	1.0	aero	33	88	0.3125	0.0	0	10
0.8	1.0	aero	34	72	0.4375	0.0	0	14
0.8	1.0	aero	35	76	0.40625	0.0	0	13
0.8	1.0	aero	36	76	0.40625	0.0	0	13
0.8	1.0	aero	37	84	0.34375	0.0	0	11
0.8	1.0	aero	38	84	0.34375	0.0	0	11
0.8	1.0	aero	39	88	0.3125	0.0	0	10
0.8	1.0	areal	0	84	0.34375	0.0	0	11
0.8	1.0	areal	1	96	0.25	0.0	0	8
0.8	1.0	areal	2	84	0.34375	0.0	0	11
0.8	1.0	areal	3	84	0.34375	0.0	0	11
0.8	1.0	areal	4	96	0.25	0.0	0	8
0.8	1.0	areal	5	80	0.375	0.0	0	12
0.8	1.0	areal	6	84	0.34375	0.0	0	11
0.8	1.0	areal	7	72	0.4375	0.0	0	14
0.8	1.0	areal	8	88	0.3125	0.0	0	10
0.8	1.0	areal	9	84	0.34375	0.0	0	11
0.8	1.0	areal	10	84	0.34375	0.0	0	11
0.8	1.0	areal	11	96	0.25	0.0	0	8
0.8	1.0	areal	12	76	0.40625	0.0	0	13
0.8	1.0	areal	13	92	0.28125	0.0	0	9
0.8	1.0	areal	14	84	0.34375	0.0	0	11
0.8	1.0	areal	15	84	0.34375	0.0	0	11
0.8	1.0	areal	16	88	0.3125	0.0	0	10
0.8	1.0	areal	17	96	0.25	0.0	0	8
0.8	1.0	areal	18	92	0.28125	0.0	0	9
0.8	1.0	areal	19	80	0.375	0.0	0	12
0.8	1.0	areal	20	84	0.34375	0.0	0	11
0.8	1.0	areal	21	84	0.34375	0.0	0	11
0.8	1.0	areal	22	76	0.40625	0.0	0	13
0.8	1.0	areal	23	76	0.40625	0.0	0	13
0.8	1.0	areal	24	72	0.4375	0.0	0	14
0.8	1.0	areal	25	88	0.3125	0.0	0	10
0.8	1.0	areal	26	72	0.4375	0.0	0	14
0.8	1.0	areal	27	68	0.46875	0.0	0	15
0.8	1.0	areal	28	72	0.4375	0.0	0	14
0.8	1.0	areal	29	76	0.40625	0.0	0	13
0.8	1.0	areal	30	80	0.375	0.0	0	12
0.8	1.0	areal	31	92	0.28125	0.0	0	9
0.8	1.0	areal	32	80	0.375	0.0	0	12
0.8	1.0	areal	33	88	0.3125	0.0	0	10
0.8	1.0	areal	34	84	0.34375	0.0	0	11
0.8	1.0	areal	35	76	0.40625	0.0	0	13
0.8	1.0	areal	36	80	0.375	0.0	0	12
0.8	1.0	areal	37	84	0.34375	0.0	0	11
0.8	1.0	areal	38	76	0.40625	0.0	0	13
0.8	1.0	areal	39	80	0.375	0.0	0	12
0.8	1.0	gift	0	80	0.375	0.0	0	12
0.8	1.0	gift	1	92	0.28125	0.0	0	9
0.8	1.0	gift	2	84	0.34375	0.0	0	11
0.8	1.0	gift	3	92	0.28125	0.0	0	9
0.8	1.0	gift	4	84	0.34375	0.0	0	11
0.8	1.0	gift	5	88	0.3125	0.0	0	10
0.8	1.0	gift	6	80	0.375	0.0	0	12
0.8	1.0	gift	7	84	0.34375	0.0	0	11
0.8	1.0	gift	8	88	0.3125	0.0	0	10
0.8	1.0	gift	9	88	0.3125	0.0	0	10
0.8	1.0	gift	10	80	0.375	0.0	0	12
0.8	1.0	gift	11	88	0.3125	0.0	0	10
0.8	1.0	gift	12	80	0.375	0.0	0	12
0.8	1.0	gift	13	92	0.28125	0.0	0	9
0.8	1.0	gift	14	76	0.40625	0.0	0	13
0.8	1.0	gift	15	88	0.3125	0.0	0	10
0.8	1.0	gift	16	88	0.3125	0.0	0	10
0.8	1.0	gift	17	80	0.375	0.0	0	12
0.8	1.0	gift	18	88	0.3125	0.0	0	10
0.8	1.0	gift	19	80	0.375	0.0	0	12
0.8	1.0	gift	20	84	0.34375	0.0	0	11
0.8	1.0	gift	21	80	0.375	0.0	0	12
0.8	1.0	gift	22	72	0.4375	0.0	0	14
0.8	1.0	gift	23	72	0.4375	0.0	0	14
0.8	1.0	gift	24	72	0.4375	0.0	0	14
0.8	1.0	gift	25	80	0.375	0.0	0	12
0.8	1.0	gift	26	76	0.40625	0.0	0	13
0.8	1.0	gift	27	68	0.46875	0.0	0	15
0.8	1.0	gift	28	72	0.4375	0.0	0	14
0.8	1.0	gift	29	68	0.46875	0.0	0	15
0.8	1.0	gift	30	72	0.4375	0.0	0	14
0.8	1.0	gift	31	68	0.46875	0.0	0	15
0.8	1.0	gift	32	80	0.375	0.0	0	12
0.8	1.0	gift	33	68	0.46875	0.0	0	15
0.8	1.0	gift	34	64	0.5	0.0	0	16
0.8	1.0	gift	35	68	0.46875	0.0	0	15
0.8	1.0	gift	36	68	0.46875	0.0	0	15
0.8	1.0	gift	37	72	0.4375	0.0	0	14
0.8	1.0	gift	38	68	0.46875	0.0	0	15
0.8	1.0	gift	39	76	0.40625	0.0	0	13
0.8	1.0	grpo	0	84	0.34375	0.0	0	11
0.8	1.0	grpo	1	96	0.25	0.0	0	8
0.8	1.0	grpo	2	84	0.34375	0.0	0	11
0.8	1.0	grpo	3	80	0.375	0.0	0	12
0.8	1.0	grpo	4	84	0.34375	0.0	0	11
0.8	1.0	grpo	5	84	0.34375	0.0	0	11
0.8	1.0	grpo	6	76	0.40625	0.0	0	13
0.8	1.0	grpo	7	84	0.34375	0.0	0	11
0.8	1.0	grpo	8	92	0.28125	0.0	0	9
0.8	1.0	grpo	9	84	0.34375	0.0	0	11
0.8	1.0	grpo	10	84	0.34375	0.0	0	11
0.8	1.0	grpo	11	84	0.34375	0.0	0	11
0.8	1.0	grpo	12	76	0.40625	0.0	0	13
0.8	1.0	grpo	13	92	0.28125	0.0	0	9
0.8	1.0	grpo	14	80	0.375	0.0	0	12
0.8	1.0	grpo	15	80	0.375	0.0	0	12
0.8	1.0	grpo	16	88	0.3125	0.0	0	10
0.8	1.0	grpo	17	96	0.25	0.0	0	8
0.8	1.0	grpo	18	92	0.28125	0.0	0	9
0.8	1.0	grpo	19	88	0.3125	0.0	0	10
0.8	1.0	grpo	20	88	0.3125	0.0	0	10
0.8	1.0	grpo	21	80	0.375	0.0	0	12
0.8	1.0	grpo	22	80	0.375	0.0	0	12
0.8	1.0	grpo	23	72	0.4375	0.0	0	14
0.8	1.0	grpo	24	76	0.40625	0.0	0	13
0.8	1.0	grpo	25	92	0.28125	0.0	0	9
0.8	1.0	grpo	26	76	0.40625	0.0	0	13
0.8	1.0	grpo	27	68	0.46875	0.0	0	15
0.8	1.0	grpo	28	76	0.40625	0.0	0	13
0.8	1.0	grpo	29	76	0.40625	0.0	0	13
0.8	1.0	grpo	30	76	0.40625	0.0	0	13
0.8	1.0	grpo	31	80	0.375	0.0	0	12
0.8	1.0	grpo	32	84	0.34375	0.0	0	11
0.8	1.0	grpo	33	84	0.34375	0.0	0	11
0.8	1.0	grpo	34	72	0.4375	0.0	0	14
0.8	1.0	grpo	35	68	0.46875	0.0	0	15
0.8	1.0	grpo	36	76	0.40625	0.0	0	13
0.8	1.0	grpo	37	80	0.375	0.0	0	12
0.8	1.0	grpo	38	84	0.34375	0.0	0	11
0.8	1.0	grpo	39	80	0.375	0.0	0	12
0.85	0.9	aero	0	84	0.34375	0.0	0	11
0.85	0.9	aero	1	84	0.34375	0.0	0	11
0.85	0.9	aero	2	76	0.40625	0.0	0	13
0.85	0.9	aero	3	84	0.34375	0.0	0	11
0.85	0.9	aero	4	80	0.375	0.0	0	12
0.85	0.9	aero	5	92	0.28125	0.0	0	9
0.85	0.9	aero	6	80	0.375	0.0	0	12
0.85	0.9	aero	7	88	0.3125	0.0	0	10
0.85	0.9	aero	8	84	0.34375	0.0	0	11
0.85	0.9	aero	9	88	0.3125	0.0	0	10
0.85	0.9	aero	10	80	0.375	0.0	0	12
0.85	0.9	aero	11	92	0.28125	0.0	0	9
0.85	0.9	aero	12	84	0.34375	0.0	0	11
0.85	0.9	aero	13	92	0.28125	0.0	0	9
0.85	0.9	aero	14	80	0.375	0.0	0	12
0.85	0.9	aero	15	76	0.40625	0.0	0	13
0.85	0.9	aero	16	92	0.28125	0.0	0	9
0.85	0.9	aero	17	92	0.28125	0.0	0	9
0.85	0.9	aero	18	88	0.3125	0.0	0	10
0.85	0.9	aero	19	88	0.3125	0.0	0	10
0.85	0.9	aero	20	88	0.3125	0.0	0	10
0.85	0.9	aero	21	76	0.40625	0.0	0	13
0.85	0.9	aero	22	84	0.34375	0.0	0	11
0.85	0.9	aero	23	76	0.40625	0.0	0	13
0.85	0.9	aero	24	76	0.40625	0.0	0	13
0.85	0.9	aero	25	84	0.34375	0.0	0	11
0.85	0.9	aero	26	72	0.4375	0.0	0	14
0.85	0.9	aero	27	68	0.46875	0.0	0	15
0.85	0.9	aero	28	76	0.40625	0.0	0	13
0.85	0.9	aero	29	72	0.4375	0.0	0	14
0.85	0.9	aero	30	76	0.40625	0.0	0	13
0.85	0.9	aero	31	76	0.40625	0.0	0	13
0.85	0.9	aero	32	80	0.375	0.0	0	12
0.85	0.9	aero	33	88	0.3125	0.0	0	10
0.85	0.9	aero	34	72	0.4375	0.0	0	14
0.85	0.9	aero	35	76	0.40625	0.0	0	13
0.85	0.9	aero	36	76	0.40625	0.0	0	13
0.85	0.9	aero	37	84	0.34375	0.0	0	11
0.85	0.9	aero	38	84	0.34375	0.0	0	11
0.85	0.9	aero	39	88	0.3125	0.0	0	10
0.85	0.9	areal	0	84	0.34375	0.0	0	11
0.85	0.9	areal	1	96	0.25	0.0	0	8
0.85	0.9	areal	2	84	0.34375	0.0	0	11
0.85	0.9	areal	3	84	0.34375	0.0	0	11
0.85	0.9	areal	4	96	0.25	0.0	0	8
0.85	0.9	areal	5	80	0.375	0.0	0	12
0.85	0.9	areal	6	84	0.34375	0.0	0	11
0.85	0.9	areal	7	72	0.4375	0.0	0	14
0.85	0.9	areal	8	88	0.3125	0.0	0	10
0.85	0.9	areal	9	84	0.34375	0.0	0	11
0.85	0.9	areal	10	84	0.34375	0.0	0	11
0.85	0.9	areal	11	96	0.25	0.0	0	8
0.85	0.9	areal	12	76	0.40625	0.0	0	13
0.85	0.9	areal	13	92	0.28125	0.0	0	9
0.85	0.9	areal	14	84	0.34375	0.0	0	11
0.85	0.9	areal	15	84	0.34375	0.0	0	11
0.85	0.9	areal	16	88	0.3125	0.0	0	10
0.85	0.9	areal	17	96	0.25	0.0	0	8
0.85	0.9	areal	18	92	0.28125	0.0	0	9
0.85	0.9	areal	19	80	0.375	0.0	0	12
0.85	0.9	areal	20	84	0.34375	0.0	0	11
0.85	0.9	areal	21	84	0.34375	0.0	0	11
0.85	0.9	areal	22	76	0.40625	0.0	0	13
0.85	0.9	areal	23	76	0.40625	0.0	0	13
0.85	0.9	areal	24	72	0.4375	0.0	0	14
0.85	0.9	areal	25	88	0.3125	0.0	0	10
0.85	0.9	areal	26	72	0.4375	0.0	0	14
0.85	0.9	areal	27	68	0.46875	0.0	0	15
0.85	0.9	areal	28	72	0.4375	0.0	0	14
0.85	0.9	areal	29	76	0.40625	0.0	0	13
0.85	0.9	areal	30	80	0.375	0.0	0	12
0.85	0.9	areal	31	92	0.28125	0.0	0	9
0.85	0.9	areal	32	80	0.375	0.0	0	12
0.85	0.9	areal	33	88	0.3125	0.0	0	10
0.85	0.9	areal	34	84	0.34375	0.0	0	11
0.85	0.9	areal	35	76	0.40625	0.0	0	13
0.85	0.9	areal	36	80	0.375	0.0	0	12
0.85	0.9	areal	37	84	0.34375	0.0	0	11
0.85	0.9	areal	38	76	0.40625	0.0	0	13
0.85	0.9	areal	39	80	0.375	0.0	0	12
0.85	0.9	gift	0	80	0.375	0.0	0	12
0.85	0.9	gift	1	92	0.28125	0.0	0	9
0.85	0.9	gift	2	84	0.34375	0.0	0	11
0.85	0.9	gift	3	92	0.28125	0.0	0	9
0.85	0.9	gift	4	84	0.34375	0.0	0	11
0.85	0.9	gift	5	88	0.3125	0.0	0	10
0.85	0.9	gift	6	80	0.375	0.0	0	12
0.85	0.9	gift	7	84	0.34375	0.0	0	11
0.85	0.9	gift	8	88	0.3125	0.0	0	10
0.85	0.9	gift	9	88	0.3125	0.0	0	10
0.85	0.9	gift	10	80	0.375	0.0	0	12
0.85	0.9	gift	11	88	0.3125	0.0	0	10
0.85	0.9	gift	12	80	0.375	0.0	0	12
0.85	0.9	gift	13	92	0.28125	0.0	0	9
0.85	0.9	gift	14	76	0.40625	0.0	0	13
0.85	0.9	gift	15	88	0.3125	0.0	0	10
0.85	0.9	gift	16	88	0.3125	0.0	0	10
0.85	0.9	gift	17	80	0.375	0.0	0	12
0.85	0.9	gift	18	88	0.3125	0.0	0	10
0.85	0.9	gift	19	80	0.375	0.0	0	12
0.85	0.9	gift	20	84	0.34375	0.0	0	11
0.85	0.9	gift	21	80	0.375	0.0	0	12
0.85	0.9	gift	22	72	0.4375	0.0	0	14
0.85	0.9	gift	23	72	0.4375	0.0	0	14
0.85	0.9	gift	24	72	0.4375	0.0	0	14
0.85	0.9	gift	25	80	0.375	0.0	0	12
0.85	0.9	gift	26	76	0.40625	0.0	0	13
0.85	0.9	gift	27	68	0.46875	0.0	0	15
0.85	0.9	gift	28	72	0.4375	0.0	0	14
0.85	0.9	gift	29	68	0.46875	0.0	0	15
0.85	0.9	gift	30	72	0.4375	0.0	0	14
0.85	0.9	gift	31	68	0.46875	0.0	0	15
0.85	0.9	gift	32	80	0.375	0.0	0	12
0.85	0.9	gift	33	68	0.46875	0.0	0	15
0.85	0.9	gift	34	64	0.5	0.0	0	16
0.85	0.9	gift	35	68	0.46875	0.0	0	15
0.85	0.9	gift	36	68	0.46875	0.0	0	15
0.85	0.9	gift	37	72	0.4375	0.0	0	14
0.85	0.9	gift	38	68	0.46875	0.0	0	15
0.85	0.9	gift	39	76	0.40625	0.0	0	13
0.85	0.9	grpo	0	84	0.34375	0.0	0	11
0.85	0.9	grpo	1	96	0.25	0.0	0	8
0.85	0.9	grpo	2	84	0.34375	0.0	0	11
0.85	0.9	grpo	3	80	0.375	0.0	0	12
0.85	0.9	grpo	4	84	0.34375	0.0	0	11
0.85	0.9	grpo	5	84	0.34375	0.0	0	11
0.85	0.9	grpo	6	76	0.40625	0.0	0	13
0.85	0.9	grpo	7	84	0.34375	0.0	0	11
0.85	0.9	grpo	8	92	0.28125	0.0	0	9
0.85	0.9	grpo	9	84	0.34375	0.0	0	11
0.85	0.9	grpo	10	84	0.34375	0.0	0	11
0.85	0.9	grpo	11	84	0.34375	0.0	0	11
0.85	0.9	grpo	12	76	0.40625	0.0	0	13
0.85	0.9	grpo	13	92	0.28125	0.0	0	9
0.85	0.9	grpo	14	80	0.375	0.0	0	12
0.85	0.9	grpo	15	80	0.375	0.0	0	12
0.85	0.9	grpo	16	88	0.3125	0.0	0	10
0.85	0.9	grpo	17	96	0.25	0.0	0	8
0.85	0.9	grpo	18	92	0.28125	0.0	0	9
0.85	0.9	grpo	19	88	0.3125	0.0	0	10
0.85	0.9	grpo	20	88	0.3125	0.0	0	10
0.85	0.9	grpo	21	80	0.375	0.0	0	12
0.85	0.9	grpo	22	80	0.375	0.0	0	12
0.85	0.9	grpo	23	72	0.4375	0.0	0	14
0.85	0.9	grpo	24	76	0.40625	0.0	0	13
0.85	0.9	grpo	25	92	0.28125	0.0	0	9
0.85	0.9	grpo	26	76	0.40625	0.0	0	13
0.85	0.9	grpo	27	68	0.46875	0.0	0	15
0.85	0.9	grpo	28	76	0.40625	0.0	0	13
0.85	0.9	grpo	29	76	0.40625	0.0	0	13
0.85	0.9	grpo	30	76	0.40625	0.0	0	13
0.85	0.9	grpo	31	80	0.375	0.0	0	12
0.85	0.9	grpo	32	84	0.34375	0.0	0	11
0.85	0.9	grpo	33	84	0.34375	0.0	0	11
0.85	0.9	grpo	34	72	0.4375	0.0	0	14
0.85	0.9	grpo	35	68	0.46875	0.0	0	15
0.85	0.9	grpo	36	76	0.40625	0.0	0	13
0.85	0.9	grpo	37	80	0.375	0.0	0	12
0.85	0.9	grpo	38	84	0.34375	0.0	0	11
0.85	0.9	grpo	39	80	0.375	0.0	0	12
0.85	0.95	aero	0	84	0.34375	0.0	0	11
0.85	0.95	aero	1	84	0.34375	0.0	0	11
0.85	0.95	aero	2	76	0.40625	0.0	0	13
0.85	0.95	aero	3	84	0.34375	0.0	0	11
0.85	0.95	aero	4	80	0.375	0.0	0	12
0.85	0.95	aero	5	92	0.28125	0.0	0	9
0.85	0.95	aero	6	80	0.375	0.0	0	12
0.85	0.95	aero	7	88	0.3125	0.0	0	10
0.85	0.95	aero	8	84	0.34375	0.0	0	11
0.85	0.95	aero	9	88	0.3125	0.0	0	10
0.85	0.95	aero	10	80	0.375	0.0	0	12
0.85	0.95	aero	11	92	0.28125	0.0	0	9
0.85	0.95	aero	12	84	0.34375	0.0	0	11
0.85	0.95	aero	13	92	0.28125	0.0	0	9
0.85	0.95	aero	14	80	0.375	0.0	0	12
0.85	0.95	aero	15	76	0.40625	0.0	0	13
0.85	0.95	aero	16	92	0.28125	0.0	0	9
0.85	0.95	aero	17	92	0.28125	0.0	0	9
0.85	0.95	aero	18	88	0.3125	0.0	0	10
0.85	0.95	aero	19	88	0.3125	0.0	0	10
0.85	0.95	aero	20	88	0.3125	0.0	0	10
0.85	0.95	aero	21	76	0.40625	0.0	0	13
0.85	0.95	aero	22	84	0.34375	0.0	0	11
0.85	0.95	aero	23	76	0.40625	0.0	0	13
0.85	0.95	aero	24	76	0.40625	0.0	0	13
0.85	0.95	aero	25	84	0.34375	0.0	0	11
0.85	0.95	aero	26	72	0.4375	0.0	0	14
0.85	0.95	aero	27	68	0.46875	0.0	0	15
0.85	0.95	aero	28	76	0.40625	0.0	0	13
0.85	0.95	aero	29	72	0.4375	0.0	0	14
0.85	0.95	aero	30	76	0.40625	0.0	0	13
0.85	0.95	aero	31	76	0.40625	0.0	0	13
0.85	0.95	aero	32	80	0.375	0.0	0	12
0.85	0.95	aero	33	88	0.3125	0.0	0	10
0.85	0.95	aero	34	72	0.4375	0.0	0	14
0.85	0.95	aero	35	76	0.40625	0.0	0	13
0.85	0.95	aero	36	76	0.40625	0.0	0	13
0.85	0.95	aero	37	84	0.34375	0.0	0	11
0.85	0.95	aero	38	84	0.34375	0.0	0	11
0.85	0.95	aero	39	88	0.3125	0.0	0	10
0.85	0.95	areal	0	84	0.34375	0.0	0	11
0.85	0.95	areal	1	96	0.25	0.0	0	8
0.85	0.95	areal	2	84	0.34375	0.0	0	11
0.85	0.95	areal	3	84	0.34375	0.0	0	11
0.85	0.95	areal	4	96	0.25	0.0	0	8
0.85	0.95	areal	5	80	0.375	0.0	0	12
0.85	0.95	areal	6	84	0.34375	0.0	0	11
0.85	0.95	areal	7	72	0.4375	0.0	0	14
0.85	0.95	areal	8	88	0.3125	0.0	0	10
0.85	0.95	areal	9	84	0.34375	0.0	0	11
0.85	0.95	areal	10	84	0.34375	0.0	0	11
0.85	0.95	areal	11	96	0.25	0.0	0	8
0.85	0.95	areal	12	76	0.40625	0.0	0	13
0.85	0.95	areal	13	92	0.28125	0.0	0	9
0.85	0.95	areal	14	84	0.34375	0.0	0	11
0.85	0.95	areal	15	84	0.34375	0.0	0	11
0.85	0.95	areal	16	88	0.3125	0.0	0	10
0.85	0.95	areal	17	96	0.25	0.0	0	8
0.85	0.95	areal	18	92	0.28125	0.0	0	9
0.85	0.95	areal	19	80	0.375	0.0	0	12
0.85	0.95	areal	20	84	0.34375	0.0	0	11
0.85	0.95	areal	21	84	0.34375	0.0	0	11
0.85	0.95	areal	22	76	0.40625	0.0	0	13
0.85	0.95	areal	23	76	0.40625	0.0	0	13
0.85	0.95	areal	24	72	0.4375	0.0	0	14
0.85	0.95	areal	25	88	0.3125	0.0	0	10
0.85	0.95	areal	26	72	0.4375	0.0	0	14
0.85	0.95	areal	27	68	0.46875	0.0	0	15
0.85	0.95	areal	28	72	0.4375	0.0	0	14
0.85	0.95	areal	29	76	0.40625	0.0	0	13
0.85	0.95	areal	30	80	0.375	0.0	0	12
0.85	0.95	areal	31	92	0.28125	0.0	0	9
0.85	0.95	areal	32	80	0.375	0.0	0	12
0.85	0.95	areal	33	88	0.3125	0.0	0	10
0.85	0.95	areal	34	84	0.34375	0.0	0	11
0.85	0.95	areal	35	76	0.40625	0.0	0	13
0.85	0.95	areal	36	80	0.375	0.0	0	12
0.85	0.95	areal	37	84	0.34375	0.0	0	11
0.85	0.95	areal	38	76	0.40625	0.0	0	13
0.85	0.95	areal	39	80	0.375	0.0	0	12
0.85	0.95	gift	0	80	0.375	0.0	0	12
0.85	0.95	gift	1	92	0.28125	0.0	0	9
0.85	0.95	gift	2	84	0.34375	0.0	0	11
0.85	0.95	gift	3	92	0.28125	0.0	0	9
0.85	0.95	gift	4	84	0.34375	0.0	0	11
0.85	0.95	gift	5	88	0.3125	0.0	0	10
0.85	0.95	gift	6	80	0.375	0.0	0	12
0.85	0.95	gift	7	84	0.34375	0.0	0	11
0.85	0.95	gift	8	88	0.3125	0.0	0	10
0.85	0.95	gift	9	88	0.3125	0.0	0	10
0.85	0.95	gift	10	80	0.375	0.0	0	12
0.85	0.95	gift	11	88	0.3125	0.0	0	10
0.85	0.95	gift	12	80	0.375	0.0	0	12
0.85	0.95	gift	13	92	0.28125	0.0	0	9
0.85	0.95	gift	14	76	0.40625	0.0	0	13
0.85	0.95	gift	15	88	0.3125	0.0	0	10
0.85	0.95	gift	16	88	0.3125	0.0	0	10
0.85	0.95	gift	17	80	0.375	0.0	0	12
0.85	0.95	gift	18	88	0.3125	0.0	0	10
0.85	0.95	gift	19	80	0.375	0.0	0	12
0.85	0.95	gift	20	84	0.34375	0.0	0	11
0.85	0.95	gift	21	80	0.375	0.0	0	12
0.85	0.95	gift	22	72	0.4375	0.0	0	14
0.85	0.95	gift	23	72	0.4375	0.0	0	14
0.85	0.95	gift	24	72	0.4375	0.0	0	14
0.85	0.95	gift	25	80	0.375	0.0	0	12
0.85	0.95	gift	26	76	0.40625	0.0	0	13
0.85	0.95	gift	27	68	0.46875	0.0	0	15
0.85	0.95	gift	28	72	0.4375	0.0	0	14
0.85	0.95	gift	29	68	0.46875	0.0	0	15
0.85	0.95	gift	30	72	0.4375	0.0	0	14
0.85	0.95	gift	31	68	0.46875	0.0	0	15
0.85	0.95	gift	32	80	0.375	0.0	0	12
0.85	0.95	gift	33	68	0.46875	0.0	0	15
0.85	0.95	gift	34	64	0.5	0.0	0	16
0.85	0.95	gift	35	68	0.46875	0.0	0	15
0.85	0.95	gift	36	68	0.46875	0.0	0	15
0.85	0.95	gift	37	72	0.4375	0.0	0	14
0.85	0.95	gift	38	68	0.46875	0.0	0	15
0.85	0.95	gift	39	76	0.40625	0.0	0	13
0.85	0.95	grpo	0	84	0.34375	0.0	0	11
0.85	0.95	grpo	1	96	0.25	0.0	0	8
0.85	0.95	grpo	2	84	0.34375	0.0	0	11
0.85	0.95	grpo	3	80	0.375	0.0	0	12
0.85	0.95	grpo	4	84	0.34375	0.0	0	11
0.85	0.95	grpo	5	84	0.34375	0.0	0	11
0.85	0.95	grpo	6	76	0.40625	0.0	0	13
0.85	0.95	grpo	7	84	0.34375	0.0	0	11
0.85	0.95	grpo	8	92	0.28125	0.0	0	9
0.85	0.95	grpo	9	84	0.34375	0.0	0	11
0.85	0.95	grpo	10	84	0.34375	0.0	0	11
0.85	0.95	grpo	11	84	0.34375	0.0	0	11
0.85	0.95	grpo	12	76	0.40625	0.0	0	13
0.85	0.95	grpo	13	92	0.28125	0.0	0	9
0.85	0.95	grpo	14	80	0.375	0.0	0	12
0.85	0.95	grpo	15	80	0.375	0.0	0	12
0.85	0.95	grpo	16	88	0.3125	0.0	0	10
0.85	0.95	grpo	17	96	0.25	0.0	0	8
0.85	0.95	grpo	18	92	0.28125	0.0	0	9
0.85	0.95	grpo	19	88	0.3125	0.0	0	10
0.85	0.95	grpo	20	88	0.3125	0.0	0	10
0.85	0.95	grpo	21	80	0.375	0.0	0	12
0.85	0.95	grpo	22	80	0.375	0.0	0	12
0.85	0.95	grpo	23	72	0.4375	0.0	0	14
0.85	0.95	grpo	24	76	0.40625	0.0	0	13
0.85	0.95	grpo	25	92	0.28125	0.0	0	9
0.85	0.95	grpo	26	76	0.40625	0.0	0	13
0.85	0.95	grpo	27	68	0.46875	0.0	0	15
0.85	0.95	grpo	28	76	0.40625	0.0	0	13
0.85	0.95	grpo	29	76	0.40625	0.0	0	13
0.85	0.95	grpo	30	76	0.40625	0.0	0	13
0.85	0.95	grpo	31	80	0.375	0.0	0	12
0.85	0.95	grpo	32	84	0.34375	0.0	0	11
0.85	0.95	grpo	33	84	0.34375	0.0	0	11
0.85	0.95	grpo	34	72	0.4375	0.0	0	14
0.85	0.95	grpo	35	68	0.46875	0.0	0	15
0.85	0.95	grpo	36	76	0.40625	0.0	0	13
0.85	0.95	grpo	37	80	0.375	0.0	0	12
0.85	0.95	grpo	38	84	0.34375	0.0	0	11
0.85	0.95	grpo	39	80	0.375	0.0	0	12
0.85	1.0	aero	0	84	0.34375	0.0	0	11
0.85	1.0	aero	1	84	0.34375	0.0	0	11
0.85	1.0	aero	2	76	0.40625	0.0	0	13
0.85	1.0	aero	3	84	0.34375	0.0	0	11
0.85	1.0	aero	4	80	0.375	0.0	0	12
0.85	1.0	aero	5	92	0.28125	0.0	0	9
0.85	1.0	aero	6	80	0.375	0.0	0	12
0.85	1.0	aero	7	88	0.3125	0.0	0	10
0.85	1.0	aero	8	84	0.34375	0.0	0	11
0.85	1.0	aero	9	88	0.3125	0.0	0	10
0.85	1.0	aero	10	80	0.375	0.0	0	12
0.85	1.0	aero	11	92	0.28125	0.0	0	9
0.85	1.0	aero	12	84	0.34375	0.0	0	11
0.85	1.0	aero	13	92	0.28125	0.0	0	9
0.85	1.0	aero	14	80	0.375	0.0	0	12
0.85	1.0	aero	15	76	0.40625	0.0	0	13
0.85	1.0	aero	16	92	0.28125	0.0	0	9
0.85	1.0	aero	17	92	0.28125	0.0	0	9
0.85	1.0	aero	18	88	0.3125	0.0	0	10
0.85	1.0	aero	19	88	0.3125	0.0	0	10
0.85	1.0	aero	20	88	0.3125	0.0	0	10
0.85	1.0	aero	21	76	0.40625	0.0	0	13
0.85	1.0	aero	22	84	0.34375	0.0	0	11
0.85	1.0	aero	23	76	0.40625	0.0	0	13
0.85	1.0	aero	24	76	0.40625	0.0	0	13
0.85	1.0	aero	25	84	0.34375	0.0	0	11
0.85	1.0	aero	26	72	0.4375	0.0	0	14
0.85	1.0	aero	27	68	0.46875	0.0	0	15
0.85	1.0	aero	28	76	0.40625	0.0	0	13
0.85	1.0	aero	29	72	0.4375	0.0	0	14
0.85	1.0	aero	30	76	0.40625	0.0	0	13
0.85	1.0	aero	31	76	0.40625	0.0	0	13
0.85	1.0	aero	32	80	0.375	0.0	0	12
0.85	1.0	aero	33	88	0.3125	0.0	0	10
0.85	1.0	aero	34	72	0.4375	0.0	0	14
0.85	1.0	aero	35	76	0.40625	0.0	0	13
0.85	1.0	aero	36	76	0.40625	0.0	0	13
0.85	1.0	aero	37	84	0.34375	0.0	0	11
0.85	1.0	aero	38	84	0.34375	0.0	0	11
0.85	1.0	aero	39	88	0.3125	0.0	0	10
0.85	1.0	areal	0	84	0.34375	0.0	0	11
0.85	1.0	areal	1	96	0.25	0.0	0	8
0.85	1.0	areal	2	84	0.34375	0.0	0	11
0.85	1.0	areal	3	84	0.34375	0.0	0	11
0.85	1.0	areal	4	96	0.25	0.0	0	8
0.85	1.0	areal	5	80	0.375	0.0	0	12
0.85	1.0	areal	6	84	0.34375	0.0	0	11
0.85	1.0	areal	7	72	0.4375	0.0	0	14
0.85	1.0	areal	8	88	0.3125	0.0	0	10
0.85	1.0	areal	9	84	0.34375	0.0	0	11
0.85	1.0	areal	10	84	0.34375	0.0	0	11
0.85	1.0	areal	11	96	0.25	0.0	0	8
0.85	1.0	areal	12	76	0.40625	0.0	0	13
0.85	1.0	areal	13	92	0.28125	0.0	0	9
0.85	1.0	areal	14	84	0.34375	0.0	0	11
0.85	1.0	areal	15	84	0.34375	0.0	0	11
0.85	1.0	areal	16	88	0.3125	0.0	0	10
0.85	1.0	areal	17	96	0.25	0.0	0	8
0.85	1.0	areal	18	92	0.28125	0.0	0	9
0.85	1.0	areal	19	80	0.375	0.0	0	12
0.85	1.0	areal	20	84	0.34375	0.0	0	11
0.85	1.0	areal	21	84	0.34375	0.0	0	11
0.85	1.0	areal	22	76	0.40625	0.0	0	13
0.85	1.0	areal	23	76	0.40625	0.0	0	13
0.85	1.0	areal	24	72	0.4375	0.0	0	14
0.85	1.0	areal	25	88	0.3125	0.0	0	10
0.85	1.0	areal	26	72	0.4375	0.0	0	14
0.85	1.0	areal	27	68	0.46875	0.0	0	15
0.85	1.0	areal	28	72	0.4375	0.0	0	14
0.85	1.0	areal	29	76	0.40625	0.0	0	13
0.85	1.0	areal	30	80	0.375	0.0	0	12
0.85	1.0	areal	31	92	0.28125	0.0	0	9
0.85	1.0	areal	32	80	0.375	0.0	0	12
0.85	1.0	areal	33	88	0.3125	0.0	0	10
0.85	1.0	areal	34	84	0.34375	0.0	0	11
0.85	1.0	areal	35	76	0.40625	0.0	0	13
0.85	1.0	areal	36	80	0.375	0.0	0	12
0.85	1.0	areal	37	84	0.34375	0.0	0	11
0.85	1.0	areal	38	76	0.40625	0.0	0	13
0.85	1.0	areal	39	80	0.375	0.0	0	12
0.85	1.0	gift	0	80	0.375	0.0	0	12
0.85	1.0	gift	1	92	0.28125	0.0	0	9
0.85	1.0	gift	2	84	0.34375	0.0	0	11
0.85	1.0	gift	3	92	0.28125	0.0	0	9
0.85	1.0	gift	4	84	0.34375	0.0	0	11
0.85	1.0	gift	5	88	0.3125	0.0	0	10
0.85	1.0	gift	6	80	0.375	0.0	0	12
0.85	1.0	gift	7	84	0.34375	0.0	0	11
0.85	1.0	gift	8	88	0.3125	0.0	0	10
0.85	1.0	gift	9	88	0.3125	0.0	0	10
0.85	1.0	gift	10	80	0.375	0.0	0	12
0.85	1.0	gift	11	88	0.3125	0.0	0	10
0.85	1.0	gift	12	80	0.375	0.0	0	12
0.85	1.0	gift	13	92	0.28125	0.0	0	9
0.85	1.0	gift	14	76	0.40625	0.0	0	13
0.85	1.0	gift	15	88	0.3125	0.0	0	10
0.85	1.0	gift	16	88	0.3125	0.0	0	10
0.85	1.0	gift	17	80	0.375	0.0	0	12
0.85	1.0	gift	18	88	0.3125	0.0	0	10
0.85	1.0	gift	19	80	0.375	0.0	0	12
0.85	1.0	gift	20	84	0.34375	0.0	0	11
0.85	1.0	gift	21	80	0.375	0.0	0	12
0.85	1.0	gift	22	72	0.4375	0.0	0	14
0.85	1.0	gift	23	72	0.4375	0.0	0	14
0.85	1.0	gift	24	72	0.4375	0.0	0	14
0.85	1.0	gift	25	80	0.375	0.0	0	12
0.85	1.0	gift	26	76	0.40625	0.0	0	13
0.85	1.0	gift	27	68	0.46875	0.0	0	15
0.85	1.0	gift	28	72	0.4375	0.0	0	14
0.85	1.0	gift	29	68	0.46875	0.0	0	15
0.85	1.0	gift	30	72	0.4375	0.0	0	14
0.85	1.0	gift	31	68	0.46875	0.0	0	15
0.85	1.0	gift	32	80	0.375	0.0	0	12
0.85	1.0	gift	33	68	0.46875	0.0	0	15
0.85	1.0	gift	34	64	0.5	0.0	0	16
0.85	1.0	gift	35	68	0.46875	0.0	0	15
0.85	1.0	gift	36	68	0.46875	0.0	0	15
0.85	1.0	gift	37	72	0.4375	0.0	0	14
0.85	1.0	gift	38	68	0.46875	0.0	0	15
0.85	1.0	gift	39	76	0.40625	0.0	0	13
0.85	1.0	grpo	0	84	0.34375	0.0	0	11
0.85	1.0	grpo	1	96	0.25	0.0	0	8
0.85	1.0	grpo	2	84	0.34375	0.0	0	11
0.85	1.0	grpo	3	80	0.375	0.0	0	12
0.85	1.0	grpo	4	84	0.34375	0.0	0	11
0.85	1.0	grpo	5	84	0.34375	0.0	0	11
0.85	1.0	grpo	6	76	0.40625	0.0	0	13
0.85	1.0	grpo	7	84	0.34375	0.0	0	11
0.85	1.0	grpo	8	92	0.28125	0.0	0	9
0.85	1.0	grpo	9	84	0.34375	0.0	0	11
0.85	1.0	grpo	10	84	0.34375	0.0	0	11
0.85	1.0	grpo	11	84	0.34375	0.0	0	11
0.85	1.0	grpo	12	76	0.40625	0.0	0	13
0.85	1.0	grpo	13	92	0.28125	0.0	0	9
0.85	1.0	grpo	14	80	0.375	0.0	0	12
0.85	1.0	grpo	15	80	0.375	0.0	0	12
0.85	1.0	grpo	16	88	0.3125	0.0	0	10
0.85	1.0	grpo	17	96	0.25	0.0	0	8
0.85	1.0	grpo	18	92	0.28125	0.0	0	9
0.85	1.0	grpo	19	88	0.3125	0.0	0	10
0.85	1.0	grpo	20	88	0.3125	0.0	0	10
0.85	1.0	grpo	21	80	0.375	0.0	0	12
0.85	1.0	grpo	22	80	0.375	0.0	0	12
0.85	1.0	grpo	23	72	0.4375	0.0	0	14
0.85	1.0	grpo	24	76	0.40625	0.0	0	13
0.85	1.0	grpo	25	92	0.28125	0.0	0	9
0.85	1.0	grpo	26	76	0.40625	0.0	0	13
0.85	1.0	grpo	27	68	0.46875	0.0	0	15
0.85	1.0	grpo	28	76	0.40625	0.0	0	13
0.85	1.0	grpo	29	76	0.40625	0.0	0	13
0.85	1.0	grpo	30	76	0.40625	0.0	0	13
0.85	1.0	grpo	31	80	0.375	0.0	0	12
0.85	1.0	grpo	32	84	0.34375	0.0	0	11
0.85	1.0	grpo	33	84	0.34375	0.0	0	11
0.85	1.0	grpo	34	72	0.4375	0.0	0	14
0.85	1.0	grpo	35	68	0.46875	0.0	0	15
0.85	1.0	grpo	36	76	0.40625	0.0	0	13
0.85	1.0	grpo	37	80	0.375	0.0	0	12
0.85	1.0	grpo	38	84	0.34375	0.0	0	11
0.85	1.0	grpo	39	80	0.375	0.0	0	12
