seed	rate_pct	fset	tier	utility	opt_util	n_alerted	cost_total	value_gain	net_value
20260706	1.44	24full	cheap_heuristic	F1	0.8486842105263158	160	0.016	6450.0	6449.984
20260706	1.44	24full	cheap_heuristic	VALUE	0.9999960277777779	286	0.0286	7200.0	7199.9714
20260706	1.44	24full	cheap_heuristic	PREC_CONSTRAINED	1.0	286	0.0286	7200.0	7199.9714
20260706	1.44	24full	cheap_heuristic	COST_CONSTRAINED	1.0	9991	0.9991000000000001	7200.0	7199.0009
20260706	1.44	24full	small_open	F1	0.8486842105263158	160	0.09599999999999999	6450.0	6449.904
20260706	1.44	24full	small_open	VALUE	0.9999761666666667	286	0.17159999999999997	7200.0	7199.8284
20260706	1.44	24full	small_open	PREC_CONSTRAINED	1.0	286	0.17159999999999997	7200.0	7199.8284
20260706	1.44	24full	small_open	COST_CONSTRAINED	1.0	9991	5.994599999999999	7200.0	7194.0054
20260706	1.44	24full	iter120_default	F1	0.8486842105263158	160	0.16	6450.0	6449.84
20260706	1.44	24full	iter120_default	VALUE	0.9999602777777777	286	0.28600000000000003	7200.0	7199.714
20260706	1.44	24full	iter120_default	PREC_CONSTRAINED	1.0	286	0.28600000000000003	7200.0	7199.714
20260706	1.44	24full	iter120_default	COST_CONSTRAINED	1.0	9991	9.991	7200.0	7190.009
20260706	1.44	24full	mid_tier	F1	0.8486842105263158	160	0.8	6450.0	6449.2
20260706	1.44	24full	mid_tier	VALUE	0.9998013888888888	286	1.43	7200.0	7198.57
20260706	1.44	24full	mid_tier	PREC_CONSTRAINED	1.0	286	1.43	7200.0	7198.57
20260706	1.44	24full	mid_tier	COST_CONSTRAINED	1.0	9991	49.955	7200.0	7150.045
20260706	1.44	24full	frontier_gpt4	F1	0.8486842105263158	160	4.8	6450.0	6445.2
20260706	1.44	24full	frontier_gpt4	VALUE	0.9988083333333333	286	8.58	7200.0	7191.42
20260706	1.44	24full	frontier_gpt4	PREC_CONSTRAINED	1.0	286	8.58	7200.0	7191.42
20260706	1.44	24full	frontier_gpt4	COST_CONSTRAINED	1.0	9991	299.72999999999996	7200.0	6900.27
20260706	1.44	20raw	cheap_heuristic	F1	0.8115015974440896	169	0.016900000000000002	6350.0	6349.9831
20260706	1.44	20raw	cheap_heuristic	VALUE	0.9999954861111111	325	0.0325	7200.0	7199.9675
20260706	1.44	20raw	cheap_heuristic	PREC_CONSTRAINED	0.9930555555555556	284	0.0284	7150.0	7149.9716
20260706	1.44	20raw	cheap_heuristic	COST_CONSTRAINED	1.0	9987	0.9987	7200.0	7199.0013
20260706	1.44	20raw	small_open	F1	0.8115015974440896	169	0.10139999999999999	6350.0	6349.8986
20260706	1.44	20raw	small_open	VALUE	0.9999729166666667	325	0.19499999999999998	7200.0	7199.805
20260706	1.44	20raw	small_open	PREC_CONSTRAINED	0.9930555555555556	284	0.1704	7150.0	7149.8296
20260706	1.44	20raw	small_open	COST_CONSTRAINED	1.0	9987	5.9921999999999995	7200.0	7194.0078
20260706	1.44	20raw	iter120_default	F1	0.8115015974440896	169	0.169	6350.0	6349.831
20260706	1.44	20raw	iter120_default	VALUE	0.9999548611111111	325	0.325	7200.0	7199.675
20260706	1.44	20raw	iter120_default	PREC_CONSTRAINED	0.9930555555555556	284	0.28400000000000003	7150.0	7149.716
20260706	1.44	20raw	iter120_default	COST_CONSTRAINED	1.0	9987	9.987	7200.0	7190.013
20260706	1.44	20raw	mid_tier	F1	0.8115015974440896	169	0.845	6350.0	6349.155
20260706	1.44	20raw	mid_tier	VALUE	0.9997743055555556	325	1.625	7200.0	7198.375
20260706	1.44	20raw	mid_tier	PREC_CONSTRAINED	0.9930555555555556	284	1.42	7150.0	7148.58
20260706	1.44	20raw	mid_tier	COST_CONSTRAINED	1.0	9987	49.935	7200.0	7150.065
20260706	1.44	20raw	frontier_gpt4	F1	0.8115015974440896	169	5.069999999999999	6350.0	6344.93
20260706	1.44	20raw	frontier_gpt4	VALUE	0.9986458333333333	325	9.75	7200.0	7190.25
20260706	1.44	20raw	frontier_gpt4	PREC_CONSTRAINED	0.9930555555555556	284	8.52	7150.0	7141.48
20260706	1.44	20raw	frontier_gpt4	COST_CONSTRAINED	1.0	9987	299.61	7200.0	6900.39
20260706	1.44	20raw+minmax	cheap_heuristic	F1	0.8299319727891157	150	0.015000000000000001	6100.0	6099.985
20260706	1.44	20raw+minmax	cheap_heuristic	VALUE	0.9999946944444444	382	0.038200000000000005	7200.0	7199.9618
20260706	1.44	20raw+minmax	cheap_heuristic	PREC_CONSTRAINED	0.9861111111111112	282	0.028200000000000003	7100.0	7099.9718
20260706	1.44	20raw+minmax	cheap_heuristic	COST_CONSTRAINED	1.0	9993	0.9993000000000001	7200.0	7199.0007
20260706	1.44	20raw+minmax	small_open	F1	0.8299319727891157	150	0.09	6100.0	6099.91
20260706	1.44	20raw+minmax	small_open	VALUE	0.9999681666666667	382	0.2292	7200.0	7199.7708
20260706	1.44	20raw+minmax	small_open	PREC_CONSTRAINED	0.9861111111111112	282	0.1692	7100.0	7099.8308
20260706	1.44	20raw+minmax	small_open	COST_CONSTRAINED	1.0	9993	5.995799999999999	7200.0	7194.0042
20260706	1.44	20raw+minmax	iter120_default	F1	0.8299319727891157	150	0.15	6100.0	6099.85
20260706	1.44	20raw+minmax	iter120_default	VALUE	0.9999469444444445	382	0.382	7200.0	7199.618
20260706	1.44	20raw+minmax	iter120_default	PREC_CONSTRAINED	0.9861111111111112	282	0.28200000000000003	7100.0	7099.718
20260706	1.44	20raw+minmax	iter120_default	COST_CONSTRAINED	1.0	9993	9.993	7200.0	7190.007
20260706	1.44	20raw+minmax	mid_tier	F1	0.8299319727891157	150	0.75	6100.0	6099.25
20260706	1.44	20raw+minmax	mid_tier	VALUE	0.9997347222222223	382	1.9100000000000001	7200.0	7198.09
20260706	1.44	20raw+minmax	mid_tier	PREC_CONSTRAINED	0.9861111111111112	282	1.41	7100.0	7098.59
20260706	1.44	20raw+minmax	mid_tier	COST_CONSTRAINED	1.0	9993	49.965	7200.0	7150.035
20260706	1.44	20raw+minmax	frontier_gpt4	F1	0.8299319727891157	150	4.5	6100.0	6095.5
20260706	1.44	20raw+minmax	frontier_gpt4	VALUE	0.9984083333333333	382	11.459999999999999	7200.0	7188.54
20260706	1.44	20raw+minmax	frontier_gpt4	PREC_CONSTRAINED	0.9861111111111112	282	8.459999999999999	7100.0	7091.54
20260706	1.44	20raw+minmax	frontier_gpt4	COST_CONSTRAINED	1.0	9993	299.78999999999996	7200.0	6900.21
20260706	1.44	20raw+stat	cheap_heuristic	F1	0.8211920529801324	158	0.0158	6200.0	6199.9842
20260706	1.44	20raw+stat	cheap_heuristic	VALUE	0.999996	288	0.028800000000000003	7200.0	7199.9712
20260706	1.44	20raw+stat	cheap_heuristic	PREC_CONSTRAINED	1.0	288	0.028800000000000003	7200.0	7199.9712
20260706	1.44	20raw+stat	cheap_heuristic	COST_CONSTRAINED	1.0	9988	0.9988	7200.0	7199.0012
20260706	1.44	20raw+stat	small_open	F1	0.8211920529801324	158	0.0948	6200.0	6199.9052
20260706	1.44	20raw+stat	small_open	VALUE	0.999976	288	0.17279999999999998	7200.0	7199.8272
20260706	1.44	20raw+stat	small_open	PREC_CONSTRAINED	1.0	288	0.17279999999999998	7200.0	7199.8272
20260706	1.44	20raw+stat	small_open	COST_CONSTRAINED	1.0	9988	5.9928	7200.0	7194.0072
20260706	1.44	20raw+stat	iter120_default	F1	0.8211920529801324	158	0.158	6200.0	6199.842
20260706	1.44	20raw+stat	iter120_default	VALUE	0.9999600000000001	288	0.28800000000000003	7200.0	7199.712
20260706	1.44	20raw+stat	iter120_default	PREC_CONSTRAINED	1.0	288	0.28800000000000003	7200.0	7199.712
20260706	1.44	20raw+stat	iter120_default	COST_CONSTRAINED	1.0	9988	9.988	7200.0	7190.012
20260706	1.44	20raw+stat	mid_tier	F1	0.8211920529801324	158	0.79	6200.0	6199.21
20260706	1.44	20raw+stat	mid_tier	VALUE	0.9998	288	1.44	7200.0	7198.56
20260706	1.44	20raw+stat	mid_tier	PREC_CONSTRAINED	1.0	288	1.44	7200.0	7198.56
20260706	1.44	20raw+stat	mid_tier	COST_CONSTRAINED	1.0	9988	49.94	7200.0	7150.06
20260706	1.44	20raw+stat	frontier_gpt4	F1	0.8211920529801324	158	4.74	6200.0	6195.26
20260706	1.44	20raw+stat	frontier_gpt4	VALUE	0.9987999999999999	288	8.64	7200.0	7191.36
20260706	1.44	20raw+stat	frontier_gpt4	PREC_CONSTRAINED	1.0	288	8.64	7200.0	7191.36
20260706	1.44	20raw+stat	frontier_gpt4	COST_CONSTRAINED	1.0	9988	299.64	7200.0	6900.36
20260706	1.0	24full	cheap_heuristic	F1	0.8303571428571428	124	0.012400000000000001	4650.0	4649.9876
20260706	1.0	24full	cheap_heuristic	VALUE	0.99999516	242	0.024200000000000003	5000.0	4999.9758
20260706	1.0	24full	cheap_heuristic	PREC_CONSTRAINED	0.99	192	0.019200000000000002	4950.0	4949.9808
20260706	1.0	24full	cheap_heuristic	COST_CONSTRAINED	1.0	9947	0.9947	5000.0	4999.0053
20260706	1.0	24full	small_open	F1	0.8303571428571428	124	0.0744	4650.0	4649.9256
20260706	1.0	24full	small_open	VALUE	0.99997096	242	0.1452	5000.0	4999.8548
20260706	1.0	24full	small_open	PREC_CONSTRAINED	0.99	192	0.1152	4950.0	4949.8848
20260706	1.0	24full	small_open	COST_CONSTRAINED	1.0	9947	5.9681999999999995	5000.0	4994.0318
20260706	1.0	24full	iter120_default	F1	0.8303571428571428	124	0.124	4650.0	4649.876
20260706	1.0	24full	iter120_default	VALUE	0.9999515999999999	242	0.242	5000.0	4999.758
20260706	1.0	24full	iter120_default	PREC_CONSTRAINED	0.99	192	0.192	4950.0	4949.808
20260706	1.0	24full	iter120_default	COST_CONSTRAINED	1.0	9947	9.947000000000001	5000.0	4990.053
20260706	1.0	24full	mid_tier	F1	0.8303571428571428	124	0.62	4650.0	4649.38
20260706	1.0	24full	mid_tier	VALUE	0.999758	242	1.21	5000.0	4998.79
20260706	1.0	24full	mid_tier	PREC_CONSTRAINED	0.99	192	0.96	4950.0	4949.04
20260706	1.0	24full	mid_tier	COST_CONSTRAINED	1.0	9947	49.735	5000.0	4950.265
20260706	1.0	24full	frontier_gpt4	F1	0.8303571428571428	124	3.7199999999999998	4650.0	4646.28
20260706	1.0	24full	frontier_gpt4	VALUE	0.998548	242	7.26	5000.0	4992.74
20260706	1.0	24full	frontier_gpt4	PREC_CONSTRAINED	0.99	192	5.76	4950.0	4944.24
20260706	1.0	24full	frontier_gpt4	COST_CONSTRAINED	1.0	9947	298.40999999999997	5000.0	4701.59
20260706	1.0	20raw	cheap_heuristic	F1	0.7918781725888325	97	0.0097	3900.0	3899.9903
20260706	1.0	20raw	cheap_heuristic	VALUE	0.99999564	218	0.0218	5000.0	4999.9782
20260706	1.0	20raw	cheap_heuristic	PREC_CONSTRAINED	0.99	198	0.0198	4950.0	4949.9802
20260706	1.0	20raw	cheap_heuristic	COST_CONSTRAINED	1.0	9943	0.9943000000000001	5000.0	4999.0057
20260706	1.0	20raw	small_open	F1	0.7918781725888325	97	0.058199999999999995	3900.0	3899.9418
20260706	1.0	20raw	small_open	VALUE	0.99997384	218	0.1308	5000.0	4999.8692
20260706	1.0	20raw	small_open	PREC_CONSTRAINED	0.99	198	0.11879999999999999	4950.0	4949.8812
20260706	1.0	20raw	small_open	COST_CONSTRAINED	1.0	9943	5.9658	5000.0	4994.0342
20260706	1.0	20raw	iter120_default	F1	0.7918781725888325	97	0.097	3900.0	3899.903
20260706	1.0	20raw	iter120_default	VALUE	0.9999564000000001	218	0.218	5000.0	4999.782
20260706	1.0	20raw	iter120_default	PREC_CONSTRAINED	0.99	198	0.198	4950.0	4949.802
20260706	1.0	20raw	iter120_default	COST_CONSTRAINED	1.0	9943	9.943	5000.0	4990.057
20260706	1.0	20raw	mid_tier	F1	0.7918781725888325	97	0.485	3900.0	3899.515
20260706	1.0	20raw	mid_tier	VALUE	0.999782	218	1.09	5000.0	4998.91
20260706	1.0	20raw	mid_tier	PREC_CONSTRAINED	0.99	198	0.99	4950.0	4949.01
20260706	1.0	20raw	mid_tier	COST_CONSTRAINED	1.0	9943	49.715	5000.0	4950.285
20260706	1.0	20raw	frontier_gpt4	F1	0.7918781725888325	97	2.9099999999999997	3900.0	3897.09
20260706	1.0	20raw	frontier_gpt4	VALUE	0.998692	218	6.54	5000.0	4993.46
20260706	1.0	20raw	frontier_gpt4	PREC_CONSTRAINED	0.99	198	5.9399999999999995	4950.0	4944.06
20260706	1.0	20raw	frontier_gpt4	COST_CONSTRAINED	1.0	9943	298.28999999999996	5000.0	4701.71
20260706	1.0	20raw+minmax	cheap_heuristic	F1	0.8058252427184467	106	0.0106	4150.0	4149.9894
20260706	1.0	20raw+minmax	cheap_heuristic	VALUE	0.99999396	302	0.0302	5000.0	4999.9698
20260706	1.0	20raw+minmax	cheap_heuristic	PREC_CONSTRAINED	0.96	192	0.019200000000000002	4800.0	4799.9808
20260706	1.0	20raw+minmax	cheap_heuristic	COST_CONSTRAINED	1.0	9949	0.9949	5000.0	4999.0051
20260706	1.0	20raw+minmax	small_open	F1	0.8058252427184467	106	0.06359999999999999	4150.0	4149.9364
20260706	1.0	20raw+minmax	small_open	VALUE	0.99996376	302	0.18119999999999997	5000.0	4999.8188
20260706	1.0	20raw+minmax	small_open	PREC_CONSTRAINED	0.96	192	0.1152	4800.0	4799.8848
20260706	1.0	20raw+minmax	small_open	COST_CONSTRAINED	1.0	9949	5.969399999999999	5000.0	4994.0306
20260706	1.0	20raw+minmax	iter120_default	F1	0.8058252427184467	106	0.106	4150.0	4149.894
20260706	1.0	20raw+minmax	iter120_default	VALUE	0.9999396	302	0.302	5000.0	4999.698
20260706	1.0	20raw+minmax	iter120_default	PREC_CONSTRAINED	0.96	192	0.192	4800.0	4799.808
20260706	1.0	20raw+minmax	iter120_default	COST_CONSTRAINED	1.0	9949	9.949	5000.0	4990.051
20260706	1.0	20raw+minmax	mid_tier	F1	0.8058252427184467	106	0.53	4150.0	4149.47
20260706	1.0	20raw+minmax	mid_tier	VALUE	0.999698	302	1.51	5000.0	4998.49
20260706	1.0	20raw+minmax	mid_tier	PREC_CONSTRAINED	0.96	192	0.96	4800.0	4799.04
20260706	1.0	20raw+minmax	mid_tier	COST_CONSTRAINED	1.0	9949	49.745000000000005	5000.0	4950.255
20260706	1.0	20raw+minmax	frontier_gpt4	F1	0.8058252427184467	106	3.1799999999999997	4150.0	4146.82
20260706	1.0	20raw+minmax	frontier_gpt4	VALUE	0.998188	302	9.06	5000.0	4990.94
20260706	1.0	20raw+minmax	frontier_gpt4	PREC_CONSTRAINED	0.96	192	5.76	4800.0	4794.24
20260706	1.0	20raw+minmax	frontier_gpt4	COST_CONSTRAINED	1.0	9949	298.46999999999997	5000.0	4701.53
20260706	1.0	20raw+stat	cheap_heuristic	F1	0.7873303167420814	121	0.012100000000000001	4350.0	4349.9879
20260706	1.0	20raw+stat	cheap_heuristic	VALUE	0.9999951199999999	244	0.0244	5000.0	4999.9756
20260706	1.0	20raw+stat	cheap_heuristic	PREC_CONSTRAINED	0.97	192	0.019200000000000002	4850.0	4849.9808
20260706	1.0	20raw+stat	cheap_heuristic	COST_CONSTRAINED	1.0	9944	0.9944000000000001	5000.0	4999.0056
20260706	1.0	20raw+stat	small_open	F1	0.7873303167420814	121	0.0726	4350.0	4349.9274
20260706	1.0	20raw+stat	small_open	VALUE	0.9999707200000001	244	0.14639999999999997	5000.0	4999.8536
20260706	1.0	20raw+stat	small_open	PREC_CONSTRAINED	0.97	192	0.1152	4850.0	4849.8848
20260706	1.0	20raw+stat	small_open	COST_CONSTRAINED	1.0	9944	5.966399999999999	5000.0	4994.0336
20260706	1.0	20raw+stat	iter120_default	F1	0.7873303167420814	121	0.121	4350.0	4349.879
20260706	1.0	20raw+stat	iter120_default	VALUE	0.9999512	244	0.244	5000.0	4999.756
20260706	1.0	20raw+stat	iter120_default	PREC_CONSTRAINED	0.97	192	0.192	4850.0	4849.808
20260706	1.0	20raw+stat	iter120_default	COST_CONSTRAINED	1.0	9944	9.944	5000.0	4990.056
20260706	1.0	20raw+stat	mid_tier	F1	0.7873303167420814	121	0.605	4350.0	4349.395
20260706	1.0	20raw+stat	mid_tier	VALUE	0.999756	244	1.22	5000.0	4998.78
20260706	1.0	20raw+stat	mid_tier	PREC_CONSTRAINED	0.97	192	0.96	4850.0	4849.04
20260706	1.0	20raw+stat	mid_tier	COST_CONSTRAINED	1.0	9944	49.72	5000.0	4950.28
20260706	1.0	20raw+stat	frontier_gpt4	F1	0.7873303167420814	121	3.63	4350.0	4346.37
20260706	1.0	20raw+stat	frontier_gpt4	VALUE	0.9985360000000001	244	7.319999999999999	5000.0	4992.68
20260706	1.0	20raw+stat	frontier_gpt4	PREC_CONSTRAINED	0.97	192	5.76	4850.0	4844.24
20260706	1.0	20raw+stat	frontier_gpt4	COST_CONSTRAINED	1.0	9944	298.32	5000.0	4701.68
20260706	0.5	24full	cheap_heuristic	F1	0.7244094488188978	77	0.0077	2300.0	2299.9923
20260706	0.5	24full	cheap_heuristic	VALUE	0.99999276	181	0.0181	2500.0	2499.9819
20260706	0.5	24full	cheap_heuristic	PREC_CONSTRAINED	0.94	93	0.009300000000000001	2350.0	2349.9907
20260706	0.5	24full	cheap_heuristic	COST_CONSTRAINED	1.0	9897	0.9897	2500.0	2499.0103
20260706	0.5	24full	small_open	F1	0.7244094488188978	77	0.0462	2300.0	2299.9538
20260706	0.5	24full	small_open	VALUE	0.99995656	181	0.10859999999999999	2500.0	2499.8914
20260706	0.5	24full	small_open	PREC_CONSTRAINED	0.94	93	0.055799999999999995	2350.0	2349.9442
20260706	0.5	24full	small_open	COST_CONSTRAINED	1.0	9897	5.938199999999999	2500.0	2494.0618
20260706	0.5	24full	iter120_default	F1	0.7244094488188978	77	0.077	2300.0	2299.923
20260706	0.5	24full	iter120_default	VALUE	0.9999276	181	0.181	2500.0	2499.819
20260706	0.5	24full	iter120_default	PREC_CONSTRAINED	0.94	93	0.093	2350.0	2349.907
20260706	0.5	24full	iter120_default	COST_CONSTRAINED	1.0	9897	9.897	2500.0	2490.103
20260706	0.5	24full	mid_tier	F1	0.7244094488188978	77	0.385	2300.0	2299.615
20260706	0.5	24full	mid_tier	VALUE	0.9996379999999999	181	0.905	2500.0	2499.095
20260706	0.5	24full	mid_tier	PREC_CONSTRAINED	0.94	93	0.465	2350.0	2349.535
20260706	0.5	24full	mid_tier	COST_CONSTRAINED	1.0	9897	49.485	2500.0	2450.515
20260706	0.5	24full	frontier_gpt4	F1	0.7244094488188978	77	2.31	2300.0	2297.69
20260706	0.5	24full	frontier_gpt4	VALUE	0.997828	181	5.43	2500.0	2494.57
20260706	0.5	24full	frontier_gpt4	PREC_CONSTRAINED	0.94	93	2.79	2350.0	2347.21
20260706	0.5	24full	frontier_gpt4	COST_CONSTRAINED	1.0	9897	296.90999999999997	2500.0	2203.09
20260706	0.5	20raw	cheap_heuristic	F1	0.717391304347826	42	0.004200000000000001	1650.0	1649.9958
20260706	0.5	20raw	cheap_heuristic	VALUE	0.9999932800000001	168	0.016800000000000002	2500.0	2499.9832
20260706	0.5	20raw	cheap_heuristic	PREC_CONSTRAINED	0.86	85	0.0085	2150.0	2149.9915
20260706	0.5	20raw	cheap_heuristic	COST_CONSTRAINED	1.0	9893	0.9893000000000001	2500.0	2499.0107
20260706	0.5	20raw	small_open	F1	0.717391304347826	42	0.025199999999999997	1650.0	1649.9748
20260706	0.5	20raw	small_open	VALUE	0.9999596799999999	168	0.10079999999999999	2500.0	2499.8992
20260706	0.5	20raw	small_open	PREC_CONSTRAINED	0.86	85	0.051	2150.0	2149.949
20260706	0.5	20raw	small_open	COST_CONSTRAINED	1.0	9893	5.9357999999999995	2500.0	2494.0642
20260706	0.5	20raw	iter120_default	F1	0.717391304347826	42	0.042	1650.0	1649.958
20260706	0.5	20raw	iter120_default	VALUE	0.9999328	168	0.168	2500.0	2499.832
20260706	0.5	20raw	iter120_default	PREC_CONSTRAINED	0.86	85	0.085	2150.0	2149.915
20260706	0.5	20raw	iter120_default	COST_CONSTRAINED	1.0	9893	9.893	2500.0	2490.107
20260706	0.5	20raw	mid_tier	F1	0.717391304347826	42	0.21	1650.0	1649.79
20260706	0.5	20raw	mid_tier	VALUE	0.999664	168	0.84	2500.0	2499.16
20260706	0.5	20raw	mid_tier	PREC_CONSTRAINED	0.86	85	0.425	2150.0	2149.575
20260706	0.5	20raw	mid_tier	COST_CONSTRAINED	1.0	9893	49.465	2500.0	2450.535
20260706	0.5	20raw	frontier_gpt4	F1	0.717391304347826	42	1.26	1650.0	1648.74
20260706	0.5	20raw	frontier_gpt4	VALUE	0.997984	168	5.04	2500.0	2494.96
20260706	0.5	20raw	frontier_gpt4	PREC_CONSTRAINED	0.86	85	2.55	2150.0	2147.45
20260706	0.5	20raw	frontier_gpt4	COST_CONSTRAINED	1.0	9893	296.78999999999996	2500.0	2203.21
20260706	0.5	20raw+minmax	cheap_heuristic	F1	0.7252747252747254	41	0.0041	1650.0	1649.9959
20260706	0.5	20raw+minmax	cheap_heuristic	VALUE	0.99998848	288	0.028800000000000003	2500.0	2499.9712
20260706	0.5	20raw+minmax	cheap_heuristic	PREC_CONSTRAINED	0.88	88	0.0088	2200.0	2199.9912
20260706	0.5	20raw+minmax	cheap_heuristic	COST_CONSTRAINED	1.0	9899	0.9899	2500.0	2499.0101
20260706	0.5	20raw+minmax	small_open	F1	0.7252747252747254	41	0.024599999999999997	1650.0	1649.9754
20260706	0.5	20raw+minmax	small_open	VALUE	0.9999308800000001	288	0.17279999999999998	2500.0	2499.8272
20260706	0.5	20raw+minmax	small_open	PREC_CONSTRAINED	0.88	88	0.05279999999999999	2200.0	2199.9472
20260706	0.5	20raw+minmax	small_open	COST_CONSTRAINED	1.0	9899	5.939399999999999	2500.0	2494.0606
20260706	0.5	20raw+minmax	iter120_default	F1	0.7252747252747254	41	0.041	1650.0	1649.959
20260706	0.5	20raw+minmax	iter120_default	VALUE	0.9998848	288	0.28800000000000003	2500.0	2499.712
20260706	0.5	20raw+minmax	iter120_default	PREC_CONSTRAINED	0.88	88	0.088	2200.0	2199.912
20260706	0.5	20raw+minmax	iter120_default	COST_CONSTRAINED	1.0	9899	9.899000000000001	2500.0	2490.101
20260706	0.5	20raw+minmax	mid_tier	F1	0.7252747252747254	41	0.20500000000000002	1650.0	1649.795
20260706	0.5	20raw+minmax	mid_tier	VALUE	0.999424	288	1.44	2500.0	2498.56
20260706	0.5	20raw+minmax	mid_tier	PREC_CONSTRAINED	0.88	88	0.44	2200.0	2199.56
20260706	0.5	20raw+minmax	mid_tier	COST_CONSTRAINED	1.0	9899	49.495000000000005	2500.0	2450.505
20260706	0.5	20raw+minmax	frontier_gpt4	F1	0.7252747252747254	41	1.23	1650.0	1648.77
20260706	0.5	20raw+minmax	frontier_gpt4	VALUE	0.9965440000000001	288	8.64	2500.0	2491.36
20260706	0.5	20raw+minmax	frontier_gpt4	PREC_CONSTRAINED	0.88	88	2.6399999999999997	2200.0	2197.36
20260706	0.5	20raw+minmax	frontier_gpt4	COST_CONSTRAINED	1.0	9899	296.96999999999997	2500.0	2203.03
20260706	0.5	20raw+stat	cheap_heuristic	F1	0.6909090909090909	60	0.006	1900.0	1899.994
20260706	0.5	20raw+stat	cheap_heuristic	VALUE	0.99999244	189	0.0189	2500.0	2499.9811
20260706	0.5	20raw+stat	cheap_heuristic	PREC_CONSTRAINED	0.86	86	0.0086	2150.0	2149.9914
20260706	0.5	20raw+stat	cheap_heuristic	COST_CONSTRAINED	1.0	9894	0.9894000000000001	2500.0	2499.0106
20260706	0.5	20raw+stat	small_open	F1	0.6909090909090909	60	0.036	1900.0	1899.964
20260706	0.5	20raw+stat	small_open	VALUE	0.9999546399999999	189	0.11339999999999999	2500.0	2499.8866
20260706	0.5	20raw+stat	small_open	PREC_CONSTRAINED	0.86	86	0.05159999999999999	2150.0	2149.9484
20260706	0.5	20raw+stat	small_open	COST_CONSTRAINED	1.0	9894	5.9364	2500.0	2494.0636
20260706	0.5	20raw+stat	iter120_default	F1	0.6909090909090909	60	0.06	1900.0	1899.94
20260706	0.5	20raw+stat	iter120_default	VALUE	0.9999244	189	0.189	2500.0	2499.811
20260706	0.5	20raw+stat	iter120_default	PREC_CONSTRAINED	0.86	86	0.08600000000000001	2150.0	2149.914
20260706	0.5	20raw+stat	iter120_default	COST_CONSTRAINED	1.0	9894	9.894	2500.0	2490.106
20260706	0.5	20raw+stat	mid_tier	F1	0.6909090909090909	60	0.3	1900.0	1899.7
20260706	0.5	20raw+stat	mid_tier	VALUE	0.9996219999999999	189	0.9450000000000001	2500.0	2499.055
20260706	0.5	20raw+stat	mid_tier	PREC_CONSTRAINED	0.86	86	0.43	2150.0	2149.57
20260706	0.5	20raw+stat	mid_tier	COST_CONSTRAINED	1.0	9894	49.47	2500.0	2450.53
20260706	0.5	20raw+stat	frontier_gpt4	F1	0.6909090909090909	60	1.7999999999999998	1900.0	1898.2
20260706	0.5	20raw+stat	frontier_gpt4	VALUE	0.997732	189	5.67	2500.0	2494.33
20260706	0.5	20raw+stat	frontier_gpt4	PREC_CONSTRAINED	0.86	86	2.58	2150.0	2147.42
20260706	0.5	20raw+stat	frontier_gpt4	COST_CONSTRAINED	1.0	9894	296.82	2500.0	2203.18
20260706	0.1	24full	cheap_heuristic	F1	0.5714285714285715	4	0.0004	200.0	199.9996
20260706	0.1	24full	cheap_heuristic	VALUE	0.9999846	77	0.0077	500.0	499.9923
20260706	0.1	24full	cheap_heuristic	PREC_CONSTRAINED	0.5	10	0.001	250.0	249.999
20260706	0.1	24full	cheap_heuristic	COST_CONSTRAINED	1.0	9857	0.9857	500.0	499.0143
20260706	0.1	24full	small_open	F1	0.5714285714285715	4	0.0024	200.0	199.9976
20260706	0.1	24full	small_open	VALUE	0.9999076	77	0.0462	500.0	499.9538
20260706	0.1	24full	small_open	PREC_CONSTRAINED	0.5	10	0.005999999999999999	250.0	249.994
20260706	0.1	24full	small_open	COST_CONSTRAINED	1.0	9857	5.914199999999999	500.0	494.0858
20260706	0.1	24full	iter120_default	F1	0.5714285714285715	4	0.004	200.0	199.996
20260706	0.1	24full	iter120_default	VALUE	0.999846	77	0.077	500.0	499.923
20260706	0.1	24full	iter120_default	PREC_CONSTRAINED	0.5	10	0.01	250.0	249.99
20260706	0.1	24full	iter120_default	COST_CONSTRAINED	1.0	9857	9.857	500.0	490.14300000000003
20260706	0.1	24full	mid_tier	F1	0.5714285714285715	4	0.02	200.0	199.98
20260706	0.1	24full	mid_tier	VALUE	0.9992300000000001	77	0.385	500.0	499.615
20260706	0.1	24full	mid_tier	PREC_CONSTRAINED	0.5	10	0.05	250.0	249.95
20260706	0.1	24full	mid_tier	COST_CONSTRAINED	1.0	9857	49.285000000000004	500.0	450.715
20260706	0.1	24full	frontier_gpt4	F1	0.5714285714285715	4	0.12	200.0	199.88
20260706	0.1	24full	frontier_gpt4	VALUE	0.99538	77	2.31	500.0	497.69
20260706	0.1	24full	frontier_gpt4	PREC_CONSTRAINED	0.5	10	0.3	250.0	249.7
20260706	0.1	24full	frontier_gpt4	COST_CONSTRAINED	1.0	3201	96.03	500.0	403.97
20260706	0.1	20raw	cheap_heuristic	F1	0.5714285714285715	4	0.0004	200.0	199.9996
20260706	0.1	20raw	cheap_heuristic	VALUE	0.9999856	72	0.007200000000000001	500.0	499.9928
20260706	0.1	20raw	cheap_heuristic	PREC_CONSTRAINED	0.5	9	0.0009000000000000001	250.0	249.9991
20260706	0.1	20raw	cheap_heuristic	COST_CONSTRAINED	1.0	9853	0.9853000000000001	500.0	499.0147
20260706	0.1	20raw	small_open	F1	0.5714285714285715	4	0.0024	200.0	199.9976
20260706	0.1	20raw	small_open	VALUE	0.9999136	72	0.043199999999999995	500.0	499.9568
20260706	0.1	20raw	small_open	PREC_CONSTRAINED	0.5	9	0.005399999999999999	250.0	249.9946
20260706	0.1	20raw	small_open	COST_CONSTRAINED	1.0	9853	5.9117999999999995	500.0	494.08820000000003
20260706	0.1	20raw	iter120_default	F1	0.5714285714285715	4	0.004	200.0	199.996
20260706	0.1	20raw	iter120_default	VALUE	0.999856	72	0.07200000000000001	500.0	499.928
20260706	0.1	20raw	iter120_default	PREC_CONSTRAINED	0.5	9	0.009000000000000001	250.0	249.991
20260706	0.1	20raw	iter120_default	COST_CONSTRAINED	1.0	9853	9.853	500.0	490.147
20260706	0.1	20raw	mid_tier	F1	0.5714285714285715	4	0.02	200.0	199.98
20260706	0.1	20raw	mid_tier	VALUE	0.99928	72	0.36	500.0	499.64
20260706	0.1	20raw	mid_tier	PREC_CONSTRAINED	0.5	9	0.045	250.0	249.955
20260706	0.1	20raw	mid_tier	COST_CONSTRAINED	1.0	9853	49.265	500.0	450.735
20260706	0.1	20raw	frontier_gpt4	F1	0.5714285714285715	4	0.12	200.0	199.88
20260706	0.1	20raw	frontier_gpt4	VALUE	0.9956799999999999	72	2.16	500.0	497.84
20260706	0.1	20raw	frontier_gpt4	PREC_CONSTRAINED	0.5	9	0.27	250.0	249.73
20260706	0.1	20raw	frontier_gpt4	COST_CONSTRAINED	1.0	3287	98.61	500.0	401.39
20260706	0.1	20raw+minmax	cheap_heuristic	F1	0.5714285714285715	4	0.0004	200.0	199.9996
20260706	0.1	20raw+minmax	cheap_heuristic	VALUE	0.9999734	133	0.013300000000000001	500.0	499.9867
20260706	0.1	20raw+minmax	cheap_heuristic	PREC_CONSTRAINED	0.5	9	0.0009000000000000001	250.0	249.9991
20260706	0.1	20raw+minmax	cheap_heuristic	COST_CONSTRAINED	1.0	9859	0.9859	500.0	499.0141
20260706	0.1	20raw+minmax	small_open	F1	0.5714285714285715	4	0.0024	200.0	199.9976
20260706	0.1	20raw+minmax	small_open	VALUE	0.9998404000000001	133	0.0798	500.0	499.9202
20260706	0.1	20raw+minmax	small_open	PREC_CONSTRAINED	0.5	9	0.005399999999999999	250.0	249.9946
20260706	0.1	20raw+minmax	small_open	COST_CONSTRAINED	1.0	9859	5.915399999999999	500.0	494.0846
20260706	0.1	20raw+minmax	iter120_default	F1	0.5714285714285715	4	0.004	200.0	199.996
20260706	0.1	20raw+minmax	iter120_default	VALUE	0.999734	133	0.133	500.0	499.867
20260706	0.1	20raw+minmax	iter120_default	PREC_CONSTRAINED	0.5	9	0.009000000000000001	250.0	249.991
20260706	0.1	20raw+minmax	iter120_default	COST_CONSTRAINED	1.0	9859	9.859	500.0	490.141
20260706	0.1	20raw+minmax	mid_tier	F1	0.5714285714285715	4	0.02	200.0	199.98
20260706	0.1	20raw+minmax	mid_tier	VALUE	0.99867	133	0.665	500.0	499.335
20260706	0.1	20raw+minmax	mid_tier	PREC_CONSTRAINED	0.5	9	0.045	250.0	249.955
20260706	0.1	20raw+minmax	mid_tier	COST_CONSTRAINED	1.0	9859	49.295	500.0	450.705
20260706	0.1	20raw+minmax	frontier_gpt4	F1	0.5714285714285715	4	0.12	200.0	199.88
20260706	0.1	20raw+minmax	frontier_gpt4	VALUE	0.99202	133	3.9899999999999998	500.0	496.01
20260706	0.1	20raw+minmax	frontier_gpt4	PREC_CONSTRAINED	0.5	9	0.27	250.0	249.73
20260706	0.1	20raw+minmax	frontier_gpt4	COST_CONSTRAINED	1.0	3190	95.7	500.0	404.3
20260706	0.1	20raw+stat	cheap_heuristic	F1	0.5714285714285715	4	0.0004	200.0	199.9996
20260706	0.1	20raw+stat	cheap_heuristic	VALUE	0.9999714000000001	143	0.0143	500.0	499.9857
20260706	0.1	20raw+stat	cheap_heuristic	PREC_CONSTRAINED	0.5	10	0.001	250.0	249.999
20260706	0.1	20raw+stat	cheap_heuristic	COST_CONSTRAINED	1.0	9854	0.9854	500.0	499.0146
20260706	0.1	20raw+stat	small_open	F1	0.5714285714285715	4	0.0024	200.0	199.9976
20260706	0.1	20raw+stat	small_open	VALUE	0.9998284	143	0.08579999999999999	500.0	499.9142
20260706	0.1	20raw+stat	small_open	PREC_CONSTRAINED	0.5	10	0.005999999999999999	250.0	249.994
20260706	0.1	20raw+stat	small_open	COST_CONSTRAINED	1.0	9854	5.9124	500.0	494.0876
20260706	0.1	20raw+stat	iter120_default	F1	0.5714285714285715	4	0.004	200.0	199.996
20260706	0.1	20raw+stat	iter120_default	VALUE	0.9997140000000001	143	0.14300000000000002	500.0	499.857
20260706	0.1	20raw+stat	iter120_default	PREC_CONSTRAINED	0.5	10	0.01	250.0	249.99
20260706	0.1	20raw+stat	iter120_default	COST_CONSTRAINED	1.0	9854	9.854000000000001	500.0	490.146
20260706	0.1	20raw+stat	mid_tier	F1	0.5714285714285715	4	0.02	200.0	199.98
20260706	0.1	20raw+stat	mid_tier	VALUE	0.9985700000000001	143	0.715	500.0	499.285
20260706	0.1	20raw+stat	mid_tier	PREC_CONSTRAINED	0.5	10	0.05	250.0	249.95
20260706	0.1	20raw+stat	mid_tier	COST_CONSTRAINED	1.0	9854	49.27	500.0	450.73
20260706	0.1	20raw+stat	frontier_gpt4	F1	0.5714285714285715	4	0.12	200.0	199.88
20260706	0.1	20raw+stat	frontier_gpt4	VALUE	0.99142	143	4.29	500.0	495.71
20260706	0.1	20raw+stat	frontier_gpt4	PREC_CONSTRAINED	0.5	10	0.3	250.0	249.7
20260706	0.1	20raw+stat	frontier_gpt4	COST_CONSTRAINED	1.0	3330	99.89999999999999	500.0	400.1
20260706	0.05	24full	cheap_heuristic	F1	0.3636363636363636	17	0.0017000000000000001	200.0	199.9983
20260706	0.05	24full	cheap_heuristic	VALUE	0.9999608	98	0.0098	250.0	249.9902
20260706	0.05	24full	cheap_heuristic	PREC_CONSTRAINED	0.2	2	0.0002	50.0	49.9998
20260706	0.05	24full	cheap_heuristic	COST_CONSTRAINED	1.0	9852	0.9852000000000001	250.0	249.0148
20260706	0.05	24full	small_open	F1	0.3636363636363636	17	0.010199999999999999	200.0	199.9898
20260706	0.05	24full	small_open	VALUE	0.9997648	98	0.0588	250.0	249.9412
20260706	0.05	24full	small_open	PREC_CONSTRAINED	0.2	2	0.0012	50.0	49.9988
20260706	0.05	24full	small_open	COST_CONSTRAINED	1.0	9852	5.911199999999999	250.0	244.0888
20260706	0.05	24full	iter120_default	F1	0.3636363636363636	17	0.017	200.0	199.983
20260706	0.05	24full	iter120_default	VALUE	0.9996079999999999	98	0.098	250.0	249.902
20260706	0.05	24full	iter120_default	PREC_CONSTRAINED	0.2	2	0.002	50.0	49.998
20260706	0.05	24full	iter120_default	COST_CONSTRAINED	1.0	9852	9.852	250.0	240.148
20260706	0.05	24full	mid_tier	F1	0.3636363636363636	17	0.085	200.0	199.915
20260706	0.05	24full	mid_tier	VALUE	0.9980399999999999	98	0.49	250.0	249.51
20260706	0.05	24full	mid_tier	PREC_CONSTRAINED	0.2	2	0.01	50.0	49.99
20260706	0.05	24full	mid_tier	COST_CONSTRAINED	1.0	9852	49.26	250.0	200.74
20260706	0.05	24full	frontier_gpt4	F1	0.3636363636363636	17	0.51	200.0	199.49
20260706	0.05	24full	frontier_gpt4	VALUE	0.98824	98	2.94	250.0	247.06
20260706	0.05	24full	frontier_gpt4	PREC_CONSTRAINED	0.2	2	0.06	50.0	49.94
20260706	0.05	24full	frontier_gpt4	COST_CONSTRAINED	1.0	1643	49.29	250.0	200.71
20260706	0.05	20raw	cheap_heuristic	F1	0.33333333333333337	1	0.0001	50.0	49.9999
20260706	0.05	20raw	cheap_heuristic	VALUE	0.999974	65	0.006500000000000001	250.0	249.9935
20260706	0.05	20raw	cheap_heuristic	PREC_CONSTRAINED	0.2	2	0.0002	50.0	49.9998
20260706	0.05	20raw	cheap_heuristic	COST_CONSTRAINED	1.0	9848	0.9848	250.0	249.0152
20260706	0.05	20raw	small_open	F1	0.33333333333333337	1	0.0006	50.0	49.9994
20260706	0.05	20raw	small_open	VALUE	0.9998440000000001	65	0.039	250.0	249.961
20260706	0.05	20raw	small_open	PREC_CONSTRAINED	0.2	2	0.0012	50.0	49.9988
20260706	0.05	20raw	small_open	COST_CONSTRAINED	1.0	9848	5.908799999999999	250.0	244.09120000000001
20260706	0.05	20raw	iter120_default	F1	0.33333333333333337	1	0.001	50.0	49.999
20260706	0.05	20raw	iter120_default	VALUE	0.99974	65	0.065	250.0	249.935
20260706	0.05	20raw	iter120_default	PREC_CONSTRAINED	0.2	2	0.002	50.0	49.998
20260706	0.05	20raw	iter120_default	COST_CONSTRAINED	1.0	9848	9.848	250.0	240.152
20260706	0.05	20raw	mid_tier	F1	0.33333333333333337	1	0.005	50.0	49.995
20260706	0.05	20raw	mid_tier	VALUE	0.9987	65	0.325	250.0	249.675
20260706	0.05	20raw	mid_tier	PREC_CONSTRAINED	0.2	2	0.01	50.0	49.99
20260706	0.05	20raw	mid_tier	COST_CONSTRAINED	1.0	9848	49.24	250.0	200.76
20260706	0.05	20raw	frontier_gpt4	F1	0.33333333333333337	1	0.03	50.0	49.97
20260706	0.05	20raw	frontier_gpt4	VALUE	0.9922000000000001	65	1.95	250.0	248.05
20260706	0.05	20raw	frontier_gpt4	PREC_CONSTRAINED	0.2	2	0.06	50.0	49.94
20260706	0.05	20raw	frontier_gpt4	COST_CONSTRAINED	1.0	1632	48.96	250.0	201.04
20260706	0.05	20raw+minmax	cheap_heuristic	F1	0.37499999999999994	11	0.0011	150.0	149.9989
20260706	0.05	20raw+minmax	cheap_heuristic	VALUE	0.9999644	89	0.0089	250.0	249.9911
20260706	0.05	20raw+minmax	cheap_heuristic	PREC_CONSTRAINED	0.2	2	0.0002	50.0	49.9998
20260706	0.05	20raw+minmax	cheap_heuristic	COST_CONSTRAINED	1.0	9854	0.9854	250.0	249.0146
20260706	0.05	20raw+minmax	small_open	F1	0.37499999999999994	11	0.006599999999999999	150.0	149.9934
20260706	0.05	20raw+minmax	small_open	VALUE	0.9997864	89	0.053399999999999996	250.0	249.9466
20260706	0.05	20raw+minmax	small_open	PREC_CONSTRAINED	0.2	2	0.0012	50.0	49.9988
20260706	0.05	20raw+minmax	small_open	COST_CONSTRAINED	1.0	9854	5.9124	250.0	244.0876
20260706	0.05	20raw+minmax	iter120_default	F1	0.37499999999999994	11	0.011	150.0	149.989
20260706	0.05	20raw+minmax	iter120_default	VALUE	0.999644	89	0.089	250.0	249.911
20260706	0.05	20raw+minmax	iter120_default	PREC_CONSTRAINED	0.2	2	0.002	50.0	49.998
20260706	0.05	20raw+minmax	iter120_default	COST_CONSTRAINED	1.0	9854	9.854000000000001	250.0	240.146
20260706	0.05	20raw+minmax	mid_tier	F1	0.37499999999999994	11	0.055	150.0	149.945
20260706	0.05	20raw+minmax	mid_tier	VALUE	0.99822	89	0.445	250.0	249.555
20260706	0.05	20raw+minmax	mid_tier	PREC_CONSTRAINED	0.2	2	0.01	50.0	49.99
20260706	0.05	20raw+minmax	mid_tier	COST_CONSTRAINED	1.0	9854	49.27	250.0	200.73
20260706	0.05	20raw+minmax	frontier_gpt4	F1	0.37499999999999994	11	0.32999999999999996	150.0	149.67
20260706	0.05	20raw+minmax	frontier_gpt4	VALUE	0.9893200000000001	89	2.67	250.0	247.33
20260706	0.05	20raw+minmax	frontier_gpt4	PREC_CONSTRAINED	0.2	2	0.06	50.0	49.94
20260706	0.05	20raw+minmax	frontier_gpt4	COST_CONSTRAINED	1.0	1610	48.3	250.0	201.7
20260706	0.05	20raw+stat	cheap_heuristic	F1	0.33333333333333337	1	0.0001	50.0	49.9999
20260706	0.05	20raw+stat	cheap_heuristic	VALUE	0.9999856	36	0.0036000000000000003	250.0	249.9964
20260706	0.05	20raw+stat	cheap_heuristic	PREC_CONSTRAINED	0.2	1	0.0001	50.0	49.9999
20260706	0.05	20raw+stat	cheap_heuristic	COST_CONSTRAINED	1.0	9849	0.9849	250.0	249.0151
20260706	0.05	20raw+stat	small_open	F1	0.33333333333333337	1	0.0006	50.0	49.9994
20260706	0.05	20raw+stat	small_open	VALUE	0.9999136	36	0.021599999999999998	250.0	249.9784
20260706	0.05	20raw+stat	small_open	PREC_CONSTRAINED	0.2	1	0.0006	50.0	49.9994
20260706	0.05	20raw+stat	small_open	COST_CONSTRAINED	1.0	9849	5.9094	250.0	244.0906
20260706	0.05	20raw+stat	iter120_default	F1	0.33333333333333337	1	0.001	50.0	49.999
20260706	0.05	20raw+stat	iter120_default	VALUE	0.999856	36	0.036000000000000004	250.0	249.964
20260706	0.05	20raw+stat	iter120_default	PREC_CONSTRAINED	0.2	1	0.001	50.0	49.999
20260706	0.05	20raw+stat	iter120_default	COST_CONSTRAINED	1.0	9849	9.849	250.0	240.151
20260706	0.05	20raw+stat	mid_tier	F1	0.33333333333333337	1	0.005	50.0	49.995
20260706	0.05	20raw+stat	mid_tier	VALUE	0.99928	36	0.18	250.0	249.82
20260706	0.05	20raw+stat	mid_tier	PREC_CONSTRAINED	0.2	1	0.005	50.0	49.995
20260706	0.05	20raw+stat	mid_tier	COST_CONSTRAINED	1.0	9849	49.245000000000005	250.0	200.755
20260706	0.05	20raw+stat	frontier_gpt4	F1	0.33333333333333337	1	0.03	50.0	49.97
20260706	0.05	20raw+stat	frontier_gpt4	VALUE	0.9956799999999999	36	1.08	250.0	248.92
20260706	0.05	20raw+stat	frontier_gpt4	PREC_CONSTRAINED	0.2	1	0.03	50.0	49.97
20260706	0.05	20raw+stat	frontier_gpt4	COST_CONSTRAINED	1.0	1637	49.11	250.0	200.89
20260708	1.44	24full	cheap_heuristic	F1	0.802547770700637	170	0.017	6300.0	6299.983
20260708	1.44	24full	cheap_heuristic	VALUE	0.9999954722222223	326	0.032600000000000004	7200.0	7199.9674
20260708	1.44	24full	cheap_heuristic	PREC_CONSTRAINED	0.9930555555555556	284	0.0284	7150.0	7149.9716
20260708	1.44	24full	cheap_heuristic	COST_CONSTRAINED	1.0	9989	0.9989	7200.0	7199.0011
20260708	1.44	24full	small_open	F1	0.802547770700637	170	0.102	6300.0	6299.898
20260708	1.44	24full	small_open	VALUE	0.9999728333333333	326	0.1956	7200.0	7199.8044
20260708	1.44	24full	small_open	PREC_CONSTRAINED	0.9930555555555556	284	0.1704	7150.0	7149.8296
20260708	1.44	24full	small_open	COST_CONSTRAINED	1.0	9989	5.993399999999999	7200.0	7194.0066
20260708	1.44	24full	iter120_default	F1	0.802547770700637	170	0.17	6300.0	6299.83
20260708	1.44	24full	iter120_default	VALUE	0.9999547222222223	326	0.326	7200.0	7199.674
20260708	1.44	24full	iter120_default	PREC_CONSTRAINED	0.9930555555555556	284	0.28400000000000003	7150.0	7149.716
20260708	1.44	24full	iter120_default	COST_CONSTRAINED	1.0	9989	9.989	7200.0	7190.011
20260708	1.44	24full	mid_tier	F1	0.802547770700637	170	0.85	6300.0	6299.15
20260708	1.44	24full	mid_tier	VALUE	0.9997736111111111	326	1.6300000000000001	7200.0	7198.37
20260708	1.44	24full	mid_tier	PREC_CONSTRAINED	0.9930555555555556	284	1.42	7150.0	7148.58
20260708	1.44	24full	mid_tier	COST_CONSTRAINED	1.0	9989	49.945	7200.0	7150.055
20260708	1.44	24full	frontier_gpt4	F1	0.802547770700637	170	5.1	6300.0	6294.9
20260708	1.44	24full	frontier_gpt4	VALUE	0.9986416666666666	326	9.78	7200.0	7190.22
20260708	1.44	24full	frontier_gpt4	PREC_CONSTRAINED	0.9930555555555556	284	8.52	7150.0	7141.48
20260708	1.44	24full	frontier_gpt4	COST_CONSTRAINED	1.0	9989	299.67	7200.0	6900.33
20260708	1.44	20raw	cheap_heuristic	F1	0.8316831683168316	159	0.0159	6300.0	6299.9841
20260708	1.44	20raw	cheap_heuristic	VALUE	0.9999947222222223	380	0.038	7200.0	7199.962
20260708	1.44	20raw	cheap_heuristic	PREC_CONSTRAINED	0.9861111111111112	278	0.027800000000000002	7100.0	7099.9722
20260708	1.44	20raw	cheap_heuristic	COST_CONSTRAINED	1.0	9985	0.9985	7200.0	7199.0015
20260708	1.44	20raw	small_open	F1	0.8316831683168316	159	0.09539999999999998	6300.0	6299.9046
20260708	1.44	20raw	small_open	VALUE	0.9999683333333333	380	0.22799999999999998	7200.0	7199.772
20260708	1.44	20raw	small_open	PREC_CONSTRAINED	0.9861111111111112	278	0.16679999999999998	7100.0	7099.8332
20260708	1.44	20raw	small_open	COST_CONSTRAINED	1.0	9985	5.991	7200.0	7194.009
20260708	1.44	20raw	iter120_default	F1	0.8316831683168316	159	0.159	6300.0	6299.841
20260708	1.44	20raw	iter120_default	VALUE	0.9999472222222222	380	0.38	7200.0	7199.62
20260708	1.44	20raw	iter120_default	PREC_CONSTRAINED	0.9861111111111112	278	0.278	7100.0	7099.722
20260708	1.44	20raw	iter120_default	COST_CONSTRAINED	1.0	9985	9.985	7200.0	7190.015
20260708	1.44	20raw	mid_tier	F1	0.8316831683168316	159	0.795	6300.0	6299.205
20260708	1.44	20raw	mid_tier	VALUE	0.9997361111111112	380	1.9000000000000001	7200.0	7198.1
20260708	1.44	20raw	mid_tier	PREC_CONSTRAINED	0.9861111111111112	278	1.3900000000000001	7100.0	7098.61
20260708	1.44	20raw	mid_tier	COST_CONSTRAINED	1.0	9985	49.925000000000004	7200.0	7150.075
20260708	1.44	20raw	frontier_gpt4	F1	0.8316831683168316	159	4.77	6300.0	6295.23
20260708	1.44	20raw	frontier_gpt4	VALUE	0.9984166666666667	380	11.4	7200.0	7188.6
20260708	1.44	20raw	frontier_gpt4	PREC_CONSTRAINED	0.9861111111111112	278	8.34	7100.0	7091.66
20260708	1.44	20raw	frontier_gpt4	COST_CONSTRAINED	1.0	9985	299.55	7200.0	6900.45
20260708	1.44	20raw+minmax	cheap_heuristic	F1	0.8194444444444444	144	0.014400000000000001	5900.0	5899.9856
20260708	1.44	20raw+minmax	cheap_heuristic	VALUE	0.999995388888889	332	0.0332	7200.0	7199.9668
20260708	1.44	20raw+minmax	cheap_heuristic	PREC_CONSTRAINED	0.9930555555555556	284	0.0284	7150.0	7149.9716
20260708	1.44	20raw+minmax	cheap_heuristic	COST_CONSTRAINED	1.0	9984	0.9984000000000001	7200.0	7199.0016
20260708	1.44	20raw+minmax	small_open	F1	0.8194444444444444	144	0.08639999999999999	5900.0	5899.9136
20260708	1.44	20raw+minmax	small_open	VALUE	0.9999723333333334	332	0.1992	7200.0	7199.8008
20260708	1.44	20raw+minmax	small_open	PREC_CONSTRAINED	0.9930555555555556	284	0.1704	7150.0	7149.8296
20260708	1.44	20raw+minmax	small_open	COST_CONSTRAINED	1.0	9984	5.990399999999999	7200.0	7194.0096
20260708	1.44	20raw+minmax	iter120_default	F1	0.8194444444444444	144	0.14400000000000002	5900.0	5899.856
20260708	1.44	20raw+minmax	iter120_default	VALUE	0.9999538888888888	332	0.332	7200.0	7199.668
20260708	1.44	20raw+minmax	iter120_default	PREC_CONSTRAINED	0.9930555555555556	284	0.28400000000000003	7150.0	7149.716
20260708	1.44	20raw+minmax	iter120_default	COST_CONSTRAINED	1.0	9984	9.984	7200.0	7190.016
20260708	1.44	20raw+minmax	mid_tier	F1	0.8194444444444444	144	0.72	5900.0	5899.28
20260708	1.44	20raw+minmax	mid_tier	VALUE	0.9997694444444445	332	1.6600000000000001	7200.0	7198.34
20260708	1.44	20raw+minmax	mid_tier	PREC_CONSTRAINED	0.9930555555555556	284	1.42	7150.0	7148.58
20260708	1.44	20raw+minmax	mid_tier	COST_CONSTRAINED	1.0	9984	49.92	7200.0	7150.08
20260708	1.44	20raw+minmax	frontier_gpt4	F1	0.8194444444444444	144	4.32	5900.0	5895.68
20260708	1.44	20raw+minmax	frontier_gpt4	VALUE	0.9986166666666667	332	9.959999999999999	7200.0	7190.04
20260708	1.44	20raw+minmax	frontier_gpt4	PREC_CONSTRAINED	0.9930555555555556	284	8.52	7150.0	7141.48
20260708	1.44	20raw+minmax	frontier_gpt4	COST_CONSTRAINED	1.0	9984	299.52	7200.0	6900.48
20260708	1.44	20raw+stat	cheap_heuristic	F1	0.8072727272727274	131	0.0131	5550.0	5549.9869
20260708	1.44	20raw+stat	cheap_heuristic	VALUE	0.9999954027777779	331	0.033100000000000004	7200.0	7199.9669
20260708	1.44	20raw+stat	cheap_heuristic	PREC_CONSTRAINED	0.9861111111111112	284	0.0284	7100.0	7099.9716
20260708	1.44	20raw+stat	cheap_heuristic	COST_CONSTRAINED	1.0	9986	0.9986	7200.0	7199.0014
20260708	1.44	20raw+stat	small_open	F1	0.8072727272727274	131	0.07859999999999999	5550.0	5549.9214
20260708	1.44	20raw+stat	small_open	VALUE	0.9999724166666667	331	0.19859999999999997	7200.0	7199.8014
20260708	1.44	20raw+stat	small_open	PREC_CONSTRAINED	0.9861111111111112	284	0.1704	7100.0	7099.8296
20260708	1.44	20raw+stat	small_open	COST_CONSTRAINED	1.0	9986	5.991599999999999	7200.0	7194.0084
20260708	1.44	20raw+stat	iter120_default	F1	0.8072727272727274	131	0.131	5550.0	5549.869
20260708	1.44	20raw+stat	iter120_default	VALUE	0.9999540277777778	331	0.331	7200.0	7199.669
20260708	1.44	20raw+stat	iter120_default	PREC_CONSTRAINED	0.9861111111111112	284	0.28400000000000003	7100.0	7099.716
20260708	1.44	20raw+stat	iter120_default	COST_CONSTRAINED	1.0	9986	9.986	7200.0	7190.014
20260708	1.44	20raw+stat	mid_tier	F1	0.8072727272727274	131	0.655	5550.0	5549.345
20260708	1.44	20raw+stat	mid_tier	VALUE	0.9997701388888889	331	1.655	7200.0	7198.345
20260708	1.44	20raw+stat	mid_tier	PREC_CONSTRAINED	0.9861111111111112	284	1.42	7100.0	7098.58
20260708	1.44	20raw+stat	mid_tier	COST_CONSTRAINED	1.0	9986	49.93	7200.0	7150.07
20260708	1.44	20raw+stat	frontier_gpt4	F1	0.8072727272727274	131	3.9299999999999997	5550.0	5546.07
20260708	1.44	20raw+stat	frontier_gpt4	VALUE	0.9986208333333333	331	9.93	7200.0	7190.07
20260708	1.44	20raw+stat	frontier_gpt4	PREC_CONSTRAINED	0.9861111111111112	284	8.52	7100.0	7091.48
20260708	1.44	20raw+stat	frontier_gpt4	COST_CONSTRAINED	1.0	9986	299.58	7200.0	6900.42
20260708	1.0	24full	cheap_heuristic	F1	0.7532467532467532	131	0.0131	4350.0	4349.9869
20260708	1.0	24full	cheap_heuristic	VALUE	0.9999943600000001	282	0.028200000000000003	5000.0	4999.9718
20260708	1.0	24full	cheap_heuristic	PREC_CONSTRAINED	0.96	187	0.0187	4800.0	4799.9813
20260708	1.0	24full	cheap_heuristic	COST_CONSTRAINED	1.0	9945	0.9945	5000.0	4999.0055
20260708	1.0	24full	small_open	F1	0.7532467532467532	131	0.07859999999999999	4350.0	4349.9214
20260708	1.0	24full	small_open	VALUE	0.9999661599999999	282	0.1692	5000.0	4999.8308
20260708	1.0	24full	small_open	PREC_CONSTRAINED	0.96	187	0.1122	4800.0	4799.8878
20260708	1.0	24full	small_open	COST_CONSTRAINED	1.0	9945	5.967	5000.0	4994.033
20260708	1.0	24full	iter120_default	F1	0.7532467532467532	131	0.131	4350.0	4349.869
20260708	1.0	24full	iter120_default	VALUE	0.9999435999999999	282	0.28200000000000003	5000.0	4999.718
20260708	1.0	24full	iter120_default	PREC_CONSTRAINED	0.96	187	0.187	4800.0	4799.813
20260708	1.0	24full	iter120_default	COST_CONSTRAINED	1.0	9945	9.945	5000.0	4990.055
20260708	1.0	24full	mid_tier	F1	0.7532467532467532	131	0.655	4350.0	4349.345
20260708	1.0	24full	mid_tier	VALUE	0.999718	282	1.41	5000.0	4998.59
20260708	1.0	24full	mid_tier	PREC_CONSTRAINED	0.96	187	0.935	4800.0	4799.065
20260708	1.0	24full	mid_tier	COST_CONSTRAINED	1.0	9945	49.725	5000.0	4950.275
20260708	1.0	24full	frontier_gpt4	F1	0.7532467532467532	131	3.9299999999999997	4350.0	4346.07
20260708	1.0	24full	frontier_gpt4	VALUE	0.998308	282	8.459999999999999	5000.0	4991.54
20260708	1.0	24full	frontier_gpt4	PREC_CONSTRAINED	0.96	187	5.609999999999999	4800.0	4794.39
20260708	1.0	24full	frontier_gpt4	COST_CONSTRAINED	1.0	9945	298.34999999999997	5000.0	4701.65
20260708	1.0	20raw	cheap_heuristic	F1	0.7853881278538812	119	0.0119	4300.0	4299.9881
20260708	1.0	20raw	cheap_heuristic	VALUE	0.9999940199999999	299	0.029900000000000003	5000.0	4999.9701
20260708	1.0	20raw	cheap_heuristic	PREC_CONSTRAINED	0.98	190	0.019	4900.0	4899.981
20260708	1.0	20raw	cheap_heuristic	COST_CONSTRAINED	1.0	9941	0.9941000000000001	5000.0	4999.0059
20260708	1.0	20raw	small_open	F1	0.7853881278538812	119	0.07139999999999999	4300.0	4299.9286
20260708	1.0	20raw	small_open	VALUE	0.99996412	299	0.17939999999999998	5000.0	4999.8206
20260708	1.0	20raw	small_open	PREC_CONSTRAINED	0.98	190	0.11399999999999999	4900.0	4899.886
20260708	1.0	20raw	small_open	COST_CONSTRAINED	1.0	9941	5.9646	5000.0	4994.0354
20260708	1.0	20raw	iter120_default	F1	0.7853881278538812	119	0.11900000000000001	4300.0	4299.881
20260708	1.0	20raw	iter120_default	VALUE	0.9999402000000001	299	0.299	5000.0	4999.701
20260708	1.0	20raw	iter120_default	PREC_CONSTRAINED	0.98	190	0.19	4900.0	4899.81
20260708	1.0	20raw	iter120_default	COST_CONSTRAINED	1.0	9941	9.941	5000.0	4990.059
20260708	1.0	20raw	mid_tier	F1	0.7853881278538812	119	0.595	4300.0	4299.405
20260708	1.0	20raw	mid_tier	VALUE	0.9997010000000001	299	1.495	5000.0	4998.505
20260708	1.0	20raw	mid_tier	PREC_CONSTRAINED	0.98	190	0.9500000000000001	4900.0	4899.05
20260708	1.0	20raw	mid_tier	COST_CONSTRAINED	1.0	9941	49.705	5000.0	4950.295
20260708	1.0	20raw	frontier_gpt4	F1	0.7853881278538812	119	3.57	4300.0	4296.43
20260708	1.0	20raw	frontier_gpt4	VALUE	0.9982059999999999	299	8.969999999999999	5000.0	4991.03
20260708	1.0	20raw	frontier_gpt4	PREC_CONSTRAINED	0.98	190	5.7	4900.0	4894.3
20260708	1.0	20raw	frontier_gpt4	COST_CONSTRAINED	1.0	9941	298.22999999999996	5000.0	4701.77
20260708	1.0	20raw+minmax	cheap_heuristic	F1	0.7884615384615384	108	0.0108	4100.0	4099.9892
20260708	1.0	20raw+minmax	cheap_heuristic	VALUE	0.99999424	288	0.028800000000000003	5000.0	4999.9712
20260708	1.0	20raw+minmax	cheap_heuristic	PREC_CONSTRAINED	0.98	196	0.0196	4900.0	4899.9804
20260708	1.0	20raw+minmax	cheap_heuristic	COST_CONSTRAINED	1.0	9940	0.994	5000.0	4999.006
20260708	1.0	20raw+minmax	small_open	F1	0.7884615384615384	108	0.0648	4100.0	4099.9352
20260708	1.0	20raw+minmax	small_open	VALUE	0.99996544	288	0.17279999999999998	5000.0	4999.8272
20260708	1.0	20raw+minmax	small_open	PREC_CONSTRAINED	0.98	196	0.1176	4900.0	4899.8824
20260708	1.0	20raw+minmax	small_open	COST_CONSTRAINED	1.0	9940	5.9639999999999995	5000.0	4994.036
20260708	1.0	20raw+minmax	iter120_default	F1	0.7884615384615384	108	0.108	4100.0	4099.892
20260708	1.0	20raw+minmax	iter120_default	VALUE	0.9999424000000001	288	0.28800000000000003	5000.0	4999.712
20260708	1.0	20raw+minmax	iter120_default	PREC_CONSTRAINED	0.98	196	0.196	4900.0	4899.804
20260708	1.0	20raw+minmax	iter120_default	COST_CONSTRAINED	1.0	9940	9.94	5000.0	4990.06
20260708	1.0	20raw+minmax	mid_tier	F1	0.7884615384615384	108	0.54	4100.0	4099.46
20260708	1.0	20raw+minmax	mid_tier	VALUE	0.999712	288	1.44	5000.0	4998.56
20260708	1.0	20raw+minmax	mid_tier	PREC_CONSTRAINED	0.98	196	0.98	4900.0	4899.02
20260708	1.0	20raw+minmax	mid_tier	COST_CONSTRAINED	1.0	9940	49.7	5000.0	4950.3
20260708	1.0	20raw+minmax	frontier_gpt4	F1	0.7884615384615384	108	3.2399999999999998	4100.0	4096.76
20260708	1.0	20raw+minmax	frontier_gpt4	VALUE	0.9982719999999999	288	8.64	5000.0	4991.36
20260708	1.0	20raw+minmax	frontier_gpt4	PREC_CONSTRAINED	0.98	196	5.88	4900.0	4894.12
20260708	1.0	20raw+minmax	frontier_gpt4	COST_CONSTRAINED	1.0	9940	298.2	5000.0	4701.8
20260708	1.0	20raw+stat	cheap_heuristic	F1	0.7650273224043715	83	0.0083	3500.0	3499.9917
20260708	1.0	20raw+stat	cheap_heuristic	VALUE	0.99999426	287	0.0287	5000.0	4999.9713
20260708	1.0	20raw+stat	cheap_heuristic	PREC_CONSTRAINED	0.98	193	0.0193	4900.0	4899.9807
20260708	1.0	20raw+stat	cheap_heuristic	COST_CONSTRAINED	1.0	9942	0.9942000000000001	5000.0	4999.0058
20260708	1.0	20raw+stat	small_open	F1	0.7650273224043715	83	0.0498	3500.0	3499.9502
20260708	1.0	20raw+stat	small_open	VALUE	0.99996556	287	0.1722	5000.0	4999.8278
20260708	1.0	20raw+stat	small_open	PREC_CONSTRAINED	0.98	193	0.11579999999999999	4900.0	4899.8842
20260708	1.0	20raw+stat	small_open	COST_CONSTRAINED	1.0	9942	5.965199999999999	5000.0	4994.0348
20260708	1.0	20raw+stat	iter120_default	F1	0.7650273224043715	83	0.083	3500.0	3499.917
20260708	1.0	20raw+stat	iter120_default	VALUE	0.9999425999999999	287	0.28700000000000003	5000.0	4999.713
20260708	1.0	20raw+stat	iter120_default	PREC_CONSTRAINED	0.98	193	0.193	4900.0	4899.807
20260708	1.0	20raw+stat	iter120_default	COST_CONSTRAINED	1.0	9942	9.942	5000.0	4990.058
20260708	1.0	20raw+stat	mid_tier	F1	0.7650273224043715	83	0.41500000000000004	3500.0	3499.585
20260708	1.0	20raw+stat	mid_tier	VALUE	0.999713	287	1.435	5000.0	4998.565
20260708	1.0	20raw+stat	mid_tier	PREC_CONSTRAINED	0.98	193	0.965	4900.0	4899.035
20260708	1.0	20raw+stat	mid_tier	COST_CONSTRAINED	1.0	9942	49.71	5000.0	4950.29
20260708	1.0	20raw+stat	frontier_gpt4	F1	0.7650273224043715	83	2.4899999999999998	3500.0	3497.51
20260708	1.0	20raw+stat	frontier_gpt4	VALUE	0.9982780000000001	287	8.61	5000.0	4991.39
20260708	1.0	20raw+stat	frontier_gpt4	PREC_CONSTRAINED	0.98	193	5.79	4900.0	4894.21
20260708	1.0	20raw+stat	frontier_gpt4	COST_CONSTRAINED	1.0	9942	298.26	5000.0	4701.74
20260708	0.5	24full	cheap_heuristic	F1	0.6363636363636364	38	0.0038	1400.0	1399.9962
20260708	0.5	24full	cheap_heuristic	VALUE	0.99999244	189	0.0189	2500.0	2499.9811
20260708	0.5	24full	cheap_heuristic	PREC_CONSTRAINED	0.76	73	0.0073	1900.0	1899.9927
20260708	0.5	24full	cheap_heuristic	COST_CONSTRAINED	1.0	9895	0.9895	2500.0	2499.0105
20260708	0.5	24full	small_open	F1	0.6363636363636364	38	0.022799999999999997	1400.0	1399.9772
20260708	0.5	24full	small_open	VALUE	0.9999546399999999	189	0.11339999999999999	2500.0	2499.8866
20260708	0.5	24full	small_open	PREC_CONSTRAINED	0.76	73	0.0438	1900.0	1899.9562
20260708	0.5	24full	small_open	COST_CONSTRAINED	1.0	9895	5.936999999999999	2500.0	2494.063
20260708	0.5	24full	iter120_default	F1	0.6363636363636364	38	0.038	1400.0	1399.962
20260708	0.5	24full	iter120_default	VALUE	0.9999244	189	0.189	2500.0	2499.811
20260708	0.5	24full	iter120_default	PREC_CONSTRAINED	0.76	73	0.073	1900.0	1899.927
20260708	0.5	24full	iter120_default	COST_CONSTRAINED	1.0	9895	9.895	2500.0	2490.105
20260708	0.5	24full	mid_tier	F1	0.6363636363636364	38	0.19	1400.0	1399.81
20260708	0.5	24full	mid_tier	VALUE	0.9996219999999999	189	0.9450000000000001	2500.0	2499.055
20260708	0.5	24full	mid_tier	PREC_CONSTRAINED	0.76	73	0.365	1900.0	1899.635
20260708	0.5	24full	mid_tier	COST_CONSTRAINED	1.0	9895	49.475	2500.0	2450.525
20260708	0.5	24full	frontier_gpt4	F1	0.6363636363636364	38	1.14	1400.0	1398.86
20260708	0.5	24full	frontier_gpt4	VALUE	0.997732	189	5.67	2500.0	2494.33
20260708	0.5	24full	frontier_gpt4	PREC_CONSTRAINED	0.76	73	2.19	1900.0	1897.81
20260708	0.5	24full	frontier_gpt4	COST_CONSTRAINED	1.0	9895	296.84999999999997	2500.0	2203.15
20260708	0.5	20raw	cheap_heuristic	F1	0.6776859504132231	71	0.0071	2050.0	2049.9929
20260708	0.5	20raw	cheap_heuristic	VALUE	0.99999004	249	0.024900000000000002	2500.0	2499.9751
20260708	0.5	20raw	cheap_heuristic	PREC_CONSTRAINED	0.88	88	0.0088	2200.0	2199.9912
20260708	0.5	20raw	cheap_heuristic	COST_CONSTRAINED	1.0	9891	0.9891000000000001	2500.0	2499.0109
20260708	0.5	20raw	small_open	F1	0.6776859504132231	71	0.0426	2050.0	2049.9574
20260708	0.5	20raw	small_open	VALUE	0.99994024	249	0.14939999999999998	2500.0	2499.8506
20260708	0.5	20raw	small_open	PREC_CONSTRAINED	0.88	88	0.05279999999999999	2200.0	2199.9472
20260708	0.5	20raw	small_open	COST_CONSTRAINED	1.0	9891	5.9346	2500.0	2494.0654
20260708	0.5	20raw	iter120_default	F1	0.6776859504132231	71	0.07100000000000001	2050.0	2049.929
20260708	0.5	20raw	iter120_default	VALUE	0.9999004000000001	249	0.249	2500.0	2499.751
20260708	0.5	20raw	iter120_default	PREC_CONSTRAINED	0.88	88	0.088	2200.0	2199.912
20260708	0.5	20raw	iter120_default	COST_CONSTRAINED	1.0	9891	9.891	2500.0	2490.109
20260708	0.5	20raw	mid_tier	F1	0.6776859504132231	71	0.355	2050.0	2049.645
20260708	0.5	20raw	mid_tier	VALUE	0.999502	249	1.245	2500.0	2498.755
20260708	0.5	20raw	mid_tier	PREC_CONSTRAINED	0.88	88	0.44	2200.0	2199.56
20260708	0.5	20raw	mid_tier	COST_CONSTRAINED	1.0	9891	49.455	2500.0	2450.545
20260708	0.5	20raw	frontier_gpt4	F1	0.6776859504132231	71	2.13	2050.0	2047.87
20260708	0.5	20raw	frontier_gpt4	VALUE	0.9970120000000001	249	7.47	2500.0	2492.53
20260708	0.5	20raw	frontier_gpt4	PREC_CONSTRAINED	0.88	88	2.6399999999999997	2200.0	2197.36
20260708	0.5	20raw	frontier_gpt4	COST_CONSTRAINED	1.0	9891	296.72999999999996	2500.0	2203.27
20260708	0.5	20raw+minmax	cheap_heuristic	F1	0.6923076923076923	54	0.0054	1800.0	1799.9946
20260708	0.5	20raw+minmax	cheap_heuristic	VALUE	0.9999924800000001	188	0.0188	2500.0	2499.9812
20260708	0.5	20raw+minmax	cheap_heuristic	PREC_CONSTRAINED	0.8	80	0.008	2000.0	1999.992
20260708	0.5	20raw+minmax	cheap_heuristic	COST_CONSTRAINED	1.0	9890	0.9890000000000001	2500.0	2499.011
20260708	0.5	20raw+minmax	small_open	F1	0.6923076923076923	54	0.0324	1800.0	1799.9676
20260708	0.5	20raw+minmax	small_open	VALUE	0.9999548800000001	188	0.11279999999999998	2500.0	2499.8872
20260708	0.5	20raw+minmax	small_open	PREC_CONSTRAINED	0.8	80	0.047999999999999994	2000.0	1999.952
20260708	0.5	20raw+minmax	small_open	COST_CONSTRAINED	1.0	9890	5.933999999999999	2500.0	2494.066
20260708	0.5	20raw+minmax	iter120_default	F1	0.6923076923076923	54	0.054	1800.0	1799.946
20260708	0.5	20raw+minmax	iter120_default	VALUE	0.9999248	188	0.188	2500.0	2499.812
20260708	0.5	20raw+minmax	iter120_default	PREC_CONSTRAINED	0.8	80	0.08	2000.0	1999.92
20260708	0.5	20raw+minmax	iter120_default	COST_CONSTRAINED	1.0	9890	9.89	2500.0	2490.11
20260708	0.5	20raw+minmax	mid_tier	F1	0.6923076923076923	54	0.27	1800.0	1799.73
20260708	0.5	20raw+minmax	mid_tier	VALUE	0.999624	188	0.9400000000000001	2500.0	2499.06
20260708	0.5	20raw+minmax	mid_tier	PREC_CONSTRAINED	0.8	80	0.4	2000.0	1999.6
20260708	0.5	20raw+minmax	mid_tier	COST_CONSTRAINED	1.0	9890	49.45	2500.0	2450.55
20260708	0.5	20raw+minmax	frontier_gpt4	F1	0.6923076923076923	54	1.6199999999999999	1800.0	1798.38
20260708	0.5	20raw+minmax	frontier_gpt4	VALUE	0.9977440000000001	188	5.64	2500.0	2494.36
20260708	0.5	20raw+minmax	frontier_gpt4	PREC_CONSTRAINED	0.8	80	2.4	2000.0	1997.6
20260708	0.5	20raw+minmax	frontier_gpt4	COST_CONSTRAINED	1.0	9890	296.7	2500.0	2203.3
20260708	0.5	20raw+stat	cheap_heuristic	F1	0.7142857142857142	48	0.0048000000000000004	1750.0	1749.9952
20260708	0.5	20raw+stat	cheap_heuristic	VALUE	0.9999905199999999	237	0.023700000000000002	2500.0	2499.9763
20260708	0.5	20raw+stat	cheap_heuristic	PREC_CONSTRAINED	0.8	79	0.0079	2000.0	1999.9921
20260708	0.5	20raw+stat	cheap_heuristic	COST_CONSTRAINED	1.0	9892	0.9892000000000001	2500.0	2499.0108
20260708	0.5	20raw+stat	small_open	F1	0.7142857142857142	48	0.0288	1750.0	1749.9712
20260708	0.5	20raw+stat	small_open	VALUE	0.9999431200000001	237	0.1422	2500.0	2499.8578
20260708	0.5	20raw+stat	small_open	PREC_CONSTRAINED	0.8	79	0.0474	2000.0	1999.9526
20260708	0.5	20raw+stat	small_open	COST_CONSTRAINED	1.0	9892	5.935199999999999	2500.0	2494.0648
20260708	0.5	20raw+stat	iter120_default	F1	0.7142857142857142	48	0.048	1750.0	1749.952
20260708	0.5	20raw+stat	iter120_default	VALUE	0.9999051999999999	237	0.23700000000000002	2500.0	2499.763
20260708	0.5	20raw+stat	iter120_default	PREC_CONSTRAINED	0.8	79	0.079	2000.0	1999.921
20260708	0.5	20raw+stat	iter120_default	COST_CONSTRAINED	1.0	9892	9.892	2500.0	2490.108
20260708	0.5	20raw+stat	mid_tier	F1	0.7142857142857142	48	0.24	1750.0	1749.76
20260708	0.5	20raw+stat	mid_tier	VALUE	0.999526	237	1.185	2500.0	2498.815
20260708	0.5	20raw+stat	mid_tier	PREC_CONSTRAINED	0.8	79	0.395	2000.0	1999.605
20260708	0.5	20raw+stat	mid_tier	COST_CONSTRAINED	1.0	9892	49.46	2500.0	2450.54
20260708	0.5	20raw+stat	frontier_gpt4	F1	0.7142857142857142	48	1.44	1750.0	1748.56
20260708	0.5	20raw+stat	frontier_gpt4	VALUE	0.9971559999999999	237	7.109999999999999	2500.0	2492.89
20260708	0.5	20raw+stat	frontier_gpt4	PREC_CONSTRAINED	0.8	79	2.37	2000.0	1997.63
20260708	0.5	20raw+stat	frontier_gpt4	COST_CONSTRAINED	1.0	9892	296.76	2500.0	2203.24
20260708	0.1	24full	cheap_heuristic	F1	0.48275862068965514	19	0.0019	350.0	349.9981
20260708	0.1	24full	cheap_heuristic	VALUE	0.9999892	54	0.0054	500.0	499.9946
20260708	0.1	24full	cheap_heuristic	PREC_CONSTRAINED	0.3	6	0.0006000000000000001	150.0	149.9994
20260708	0.1	24full	cheap_heuristic	COST_CONSTRAINED	1.0	9855	0.9855	500.0	499.0145
20260708	0.1	24full	small_open	F1	0.48275862068965514	19	0.011399999999999999	350.0	349.9886
20260708	0.1	24full	small_open	VALUE	0.9999352	54	0.0324	500.0	499.9676
20260708	0.1	24full	small_open	PREC_CONSTRAINED	0.3	6	0.0036	150.0	149.9964
20260708	0.1	24full	small_open	COST_CONSTRAINED	1.0	9855	5.912999999999999	500.0	494.087
20260708	0.1	24full	iter120_default	F1	0.48275862068965514	19	0.019	350.0	349.981
20260708	0.1	24full	iter120_default	VALUE	0.999892	54	0.054	500.0	499.946
20260708	0.1	24full	iter120_default	PREC_CONSTRAINED	0.3	6	0.006	150.0	149.994
20260708	0.1	24full	iter120_default	COST_CONSTRAINED	1.0	9855	9.855	500.0	490.145
20260708	0.1	24full	mid_tier	F1	0.48275862068965514	19	0.095	350.0	349.905
20260708	0.1	24full	mid_tier	VALUE	0.99946	54	0.27	500.0	499.73
20260708	0.1	24full	mid_tier	PREC_CONSTRAINED	0.3	6	0.03	150.0	149.97
20260708	0.1	24full	mid_tier	COST_CONSTRAINED	1.0	9855	49.275	500.0	450.725
20260708	0.1	24full	frontier_gpt4	F1	0.48275862068965514	19	0.57	350.0	349.43
20260708	0.1	24full	frontier_gpt4	VALUE	0.99676	54	1.6199999999999999	500.0	498.38
20260708	0.1	24full	frontier_gpt4	PREC_CONSTRAINED	0.3	6	0.18	150.0	149.82
20260708	0.1	24full	frontier_gpt4	COST_CONSTRAINED	1.0	3223	96.69	500.0	403.31
20260708	0.1	20raw	cheap_heuristic	F1	0.5	18	0.0018000000000000002	350.0	349.9982
20260708	0.1	20raw	cheap_heuristic	VALUE	0.9999936	32	0.0032	500.0	499.9968
20260708	0.1	20raw	cheap_heuristic	PREC_CONSTRAINED	0.4	8	0.0008	200.0	199.9992
20260708	0.1	20raw	cheap_heuristic	COST_CONSTRAINED	1.0	9851	0.9851000000000001	500.0	499.0149
20260708	0.1	20raw	small_open	F1	0.5	18	0.010799999999999999	350.0	349.9892
20260708	0.1	20raw	small_open	VALUE	0.9999616	32	0.0192	500.0	499.9808
20260708	0.1	20raw	small_open	PREC_CONSTRAINED	0.4	8	0.0048	200.0	199.9952
20260708	0.1	20raw	small_open	COST_CONSTRAINED	1.0	9851	5.9106	500.0	494.0894
20260708	0.1	20raw	iter120_default	F1	0.5	18	0.018000000000000002	350.0	349.982
20260708	0.1	20raw	iter120_default	VALUE	0.999936	32	0.032	500.0	499.968
20260708	0.1	20raw	iter120_default	PREC_CONSTRAINED	0.4	8	0.008	200.0	199.992
20260708	0.1	20raw	iter120_default	COST_CONSTRAINED	1.0	9851	9.851	500.0	490.149
20260708	0.1	20raw	mid_tier	F1	0.5	18	0.09	350.0	349.91
20260708	0.1	20raw	mid_tier	VALUE	0.9996799999999999	32	0.16	500.0	499.84
20260708	0.1	20raw	mid_tier	PREC_CONSTRAINED	0.4	8	0.04	200.0	199.96
20260708	0.1	20raw	mid_tier	COST_CONSTRAINED	1.0	9851	49.255	500.0	450.745
20260708	0.1	20raw	frontier_gpt4	F1	0.5	18	0.54	350.0	349.46
20260708	0.1	20raw	frontier_gpt4	VALUE	0.9980800000000001	32	0.96	500.0	499.04
20260708	0.1	20raw	frontier_gpt4	PREC_CONSTRAINED	0.4	8	0.24	200.0	199.76
20260708	0.1	20raw	frontier_gpt4	COST_CONSTRAINED	1.0	3309	99.27	500.0	400.73
20260708	0.1	20raw+minmax	cheap_heuristic	F1	0.45161290322580644	21	0.0021000000000000003	350.0	349.9979
20260708	0.1	20raw+minmax	cheap_heuristic	VALUE	0.9999914	43	0.0043	500.0	499.9957
20260708	0.1	20raw+minmax	cheap_heuristic	PREC_CONSTRAINED	0.4	8	0.0008	200.0	199.9992
20260708	0.1	20raw+minmax	cheap_heuristic	COST_CONSTRAINED	1.0	9850	0.9850000000000001	500.0	499.015
20260708	0.1	20raw+minmax	small_open	F1	0.45161290322580644	21	0.012599999999999998	350.0	349.9874
20260708	0.1	20raw+minmax	small_open	VALUE	0.9999484	43	0.025799999999999997	500.0	499.9742
20260708	0.1	20raw+minmax	small_open	PREC_CONSTRAINED	0.4	8	0.0048	200.0	199.9952
20260708	0.1	20raw+minmax	small_open	COST_CONSTRAINED	1.0	9850	5.909999999999999	500.0	494.09
20260708	0.1	20raw+minmax	iter120_default	F1	0.45161290322580644	21	0.021	350.0	349.979
20260708	0.1	20raw+minmax	iter120_default	VALUE	0.999914	43	0.043000000000000003	500.0	499.957
20260708	0.1	20raw+minmax	iter120_default	PREC_CONSTRAINED	0.4	8	0.008	200.0	199.992
20260708	0.1	20raw+minmax	iter120_default	COST_CONSTRAINED	1.0	9850	9.85	500.0	490.15
20260708	0.1	20raw+minmax	mid_tier	F1	0.45161290322580644	21	0.105	350.0	349.895
20260708	0.1	20raw+minmax	mid_tier	VALUE	0.9995700000000001	43	0.215	500.0	499.785
20260708	0.1	20raw+minmax	mid_tier	PREC_CONSTRAINED	0.4	8	0.04	200.0	199.96
20260708	0.1	20raw+minmax	mid_tier	COST_CONSTRAINED	1.0	9850	49.25	500.0	450.75
20260708	0.1	20raw+minmax	frontier_gpt4	F1	0.45161290322580644	21	0.63	350.0	349.37
20260708	0.1	20raw+minmax	frontier_gpt4	VALUE	0.99742	43	1.29	500.0	498.71
20260708	0.1	20raw+minmax	frontier_gpt4	PREC_CONSTRAINED	0.4	8	0.24	200.0	199.76
20260708	0.1	20raw+minmax	frontier_gpt4	COST_CONSTRAINED	1.0	3331	99.92999999999999	500.0	400.07
20260708	0.1	20raw+stat	cheap_heuristic	F1	0.6363636363636365	12	0.0012000000000000001	350.0	349.9988
20260708	0.1	20raw+stat	cheap_heuristic	VALUE	0.999991	45	0.0045000000000000005	500.0	499.9955
20260708	0.1	20raw+stat	cheap_heuristic	PREC_CONSTRAINED	0.7	14	0.0014	350.0	349.9986
20260708	0.1	20raw+stat	cheap_heuristic	COST_CONSTRAINED	1.0	9852	0.9852000000000001	500.0	499.0148
20260708	0.1	20raw+stat	small_open	F1	0.6363636363636365	12	0.0072	350.0	349.9928
20260708	0.1	20raw+stat	small_open	VALUE	0.999946	45	0.026999999999999996	500.0	499.973
20260708	0.1	20raw+stat	small_open	PREC_CONSTRAINED	0.7	14	0.0084	350.0	349.9916
20260708	0.1	20raw+stat	small_open	COST_CONSTRAINED	1.0	9852	5.911199999999999	500.0	494.0888
20260708	0.1	20raw+stat	iter120_default	F1	0.6363636363636365	12	0.012	350.0	349.988
20260708	0.1	20raw+stat	iter120_default	VALUE	0.99991	45	0.045	500.0	499.955
20260708	0.1	20raw+stat	iter120_default	PREC_CONSTRAINED	0.7	14	0.014	350.0	349.986
20260708	0.1	20raw+stat	iter120_default	COST_CONSTRAINED	1.0	9852	9.852	500.0	490.148
20260708	0.1	20raw+stat	mid_tier	F1	0.6363636363636365	12	0.06	350.0	349.94
20260708	0.1	20raw+stat	mid_tier	VALUE	0.9995499999999999	45	0.225	500.0	499.775
20260708	0.1	20raw+stat	mid_tier	PREC_CONSTRAINED	0.7	14	0.07	350.0	349.93
20260708	0.1	20raw+stat	mid_tier	COST_CONSTRAINED	1.0	9852	49.26	500.0	450.74
20260708	0.1	20raw+stat	frontier_gpt4	F1	0.6363636363636365	12	0.36	350.0	349.64
20260708	0.1	20raw+stat	frontier_gpt4	VALUE	0.9973	45	1.3499999999999999	500.0	498.65
20260708	0.1	20raw+stat	frontier_gpt4	PREC_CONSTRAINED	0.7	14	0.42	350.0	349.58
20260708	0.1	20raw+stat	frontier_gpt4	COST_CONSTRAINED	1.0	3204	96.11999999999999	500.0	403.88
20260708	0.05	24full	cheap_heuristic	F1	0.6666666666666666	7	0.0007	200.0	199.9993
20260708	0.05	24full	cheap_heuristic	VALUE	0.9999944000000001	14	0.0014	250.0	249.9986
20260708	0.05	24full	cheap_heuristic	PREC_CONSTRAINED	0.8	8	0.0008	200.0	199.9992
20260708	0.05	24full	cheap_heuristic	COST_CONSTRAINED	1.0	9850	0.9850000000000001	250.0	249.015
20260708	0.05	24full	small_open	F1	0.6666666666666666	7	0.0042	200.0	199.9958
20260708	0.05	24full	small_open	VALUE	0.9999664	14	0.0084	250.0	249.9916
20260708	0.05	24full	small_open	PREC_CONSTRAINED	0.8	8	0.0048	200.0	199.9952
20260708	0.05	24full	small_open	COST_CONSTRAINED	1.0	9850	5.909999999999999	250.0	244.09
20260708	0.05	24full	iter120_default	F1	0.6666666666666666	7	0.007	200.0	199.993
20260708	0.05	24full	iter120_default	VALUE	0.9999439999999999	14	0.014	250.0	249.986
20260708	0.05	24full	iter120_default	PREC_CONSTRAINED	0.8	8	0.008	200.0	199.992
20260708	0.05	24full	iter120_default	COST_CONSTRAINED	1.0	9850	9.85	250.0	240.15
20260708	0.05	24full	mid_tier	F1	0.6666666666666666	7	0.035	200.0	199.965
20260708	0.05	24full	mid_tier	VALUE	0.99972	14	0.07	250.0	249.93
20260708	0.05	24full	mid_tier	PREC_CONSTRAINED	0.8	8	0.04	200.0	199.96
20260708	0.05	24full	mid_tier	COST_CONSTRAINED	1.0	9850	49.25	250.0	200.75
20260708	0.05	24full	frontier_gpt4	F1	0.6666666666666666	7	0.21	200.0	199.79
20260708	0.05	24full	frontier_gpt4	VALUE	0.9983200000000001	14	0.42	250.0	249.58
20260708	0.05	24full	frontier_gpt4	PREC_CONSTRAINED	0.8	8	0.24	200.0	199.76
20260708	0.05	24full	frontier_gpt4	COST_CONSTRAINED	1.0	1665	49.949999999999996	250.0	200.05
20260708	0.05	20raw	cheap_heuristic	F1	0.6153846153846154	8	0.0008	200.0	199.9992
20260708	0.05	20raw	cheap_heuristic	VALUE	0.9999936	16	0.0016	250.0	249.9984
20260708	0.05	20raw	cheap_heuristic	PREC_CONSTRAINED	0.8	8	0.0008	200.0	199.9992
20260708	0.05	20raw	cheap_heuristic	COST_CONSTRAINED	1.0	9846	0.9846	250.0	249.0154
20260708	0.05	20raw	small_open	F1	0.6153846153846154	8	0.0048	200.0	199.9952
20260708	0.05	20raw	small_open	VALUE	0.9999616	16	0.0096	250.0	249.9904
20260708	0.05	20raw	small_open	PREC_CONSTRAINED	0.8	8	0.0048	200.0	199.9952
20260708	0.05	20raw	small_open	COST_CONSTRAINED	1.0	9846	5.9075999999999995	250.0	244.0924
20260708	0.05	20raw	iter120_default	F1	0.6153846153846154	8	0.008	200.0	199.992
20260708	0.05	20raw	iter120_default	VALUE	0.999936	16	0.016	250.0	249.984
20260708	0.05	20raw	iter120_default	PREC_CONSTRAINED	0.8	8	0.008	200.0	199.992
20260708	0.05	20raw	iter120_default	COST_CONSTRAINED	1.0	9846	9.846	250.0	240.154
20260708	0.05	20raw	mid_tier	F1	0.6153846153846154	8	0.04	200.0	199.96
20260708	0.05	20raw	mid_tier	VALUE	0.9996799999999999	16	0.08	250.0	249.92
20260708	0.05	20raw	mid_tier	PREC_CONSTRAINED	0.8	8	0.04	200.0	199.96
20260708	0.05	20raw	mid_tier	COST_CONSTRAINED	1.0	9846	49.230000000000004	250.0	200.76999999999998
20260708	0.05	20raw	frontier_gpt4	F1	0.6153846153846154	8	0.24	200.0	199.76
20260708	0.05	20raw	frontier_gpt4	VALUE	0.9980800000000001	16	0.48	250.0	249.52
20260708	0.05	20raw	frontier_gpt4	PREC_CONSTRAINED	0.8	8	0.24	200.0	199.76
20260708	0.05	20raw	frontier_gpt4	COST_CONSTRAINED	1.0	1665	49.949999999999996	250.0	200.05
20260708	0.05	20raw+minmax	cheap_heuristic	F1	0.7499999999999999	3	0.00030000000000000003	150.0	149.9997
20260708	0.05	20raw+minmax	cheap_heuristic	VALUE	0.9999924	19	0.0019	250.0	249.9981
20260708	0.05	20raw+minmax	cheap_heuristic	PREC_CONSTRAINED	0.8	8	0.0008	200.0	199.9992
20260708	0.05	20raw+minmax	cheap_heuristic	COST_CONSTRAINED	1.0	9845	0.9845	250.0	249.0155
20260708	0.05	20raw+minmax	small_open	F1	0.7499999999999999	3	0.0018	150.0	149.9982
20260708	0.05	20raw+minmax	small_open	VALUE	0.9999543999999999	19	0.011399999999999999	250.0	249.9886
20260708	0.05	20raw+minmax	small_open	PREC_CONSTRAINED	0.8	8	0.0048	200.0	199.9952
20260708	0.05	20raw+minmax	small_open	COST_CONSTRAINED	1.0	9845	5.906999999999999	250.0	244.093
20260708	0.05	20raw+minmax	iter120_default	F1	0.7499999999999999	3	0.003	150.0	149.997
20260708	0.05	20raw+minmax	iter120_default	VALUE	0.9999239999999999	19	0.019	250.0	249.981
20260708	0.05	20raw+minmax	iter120_default	PREC_CONSTRAINED	0.8	8	0.008	200.0	199.992
20260708	0.05	20raw+minmax	iter120_default	COST_CONSTRAINED	1.0	9845	9.845	250.0	240.155
20260708	0.05	20raw+minmax	mid_tier	F1	0.7499999999999999	3	0.015	150.0	149.985
20260708	0.05	20raw+minmax	mid_tier	VALUE	0.99962	19	0.095	250.0	249.905
20260708	0.05	20raw+minmax	mid_tier	PREC_CONSTRAINED	0.8	8	0.04	200.0	199.96
20260708	0.05	20raw+minmax	mid_tier	COST_CONSTRAINED	1.0	9845	49.225	250.0	200.775
20260708	0.05	20raw+minmax	frontier_gpt4	F1	0.7499999999999999	3	0.09	150.0	149.91
20260708	0.05	20raw+minmax	frontier_gpt4	VALUE	0.99772	19	0.57	250.0	249.43
20260708	0.05	20raw+minmax	frontier_gpt4	PREC_CONSTRAINED	0.8	8	0.24	200.0	199.76
20260708	0.05	20raw+minmax	frontier_gpt4	COST_CONSTRAINED	1.0	1616	48.48	250.0	201.52
20260708	0.05	20raw+stat	cheap_heuristic	F1	0.8333333333333333	7	0.0007	250.0	249.9993
20260708	0.05	20raw+stat	cheap_heuristic	VALUE	0.9999972	7	0.0007	250.0	249.9993
20260708	0.05	20raw+stat	cheap_heuristic	PREC_CONSTRAINED	1.0	10	0.001	250.0	249.999
20260708	0.05	20raw+stat	cheap_heuristic	COST_CONSTRAINED	1.0	9847	0.9847	250.0	249.0153
20260708	0.05	20raw+stat	small_open	F1	0.8333333333333333	7	0.0042	250.0	249.9958
20260708	0.05	20raw+stat	small_open	VALUE	0.9999832	7	0.0042	250.0	249.9958
20260708	0.05	20raw+stat	small_open	PREC_CONSTRAINED	1.0	10	0.005999999999999999	250.0	249.994
20260708	0.05	20raw+stat	small_open	COST_CONSTRAINED	1.0	9847	5.9082	250.0	244.0918
20260708	0.05	20raw+stat	iter120_default	F1	0.8333333333333333	7	0.007	250.0	249.993
20260708	0.05	20raw+stat	iter120_default	VALUE	0.999972	7	0.007	250.0	249.993
20260708	0.05	20raw+stat	iter120_default	PREC_CONSTRAINED	1.0	10	0.01	250.0	249.99
20260708	0.05	20raw+stat	iter120_default	COST_CONSTRAINED	1.0	9847	9.847	250.0	240.153
20260708	0.05	20raw+stat	mid_tier	F1	0.8333333333333333	7	0.035	250.0	249.965
20260708	0.05	20raw+stat	mid_tier	VALUE	0.99986	7	0.035	250.0	249.965
20260708	0.05	20raw+stat	mid_tier	PREC_CONSTRAINED	1.0	10	0.05	250.0	249.95
20260708	0.05	20raw+stat	mid_tier	COST_CONSTRAINED	1.0	9847	49.235	250.0	200.765
20260708	0.05	20raw+stat	frontier_gpt4	F1	0.8333333333333333	7	0.21	250.0	249.79
20260708	0.05	20raw+stat	frontier_gpt4	VALUE	0.9991599999999999	7	0.21	250.0	249.79
20260708	0.05	20raw+stat	frontier_gpt4	PREC_CONSTRAINED	1.0	10	0.3	250.0	249.7
20260708	0.05	20raw+stat	frontier_gpt4	COST_CONSTRAINED	1.0	1654	49.62	250.0	200.38
20260710	1.44	24full	cheap_heuristic	F1	0.8140350877192981	141	0.014100000000000001	5800.0	5799.9859
20260710	1.44	24full	cheap_heuristic	VALUE	0.9999956805555555	311	0.031100000000000003	7200.0	7199.9689
20260710	1.44	24full	cheap_heuristic	PREC_CONSTRAINED	0.9930555555555556	284	0.0284	7150.0	7149.9716
20260710	1.44	24full	cheap_heuristic	COST_CONSTRAINED	1.0	9991	0.9991000000000001	7200.0	7199.0009
20260710	1.44	24full	small_open	F1	0.8140350877192981	141	0.0846	5800.0	5799.9154
20260710	1.44	24full	small_open	VALUE	0.9999740833333334	311	0.1866	7200.0	7199.8134
20260710	1.44	24full	small_open	PREC_CONSTRAINED	0.9930555555555556	284	0.1704	7150.0	7149.8296
20260710	1.44	24full	small_open	COST_CONSTRAINED	1.0	9991	5.994599999999999	7200.0	7194.0054
20260710	1.44	24full	iter120_default	F1	0.8140350877192981	141	0.14100000000000001	5800.0	5799.859
20260710	1.44	24full	iter120_default	VALUE	0.9999568055555556	311	0.311	7200.0	7199.689
20260710	1.44	24full	iter120_default	PREC_CONSTRAINED	0.9930555555555556	284	0.28400000000000003	7150.0	7149.716
20260710	1.44	24full	iter120_default	COST_CONSTRAINED	1.0	9991	9.991	7200.0	7190.009
20260710	1.44	24full	mid_tier	F1	0.8140350877192981	141	0.705	5800.0	5799.295
20260710	1.44	24full	mid_tier	VALUE	0.9997840277777778	311	1.555	7200.0	7198.445
20260710	1.44	24full	mid_tier	PREC_CONSTRAINED	0.9930555555555556	284	1.42	7150.0	7148.58
20260710	1.44	24full	mid_tier	COST_CONSTRAINED	1.0	9991	49.955	7200.0	7150.045
20260710	1.44	24full	frontier_gpt4	F1	0.8140350877192981	141	4.2299999999999995	5800.0	5795.77
20260710	1.44	24full	frontier_gpt4	VALUE	0.9987041666666667	311	9.33	7200.0	7190.67
20260710	1.44	24full	frontier_gpt4	PREC_CONSTRAINED	0.9930555555555556	284	8.52	7150.0	7141.48
20260710	1.44	24full	frontier_gpt4	COST_CONSTRAINED	1.0	9991	299.72999999999996	7200.0	6900.27
20260710	1.44	20raw	cheap_heuristic	F1	0.8108108108108109	152	0.0152	6000.0	5999.9848
20260710	1.44	20raw	cheap_heuristic	VALUE	0.9999954861111111	325	0.0325	7200.0	7199.9675
20260710	1.44	20raw	cheap_heuristic	PREC_CONSTRAINED	0.9930555555555556	283	0.028300000000000002	7150.0	7149.9717
20260710	1.44	20raw	cheap_heuristic	COST_CONSTRAINED	1.0	9982	0.9982000000000001	7200.0	7199.0018
20260710	1.44	20raw	small_open	F1	0.8108108108108109	152	0.09119999999999999	6000.0	5999.9088
20260710	1.44	20raw	small_open	VALUE	0.9999729166666667	325	0.19499999999999998	7200.0	7199.805
20260710	1.44	20raw	small_open	PREC_CONSTRAINED	0.9930555555555556	283	0.16979999999999998	7150.0	7149.8302
20260710	1.44	20raw	small_open	COST_CONSTRAINED	1.0	9982	5.989199999999999	7200.0	7194.0108
20260710	1.44	20raw	iter120_default	F1	0.8108108108108109	152	0.152	6000.0	5999.848
20260710	1.44	20raw	iter120_default	VALUE	0.9999548611111111	325	0.325	7200.0	7199.675
20260710	1.44	20raw	iter120_default	PREC_CONSTRAINED	0.9930555555555556	283	0.28300000000000003	7150.0	7149.717
20260710	1.44	20raw	iter120_default	COST_CONSTRAINED	1.0	9982	9.982000000000001	7200.0	7190.018
20260710	1.44	20raw	mid_tier	F1	0.8108108108108109	152	0.76	6000.0	5999.24
20260710	1.44	20raw	mid_tier	VALUE	0.9997743055555556	325	1.625	7200.0	7198.375
20260710	1.44	20raw	mid_tier	PREC_CONSTRAINED	0.9930555555555556	283	1.415	7150.0	7148.585
20260710	1.44	20raw	mid_tier	COST_CONSTRAINED	1.0	9982	49.910000000000004	7200.0	7150.09
20260710	1.44	20raw	frontier_gpt4	F1	0.8108108108108109	152	4.56	6000.0	5995.44
20260710	1.44	20raw	frontier_gpt4	VALUE	0.9986458333333333	325	9.75	7200.0	7190.25
20260710	1.44	20raw	frontier_gpt4	PREC_CONSTRAINED	0.9930555555555556	283	8.49	7150.0	7141.51
20260710	1.44	20raw	frontier_gpt4	COST_CONSTRAINED	1.0	9982	299.46	7200.0	6900.54
20260710	1.44	20raw+minmax	cheap_heuristic	F1	0.8231046931407942	133	0.013300000000000001	5700.0	5699.9867
20260710	1.44	20raw+minmax	cheap_heuristic	VALUE	0.9999959861111111	289	0.028900000000000002	7200.0	7199.9711
20260710	1.44	20raw+minmax	cheap_heuristic	PREC_CONSTRAINED	0.9930555555555556	284	0.0284	7150.0	7149.9716
20260710	1.44	20raw+minmax	cheap_heuristic	COST_CONSTRAINED	1.0	9991	0.9991000000000001	7200.0	7199.0009
20260710	1.44	20raw+minmax	small_open	F1	0.8231046931407942	133	0.0798	5700.0	5699.9202
20260710	1.44	20raw+minmax	small_open	VALUE	0.9999759166666667	289	0.1734	7200.0	7199.8266
20260710	1.44	20raw+minmax	small_open	PREC_CONSTRAINED	0.9930555555555556	284	0.1704	7150.0	7149.8296
20260710	1.44	20raw+minmax	small_open	COST_CONSTRAINED	1.0	9991	5.994599999999999	7200.0	7194.0054
20260710	1.44	20raw+minmax	iter120_default	F1	0.8231046931407942	133	0.133	5700.0	5699.867
20260710	1.44	20raw+minmax	iter120_default	VALUE	0.9999598611111111	289	0.289	7200.0	7199.711
20260710	1.44	20raw+minmax	iter120_default	PREC_CONSTRAINED	0.9930555555555556	284	0.28400000000000003	7150.0	7149.716
20260710	1.44	20raw+minmax	iter120_default	COST_CONSTRAINED	1.0	9991	9.991	7200.0	7190.009
20260710	1.44	20raw+minmax	mid_tier	F1	0.8231046931407942	133	0.665	5700.0	5699.335
20260710	1.44	20raw+minmax	mid_tier	VALUE	0.9997993055555556	289	1.445	7200.0	7198.555
20260710	1.44	20raw+minmax	mid_tier	PREC_CONSTRAINED	0.9930555555555556	284	1.42	7150.0	7148.58
20260710	1.44	20raw+minmax	mid_tier	COST_CONSTRAINED	1.0	9991	49.955	7200.0	7150.045
20260710	1.44	20raw+minmax	frontier_gpt4	F1	0.8231046931407942	133	3.9899999999999998	5700.0	5696.01
20260710	1.44	20raw+minmax	frontier_gpt4	VALUE	0.9987958333333333	289	8.67	7200.0	7191.33
20260710	1.44	20raw+minmax	frontier_gpt4	PREC_CONSTRAINED	0.9930555555555556	284	8.52	7150.0	7141.48
20260710	1.44	20raw+minmax	frontier_gpt4	COST_CONSTRAINED	1.0	9991	299.72999999999996	7200.0	6900.27
20260710	1.44	20raw+stat	cheap_heuristic	F1	0.8275862068965517	146	0.0146	6000.0	5999.9854
20260710	1.44	20raw+stat	cheap_heuristic	VALUE	0.9999955833333334	318	0.0318	7200.0	7199.9682
20260710	1.44	20raw+stat	cheap_heuristic	PREC_CONSTRAINED	0.9861111111111112	283	0.028300000000000002	7100.0	7099.9717
20260710	1.44	20raw+stat	cheap_heuristic	COST_CONSTRAINED	1.0	9990	0.999	7200.0	7199.001
20260710	1.44	20raw+stat	small_open	F1	0.8275862068965517	146	0.0876	6000.0	5999.9124
20260710	1.44	20raw+stat	small_open	VALUE	0.9999735	318	0.19079999999999997	7200.0	7199.8092
20260710	1.44	20raw+stat	small_open	PREC_CONSTRAINED	0.9861111111111112	283	0.16979999999999998	7100.0	7099.8302
20260710	1.44	20raw+stat	small_open	COST_CONSTRAINED	1.0	9990	5.994	7200.0	7194.006
20260710	1.44	20raw+stat	iter120_default	F1	0.8275862068965517	146	0.146	6000.0	5999.854
20260710	1.44	20raw+stat	iter120_default	VALUE	0.9999558333333333	318	0.318	7200.0	7199.682
20260710	1.44	20raw+stat	iter120_default	PREC_CONSTRAINED	0.9861111111111112	283	0.28300000000000003	7100.0	7099.717
20260710	1.44	20raw+stat	iter120_default	COST_CONSTRAINED	1.0	9990	9.99	7200.0	7190.01
20260710	1.44	20raw+stat	mid_tier	F1	0.8275862068965517	146	0.73	6000.0	5999.27
20260710	1.44	20raw+stat	mid_tier	VALUE	0.9997791666666667	318	1.59	7200.0	7198.41
20260710	1.44	20raw+stat	mid_tier	PREC_CONSTRAINED	0.9861111111111112	283	1.415	7100.0	7098.585
20260710	1.44	20raw+stat	mid_tier	COST_CONSTRAINED	1.0	9990	49.95	7200.0	7150.05
20260710	1.44	20raw+stat	frontier_gpt4	F1	0.8275862068965517	146	4.38	6000.0	5995.62
20260710	1.44	20raw+stat	frontier_gpt4	VALUE	0.998675	318	9.54	7200.0	7190.46
20260710	1.44	20raw+stat	frontier_gpt4	PREC_CONSTRAINED	0.9861111111111112	283	8.49	7100.0	7091.51
20260710	1.44	20raw+stat	frontier_gpt4	COST_CONSTRAINED	1.0	9990	299.7	7200.0	6900.3
20260710	1.0	24full	cheap_heuristic	F1	0.7839195979899497	99	0.0099	3900.0	3899.9901
20260710	1.0	24full	cheap_heuristic	VALUE	0.9999946599999999	267	0.0267	5000.0	4999.9733
20260710	1.0	24full	cheap_heuristic	PREC_CONSTRAINED	0.99	198	0.0198	4950.0	4949.9802
20260710	1.0	24full	cheap_heuristic	COST_CONSTRAINED	1.0	9947	0.9947	5000.0	4999.0053
20260710	1.0	24full	small_open	F1	0.7839195979899497	99	0.059399999999999994	3900.0	3899.9406
20260710	1.0	24full	small_open	VALUE	0.99996796	267	0.16019999999999998	5000.0	4999.8398
20260710	1.0	24full	small_open	PREC_CONSTRAINED	0.99	198	0.11879999999999999	4950.0	4949.8812
20260710	1.0	24full	small_open	COST_CONSTRAINED	1.0	9947	5.9681999999999995	5000.0	4994.0318
20260710	1.0	24full	iter120_default	F1	0.7839195979899497	99	0.099	3900.0	3899.901
20260710	1.0	24full	iter120_default	VALUE	0.9999466	267	0.267	5000.0	4999.733
20260710	1.0	24full	iter120_default	PREC_CONSTRAINED	0.99	198	0.198	4950.0	4949.802
20260710	1.0	24full	iter120_default	COST_CONSTRAINED	1.0	9947	9.947000000000001	5000.0	4990.053
20260710	1.0	24full	mid_tier	F1	0.7839195979899497	99	0.495	3900.0	3899.505
20260710	1.0	24full	mid_tier	VALUE	0.999733	267	1.335	5000.0	4998.665
20260710	1.0	24full	mid_tier	PREC_CONSTRAINED	0.99	198	0.99	4950.0	4949.01
20260710	1.0	24full	mid_tier	COST_CONSTRAINED	1.0	9947	49.735	5000.0	4950.265
20260710	1.0	24full	frontier_gpt4	F1	0.7839195979899497	99	2.9699999999999998	3900.0	3897.03
20260710	1.0	24full	frontier_gpt4	VALUE	0.998398	267	8.01	5000.0	4991.99
20260710	1.0	24full	frontier_gpt4	PREC_CONSTRAINED	0.99	198	5.9399999999999995	4950.0	4944.06
20260710	1.0	24full	frontier_gpt4	COST_CONSTRAINED	1.0	9947	298.40999999999997	5000.0	4701.59
20260710	1.0	20raw	cheap_heuristic	F1	0.7632850241545893	107	0.010700000000000001	3950.0	3949.9893
20260710	1.0	20raw	cheap_heuristic	VALUE	0.99999438	281	0.0281	5000.0	4999.9719
20260710	1.0	20raw	cheap_heuristic	PREC_CONSTRAINED	0.96	191	0.019100000000000002	4800.0	4799.9809
20260710	1.0	20raw	cheap_heuristic	COST_CONSTRAINED	1.0	9938	0.9938	5000.0	4999.0062
20260710	1.0	20raw	small_open	F1	0.7632850241545893	107	0.0642	3950.0	3949.9358
20260710	1.0	20raw	small_open	VALUE	0.99996628	281	0.16859999999999997	5000.0	4999.8314
20260710	1.0	20raw	small_open	PREC_CONSTRAINED	0.96	191	0.1146	4800.0	4799.8854
20260710	1.0	20raw	small_open	COST_CONSTRAINED	1.0	9938	5.9628	5000.0	4994.0372
20260710	1.0	20raw	iter120_default	F1	0.7632850241545893	107	0.107	3950.0	3949.893
20260710	1.0	20raw	iter120_default	VALUE	0.9999438	281	0.281	5000.0	4999.719
20260710	1.0	20raw	iter120_default	PREC_CONSTRAINED	0.96	191	0.191	4800.0	4799.809
20260710	1.0	20raw	iter120_default	COST_CONSTRAINED	1.0	9938	9.938	5000.0	4990.062
20260710	1.0	20raw	mid_tier	F1	0.7632850241545893	107	0.535	3950.0	3949.465
20260710	1.0	20raw	mid_tier	VALUE	0.999719	281	1.405	5000.0	4998.595
20260710	1.0	20raw	mid_tier	PREC_CONSTRAINED	0.96	191	0.9550000000000001	4800.0	4799.045
20260710	1.0	20raw	mid_tier	COST_CONSTRAINED	1.0	9938	49.69	5000.0	4950.31
20260710	1.0	20raw	frontier_gpt4	F1	0.7632850241545893	107	3.21	3950.0	3946.79
20260710	1.0	20raw	frontier_gpt4	VALUE	0.9983139999999999	281	8.43	5000.0	4991.57
20260710	1.0	20raw	frontier_gpt4	PREC_CONSTRAINED	0.96	191	5.7299999999999995	4800.0	4794.27
20260710	1.0	20raw	frontier_gpt4	COST_CONSTRAINED	1.0	9938	298.14	5000.0	4701.86
20260710	1.0	20raw+minmax	cheap_heuristic	F1	0.7918781725888325	97	0.0097	3900.0	3899.9903
20260710	1.0	20raw+minmax	cheap_heuristic	VALUE	0.9999950999999999	245	0.0245	5000.0	4999.9755
20260710	1.0	20raw+minmax	cheap_heuristic	PREC_CONSTRAINED	0.98	195	0.0195	4900.0	4899.9805
20260710	1.0	20raw+minmax	cheap_heuristic	COST_CONSTRAINED	1.0	9947	0.9947	5000.0	4999.0053
20260710	1.0	20raw+minmax	small_open	F1	0.7918781725888325	97	0.058199999999999995	3900.0	3899.9418
20260710	1.0	20raw+minmax	small_open	VALUE	0.9999706	245	0.147	5000.0	4999.853
20260710	1.0	20raw+minmax	small_open	PREC_CONSTRAINED	0.98	195	0.11699999999999999	4900.0	4899.883
20260710	1.0	20raw+minmax	small_open	COST_CONSTRAINED	1.0	9947	5.9681999999999995	5000.0	4994.0318
20260710	1.0	20raw+minmax	iter120_default	F1	0.7918781725888325	97	0.097	3900.0	3899.903
20260710	1.0	20raw+minmax	iter120_default	VALUE	0.999951	245	0.245	5000.0	4999.755
20260710	1.0	20raw+minmax	iter120_default	PREC_CONSTRAINED	0.98	195	0.195	4900.0	4899.805
20260710	1.0	20raw+minmax	iter120_default	COST_CONSTRAINED	1.0	9947	9.947000000000001	5000.0	4990.053
20260710	1.0	20raw+minmax	mid_tier	F1	0.7918781725888325	97	0.485	3900.0	3899.515
20260710	1.0	20raw+minmax	mid_tier	VALUE	0.999755	245	1.225	5000.0	4998.775
20260710	1.0	20raw+minmax	mid_tier	PREC_CONSTRAINED	0.98	195	0.975	4900.0	4899.025
20260710	1.0	20raw+minmax	mid_tier	COST_CONSTRAINED	1.0	9947	49.735	5000.0	4950.265
20260710	1.0	20raw+minmax	frontier_gpt4	F1	0.7918781725888325	97	2.9099999999999997	3900.0	3897.09
20260710	1.0	20raw+minmax	frontier_gpt4	VALUE	0.9985299999999999	245	7.35	5000.0	4992.65
20260710	1.0	20raw+minmax	frontier_gpt4	PREC_CONSTRAINED	0.98	195	5.85	4900.0	4894.15
20260710	1.0	20raw+minmax	frontier_gpt4	COST_CONSTRAINED	1.0	9947	298.40999999999997	5000.0	4701.59
20260710	1.0	20raw+stat	cheap_heuristic	F1	0.7884615384615384	108	0.0108	4100.0	4099.9892
20260710	1.0	20raw+stat	cheap_heuristic	VALUE	0.99999452	274	0.0274	5000.0	4999.9726
20260710	1.0	20raw+stat	cheap_heuristic	PREC_CONSTRAINED	0.97	194	0.0194	4850.0	4849.9806
20260710	1.0	20raw+stat	cheap_heuristic	COST_CONSTRAINED	1.0	9946	0.9946	5000.0	4999.0054
20260710	1.0	20raw+stat	small_open	F1	0.7884615384615384	108	0.0648	4100.0	4099.9352
20260710	1.0	20raw+stat	small_open	VALUE	0.9999671200000001	274	0.1644	5000.0	4999.8356
20260710	1.0	20raw+stat	small_open	PREC_CONSTRAINED	0.97	194	0.11639999999999999	4850.0	4849.8836
20260710	1.0	20raw+stat	small_open	COST_CONSTRAINED	1.0	9946	5.967599999999999	5000.0	4994.0324
20260710	1.0	20raw+stat	iter120_default	F1	0.7884615384615384	108	0.108	4100.0	4099.892
20260710	1.0	20raw+stat	iter120_default	VALUE	0.9999452	274	0.274	5000.0	4999.726
20260710	1.0	20raw+stat	iter120_default	PREC_CONSTRAINED	0.97	194	0.194	4850.0	4849.806
20260710	1.0	20raw+stat	iter120_default	COST_CONSTRAINED	1.0	9946	9.946	5000.0	4990.054
20260710	1.0	20raw+stat	mid_tier	F1	0.7884615384615384	108	0.54	4100.0	4099.46
20260710	1.0	20raw+stat	mid_tier	VALUE	0.999726	274	1.37	5000.0	4998.63
20260710	1.0	20raw+stat	mid_tier	PREC_CONSTRAINED	0.97	194	0.97	4850.0	4849.03
20260710	1.0	20raw+stat	mid_tier	COST_CONSTRAINED	1.0	9946	49.730000000000004	5000.0	4950.27
20260710	1.0	20raw+stat	frontier_gpt4	F1	0.7884615384615384	108	3.2399999999999998	4100.0	4096.76
20260710	1.0	20raw+stat	frontier_gpt4	VALUE	0.9983559999999999	274	8.219999999999999	5000.0	4991.78
20260710	1.0	20raw+stat	frontier_gpt4	PREC_CONSTRAINED	0.97	194	5.819999999999999	4850.0	4844.18
20260710	1.0	20raw+stat	frontier_gpt4	COST_CONSTRAINED	1.0	9946	298.38	5000.0	4701.62
20260710	0.5	24full	cheap_heuristic	F1	0.6736842105263158	45	0.0045000000000000005	1600.0	1599.9955
20260710	0.5	24full	cheap_heuristic	VALUE	0.9999948000000001	130	0.013000000000000001	2500.0	2499.987
20260710	0.5	24full	cheap_heuristic	PREC_CONSTRAINED	0.84	84	0.008400000000000001	2100.0	2099.9916
20260710	0.5	24full	cheap_heuristic	COST_CONSTRAINED	1.0	9897	0.9897	2500.0	2499.0103
20260710	0.5	24full	small_open	F1	0.6736842105263158	45	0.026999999999999996	1600.0	1599.973
20260710	0.5	24full	small_open	VALUE	0.9999688	130	0.078	2500.0	2499.922
20260710	0.5	24full	small_open	PREC_CONSTRAINED	0.84	84	0.05039999999999999	2100.0	2099.9496
20260710	0.5	24full	small_open	COST_CONSTRAINED	1.0	9897	5.938199999999999	2500.0	2494.0618
20260710	0.5	24full	iter120_default	F1	0.6736842105263158	45	0.045	1600.0	1599.955
20260710	0.5	24full	iter120_default	VALUE	0.999948	130	0.13	2500.0	2499.87
20260710	0.5	24full	iter120_default	PREC_CONSTRAINED	0.84	84	0.084	2100.0	2099.916
20260710	0.5	24full	iter120_default	COST_CONSTRAINED	1.0	9897	9.897	2500.0	2490.103
20260710	0.5	24full	mid_tier	F1	0.6736842105263158	45	0.225	1600.0	1599.775
20260710	0.5	24full	mid_tier	VALUE	0.99974	130	0.65	2500.0	2499.35
20260710	0.5	24full	mid_tier	PREC_CONSTRAINED	0.84	84	0.42	2100.0	2099.58
20260710	0.5	24full	mid_tier	COST_CONSTRAINED	1.0	9897	49.485	2500.0	2450.515
20260710	0.5	24full	frontier_gpt4	F1	0.6736842105263158	45	1.3499999999999999	1600.0	1598.65
20260710	0.5	24full	frontier_gpt4	VALUE	0.99844	130	3.9	2500.0	2496.1
20260710	0.5	24full	frontier_gpt4	PREC_CONSTRAINED	0.84	84	2.52	2100.0	2097.48
20260710	0.5	24full	frontier_gpt4	COST_CONSTRAINED	1.0	9897	296.90999999999997	2500.0	2203.09
20260710	0.5	20raw	cheap_heuristic	F1	0.6218487394957984	69	0.006900000000000001	1850.0	1849.9931
20260710	0.5	20raw	cheap_heuristic	VALUE	0.9999924000000001	190	0.019	2500.0	2499.981
20260710	0.5	20raw	cheap_heuristic	PREC_CONSTRAINED	0.78	78	0.0078000000000000005	1950.0	1949.9922
20260710	0.5	20raw	cheap_heuristic	COST_CONSTRAINED	1.0	9888	0.9888	2500.0	2499.0112
20260710	0.5	20raw	small_open	F1	0.6218487394957984	69	0.0414	1850.0	1849.9586
20260710	0.5	20raw	small_open	VALUE	0.9999544	190	0.11399999999999999	2500.0	2499.886
20260710	0.5	20raw	small_open	PREC_CONSTRAINED	0.78	78	0.046799999999999994	1950.0	1949.9532
20260710	0.5	20raw	small_open	COST_CONSTRAINED	1.0	9888	5.932799999999999	2500.0	2494.0672
20260710	0.5	20raw	iter120_default	F1	0.6218487394957984	69	0.069	1850.0	1849.931
20260710	0.5	20raw	iter120_default	VALUE	0.9999239999999999	190	0.19	2500.0	2499.81
20260710	0.5	20raw	iter120_default	PREC_CONSTRAINED	0.78	78	0.078	1950.0	1949.922
20260710	0.5	20raw	iter120_default	COST_CONSTRAINED	1.0	9888	9.888	2500.0	2490.112
20260710	0.5	20raw	mid_tier	F1	0.6218487394957984	69	0.34500000000000003	1850.0	1849.655
20260710	0.5	20raw	mid_tier	VALUE	0.9996200000000001	190	0.9500000000000001	2500.0	2499.05
20260710	0.5	20raw	mid_tier	PREC_CONSTRAINED	0.78	78	0.39	1950.0	1949.61
20260710	0.5	20raw	mid_tier	COST_CONSTRAINED	1.0	9888	49.44	2500.0	2450.56
20260710	0.5	20raw	frontier_gpt4	F1	0.6218487394957984	69	2.07	1850.0	1847.93
20260710	0.5	20raw	frontier_gpt4	VALUE	0.99772	190	5.7	2500.0	2494.3
20260710	0.5	20raw	frontier_gpt4	PREC_CONSTRAINED	0.78	78	2.34	1950.0	1947.66
20260710	0.5	20raw	frontier_gpt4	COST_CONSTRAINED	1.0	9888	296.64	2500.0	2203.36
20260710	0.5	20raw+minmax	cheap_heuristic	F1	0.7058823529411765	52	0.005200000000000001	1800.0	1799.9948
20260710	0.5	20raw+minmax	cheap_heuristic	VALUE	0.9999922	195	0.0195	2500.0	2499.9805
20260710	0.5	20raw+minmax	cheap_heuristic	PREC_CONSTRAINED	0.78	76	0.0076	1950.0	1949.9924
20260710	0.5	20raw+minmax	cheap_heuristic	COST_CONSTRAINED	1.0	9897	0.9897	2500.0	2499.0103
20260710	0.5	20raw+minmax	small_open	F1	0.7058823529411765	52	0.0312	1800.0	1799.9688
20260710	0.5	20raw+minmax	small_open	VALUE	0.9999531999999999	195	0.11699999999999999	2500.0	2499.883
20260710	0.5	20raw+minmax	small_open	PREC_CONSTRAINED	0.78	76	0.045599999999999995	1950.0	1949.9544
20260710	0.5	20raw+minmax	small_open	COST_CONSTRAINED	1.0	9897	5.938199999999999	2500.0	2494.0618
20260710	0.5	20raw+minmax	iter120_default	F1	0.7058823529411765	52	0.052000000000000005	1800.0	1799.948
20260710	0.5	20raw+minmax	iter120_default	VALUE	0.999922	195	0.195	2500.0	2499.805
20260710	0.5	20raw+minmax	iter120_default	PREC_CONSTRAINED	0.78	76	0.076	1950.0	1949.924
20260710	0.5	20raw+minmax	iter120_default	COST_CONSTRAINED	1.0	9897	9.897	2500.0	2490.103
20260710	0.5	20raw+minmax	mid_tier	F1	0.7058823529411765	52	0.26	1800.0	1799.74
20260710	0.5	20raw+minmax	mid_tier	VALUE	0.99961	195	0.975	2500.0	2499.025
20260710	0.5	20raw+minmax	mid_tier	PREC_CONSTRAINED	0.78	76	0.38	1950.0	1949.62
20260710	0.5	20raw+minmax	mid_tier	COST_CONSTRAINED	1.0	9897	49.485	2500.0	2450.515
20260710	0.5	20raw+minmax	frontier_gpt4	F1	0.7058823529411765	52	1.56	1800.0	1798.44
20260710	0.5	20raw+minmax	frontier_gpt4	VALUE	0.99766	195	5.85	2500.0	2494.15
20260710	0.5	20raw+minmax	frontier_gpt4	PREC_CONSTRAINED	0.78	76	2.28	1950.0	1947.72
20260710	0.5	20raw+minmax	frontier_gpt4	COST_CONSTRAINED	1.0	9897	296.90999999999997	2500.0	2203.09
20260710	0.5	20raw+stat	cheap_heuristic	F1	0.6881720430107526	43	0.0043	1600.0	1599.9957
20260710	0.5	20raw+stat	cheap_heuristic	VALUE	0.99999104	224	0.0224	2500.0	2499.9776
20260710	0.5	20raw+stat	cheap_heuristic	PREC_CONSTRAINED	0.84	82	0.0082	2100.0	2099.9918
20260710	0.5	20raw+stat	cheap_heuristic	COST_CONSTRAINED	1.0	9896	0.9896	2500.0	2499.0104
20260710	0.5	20raw+stat	small_open	F1	0.6881720430107526	43	0.025799999999999997	1600.0	1599.9742
20260710	0.5	20raw+stat	small_open	VALUE	0.99994624	224	0.1344	2500.0	2499.8656
20260710	0.5	20raw+stat	small_open	PREC_CONSTRAINED	0.84	82	0.049199999999999994	2100.0	2099.9508
20260710	0.5	20raw+stat	small_open	COST_CONSTRAINED	1.0	9896	5.9376	2500.0	2494.0624
20260710	0.5	20raw+stat	iter120_default	F1	0.6881720430107526	43	0.043000000000000003	1600.0	1599.957
20260710	0.5	20raw+stat	iter120_default	VALUE	0.9999104	224	0.224	2500.0	2499.776
20260710	0.5	20raw+stat	iter120_default	PREC_CONSTRAINED	0.84	82	0.082	2100.0	2099.918
20260710	0.5	20raw+stat	iter120_default	COST_CONSTRAINED	1.0	9896	9.896	2500.0	2490.104
20260710	0.5	20raw+stat	mid_tier	F1	0.6881720430107526	43	0.215	1600.0	1599.785
20260710	0.5	20raw+stat	mid_tier	VALUE	0.999552	224	1.12	2500.0	2498.88
20260710	0.5	20raw+stat	mid_tier	PREC_CONSTRAINED	0.84	82	0.41000000000000003	2100.0	2099.59
20260710	0.5	20raw+stat	mid_tier	COST_CONSTRAINED	1.0	9896	49.480000000000004	2500.0	2450.52
20260710	0.5	20raw+stat	frontier_gpt4	F1	0.6881720430107526	43	1.29	1600.0	1598.71
20260710	0.5	20raw+stat	frontier_gpt4	VALUE	0.9973120000000001	224	6.72	2500.0	2493.28
20260710	0.5	20raw+stat	frontier_gpt4	PREC_CONSTRAINED	0.84	82	2.46	2100.0	2097.54
20260710	0.5	20raw+stat	frontier_gpt4	COST_CONSTRAINED	1.0	9896	296.88	2500.0	2203.12
20260710	0.1	24full	cheap_heuristic	F1	0.5294117647058825	24	0.0024000000000000002	450.0	449.9976
20260710	0.1	24full	cheap_heuristic	VALUE	0.999984	80	0.008	500.0	499.992
20260710	0.1	24full	cheap_heuristic	PREC_CONSTRAINED	0.5	10	0.001	250.0	249.999
20260710	0.1	24full	cheap_heuristic	COST_CONSTRAINED	1.0	9857	0.9857	500.0	499.0143
20260710	0.1	24full	small_open	F1	0.5294117647058825	24	0.0144	450.0	449.9856
20260710	0.1	24full	small_open	VALUE	0.999904	80	0.047999999999999994	500.0	499.952
20260710	0.1	24full	small_open	PREC_CONSTRAINED	0.5	10	0.005999999999999999	250.0	249.994
20260710	0.1	24full	small_open	COST_CONSTRAINED	1.0	9857	5.914199999999999	500.0	494.0858
20260710	0.1	24full	iter120_default	F1	0.5294117647058825	24	0.024	450.0	449.976
20260710	0.1	24full	iter120_default	VALUE	0.9998400000000001	80	0.08	500.0	499.92
20260710	0.1	24full	iter120_default	PREC_CONSTRAINED	0.5	10	0.01	250.0	249.99
20260710	0.1	24full	iter120_default	COST_CONSTRAINED	1.0	9857	9.857	500.0	490.14300000000003
20260710	0.1	24full	mid_tier	F1	0.5294117647058825	24	0.12	450.0	449.88
20260710	0.1	24full	mid_tier	VALUE	0.9992000000000001	80	0.4	500.0	499.6
20260710	0.1	24full	mid_tier	PREC_CONSTRAINED	0.5	10	0.05	250.0	249.95
20260710	0.1	24full	mid_tier	COST_CONSTRAINED	1.0	9857	49.285000000000004	500.0	450.715
20260710	0.1	24full	frontier_gpt4	F1	0.5294117647058825	24	0.72	450.0	449.28
20260710	0.1	24full	frontier_gpt4	VALUE	0.9952000000000001	80	2.4	500.0	497.6
20260710	0.1	24full	frontier_gpt4	PREC_CONSTRAINED	0.5	10	0.3	250.0	249.7
20260710	0.1	24full	frontier_gpt4	COST_CONSTRAINED	1.0	3316	99.47999999999999	500.0	400.52
20260710	0.1	20raw	cheap_heuristic	F1	0.4615384615384615	16	0.0016	300.0	299.9984
20260710	0.1	20raw	cheap_heuristic	VALUE	0.9999882	59	0.0059	500.0	499.9941
20260710	0.1	20raw	cheap_heuristic	PREC_CONSTRAINED	0.2	4	0.0004	100.0	99.9996
20260710	0.1	20raw	cheap_heuristic	COST_CONSTRAINED	1.0	9848	0.9848	500.0	499.0152
20260710	0.1	20raw	small_open	F1	0.4615384615384615	16	0.0096	300.0	299.9904
20260710	0.1	20raw	small_open	VALUE	0.9999292000000001	59	0.035399999999999994	500.0	499.9646
20260710	0.1	20raw	small_open	PREC_CONSTRAINED	0.2	4	0.0024	100.0	99.9976
20260710	0.1	20raw	small_open	COST_CONSTRAINED	1.0	9848	5.908799999999999	500.0	494.0912
20260710	0.1	20raw	iter120_default	F1	0.4615384615384615	16	0.016	300.0	299.984
20260710	0.1	20raw	iter120_default	VALUE	0.9998819999999999	59	0.059000000000000004	500.0	499.941
20260710	0.1	20raw	iter120_default	PREC_CONSTRAINED	0.2	4	0.004	100.0	99.996
20260710	0.1	20raw	iter120_default	COST_CONSTRAINED	1.0	9848	9.848	500.0	490.152
20260710	0.1	20raw	mid_tier	F1	0.4615384615384615	16	0.08	300.0	299.92
20260710	0.1	20raw	mid_tier	VALUE	0.99941	59	0.295	500.0	499.705
20260710	0.1	20raw	mid_tier	PREC_CONSTRAINED	0.2	4	0.02	100.0	99.98
20260710	0.1	20raw	mid_tier	COST_CONSTRAINED	1.0	9848	49.24	500.0	450.76
20260710	0.1	20raw	frontier_gpt4	F1	0.4615384615384615	16	0.48	300.0	299.52
20260710	0.1	20raw	frontier_gpt4	VALUE	0.99646	59	1.77	500.0	498.23
20260710	0.1	20raw	frontier_gpt4	PREC_CONSTRAINED	0.2	4	0.12	100.0	99.88
20260710	0.1	20raw	frontier_gpt4	COST_CONSTRAINED	1.0	3266	97.97999999999999	500.0	402.02
20260710	0.1	20raw+minmax	cheap_heuristic	F1	0.5454545454545454	12	0.0012000000000000001	300.0	299.9988
20260710	0.1	20raw+minmax	cheap_heuristic	VALUE	0.9999844	78	0.0078000000000000005	500.0	499.9922
20260710	0.1	20raw+minmax	cheap_heuristic	PREC_CONSTRAINED	0.6	12	0.0012000000000000001	300.0	299.9988
20260710	0.1	20raw+minmax	cheap_heuristic	COST_CONSTRAINED	1.0	9857	0.9857	500.0	499.0143
20260710	0.1	20raw+minmax	small_open	F1	0.5454545454545454	12	0.0072	300.0	299.9928
20260710	0.1	20raw+minmax	small_open	VALUE	0.9999064	78	0.046799999999999994	500.0	499.9532
20260710	0.1	20raw+minmax	small_open	PREC_CONSTRAINED	0.6	12	0.0072	300.0	299.9928
20260710	0.1	20raw+minmax	small_open	COST_CONSTRAINED	1.0	9857	5.914199999999999	500.0	494.0858
20260710	0.1	20raw+minmax	iter120_default	F1	0.5454545454545454	12	0.012	300.0	299.988
20260710	0.1	20raw+minmax	iter120_default	VALUE	0.9998440000000001	78	0.078	500.0	499.922
20260710	0.1	20raw+minmax	iter120_default	PREC_CONSTRAINED	0.6	12	0.012	300.0	299.988
20260710	0.1	20raw+minmax	iter120_default	COST_CONSTRAINED	1.0	9857	9.857	500.0	490.14300000000003
20260710	0.1	20raw+minmax	mid_tier	F1	0.5454545454545454	12	0.06	300.0	299.94
20260710	0.1	20raw+minmax	mid_tier	VALUE	0.99922	78	0.39	500.0	499.61
20260710	0.1	20raw+minmax	mid_tier	PREC_CONSTRAINED	0.6	12	0.06	300.0	299.94
20260710	0.1	20raw+minmax	mid_tier	COST_CONSTRAINED	1.0	9857	49.285000000000004	500.0	450.715
20260710	0.1	20raw+minmax	frontier_gpt4	F1	0.5454545454545454	12	0.36	300.0	299.64
20260710	0.1	20raw+minmax	frontier_gpt4	VALUE	0.9953200000000001	78	2.34	500.0	497.66
20260710	0.1	20raw+minmax	frontier_gpt4	PREC_CONSTRAINED	0.6	12	0.36	300.0	299.64
20260710	0.1	20raw+minmax	frontier_gpt4	COST_CONSTRAINED	1.0	3244	97.32	500.0	402.68
20260710	0.1	20raw+stat	cheap_heuristic	F1	0.47619047619047616	11	0.0011	250.0	249.9989
20260710	0.1	20raw+stat	cheap_heuristic	VALUE	0.999977	115	0.0115	500.0	499.9885
20260710	0.1	20raw+stat	cheap_heuristic	PREC_CONSTRAINED	-1.0	9856	0.9856	500.0	499.0144
20260710	0.1	20raw+stat	cheap_heuristic	COST_CONSTRAINED	1.0	9856	0.9856	500.0	499.0144
20260710	0.1	20raw+stat	small_open	F1	0.47619047619047616	11	0.006599999999999999	250.0	249.9934
20260710	0.1	20raw+stat	small_open	VALUE	0.9998619999999999	115	0.06899999999999999	500.0	499.931
20260710	0.1	20raw+stat	small_open	PREC_CONSTRAINED	-1.0	9856	5.9136	500.0	494.0864
20260710	0.1	20raw+stat	small_open	COST_CONSTRAINED	1.0	9856	5.9136	500.0	494.0864
20260710	0.1	20raw+stat	iter120_default	F1	0.47619047619047616	11	0.011	250.0	249.989
20260710	0.1	20raw+stat	iter120_default	VALUE	0.9997699999999999	115	0.115	500.0	499.885
20260710	0.1	20raw+stat	iter120_default	PREC_CONSTRAINED	-1.0	9856	9.856	500.0	490.144
20260710	0.1	20raw+stat	iter120_default	COST_CONSTRAINED	1.0	9856	9.856	500.0	490.144
20260710	0.1	20raw+stat	mid_tier	F1	0.47619047619047616	11	0.055	250.0	249.945
20260710	0.1	20raw+stat	mid_tier	VALUE	0.99885	115	0.5750000000000001	500.0	499.425
20260710	0.1	20raw+stat	mid_tier	PREC_CONSTRAINED	-1.0	9856	49.28	500.0	450.72
20260710	0.1	20raw+stat	mid_tier	COST_CONSTRAINED	1.0	9856	49.28	500.0	450.72
20260710	0.1	20raw+stat	frontier_gpt4	F1	0.47619047619047616	11	0.32999999999999996	250.0	249.67
20260710	0.1	20raw+stat	frontier_gpt4	VALUE	0.9931	115	3.4499999999999997	500.0	496.55
20260710	0.1	20raw+stat	frontier_gpt4	PREC_CONSTRAINED	-1.0	9856	295.68	500.0	204.32
20260710	0.1	20raw+stat	frontier_gpt4	COST_CONSTRAINED	1.0	3189	95.67	500.0	404.33
20260710	0.05	24full	cheap_heuristic	F1	0.5	3	0.00030000000000000003	100.0	99.9997
20260710	0.05	24full	cheap_heuristic	VALUE	0.9999804	49	0.0049	250.0	249.9951
20260710	0.05	24full	cheap_heuristic	PREC_CONSTRAINED	0.4	4	0.0004	100.0	99.9996
20260710	0.05	24full	cheap_heuristic	COST_CONSTRAINED	1.0	9852	0.9852000000000001	250.0	249.0148
20260710	0.05	24full	small_open	F1	0.5	3	0.0018	100.0	99.9982
20260710	0.05	24full	small_open	VALUE	0.9998824	49	0.0294	250.0	249.9706
20260710	0.05	24full	small_open	PREC_CONSTRAINED	0.4	4	0.0024	100.0	99.9976
20260710	0.05	24full	small_open	COST_CONSTRAINED	1.0	9852	5.911199999999999	250.0	244.0888
20260710	0.05	24full	iter120_default	F1	0.5	3	0.003	100.0	99.997
20260710	0.05	24full	iter120_default	VALUE	0.999804	49	0.049	250.0	249.951
20260710	0.05	24full	iter120_default	PREC_CONSTRAINED	0.4	4	0.004	100.0	99.996
20260710	0.05	24full	iter120_default	COST_CONSTRAINED	1.0	9852	9.852	250.0	240.148
20260710	0.05	24full	mid_tier	F1	0.5	3	0.015	100.0	99.985
20260710	0.05	24full	mid_tier	VALUE	0.99902	49	0.245	250.0	249.755
20260710	0.05	24full	mid_tier	PREC_CONSTRAINED	0.4	4	0.02	100.0	99.98
20260710	0.05	24full	mid_tier	COST_CONSTRAINED	1.0	9852	49.26	250.0	200.74
20260710	0.05	24full	frontier_gpt4	F1	0.5	3	0.09	100.0	99.91
20260710	0.05	24full	frontier_gpt4	VALUE	0.99412	49	1.47	250.0	248.53
20260710	0.05	24full	frontier_gpt4	PREC_CONSTRAINED	0.4	4	0.12	100.0	99.88
20260710	0.05	24full	frontier_gpt4	COST_CONSTRAINED	1.0	1627	48.809999999999995	250.0	201.19
20260710	0.05	20raw	cheap_heuristic	F1	0.37499999999999994	11	0.0011	150.0	149.9989
20260710	0.05	20raw	cheap_heuristic	VALUE	0.999958	105	0.0105	250.0	249.9895
20260710	0.05	20raw	cheap_heuristic	PREC_CONSTRAINED	-1.0	9843	0.9843000000000001	250.0	249.0157
20260710	0.05	20raw	cheap_heuristic	COST_CONSTRAINED	1.0	9843	0.9843000000000001	250.0	249.0157
20260710	0.05	20raw	small_open	F1	0.37499999999999994	11	0.006599999999999999	150.0	149.9934
20260710	0.05	20raw	small_open	VALUE	0.9997480000000001	105	0.063	250.0	249.937
20260710	0.05	20raw	small_open	PREC_CONSTRAINED	-1.0	9843	5.905799999999999	250.0	244.0942
20260710	0.05	20raw	small_open	COST_CONSTRAINED	1.0	9843	5.905799999999999	250.0	244.0942
20260710	0.05	20raw	iter120_default	F1	0.37499999999999994	11	0.011	150.0	149.989
20260710	0.05	20raw	iter120_default	VALUE	0.99958	105	0.105	250.0	249.895
20260710	0.05	20raw	iter120_default	PREC_CONSTRAINED	-1.0	9843	9.843	250.0	240.157
20260710	0.05	20raw	iter120_default	COST_CONSTRAINED	1.0	9843	9.843	250.0	240.157
20260710	0.05	20raw	mid_tier	F1	0.37499999999999994	11	0.055	150.0	149.945
20260710	0.05	20raw	mid_tier	VALUE	0.9979	105	0.525	250.0	249.475
20260710	0.05	20raw	mid_tier	PREC_CONSTRAINED	-1.0	9843	49.215	250.0	200.785
20260710	0.05	20raw	mid_tier	COST_CONSTRAINED	1.0	9843	49.215	250.0	200.785
20260710	0.05	20raw	frontier_gpt4	F1	0.37499999999999994	11	0.32999999999999996	150.0	149.67
20260710	0.05	20raw	frontier_gpt4	VALUE	0.9873999999999999	105	3.15	250.0	246.85
20260710	0.05	20raw	frontier_gpt4	PREC_CONSTRAINED	-1.0	9843	295.28999999999996	250.0	-45.289999999999964
20260710	0.05	20raw	frontier_gpt4	COST_CONSTRAINED	1.0	1655	49.65	250.0	200.35
20260710	0.05	20raw+minmax	cheap_heuristic	F1	0.4	15	0.0015	200.0	199.9985
20260710	0.05	20raw+minmax	cheap_heuristic	VALUE	0.9999716	71	0.0071	250.0	249.9929
20260710	0.05	20raw+minmax	cheap_heuristic	PREC_CONSTRAINED	-1.0	9852	0.9852000000000001	250.0	249.0148
20260710	0.05	20raw+minmax	cheap_heuristic	COST_CONSTRAINED	1.0	9852	0.9852000000000001	250.0	249.0148
20260710	0.05	20raw+minmax	small_open	F1	0.4	15	0.009	200.0	199.991
20260710	0.05	20raw+minmax	small_open	VALUE	0.9998296	71	0.0426	250.0	249.9574
20260710	0.05	20raw+minmax	small_open	PREC_CONSTRAINED	-1.0	9852	5.911199999999999	250.0	244.0888
20260710	0.05	20raw+minmax	small_open	COST_CONSTRAINED	1.0	9852	5.911199999999999	250.0	244.0888
20260710	0.05	20raw+minmax	iter120_default	F1	0.4	15	0.015	200.0	199.985
20260710	0.05	20raw+minmax	iter120_default	VALUE	0.999716	71	0.07100000000000001	250.0	249.929
20260710	0.05	20raw+minmax	iter120_default	PREC_CONSTRAINED	-1.0	9852	9.852	250.0	240.148
20260710	0.05	20raw+minmax	iter120_default	COST_CONSTRAINED	1.0	9852	9.852	250.0	240.148
20260710	0.05	20raw+minmax	mid_tier	F1	0.4	15	0.075	200.0	199.925
20260710	0.05	20raw+minmax	mid_tier	VALUE	0.99858	71	0.355	250.0	249.645
20260710	0.05	20raw+minmax	mid_tier	PREC_CONSTRAINED	-1.0	9852	49.26	250.0	200.74
20260710	0.05	20raw+minmax	mid_tier	COST_CONSTRAINED	1.0	9852	49.26	250.0	200.74
20260710	0.05	20raw+minmax	frontier_gpt4	F1	0.4	15	0.44999999999999996	200.0	199.55
20260710	0.05	20raw+minmax	frontier_gpt4	VALUE	0.99148	71	2.13	250.0	247.87
20260710	0.05	20raw+minmax	frontier_gpt4	PREC_CONSTRAINED	-1.0	9852	295.56	250.0	-45.56
20260710	0.05	20raw+minmax	frontier_gpt4	COST_CONSTRAINED	1.0	1624	48.72	250.0	201.28
20260710	0.05	20raw+stat	cheap_heuristic	F1	0.42857142857142855	9	0.0009000000000000001	150.0	149.9991
20260710	0.05	20raw+stat	cheap_heuristic	VALUE	0.9999608	98	0.0098	250.0	249.9902
20260710	0.05	20raw+stat	cheap_heuristic	PREC_CONSTRAINED	-1.0	9851	0.9851000000000001	250.0	249.0149
20260710	0.05	20raw+stat	cheap_heuristic	COST_CONSTRAINED	1.0	9851	0.9851000000000001	250.0	249.0149
20260710	0.05	20raw+stat	small_open	F1	0.42857142857142855	9	0.005399999999999999	150.0	149.9946
20260710	0.05	20raw+stat	small_open	VALUE	0.9997648	98	0.0588	250.0	249.9412
20260710	0.05	20raw+stat	small_open	PREC_CONSTRAINED	-1.0	9851	5.9106	250.0	244.0894
20260710	0.05	20raw+stat	small_open	COST_CONSTRAINED	1.0	9851	5.9106	250.0	244.0894
20260710	0.05	20raw+stat	iter120_default	F1	0.42857142857142855	9	0.009000000000000001	150.0	149.991
20260710	0.05	20raw+stat	iter120_default	VALUE	0.9996079999999999	98	0.098	250.0	249.902
20260710	0.05	20raw+stat	iter120_default	PREC_CONSTRAINED	-1.0	9851	9.851	250.0	240.149
20260710	0.05	20raw+stat	iter120_default	COST_CONSTRAINED	1.0	9851	9.851	250.0	240.149
20260710	0.05	20raw+stat	mid_tier	F1	0.42857142857142855	9	0.045	150.0	149.955
20260710	0.05	20raw+stat	mid_tier	VALUE	0.9980399999999999	98	0.49	250.0	249.51
20260710	0.05	20raw+stat	mid_tier	PREC_CONSTRAINED	-1.0	9851	49.255	250.0	200.745
20260710	0.05	20raw+stat	mid_tier	COST_CONSTRAINED	1.0	9851	49.255	250.0	200.745
20260710	0.05	20raw+stat	frontier_gpt4	F1	0.42857142857142855	9	0.27	150.0	149.73
20260710	0.05	20raw+stat	frontier_gpt4	VALUE	0.98824	98	2.94	250.0	247.06
20260710	0.05	20raw+stat	frontier_gpt4	PREC_CONSTRAINED	-1.0	9851	295.53	250.0	-45.52999999999997
20260710	0.05	20raw+stat	frontier_gpt4	COST_CONSTRAINED	1.0	1626	48.78	250.0	201.22
20260712	1.44	24full	cheap_heuristic	F1	0.8250000000000001	176	0.0176	6600.0	6599.9824
20260712	1.44	24full	cheap_heuristic	VALUE	0.9999952777777779	340	0.034	7200.0	7199.966
20260712	1.44	24full	cheap_heuristic	PREC_CONSTRAINED	0.9722222222222222	280	0.028	7000.0	6999.972
20260712	1.44	24full	cheap_heuristic	COST_CONSTRAINED	1.0	9993	0.9993000000000001	7200.0	7199.0007
20260712	1.44	24full	small_open	F1	0.8250000000000001	176	0.10559999999999999	6600.0	6599.8944
20260712	1.44	24full	small_open	VALUE	0.9999716666666667	340	0.204	7200.0	7199.796
20260712	1.44	24full	small_open	PREC_CONSTRAINED	0.9722222222222222	280	0.16799999999999998	7000.0	6999.832
20260712	1.44	24full	small_open	COST_CONSTRAINED	1.0	9993	5.995799999999999	7200.0	7194.0042
20260712	1.44	24full	iter120_default	F1	0.8250000000000001	176	0.176	6600.0	6599.824
20260712	1.44	24full	iter120_default	VALUE	0.9999527777777778	340	0.34	7200.0	7199.66
20260712	1.44	24full	iter120_default	PREC_CONSTRAINED	0.9722222222222222	280	0.28	7000.0	6999.72
20260712	1.44	24full	iter120_default	COST_CONSTRAINED	1.0	9993	9.993	7200.0	7190.007
20260712	1.44	24full	mid_tier	F1	0.8250000000000001	176	0.88	6600.0	6599.12
20260712	1.44	24full	mid_tier	VALUE	0.9997638888888889	340	1.7	7200.0	7198.3
20260712	1.44	24full	mid_tier	PREC_CONSTRAINED	0.9722222222222222	280	1.4000000000000001	7000.0	6998.6
20260712	1.44	24full	mid_tier	COST_CONSTRAINED	1.0	9993	49.965	7200.0	7150.035
20260712	1.44	24full	frontier_gpt4	F1	0.8250000000000001	176	5.279999999999999	6600.0	6594.72
20260712	1.44	24full	frontier_gpt4	VALUE	0.9985833333333334	340	10.2	7200.0	7189.8
20260712	1.44	24full	frontier_gpt4	PREC_CONSTRAINED	0.9722222222222222	280	8.4	7000.0	6991.6
20260712	1.44	24full	frontier_gpt4	COST_CONSTRAINED	1.0	9993	299.78999999999996	7200.0	6900.21
20260712	1.44	20raw	cheap_heuristic	F1	0.8160535117056855	155	0.0155	6100.0	6099.9845
20260712	1.44	20raw	cheap_heuristic	VALUE	0.9999921527777779	565	0.0565	7200.0	7199.9435
20260712	1.44	20raw	cheap_heuristic	PREC_CONSTRAINED	0.9722222222222222	280	0.028	7000.0	6999.972
20260712	1.44	20raw	cheap_heuristic	COST_CONSTRAINED	1.0	9972	0.9972000000000001	7200.0	7199.0028
20260712	1.44	20raw	small_open	F1	0.8160535117056855	155	0.09299999999999999	6100.0	6099.907
20260712	1.44	20raw	small_open	VALUE	0.9999529166666666	565	0.33899999999999997	7200.0	7199.661
20260712	1.44	20raw	small_open	PREC_CONSTRAINED	0.9722222222222222	280	0.16799999999999998	7000.0	6999.832
20260712	1.44	20raw	small_open	COST_CONSTRAINED	1.0	9972	5.983199999999999	7200.0	7194.0168
20260712	1.44	20raw	iter120_default	F1	0.8160535117056855	155	0.155	6100.0	6099.845
20260712	1.44	20raw	iter120_default	VALUE	0.9999215277777779	565	0.5650000000000001	7200.0	7199.435
20260712	1.44	20raw	iter120_default	PREC_CONSTRAINED	0.9722222222222222	280	0.28	7000.0	6999.72
20260712	1.44	20raw	iter120_default	COST_CONSTRAINED	1.0	9972	9.972	7200.0	7190.028
20260712	1.44	20raw	mid_tier	F1	0.8160535117056855	155	0.775	6100.0	6099.225
20260712	1.44	20raw	mid_tier	VALUE	0.9996076388888889	565	2.825	7200.0	7197.175
20260712	1.44	20raw	mid_tier	PREC_CONSTRAINED	0.9722222222222222	280	1.4000000000000001	7000.0	6998.6
20260712	1.44	20raw	mid_tier	COST_CONSTRAINED	1.0	9972	49.86	7200.0	7150.14
20260712	1.44	20raw	frontier_gpt4	F1	0.8160535117056855	155	4.6499999999999995	6100.0	6095.35
20260712	1.44	20raw	frontier_gpt4	VALUE	0.9976458333333333	565	16.95	7200.0	7183.05
20260712	1.44	20raw	frontier_gpt4	PREC_CONSTRAINED	0.9722222222222222	280	8.4	7000.0	6991.6
20260712	1.44	20raw	frontier_gpt4	COST_CONSTRAINED	1.0	9972	299.15999999999997	7200.0	6900.84
20260712	1.44	20raw+minmax	cheap_heuristic	F1	0.8471337579617835	170	0.017	6650.0	6649.983
20260712	1.44	20raw+minmax	cheap_heuristic	VALUE	0.9999952222222223	344	0.0344	7200.0	7199.9656
20260712	1.44	20raw+minmax	cheap_heuristic	PREC_CONSTRAINED	0.9930555555555556	282	0.028200000000000003	7150.0	7149.9718
20260712	1.44	20raw+minmax	cheap_heuristic	COST_CONSTRAINED	1.0	9983	0.9983000000000001	7200.0	7199.0017
20260712	1.44	20raw+minmax	small_open	F1	0.8471337579617835	170	0.102	6650.0	6649.898
20260712	1.44	20raw+minmax	small_open	VALUE	0.9999713333333333	344	0.20639999999999997	7200.0	7199.7936
20260712	1.44	20raw+minmax	small_open	PREC_CONSTRAINED	0.9930555555555556	282	0.1692	7150.0	7149.8308
20260712	1.44	20raw+minmax	small_open	COST_CONSTRAINED	1.0	9983	5.9898	7200.0	7194.0102
20260712	1.44	20raw+minmax	iter120_default	F1	0.8471337579617835	170	0.17	6650.0	6649.83
20260712	1.44	20raw+minmax	iter120_default	VALUE	0.9999522222222222	344	0.34400000000000003	7200.0	7199.656
20260712	1.44	20raw+minmax	iter120_default	PREC_CONSTRAINED	0.9930555555555556	282	0.28200000000000003	7150.0	7149.718
20260712	1.44	20raw+minmax	iter120_default	COST_CONSTRAINED	1.0	9983	9.983	7200.0	7190.017
20260712	1.44	20raw+minmax	mid_tier	F1	0.8471337579617835	170	0.85	6650.0	6649.15
20260712	1.44	20raw+minmax	mid_tier	VALUE	0.9997611111111111	344	1.72	7200.0	7198.28
20260712	1.44	20raw+minmax	mid_tier	PREC_CONSTRAINED	0.9930555555555556	282	1.41	7150.0	7148.59
20260712	1.44	20raw+minmax	mid_tier	COST_CONSTRAINED	1.0	9983	49.915	7200.0	7150.085
20260712	1.44	20raw+minmax	frontier_gpt4	F1	0.8471337579617835	170	5.1	6650.0	6644.9
20260712	1.44	20raw+minmax	frontier_gpt4	VALUE	0.9985666666666667	344	10.32	7200.0	7189.68
20260712	1.44	20raw+minmax	frontier_gpt4	PREC_CONSTRAINED	0.9930555555555556	282	8.459999999999999	7150.0	7141.54
20260712	1.44	20raw+minmax	frontier_gpt4	COST_CONSTRAINED	1.0	9983	299.49	7200.0	6900.51
20260712	1.44	20raw+stat	cheap_heuristic	F1	0.8074074074074075	126	0.0126	5450.0	5449.9874
20260712	1.44	20raw+stat	cheap_heuristic	VALUE	0.9999945694444444	391	0.0391	7200.0	7199.9609
20260712	1.44	20raw+stat	cheap_heuristic	PREC_CONSTRAINED	0.9791666666666666	280	0.028	7050.0	7049.972
20260712	1.44	20raw+stat	cheap_heuristic	COST_CONSTRAINED	1.0	9986	0.9986	7200.0	7199.0014
20260712	1.44	20raw+stat	small_open	F1	0.8074074074074075	126	0.07559999999999999	5450.0	5449.9244
20260712	1.44	20raw+stat	small_open	VALUE	0.9999674166666667	391	0.23459999999999998	7200.0	7199.7654
20260712	1.44	20raw+stat	small_open	PREC_CONSTRAINED	0.9791666666666666	280	0.16799999999999998	7050.0	7049.832
20260712	1.44	20raw+stat	small_open	COST_CONSTRAINED	1.0	9986	5.991599999999999	7200.0	7194.0084
20260712	1.44	20raw+stat	iter120_default	F1	0.8074074074074075	126	0.126	5450.0	5449.874
20260712	1.44	20raw+stat	iter120_default	VALUE	0.9999456944444445	391	0.391	7200.0	7199.609
20260712	1.44	20raw+stat	iter120_default	PREC_CONSTRAINED	0.9791666666666666	280	0.28	7050.0	7049.72
20260712	1.44	20raw+stat	iter120_default	COST_CONSTRAINED	1.0	9986	9.986	7200.0	7190.014
20260712	1.44	20raw+stat	mid_tier	F1	0.8074074074074075	126	0.63	5450.0	5449.37
20260712	1.44	20raw+stat	mid_tier	VALUE	0.9997284722222223	391	1.955	7200.0	7198.045
20260712	1.44	20raw+stat	mid_tier	PREC_CONSTRAINED	0.9791666666666666	280	1.4000000000000001	7050.0	7048.6
20260712	1.44	20raw+stat	mid_tier	COST_CONSTRAINED	1.0	9986	49.93	7200.0	7150.07
20260712	1.44	20raw+stat	frontier_gpt4	F1	0.8074074074074075	126	3.78	5450.0	5446.22
20260712	1.44	20raw+stat	frontier_gpt4	VALUE	0.9983708333333334	391	11.73	7200.0	7188.27
20260712	1.44	20raw+stat	frontier_gpt4	PREC_CONSTRAINED	0.9791666666666666	280	8.4	7050.0	7041.6
20260712	1.44	20raw+stat	frontier_gpt4	COST_CONSTRAINED	1.0	9986	299.58	7200.0	6900.42
20260712	1.0	24full	cheap_heuristic	F1	0.7839195979899497	99	0.0099	3900.0	3899.9901
20260712	1.0	24full	cheap_heuristic	VALUE	0.99999408	296	0.0296	5000.0	4999.9704
20260712	1.0	24full	cheap_heuristic	PREC_CONSTRAINED	0.96	190	0.019	4800.0	4799.981
20260712	1.0	24full	cheap_heuristic	COST_CONSTRAINED	1.0	9949	0.9949	5000.0	4999.0051
20260712	1.0	24full	small_open	F1	0.7839195979899497	99	0.059399999999999994	3900.0	3899.9406
20260712	1.0	24full	small_open	VALUE	0.99996448	296	0.17759999999999998	5000.0	4999.8224
20260712	1.0	24full	small_open	PREC_CONSTRAINED	0.96	190	0.11399999999999999	4800.0	4799.886
20260712	1.0	24full	small_open	COST_CONSTRAINED	1.0	9949	5.969399999999999	5000.0	4994.0306
20260712	1.0	24full	iter120_default	F1	0.7839195979899497	99	0.099	3900.0	3899.901
20260712	1.0	24full	iter120_default	VALUE	0.9999408	296	0.296	5000.0	4999.704
20260712	1.0	24full	iter120_default	PREC_CONSTRAINED	0.96	190	0.19	4800.0	4799.81
20260712	1.0	24full	iter120_default	COST_CONSTRAINED	1.0	9949	9.949	5000.0	4990.051
20260712	1.0	24full	mid_tier	F1	0.7839195979899497	99	0.495	3900.0	3899.505
20260712	1.0	24full	mid_tier	VALUE	0.999704	296	1.48	5000.0	4998.52
20260712	1.0	24full	mid_tier	PREC_CONSTRAINED	0.96	190	0.9500000000000001	4800.0	4799.05
20260712	1.0	24full	mid_tier	COST_CONSTRAINED	1.0	9949	49.745000000000005	5000.0	4950.255
20260712	1.0	24full	frontier_gpt4	F1	0.7839195979899497	99	2.9699999999999998	3900.0	3897.03
20260712	1.0	24full	frontier_gpt4	VALUE	0.998224	296	8.879999999999999	5000.0	4991.12
20260712	1.0	24full	frontier_gpt4	PREC_CONSTRAINED	0.96	190	5.7	4800.0	4794.3
20260712	1.0	24full	frontier_gpt4	COST_CONSTRAINED	1.0	9949	298.46999999999997	5000.0	4701.53
20260712	1.0	20raw	cheap_heuristic	F1	0.7757009345794393	114	0.0114	4150.0	4149.9886
20260712	1.0	20raw	cheap_heuristic	VALUE	0.99998958	521	0.0521	5000.0	4999.9479
20260712	1.0	20raw	cheap_heuristic	PREC_CONSTRAINED	0.95	188	0.0188	4750.0	4749.9812
20260712	1.0	20raw	cheap_heuristic	COST_CONSTRAINED	1.0	9928	0.9928	5000.0	4999.0072
20260712	1.0	20raw	small_open	F1	0.7757009345794393	114	0.06839999999999999	4150.0	4149.9316
20260712	1.0	20raw	small_open	VALUE	0.9999374799999999	521	0.3126	5000.0	4999.6874
20260712	1.0	20raw	small_open	PREC_CONSTRAINED	0.95	188	0.11279999999999998	4750.0	4749.8872
20260712	1.0	20raw	small_open	COST_CONSTRAINED	1.0	9928	5.956799999999999	5000.0	4994.0432
20260712	1.0	20raw	iter120_default	F1	0.7757009345794393	114	0.114	4150.0	4149.886
20260712	1.0	20raw	iter120_default	VALUE	0.9998958	521	0.521	5000.0	4999.479
20260712	1.0	20raw	iter120_default	PREC_CONSTRAINED	0.95	188	0.188	4750.0	4749.812
20260712	1.0	20raw	iter120_default	COST_CONSTRAINED	1.0	9928	9.928	5000.0	4990.072
20260712	1.0	20raw	mid_tier	F1	0.7757009345794393	114	0.5700000000000001	4150.0	4149.43
20260712	1.0	20raw	mid_tier	VALUE	0.9994790000000001	521	2.605	5000.0	4997.395
20260712	1.0	20raw	mid_tier	PREC_CONSTRAINED	0.95	188	0.9400000000000001	4750.0	4749.06
20260712	1.0	20raw	mid_tier	COST_CONSTRAINED	1.0	9928	49.64	5000.0	4950.36
20260712	1.0	20raw	frontier_gpt4	F1	0.7757009345794393	114	3.42	4150.0	4146.58
20260712	1.0	20raw	frontier_gpt4	VALUE	0.9968739999999999	521	15.629999999999999	5000.0	4984.37
20260712	1.0	20raw	frontier_gpt4	PREC_CONSTRAINED	0.95	188	5.64	4750.0	4744.36
20260712	1.0	20raw	frontier_gpt4	COST_CONSTRAINED	1.0	9928	297.84	5000.0	4702.16
20260712	1.0	20raw+minmax	cheap_heuristic	F1	0.8034934497816594	129	0.0129	4600.0	4599.9871
20260712	1.0	20raw+minmax	cheap_heuristic	VALUE	0.999994	300	0.030000000000000002	5000.0	4999.97
20260712	1.0	20raw+minmax	cheap_heuristic	PREC_CONSTRAINED	0.98	192	0.019200000000000002	4900.0	4899.9808
20260712	1.0	20raw+minmax	cheap_heuristic	COST_CONSTRAINED	1.0	9939	0.9939	5000.0	4999.0061
20260712	1.0	20raw+minmax	small_open	F1	0.8034934497816594	129	0.0774	4600.0	4599.9226
20260712	1.0	20raw+minmax	small_open	VALUE	0.999964	300	0.18	5000.0	4999.82
20260712	1.0	20raw+minmax	small_open	PREC_CONSTRAINED	0.98	192	0.1152	4900.0	4899.8848
20260712	1.0	20raw+minmax	small_open	COST_CONSTRAINED	1.0	9939	5.963399999999999	5000.0	4994.0366
20260712	1.0	20raw+minmax	iter120_default	F1	0.8034934497816594	129	0.129	4600.0	4599.871
20260712	1.0	20raw+minmax	iter120_default	VALUE	0.9999399999999999	300	0.3	5000.0	4999.7
20260712	1.0	20raw+minmax	iter120_default	PREC_CONSTRAINED	0.98	192	0.192	4900.0	4899.808
20260712	1.0	20raw+minmax	iter120_default	COST_CONSTRAINED	1.0	9939	9.939	5000.0	4990.061
20260712	1.0	20raw+minmax	mid_tier	F1	0.8034934497816594	129	0.645	4600.0	4599.355
20260712	1.0	20raw+minmax	mid_tier	VALUE	0.9997	300	1.5	5000.0	4998.5
20260712	1.0	20raw+minmax	mid_tier	PREC_CONSTRAINED	0.98	192	0.96	4900.0	4899.04
20260712	1.0	20raw+minmax	mid_tier	COST_CONSTRAINED	1.0	9939	49.695	5000.0	4950.305
20260712	1.0	20raw+minmax	frontier_gpt4	F1	0.8034934497816594	129	3.8699999999999997	4600.0	4596.13
20260712	1.0	20raw+minmax	frontier_gpt4	VALUE	0.9982	300	9.0	5000.0	4991.0
20260712	1.0	20raw+minmax	frontier_gpt4	PREC_CONSTRAINED	0.98	192	5.76	4900.0	4894.24
20260712	1.0	20raw+minmax	frontier_gpt4	COST_CONSTRAINED	1.0	9939	298.17	5000.0	4701.83
20260712	1.0	20raw+stat	cheap_heuristic	F1	0.7938144329896908	94	0.0094	3850.0	3849.9906
20260712	1.0	20raw+stat	cheap_heuristic	VALUE	0.99999306	347	0.0347	5000.0	4999.9653
20260712	1.0	20raw+stat	cheap_heuristic	PREC_CONSTRAINED	0.95	187	0.0187	4750.0	4749.9813
20260712	1.0	20raw+stat	cheap_heuristic	COST_CONSTRAINED	1.0	9942	0.9942000000000001	5000.0	4999.0058
20260712	1.0	20raw+stat	small_open	F1	0.7938144329896908	94	0.05639999999999999	3850.0	3849.9436
20260712	1.0	20raw+stat	small_open	VALUE	0.99995836	347	0.20819999999999997	5000.0	4999.7918
20260712	1.0	20raw+stat	small_open	PREC_CONSTRAINED	0.95	187	0.1122	4750.0	4749.8878
20260712	1.0	20raw+stat	small_open	COST_CONSTRAINED	1.0	9942	5.965199999999999	5000.0	4994.0348
20260712	1.0	20raw+stat	iter120_default	F1	0.7938144329896908	94	0.094	3850.0	3849.906
20260712	1.0	20raw+stat	iter120_default	VALUE	0.9999306	347	0.34700000000000003	5000.0	4999.653
20260712	1.0	20raw+stat	iter120_default	PREC_CONSTRAINED	0.95	187	0.187	4750.0	4749.813
20260712	1.0	20raw+stat	iter120_default	COST_CONSTRAINED	1.0	9942	9.942	5000.0	4990.058
20260712	1.0	20raw+stat	mid_tier	F1	0.7938144329896908	94	0.47000000000000003	3850.0	3849.53
20260712	1.0	20raw+stat	mid_tier	VALUE	0.999653	347	1.735	5000.0	4998.265
20260712	1.0	20raw+stat	mid_tier	PREC_CONSTRAINED	0.95	187	0.935	4750.0	4749.065
20260712	1.0	20raw+stat	mid_tier	COST_CONSTRAINED	1.0	9942	49.71	5000.0	4950.29
20260712	1.0	20raw+stat	frontier_gpt4	F1	0.7938144329896908	94	2.82	3850.0	3847.18
20260712	1.0	20raw+stat	frontier_gpt4	VALUE	0.9979180000000001	347	10.41	5000.0	4989.59
20260712	1.0	20raw+stat	frontier_gpt4	PREC_CONSTRAINED	0.95	187	5.609999999999999	4750.0	4744.39
20260712	1.0	20raw+stat	frontier_gpt4	COST_CONSTRAINED	1.0	9942	298.26	5000.0	4701.74
20260712	0.5	24full	cheap_heuristic	F1	0.6972477064220184	59	0.0059	1900.0	1899.9941
20260712	0.5	24full	cheap_heuristic	VALUE	0.9999918400000001	204	0.0204	2500.0	2499.9796
20260712	0.5	24full	cheap_heuristic	PREC_CONSTRAINED	0.88	88	0.0088	2200.0	2199.9912
20260712	0.5	24full	cheap_heuristic	COST_CONSTRAINED	1.0	9899	0.9899	2500.0	2499.0101
20260712	0.5	24full	small_open	F1	0.6972477064220184	59	0.035399999999999994	1900.0	1899.9646
20260712	0.5	24full	small_open	VALUE	0.9999510399999999	204	0.1224	2500.0	2499.8776
20260712	0.5	24full	small_open	PREC_CONSTRAINED	0.88	88	0.05279999999999999	2200.0	2199.9472
20260712	0.5	24full	small_open	COST_CONSTRAINED	1.0	9899	5.939399999999999	2500.0	2494.0606
20260712	0.5	24full	iter120_default	F1	0.6972477064220184	59	0.059000000000000004	1900.0	1899.941
20260712	0.5	24full	iter120_default	VALUE	0.9999183999999999	204	0.20400000000000001	2500.0	2499.796
20260712	0.5	24full	iter120_default	PREC_CONSTRAINED	0.88	88	0.088	2200.0	2199.912
20260712	0.5	24full	iter120_default	COST_CONSTRAINED	1.0	9899	9.899000000000001	2500.0	2490.101
20260712	0.5	24full	mid_tier	F1	0.6972477064220184	59	0.295	1900.0	1899.705
20260712	0.5	24full	mid_tier	VALUE	0.999592	204	1.02	2500.0	2498.98
20260712	0.5	24full	mid_tier	PREC_CONSTRAINED	0.88	88	0.44	2200.0	2199.56
20260712	0.5	24full	mid_tier	COST_CONSTRAINED	1.0	9899	49.495000000000005	2500.0	2450.505
20260712	0.5	24full	frontier_gpt4	F1	0.6972477064220184	59	1.77	1900.0	1898.23
20260712	0.5	24full	frontier_gpt4	VALUE	0.997552	204	6.12	2500.0	2493.88
20260712	0.5	24full	frontier_gpt4	PREC_CONSTRAINED	0.88	88	2.6399999999999997	2200.0	2197.36
20260712	0.5	24full	frontier_gpt4	COST_CONSTRAINED	1.0	9899	296.96999999999997	2500.0	2203.03
20260712	0.5	20raw	cheap_heuristic	F1	0.74	50	0.005	1850.0	1849.995
20260712	0.5	20raw	cheap_heuristic	VALUE	0.99998116	471	0.0471	2500.0	2499.9529
20260712	0.5	20raw	cheap_heuristic	PREC_CONSTRAINED	0.86	84	0.008400000000000001	2150.0	2149.9916
20260712	0.5	20raw	cheap_heuristic	COST_CONSTRAINED	1.0	9878	0.9878	2500.0	2499.0122
20260712	0.5	20raw	small_open	F1	0.74	50	0.03	1850.0	1849.97
20260712	0.5	20raw	small_open	VALUE	0.99988696	471	0.28259999999999996	2500.0	2499.7174
20260712	0.5	20raw	small_open	PREC_CONSTRAINED	0.86	84	0.05039999999999999	2150.0	2149.9496
20260712	0.5	20raw	small_open	COST_CONSTRAINED	1.0	9878	5.926799999999999	2500.0	2494.0732
20260712	0.5	20raw	iter120_default	F1	0.74	50	0.05	1850.0	1849.95
20260712	0.5	20raw	iter120_default	VALUE	0.9998116	471	0.47100000000000003	2500.0	2499.529
20260712	0.5	20raw	iter120_default	PREC_CONSTRAINED	0.86	84	0.084	2150.0	2149.916
20260712	0.5	20raw	iter120_default	COST_CONSTRAINED	1.0	9878	9.878	2500.0	2490.122
20260712	0.5	20raw	mid_tier	F1	0.74	50	0.25	1850.0	1849.75
20260712	0.5	20raw	mid_tier	VALUE	0.999058	471	2.355	2500.0	2497.645
20260712	0.5	20raw	mid_tier	PREC_CONSTRAINED	0.86	84	0.42	2150.0	2149.58
20260712	0.5	20raw	mid_tier	COST_CONSTRAINED	1.0	9878	49.39	2500.0	2450.61
20260712	0.5	20raw	frontier_gpt4	F1	0.74	50	1.5	1850.0	1848.5
20260712	0.5	20raw	frontier_gpt4	VALUE	0.994348	471	14.129999999999999	2500.0	2485.87
20260712	0.5	20raw	frontier_gpt4	PREC_CONSTRAINED	0.86	84	2.52	2150.0	2147.48
20260712	0.5	20raw	frontier_gpt4	COST_CONSTRAINED	1.0	9878	296.34	2500.0	2203.66
20260712	0.5	20raw+minmax	cheap_heuristic	F1	0.7142857142857142	62	0.006200000000000001	2000.0	1999.9938
20260712	0.5	20raw+minmax	cheap_heuristic	VALUE	0.9999928400000001	179	0.0179	2500.0	2499.9821
20260712	0.5	20raw+minmax	cheap_heuristic	PREC_CONSTRAINED	0.92	92	0.0092	2300.0	2299.9908
20260712	0.5	20raw+minmax	cheap_heuristic	COST_CONSTRAINED	1.0	9889	0.9889	2500.0	2499.0111
20260712	0.5	20raw+minmax	small_open	F1	0.7142857142857142	62	0.0372	2000.0	1999.9628
20260712	0.5	20raw+minmax	small_open	VALUE	0.9999570400000001	179	0.1074	2500.0	2499.8926
20260712	0.5	20raw+minmax	small_open	PREC_CONSTRAINED	0.92	92	0.05519999999999999	2300.0	2299.9448
20260712	0.5	20raw+minmax	small_open	COST_CONSTRAINED	1.0	9889	5.9334	2500.0	2494.0666
20260712	0.5	20raw+minmax	iter120_default	F1	0.7142857142857142	62	0.062	2000.0	1999.938
20260712	0.5	20raw+minmax	iter120_default	VALUE	0.9999283999999999	179	0.179	2500.0	2499.821
20260712	0.5	20raw+minmax	iter120_default	PREC_CONSTRAINED	0.92	92	0.092	2300.0	2299.908
20260712	0.5	20raw+minmax	iter120_default	COST_CONSTRAINED	1.0	9889	9.889	2500.0	2490.111
20260712	0.5	20raw+minmax	mid_tier	F1	0.7142857142857142	62	0.31	2000.0	1999.69
20260712	0.5	20raw+minmax	mid_tier	VALUE	0.999642	179	0.895	2500.0	2499.105
20260712	0.5	20raw+minmax	mid_tier	PREC_CONSTRAINED	0.92	92	0.46	2300.0	2299.54
20260712	0.5	20raw+minmax	mid_tier	COST_CONSTRAINED	1.0	9889	49.445	2500.0	2450.555
20260712	0.5	20raw+minmax	frontier_gpt4	F1	0.7142857142857142	62	1.8599999999999999	2000.0	1998.14
20260712	0.5	20raw+minmax	frontier_gpt4	VALUE	0.9978520000000001	179	5.37	2500.0	2494.63
20260712	0.5	20raw+minmax	frontier_gpt4	PREC_CONSTRAINED	0.92	92	2.76	2300.0	2297.24
20260712	0.5	20raw+minmax	frontier_gpt4	COST_CONSTRAINED	1.0	9889	296.67	2500.0	2203.33
20260712	0.5	20raw+stat	cheap_heuristic	F1	0.7358490566037736	56	0.0056	1950.0	1949.9944
20260712	0.5	20raw+stat	cheap_heuristic	VALUE	0.99998812	297	0.0297	2500.0	2499.9703
20260712	0.5	20raw+stat	cheap_heuristic	PREC_CONSTRAINED	0.82	78	0.0078000000000000005	2050.0	2049.9922
20260712	0.5	20raw+stat	cheap_heuristic	COST_CONSTRAINED	1.0	9892	0.9892000000000001	2500.0	2499.0108
20260712	0.5	20raw+stat	small_open	F1	0.7358490566037736	56	0.0336	1950.0	1949.9664
20260712	0.5	20raw+stat	small_open	VALUE	0.9999287200000001	297	0.1782	2500.0	2499.8218
20260712	0.5	20raw+stat	small_open	PREC_CONSTRAINED	0.82	78	0.046799999999999994	2050.0	2049.9532
20260712	0.5	20raw+stat	small_open	COST_CONSTRAINED	1.0	9892	5.935199999999999	2500.0	2494.0648
20260712	0.5	20raw+stat	iter120_default	F1	0.7358490566037736	56	0.056	1950.0	1949.944
20260712	0.5	20raw+stat	iter120_default	VALUE	0.9998812	297	0.297	2500.0	2499.703
20260712	0.5	20raw+stat	iter120_default	PREC_CONSTRAINED	0.82	78	0.078	2050.0	2049.922
20260712	0.5	20raw+stat	iter120_default	COST_CONSTRAINED	1.0	9892	9.892	2500.0	2490.108
20260712	0.5	20raw+stat	mid_tier	F1	0.7358490566037736	56	0.28	1950.0	1949.72
20260712	0.5	20raw+stat	mid_tier	VALUE	0.9994059999999999	297	1.485	2500.0	2498.515
20260712	0.5	20raw+stat	mid_tier	PREC_CONSTRAINED	0.82	78	0.39	2050.0	2049.61
20260712	0.5	20raw+stat	mid_tier	COST_CONSTRAINED	1.0	9892	49.46	2500.0	2450.54
20260712	0.5	20raw+stat	frontier_gpt4	F1	0.7358490566037736	56	1.68	1950.0	1948.32
20260712	0.5	20raw+stat	frontier_gpt4	VALUE	0.9964360000000001	297	8.91	2500.0	2491.09
20260712	0.5	20raw+stat	frontier_gpt4	PREC_CONSTRAINED	0.82	78	2.34	2050.0	2047.66
20260712	0.5	20raw+stat	frontier_gpt4	COST_CONSTRAINED	1.0	9892	296.76	2500.0	2203.24
20260712	0.1	24full	cheap_heuristic	F1	0.588235294117647	7	0.0007	250.0	249.9993
20260712	0.1	24full	cheap_heuristic	VALUE	0.9999916	42	0.004200000000000001	500.0	499.9958
20260712	0.1	24full	cheap_heuristic	PREC_CONSTRAINED	0.5	10	0.001	250.0	249.999
20260712	0.1	24full	cheap_heuristic	COST_CONSTRAINED	1.0	9859	0.9859	500.0	499.0141
20260712	0.1	24full	small_open	F1	0.588235294117647	7	0.0042	250.0	249.9958
20260712	0.1	24full	small_open	VALUE	0.9999496	42	0.025199999999999997	500.0	499.9748
20260712	0.1	24full	small_open	PREC_CONSTRAINED	0.5	10	0.005999999999999999	250.0	249.994
20260712	0.1	24full	small_open	COST_CONSTRAINED	1.0	9859	5.915399999999999	500.0	494.0846
20260712	0.1	24full	iter120_default	F1	0.588235294117647	7	0.007	250.0	249.993
20260712	0.1	24full	iter120_default	VALUE	0.999916	42	0.042	500.0	499.958
20260712	0.1	24full	iter120_default	PREC_CONSTRAINED	0.5	10	0.01	250.0	249.99
20260712	0.1	24full	iter120_default	COST_CONSTRAINED	1.0	9859	9.859	500.0	490.141
20260712	0.1	24full	mid_tier	F1	0.588235294117647	7	0.035	250.0	249.965
20260712	0.1	24full	mid_tier	VALUE	0.99958	42	0.21	500.0	499.79
20260712	0.1	24full	mid_tier	PREC_CONSTRAINED	0.5	10	0.05	250.0	249.95
20260712	0.1	24full	mid_tier	COST_CONSTRAINED	1.0	9859	49.295	500.0	450.705
20260712	0.1	24full	frontier_gpt4	F1	0.588235294117647	7	0.21	250.0	249.79
20260712	0.1	24full	frontier_gpt4	VALUE	0.99748	42	1.26	500.0	498.74
20260712	0.1	24full	frontier_gpt4	PREC_CONSTRAINED	0.5	10	0.3	250.0	249.7
20260712	0.1	24full	frontier_gpt4	COST_CONSTRAINED	1.0	3322	99.66	500.0	400.34000000000003
20260712	0.1	20raw	cheap_heuristic	F1	0.588235294117647	7	0.0007	250.0	249.9993
20260712	0.1	20raw	cheap_heuristic	VALUE	0.9999794000000001	103	0.0103	500.0	499.9897
20260712	0.1	20raw	cheap_heuristic	PREC_CONSTRAINED	0.7	14	0.0014	350.0	349.9986
20260712	0.1	20raw	cheap_heuristic	COST_CONSTRAINED	1.0	9838	0.9838	500.0	499.0162
20260712	0.1	20raw	small_open	F1	0.588235294117647	7	0.0042	250.0	249.9958
20260712	0.1	20raw	small_open	VALUE	0.9998764	103	0.061799999999999994	500.0	499.9382
20260712	0.1	20raw	small_open	PREC_CONSTRAINED	0.7	14	0.0084	350.0	349.9916
20260712	0.1	20raw	small_open	COST_CONSTRAINED	1.0	9838	5.902799999999999	500.0	494.0972
20260712	0.1	20raw	iter120_default	F1	0.588235294117647	7	0.007	250.0	249.993
20260712	0.1	20raw	iter120_default	VALUE	0.999794	103	0.10300000000000001	500.0	499.897
20260712	0.1	20raw	iter120_default	PREC_CONSTRAINED	0.7	14	0.014	350.0	349.986
20260712	0.1	20raw	iter120_default	COST_CONSTRAINED	1.0	9838	9.838000000000001	500.0	490.162
20260712	0.1	20raw	mid_tier	F1	0.588235294117647	7	0.035	250.0	249.965
20260712	0.1	20raw	mid_tier	VALUE	0.99897	103	0.515	500.0	499.485
20260712	0.1	20raw	mid_tier	PREC_CONSTRAINED	0.7	14	0.07	350.0	349.93
20260712	0.1	20raw	mid_tier	COST_CONSTRAINED	1.0	9838	49.19	500.0	450.81
20260712	0.1	20raw	frontier_gpt4	F1	0.588235294117647	7	0.21	250.0	249.79
20260712	0.1	20raw	frontier_gpt4	VALUE	0.99382	103	3.09	500.0	496.91
20260712	0.1	20raw	frontier_gpt4	PREC_CONSTRAINED	0.7	14	0.42	350.0	349.58
20260712	0.1	20raw	frontier_gpt4	COST_CONSTRAINED	1.0	3332	99.96	500.0	400.04
20260712	0.1	20raw+minmax	cheap_heuristic	F1	0.5714285714285715	4	0.0004	200.0	199.9996
20260712	0.1	20raw+minmax	cheap_heuristic	VALUE	0.9999838	81	0.0081	500.0	499.9919
20260712	0.1	20raw+minmax	cheap_heuristic	PREC_CONSTRAINED	0.5	10	0.001	250.0	249.999
20260712	0.1	20raw+minmax	cheap_heuristic	COST_CONSTRAINED	1.0	9849	0.9849	500.0	499.0151
20260712	0.1	20raw+minmax	small_open	F1	0.5714285714285715	4	0.0024	200.0	199.9976
20260712	0.1	20raw+minmax	small_open	VALUE	0.9999028	81	0.0486	500.0	499.9514
20260712	0.1	20raw+minmax	small_open	PREC_CONSTRAINED	0.5	10	0.005999999999999999	250.0	249.994
20260712	0.1	20raw+minmax	small_open	COST_CONSTRAINED	1.0	9849	5.9094	500.0	494.0906
20260712	0.1	20raw+minmax	iter120_default	F1	0.5714285714285715	4	0.004	200.0	199.996
20260712	0.1	20raw+minmax	iter120_default	VALUE	0.999838	81	0.081	500.0	499.919
20260712	0.1	20raw+minmax	iter120_default	PREC_CONSTRAINED	0.5	10	0.01	250.0	249.99
20260712	0.1	20raw+minmax	iter120_default	COST_CONSTRAINED	1.0	9849	9.849	500.0	490.151
20260712	0.1	20raw+minmax	mid_tier	F1	0.5714285714285715	4	0.02	200.0	199.98
20260712	0.1	20raw+minmax	mid_tier	VALUE	0.99919	81	0.405	500.0	499.595
20260712	0.1	20raw+minmax	mid_tier	PREC_CONSTRAINED	0.5	10	0.05	250.0	249.95
20260712	0.1	20raw+minmax	mid_tier	COST_CONSTRAINED	1.0	9849	49.245000000000005	500.0	450.755
20260712	0.1	20raw+minmax	frontier_gpt4	F1	0.5714285714285715	4	0.12	200.0	199.88
20260712	0.1	20raw+minmax	frontier_gpt4	VALUE	0.99514	81	2.4299999999999997	500.0	497.57
20260712	0.1	20raw+minmax	frontier_gpt4	PREC_CONSTRAINED	0.5	10	0.3	250.0	249.7
20260712	0.1	20raw+minmax	frontier_gpt4	COST_CONSTRAINED	1.0	3216	96.47999999999999	500.0	403.52
20260712	0.1	20raw+stat	cheap_heuristic	F1	0.588235294117647	7	0.0007	250.0	249.9993
20260712	0.1	20raw+stat	cheap_heuristic	VALUE	0.9999906	47	0.0047	500.0	499.9953
20260712	0.1	20raw+stat	cheap_heuristic	PREC_CONSTRAINED	0.5	10	0.001	250.0	249.999
20260712	0.1	20raw+stat	cheap_heuristic	COST_CONSTRAINED	1.0	9852	0.9852000000000001	500.0	499.0148
20260712	0.1	20raw+stat	small_open	F1	0.588235294117647	7	0.0042	250.0	249.9958
20260712	0.1	20raw+stat	small_open	VALUE	0.9999435999999999	47	0.028199999999999996	500.0	499.9718
20260712	0.1	20raw+stat	small_open	PREC_CONSTRAINED	0.5	10	0.005999999999999999	250.0	249.994
20260712	0.1	20raw+stat	small_open	COST_CONSTRAINED	1.0	9852	5.911199999999999	500.0	494.0888
20260712	0.1	20raw+stat	iter120_default	F1	0.588235294117647	7	0.007	250.0	249.993
20260712	0.1	20raw+stat	iter120_default	VALUE	0.999906	47	0.047	500.0	499.953
20260712	0.1	20raw+stat	iter120_default	PREC_CONSTRAINED	0.5	10	0.01	250.0	249.99
20260712	0.1	20raw+stat	iter120_default	COST_CONSTRAINED	1.0	9852	9.852	500.0	490.148
20260712	0.1	20raw+stat	mid_tier	F1	0.588235294117647	7	0.035	250.0	249.965
20260712	0.1	20raw+stat	mid_tier	VALUE	0.9995299999999999	47	0.23500000000000001	500.0	499.765
20260712	0.1	20raw+stat	mid_tier	PREC_CONSTRAINED	0.5	10	0.05	250.0	249.95
20260712	0.1	20raw+stat	mid_tier	COST_CONSTRAINED	1.0	9852	49.26	500.0	450.74
20260712	0.1	20raw+stat	frontier_gpt4	F1	0.588235294117647	7	0.21	250.0	249.79
20260712	0.1	20raw+stat	frontier_gpt4	VALUE	0.99718	47	1.41	500.0	498.59
20260712	0.1	20raw+stat	frontier_gpt4	PREC_CONSTRAINED	0.5	10	0.3	250.0	249.7
20260712	0.1	20raw+stat	frontier_gpt4	COST_CONSTRAINED	1.0	3320	99.6	500.0	400.4
20260712	0.05	24full	cheap_heuristic	F1	0.7499999999999999	3	0.00030000000000000003	150.0	149.9997
20260712	0.05	24full	cheap_heuristic	VALUE	0.9999808	48	0.0048000000000000004	250.0	249.9952
20260712	0.05	24full	cheap_heuristic	PREC_CONSTRAINED	0.6	6	0.0006000000000000001	150.0	149.9994
20260712	0.05	24full	cheap_heuristic	COST_CONSTRAINED	1.0	9854	0.9854	250.0	249.0146
20260712	0.05	24full	small_open	F1	0.7499999999999999	3	0.0018	150.0	149.9982
20260712	0.05	24full	small_open	VALUE	0.9998848	48	0.0288	250.0	249.9712
20260712	0.05	24full	small_open	PREC_CONSTRAINED	0.6	6	0.0036	150.0	149.9964
20260712	0.05	24full	small_open	COST_CONSTRAINED	1.0	9854	5.9124	250.0	244.0876
20260712	0.05	24full	iter120_default	F1	0.7499999999999999	3	0.003	150.0	149.997
20260712	0.05	24full	iter120_default	VALUE	0.999808	48	0.048	250.0	249.952
20260712	0.05	24full	iter120_default	PREC_CONSTRAINED	0.6	6	0.006	150.0	149.994
20260712	0.05	24full	iter120_default	COST_CONSTRAINED	1.0	9854	9.854000000000001	250.0	240.146
20260712	0.05	24full	mid_tier	F1	0.7499999999999999	3	0.015	150.0	149.985
20260712	0.05	24full	mid_tier	VALUE	0.9990399999999999	48	0.24	250.0	249.76
20260712	0.05	24full	mid_tier	PREC_CONSTRAINED	0.6	6	0.03	150.0	149.97
20260712	0.05	24full	mid_tier	COST_CONSTRAINED	1.0	9854	49.27	250.0	200.73
20260712	0.05	24full	frontier_gpt4	F1	0.7499999999999999	3	0.09	150.0	149.91
20260712	0.05	24full	frontier_gpt4	VALUE	0.99424	48	1.44	250.0	248.56
20260712	0.05	24full	frontier_gpt4	PREC_CONSTRAINED	0.6	6	0.18	150.0	149.82
20260712	0.05	24full	frontier_gpt4	COST_CONSTRAINED	1.0	1663	49.89	250.0	200.11
20260712	0.05	20raw	cheap_heuristic	F1	0.6	5	0.0005	150.0	149.9995
20260712	0.05	20raw	cheap_heuristic	VALUE	0.9999856	36	0.0036000000000000003	250.0	249.9964
20260712	0.05	20raw	cheap_heuristic	PREC_CONSTRAINED	0.6	5	0.0005	150.0	149.9995
20260712	0.05	20raw	cheap_heuristic	COST_CONSTRAINED	1.0	9833	0.9833000000000001	250.0	249.0167
20260712	0.05	20raw	small_open	F1	0.6	5	0.0029999999999999996	150.0	149.997
20260712	0.05	20raw	small_open	VALUE	0.9999136	36	0.021599999999999998	250.0	249.9784
20260712	0.05	20raw	small_open	PREC_CONSTRAINED	0.6	5	0.0029999999999999996	150.0	149.997
20260712	0.05	20raw	small_open	COST_CONSTRAINED	1.0	9833	5.899799999999999	250.0	244.1002
20260712	0.05	20raw	iter120_default	F1	0.6	5	0.005	150.0	149.995
20260712	0.05	20raw	iter120_default	VALUE	0.999856	36	0.036000000000000004	250.0	249.964
20260712	0.05	20raw	iter120_default	PREC_CONSTRAINED	0.6	5	0.005	150.0	149.995
20260712	0.05	20raw	iter120_default	COST_CONSTRAINED	1.0	9833	9.833	250.0	240.167
20260712	0.05	20raw	mid_tier	F1	0.6	5	0.025	150.0	149.975
20260712	0.05	20raw	mid_tier	VALUE	0.99928	36	0.18	250.0	249.82
20260712	0.05	20raw	mid_tier	PREC_CONSTRAINED	0.6	5	0.025	150.0	149.975
20260712	0.05	20raw	mid_tier	COST_CONSTRAINED	1.0	9833	49.165	250.0	200.835
20260712	0.05	20raw	frontier_gpt4	F1	0.6	5	0.15	150.0	149.85
20260712	0.05	20raw	frontier_gpt4	VALUE	0.9956799999999999	36	1.08	250.0	248.92
20260712	0.05	20raw	frontier_gpt4	PREC_CONSTRAINED	0.6	5	0.15	150.0	149.85
20260712	0.05	20raw	frontier_gpt4	COST_CONSTRAINED	1.0	1654	49.62	250.0	200.38
20260712	0.05	20raw+minmax	cheap_heuristic	F1	0.5714285714285715	2	0.0002	100.0	99.9998
20260712	0.05	20raw+minmax	cheap_heuristic	VALUE	0.9999904000000001	24	0.0024000000000000002	250.0	249.9976
20260712	0.05	20raw+minmax	cheap_heuristic	PREC_CONSTRAINED	0.6	6	0.0006000000000000001	150.0	149.9994
20260712	0.05	20raw+minmax	cheap_heuristic	COST_CONSTRAINED	1.0	9844	0.9844	250.0	249.0156
20260712	0.05	20raw+minmax	small_open	F1	0.5714285714285715	2	0.0012	100.0	99.9988
20260712	0.05	20raw+minmax	small_open	VALUE	0.9999424	24	0.0144	250.0	249.9856
20260712	0.05	20raw+minmax	small_open	PREC_CONSTRAINED	0.6	6	0.0036	150.0	149.9964
20260712	0.05	20raw+minmax	small_open	COST_CONSTRAINED	1.0	9844	5.9064	250.0	244.0936
20260712	0.05	20raw+minmax	iter120_default	F1	0.5714285714285715	2	0.002	100.0	99.998
20260712	0.05	20raw+minmax	iter120_default	VALUE	0.999904	24	0.024	250.0	249.976
20260712	0.05	20raw+minmax	iter120_default	PREC_CONSTRAINED	0.6	6	0.006	150.0	149.994
20260712	0.05	20raw+minmax	iter120_default	COST_CONSTRAINED	1.0	9844	9.844	250.0	240.156
20260712	0.05	20raw+minmax	mid_tier	F1	0.5714285714285715	2	0.01	100.0	99.99
20260712	0.05	20raw+minmax	mid_tier	VALUE	0.99952	24	0.12	250.0	249.88
20260712	0.05	20raw+minmax	mid_tier	PREC_CONSTRAINED	0.6	6	0.03	150.0	149.97
20260712	0.05	20raw+minmax	mid_tier	COST_CONSTRAINED	1.0	9844	49.22	250.0	200.78
20260712	0.05	20raw+minmax	frontier_gpt4	F1	0.5714285714285715	2	0.06	100.0	99.94
20260712	0.05	20raw+minmax	frontier_gpt4	VALUE	0.99712	24	0.72	250.0	249.28
20260712	0.05	20raw+minmax	frontier_gpt4	PREC_CONSTRAINED	0.6	6	0.18	150.0	149.82
20260712	0.05	20raw+minmax	frontier_gpt4	COST_CONSTRAINED	1.0	1657	49.71	250.0	200.29
20260712	0.05	20raw+stat	cheap_heuristic	F1	0.7499999999999999	3	0.00030000000000000003	150.0	149.9997
20260712	0.05	20raw+stat	cheap_heuristic	VALUE	0.9999644	89	0.0089	250.0	249.9911
20260712	0.05	20raw+stat	cheap_heuristic	PREC_CONSTRAINED	0.6	6	0.0006000000000000001	150.0	149.9994
20260712	0.05	20raw+stat	cheap_heuristic	COST_CONSTRAINED	1.0	9847	0.9847	250.0	249.0153
20260712	0.05	20raw+stat	small_open	F1	0.7499999999999999	3	0.0018	150.0	149.9982
20260712	0.05	20raw+stat	small_open	VALUE	0.9997864	89	0.053399999999999996	250.0	249.9466
20260712	0.05	20raw+stat	small_open	PREC_CONSTRAINED	0.6	6	0.0036	150.0	149.9964
20260712	0.05	20raw+stat	small_open	COST_CONSTRAINED	1.0	9847	5.9082	250.0	244.0918
20260712	0.05	20raw+stat	iter120_default	F1	0.7499999999999999	3	0.003	150.0	149.997
20260712	0.05	20raw+stat	iter120_default	VALUE	0.999644	89	0.089	250.0	249.911
20260712	0.05	20raw+stat	iter120_default	PREC_CONSTRAINED	0.6	6	0.006	150.0	149.994
20260712	0.05	20raw+stat	iter120_default	COST_CONSTRAINED	1.0	9847	9.847	250.0	240.153
20260712	0.05	20raw+stat	mid_tier	F1	0.7499999999999999	3	0.015	150.0	149.985
20260712	0.05	20raw+stat	mid_tier	VALUE	0.99822	89	0.445	250.0	249.555
20260712	0.05	20raw+stat	mid_tier	PREC_CONSTRAINED	0.6	6	0.03	150.0	149.97
20260712	0.05	20raw+stat	mid_tier	COST_CONSTRAINED	1.0	9847	49.235	250.0	200.765
20260712	0.05	20raw+stat	frontier_gpt4	F1	0.7499999999999999	3	0.09	150.0	149.91
20260712	0.05	20raw+stat	frontier_gpt4	VALUE	0.9893200000000001	89	2.67	250.0	247.33
20260712	0.05	20raw+stat	frontier_gpt4	PREC_CONSTRAINED	0.6	6	0.18	150.0	149.82
20260712	0.05	20raw+stat	frontier_gpt4	COST_CONSTRAINED	1.0	1646	49.379999999999995	250.0	200.62
20260714	1.44	24full	cheap_heuristic	F1	0.8472222222222222	144	0.014400000000000001	6100.0	6099.9856
20260714	1.44	24full	cheap_heuristic	VALUE	0.9999952777777779	340	0.034	7200.0	7199.966
20260714	1.44	24full	cheap_heuristic	PREC_CONSTRAINED	0.9861111111111112	281	0.0281	7100.0	7099.9719
20260714	1.44	24full	cheap_heuristic	COST_CONSTRAINED	1.0	9988	0.9988	7200.0	7199.0012
20260714	1.44	24full	small_open	F1	0.8472222222222222	144	0.08639999999999999	6100.0	6099.9136
20260714	1.44	24full	small_open	VALUE	0.9999716666666667	340	0.204	7200.0	7199.796
20260714	1.44	24full	small_open	PREC_CONSTRAINED	0.9861111111111112	281	0.16859999999999997	7100.0	7099.8314
20260714	1.44	24full	small_open	COST_CONSTRAINED	1.0	9988	5.9928	7200.0	7194.0072
20260714	1.44	24full	iter120_default	F1	0.8472222222222222	144	0.14400000000000002	6100.0	6099.856
20260714	1.44	24full	iter120_default	VALUE	0.9999527777777778	340	0.34	7200.0	7199.66
20260714	1.44	24full	iter120_default	PREC_CONSTRAINED	0.9861111111111112	281	0.281	7100.0	7099.719
20260714	1.44	24full	iter120_default	COST_CONSTRAINED	1.0	9988	9.988	7200.0	7190.012
20260714	1.44	24full	mid_tier	F1	0.8472222222222222	144	0.72	6100.0	6099.28
20260714	1.44	24full	mid_tier	VALUE	0.9997638888888889	340	1.7	7200.0	7198.3
20260714	1.44	24full	mid_tier	PREC_CONSTRAINED	0.9861111111111112	281	1.405	7100.0	7098.595
20260714	1.44	24full	mid_tier	COST_CONSTRAINED	1.0	9988	49.94	7200.0	7150.06
20260714	1.44	24full	frontier_gpt4	F1	0.8472222222222222	144	4.32	6100.0	6095.68
20260714	1.44	24full	frontier_gpt4	VALUE	0.9985833333333334	340	10.2	7200.0	7189.8
20260714	1.44	24full	frontier_gpt4	PREC_CONSTRAINED	0.9861111111111112	281	8.43	7100.0	7091.57
20260714	1.44	24full	frontier_gpt4	COST_CONSTRAINED	1.0	9988	299.64	7200.0	6900.36
20260714	1.44	20raw	cheap_heuristic	F1	0.8026315789473685	160	0.016	6100.0	6099.984
20260714	1.44	20raw	cheap_heuristic	VALUE	0.9999933472222223	479	0.047900000000000005	7200.0	7199.9521
20260714	1.44	20raw	cheap_heuristic	PREC_CONSTRAINED	0.9930555555555556	286	0.0286	7150.0	7149.9714
20260714	1.44	20raw	cheap_heuristic	COST_CONSTRAINED	1.0	9982	0.9982000000000001	7200.0	7199.0018
20260714	1.44	20raw	small_open	F1	0.8026315789473685	160	0.09599999999999999	6100.0	6099.904
20260714	1.44	20raw	small_open	VALUE	0.9999600833333333	479	0.2874	7200.0	7199.7126
20260714	1.44	20raw	small_open	PREC_CONSTRAINED	0.9930555555555556	286	0.17159999999999997	7150.0	7149.8284
20260714	1.44	20raw	small_open	COST_CONSTRAINED	1.0	9982	5.989199999999999	7200.0	7194.0108
20260714	1.44	20raw	iter120_default	F1	0.8026315789473685	160	0.16	6100.0	6099.84
20260714	1.44	20raw	iter120_default	VALUE	0.9999334722222222	479	0.47900000000000004	7200.0	7199.521
20260714	1.44	20raw	iter120_default	PREC_CONSTRAINED	0.9930555555555556	286	0.28600000000000003	7150.0	7149.714
20260714	1.44	20raw	iter120_default	COST_CONSTRAINED	1.0	9982	9.982000000000001	7200.0	7190.018
20260714	1.44	20raw	mid_tier	F1	0.8026315789473685	160	0.8	6100.0	6099.2
20260714	1.44	20raw	mid_tier	VALUE	0.9996673611111111	479	2.395	7200.0	7197.605
20260714	1.44	20raw	mid_tier	PREC_CONSTRAINED	0.9930555555555556	286	1.43	7150.0	7148.57
20260714	1.44	20raw	mid_tier	COST_CONSTRAINED	1.0	9982	49.910000000000004	7200.0	7150.09
20260714	1.44	20raw	frontier_gpt4	F1	0.8026315789473685	160	4.8	6100.0	6095.2
20260714	1.44	20raw	frontier_gpt4	VALUE	0.9980041666666667	479	14.37	7200.0	7185.63
20260714	1.44	20raw	frontier_gpt4	PREC_CONSTRAINED	0.9930555555555556	286	8.58	7150.0	7141.42
20260714	1.44	20raw	frontier_gpt4	COST_CONSTRAINED	1.0	9982	299.46	7200.0	6900.54
20260714	1.44	20raw+minmax	cheap_heuristic	F1	0.8126984126984127	171	0.0171	6400.0	6399.9829
20260714	1.44	20raw+minmax	cheap_heuristic	VALUE	0.9999963194444444	265	0.026500000000000003	7200.0	7199.9735
20260714	1.44	20raw+minmax	cheap_heuristic	PREC_CONSTRAINED	1.0	287	0.0287	7200.0	7199.9713
20260714	1.44	20raw+minmax	cheap_heuristic	COST_CONSTRAINED	1.0	9993	0.9993000000000001	7200.0	7199.0007
20260714	1.44	20raw+minmax	small_open	F1	0.8126984126984127	171	0.1026	6400.0	6399.8974
20260714	1.44	20raw+minmax	small_open	VALUE	0.9999779166666667	265	0.15899999999999997	7200.0	7199.841
20260714	1.44	20raw+minmax	small_open	PREC_CONSTRAINED	1.0	287	0.1722	7200.0	7199.8278
20260714	1.44	20raw+minmax	small_open	COST_CONSTRAINED	1.0	9993	5.995799999999999	7200.0	7194.0042
20260714	1.44	20raw+minmax	iter120_default	F1	0.8126984126984127	171	0.171	6400.0	6399.829
20260714	1.44	20raw+minmax	iter120_default	VALUE	0.9999631944444444	265	0.265	7200.0	7199.735
20260714	1.44	20raw+minmax	iter120_default	PREC_CONSTRAINED	1.0	287	0.28700000000000003	7200.0	7199.713
20260714	1.44	20raw+minmax	iter120_default	COST_CONSTRAINED	1.0	9993	9.993	7200.0	7190.007
20260714	1.44	20raw+minmax	mid_tier	F1	0.8126984126984127	171	0.855	6400.0	6399.145
20260714	1.44	20raw+minmax	mid_tier	VALUE	0.9998159722222223	265	1.325	7200.0	7198.675
20260714	1.44	20raw+minmax	mid_tier	PREC_CONSTRAINED	1.0	287	1.435	7200.0	7198.565
20260714	1.44	20raw+minmax	mid_tier	COST_CONSTRAINED	1.0	9993	49.965	7200.0	7150.035
20260714	1.44	20raw+minmax	frontier_gpt4	F1	0.8126984126984127	171	5.13	6400.0	6394.87
20260714	1.44	20raw+minmax	frontier_gpt4	VALUE	0.9988958333333333	265	7.949999999999999	7200.0	7192.05
20260714	1.44	20raw+minmax	frontier_gpt4	PREC_CONSTRAINED	1.0	287	8.61	7200.0	7191.39
20260714	1.44	20raw+minmax	frontier_gpt4	COST_CONSTRAINED	1.0	9993	299.78999999999996	7200.0	6900.21
20260714	1.44	20raw+stat	cheap_heuristic	F1	0.813664596273292	178	0.0178	6550.0	6549.9822
20260714	1.44	20raw+stat	cheap_heuristic	VALUE	0.999994625	387	0.038700000000000005	7200.0	7199.9613
20260714	1.44	20raw+stat	cheap_heuristic	PREC_CONSTRAINED	0.9791666666666666	279	0.0279	7050.0	7049.9721
20260714	1.44	20raw+stat	cheap_heuristic	COST_CONSTRAINED	1.0	9985	0.9985	7200.0	7199.0015
20260714	1.44	20raw+stat	small_open	F1	0.813664596273292	178	0.10679999999999999	6550.0	6549.8932
20260714	1.44	20raw+stat	small_open	VALUE	0.9999677499999999	387	0.2322	7200.0	7199.7678
20260714	1.44	20raw+stat	small_open	PREC_CONSTRAINED	0.9791666666666666	279	0.1674	7050.0	7049.8326
20260714	1.44	20raw+stat	small_open	COST_CONSTRAINED	1.0	9985	5.991	7200.0	7194.009
20260714	1.44	20raw+stat	iter120_default	F1	0.813664596273292	178	0.178	6550.0	6549.822
20260714	1.44	20raw+stat	iter120_default	VALUE	0.99994625	387	0.387	7200.0	7199.613
20260714	1.44	20raw+stat	iter120_default	PREC_CONSTRAINED	0.9791666666666666	279	0.279	7050.0	7049.721
20260714	1.44	20raw+stat	iter120_default	COST_CONSTRAINED	1.0	9985	9.985	7200.0	7190.015
20260714	1.44	20raw+stat	mid_tier	F1	0.813664596273292	178	0.89	6550.0	6549.11
20260714	1.44	20raw+stat	mid_tier	VALUE	0.99973125	387	1.935	7200.0	7198.065
20260714	1.44	20raw+stat	mid_tier	PREC_CONSTRAINED	0.9791666666666666	279	1.395	7050.0	7048.605
20260714	1.44	20raw+stat	mid_tier	COST_CONSTRAINED	1.0	9985	49.925000000000004	7200.0	7150.075
20260714	1.44	20raw+stat	frontier_gpt4	F1	0.813664596273292	178	5.34	6550.0	6544.66
20260714	1.44	20raw+stat	frontier_gpt4	VALUE	0.9983875000000001	387	11.61	7200.0	7188.39
20260714	1.44	20raw+stat	frontier_gpt4	PREC_CONSTRAINED	0.9791666666666666	279	8.37	7050.0	7041.63
20260714	1.44	20raw+stat	frontier_gpt4	COST_CONSTRAINED	1.0	9985	299.55	7200.0	6900.45
20260714	1.0	24full	cheap_heuristic	F1	0.8205128205128205	95	0.0095	4000.0	3999.9905
20260714	1.0	24full	cheap_heuristic	VALUE	0.99999408	296	0.0296	5000.0	4999.9704
20260714	1.0	24full	cheap_heuristic	PREC_CONSTRAINED	0.99	196	0.0196	4950.0	4949.9804
20260714	1.0	24full	cheap_heuristic	COST_CONSTRAINED	1.0	9944	0.9944000000000001	5000.0	4999.0056
20260714	1.0	24full	small_open	F1	0.8205128205128205	95	0.056999999999999995	4000.0	3999.943
20260714	1.0	24full	small_open	VALUE	0.99996448	296	0.17759999999999998	5000.0	4999.8224
20260714	1.0	24full	small_open	PREC_CONSTRAINED	0.99	196	0.1176	4950.0	4949.8824
20260714	1.0	24full	small_open	COST_CONSTRAINED	1.0	9944	5.966399999999999	5000.0	4994.0336
20260714	1.0	24full	iter120_default	F1	0.8205128205128205	95	0.095	4000.0	3999.905
20260714	1.0	24full	iter120_default	VALUE	0.9999408	296	0.296	5000.0	4999.704
20260714	1.0	24full	iter120_default	PREC_CONSTRAINED	0.99	196	0.196	4950.0	4949.804
20260714	1.0	24full	iter120_default	COST_CONSTRAINED	1.0	9944	9.944	5000.0	4990.056
20260714	1.0	24full	mid_tier	F1	0.8205128205128205	95	0.47500000000000003	4000.0	3999.525
20260714	1.0	24full	mid_tier	VALUE	0.999704	296	1.48	5000.0	4998.52
20260714	1.0	24full	mid_tier	PREC_CONSTRAINED	0.99	196	0.98	4950.0	4949.02
20260714	1.0	24full	mid_tier	COST_CONSTRAINED	1.0	9944	49.72	5000.0	4950.28
20260714	1.0	24full	frontier_gpt4	F1	0.8205128205128205	95	2.85	4000.0	3997.15
20260714	1.0	24full	frontier_gpt4	VALUE	0.998224	296	8.879999999999999	5000.0	4991.12
20260714	1.0	24full	frontier_gpt4	PREC_CONSTRAINED	0.99	196	5.88	4950.0	4944.12
20260714	1.0	24full	frontier_gpt4	COST_CONSTRAINED	1.0	9944	298.32	5000.0	4701.68
20260714	1.0	20raw	cheap_heuristic	F1	0.7678571428571428	124	0.012400000000000001	4300.0	4299.9876
20260714	1.0	20raw	cheap_heuristic	VALUE	0.9999913	435	0.043500000000000004	5000.0	4999.9565
20260714	1.0	20raw	cheap_heuristic	PREC_CONSTRAINED	0.99	197	0.019700000000000002	4950.0	4949.9803
20260714	1.0	20raw	cheap_heuristic	COST_CONSTRAINED	1.0	9938	0.9938	5000.0	4999.0062
20260714	1.0	20raw	small_open	F1	0.7678571428571428	124	0.0744	4300.0	4299.9256
20260714	1.0	20raw	small_open	VALUE	0.9999477999999999	435	0.26099999999999995	5000.0	4999.739
20260714	1.0	20raw	small_open	PREC_CONSTRAINED	0.99	197	0.11819999999999999	4950.0	4949.8818
20260714	1.0	20raw	small_open	COST_CONSTRAINED	1.0	9938	5.9628	5000.0	4994.0372
20260714	1.0	20raw	iter120_default	F1	0.7678571428571428	124	0.124	4300.0	4299.876
20260714	1.0	20raw	iter120_default	VALUE	0.9999129999999999	435	0.435	5000.0	4999.565
20260714	1.0	20raw	iter120_default	PREC_CONSTRAINED	0.99	197	0.197	4950.0	4949.803
20260714	1.0	20raw	iter120_default	COST_CONSTRAINED	1.0	9938	9.938	5000.0	4990.062
20260714	1.0	20raw	mid_tier	F1	0.7678571428571428	124	0.62	4300.0	4299.38
20260714	1.0	20raw	mid_tier	VALUE	0.9995649999999999	435	2.1750000000000003	5000.0	4997.825
20260714	1.0	20raw	mid_tier	PREC_CONSTRAINED	0.99	197	0.985	4950.0	4949.015
20260714	1.0	20raw	mid_tier	COST_CONSTRAINED	1.0	9938	49.69	5000.0	4950.31
20260714	1.0	20raw	frontier_gpt4	F1	0.7678571428571428	124	3.7199999999999998	4300.0	4296.28
20260714	1.0	20raw	frontier_gpt4	VALUE	0.99739	435	13.049999999999999	5000.0	4986.95
20260714	1.0	20raw	frontier_gpt4	PREC_CONSTRAINED	0.99	197	5.91	4950.0	4944.09
20260714	1.0	20raw	frontier_gpt4	COST_CONSTRAINED	1.0	9938	298.14	5000.0	4701.86
20260714	1.0	20raw+minmax	cheap_heuristic	F1	0.7751196172248804	109	0.0109	4050.0	4049.9891
20260714	1.0	20raw+minmax	cheap_heuristic	VALUE	0.99999558	221	0.0221	5000.0	4999.9779
20260714	1.0	20raw+minmax	cheap_heuristic	PREC_CONSTRAINED	0.98	194	0.0194	4900.0	4899.9806
20260714	1.0	20raw+minmax	cheap_heuristic	COST_CONSTRAINED	1.0	9949	0.9949	5000.0	4999.0051
20260714	1.0	20raw+minmax	small_open	F1	0.7751196172248804	109	0.0654	4050.0	4049.9346
20260714	1.0	20raw+minmax	small_open	VALUE	0.99997348	221	0.1326	5000.0	4999.8674
20260714	1.0	20raw+minmax	small_open	PREC_CONSTRAINED	0.98	194	0.11639999999999999	4900.0	4899.8836
20260714	1.0	20raw+minmax	small_open	COST_CONSTRAINED	1.0	9949	5.969399999999999	5000.0	4994.0306
20260714	1.0	20raw+minmax	iter120_default	F1	0.7751196172248804	109	0.109	4050.0	4049.891
20260714	1.0	20raw+minmax	iter120_default	VALUE	0.9999558000000001	221	0.221	5000.0	4999.779
20260714	1.0	20raw+minmax	iter120_default	PREC_CONSTRAINED	0.98	194	0.194	4900.0	4899.806
20260714	1.0	20raw+minmax	iter120_default	COST_CONSTRAINED	1.0	9949	9.949	5000.0	4990.051
20260714	1.0	20raw+minmax	mid_tier	F1	0.7751196172248804	109	0.545	4050.0	4049.455
20260714	1.0	20raw+minmax	mid_tier	VALUE	0.9997790000000001	221	1.105	5000.0	4998.895
20260714	1.0	20raw+minmax	mid_tier	PREC_CONSTRAINED	0.98	194	0.97	4900.0	4899.03
20260714	1.0	20raw+minmax	mid_tier	COST_CONSTRAINED	1.0	9949	49.745000000000005	5000.0	4950.255
20260714	1.0	20raw+minmax	frontier_gpt4	F1	0.7751196172248804	109	3.27	4050.0	4046.73
20260714	1.0	20raw+minmax	frontier_gpt4	VALUE	0.998674	221	6.63	5000.0	4993.37
20260714	1.0	20raw+minmax	frontier_gpt4	PREC_CONSTRAINED	0.98	194	5.819999999999999	4900.0	4894.18
20260714	1.0	20raw+minmax	frontier_gpt4	COST_CONSTRAINED	1.0	9949	298.46999999999997	5000.0	4701.53
20260714	1.0	20raw+stat	cheap_heuristic	F1	0.8078817733990147	103	0.0103	4100.0	4099.9897
20260714	1.0	20raw+stat	cheap_heuristic	VALUE	0.9999945	275	0.0275	5000.0	4999.9725
20260714	1.0	20raw+stat	cheap_heuristic	PREC_CONSTRAINED	0.98	196	0.0196	4900.0	4899.9804
20260714	1.0	20raw+stat	cheap_heuristic	COST_CONSTRAINED	1.0	9941	0.9941000000000001	5000.0	4999.0059
20260714	1.0	20raw+stat	small_open	F1	0.8078817733990147	103	0.061799999999999994	4100.0	4099.9382
20260714	1.0	20raw+stat	small_open	VALUE	0.999967	275	0.16499999999999998	5000.0	4999.835
20260714	1.0	20raw+stat	small_open	PREC_CONSTRAINED	0.98	196	0.1176	4900.0	4899.8824
20260714	1.0	20raw+stat	small_open	COST_CONSTRAINED	1.0	9941	5.9646	5000.0	4994.0354
20260714	1.0	20raw+stat	iter120_default	F1	0.8078817733990147	103	0.10300000000000001	4100.0	4099.897
20260714	1.0	20raw+stat	iter120_default	VALUE	0.9999450000000001	275	0.275	5000.0	4999.725
20260714	1.0	20raw+stat	iter120_default	PREC_CONSTRAINED	0.98	196	0.196	4900.0	4899.804
20260714	1.0	20raw+stat	iter120_default	COST_CONSTRAINED	1.0	9941	9.941	5000.0	4990.059
20260714	1.0	20raw+stat	mid_tier	F1	0.8078817733990147	103	0.515	4100.0	4099.485
20260714	1.0	20raw+stat	mid_tier	VALUE	0.999725	275	1.375	5000.0	4998.625
20260714	1.0	20raw+stat	mid_tier	PREC_CONSTRAINED	0.98	196	0.98	4900.0	4899.02
20260714	1.0	20raw+stat	mid_tier	COST_CONSTRAINED	1.0	9941	49.705	5000.0	4950.295
20260714	1.0	20raw+stat	frontier_gpt4	F1	0.8078817733990147	103	3.09	4100.0	4096.91
20260714	1.0	20raw+stat	frontier_gpt4	VALUE	0.99835	275	8.25	5000.0	4991.75
20260714	1.0	20raw+stat	frontier_gpt4	PREC_CONSTRAINED	0.98	196	5.88	4900.0	4894.12
20260714	1.0	20raw+stat	frontier_gpt4	COST_CONSTRAINED	1.0	9941	298.22999999999996	5000.0	4701.77
20260714	0.5	24full	cheap_heuristic	F1	0.7850467289719626	57	0.0057	2100.0	2099.9943
20260714	0.5	24full	cheap_heuristic	VALUE	0.9999952799999999	118	0.0118	2500.0	2499.9882
20260714	0.5	24full	cheap_heuristic	PREC_CONSTRAINED	0.98	98	0.0098	2450.0	2449.9902
20260714	0.5	24full	cheap_heuristic	COST_CONSTRAINED	1.0	9894	0.9894000000000001	2500.0	2499.0106
20260714	0.5	24full	small_open	F1	0.7850467289719626	57	0.034199999999999994	2100.0	2099.9658
20260714	0.5	24full	small_open	VALUE	0.99997168	118	0.07079999999999999	2500.0	2499.9292
20260714	0.5	24full	small_open	PREC_CONSTRAINED	0.98	98	0.0588	2450.0	2449.9412
20260714	0.5	24full	small_open	COST_CONSTRAINED	1.0	9894	5.9364	2500.0	2494.0636
20260714	0.5	24full	iter120_default	F1	0.7850467289719626	57	0.057	2100.0	2099.943
20260714	0.5	24full	iter120_default	VALUE	0.9999528	118	0.11800000000000001	2500.0	2499.882
20260714	0.5	24full	iter120_default	PREC_CONSTRAINED	0.98	98	0.098	2450.0	2449.902
20260714	0.5	24full	iter120_default	COST_CONSTRAINED	1.0	9894	9.894	2500.0	2490.106
20260714	0.5	24full	mid_tier	F1	0.7850467289719626	57	0.28500000000000003	2100.0	2099.715
20260714	0.5	24full	mid_tier	VALUE	0.999764	118	0.59	2500.0	2499.41
20260714	0.5	24full	mid_tier	PREC_CONSTRAINED	0.98	98	0.49	2450.0	2449.51
20260714	0.5	24full	mid_tier	COST_CONSTRAINED	1.0	9894	49.47	2500.0	2450.53
20260714	0.5	24full	frontier_gpt4	F1	0.7850467289719626	57	1.71	2100.0	2098.29
20260714	0.5	24full	frontier_gpt4	VALUE	0.998584	118	3.54	2500.0	2496.46
20260714	0.5	24full	frontier_gpt4	PREC_CONSTRAINED	0.98	98	2.94	2450.0	2447.06
20260714	0.5	24full	frontier_gpt4	COST_CONSTRAINED	1.0	9894	296.82	2500.0	2203.18
20260714	0.5	20raw	cheap_heuristic	F1	0.6837606837606838	67	0.0067	2000.0	1999.9933
20260714	0.5	20raw	cheap_heuristic	VALUE	0.9999944	140	0.014	2500.0	2499.986
20260714	0.5	20raw	cheap_heuristic	PREC_CONSTRAINED	0.84	84	0.008400000000000001	2100.0	2099.9916
20260714	0.5	20raw	cheap_heuristic	COST_CONSTRAINED	1.0	9888	0.9888	2500.0	2499.0112
20260714	0.5	20raw	small_open	F1	0.6837606837606838	67	0.0402	2000.0	1999.9598
20260714	0.5	20raw	small_open	VALUE	0.9999664	140	0.08399999999999999	2500.0	2499.916
20260714	0.5	20raw	small_open	PREC_CONSTRAINED	0.84	84	0.05039999999999999	2100.0	2099.9496
20260714	0.5	20raw	small_open	COST_CONSTRAINED	1.0	9888	5.932799999999999	2500.0	2494.0672
20260714	0.5	20raw	iter120_default	F1	0.6837606837606838	67	0.067	2000.0	1999.933
20260714	0.5	20raw	iter120_default	VALUE	0.999944	140	0.14	2500.0	2499.86
20260714	0.5	20raw	iter120_default	PREC_CONSTRAINED	0.84	84	0.084	2100.0	2099.916
20260714	0.5	20raw	iter120_default	COST_CONSTRAINED	1.0	9888	9.888	2500.0	2490.112
20260714	0.5	20raw	mid_tier	F1	0.6837606837606838	67	0.335	2000.0	1999.665
20260714	0.5	20raw	mid_tier	VALUE	0.99972	140	0.7000000000000001	2500.0	2499.3
20260714	0.5	20raw	mid_tier	PREC_CONSTRAINED	0.84	84	0.42	2100.0	2099.58
20260714	0.5	20raw	mid_tier	COST_CONSTRAINED	1.0	9888	49.44	2500.0	2450.56
20260714	0.5	20raw	frontier_gpt4	F1	0.6837606837606838	67	2.01	2000.0	1997.99
20260714	0.5	20raw	frontier_gpt4	VALUE	0.9983200000000001	140	4.2	2500.0	2495.8
20260714	0.5	20raw	frontier_gpt4	PREC_CONSTRAINED	0.84	84	2.52	2100.0	2097.48
20260714	0.5	20raw	frontier_gpt4	COST_CONSTRAINED	1.0	9888	296.64	2500.0	2203.36
20260714	0.5	20raw+minmax	cheap_heuristic	F1	0.7207207207207207	61	0.0061	2000.0	1999.9939
20260714	0.5	20raw+minmax	cheap_heuristic	VALUE	0.9999938399999999	154	0.0154	2500.0	2499.9846
20260714	0.5	20raw+minmax	cheap_heuristic	PREC_CONSTRAINED	0.9	90	0.009000000000000001	2250.0	2249.991
20260714	0.5	20raw+minmax	cheap_heuristic	COST_CONSTRAINED	1.0	9899	0.9899	2500.0	2499.0101
20260714	0.5	20raw+minmax	small_open	F1	0.7207207207207207	61	0.036599999999999994	2000.0	1999.9634
20260714	0.5	20raw+minmax	small_open	VALUE	0.99996304	154	0.0924	2500.0	2499.9076
20260714	0.5	20raw+minmax	small_open	PREC_CONSTRAINED	0.9	90	0.05399999999999999	2250.0	2249.946
20260714	0.5	20raw+minmax	small_open	COST_CONSTRAINED	1.0	9899	5.939399999999999	2500.0	2494.0606
20260714	0.5	20raw+minmax	iter120_default	F1	0.7207207207207207	61	0.061	2000.0	1999.939
20260714	0.5	20raw+minmax	iter120_default	VALUE	0.9999384	154	0.154	2500.0	2499.846
20260714	0.5	20raw+minmax	iter120_default	PREC_CONSTRAINED	0.9	90	0.09	2250.0	2249.91
20260714	0.5	20raw+minmax	iter120_default	COST_CONSTRAINED	1.0	9899	9.899000000000001	2500.0	2490.101
20260714	0.5	20raw+minmax	mid_tier	F1	0.7207207207207207	61	0.305	2000.0	1999.695
20260714	0.5	20raw+minmax	mid_tier	VALUE	0.999692	154	0.77	2500.0	2499.23
20260714	0.5	20raw+minmax	mid_tier	PREC_CONSTRAINED	0.9	90	0.45	2250.0	2249.55
20260714	0.5	20raw+minmax	mid_tier	COST_CONSTRAINED	1.0	9899	49.495000000000005	2500.0	2450.505
20260714	0.5	20raw+minmax	frontier_gpt4	F1	0.7207207207207207	61	1.8299999999999998	2000.0	1998.17
20260714	0.5	20raw+minmax	frontier_gpt4	VALUE	0.998152	154	4.62	2500.0	2495.38
20260714	0.5	20raw+minmax	frontier_gpt4	PREC_CONSTRAINED	0.9	90	2.6999999999999997	2250.0	2247.3
20260714	0.5	20raw+minmax	frontier_gpt4	COST_CONSTRAINED	1.0	9899	296.96999999999997	2500.0	2203.03
20260714	0.5	20raw+stat	cheap_heuristic	F1	0.6981132075471698	56	0.0056	1850.0	1849.9944
20260714	0.5	20raw+stat	cheap_heuristic	VALUE	0.9999918	205	0.0205	2500.0	2499.9795
20260714	0.5	20raw+stat	cheap_heuristic	PREC_CONSTRAINED	0.94	94	0.0094	2350.0	2349.9906
20260714	0.5	20raw+stat	cheap_heuristic	COST_CONSTRAINED	1.0	9891	0.9891000000000001	2500.0	2499.0109
20260714	0.5	20raw+stat	small_open	F1	0.6981132075471698	56	0.0336	1850.0	1849.9664
20260714	0.5	20raw+stat	small_open	VALUE	0.9999508	205	0.12299999999999998	2500.0	2499.877
20260714	0.5	20raw+stat	small_open	PREC_CONSTRAINED	0.94	94	0.05639999999999999	2350.0	2349.9436
20260714	0.5	20raw+stat	small_open	COST_CONSTRAINED	1.0	9891	5.9346	2500.0	2494.0654
20260714	0.5	20raw+stat	iter120_default	F1	0.6981132075471698	56	0.056	1850.0	1849.944
20260714	0.5	20raw+stat	iter120_default	VALUE	0.9999180000000001	205	0.20500000000000002	2500.0	2499.795
20260714	0.5	20raw+stat	iter120_default	PREC_CONSTRAINED	0.94	94	0.094	2350.0	2349.906
20260714	0.5	20raw+stat	iter120_default	COST_CONSTRAINED	1.0	9891	9.891	2500.0	2490.109
20260714	0.5	20raw+stat	mid_tier	F1	0.6981132075471698	56	0.28	1850.0	1849.72
20260714	0.5	20raw+stat	mid_tier	VALUE	0.99959	205	1.025	2500.0	2498.975
20260714	0.5	20raw+stat	mid_tier	PREC_CONSTRAINED	0.94	94	0.47000000000000003	2350.0	2349.53
20260714	0.5	20raw+stat	mid_tier	COST_CONSTRAINED	1.0	9891	49.455	2500.0	2450.545
20260714	0.5	20raw+stat	frontier_gpt4	F1	0.6981132075471698	56	1.68	1850.0	1848.32
20260714	0.5	20raw+stat	frontier_gpt4	VALUE	0.99754	205	6.1499999999999995	2500.0	2493.85
20260714	0.5	20raw+stat	frontier_gpt4	PREC_CONSTRAINED	0.94	94	2.82	2350.0	2347.18
20260714	0.5	20raw+stat	frontier_gpt4	COST_CONSTRAINED	1.0	9891	296.72999999999996	2500.0	2203.27
20260714	0.1	24full	cheap_heuristic	F1	0.48275862068965514	19	0.0019	350.0	349.9981
20260714	0.1	24full	cheap_heuristic	VALUE	0.9999868000000001	66	0.0066	500.0	499.9934
20260714	0.1	24full	cheap_heuristic	PREC_CONSTRAINED	0.3	6	0.0006000000000000001	150.0	149.9994
20260714	0.1	24full	cheap_heuristic	COST_CONSTRAINED	1.0	9854	0.9854	500.0	499.0146
20260714	0.1	24full	small_open	F1	0.48275862068965514	19	0.011399999999999999	350.0	349.9886
20260714	0.1	24full	small_open	VALUE	0.9999207999999999	66	0.039599999999999996	500.0	499.9604
20260714	0.1	24full	small_open	PREC_CONSTRAINED	0.3	6	0.0036	150.0	149.9964
20260714	0.1	24full	small_open	COST_CONSTRAINED	1.0	9854	5.9124	500.0	494.0876
20260714	0.1	24full	iter120_default	F1	0.48275862068965514	19	0.019	350.0	349.981
20260714	0.1	24full	iter120_default	VALUE	0.9998680000000001	66	0.066	500.0	499.934
20260714	0.1	24full	iter120_default	PREC_CONSTRAINED	0.3	6	0.006	150.0	149.994
20260714	0.1	24full	iter120_default	COST_CONSTRAINED	1.0	9854	9.854000000000001	500.0	490.146
20260714	0.1	24full	mid_tier	F1	0.48275862068965514	19	0.095	350.0	349.905
20260714	0.1	24full	mid_tier	VALUE	0.99934	66	0.33	500.0	499.67
20260714	0.1	24full	mid_tier	PREC_CONSTRAINED	0.3	6	0.03	150.0	149.97
20260714	0.1	24full	mid_tier	COST_CONSTRAINED	1.0	9854	49.27	500.0	450.73
20260714	0.1	24full	frontier_gpt4	F1	0.48275862068965514	19	0.57	350.0	349.43
20260714	0.1	24full	frontier_gpt4	VALUE	0.9960399999999999	66	1.98	500.0	498.02
20260714	0.1	24full	frontier_gpt4	PREC_CONSTRAINED	0.3	6	0.18	150.0	149.82
20260714	0.1	24full	frontier_gpt4	COST_CONSTRAINED	1.0	3233	96.99	500.0	403.01
20260714	0.1	20raw	cheap_heuristic	F1	0.47058823529411764	7	0.0007	200.0	199.9993
20260714	0.1	20raw	cheap_heuristic	VALUE	0.999984	80	0.008	500.0	499.992
20260714	0.1	20raw	cheap_heuristic	PREC_CONSTRAINED	0.4	8	0.0008	200.0	199.9992
20260714	0.1	20raw	cheap_heuristic	COST_CONSTRAINED	1.0	9848	0.9848	500.0	499.0152
20260714	0.1	20raw	small_open	F1	0.47058823529411764	7	0.0042	200.0	199.9958
20260714	0.1	20raw	small_open	VALUE	0.999904	80	0.047999999999999994	500.0	499.952
20260714	0.1	20raw	small_open	PREC_CONSTRAINED	0.4	8	0.0048	200.0	199.9952
20260714	0.1	20raw	small_open	COST_CONSTRAINED	1.0	9848	5.908799999999999	500.0	494.0912
20260714	0.1	20raw	iter120_default	F1	0.47058823529411764	7	0.007	200.0	199.993
20260714	0.1	20raw	iter120_default	VALUE	0.9998400000000001	80	0.08	500.0	499.92
20260714	0.1	20raw	iter120_default	PREC_CONSTRAINED	0.4	8	0.008	200.0	199.992
20260714	0.1	20raw	iter120_default	COST_CONSTRAINED	1.0	9848	9.848	500.0	490.152
20260714	0.1	20raw	mid_tier	F1	0.47058823529411764	7	0.035	200.0	199.965
20260714	0.1	20raw	mid_tier	VALUE	0.9992000000000001	80	0.4	500.0	499.6
20260714	0.1	20raw	mid_tier	PREC_CONSTRAINED	0.4	8	0.04	200.0	199.96
20260714	0.1	20raw	mid_tier	COST_CONSTRAINED	1.0	9848	49.24	500.0	450.76
20260714	0.1	20raw	frontier_gpt4	F1	0.47058823529411764	7	0.21	200.0	199.79
20260714	0.1	20raw	frontier_gpt4	VALUE	0.9952000000000001	80	2.4	500.0	497.6
20260714	0.1	20raw	frontier_gpt4	PREC_CONSTRAINED	0.4	8	0.24	200.0	199.76
20260714	0.1	20raw	frontier_gpt4	COST_CONSTRAINED	1.0	3205	96.14999999999999	500.0	403.85
20260714	0.1	20raw+minmax	cheap_heuristic	F1	0.5263157894736842	9	0.0009000000000000001	250.0	249.9991
20260714	0.1	20raw+minmax	cheap_heuristic	VALUE	0.9999819999999999	90	0.009000000000000001	500.0	499.991
20260714	0.1	20raw+minmax	cheap_heuristic	PREC_CONSTRAINED	0.5	9	0.0009000000000000001	250.0	249.9991
20260714	0.1	20raw+minmax	cheap_heuristic	COST_CONSTRAINED	1.0	9859	0.9859	500.0	499.0141
20260714	0.1	20raw+minmax	small_open	F1	0.5263157894736842	9	0.005399999999999999	250.0	249.9946
20260714	0.1	20raw+minmax	small_open	VALUE	0.999892	90	0.05399999999999999	500.0	499.946
20260714	0.1	20raw+minmax	small_open	PREC_CONSTRAINED	0.5	9	0.005399999999999999	250.0	249.9946
20260714	0.1	20raw+minmax	small_open	COST_CONSTRAINED	1.0	9859	5.915399999999999	500.0	494.0846
20260714	0.1	20raw+minmax	iter120_default	F1	0.5263157894736842	9	0.009000000000000001	250.0	249.991
20260714	0.1	20raw+minmax	iter120_default	VALUE	0.99982	90	0.09	500.0	499.91
20260714	0.1	20raw+minmax	iter120_default	PREC_CONSTRAINED	0.5	9	0.009000000000000001	250.0	249.991
20260714	0.1	20raw+minmax	iter120_default	COST_CONSTRAINED	1.0	9859	9.859	500.0	490.141
20260714	0.1	20raw+minmax	mid_tier	F1	0.5263157894736842	9	0.045	250.0	249.955
20260714	0.1	20raw+minmax	mid_tier	VALUE	0.9991	90	0.45	500.0	499.55
20260714	0.1	20raw+minmax	mid_tier	PREC_CONSTRAINED	0.5	9	0.045	250.0	249.955
20260714	0.1	20raw+minmax	mid_tier	COST_CONSTRAINED	1.0	9859	49.295	500.0	450.705
20260714	0.1	20raw+minmax	frontier_gpt4	F1	0.5263157894736842	9	0.27	250.0	249.73
20260714	0.1	20raw+minmax	frontier_gpt4	VALUE	0.9946	90	2.6999999999999997	500.0	497.3
20260714	0.1	20raw+minmax	frontier_gpt4	PREC_CONSTRAINED	0.5	9	0.27	250.0	249.73
20260714	0.1	20raw+minmax	frontier_gpt4	COST_CONSTRAINED	1.0	3217	96.50999999999999	500.0	403.49
20260714	0.1	20raw+stat	cheap_heuristic	F1	0.45454545454545453	12	0.0012000000000000001	250.0	249.9988
20260714	0.1	20raw+stat	cheap_heuristic	VALUE	0.9999886	57	0.0057	500.0	499.9943
20260714	0.1	20raw+stat	cheap_heuristic	PREC_CONSTRAINED	0.3	6	0.0006000000000000001	150.0	149.9994
20260714	0.1	20raw+stat	cheap_heuristic	COST_CONSTRAINED	1.0	9851	0.9851000000000001	500.0	499.0149
20260714	0.1	20raw+stat	small_open	F1	0.45454545454545453	12	0.0072	250.0	249.9928
20260714	0.1	20raw+stat	small_open	VALUE	0.9999316	57	0.034199999999999994	500.0	499.9658
20260714	0.1	20raw+stat	small_open	PREC_CONSTRAINED	0.3	6	0.0036	150.0	149.9964
20260714	0.1	20raw+stat	small_open	COST_CONSTRAINED	1.0	9851	5.9106	500.0	494.0894
20260714	0.1	20raw+stat	iter120_default	F1	0.45454545454545453	12	0.012	250.0	249.988
20260714	0.1	20raw+stat	iter120_default	VALUE	0.9998859999999999	57	0.057	500.0	499.943
20260714	0.1	20raw+stat	iter120_default	PREC_CONSTRAINED	0.3	6	0.006	150.0	149.994
20260714	0.1	20raw+stat	iter120_default	COST_CONSTRAINED	1.0	9851	9.851	500.0	490.149
20260714	0.1	20raw+stat	mid_tier	F1	0.45454545454545453	12	0.06	250.0	249.94
20260714	0.1	20raw+stat	mid_tier	VALUE	0.9994299999999999	57	0.28500000000000003	500.0	499.715
20260714	0.1	20raw+stat	mid_tier	PREC_CONSTRAINED	0.3	6	0.03	150.0	149.97
20260714	0.1	20raw+stat	mid_tier	COST_CONSTRAINED	1.0	9851	49.255	500.0	450.745
20260714	0.1	20raw+stat	frontier_gpt4	F1	0.45454545454545453	12	0.36	250.0	249.64
20260714	0.1	20raw+stat	frontier_gpt4	VALUE	0.99658	57	1.71	500.0	498.29
20260714	0.1	20raw+stat	frontier_gpt4	PREC_CONSTRAINED	0.3	6	0.18	150.0	149.82
20260714	0.1	20raw+stat	frontier_gpt4	COST_CONSTRAINED	1.0	3279	98.36999999999999	500.0	401.63
20260714	0.05	24full	cheap_heuristic	F1	0.5	3	0.00030000000000000003	100.0	99.9997
20260714	0.05	24full	cheap_heuristic	VALUE	0.9999328000000001	168	0.016800000000000002	250.0	249.9832
20260714	0.05	24full	cheap_heuristic	PREC_CONSTRAINED	0.4	4	0.0004	100.0	99.9996
20260714	0.05	24full	cheap_heuristic	COST_CONSTRAINED	1.0	9849	0.9849	250.0	249.0151
20260714	0.05	24full	small_open	F1	0.5	3	0.0018	100.0	99.9982
20260714	0.05	24full	small_open	VALUE	0.9995968000000001	168	0.10079999999999999	250.0	249.8992
20260714	0.05	24full	small_open	PREC_CONSTRAINED	0.4	4	0.0024	100.0	99.9976
20260714	0.05	24full	small_open	COST_CONSTRAINED	1.0	9849	5.9094	250.0	244.0906
20260714	0.05	24full	iter120_default	F1	0.5	3	0.003	100.0	99.997
20260714	0.05	24full	iter120_default	VALUE	0.999328	168	0.168	250.0	249.832
20260714	0.05	24full	iter120_default	PREC_CONSTRAINED	0.4	4	0.004	100.0	99.996
20260714	0.05	24full	iter120_default	COST_CONSTRAINED	1.0	9849	9.849	250.0	240.151
20260714	0.05	24full	mid_tier	F1	0.5	3	0.015	100.0	99.985
20260714	0.05	24full	mid_tier	VALUE	0.99664	168	0.84	250.0	249.16
20260714	0.05	24full	mid_tier	PREC_CONSTRAINED	0.4	4	0.02	100.0	99.98
20260714	0.05	24full	mid_tier	COST_CONSTRAINED	1.0	9849	49.245000000000005	250.0	200.755
20260714	0.05	24full	frontier_gpt4	F1	0.5	3	0.09	100.0	99.91
20260714	0.05	24full	frontier_gpt4	VALUE	0.97984	168	5.04	250.0	244.96
20260714	0.05	24full	frontier_gpt4	PREC_CONSTRAINED	0.4	4	0.12	100.0	99.88
20260714	0.05	24full	frontier_gpt4	COST_CONSTRAINED	1.0	1658	49.739999999999995	250.0	200.26
20260714	0.05	20raw	cheap_heuristic	F1	0.4	10	0.001	150.0	149.999
20260714	0.05	20raw	cheap_heuristic	VALUE	0.9999552	112	0.0112	250.0	249.9888
20260714	0.05	20raw	cheap_heuristic	PREC_CONSTRAINED	-1.0	9843	0.9843000000000001	250.0	249.0157
20260714	0.05	20raw	cheap_heuristic	COST_CONSTRAINED	1.0	9843	0.9843000000000001	250.0	249.0157
20260714	0.05	20raw	small_open	F1	0.4	10	0.005999999999999999	150.0	149.994
20260714	0.05	20raw	small_open	VALUE	0.9997311999999999	112	0.0672	250.0	249.9328
20260714	0.05	20raw	small_open	PREC_CONSTRAINED	-1.0	9843	5.905799999999999	250.0	244.0942
20260714	0.05	20raw	small_open	COST_CONSTRAINED	1.0	9843	5.905799999999999	250.0	244.0942
20260714	0.05	20raw	iter120_default	F1	0.4	10	0.01	150.0	149.99
20260714	0.05	20raw	iter120_default	VALUE	0.999552	112	0.112	250.0	249.888
20260714	0.05	20raw	iter120_default	PREC_CONSTRAINED	-1.0	9843	9.843	250.0	240.157
20260714	0.05	20raw	iter120_default	COST_CONSTRAINED	1.0	9843	9.843	250.0	240.157
20260714	0.05	20raw	mid_tier	F1	0.4	10	0.05	150.0	149.95
20260714	0.05	20raw	mid_tier	VALUE	0.99776	112	0.56	250.0	249.44
20260714	0.05	20raw	mid_tier	PREC_CONSTRAINED	-1.0	9843	49.215	250.0	200.785
20260714	0.05	20raw	mid_tier	COST_CONSTRAINED	1.0	9843	49.215	250.0	200.785
20260714	0.05	20raw	frontier_gpt4	F1	0.4	10	0.3	150.0	149.7
20260714	0.05	20raw	frontier_gpt4	VALUE	0.98656	112	3.36	250.0	246.64
20260714	0.05	20raw	frontier_gpt4	PREC_CONSTRAINED	-1.0	9843	295.28999999999996	250.0	-45.289999999999964
20260714	0.05	20raw	frontier_gpt4	COST_CONSTRAINED	1.0	1657	49.71	250.0	200.29
20260714	0.05	20raw+minmax	cheap_heuristic	F1	0.25000000000000006	11	0.0011	100.0	99.9989
20260714	0.05	20raw+minmax	cheap_heuristic	VALUE	0.9999564000000001	109	0.0109	250.0	249.9891
20260714	0.05	20raw+minmax	cheap_heuristic	PREC_CONSTRAINED	-1.0	9854	0.9854	250.0	249.0146
20260714	0.05	20raw+minmax	cheap_heuristic	COST_CONSTRAINED	1.0	9854	0.9854	250.0	249.0146
20260714	0.05	20raw+minmax	small_open	F1	0.25000000000000006	11	0.006599999999999999	100.0	99.9934
20260714	0.05	20raw+minmax	small_open	VALUE	0.9997383999999999	109	0.0654	250.0	249.9346
20260714	0.05	20raw+minmax	small_open	PREC_CONSTRAINED	-1.0	9854	5.9124	250.0	244.0876
20260714	0.05	20raw+minmax	small_open	COST_CONSTRAINED	1.0	9854	5.9124	250.0	244.0876
20260714	0.05	20raw+minmax	iter120_default	F1	0.25000000000000006	11	0.011	100.0	99.989
20260714	0.05	20raw+minmax	iter120_default	VALUE	0.999564	109	0.109	250.0	249.891
20260714	0.05	20raw+minmax	iter120_default	PREC_CONSTRAINED	-1.0	9854	9.854000000000001	250.0	240.146
20260714	0.05	20raw+minmax	iter120_default	COST_CONSTRAINED	1.0	9854	9.854000000000001	250.0	240.146
20260714	0.05	20raw+minmax	mid_tier	F1	0.25000000000000006	11	0.055	100.0	99.945
20260714	0.05	20raw+minmax	mid_tier	VALUE	0.99782	109	0.545	250.0	249.455
20260714	0.05	20raw+minmax	mid_tier	PREC_CONSTRAINED	-1.0	9854	49.27	250.0	200.73
20260714	0.05	20raw+minmax	mid_tier	COST_CONSTRAINED	1.0	9854	49.27	250.0	200.73
20260714	0.05	20raw+minmax	frontier_gpt4	F1	0.25000000000000006	11	0.32999999999999996	100.0	99.67
20260714	0.05	20raw+minmax	frontier_gpt4	VALUE	0.9869199999999999	109	3.27	250.0	246.73
20260714	0.05	20raw+minmax	frontier_gpt4	PREC_CONSTRAINED	-1.0	9854	295.62	250.0	-45.620000000000005
20260714	0.05	20raw+minmax	frontier_gpt4	COST_CONSTRAINED	1.0	1618	48.54	250.0	201.46
20260714	0.05	20raw+stat	cheap_heuristic	F1	0.35294117647058826	12	0.0012000000000000001	150.0	149.9988
20260714	0.05	20raw+stat	cheap_heuristic	VALUE	0.9999008	248	0.024800000000000003	250.0	249.9752
20260714	0.05	20raw+stat	cheap_heuristic	PREC_CONSTRAINED	-1.0	9846	0.9846	250.0	249.0154
20260714	0.05	20raw+stat	cheap_heuristic	COST_CONSTRAINED	1.0	9846	0.9846	250.0	249.0154
20260714	0.05	20raw+stat	small_open	F1	0.35294117647058826	12	0.0072	150.0	149.9928
20260714	0.05	20raw+stat	small_open	VALUE	0.9994048	248	0.1488	250.0	249.8512
20260714	0.05	20raw+stat	small_open	PREC_CONSTRAINED	-1.0	9846	5.9075999999999995	250.0	244.0924
20260714	0.05	20raw+stat	small_open	COST_CONSTRAINED	1.0	9846	5.9075999999999995	250.0	244.0924
20260714	0.05	20raw+stat	iter120_default	F1	0.35294117647058826	12	0.012	150.0	149.988
20260714	0.05	20raw+stat	iter120_default	VALUE	0.999008	248	0.248	250.0	249.752
20260714	0.05	20raw+stat	iter120_default	PREC_CONSTRAINED	-1.0	9846	9.846	250.0	240.154
20260714	0.05	20raw+stat	iter120_default	COST_CONSTRAINED	1.0	9846	9.846	250.0	240.154
20260714	0.05	20raw+stat	mid_tier	F1	0.35294117647058826	12	0.06	150.0	149.94
20260714	0.05	20raw+stat	mid_tier	VALUE	0.9950399999999999	248	1.24	250.0	248.76
20260714	0.05	20raw+stat	mid_tier	PREC_CONSTRAINED	-1.0	9846	49.230000000000004	250.0	200.76999999999998
20260714	0.05	20raw+stat	mid_tier	COST_CONSTRAINED	1.0	9846	49.230000000000004	250.0	200.76999999999998
20260714	0.05	20raw+stat	frontier_gpt4	F1	0.35294117647058826	12	0.36	150.0	149.64
20260714	0.05	20raw+stat	frontier_gpt4	VALUE	0.97024	248	7.4399999999999995	250.0	242.56
20260714	0.05	20raw+stat	frontier_gpt4	PREC_CONSTRAINED	-1.0	9846	295.38	250.0	-45.379999999999995
20260714	0.05	20raw+stat	frontier_gpt4	COST_CONSTRAINED	1.0	1659	49.769999999999996	250.0	200.23000000000002
