fset	c	seed	threshold	cost_per_tx	flagged_frac
20raw	1	42	0.0100	0.968100	0.9681
20raw	1	42	0.0200	0.918600	0.9186
20raw	1	42	0.0300	0.865800	0.8658
20raw	1	42	0.0400	0.801500	0.8015
20raw	1	42	0.0500	0.743000	0.7430
20raw	1	42	0.0600	0.680100	0.6801
20raw	1	42	0.0700	0.624800	0.6248
20raw	1	42	0.0800	0.571100	0.5711
20raw	1	42	0.0900	0.518200	0.5182
20raw	1	42	0.1000	0.474600	0.4746
20raw	1	42	0.1100	0.435800	0.4358
20raw	1	42	0.1200	0.398300	0.3983
20raw	1	42	0.1300	0.368500	0.3685
20raw	1	42	0.1400	0.342600	0.3426
20raw	1	42	0.1500	0.310900	0.3109
20raw	1	42	0.1600	0.287000	0.2870
20raw	1	42	0.1700	0.263900	0.2639
20raw	1	42	0.1800	0.242100	0.2421
20raw	1	42	0.1900	0.222300	0.2223
20raw	1	42	0.2000	0.205500	0.2055
20raw	1	42	0.2100	0.188700	0.1887
20raw	1	42	0.2200	0.174300	0.1743
20raw	1	42	0.2300	0.159800	0.1598
20raw	1	42	0.2400	0.146700	0.1467
20raw	1	42	0.2500	0.136800	0.1368
20raw	1	42	0.2600	0.125500	0.1255
20raw	1	42	0.2700	0.115900	0.1159
20raw	1	42	0.2800	0.106200	0.1062
20raw	1	42	0.2900	0.097700	0.0977
20raw	1	42	0.3000	0.091300	0.0913
20raw	1	42	0.3100	0.085200	0.0852
20raw	1	42	0.3200	0.078700	0.0787
20raw	1	42	0.3300	0.073200	0.0732
20raw	1	42	0.3400	0.066900	0.0669
20raw	1	42	0.3500	0.061600	0.0616
20raw	1	42	0.3600	0.056500	0.0565
20raw	1	42	0.3700	0.052100	0.0521
20raw	1	42	0.3800	0.048100	0.0481
20raw	1	42	0.3900	0.044500	0.0445
20raw	1	42	0.4000	0.041800	0.0418
20raw	1	42	0.4100	0.039300	0.0393
20raw	1	42	0.4200	0.036200	0.0362
20raw	1	42	0.4300	0.034000	0.0339
20raw	1	42	0.4400	0.031100	0.0310
20raw	1	42	0.4500	0.028100	0.0280
20raw	1	42	0.4600	0.026300	0.0262
20raw	1	42	0.4700	0.023800	0.0237
20raw	1	42	0.4800	0.021600	0.0215
20raw	1	42	0.4900	0.020500	0.0204
20raw	1	42	0.5000	0.019100	0.0190
20raw	1	42	0.5100	0.017000	0.0168
20raw	1	42	0.5200	0.015700	0.0155
20raw	1	42	0.5300	0.015500	0.0152
20raw	1	42	0.5400	0.014100	0.0138
20raw	1	42	0.5500	0.013800	0.0134
20raw	1	42	0.5600	0.011900	0.0115
20raw	1	42	0.5700	0.011300	0.0108
20raw	1	42	0.5800	0.010700	0.0101
20raw	1	42	0.5900	0.010300	0.0096
20raw	1	42	0.6000	0.010200	0.0095
20raw	1	42	0.6100	0.009200	0.0084
20raw	1	42	0.6200	0.008800	0.0079
20raw	1	42	0.6300	0.008700	0.0076
20raw	1	42	0.6400	0.008400	0.0072
20raw	1	42	0.6500	0.008100	0.0067
20raw	1	42	0.6600	0.007500	0.0061
20raw	1	42	0.6700	0.007400	0.0059
20raw	1	42	0.6800	0.007200	0.0056
20raw	1	42	0.6900	0.006800	0.0050
20raw	1	42	0.7000	0.006600	0.0045
20raw	1	42	0.7100	0.006400	0.0040
20raw	1	42	0.7200	0.006400	0.0037
20raw	1	42	0.7300	0.006300	0.0034
20raw	1	42	0.7400	0.005900	0.0028
20raw	1	42	0.7500	0.006100	0.0025
20raw	1	42	0.7600	0.005800	0.0021
20raw	1	42	0.7700	0.005800	0.0019
20raw	1	42	0.7800	0.005800	0.0015
20raw	1	42	0.7900	0.005900	0.0012
20raw	1	42	0.8000	0.006100	0.0012
20raw	1	42	0.8100	0.006100	0.0010
20raw	1	42	0.8200	0.006100	0.0009
20raw	1	42	0.8300	0.006400	0.0009
20raw	1	42	0.8400	0.006700	0.0007
20raw	1	42	0.8500	0.007000	0.0006
20raw	1	42	0.8600	0.007300	0.0005
20raw	1	42	0.8700	0.007700	0.0005
20raw	1	42	0.8800	0.008100	0.0004
20raw	1	42	0.8900	0.008400	0.0003
20raw	1	42	0.9000	0.008400	0.0001
20raw	1	42	0.9100	0.009300	0.0001
20raw	1	42	0.9200	0.009700	0.0001
20raw	1	42	0.9300	0.010200	0.0001
20raw	1	42	0.9400	0.010500	0.0000
20raw	1	42	0.9500	0.011100	0.0000
20raw	1	42	0.9600	0.011600	0.0000
20raw	1	42	0.9700	0.012500	0.0000
20raw	1	42	0.9800	0.013700	0.0000
20raw	1	42	0.9900	0.014300	0.0000
20raw	1	42	1.0000	0.014400	0.0000
20raw	10	42	0.0100	0.968100	0.9681
20raw	10	42	0.0200	0.918600	0.9186
20raw	10	42	0.0300	0.865800	0.8658
20raw	10	42	0.0400	0.801500	0.8015
20raw	10	42	0.0500	0.743000	0.7430
20raw	10	42	0.0600	0.680100	0.6801
20raw	10	42	0.0700	0.624800	0.6248
20raw	10	42	0.0800	0.571100	0.5711
20raw	10	42	0.0900	0.518200	0.5182
20raw	10	42	0.1000	0.474600	0.4746
20raw	10	42	0.1100	0.435800	0.4358
20raw	10	42	0.1200	0.398300	0.3983
20raw	10	42	0.1300	0.368500	0.3685
20raw	10	42	0.1400	0.342600	0.3426
20raw	10	42	0.1500	0.310900	0.3109
20raw	10	42	0.1600	0.287000	0.2870
20raw	10	42	0.1700	0.263900	0.2639
20raw	10	42	0.1800	0.242100	0.2421
20raw	10	42	0.1900	0.222300	0.2223
20raw	10	42	0.2000	0.205500	0.2055
20raw	10	42	0.2100	0.188700	0.1887
20raw	10	42	0.2200	0.174300	0.1743
20raw	10	42	0.2300	0.159800	0.1598
20raw	10	42	0.2400	0.146700	0.1467
20raw	10	42	0.2500	0.136800	0.1368
20raw	10	42	0.2600	0.125500	0.1255
20raw	10	42	0.2700	0.115900	0.1159
20raw	10	42	0.2800	0.106200	0.1062
20raw	10	42	0.2900	0.097700	0.0977
20raw	10	42	0.3000	0.091300	0.0913
20raw	10	42	0.3100	0.085200	0.0852
20raw	10	42	0.3200	0.078700	0.0787
20raw	10	42	0.3300	0.073200	0.0732
20raw	10	42	0.3400	0.066900	0.0669
20raw	10	42	0.3500	0.061600	0.0616
20raw	10	42	0.3600	0.056500	0.0565
20raw	10	42	0.3700	0.052100	0.0521
20raw	10	42	0.3800	0.048100	0.0481
20raw	10	42	0.3900	0.044500	0.0445
20raw	10	42	0.4000	0.041800	0.0418
20raw	10	42	0.4100	0.039300	0.0393
20raw	10	42	0.4200	0.036200	0.0362
20raw	10	42	0.4300	0.034900	0.0339
20raw	10	42	0.4400	0.032000	0.0310
20raw	10	42	0.4500	0.029000	0.0280
20raw	10	42	0.4600	0.027200	0.0262
20raw	10	42	0.4700	0.024700	0.0237
20raw	10	42	0.4800	0.022500	0.0215
20raw	10	42	0.4900	0.021400	0.0204
20raw	10	42	0.5000	0.020000	0.0190
20raw	10	42	0.5100	0.018800	0.0168
20raw	10	42	0.5200	0.017500	0.0155
20raw	10	42	0.5300	0.018200	0.0152
20raw	10	42	0.5400	0.016800	0.0138
20raw	10	42	0.5500	0.017400	0.0134
20raw	10	42	0.5600	0.015500	0.0115
20raw	10	42	0.5700	0.015800	0.0108
20raw	10	42	0.5800	0.016100	0.0101
20raw	10	42	0.5900	0.016600	0.0096
20raw	10	42	0.6000	0.016500	0.0095
20raw	10	42	0.6100	0.016400	0.0084
20raw	10	42	0.6200	0.016900	0.0079
20raw	10	42	0.6300	0.018600	0.0076
20raw	10	42	0.6400	0.019200	0.0072
20raw	10	42	0.6500	0.020700	0.0067
20raw	10	42	0.6600	0.020100	0.0061
20raw	10	42	0.6700	0.020900	0.0059
20raw	10	42	0.6800	0.021600	0.0056
20raw	10	42	0.6900	0.023000	0.0050
20raw	10	42	0.7000	0.025500	0.0045
20raw	10	42	0.7100	0.028000	0.0040
20raw	10	42	0.7200	0.030700	0.0037
20raw	10	42	0.7300	0.032400	0.0034
20raw	10	42	0.7400	0.033800	0.0028
20raw	10	42	0.7500	0.038500	0.0025
20raw	10	42	0.7600	0.039100	0.0021
20raw	10	42	0.7700	0.040900	0.0019
20raw	10	42	0.7800	0.044500	0.0015
20raw	10	42	0.7900	0.048200	0.0012
20raw	10	42	0.8000	0.050200	0.0012
20raw	10	42	0.8100	0.052000	0.0010
20raw	10	42	0.8200	0.052900	0.0009
20raw	10	42	0.8300	0.055900	0.0009
20raw	10	42	0.8400	0.060700	0.0007
20raw	10	42	0.8500	0.064600	0.0006
20raw	10	42	0.8600	0.068500	0.0005
20raw	10	42	0.8700	0.072500	0.0005
20raw	10	42	0.8800	0.077400	0.0004
20raw	10	42	0.8900	0.081300	0.0003
20raw	10	42	0.9000	0.083100	0.0001
20raw	10	42	0.9100	0.092100	0.0001
20raw	10	42	0.9200	0.096100	0.0001
20raw	10	42	0.9300	0.101100	0.0001
20raw	10	42	0.9400	0.105000	0.0000
20raw	10	42	0.9500	0.111000	0.0000
20raw	10	42	0.9600	0.116000	0.0000
20raw	10	42	0.9700	0.125000	0.0000
20raw	10	42	0.9800	0.137000	0.0000
20raw	10	42	0.9900	0.143000	0.0000
20raw	10	42	1.0000	0.144000	0.0000
20raw	100	42	0.0100	0.968100	0.9681
20raw	100	42	0.0200	0.918600	0.9186
20raw	100	42	0.0300	0.865800	0.8658
20raw	100	42	0.0400	0.801500	0.8015
20raw	100	42	0.0500	0.743000	0.7430
20raw	100	42	0.0600	0.680100	0.6801
20raw	100	42	0.0700	0.624800	0.6248
20raw	100	42	0.0800	0.571100	0.5711
20raw	100	42	0.0900	0.518200	0.5182
20raw	100	42	0.1000	0.474600	0.4746
20raw	100	42	0.1100	0.435800	0.4358
20raw	100	42	0.1200	0.398300	0.3983
20raw	100	42	0.1300	0.368500	0.3685
20raw	100	42	0.1400	0.342600	0.3426
20raw	100	42	0.1500	0.310900	0.3109
20raw	100	42	0.1600	0.287000	0.2870
20raw	100	42	0.1700	0.263900	0.2639
20raw	100	42	0.1800	0.242100	0.2421
20raw	100	42	0.1900	0.222300	0.2223
20raw	100	42	0.2000	0.205500	0.2055
20raw	100	42	0.2100	0.188700	0.1887
20raw	100	42	0.2200	0.174300	0.1743
20raw	100	42	0.2300	0.159800	0.1598
20raw	100	42	0.2400	0.146700	0.1467
20raw	100	42	0.2500	0.136800	0.1368
20raw	100	42	0.2600	0.125500	0.1255
20raw	100	42	0.2700	0.115900	0.1159
20raw	100	42	0.2800	0.106200	0.1062
20raw	100	42	0.2900	0.097700	0.0977
20raw	100	42	0.3000	0.091300	0.0913
20raw	100	42	0.3100	0.085200	0.0852
20raw	100	42	0.3200	0.078700	0.0787
20raw	100	42	0.3300	0.073200	0.0732
20raw	100	42	0.3400	0.066900	0.0669
20raw	100	42	0.3500	0.061600	0.0616
20raw	100	42	0.3600	0.056500	0.0565
20raw	100	42	0.3700	0.052100	0.0521
20raw	100	42	0.3800	0.048100	0.0481
20raw	100	42	0.3900	0.044500	0.0445
20raw	100	42	0.4000	0.041800	0.0418
20raw	100	42	0.4100	0.039300	0.0393
20raw	100	42	0.4200	0.036200	0.0362
20raw	100	42	0.4300	0.043900	0.0339
20raw	100	42	0.4400	0.041000	0.0310
20raw	100	42	0.4500	0.038000	0.0280
20raw	100	42	0.4600	0.036200	0.0262
20raw	100	42	0.4700	0.033700	0.0237
20raw	100	42	0.4800	0.031500	0.0215
20raw	100	42	0.4900	0.030400	0.0204
20raw	100	42	0.5000	0.029000	0.0190
20raw	100	42	0.5100	0.036800	0.0168
20raw	100	42	0.5200	0.035500	0.0155
20raw	100	42	0.5300	0.045200	0.0152
20raw	100	42	0.5400	0.043800	0.0138
20raw	100	42	0.5500	0.053400	0.0134
20raw	100	42	0.5600	0.051500	0.0115
20raw	100	42	0.5700	0.060800	0.0108
20raw	100	42	0.5800	0.070100	0.0101
20raw	100	42	0.5900	0.079600	0.0096
20raw	100	42	0.6000	0.079500	0.0095
20raw	100	42	0.6100	0.088400	0.0084
20raw	100	42	0.6200	0.097900	0.0079
20raw	100	42	0.6300	0.117600	0.0076
20raw	100	42	0.6400	0.127200	0.0072
20raw	100	42	0.6500	0.146700	0.0067
20raw	100	42	0.6600	0.146100	0.0061
20raw	100	42	0.6700	0.155900	0.0059
20raw	100	42	0.6800	0.165600	0.0056
20raw	100	42	0.6900	0.185000	0.0050
20raw	100	42	0.7000	0.214500	0.0045
20raw	100	42	0.7100	0.244000	0.0040
20raw	100	42	0.7200	0.273700	0.0037
20raw	100	42	0.7300	0.293400	0.0034
20raw	100	42	0.7400	0.312800	0.0028
20raw	100	42	0.7500	0.362500	0.0025
20raw	100	42	0.7600	0.372100	0.0021
20raw	100	42	0.7700	0.391900	0.0019
20raw	100	42	0.7800	0.431500	0.0015
20raw	100	42	0.7900	0.471200	0.0012
20raw	100	42	0.8000	0.491200	0.0012
20raw	100	42	0.8100	0.511000	0.0010
20raw	100	42	0.8200	0.520900	0.0009
20raw	100	42	0.8300	0.550900	0.0009
20raw	100	42	0.8400	0.600700	0.0007
20raw	100	42	0.8500	0.640600	0.0006
20raw	100	42	0.8600	0.680500	0.0005
20raw	100	42	0.8700	0.720500	0.0005
20raw	100	42	0.8800	0.770400	0.0004
20raw	100	42	0.8900	0.810300	0.0003
20raw	100	42	0.9000	0.830100	0.0001
20raw	100	42	0.9100	0.920100	0.0001
20raw	100	42	0.9200	0.960100	0.0001
20raw	100	42	0.9300	1.010100	0.0001
20raw	100	42	0.9400	1.050000	0.0000
20raw	100	42	0.9500	1.110000	0.0000
20raw	100	42	0.9600	1.160000	0.0000
20raw	100	42	0.9700	1.250000	0.0000
20raw	100	42	0.9800	1.370000	0.0000
20raw	100	42	0.9900	1.430000	0.0000
20raw	100	42	1.0000	1.440000	0.0000
20raw	1000	42	0.0100	0.968100	0.9681
20raw	1000	42	0.0200	0.918600	0.9186
20raw	1000	42	0.0300	0.865800	0.8658
20raw	1000	42	0.0400	0.801500	0.8015
20raw	1000	42	0.0500	0.743000	0.7430
20raw	1000	42	0.0600	0.680100	0.6801
20raw	1000	42	0.0700	0.624800	0.6248
20raw	1000	42	0.0800	0.571100	0.5711
20raw	1000	42	0.0900	0.518200	0.5182
20raw	1000	42	0.1000	0.474600	0.4746
20raw	1000	42	0.1100	0.435800	0.4358
20raw	1000	42	0.1200	0.398300	0.3983
20raw	1000	42	0.1300	0.368500	0.3685
20raw	1000	42	0.1400	0.342600	0.3426
20raw	1000	42	0.1500	0.310900	0.3109
20raw	1000	42	0.1600	0.287000	0.2870
20raw	1000	42	0.1700	0.263900	0.2639
20raw	1000	42	0.1800	0.242100	0.2421
20raw	1000	42	0.1900	0.222300	0.2223
20raw	1000	42	0.2000	0.205500	0.2055
20raw	1000	42	0.2100	0.188700	0.1887
20raw	1000	42	0.2200	0.174300	0.1743
20raw	1000	42	0.2300	0.159800	0.1598
20raw	1000	42	0.2400	0.146700	0.1467
20raw	1000	42	0.2500	0.136800	0.1368
20raw	1000	42	0.2600	0.125500	0.1255
20raw	1000	42	0.2700	0.115900	0.1159
20raw	1000	42	0.2800	0.106200	0.1062
20raw	1000	42	0.2900	0.097700	0.0977
20raw	1000	42	0.3000	0.091300	0.0913
20raw	1000	42	0.3100	0.085200	0.0852
20raw	1000	42	0.3200	0.078700	0.0787
20raw	1000	42	0.3300	0.073200	0.0732
20raw	1000	42	0.3400	0.066900	0.0669
20raw	1000	42	0.3500	0.061600	0.0616
20raw	1000	42	0.3600	0.056500	0.0565
20raw	1000	42	0.3700	0.052100	0.0521
20raw	1000	42	0.3800	0.048100	0.0481
20raw	1000	42	0.3900	0.044500	0.0445
20raw	1000	42	0.4000	0.041800	0.0418
20raw	1000	42	0.4100	0.039300	0.0393
20raw	1000	42	0.4200	0.036200	0.0362
20raw	1000	42	0.4300	0.133900	0.0339
20raw	1000	42	0.4400	0.131000	0.0310
20raw	1000	42	0.4500	0.128000	0.0280
20raw	1000	42	0.4600	0.126200	0.0262
20raw	1000	42	0.4700	0.123700	0.0237
20raw	1000	42	0.4800	0.121500	0.0215
20raw	1000	42	0.4900	0.120400	0.0204
20raw	1000	42	0.5000	0.119000	0.0190
20raw	1000	42	0.5100	0.216800	0.0168
20raw	1000	42	0.5200	0.215500	0.0155
20raw	1000	42	0.5300	0.315200	0.0152
20raw	1000	42	0.5400	0.313800	0.0138
20raw	1000	42	0.5500	0.413400	0.0134
20raw	1000	42	0.5600	0.411500	0.0115
20raw	1000	42	0.5700	0.510800	0.0108
20raw	1000	42	0.5800	0.610100	0.0101
20raw	1000	42	0.5900	0.709600	0.0096
20raw	1000	42	0.6000	0.709500	0.0095
20raw	1000	42	0.6100	0.808400	0.0084
20raw	1000	42	0.6200	0.907900	0.0079
20raw	1000	42	0.6300	1.107600	0.0076
20raw	1000	42	0.6400	1.207200	0.0072
20raw	1000	42	0.6500	1.406700	0.0067
20raw	1000	42	0.6600	1.406100	0.0061
20raw	1000	42	0.6700	1.505900	0.0059
20raw	1000	42	0.6800	1.605600	0.0056
20raw	1000	42	0.6900	1.805000	0.0050
20raw	1000	42	0.7000	2.104500	0.0045
20raw	1000	42	0.7100	2.404000	0.0040
20raw	1000	42	0.7200	2.703700	0.0037
20raw	1000	42	0.7300	2.903400	0.0034
20raw	1000	42	0.7400	3.102800	0.0028
20raw	1000	42	0.7500	3.602500	0.0025
20raw	1000	42	0.7600	3.702100	0.0021
20raw	1000	42	0.7700	3.901900	0.0019
20raw	1000	42	0.7800	4.301500	0.0015
20raw	1000	42	0.7900	4.701200	0.0012
20raw	1000	42	0.8000	4.901200	0.0012
20raw	1000	42	0.8100	5.101000	0.0010
20raw	1000	42	0.8200	5.200900	0.0009
20raw	1000	42	0.8300	5.500900	0.0009
20raw	1000	42	0.8400	6.000700	0.0007
20raw	1000	42	0.8500	6.400600	0.0006
20raw	1000	42	0.8600	6.800500	0.0005
20raw	1000	42	0.8700	7.200500	0.0005
20raw	1000	42	0.8800	7.700400	0.0004
20raw	1000	42	0.8900	8.100300	0.0003
20raw	1000	42	0.9000	8.300100	0.0001
20raw	1000	42	0.9100	9.200100	0.0001
20raw	1000	42	0.9200	9.600100	0.0001
20raw	1000	42	0.9300	10.100100	0.0001
20raw	1000	42	0.9400	10.500000	0.0000
20raw	1000	42	0.9500	11.100000	0.0000
20raw	1000	42	0.9600	11.600000	0.0000
20raw	1000	42	0.9700	12.500000	0.0000
20raw	1000	42	0.9800	13.700000	0.0000
20raw	1000	42	0.9900	14.300000	0.0000
20raw	1000	42	1.0000	14.400000	0.0000
20raw	1	179	0.0100	0.969800	0.9698
20raw	1	179	0.0200	0.929600	0.9296
20raw	1	179	0.0300	0.878400	0.8784
20raw	1	179	0.0400	0.824000	0.8240
20raw	1	179	0.0500	0.767800	0.7678
20raw	1	179	0.0600	0.711400	0.7114
20raw	1	179	0.0700	0.656000	0.6560
20raw	1	179	0.0800	0.605800	0.6058
20raw	1	179	0.0900	0.555300	0.5553
20raw	1	179	0.1000	0.510900	0.5109
20raw	1	179	0.1100	0.467200	0.4672
20raw	1	179	0.1200	0.426800	0.4268
20raw	1	179	0.1300	0.391000	0.3910
20raw	1	179	0.1400	0.358200	0.3582
20raw	1	179	0.1500	0.327700	0.3277
20raw	1	179	0.1600	0.301600	0.3016
20raw	1	179	0.1700	0.277100	0.2771
20raw	1	179	0.1800	0.253000	0.2530
20raw	1	179	0.1900	0.232900	0.2329
20raw	1	179	0.2000	0.211600	0.2116
20raw	1	179	0.2100	0.196900	0.1969
20raw	1	179	0.2200	0.181600	0.1816
20raw	1	179	0.2300	0.167800	0.1678
20raw	1	179	0.2400	0.155300	0.1553
20raw	1	179	0.2500	0.143200	0.1432
20raw	1	179	0.2600	0.131500	0.1315
20raw	1	179	0.2700	0.121100	0.1211
20raw	1	179	0.2800	0.111900	0.1119
20raw	1	179	0.2900	0.103800	0.1038
20raw	1	179	0.3000	0.094400	0.0944
20raw	1	179	0.3100	0.084800	0.0848
20raw	1	179	0.3200	0.078100	0.0781
20raw	1	179	0.3300	0.071500	0.0715
20raw	1	179	0.3400	0.066300	0.0663
20raw	1	179	0.3500	0.062100	0.0621
20raw	1	179	0.3600	0.058100	0.0581
20raw	1	179	0.3700	0.054600	0.0546
20raw	1	179	0.3800	0.051300	0.0513
20raw	1	179	0.3900	0.047900	0.0479
20raw	1	179	0.4000	0.044200	0.0442
20raw	1	179	0.4100	0.040800	0.0408
20raw	1	179	0.4200	0.037100	0.0370
20raw	1	179	0.4300	0.034600	0.0345
20raw	1	179	0.4400	0.032200	0.0321
20raw	1	179	0.4500	0.029600	0.0295
20raw	1	179	0.4600	0.027700	0.0276
20raw	1	179	0.4700	0.025900	0.0258
20raw	1	179	0.4800	0.024100	0.0240
20raw	1	179	0.4900	0.023100	0.0230
20raw	1	179	0.5000	0.022300	0.0222
20raw	1	179	0.5100	0.021300	0.0211
20raw	1	179	0.5200	0.020500	0.0202
20raw	1	179	0.5300	0.019200	0.0189
20raw	1	179	0.5400	0.017700	0.0174
20raw	1	179	0.5500	0.017200	0.0168
20raw	1	179	0.5600	0.015900	0.0155
20raw	1	179	0.5700	0.014400	0.0140
20raw	1	179	0.5800	0.013500	0.0131
20raw	1	179	0.5900	0.012600	0.0122
20raw	1	179	0.6000	0.011700	0.0111
20raw	1	179	0.6100	0.010700	0.0100
20raw	1	179	0.6200	0.010400	0.0096
20raw	1	179	0.6300	0.009700	0.0089
20raw	1	179	0.6400	0.009300	0.0085
20raw	1	179	0.6500	0.009200	0.0081
20raw	1	179	0.6600	0.009200	0.0079
20raw	1	179	0.6700	0.008500	0.0070
20raw	1	179	0.6800	0.008400	0.0066
20raw	1	179	0.6900	0.007800	0.0060
20raw	1	179	0.7000	0.007700	0.0057
20raw	1	179	0.7100	0.007700	0.0052
20raw	1	179	0.7200	0.007600	0.0044
20raw	1	179	0.7300	0.007400	0.0041
20raw	1	179	0.7400	0.007200	0.0038
20raw	1	179	0.7500	0.007000	0.0032
20raw	1	179	0.7600	0.006700	0.0028
20raw	1	179	0.7700	0.006500	0.0025
20raw	1	179	0.7800	0.006500	0.0022
20raw	1	179	0.7900	0.007000	0.0021
20raw	1	179	0.8000	0.007200	0.0018
20raw	1	179	0.8100	0.006800	0.0014
20raw	1	179	0.8200	0.006900	0.0011
20raw	1	179	0.8300	0.006800	0.0008
20raw	1	179	0.8400	0.007000	0.0007
20raw	1	179	0.8500	0.007700	0.0007
20raw	1	179	0.8600	0.007800	0.0006
20raw	1	179	0.8700	0.008100	0.0005
20raw	1	179	0.8800	0.008700	0.0005
20raw	1	179	0.8900	0.009000	0.0005
20raw	1	179	0.9000	0.009400	0.0004
20raw	1	179	0.9100	0.009600	0.0002
20raw	1	179	0.9200	0.009600	0.0001
20raw	1	179	0.9300	0.010200	0.0001
20raw	1	179	0.9400	0.011000	0.0001
20raw	1	179	0.9500	0.011200	0.0001
20raw	1	179	0.9600	0.011600	0.0000
20raw	1	179	0.9700	0.012700	0.0000
20raw	1	179	0.9800	0.013600	0.0000
20raw	1	179	0.9900	0.014400	0.0000
20raw	1	179	1.0000	0.014400	0.0000
20raw	10	179	0.0100	0.969800	0.9698
20raw	10	179	0.0200	0.929600	0.9296
20raw	10	179	0.0300	0.878400	0.8784
20raw	10	179	0.0400	0.824000	0.8240
20raw	10	179	0.0500	0.767800	0.7678
20raw	10	179	0.0600	0.711400	0.7114
20raw	10	179	0.0700	0.656000	0.6560
20raw	10	179	0.0800	0.605800	0.6058
20raw	10	179	0.0900	0.555300	0.5553
20raw	10	179	0.1000	0.510900	0.5109
20raw	10	179	0.1100	0.467200	0.4672
20raw	10	179	0.1200	0.426800	0.4268
20raw	10	179	0.1300	0.391000	0.3910
20raw	10	179	0.1400	0.358200	0.3582
20raw	10	179	0.1500	0.327700	0.3277
20raw	10	179	0.1600	0.301600	0.3016
20raw	10	179	0.1700	0.277100	0.2771
20raw	10	179	0.1800	0.253000	0.2530
20raw	10	179	0.1900	0.232900	0.2329
20raw	10	179	0.2000	0.211600	0.2116
20raw	10	179	0.2100	0.196900	0.1969
20raw	10	179	0.2200	0.181600	0.1816
20raw	10	179	0.2300	0.167800	0.1678
20raw	10	179	0.2400	0.155300	0.1553
20raw	10	179	0.2500	0.143200	0.1432
20raw	10	179	0.2600	0.131500	0.1315
20raw	10	179	0.2700	0.121100	0.1211
20raw	10	179	0.2800	0.111900	0.1119
20raw	10	179	0.2900	0.103800	0.1038
20raw	10	179	0.3000	0.094400	0.0944
20raw	10	179	0.3100	0.084800	0.0848
20raw	10	179	0.3200	0.078100	0.0781
20raw	10	179	0.3300	0.071500	0.0715
20raw	10	179	0.3400	0.066300	0.0663
20raw	10	179	0.3500	0.062100	0.0621
20raw	10	179	0.3600	0.058100	0.0581
20raw	10	179	0.3700	0.054600	0.0546
20raw	10	179	0.3800	0.051300	0.0513
20raw	10	179	0.3900	0.047900	0.0479
20raw	10	179	0.4000	0.044200	0.0442
20raw	10	179	0.4100	0.040800	0.0408
20raw	10	179	0.4200	0.038000	0.0370
20raw	10	179	0.4300	0.035500	0.0345
20raw	10	179	0.4400	0.033100	0.0321
20raw	10	179	0.4500	0.030500	0.0295
20raw	10	179	0.4600	0.028600	0.0276
20raw	10	179	0.4700	0.026800	0.0258
20raw	10	179	0.4800	0.025000	0.0240
20raw	10	179	0.4900	0.024000	0.0230
20raw	10	179	0.5000	0.023200	0.0222
20raw	10	179	0.5100	0.023100	0.0211
20raw	10	179	0.5200	0.023200	0.0202
20raw	10	179	0.5300	0.021900	0.0189
20raw	10	179	0.5400	0.020400	0.0174
20raw	10	179	0.5500	0.020800	0.0168
20raw	10	179	0.5600	0.019500	0.0155
20raw	10	179	0.5700	0.018000	0.0140
20raw	10	179	0.5800	0.017100	0.0131
20raw	10	179	0.5900	0.016200	0.0122
20raw	10	179	0.6000	0.017100	0.0111
20raw	10	179	0.6100	0.017000	0.0100
20raw	10	179	0.6200	0.017600	0.0096
20raw	10	179	0.6300	0.016900	0.0089
20raw	10	179	0.6400	0.016500	0.0085
20raw	10	179	0.6500	0.019100	0.0081
20raw	10	179	0.6600	0.020900	0.0079
20raw	10	179	0.6700	0.022000	0.0070
20raw	10	179	0.6800	0.024600	0.0066
20raw	10	179	0.6900	0.024000	0.0060
20raw	10	179	0.7000	0.025700	0.0057
20raw	10	179	0.7100	0.030200	0.0052
20raw	10	179	0.7200	0.036400	0.0044
20raw	10	179	0.7300	0.037100	0.0041
20raw	10	179	0.7400	0.037800	0.0038
20raw	10	179	0.7500	0.041200	0.0032
20raw	10	179	0.7600	0.041800	0.0028
20raw	10	179	0.7700	0.042500	0.0025
20raw	10	179	0.7800	0.045200	0.0022
20raw	10	179	0.7900	0.051100	0.0021
20raw	10	179	0.8000	0.055800	0.0018
20raw	10	179	0.8100	0.055400	0.0014
20raw	10	179	0.8200	0.059100	0.0011
20raw	10	179	0.8300	0.060800	0.0008
20raw	10	179	0.8400	0.063700	0.0007
20raw	10	179	0.8500	0.070700	0.0007
20raw	10	179	0.8600	0.072600	0.0006
20raw	10	179	0.8700	0.076500	0.0005
20raw	10	179	0.8800	0.082500	0.0005
20raw	10	179	0.8900	0.085500	0.0005
20raw	10	179	0.9000	0.090400	0.0004
20raw	10	179	0.9100	0.094200	0.0002
20raw	10	179	0.9200	0.095100	0.0001
20raw	10	179	0.9300	0.101100	0.0001
20raw	10	179	0.9400	0.109100	0.0001
20raw	10	179	0.9500	0.111100	0.0001
20raw	10	179	0.9600	0.116000	0.0000
20raw	10	179	0.9700	0.127000	0.0000
20raw	10	179	0.9800	0.136000	0.0000
20raw	10	179	0.9900	0.144000	0.0000
20raw	10	179	1.0000	0.144000	0.0000
20raw	100	179	0.0100	0.969800	0.9698
20raw	100	179	0.0200	0.929600	0.9296
20raw	100	179	0.0300	0.878400	0.8784
20raw	100	179	0.0400	0.824000	0.8240
20raw	100	179	0.0500	0.767800	0.7678
20raw	100	179	0.0600	0.711400	0.7114
20raw	100	179	0.0700	0.656000	0.6560
20raw	100	179	0.0800	0.605800	0.6058
20raw	100	179	0.0900	0.555300	0.5553
20raw	100	179	0.1000	0.510900	0.5109
20raw	100	179	0.1100	0.467200	0.4672
20raw	100	179	0.1200	0.426800	0.4268
20raw	100	179	0.1300	0.391000	0.3910
20raw	100	179	0.1400	0.358200	0.3582
20raw	100	179	0.1500	0.327700	0.3277
20raw	100	179	0.1600	0.301600	0.3016
20raw	100	179	0.1700	0.277100	0.2771
20raw	100	179	0.1800	0.253000	0.2530
20raw	100	179	0.1900	0.232900	0.2329
20raw	100	179	0.2000	0.211600	0.2116
20raw	100	179	0.2100	0.196900	0.1969
20raw	100	179	0.2200	0.181600	0.1816
20raw	100	179	0.2300	0.167800	0.1678
20raw	100	179	0.2400	0.155300	0.1553
20raw	100	179	0.2500	0.143200	0.1432
20raw	100	179	0.2600	0.131500	0.1315
20raw	100	179	0.2700	0.121100	0.1211
20raw	100	179	0.2800	0.111900	0.1119
20raw	100	179	0.2900	0.103800	0.1038
20raw	100	179	0.3000	0.094400	0.0944
20raw	100	179	0.3100	0.084800	0.0848
20raw	100	179	0.3200	0.078100	0.0781
20raw	100	179	0.3300	0.071500	0.0715
20raw	100	179	0.3400	0.066300	0.0663
20raw	100	179	0.3500	0.062100	0.0621
20raw	100	179	0.3600	0.058100	0.0581
20raw	100	179	0.3700	0.054600	0.0546
20raw	100	179	0.3800	0.051300	0.0513
20raw	100	179	0.3900	0.047900	0.0479
20raw	100	179	0.4000	0.044200	0.0442
20raw	100	179	0.4100	0.040800	0.0408
20raw	100	179	0.4200	0.047000	0.0370
20raw	100	179	0.4300	0.044500	0.0345
20raw	100	179	0.4400	0.042100	0.0321
20raw	100	179	0.4500	0.039500	0.0295
20raw	100	179	0.4600	0.037600	0.0276
20raw	100	179	0.4700	0.035800	0.0258
20raw	100	179	0.4800	0.034000	0.0240
20raw	100	179	0.4900	0.033000	0.0230
20raw	100	179	0.5000	0.032200	0.0222
20raw	100	179	0.5100	0.041100	0.0211
20raw	100	179	0.5200	0.050200	0.0202
20raw	100	179	0.5300	0.048900	0.0189
20raw	100	179	0.5400	0.047400	0.0174
20raw	100	179	0.5500	0.056800	0.0168
20raw	100	179	0.5600	0.055500	0.0155
20raw	100	179	0.5700	0.054000	0.0140
20raw	100	179	0.5800	0.053100	0.0131
20raw	100	179	0.5900	0.052200	0.0122
20raw	100	179	0.6000	0.071100	0.0111
20raw	100	179	0.6100	0.080000	0.0100
20raw	100	179	0.6200	0.089600	0.0096
20raw	100	179	0.6300	0.088900	0.0089
20raw	100	179	0.6400	0.088500	0.0085
20raw	100	179	0.6500	0.118100	0.0081
20raw	100	179	0.6600	0.137900	0.0079
20raw	100	179	0.6700	0.157000	0.0070
20raw	100	179	0.6800	0.186600	0.0066
20raw	100	179	0.6900	0.186000	0.0060
20raw	100	179	0.7000	0.205700	0.0057
20raw	100	179	0.7100	0.255200	0.0052
20raw	100	179	0.7200	0.324400	0.0044
20raw	100	179	0.7300	0.334100	0.0041
20raw	100	179	0.7400	0.343800	0.0038
20raw	100	179	0.7500	0.383200	0.0032
20raw	100	179	0.7600	0.392800	0.0028
20raw	100	179	0.7700	0.402500	0.0025
20raw	100	179	0.7800	0.432200	0.0022
20raw	100	179	0.7900	0.492100	0.0021
20raw	100	179	0.8000	0.541800	0.0018
20raw	100	179	0.8100	0.541400	0.0014
20raw	100	179	0.8200	0.581100	0.0011
20raw	100	179	0.8300	0.600800	0.0008
20raw	100	179	0.8400	0.630700	0.0007
20raw	100	179	0.8500	0.700700	0.0007
20raw	100	179	0.8600	0.720600	0.0006
20raw	100	179	0.8700	0.760500	0.0005
20raw	100	179	0.8800	0.820500	0.0005
20raw	100	179	0.8900	0.850500	0.0005
20raw	100	179	0.9000	0.900400	0.0004
20raw	100	179	0.9100	0.940200	0.0002
20raw	100	179	0.9200	0.950100	0.0001
20raw	100	179	0.9300	1.010100	0.0001
20raw	100	179	0.9400	1.090100	0.0001
20raw	100	179	0.9500	1.110100	0.0001
20raw	100	179	0.9600	1.160000	0.0000
20raw	100	179	0.9700	1.270000	0.0000
20raw	100	179	0.9800	1.360000	0.0000
20raw	100	179	0.9900	1.440000	0.0000
20raw	100	179	1.0000	1.440000	0.0000
20raw	1000	179	0.0100	0.969800	0.9698
20raw	1000	179	0.0200	0.929600	0.9296
20raw	1000	179	0.0300	0.878400	0.8784
20raw	1000	179	0.0400	0.824000	0.8240
20raw	1000	179	0.0500	0.767800	0.7678
20raw	1000	179	0.0600	0.711400	0.7114
20raw	1000	179	0.0700	0.656000	0.6560
20raw	1000	179	0.0800	0.605800	0.6058
20raw	1000	179	0.0900	0.555300	0.5553
20raw	1000	179	0.1000	0.510900	0.5109
20raw	1000	179	0.1100	0.467200	0.4672
20raw	1000	179	0.1200	0.426800	0.4268
20raw	1000	179	0.1300	0.391000	0.3910
20raw	1000	179	0.1400	0.358200	0.3582
20raw	1000	179	0.1500	0.327700	0.3277
20raw	1000	179	0.1600	0.301600	0.3016
20raw	1000	179	0.1700	0.277100	0.2771
20raw	1000	179	0.1800	0.253000	0.2530
20raw	1000	179	0.1900	0.232900	0.2329
20raw	1000	179	0.2000	0.211600	0.2116
20raw	1000	179	0.2100	0.196900	0.1969
20raw	1000	179	0.2200	0.181600	0.1816
20raw	1000	179	0.2300	0.167800	0.1678
20raw	1000	179	0.2400	0.155300	0.1553
20raw	1000	179	0.2500	0.143200	0.1432
20raw	1000	179	0.2600	0.131500	0.1315
20raw	1000	179	0.2700	0.121100	0.1211
20raw	1000	179	0.2800	0.111900	0.1119
20raw	1000	179	0.2900	0.103800	0.1038
20raw	1000	179	0.3000	0.094400	0.0944
20raw	1000	179	0.3100	0.084800	0.0848
20raw	1000	179	0.3200	0.078100	0.0781
20raw	1000	179	0.3300	0.071500	0.0715
20raw	1000	179	0.3400	0.066300	0.0663
20raw	1000	179	0.3500	0.062100	0.0621
20raw	1000	179	0.3600	0.058100	0.0581
20raw	1000	179	0.3700	0.054600	0.0546
20raw	1000	179	0.3800	0.051300	0.0513
20raw	1000	179	0.3900	0.047900	0.0479
20raw	1000	179	0.4000	0.044200	0.0442
20raw	1000	179	0.4100	0.040800	0.0408
20raw	1000	179	0.4200	0.137000	0.0370
20raw	1000	179	0.4300	0.134500	0.0345
20raw	1000	179	0.4400	0.132100	0.0321
20raw	1000	179	0.4500	0.129500	0.0295
20raw	1000	179	0.4600	0.127600	0.0276
20raw	1000	179	0.4700	0.125800	0.0258
20raw	1000	179	0.4800	0.124000	0.0240
20raw	1000	179	0.4900	0.123000	0.0230
20raw	1000	179	0.5000	0.122200	0.0222
20raw	1000	179	0.5100	0.221100	0.0211
20raw	1000	179	0.5200	0.320200	0.0202
20raw	1000	179	0.5300	0.318900	0.0189
20raw	1000	179	0.5400	0.317400	0.0174
20raw	1000	179	0.5500	0.416800	0.0168
20raw	1000	179	0.5600	0.415500	0.0155
20raw	1000	179	0.5700	0.414000	0.0140
20raw	1000	179	0.5800	0.413100	0.0131
20raw	1000	179	0.5900	0.412200	0.0122
20raw	1000	179	0.6000	0.611100	0.0111
20raw	1000	179	0.6100	0.710000	0.0100
20raw	1000	179	0.6200	0.809600	0.0096
20raw	1000	179	0.6300	0.808900	0.0089
20raw	1000	179	0.6400	0.808500	0.0085
20raw	1000	179	0.6500	1.108100	0.0081
20raw	1000	179	0.6600	1.307900	0.0079
20raw	1000	179	0.6700	1.507000	0.0070
20raw	1000	179	0.6800	1.806600	0.0066
20raw	1000	179	0.6900	1.806000	0.0060
20raw	1000	179	0.7000	2.005700	0.0057
20raw	1000	179	0.7100	2.505200	0.0052
20raw	1000	179	0.7200	3.204400	0.0044
20raw	1000	179	0.7300	3.304100	0.0041
20raw	1000	179	0.7400	3.403800	0.0038
20raw	1000	179	0.7500	3.803200	0.0032
20raw	1000	179	0.7600	3.902800	0.0028
20raw	1000	179	0.7700	4.002500	0.0025
20raw	1000	179	0.7800	4.302200	0.0022
20raw	1000	179	0.7900	4.902100	0.0021
20raw	1000	179	0.8000	5.401800	0.0018
20raw	1000	179	0.8100	5.401400	0.0014
20raw	1000	179	0.8200	5.801100	0.0011
20raw	1000	179	0.8300	6.000800	0.0008
20raw	1000	179	0.8400	6.300700	0.0007
20raw	1000	179	0.8500	7.000700	0.0007
20raw	1000	179	0.8600	7.200600	0.0006
20raw	1000	179	0.8700	7.600500	0.0005
20raw	1000	179	0.8800	8.200500	0.0005
20raw	1000	179	0.8900	8.500500	0.0005
20raw	1000	179	0.9000	9.000400	0.0004
20raw	1000	179	0.9100	9.400200	0.0002
20raw	1000	179	0.9200	9.500100	0.0001
20raw	1000	179	0.9300	10.100100	0.0001
20raw	1000	179	0.9400	10.900100	0.0001
20raw	1000	179	0.9500	11.100100	0.0001
20raw	1000	179	0.9600	11.600000	0.0000
20raw	1000	179	0.9700	12.700000	0.0000
20raw	1000	179	0.9800	13.600000	0.0000
20raw	1000	179	0.9900	14.400000	0.0000
20raw	1000	179	1.0000	14.400000	0.0000
20raw	1	316	0.0100	0.963800	0.9638
20raw	1	316	0.0200	0.921600	0.9216
20raw	1	316	0.0300	0.870800	0.8708
20raw	1	316	0.0400	0.815500	0.8155
20raw	1	316	0.0500	0.756200	0.7562
20raw	1	316	0.0600	0.704100	0.7041
20raw	1	316	0.0700	0.649100	0.6491
20raw	1	316	0.0800	0.596400	0.5964
20raw	1	316	0.0900	0.550300	0.5503
20raw	1	316	0.1000	0.507600	0.5076
20raw	1	316	0.1100	0.465600	0.4656
20raw	1	316	0.1200	0.427900	0.4279
20raw	1	316	0.1300	0.394800	0.3948
20raw	1	316	0.1400	0.363800	0.3638
20raw	1	316	0.1500	0.333300	0.3333
20raw	1	316	0.1600	0.306800	0.3068
20raw	1	316	0.1700	0.279900	0.2799
20raw	1	316	0.1800	0.257700	0.2577
20raw	1	316	0.1900	0.237500	0.2375
20raw	1	316	0.2000	0.218700	0.2187
20raw	1	316	0.2100	0.200500	0.2005
20raw	1	316	0.2200	0.184900	0.1849
20raw	1	316	0.2300	0.170000	0.1700
20raw	1	316	0.2400	0.156400	0.1564
20raw	1	316	0.2500	0.142100	0.1421
20raw	1	316	0.2600	0.131400	0.1314
20raw	1	316	0.2700	0.119000	0.1190
20raw	1	316	0.2800	0.109200	0.1092
20raw	1	316	0.2900	0.100000	0.1000
20raw	1	316	0.3000	0.093600	0.0936
20raw	1	316	0.3100	0.086300	0.0863
20raw	1	316	0.3200	0.080100	0.0801
20raw	1	316	0.3300	0.071600	0.0716
20raw	1	316	0.3400	0.066200	0.0662
20raw	1	316	0.3500	0.061500	0.0615
20raw	1	316	0.3600	0.057000	0.0570
20raw	1	316	0.3700	0.053300	0.0533
20raw	1	316	0.3800	0.049100	0.0491
20raw	1	316	0.3900	0.045000	0.0450
20raw	1	316	0.4000	0.041700	0.0417
20raw	1	316	0.4100	0.039100	0.0391
20raw	1	316	0.4200	0.036400	0.0364
20raw	1	316	0.4300	0.032700	0.0327
20raw	1	316	0.4400	0.030400	0.0303
20raw	1	316	0.4500	0.028500	0.0284
20raw	1	316	0.4600	0.026600	0.0264
20raw	1	316	0.4700	0.024800	0.0246
20raw	1	316	0.4800	0.023200	0.0230
20raw	1	316	0.4900	0.021700	0.0215
20raw	1	316	0.5000	0.020300	0.0201
20raw	1	316	0.5100	0.018700	0.0184
20raw	1	316	0.5200	0.017900	0.0176
20raw	1	316	0.5300	0.017000	0.0167
20raw	1	316	0.5400	0.016100	0.0158
20raw	1	316	0.5500	0.015900	0.0156
20raw	1	316	0.5600	0.015600	0.0151
20raw	1	316	0.5700	0.014400	0.0139
20raw	1	316	0.5800	0.013600	0.0131
20raw	1	316	0.5900	0.012400	0.0119
20raw	1	316	0.6000	0.012200	0.0117
20raw	1	316	0.6100	0.011300	0.0107
20raw	1	316	0.6200	0.010400	0.0096
20raw	1	316	0.6300	0.009800	0.0088
20raw	1	316	0.6400	0.009000	0.0079
20raw	1	316	0.6500	0.008500	0.0073
20raw	1	316	0.6600	0.008000	0.0066
20raw	1	316	0.6700	0.007500	0.0060
20raw	1	316	0.6800	0.007600	0.0058
20raw	1	316	0.6900	0.007600	0.0056
20raw	1	316	0.7000	0.007400	0.0053
20raw	1	316	0.7100	0.007300	0.0049
20raw	1	316	0.7200	0.007700	0.0049
20raw	1	316	0.7300	0.007300	0.0042
20raw	1	316	0.7400	0.006800	0.0036
20raw	1	316	0.7500	0.006700	0.0032
20raw	1	316	0.7600	0.006700	0.0028
20raw	1	316	0.7700	0.006700	0.0025
20raw	1	316	0.7800	0.006600	0.0022
20raw	1	316	0.7900	0.006500	0.0020
20raw	1	316	0.8000	0.006200	0.0015
20raw	1	316	0.8100	0.006300	0.0012
20raw	1	316	0.8200	0.006400	0.0011
20raw	1	316	0.8300	0.006400	0.0009
20raw	1	316	0.8400	0.007000	0.0008
20raw	1	316	0.8500	0.007100	0.0005
20raw	1	316	0.8600	0.007600	0.0005
20raw	1	316	0.8700	0.007900	0.0003
20raw	1	316	0.8800	0.008300	0.0002
20raw	1	316	0.8900	0.008800	0.0002
20raw	1	316	0.9000	0.009500	0.0002
20raw	1	316	0.9100	0.009800	0.0002
20raw	1	316	0.9200	0.010000	0.0002
20raw	1	316	0.9300	0.010000	0.0000
20raw	1	316	0.9400	0.010300	0.0000
20raw	1	316	0.9500	0.011100	0.0000
20raw	1	316	0.9600	0.012000	0.0000
20raw	1	316	0.9700	0.012600	0.0000
20raw	1	316	0.9800	0.013400	0.0000
20raw	1	316	0.9900	0.014300	0.0000
20raw	1	316	1.0000	0.014400	0.0000
20raw	10	316	0.0100	0.963800	0.9638
20raw	10	316	0.0200	0.921600	0.9216
20raw	10	316	0.0300	0.870800	0.8708
20raw	10	316	0.0400	0.815500	0.8155
20raw	10	316	0.0500	0.756200	0.7562
20raw	10	316	0.0600	0.704100	0.7041
20raw	10	316	0.0700	0.649100	0.6491
20raw	10	316	0.0800	0.596400	0.5964
20raw	10	316	0.0900	0.550300	0.5503
20raw	10	316	0.1000	0.507600	0.5076
20raw	10	316	0.1100	0.465600	0.4656
20raw	10	316	0.1200	0.427900	0.4279
20raw	10	316	0.1300	0.394800	0.3948
20raw	10	316	0.1400	0.363800	0.3638
20raw	10	316	0.1500	0.333300	0.3333
20raw	10	316	0.1600	0.306800	0.3068
20raw	10	316	0.1700	0.279900	0.2799
20raw	10	316	0.1800	0.257700	0.2577
20raw	10	316	0.1900	0.237500	0.2375
20raw	10	316	0.2000	0.218700	0.2187
20raw	10	316	0.2100	0.200500	0.2005
20raw	10	316	0.2200	0.184900	0.1849
20raw	10	316	0.2300	0.170000	0.1700
20raw	10	316	0.2400	0.156400	0.1564
20raw	10	316	0.2500	0.142100	0.1421
20raw	10	316	0.2600	0.131400	0.1314
20raw	10	316	0.2700	0.119000	0.1190
20raw	10	316	0.2800	0.109200	0.1092
20raw	10	316	0.2900	0.100000	0.1000
20raw	10	316	0.3000	0.093600	0.0936
20raw	10	316	0.3100	0.086300	0.0863
20raw	10	316	0.3200	0.080100	0.0801
20raw	10	316	0.3300	0.071600	0.0716
20raw	10	316	0.3400	0.066200	0.0662
20raw	10	316	0.3500	0.061500	0.0615
20raw	10	316	0.3600	0.057000	0.0570
20raw	10	316	0.3700	0.053300	0.0533
20raw	10	316	0.3800	0.049100	0.0491
20raw	10	316	0.3900	0.045000	0.0450
20raw	10	316	0.4000	0.041700	0.0417
20raw	10	316	0.4100	0.039100	0.0391
20raw	10	316	0.4200	0.036400	0.0364
20raw	10	316	0.4300	0.032700	0.0327
20raw	10	316	0.4400	0.031300	0.0303
20raw	10	316	0.4500	0.029400	0.0284
20raw	10	316	0.4600	0.028400	0.0264
20raw	10	316	0.4700	0.026600	0.0246
20raw	10	316	0.4800	0.025000	0.0230
20raw	10	316	0.4900	0.023500	0.0215
20raw	10	316	0.5000	0.022100	0.0201
20raw	10	316	0.5100	0.021400	0.0184
20raw	10	316	0.5200	0.020600	0.0176
20raw	10	316	0.5300	0.019700	0.0167
20raw	10	316	0.5400	0.018800	0.0158
20raw	10	316	0.5500	0.018600	0.0156
20raw	10	316	0.5600	0.020100	0.0151
20raw	10	316	0.5700	0.018900	0.0139
20raw	10	316	0.5800	0.018100	0.0131
20raw	10	316	0.5900	0.016900	0.0119
20raw	10	316	0.6000	0.016700	0.0117
20raw	10	316	0.6100	0.016700	0.0107
20raw	10	316	0.6200	0.017600	0.0096
20raw	10	316	0.6300	0.018800	0.0088
20raw	10	316	0.6400	0.018900	0.0079
20raw	10	316	0.6500	0.019300	0.0073
20raw	10	316	0.6600	0.020600	0.0066
20raw	10	316	0.6700	0.021000	0.0060
20raw	10	316	0.6800	0.023800	0.0058
20raw	10	316	0.6900	0.025600	0.0056
20raw	10	316	0.7000	0.026300	0.0053
20raw	10	316	0.7100	0.028900	0.0049
20raw	10	316	0.7200	0.032900	0.0049
20raw	10	316	0.7300	0.035200	0.0042
20raw	10	316	0.7400	0.035600	0.0036
20raw	10	316	0.7500	0.038200	0.0032
20raw	10	316	0.7600	0.041800	0.0028
20raw	10	316	0.7700	0.044500	0.0025
20raw	10	316	0.7800	0.046200	0.0022
20raw	10	316	0.7900	0.047000	0.0020
20raw	10	316	0.8000	0.048500	0.0015
20raw	10	316	0.8100	0.052200	0.0012
20raw	10	316	0.8200	0.054100	0.0011
20raw	10	316	0.8300	0.055900	0.0009
20raw	10	316	0.8400	0.062800	0.0008
20raw	10	316	0.8500	0.066500	0.0005
20raw	10	316	0.8600	0.071500	0.0005
20raw	10	316	0.8700	0.076300	0.0003
20raw	10	316	0.8800	0.081200	0.0002
20raw	10	316	0.8900	0.086200	0.0002
20raw	10	316	0.9000	0.093200	0.0002
20raw	10	316	0.9100	0.096200	0.0002
20raw	10	316	0.9200	0.098200	0.0002
20raw	10	316	0.9300	0.100000	0.0000
20raw	10	316	0.9400	0.103000	0.0000
20raw	10	316	0.9500	0.111000	0.0000
20raw	10	316	0.9600	0.120000	0.0000
20raw	10	316	0.9700	0.126000	0.0000
20raw	10	316	0.9800	0.134000	0.0000
20raw	10	316	0.9900	0.143000	0.0000
20raw	10	316	1.0000	0.144000	0.0000
20raw	100	316	0.0100	0.963800	0.9638
20raw	100	316	0.0200	0.921600	0.9216
20raw	100	316	0.0300	0.870800	0.8708
20raw	100	316	0.0400	0.815500	0.8155
20raw	100	316	0.0500	0.756200	0.7562
20raw	100	316	0.0600	0.704100	0.7041
20raw	100	316	0.0700	0.649100	0.6491
20raw	100	316	0.0800	0.596400	0.5964
20raw	100	316	0.0900	0.550300	0.5503
20raw	100	316	0.1000	0.507600	0.5076
20raw	100	316	0.1100	0.465600	0.4656
20raw	100	316	0.1200	0.427900	0.4279
20raw	100	316	0.1300	0.394800	0.3948
20raw	100	316	0.1400	0.363800	0.3638
20raw	100	316	0.1500	0.333300	0.3333
20raw	100	316	0.1600	0.306800	0.3068
20raw	100	316	0.1700	0.279900	0.2799
20raw	100	316	0.1800	0.257700	0.2577
20raw	100	316	0.1900	0.237500	0.2375
20raw	100	316	0.2000	0.218700	0.2187
20raw	100	316	0.2100	0.200500	0.2005
20raw	100	316	0.2200	0.184900	0.1849
20raw	100	316	0.2300	0.170000	0.1700
20raw	100	316	0.2400	0.156400	0.1564
20raw	100	316	0.2500	0.142100	0.1421
20raw	100	316	0.2600	0.131400	0.1314
20raw	100	316	0.2700	0.119000	0.1190
20raw	100	316	0.2800	0.109200	0.1092
20raw	100	316	0.2900	0.100000	0.1000
20raw	100	316	0.3000	0.093600	0.0936
20raw	100	316	0.3100	0.086300	0.0863
20raw	100	316	0.3200	0.080100	0.0801
20raw	100	316	0.3300	0.071600	0.0716
20raw	100	316	0.3400	0.066200	0.0662
20raw	100	316	0.3500	0.061500	0.0615
20raw	100	316	0.3600	0.057000	0.0570
20raw	100	316	0.3700	0.053300	0.0533
20raw	100	316	0.3800	0.049100	0.0491
20raw	100	316	0.3900	0.045000	0.0450
20raw	100	316	0.4000	0.041700	0.0417
20raw	100	316	0.4100	0.039100	0.0391
20raw	100	316	0.4200	0.036400	0.0364
20raw	100	316	0.4300	0.032700	0.0327
20raw	100	316	0.4400	0.040300	0.0303
20raw	100	316	0.4500	0.038400	0.0284
20raw	100	316	0.4600	0.046400	0.0264
20raw	100	316	0.4700	0.044600	0.0246
20raw	100	316	0.4800	0.043000	0.0230
20raw	100	316	0.4900	0.041500	0.0215
20raw	100	316	0.5000	0.040100	0.0201
20raw	100	316	0.5100	0.048400	0.0184
20raw	100	316	0.5200	0.047600	0.0176
20raw	100	316	0.5300	0.046700	0.0167
20raw	100	316	0.5400	0.045800	0.0158
20raw	100	316	0.5500	0.045600	0.0156
20raw	100	316	0.5600	0.065100	0.0151
20raw	100	316	0.5700	0.063900	0.0139
20raw	100	316	0.5800	0.063100	0.0131
20raw	100	316	0.5900	0.061900	0.0119
20raw	100	316	0.6000	0.061700	0.0117
20raw	100	316	0.6100	0.070700	0.0107
20raw	100	316	0.6200	0.089600	0.0096
20raw	100	316	0.6300	0.108800	0.0088
20raw	100	316	0.6400	0.117900	0.0079
20raw	100	316	0.6500	0.127300	0.0073
20raw	100	316	0.6600	0.146600	0.0066
20raw	100	316	0.6700	0.156000	0.0060
20raw	100	316	0.6800	0.185800	0.0058
20raw	100	316	0.6900	0.205600	0.0056
20raw	100	316	0.7000	0.215300	0.0053
20raw	100	316	0.7100	0.244900	0.0049
20raw	100	316	0.7200	0.284900	0.0049
20raw	100	316	0.7300	0.314200	0.0042
20raw	100	316	0.7400	0.323600	0.0036
20raw	100	316	0.7500	0.353200	0.0032
20raw	100	316	0.7600	0.392800	0.0028
20raw	100	316	0.7700	0.422500	0.0025
20raw	100	316	0.7800	0.442200	0.0022
20raw	100	316	0.7900	0.452000	0.0020
20raw	100	316	0.8000	0.471500	0.0015
20raw	100	316	0.8100	0.511200	0.0012
20raw	100	316	0.8200	0.531100	0.0011
20raw	100	316	0.8300	0.550900	0.0009
20raw	100	316	0.8400	0.620800	0.0008
20raw	100	316	0.8500	0.660500	0.0005
20raw	100	316	0.8600	0.710500	0.0005
20raw	100	316	0.8700	0.760300	0.0003
20raw	100	316	0.8800	0.810200	0.0002
20raw	100	316	0.8900	0.860200	0.0002
20raw	100	316	0.9000	0.930200	0.0002
20raw	100	316	0.9100	0.960200	0.0002
20raw	100	316	0.9200	0.980200	0.0002
20raw	100	316	0.9300	1.000000	0.0000
20raw	100	316	0.9400	1.030000	0.0000
20raw	100	316	0.9500	1.110000	0.0000
20raw	100	316	0.9600	1.200000	0.0000
20raw	100	316	0.9700	1.260000	0.0000
20raw	100	316	0.9800	1.340000	0.0000
20raw	100	316	0.9900	1.430000	0.0000
20raw	100	316	1.0000	1.440000	0.0000
20raw	1000	316	0.0100	0.963800	0.9638
20raw	1000	316	0.0200	0.921600	0.9216
20raw	1000	316	0.0300	0.870800	0.8708
20raw	1000	316	0.0400	0.815500	0.8155
20raw	1000	316	0.0500	0.756200	0.7562
20raw	1000	316	0.0600	0.704100	0.7041
20raw	1000	316	0.0700	0.649100	0.6491
20raw	1000	316	0.0800	0.596400	0.5964
20raw	1000	316	0.0900	0.550300	0.5503
20raw	1000	316	0.1000	0.507600	0.5076
20raw	1000	316	0.1100	0.465600	0.4656
20raw	1000	316	0.1200	0.427900	0.4279
20raw	1000	316	0.1300	0.394800	0.3948
20raw	1000	316	0.1400	0.363800	0.3638
20raw	1000	316	0.1500	0.333300	0.3333
20raw	1000	316	0.1600	0.306800	0.3068
20raw	1000	316	0.1700	0.279900	0.2799
20raw	1000	316	0.1800	0.257700	0.2577
20raw	1000	316	0.1900	0.237500	0.2375
20raw	1000	316	0.2000	0.218700	0.2187
20raw	1000	316	0.2100	0.200500	0.2005
20raw	1000	316	0.2200	0.184900	0.1849
20raw	1000	316	0.2300	0.170000	0.1700
20raw	1000	316	0.2400	0.156400	0.1564
20raw	1000	316	0.2500	0.142100	0.1421
20raw	1000	316	0.2600	0.131400	0.1314
20raw	1000	316	0.2700	0.119000	0.1190
20raw	1000	316	0.2800	0.109200	0.1092
20raw	1000	316	0.2900	0.100000	0.1000
20raw	1000	316	0.3000	0.093600	0.0936
20raw	1000	316	0.3100	0.086300	0.0863
20raw	1000	316	0.3200	0.080100	0.0801
20raw	1000	316	0.3300	0.071600	0.0716
20raw	1000	316	0.3400	0.066200	0.0662
20raw	1000	316	0.3500	0.061500	0.0615
20raw	1000	316	0.3600	0.057000	0.0570
20raw	1000	316	0.3700	0.053300	0.0533
20raw	1000	316	0.3800	0.049100	0.0491
20raw	1000	316	0.3900	0.045000	0.0450
20raw	1000	316	0.4000	0.041700	0.0417
20raw	1000	316	0.4100	0.039100	0.0391
20raw	1000	316	0.4200	0.036400	0.0364
20raw	1000	316	0.4300	0.032700	0.0327
20raw	1000	316	0.4400	0.130300	0.0303
20raw	1000	316	0.4500	0.128400	0.0284
20raw	1000	316	0.4600	0.226400	0.0264
20raw	1000	316	0.4700	0.224600	0.0246
20raw	1000	316	0.4800	0.223000	0.0230
20raw	1000	316	0.4900	0.221500	0.0215
20raw	1000	316	0.5000	0.220100	0.0201
20raw	1000	316	0.5100	0.318400	0.0184
20raw	1000	316	0.5200	0.317600	0.0176
20raw	1000	316	0.5300	0.316700	0.0167
20raw	1000	316	0.5400	0.315800	0.0158
20raw	1000	316	0.5500	0.315600	0.0156
20raw	1000	316	0.5600	0.515100	0.0151
20raw	1000	316	0.5700	0.513900	0.0139
20raw	1000	316	0.5800	0.513100	0.0131
20raw	1000	316	0.5900	0.511900	0.0119
20raw	1000	316	0.6000	0.511700	0.0117
20raw	1000	316	0.6100	0.610700	0.0107
20raw	1000	316	0.6200	0.809600	0.0096
20raw	1000	316	0.6300	1.008800	0.0088
20raw	1000	316	0.6400	1.107900	0.0079
20raw	1000	316	0.6500	1.207300	0.0073
20raw	1000	316	0.6600	1.406600	0.0066
20raw	1000	316	0.6700	1.506000	0.0060
20raw	1000	316	0.6800	1.805800	0.0058
20raw	1000	316	0.6900	2.005600	0.0056
20raw	1000	316	0.7000	2.105300	0.0053
20raw	1000	316	0.7100	2.404900	0.0049
20raw	1000	316	0.7200	2.804900	0.0049
20raw	1000	316	0.7300	3.104200	0.0042
20raw	1000	316	0.7400	3.203600	0.0036
20raw	1000	316	0.7500	3.503200	0.0032
20raw	1000	316	0.7600	3.902800	0.0028
20raw	1000	316	0.7700	4.202500	0.0025
20raw	1000	316	0.7800	4.402200	0.0022
20raw	1000	316	0.7900	4.502000	0.0020
20raw	1000	316	0.8000	4.701500	0.0015
20raw	1000	316	0.8100	5.101200	0.0012
20raw	1000	316	0.8200	5.301100	0.0011
20raw	1000	316	0.8300	5.500900	0.0009
20raw	1000	316	0.8400	6.200800	0.0008
20raw	1000	316	0.8500	6.600500	0.0005
20raw	1000	316	0.8600	7.100500	0.0005
20raw	1000	316	0.8700	7.600300	0.0003
20raw	1000	316	0.8800	8.100200	0.0002
20raw	1000	316	0.8900	8.600200	0.0002
20raw	1000	316	0.9000	9.300200	0.0002
20raw	1000	316	0.9100	9.600200	0.0002
20raw	1000	316	0.9200	9.800200	0.0002
20raw	1000	316	0.9300	10.000000	0.0000
20raw	1000	316	0.9400	10.300000	0.0000
20raw	1000	316	0.9500	11.100000	0.0000
20raw	1000	316	0.9600	12.000000	0.0000
20raw	1000	316	0.9700	12.600000	0.0000
20raw	1000	316	0.9800	13.400000	0.0000
20raw	1000	316	0.9900	14.300000	0.0000
20raw	1000	316	1.0000	14.400000	0.0000
20raw	1	453	0.0100	0.967500	0.9675
20raw	1	453	0.0200	0.927500	0.9275
20raw	1	453	0.0300	0.872700	0.8727
20raw	1	453	0.0400	0.818600	0.8186
20raw	1	453	0.0500	0.762800	0.7628
20raw	1	453	0.0600	0.703200	0.7032
20raw	1	453	0.0700	0.647800	0.6478
20raw	1	453	0.0800	0.591000	0.5910
20raw	1	453	0.0900	0.544200	0.5442
20raw	1	453	0.1000	0.495500	0.4955
20raw	1	453	0.1100	0.455800	0.4558
20raw	1	453	0.1200	0.420000	0.4200
20raw	1	453	0.1300	0.384100	0.3841
20raw	1	453	0.1400	0.352400	0.3524
20raw	1	453	0.1500	0.325000	0.3250
20raw	1	453	0.1600	0.296600	0.2966
20raw	1	453	0.1700	0.273100	0.2731
20raw	1	453	0.1800	0.253400	0.2534
20raw	1	453	0.1900	0.232600	0.2326
20raw	1	453	0.2000	0.213100	0.2131
20raw	1	453	0.2100	0.194900	0.1949
20raw	1	453	0.2200	0.178700	0.1787
20raw	1	453	0.2300	0.162400	0.1624
20raw	1	453	0.2400	0.148100	0.1481
20raw	1	453	0.2500	0.136900	0.1369
20raw	1	453	0.2600	0.126900	0.1269
20raw	1	453	0.2700	0.116500	0.1165
20raw	1	453	0.2800	0.107500	0.1075
20raw	1	453	0.2900	0.099800	0.0998
20raw	1	453	0.3000	0.092400	0.0924
20raw	1	453	0.3100	0.083600	0.0836
20raw	1	453	0.3200	0.077000	0.0770
20raw	1	453	0.3300	0.070300	0.0703
20raw	1	453	0.3400	0.065300	0.0653
20raw	1	453	0.3500	0.060100	0.0601
20raw	1	453	0.3600	0.054900	0.0549
20raw	1	453	0.3700	0.050000	0.0500
20raw	1	453	0.3800	0.046400	0.0464
20raw	1	453	0.3900	0.043000	0.0430
20raw	1	453	0.4000	0.039200	0.0392
20raw	1	453	0.4100	0.036000	0.0360
20raw	1	453	0.4200	0.033500	0.0335
20raw	1	453	0.4300	0.031500	0.0315
20raw	1	453	0.4400	0.029600	0.0295
20raw	1	453	0.4500	0.027200	0.0271
20raw	1	453	0.4600	0.025400	0.0252
20raw	1	453	0.4700	0.023500	0.0233
20raw	1	453	0.4800	0.022300	0.0221
20raw	1	453	0.4900	0.021100	0.0209
20raw	1	453	0.5000	0.019700	0.0195
20raw	1	453	0.5100	0.018000	0.0178
20raw	1	453	0.5200	0.016800	0.0166
20raw	1	453	0.5300	0.015800	0.0156
20raw	1	453	0.5400	0.014600	0.0144
20raw	1	453	0.5500	0.013600	0.0133
20raw	1	453	0.5600	0.012400	0.0121
20raw	1	453	0.5700	0.011800	0.0115
20raw	1	453	0.5800	0.011700	0.0111
20raw	1	453	0.5900	0.011000	0.0104
20raw	1	453	0.6000	0.010600	0.0098
20raw	1	453	0.6100	0.010400	0.0096
20raw	1	453	0.6200	0.009600	0.0088
20raw	1	453	0.6300	0.009100	0.0083
20raw	1	453	0.6400	0.008500	0.0077
20raw	1	453	0.6500	0.008000	0.0071
20raw	1	453	0.6600	0.007700	0.0067
20raw	1	453	0.6700	0.007700	0.0065
20raw	1	453	0.6800	0.007000	0.0057
20raw	1	453	0.6900	0.006900	0.0049
20raw	1	453	0.7000	0.006300	0.0043
20raw	1	453	0.7100	0.006300	0.0040
20raw	1	453	0.7200	0.006300	0.0038
20raw	1	453	0.7300	0.006100	0.0035
20raw	1	453	0.7400	0.006600	0.0033
20raw	1	453	0.7500	0.006800	0.0030
20raw	1	453	0.7600	0.006800	0.0028
20raw	1	453	0.7700	0.006700	0.0026
20raw	1	453	0.7800	0.006700	0.0024
20raw	1	453	0.7900	0.006800	0.0022
20raw	1	453	0.8000	0.006800	0.0019
20raw	1	453	0.8100	0.007000	0.0017
20raw	1	453	0.8200	0.007200	0.0017
20raw	1	453	0.8300	0.007400	0.0015
20raw	1	453	0.8400	0.007500	0.0011
20raw	1	453	0.8500	0.007600	0.0008
20raw	1	453	0.8600	0.007600	0.0007
20raw	1	453	0.8700	0.008200	0.0006
20raw	1	453	0.8800	0.008500	0.0004
20raw	1	453	0.8900	0.008700	0.0003
20raw	1	453	0.9000	0.009200	0.0002
20raw	1	453	0.9100	0.009300	0.0001
20raw	1	453	0.9200	0.009700	0.0001
20raw	1	453	0.9300	0.010300	0.0001
20raw	1	453	0.9400	0.010600	0.0001
20raw	1	453	0.9500	0.011100	0.0000
20raw	1	453	0.9600	0.011800	0.0000
20raw	1	453	0.9700	0.012800	0.0000
20raw	1	453	0.9800	0.013700	0.0000
20raw	1	453	0.9900	0.014200	0.0000
20raw	1	453	1.0000	0.014400	0.0000
20raw	10	453	0.0100	0.967500	0.9675
20raw	10	453	0.0200	0.927500	0.9275
20raw	10	453	0.0300	0.872700	0.8727
20raw	10	453	0.0400	0.818600	0.8186
20raw	10	453	0.0500	0.762800	0.7628
20raw	10	453	0.0600	0.703200	0.7032
20raw	10	453	0.0700	0.647800	0.6478
20raw	10	453	0.0800	0.591000	0.5910
20raw	10	453	0.0900	0.544200	0.5442
20raw	10	453	0.1000	0.495500	0.4955
20raw	10	453	0.1100	0.455800	0.4558
20raw	10	453	0.1200	0.420000	0.4200
20raw	10	453	0.1300	0.384100	0.3841
20raw	10	453	0.1400	0.352400	0.3524
20raw	10	453	0.1500	0.325000	0.3250
20raw	10	453	0.1600	0.296600	0.2966
20raw	10	453	0.1700	0.273100	0.2731
20raw	10	453	0.1800	0.253400	0.2534
20raw	10	453	0.1900	0.232600	0.2326
20raw	10	453	0.2000	0.213100	0.2131
20raw	10	453	0.2100	0.194900	0.1949
20raw	10	453	0.2200	0.178700	0.1787
20raw	10	453	0.2300	0.162400	0.1624
20raw	10	453	0.2400	0.148100	0.1481
20raw	10	453	0.2500	0.136900	0.1369
20raw	10	453	0.2600	0.126900	0.1269
20raw	10	453	0.2700	0.116500	0.1165
20raw	10	453	0.2800	0.107500	0.1075
20raw	10	453	0.2900	0.099800	0.0998
20raw	10	453	0.3000	0.092400	0.0924
20raw	10	453	0.3100	0.083600	0.0836
20raw	10	453	0.3200	0.077000	0.0770
20raw	10	453	0.3300	0.070300	0.0703
20raw	10	453	0.3400	0.065300	0.0653
20raw	10	453	0.3500	0.060100	0.0601
20raw	10	453	0.3600	0.054900	0.0549
20raw	10	453	0.3700	0.050000	0.0500
20raw	10	453	0.3800	0.046400	0.0464
20raw	10	453	0.3900	0.043000	0.0430
20raw	10	453	0.4000	0.039200	0.0392
20raw	10	453	0.4100	0.036000	0.0360
20raw	10	453	0.4200	0.033500	0.0335
20raw	10	453	0.4300	0.031500	0.0315
20raw	10	453	0.4400	0.030500	0.0295
20raw	10	453	0.4500	0.028100	0.0271
20raw	10	453	0.4600	0.027200	0.0252
20raw	10	453	0.4700	0.025300	0.0233
20raw	10	453	0.4800	0.024100	0.0221
20raw	10	453	0.4900	0.022900	0.0209
20raw	10	453	0.5000	0.021500	0.0195
20raw	10	453	0.5100	0.019800	0.0178
20raw	10	453	0.5200	0.018600	0.0166
20raw	10	453	0.5300	0.017600	0.0156
20raw	10	453	0.5400	0.016400	0.0144
20raw	10	453	0.5500	0.016300	0.0133
20raw	10	453	0.5600	0.015100	0.0121
20raw	10	453	0.5700	0.014500	0.0115
20raw	10	453	0.5800	0.017100	0.0111
20raw	10	453	0.5900	0.016400	0.0104
20raw	10	453	0.6000	0.017800	0.0098
20raw	10	453	0.6100	0.017600	0.0096
20raw	10	453	0.6200	0.016800	0.0088
20raw	10	453	0.6300	0.016300	0.0083
20raw	10	453	0.6400	0.015700	0.0077
20raw	10	453	0.6500	0.016100	0.0071
20raw	10	453	0.6600	0.016700	0.0067
20raw	10	453	0.6700	0.018500	0.0065
20raw	10	453	0.6800	0.018700	0.0057
20raw	10	453	0.6900	0.024900	0.0049
20raw	10	453	0.7000	0.024300	0.0043
20raw	10	453	0.7100	0.027000	0.0040
20raw	10	453	0.7200	0.028800	0.0038
20raw	10	453	0.7300	0.029500	0.0035
20raw	10	453	0.7400	0.036300	0.0033
20raw	10	453	0.7500	0.041000	0.0030
20raw	10	453	0.7600	0.042800	0.0028
20raw	10	453	0.7700	0.043600	0.0026
20raw	10	453	0.7800	0.045400	0.0024
20raw	10	453	0.7900	0.048200	0.0022
20raw	10	453	0.8000	0.050900	0.0019
20raw	10	453	0.8100	0.054700	0.0017
20raw	10	453	0.8200	0.056700	0.0017
20raw	10	453	0.8300	0.060500	0.0015
20raw	10	453	0.8400	0.065100	0.0011
20raw	10	453	0.8500	0.068800	0.0008
20raw	10	453	0.8600	0.069700	0.0007
20raw	10	453	0.8700	0.076600	0.0006
20raw	10	453	0.8800	0.081400	0.0004
20raw	10	453	0.8900	0.084300	0.0003
20raw	10	453	0.9000	0.090200	0.0002
20raw	10	453	0.9100	0.092100	0.0001
20raw	10	453	0.9200	0.096100	0.0001
20raw	10	453	0.9300	0.102100	0.0001
20raw	10	453	0.9400	0.105100	0.0001
20raw	10	453	0.9500	0.111000	0.0000
20raw	10	453	0.9600	0.118000	0.0000
20raw	10	453	0.9700	0.128000	0.0000
20raw	10	453	0.9800	0.137000	0.0000
20raw	10	453	0.9900	0.142000	0.0000
20raw	10	453	1.0000	0.144000	0.0000
20raw	100	453	0.0100	0.967500	0.9675
20raw	100	453	0.0200	0.927500	0.9275
20raw	100	453	0.0300	0.872700	0.8727
20raw	100	453	0.0400	0.818600	0.8186
20raw	100	453	0.0500	0.762800	0.7628
20raw	100	453	0.0600	0.703200	0.7032
20raw	100	453	0.0700	0.647800	0.6478
20raw	100	453	0.0800	0.591000	0.5910
20raw	100	453	0.0900	0.544200	0.5442
20raw	100	453	0.1000	0.495500	0.4955
20raw	100	453	0.1100	0.455800	0.4558
20raw	100	453	0.1200	0.420000	0.4200
20raw	100	453	0.1300	0.384100	0.3841
20raw	100	453	0.1400	0.352400	0.3524
20raw	100	453	0.1500	0.325000	0.3250
20raw	100	453	0.1600	0.296600	0.2966
20raw	100	453	0.1700	0.273100	0.2731
20raw	100	453	0.1800	0.253400	0.2534
20raw	100	453	0.1900	0.232600	0.2326
20raw	100	453	0.2000	0.213100	0.2131
20raw	100	453	0.2100	0.194900	0.1949
20raw	100	453	0.2200	0.178700	0.1787
20raw	100	453	0.2300	0.162400	0.1624
20raw	100	453	0.2400	0.148100	0.1481
20raw	100	453	0.2500	0.136900	0.1369
20raw	100	453	0.2600	0.126900	0.1269
20raw	100	453	0.2700	0.116500	0.1165
20raw	100	453	0.2800	0.107500	0.1075
20raw	100	453	0.2900	0.099800	0.0998
20raw	100	453	0.3000	0.092400	0.0924
20raw	100	453	0.3100	0.083600	0.0836
20raw	100	453	0.3200	0.077000	0.0770
20raw	100	453	0.3300	0.070300	0.0703
20raw	100	453	0.3400	0.065300	0.0653
20raw	100	453	0.3500	0.060100	0.0601
20raw	100	453	0.3600	0.054900	0.0549
20raw	100	453	0.3700	0.050000	0.0500
20raw	100	453	0.3800	0.046400	0.0464
20raw	100	453	0.3900	0.043000	0.0430
20raw	100	453	0.4000	0.039200	0.0392
20raw	100	453	0.4100	0.036000	0.0360
20raw	100	453	0.4200	0.033500	0.0335
20raw	100	453	0.4300	0.031500	0.0315
20raw	100	453	0.4400	0.039500	0.0295
20raw	100	453	0.4500	0.037100	0.0271
20raw	100	453	0.4600	0.045200	0.0252
20raw	100	453	0.4700	0.043300	0.0233
20raw	100	453	0.4800	0.042100	0.0221
20raw	100	453	0.4900	0.040900	0.0209
20raw	100	453	0.5000	0.039500	0.0195
20raw	100	453	0.5100	0.037800	0.0178
20raw	100	453	0.5200	0.036600	0.0166
20raw	100	453	0.5300	0.035600	0.0156
20raw	100	453	0.5400	0.034400	0.0144
20raw	100	453	0.5500	0.043300	0.0133
20raw	100	453	0.5600	0.042100	0.0121
20raw	100	453	0.5700	0.041500	0.0115
20raw	100	453	0.5800	0.071100	0.0111
20raw	100	453	0.5900	0.070400	0.0104
20raw	100	453	0.6000	0.089800	0.0098
20raw	100	453	0.6100	0.089600	0.0096
20raw	100	453	0.6200	0.088800	0.0088
20raw	100	453	0.6300	0.088300	0.0083
20raw	100	453	0.6400	0.087700	0.0077
20raw	100	453	0.6500	0.097100	0.0071
20raw	100	453	0.6600	0.106700	0.0067
20raw	100	453	0.6700	0.126500	0.0065
20raw	100	453	0.6800	0.135700	0.0057
20raw	100	453	0.6900	0.204900	0.0049
20raw	100	453	0.7000	0.204300	0.0043
20raw	100	453	0.7100	0.234000	0.0040
20raw	100	453	0.7200	0.253800	0.0038
20raw	100	453	0.7300	0.263500	0.0035
20raw	100	453	0.7400	0.333300	0.0033
20raw	100	453	0.7500	0.383000	0.0030
20raw	100	453	0.7600	0.402800	0.0028
20raw	100	453	0.7700	0.412600	0.0026
20raw	100	453	0.7800	0.432400	0.0024
20raw	100	453	0.7900	0.462200	0.0022
20raw	100	453	0.8000	0.491900	0.0019
20raw	100	453	0.8100	0.531700	0.0017
20raw	100	453	0.8200	0.551700	0.0017
20raw	100	453	0.8300	0.591500	0.0015
20raw	100	453	0.8400	0.641100	0.0011
20raw	100	453	0.8500	0.680800	0.0008
20raw	100	453	0.8600	0.690700	0.0007
20raw	100	453	0.8700	0.760600	0.0006
20raw	100	453	0.8800	0.810400	0.0004
20raw	100	453	0.8900	0.840300	0.0003
20raw	100	453	0.9000	0.900200	0.0002
20raw	100	453	0.9100	0.920100	0.0001
20raw	100	453	0.9200	0.960100	0.0001
20raw	100	453	0.9300	1.020100	0.0001
20raw	100	453	0.9400	1.050100	0.0001
20raw	100	453	0.9500	1.110000	0.0000
20raw	100	453	0.9600	1.180000	0.0000
20raw	100	453	0.9700	1.280000	0.0000
20raw	100	453	0.9800	1.370000	0.0000
20raw	100	453	0.9900	1.420000	0.0000
20raw	100	453	1.0000	1.440000	0.0000
20raw	1000	453	0.0100	0.967500	0.9675
20raw	1000	453	0.0200	0.927500	0.9275
20raw	1000	453	0.0300	0.872700	0.8727
20raw	1000	453	0.0400	0.818600	0.8186
20raw	1000	453	0.0500	0.762800	0.7628
20raw	1000	453	0.0600	0.703200	0.7032
20raw	1000	453	0.0700	0.647800	0.6478
20raw	1000	453	0.0800	0.591000	0.5910
20raw	1000	453	0.0900	0.544200	0.5442
20raw	1000	453	0.1000	0.495500	0.4955
20raw	1000	453	0.1100	0.455800	0.4558
20raw	1000	453	0.1200	0.420000	0.4200
20raw	1000	453	0.1300	0.384100	0.3841
20raw	1000	453	0.1400	0.352400	0.3524
20raw	1000	453	0.1500	0.325000	0.3250
20raw	1000	453	0.1600	0.296600	0.2966
20raw	1000	453	0.1700	0.273100	0.2731
20raw	1000	453	0.1800	0.253400	0.2534
20raw	1000	453	0.1900	0.232600	0.2326
20raw	1000	453	0.2000	0.213100	0.2131
20raw	1000	453	0.2100	0.194900	0.1949
20raw	1000	453	0.2200	0.178700	0.1787
20raw	1000	453	0.2300	0.162400	0.1624
20raw	1000	453	0.2400	0.148100	0.1481
20raw	1000	453	0.2500	0.136900	0.1369
20raw	1000	453	0.2600	0.126900	0.1269
20raw	1000	453	0.2700	0.116500	0.1165
20raw	1000	453	0.2800	0.107500	0.1075
20raw	1000	453	0.2900	0.099800	0.0998
20raw	1000	453	0.3000	0.092400	0.0924
20raw	1000	453	0.3100	0.083600	0.0836
20raw	1000	453	0.3200	0.077000	0.0770
20raw	1000	453	0.3300	0.070300	0.0703
20raw	1000	453	0.3400	0.065300	0.0653
20raw	1000	453	0.3500	0.060100	0.0601
20raw	1000	453	0.3600	0.054900	0.0549
20raw	1000	453	0.3700	0.050000	0.0500
20raw	1000	453	0.3800	0.046400	0.0464
20raw	1000	453	0.3900	0.043000	0.0430
20raw	1000	453	0.4000	0.039200	0.0392
20raw	1000	453	0.4100	0.036000	0.0360
20raw	1000	453	0.4200	0.033500	0.0335
20raw	1000	453	0.4300	0.031500	0.0315
20raw	1000	453	0.4400	0.129500	0.0295
20raw	1000	453	0.4500	0.127100	0.0271
20raw	1000	453	0.4600	0.225200	0.0252
20raw	1000	453	0.4700	0.223300	0.0233
20raw	1000	453	0.4800	0.222100	0.0221
20raw	1000	453	0.4900	0.220900	0.0209
20raw	1000	453	0.5000	0.219500	0.0195
20raw	1000	453	0.5100	0.217800	0.0178
20raw	1000	453	0.5200	0.216600	0.0166
20raw	1000	453	0.5300	0.215600	0.0156
20raw	1000	453	0.5400	0.214400	0.0144
20raw	1000	453	0.5500	0.313300	0.0133
20raw	1000	453	0.5600	0.312100	0.0121
20raw	1000	453	0.5700	0.311500	0.0115
20raw	1000	453	0.5800	0.611100	0.0111
20raw	1000	453	0.5900	0.610400	0.0104
20raw	1000	453	0.6000	0.809800	0.0098
20raw	1000	453	0.6100	0.809600	0.0096
20raw	1000	453	0.6200	0.808800	0.0088
20raw	1000	453	0.6300	0.808300	0.0083
20raw	1000	453	0.6400	0.807700	0.0077
20raw	1000	453	0.6500	0.907100	0.0071
20raw	1000	453	0.6600	1.006700	0.0067
20raw	1000	453	0.6700	1.206500	0.0065
20raw	1000	453	0.6800	1.305700	0.0057
20raw	1000	453	0.6900	2.004900	0.0049
20raw	1000	453	0.7000	2.004300	0.0043
20raw	1000	453	0.7100	2.304000	0.0040
20raw	1000	453	0.7200	2.503800	0.0038
20raw	1000	453	0.7300	2.603500	0.0035
20raw	1000	453	0.7400	3.303300	0.0033
20raw	1000	453	0.7500	3.803000	0.0030
20raw	1000	453	0.7600	4.002800	0.0028
20raw	1000	453	0.7700	4.102600	0.0026
20raw	1000	453	0.7800	4.302400	0.0024
20raw	1000	453	0.7900	4.602200	0.0022
20raw	1000	453	0.8000	4.901900	0.0019
20raw	1000	453	0.8100	5.301700	0.0017
20raw	1000	453	0.8200	5.501700	0.0017
20raw	1000	453	0.8300	5.901500	0.0015
20raw	1000	453	0.8400	6.401100	0.0011
20raw	1000	453	0.8500	6.800800	0.0008
20raw	1000	453	0.8600	6.900700	0.0007
20raw	1000	453	0.8700	7.600600	0.0006
20raw	1000	453	0.8800	8.100400	0.0004
20raw	1000	453	0.8900	8.400300	0.0003
20raw	1000	453	0.9000	9.000200	0.0002
20raw	1000	453	0.9100	9.200100	0.0001
20raw	1000	453	0.9200	9.600100	0.0001
20raw	1000	453	0.9300	10.200100	0.0001
20raw	1000	453	0.9400	10.500100	0.0001
20raw	1000	453	0.9500	11.100000	0.0000
20raw	1000	453	0.9600	11.800000	0.0000
20raw	1000	453	0.9700	12.800000	0.0000
20raw	1000	453	0.9800	13.700000	0.0000
20raw	1000	453	0.9900	14.200000	0.0000
20raw	1000	453	1.0000	14.400000	0.0000
20raw	1	590	0.0100	0.965000	0.9650
20raw	1	590	0.0200	0.915000	0.9150
20raw	1	590	0.0300	0.855700	0.8557
20raw	1	590	0.0400	0.793800	0.7938
20raw	1	590	0.0500	0.729200	0.7292
20raw	1	590	0.0600	0.666700	0.6667
20raw	1	590	0.0700	0.612100	0.6121
20raw	1	590	0.0800	0.561500	0.5615
20raw	1	590	0.0900	0.512700	0.5127
20raw	1	590	0.1000	0.471000	0.4710
20raw	1	590	0.1100	0.433700	0.4337
20raw	1	590	0.1200	0.398200	0.3982
20raw	1	590	0.1300	0.367600	0.3676
20raw	1	590	0.1400	0.339600	0.3396
20raw	1	590	0.1500	0.314000	0.3140
20raw	1	590	0.1600	0.288200	0.2882
20raw	1	590	0.1700	0.262600	0.2626
20raw	1	590	0.1800	0.240300	0.2403
20raw	1	590	0.1900	0.220500	0.2205
20raw	1	590	0.2000	0.204400	0.2044
20raw	1	590	0.2100	0.188800	0.1888
20raw	1	590	0.2200	0.173700	0.1737
20raw	1	590	0.2300	0.159600	0.1596
20raw	1	590	0.2400	0.146200	0.1462
20raw	1	590	0.2500	0.135000	0.1350
20raw	1	590	0.2600	0.123200	0.1232
20raw	1	590	0.2700	0.115300	0.1153
20raw	1	590	0.2800	0.106200	0.1062
20raw	1	590	0.2900	0.098100	0.0981
20raw	1	590	0.3000	0.091100	0.0911
20raw	1	590	0.3100	0.082500	0.0825
20raw	1	590	0.3200	0.076900	0.0769
20raw	1	590	0.3300	0.071600	0.0716
20raw	1	590	0.3400	0.067700	0.0677
20raw	1	590	0.3500	0.062500	0.0625
20raw	1	590	0.3600	0.057500	0.0575
20raw	1	590	0.3700	0.053300	0.0533
20raw	1	590	0.3800	0.048800	0.0488
20raw	1	590	0.3900	0.044700	0.0447
20raw	1	590	0.4000	0.041800	0.0418
20raw	1	590	0.4100	0.039100	0.0391
20raw	1	590	0.4200	0.037000	0.0370
20raw	1	590	0.4300	0.034900	0.0349
20raw	1	590	0.4400	0.032700	0.0327
20raw	1	590	0.4500	0.030900	0.0308
20raw	1	590	0.4600	0.028800	0.0287
20raw	1	590	0.4700	0.026700	0.0266
20raw	1	590	0.4800	0.025700	0.0256
20raw	1	590	0.4900	0.024000	0.0239
20raw	1	590	0.5000	0.022100	0.0220
20raw	1	590	0.5100	0.021000	0.0209
20raw	1	590	0.5200	0.019700	0.0196
20raw	1	590	0.5300	0.018300	0.0182
20raw	1	590	0.5400	0.017200	0.0171
20raw	1	590	0.5500	0.015700	0.0156
20raw	1	590	0.5600	0.014900	0.0146
20raw	1	590	0.5700	0.014400	0.0141
20raw	1	590	0.5800	0.013600	0.0133
20raw	1	590	0.5900	0.012500	0.0122
20raw	1	590	0.6000	0.010300	0.0100
20raw	1	590	0.6100	0.010000	0.0097
20raw	1	590	0.6200	0.009500	0.0089
20raw	1	590	0.6300	0.009200	0.0085
20raw	1	590	0.6400	0.008900	0.0081
20raw	1	590	0.6500	0.008500	0.0075
20raw	1	590	0.6600	0.008300	0.0071
20raw	1	590	0.6700	0.008000	0.0066
20raw	1	590	0.6800	0.008200	0.0066
20raw	1	590	0.6900	0.007700	0.0057
20raw	1	590	0.7000	0.007200	0.0052
20raw	1	590	0.7100	0.006800	0.0047
20raw	1	590	0.7200	0.006900	0.0046
20raw	1	590	0.7300	0.007000	0.0041
20raw	1	590	0.7400	0.006600	0.0036
20raw	1	590	0.7500	0.006500	0.0032
20raw	1	590	0.7600	0.006600	0.0030
20raw	1	590	0.7700	0.006700	0.0029
20raw	1	590	0.7800	0.006600	0.0026
20raw	1	590	0.7900	0.006300	0.0022
20raw	1	590	0.8000	0.006100	0.0017
20raw	1	590	0.8100	0.006100	0.0016
20raw	1	590	0.8200	0.006300	0.0015
20raw	1	590	0.8300	0.006600	0.0013
20raw	1	590	0.8400	0.006900	0.0012
20raw	1	590	0.8500	0.007300	0.0009
20raw	1	590	0.8600	0.007300	0.0005
20raw	1	590	0.8700	0.007700	0.0004
20raw	1	590	0.8800	0.008100	0.0003
20raw	1	590	0.8900	0.008400	0.0003
20raw	1	590	0.9000	0.008700	0.0003
20raw	1	590	0.9100	0.009300	0.0003
20raw	1	590	0.9200	0.009700	0.0001
20raw	1	590	0.9300	0.010400	0.0001
20raw	1	590	0.9400	0.010500	0.0001
20raw	1	590	0.9500	0.010900	0.0000
20raw	1	590	0.9600	0.011900	0.0000
20raw	1	590	0.9700	0.012700	0.0000
20raw	1	590	0.9800	0.013300	0.0000
20raw	1	590	0.9900	0.014400	0.0000
20raw	1	590	1.0000	0.014400	0.0000
20raw	10	590	0.0100	0.965000	0.9650
20raw	10	590	0.0200	0.915000	0.9150
20raw	10	590	0.0300	0.855700	0.8557
20raw	10	590	0.0400	0.793800	0.7938
20raw	10	590	0.0500	0.729200	0.7292
20raw	10	590	0.0600	0.666700	0.6667
20raw	10	590	0.0700	0.612100	0.6121
20raw	10	590	0.0800	0.561500	0.5615
20raw	10	590	0.0900	0.512700	0.5127
20raw	10	590	0.1000	0.471000	0.4710
20raw	10	590	0.1100	0.433700	0.4337
20raw	10	590	0.1200	0.398200	0.3982
20raw	10	590	0.1300	0.367600	0.3676
20raw	10	590	0.1400	0.339600	0.3396
20raw	10	590	0.1500	0.314000	0.3140
20raw	10	590	0.1600	0.288200	0.2882
20raw	10	590	0.1700	0.262600	0.2626
20raw	10	590	0.1800	0.240300	0.2403
20raw	10	590	0.1900	0.220500	0.2205
20raw	10	590	0.2000	0.204400	0.2044
20raw	10	590	0.2100	0.188800	0.1888
20raw	10	590	0.2200	0.173700	0.1737
20raw	10	590	0.2300	0.159600	0.1596
20raw	10	590	0.2400	0.146200	0.1462
20raw	10	590	0.2500	0.135000	0.1350
20raw	10	590	0.2600	0.123200	0.1232
20raw	10	590	0.2700	0.115300	0.1153
20raw	10	590	0.2800	0.106200	0.1062
20raw	10	590	0.2900	0.098100	0.0981
20raw	10	590	0.3000	0.091100	0.0911
20raw	10	590	0.3100	0.082500	0.0825
20raw	10	590	0.3200	0.076900	0.0769
20raw	10	590	0.3300	0.071600	0.0716
20raw	10	590	0.3400	0.067700	0.0677
20raw	10	590	0.3500	0.062500	0.0625
20raw	10	590	0.3600	0.057500	0.0575
20raw	10	590	0.3700	0.053300	0.0533
20raw	10	590	0.3800	0.048800	0.0488
20raw	10	590	0.3900	0.044700	0.0447
20raw	10	590	0.4000	0.041800	0.0418
20raw	10	590	0.4100	0.039100	0.0391
20raw	10	590	0.4200	0.037000	0.0370
20raw	10	590	0.4300	0.034900	0.0349
20raw	10	590	0.4400	0.032700	0.0327
20raw	10	590	0.4500	0.031800	0.0308
20raw	10	590	0.4600	0.029700	0.0287
20raw	10	590	0.4700	0.027600	0.0266
20raw	10	590	0.4800	0.026600	0.0256
20raw	10	590	0.4900	0.024900	0.0239
20raw	10	590	0.5000	0.023000	0.0220
20raw	10	590	0.5100	0.021900	0.0209
20raw	10	590	0.5200	0.020600	0.0196
20raw	10	590	0.5300	0.019200	0.0182
20raw	10	590	0.5400	0.018100	0.0171
20raw	10	590	0.5500	0.016600	0.0156
20raw	10	590	0.5600	0.017600	0.0146
20raw	10	590	0.5700	0.017100	0.0141
20raw	10	590	0.5800	0.016300	0.0133
20raw	10	590	0.5900	0.015200	0.0122
20raw	10	590	0.6000	0.013000	0.0100
20raw	10	590	0.6100	0.012700	0.0097
20raw	10	590	0.6200	0.014900	0.0089
20raw	10	590	0.6300	0.015500	0.0085
20raw	10	590	0.6400	0.016100	0.0081
20raw	10	590	0.6500	0.017500	0.0075
20raw	10	590	0.6600	0.019100	0.0071
20raw	10	590	0.6700	0.020600	0.0066
20raw	10	590	0.6800	0.022600	0.0066
20raw	10	590	0.6900	0.025700	0.0057
20raw	10	590	0.7000	0.025200	0.0052
20raw	10	590	0.7100	0.025700	0.0047
20raw	10	590	0.7200	0.027600	0.0046
20raw	10	590	0.7300	0.033100	0.0041
20raw	10	590	0.7400	0.033600	0.0036
20raw	10	590	0.7500	0.036200	0.0032
20raw	10	590	0.7600	0.039000	0.0030
20raw	10	590	0.7700	0.040900	0.0029
20raw	10	590	0.7800	0.042600	0.0026
20raw	10	590	0.7900	0.043200	0.0022
20raw	10	590	0.8000	0.045700	0.0017
20raw	10	590	0.8100	0.046600	0.0016
20raw	10	590	0.8200	0.049500	0.0015
20raw	10	590	0.8300	0.054300	0.0013
20raw	10	590	0.8400	0.058200	0.0012
20raw	10	590	0.8500	0.064900	0.0009
20raw	10	590	0.8600	0.068500	0.0005
20raw	10	590	0.8700	0.073400	0.0004
20raw	10	590	0.8800	0.078300	0.0003
20raw	10	590	0.8900	0.081300	0.0003
20raw	10	590	0.9000	0.084300	0.0003
20raw	10	590	0.9100	0.090300	0.0003
20raw	10	590	0.9200	0.096100	0.0001
20raw	10	590	0.9300	0.103100	0.0001
20raw	10	590	0.9400	0.104100	0.0001
20raw	10	590	0.9500	0.109000	0.0000
20raw	10	590	0.9600	0.119000	0.0000
20raw	10	590	0.9700	0.127000	0.0000
20raw	10	590	0.9800	0.133000	0.0000
20raw	10	590	0.9900	0.144000	0.0000
20raw	10	590	1.0000	0.144000	0.0000
20raw	100	590	0.0100	0.965000	0.9650
20raw	100	590	0.0200	0.915000	0.9150
20raw	100	590	0.0300	0.855700	0.8557
20raw	100	590	0.0400	0.793800	0.7938
20raw	100	590	0.0500	0.729200	0.7292
20raw	100	590	0.0600	0.666700	0.6667
20raw	100	590	0.0700	0.612100	0.6121
20raw	100	590	0.0800	0.561500	0.5615
20raw	100	590	0.0900	0.512700	0.5127
20raw	100	590	0.1000	0.471000	0.4710
20raw	100	590	0.1100	0.433700	0.4337
20raw	100	590	0.1200	0.398200	0.3982
20raw	100	590	0.1300	0.367600	0.3676
20raw	100	590	0.1400	0.339600	0.3396
20raw	100	590	0.1500	0.314000	0.3140
20raw	100	590	0.1600	0.288200	0.2882
20raw	100	590	0.1700	0.262600	0.2626
20raw	100	590	0.1800	0.240300	0.2403
20raw	100	590	0.1900	0.220500	0.2205
20raw	100	590	0.2000	0.204400	0.2044
20raw	100	590	0.2100	0.188800	0.1888
20raw	100	590	0.2200	0.173700	0.1737
20raw	100	590	0.2300	0.159600	0.1596
20raw	100	590	0.2400	0.146200	0.1462
20raw	100	590	0.2500	0.135000	0.1350
20raw	100	590	0.2600	0.123200	0.1232
20raw	100	590	0.2700	0.115300	0.1153
20raw	100	590	0.2800	0.106200	0.1062
20raw	100	590	0.2900	0.098100	0.0981
20raw	100	590	0.3000	0.091100	0.0911
20raw	100	590	0.3100	0.082500	0.0825
20raw	100	590	0.3200	0.076900	0.0769
20raw	100	590	0.3300	0.071600	0.0716
20raw	100	590	0.3400	0.067700	0.0677
20raw	100	590	0.3500	0.062500	0.0625
20raw	100	590	0.3600	0.057500	0.0575
20raw	100	590	0.3700	0.053300	0.0533
20raw	100	590	0.3800	0.048800	0.0488
20raw	100	590	0.3900	0.044700	0.0447
20raw	100	590	0.4000	0.041800	0.0418
20raw	100	590	0.4100	0.039100	0.0391
20raw	100	590	0.4200	0.037000	0.0370
20raw	100	590	0.4300	0.034900	0.0349
20raw	100	590	0.4400	0.032700	0.0327
20raw	100	590	0.4500	0.040800	0.0308
20raw	100	590	0.4600	0.038700	0.0287
20raw	100	590	0.4700	0.036600	0.0266
20raw	100	590	0.4800	0.035600	0.0256
20raw	100	590	0.4900	0.033900	0.0239
20raw	100	590	0.5000	0.032000	0.0220
20raw	100	590	0.5100	0.030900	0.0209
20raw	100	590	0.5200	0.029600	0.0196
20raw	100	590	0.5300	0.028200	0.0182
20raw	100	590	0.5400	0.027100	0.0171
20raw	100	590	0.5500	0.025600	0.0156
20raw	100	590	0.5600	0.044600	0.0146
20raw	100	590	0.5700	0.044100	0.0141
20raw	100	590	0.5800	0.043300	0.0133
20raw	100	590	0.5900	0.042200	0.0122
20raw	100	590	0.6000	0.040000	0.0100
20raw	100	590	0.6100	0.039700	0.0097
20raw	100	590	0.6200	0.068900	0.0089
20raw	100	590	0.6300	0.078500	0.0085
20raw	100	590	0.6400	0.088100	0.0081
20raw	100	590	0.6500	0.107500	0.0075
20raw	100	590	0.6600	0.127100	0.0071
20raw	100	590	0.6700	0.146600	0.0066
20raw	100	590	0.6800	0.166600	0.0066
20raw	100	590	0.6900	0.205700	0.0057
20raw	100	590	0.7000	0.205200	0.0052
20raw	100	590	0.7100	0.214700	0.0047
20raw	100	590	0.7200	0.234600	0.0046
20raw	100	590	0.7300	0.294100	0.0041
20raw	100	590	0.7400	0.303600	0.0036
20raw	100	590	0.7500	0.333200	0.0032
20raw	100	590	0.7600	0.363000	0.0030
20raw	100	590	0.7700	0.382900	0.0029
20raw	100	590	0.7800	0.402600	0.0026
20raw	100	590	0.7900	0.412200	0.0022
20raw	100	590	0.8000	0.441700	0.0017
20raw	100	590	0.8100	0.451600	0.0016
20raw	100	590	0.8200	0.481500	0.0015
20raw	100	590	0.8300	0.531300	0.0013
20raw	100	590	0.8400	0.571200	0.0012
20raw	100	590	0.8500	0.640900	0.0009
20raw	100	590	0.8600	0.680500	0.0005
20raw	100	590	0.8700	0.730400	0.0004
20raw	100	590	0.8800	0.780300	0.0003
20raw	100	590	0.8900	0.810300	0.0003
20raw	100	590	0.9000	0.840300	0.0003
20raw	100	590	0.9100	0.900300	0.0003
20raw	100	590	0.9200	0.960100	0.0001
20raw	100	590	0.9300	1.030100	0.0001
20raw	100	590	0.9400	1.040100	0.0001
20raw	100	590	0.9500	1.090000	0.0000
20raw	100	590	0.9600	1.190000	0.0000
20raw	100	590	0.9700	1.270000	0.0000
20raw	100	590	0.9800	1.330000	0.0000
20raw	100	590	0.9900	1.440000	0.0000
20raw	100	590	1.0000	1.440000	0.0000
20raw	1000	590	0.0100	0.965000	0.9650
20raw	1000	590	0.0200	0.915000	0.9150
20raw	1000	590	0.0300	0.855700	0.8557
20raw	1000	590	0.0400	0.793800	0.7938
20raw	1000	590	0.0500	0.729200	0.7292
20raw	1000	590	0.0600	0.666700	0.6667
20raw	1000	590	0.0700	0.612100	0.6121
20raw	1000	590	0.0800	0.561500	0.5615
20raw	1000	590	0.0900	0.512700	0.5127
20raw	1000	590	0.1000	0.471000	0.4710
20raw	1000	590	0.1100	0.433700	0.4337
20raw	1000	590	0.1200	0.398200	0.3982
20raw	1000	590	0.1300	0.367600	0.3676
20raw	1000	590	0.1400	0.339600	0.3396
20raw	1000	590	0.1500	0.314000	0.3140
20raw	1000	590	0.1600	0.288200	0.2882
20raw	1000	590	0.1700	0.262600	0.2626
20raw	1000	590	0.1800	0.240300	0.2403
20raw	1000	590	0.1900	0.220500	0.2205
20raw	1000	590	0.2000	0.204400	0.2044
20raw	1000	590	0.2100	0.188800	0.1888
20raw	1000	590	0.2200	0.173700	0.1737
20raw	1000	590	0.2300	0.159600	0.1596
20raw	1000	590	0.2400	0.146200	0.1462
20raw	1000	590	0.2500	0.135000	0.1350
20raw	1000	590	0.2600	0.123200	0.1232
20raw	1000	590	0.2700	0.115300	0.1153
20raw	1000	590	0.2800	0.106200	0.1062
20raw	1000	590	0.2900	0.098100	0.0981
20raw	1000	590	0.3000	0.091100	0.0911
20raw	1000	590	0.3100	0.082500	0.0825
20raw	1000	590	0.3200	0.076900	0.0769
20raw	1000	590	0.3300	0.071600	0.0716
20raw	1000	590	0.3400	0.067700	0.0677
20raw	1000	590	0.3500	0.062500	0.0625
20raw	1000	590	0.3600	0.057500	0.0575
20raw	1000	590	0.3700	0.053300	0.0533
20raw	1000	590	0.3800	0.048800	0.0488
20raw	1000	590	0.3900	0.044700	0.0447
20raw	1000	590	0.4000	0.041800	0.0418
20raw	1000	590	0.4100	0.039100	0.0391
20raw	1000	590	0.4200	0.037000	0.0370
20raw	1000	590	0.4300	0.034900	0.0349
20raw	1000	590	0.4400	0.032700	0.0327
20raw	1000	590	0.4500	0.130800	0.0308
20raw	1000	590	0.4600	0.128700	0.0287
20raw	1000	590	0.4700	0.126600	0.0266
20raw	1000	590	0.4800	0.125600	0.0256
20raw	1000	590	0.4900	0.123900	0.0239
20raw	1000	590	0.5000	0.122000	0.0220
20raw	1000	590	0.5100	0.120900	0.0209
20raw	1000	590	0.5200	0.119600	0.0196
20raw	1000	590	0.5300	0.118200	0.0182
20raw	1000	590	0.5400	0.117100	0.0171
20raw	1000	590	0.5500	0.115600	0.0156
20raw	1000	590	0.5600	0.314600	0.0146
20raw	1000	590	0.5700	0.314100	0.0141
20raw	1000	590	0.5800	0.313300	0.0133
20raw	1000	590	0.5900	0.312200	0.0122
20raw	1000	590	0.6000	0.310000	0.0100
20raw	1000	590	0.6100	0.309700	0.0097
20raw	1000	590	0.6200	0.608900	0.0089
20raw	1000	590	0.6300	0.708500	0.0085
20raw	1000	590	0.6400	0.808100	0.0081
20raw	1000	590	0.6500	1.007500	0.0075
20raw	1000	590	0.6600	1.207100	0.0071
20raw	1000	590	0.6700	1.406600	0.0066
20raw	1000	590	0.6800	1.606600	0.0066
20raw	1000	590	0.6900	2.005700	0.0057
20raw	1000	590	0.7000	2.005200	0.0052
20raw	1000	590	0.7100	2.104700	0.0047
20raw	1000	590	0.7200	2.304600	0.0046
20raw	1000	590	0.7300	2.904100	0.0041
20raw	1000	590	0.7400	3.003600	0.0036
20raw	1000	590	0.7500	3.303200	0.0032
20raw	1000	590	0.7600	3.603000	0.0030
20raw	1000	590	0.7700	3.802900	0.0029
20raw	1000	590	0.7800	4.002600	0.0026
20raw	1000	590	0.7900	4.102200	0.0022
20raw	1000	590	0.8000	4.401700	0.0017
20raw	1000	590	0.8100	4.501600	0.0016
20raw	1000	590	0.8200	4.801500	0.0015
20raw	1000	590	0.8300	5.301300	0.0013
20raw	1000	590	0.8400	5.701200	0.0012
20raw	1000	590	0.8500	6.400900	0.0009
20raw	1000	590	0.8600	6.800500	0.0005
20raw	1000	590	0.8700	7.300400	0.0004
20raw	1000	590	0.8800	7.800300	0.0003
20raw	1000	590	0.8900	8.100300	0.0003
20raw	1000	590	0.9000	8.400300	0.0003
20raw	1000	590	0.9100	9.000300	0.0003
20raw	1000	590	0.9200	9.600100	0.0001
20raw	1000	590	0.9300	10.300100	0.0001
20raw	1000	590	0.9400	10.400100	0.0001
20raw	1000	590	0.9500	10.900000	0.0000
20raw	1000	590	0.9600	11.900000	0.0000
20raw	1000	590	0.9700	12.700000	0.0000
20raw	1000	590	0.9800	13.300000	0.0000
20raw	1000	590	0.9900	14.400000	0.0000
20raw	1000	590	1.0000	14.400000	0.0000
23_noVmax	1	42	0.0100	0.971200	0.9712
23_noVmax	1	42	0.0200	0.927200	0.9272
23_noVmax	1	42	0.0300	0.873300	0.8733
23_noVmax	1	42	0.0400	0.810500	0.8105
23_noVmax	1	42	0.0500	0.750400	0.7504
23_noVmax	1	42	0.0600	0.692600	0.6926
23_noVmax	1	42	0.0700	0.638200	0.6382
23_noVmax	1	42	0.0800	0.588400	0.5884
23_noVmax	1	42	0.0900	0.535900	0.5359
23_noVmax	1	42	0.1000	0.488100	0.4881
23_noVmax	1	42	0.1100	0.448500	0.4485
23_noVmax	1	42	0.1200	0.409700	0.4097
23_noVmax	1	42	0.1300	0.373100	0.3731
23_noVmax	1	42	0.1400	0.339200	0.3392
23_noVmax	1	42	0.1500	0.309600	0.3096
23_noVmax	1	42	0.1600	0.283900	0.2839
23_noVmax	1	42	0.1700	0.262800	0.2628
23_noVmax	1	42	0.1800	0.240100	0.2401
23_noVmax	1	42	0.1900	0.221200	0.2212
23_noVmax	1	42	0.2000	0.203400	0.2034
23_noVmax	1	42	0.2100	0.186400	0.1864
23_noVmax	1	42	0.2200	0.169100	0.1691
23_noVmax	1	42	0.2300	0.154000	0.1540
23_noVmax	1	42	0.2400	0.141800	0.1418
23_noVmax	1	42	0.2500	0.130500	0.1305
23_noVmax	1	42	0.2600	0.120200	0.1202
23_noVmax	1	42	0.2700	0.112600	0.1126
23_noVmax	1	42	0.2800	0.104300	0.1043
23_noVmax	1	42	0.2900	0.097600	0.0976
23_noVmax	1	42	0.3000	0.090200	0.0902
23_noVmax	1	42	0.3100	0.083200	0.0832
23_noVmax	1	42	0.3200	0.075000	0.0750
23_noVmax	1	42	0.3300	0.070200	0.0702
23_noVmax	1	42	0.3400	0.064700	0.0647
23_noVmax	1	42	0.3500	0.060700	0.0607
23_noVmax	1	42	0.3600	0.055400	0.0554
23_noVmax	1	42	0.3700	0.051500	0.0515
23_noVmax	1	42	0.3800	0.047500	0.0475
23_noVmax	1	42	0.3900	0.043900	0.0439
23_noVmax	1	42	0.4000	0.040000	0.0400
23_noVmax	1	42	0.4100	0.036600	0.0366
23_noVmax	1	42	0.4200	0.034500	0.0345
23_noVmax	1	42	0.4300	0.032000	0.0320
23_noVmax	1	42	0.4400	0.029300	0.0293
23_noVmax	1	42	0.4500	0.026600	0.0266
23_noVmax	1	42	0.4600	0.024500	0.0245
23_noVmax	1	42	0.4700	0.023000	0.0230
23_noVmax	1	42	0.4800	0.021700	0.0217
23_noVmax	1	42	0.4900	0.021100	0.0210
23_noVmax	1	42	0.5000	0.020300	0.0202
23_noVmax	1	42	0.5100	0.019000	0.0189
23_noVmax	1	42	0.5200	0.017900	0.0178
23_noVmax	1	42	0.5300	0.016900	0.0168
23_noVmax	1	42	0.5400	0.015300	0.0149
23_noVmax	1	42	0.5500	0.013900	0.0135
23_noVmax	1	42	0.5600	0.013300	0.0129
23_noVmax	1	42	0.5700	0.012300	0.0119
23_noVmax	1	42	0.5800	0.012000	0.0116
23_noVmax	1	42	0.5900	0.011500	0.0109
23_noVmax	1	42	0.6000	0.010700	0.0101
23_noVmax	1	42	0.6100	0.009800	0.0092
23_noVmax	1	42	0.6200	0.009800	0.0089
23_noVmax	1	42	0.6300	0.009500	0.0086
23_noVmax	1	42	0.6400	0.008600	0.0077
23_noVmax	1	42	0.6500	0.007700	0.0068
23_noVmax	1	42	0.6600	0.007300	0.0064
23_noVmax	1	42	0.6700	0.007000	0.0060
23_noVmax	1	42	0.6800	0.006400	0.0052
23_noVmax	1	42	0.6900	0.006000	0.0047
23_noVmax	1	42	0.7000	0.005700	0.0041
23_noVmax	1	42	0.7100	0.005300	0.0035
23_noVmax	1	42	0.7200	0.005500	0.0033
23_noVmax	1	42	0.7300	0.005600	0.0029
23_noVmax	1	42	0.7400	0.005500	0.0025
23_noVmax	1	42	0.7500	0.005500	0.0024
23_noVmax	1	42	0.7600	0.005900	0.0022
23_noVmax	1	42	0.7700	0.005900	0.0018
23_noVmax	1	42	0.7800	0.006200	0.0017
23_noVmax	1	42	0.7900	0.006700	0.0017
23_noVmax	1	42	0.8000	0.006500	0.0014
23_noVmax	1	42	0.8100	0.006500	0.0011
23_noVmax	1	42	0.8200	0.006500	0.0010
23_noVmax	1	42	0.8300	0.006800	0.0009
23_noVmax	1	42	0.8400	0.006800	0.0006
23_noVmax	1	42	0.8500	0.007000	0.0005
23_noVmax	1	42	0.8600	0.007300	0.0003
23_noVmax	1	42	0.8700	0.007600	0.0003
23_noVmax	1	42	0.8800	0.008100	0.0003
23_noVmax	1	42	0.8900	0.008500	0.0002
23_noVmax	1	42	0.9000	0.009200	0.0002
23_noVmax	1	42	0.9100	0.009500	0.0002
23_noVmax	1	42	0.9200	0.010000	0.0002
23_noVmax	1	42	0.9300	0.010300	0.0002
23_noVmax	1	42	0.9400	0.011200	0.0001
23_noVmax	1	42	0.9500	0.011500	0.0000
23_noVmax	1	42	0.9600	0.012400	0.0000
23_noVmax	1	42	0.9700	0.013100	0.0000
23_noVmax	1	42	0.9800	0.013800	0.0000
23_noVmax	1	42	0.9900	0.014400	0.0000
23_noVmax	1	42	1.0000	0.014400	0.0000
23_noVmax	10	42	0.0100	0.971200	0.9712
23_noVmax	10	42	0.0200	0.927200	0.9272
23_noVmax	10	42	0.0300	0.873300	0.8733
23_noVmax	10	42	0.0400	0.810500	0.8105
23_noVmax	10	42	0.0500	0.750400	0.7504
23_noVmax	10	42	0.0600	0.692600	0.6926
23_noVmax	10	42	0.0700	0.638200	0.6382
23_noVmax	10	42	0.0800	0.588400	0.5884
23_noVmax	10	42	0.0900	0.535900	0.5359
23_noVmax	10	42	0.1000	0.488100	0.4881
23_noVmax	10	42	0.1100	0.448500	0.4485
23_noVmax	10	42	0.1200	0.409700	0.4097
23_noVmax	10	42	0.1300	0.373100	0.3731
23_noVmax	10	42	0.1400	0.339200	0.3392
23_noVmax	10	42	0.1500	0.309600	0.3096
23_noVmax	10	42	0.1600	0.283900	0.2839
23_noVmax	10	42	0.1700	0.262800	0.2628
23_noVmax	10	42	0.1800	0.240100	0.2401
23_noVmax	10	42	0.1900	0.221200	0.2212
23_noVmax	10	42	0.2000	0.203400	0.2034
23_noVmax	10	42	0.2100	0.186400	0.1864
23_noVmax	10	42	0.2200	0.169100	0.1691
23_noVmax	10	42	0.2300	0.154000	0.1540
23_noVmax	10	42	0.2400	0.141800	0.1418
23_noVmax	10	42	0.2500	0.130500	0.1305
23_noVmax	10	42	0.2600	0.120200	0.1202
23_noVmax	10	42	0.2700	0.112600	0.1126
23_noVmax	10	42	0.2800	0.104300	0.1043
23_noVmax	10	42	0.2900	0.097600	0.0976
23_noVmax	10	42	0.3000	0.090200	0.0902
23_noVmax	10	42	0.3100	0.083200	0.0832
23_noVmax	10	42	0.3200	0.075000	0.0750
23_noVmax	10	42	0.3300	0.070200	0.0702
23_noVmax	10	42	0.3400	0.064700	0.0647
23_noVmax	10	42	0.3500	0.060700	0.0607
23_noVmax	10	42	0.3600	0.055400	0.0554
23_noVmax	10	42	0.3700	0.051500	0.0515
23_noVmax	10	42	0.3800	0.047500	0.0475
23_noVmax	10	42	0.3900	0.043900	0.0439
23_noVmax	10	42	0.4000	0.040000	0.0400
23_noVmax	10	42	0.4100	0.036600	0.0366
23_noVmax	10	42	0.4200	0.034500	0.0345
23_noVmax	10	42	0.4300	0.032000	0.0320
23_noVmax	10	42	0.4400	0.029300	0.0293
23_noVmax	10	42	0.4500	0.026600	0.0266
23_noVmax	10	42	0.4600	0.024500	0.0245
23_noVmax	10	42	0.4700	0.023000	0.0230
23_noVmax	10	42	0.4800	0.021700	0.0217
23_noVmax	10	42	0.4900	0.022000	0.0210
23_noVmax	10	42	0.5000	0.021200	0.0202
23_noVmax	10	42	0.5100	0.019900	0.0189
23_noVmax	10	42	0.5200	0.018800	0.0178
23_noVmax	10	42	0.5300	0.017800	0.0168
23_noVmax	10	42	0.5400	0.018900	0.0149
23_noVmax	10	42	0.5500	0.017500	0.0135
23_noVmax	10	42	0.5600	0.016900	0.0129
23_noVmax	10	42	0.5700	0.015900	0.0119
23_noVmax	10	42	0.5800	0.015600	0.0116
23_noVmax	10	42	0.5900	0.016900	0.0109
23_noVmax	10	42	0.6000	0.016100	0.0101
23_noVmax	10	42	0.6100	0.015200	0.0092
23_noVmax	10	42	0.6200	0.017900	0.0089
23_noVmax	10	42	0.6300	0.017600	0.0086
23_noVmax	10	42	0.6400	0.016700	0.0077
23_noVmax	10	42	0.6500	0.015800	0.0068
23_noVmax	10	42	0.6600	0.015400	0.0064
23_noVmax	10	42	0.6700	0.016000	0.0060
23_noVmax	10	42	0.6800	0.017200	0.0052
23_noVmax	10	42	0.6900	0.017700	0.0047
23_noVmax	10	42	0.7000	0.020100	0.0041
23_noVmax	10	42	0.7100	0.021500	0.0035
23_noVmax	10	42	0.7200	0.025300	0.0033
23_noVmax	10	42	0.7300	0.029900	0.0029
23_noVmax	10	42	0.7400	0.032500	0.0025
23_noVmax	10	42	0.7500	0.033400	0.0024
23_noVmax	10	42	0.7600	0.039200	0.0022
23_noVmax	10	42	0.7700	0.042800	0.0018
23_noVmax	10	42	0.7800	0.046700	0.0017
23_noVmax	10	42	0.7900	0.051700	0.0017
23_noVmax	10	42	0.8000	0.052400	0.0014
23_noVmax	10	42	0.8100	0.055100	0.0011
23_noVmax	10	42	0.8200	0.056000	0.0010
23_noVmax	10	42	0.8300	0.059900	0.0009
23_noVmax	10	42	0.8400	0.062600	0.0006
23_noVmax	10	42	0.8500	0.065500	0.0005
23_noVmax	10	42	0.8600	0.070300	0.0003
23_noVmax	10	42	0.8700	0.073300	0.0003
23_noVmax	10	42	0.8800	0.078300	0.0003
23_noVmax	10	42	0.8900	0.083200	0.0002
23_noVmax	10	42	0.9000	0.090200	0.0002
23_noVmax	10	42	0.9100	0.093200	0.0002
23_noVmax	10	42	0.9200	0.098200	0.0002
23_noVmax	10	42	0.9300	0.101200	0.0002
23_noVmax	10	42	0.9400	0.111100	0.0001
23_noVmax	10	42	0.9500	0.115000	0.0000
23_noVmax	10	42	0.9600	0.124000	0.0000
23_noVmax	10	42	0.9700	0.131000	0.0000
23_noVmax	10	42	0.9800	0.138000	0.0000
23_noVmax	10	42	0.9900	0.144000	0.0000
23_noVmax	10	42	1.0000	0.144000	0.0000
23_noVmax	100	42	0.0100	0.971200	0.9712
23_noVmax	100	42	0.0200	0.927200	0.9272
23_noVmax	100	42	0.0300	0.873300	0.8733
23_noVmax	100	42	0.0400	0.810500	0.8105
23_noVmax	100	42	0.0500	0.750400	0.7504
23_noVmax	100	42	0.0600	0.692600	0.6926
23_noVmax	100	42	0.0700	0.638200	0.6382
23_noVmax	100	42	0.0800	0.588400	0.5884
23_noVmax	100	42	0.0900	0.535900	0.5359
23_noVmax	100	42	0.1000	0.488100	0.4881
23_noVmax	100	42	0.1100	0.448500	0.4485
23_noVmax	100	42	0.1200	0.409700	0.4097
23_noVmax	100	42	0.1300	0.373100	0.3731
23_noVmax	100	42	0.1400	0.339200	0.3392
23_noVmax	100	42	0.1500	0.309600	0.3096
23_noVmax	100	42	0.1600	0.283900	0.2839
23_noVmax	100	42	0.1700	0.262800	0.2628
23_noVmax	100	42	0.1800	0.240100	0.2401
23_noVmax	100	42	0.1900	0.221200	0.2212
23_noVmax	100	42	0.2000	0.203400	0.2034
23_noVmax	100	42	0.2100	0.186400	0.1864
23_noVmax	100	42	0.2200	0.169100	0.1691
23_noVmax	100	42	0.2300	0.154000	0.1540
23_noVmax	100	42	0.2400	0.141800	0.1418
23_noVmax	100	42	0.2500	0.130500	0.1305
23_noVmax	100	42	0.2600	0.120200	0.1202
23_noVmax	100	42	0.2700	0.112600	0.1126
23_noVmax	100	42	0.2800	0.104300	0.1043
23_noVmax	100	42	0.2900	0.097600	0.0976
23_noVmax	100	42	0.3000	0.090200	0.0902
23_noVmax	100	42	0.3100	0.083200	0.0832
23_noVmax	100	42	0.3200	0.075000	0.0750
23_noVmax	100	42	0.3300	0.070200	0.0702
23_noVmax	100	42	0.3400	0.064700	0.0647
23_noVmax	100	42	0.3500	0.060700	0.0607
23_noVmax	100	42	0.3600	0.055400	0.0554
23_noVmax	100	42	0.3700	0.051500	0.0515
23_noVmax	100	42	0.3800	0.047500	0.0475
23_noVmax	100	42	0.3900	0.043900	0.0439
23_noVmax	100	42	0.4000	0.040000	0.0400
23_noVmax	100	42	0.4100	0.036600	0.0366
23_noVmax	100	42	0.4200	0.034500	0.0345
23_noVmax	100	42	0.4300	0.032000	0.0320
23_noVmax	100	42	0.4400	0.029300	0.0293
23_noVmax	100	42	0.4500	0.026600	0.0266
23_noVmax	100	42	0.4600	0.024500	0.0245
23_noVmax	100	42	0.4700	0.023000	0.0230
23_noVmax	100	42	0.4800	0.021700	0.0217
23_noVmax	100	42	0.4900	0.031000	0.0210
23_noVmax	100	42	0.5000	0.030200	0.0202
23_noVmax	100	42	0.5100	0.028900	0.0189
23_noVmax	100	42	0.5200	0.027800	0.0178
23_noVmax	100	42	0.5300	0.026800	0.0168
23_noVmax	100	42	0.5400	0.054900	0.0149
23_noVmax	100	42	0.5500	0.053500	0.0135
23_noVmax	100	42	0.5600	0.052900	0.0129
23_noVmax	100	42	0.5700	0.051900	0.0119
23_noVmax	100	42	0.5800	0.051600	0.0116
23_noVmax	100	42	0.5900	0.070900	0.0109
23_noVmax	100	42	0.6000	0.070100	0.0101
23_noVmax	100	42	0.6100	0.069200	0.0092
23_noVmax	100	42	0.6200	0.098900	0.0089
23_noVmax	100	42	0.6300	0.098600	0.0086
23_noVmax	100	42	0.6400	0.097700	0.0077
23_noVmax	100	42	0.6500	0.096800	0.0068
23_noVmax	100	42	0.6600	0.096400	0.0064
23_noVmax	100	42	0.6700	0.106000	0.0060
23_noVmax	100	42	0.6800	0.125200	0.0052
23_noVmax	100	42	0.6900	0.134700	0.0047
23_noVmax	100	42	0.7000	0.164100	0.0041
23_noVmax	100	42	0.7100	0.183500	0.0035
23_noVmax	100	42	0.7200	0.223300	0.0033
23_noVmax	100	42	0.7300	0.272900	0.0029
23_noVmax	100	42	0.7400	0.302500	0.0025
23_noVmax	100	42	0.7500	0.312400	0.0024
23_noVmax	100	42	0.7600	0.372200	0.0022
23_noVmax	100	42	0.7700	0.411800	0.0018
23_noVmax	100	42	0.7800	0.451700	0.0017
23_noVmax	100	42	0.7900	0.501700	0.0017
23_noVmax	100	42	0.8000	0.511400	0.0014
23_noVmax	100	42	0.8100	0.541100	0.0011
23_noVmax	100	42	0.8200	0.551000	0.0010
23_noVmax	100	42	0.8300	0.590900	0.0009
23_noVmax	100	42	0.8400	0.620600	0.0006
23_noVmax	100	42	0.8500	0.650500	0.0005
23_noVmax	100	42	0.8600	0.700300	0.0003
23_noVmax	100	42	0.8700	0.730300	0.0003
23_noVmax	100	42	0.8800	0.780300	0.0003
23_noVmax	100	42	0.8900	0.830200	0.0002
23_noVmax	100	42	0.9000	0.900200	0.0002
23_noVmax	100	42	0.9100	0.930200	0.0002
23_noVmax	100	42	0.9200	0.980200	0.0002
23_noVmax	100	42	0.9300	1.010200	0.0002
23_noVmax	100	42	0.9400	1.110100	0.0001
23_noVmax	100	42	0.9500	1.150000	0.0000
23_noVmax	100	42	0.9600	1.240000	0.0000
23_noVmax	100	42	0.9700	1.310000	0.0000
23_noVmax	100	42	0.9800	1.380000	0.0000
23_noVmax	100	42	0.9900	1.440000	0.0000
23_noVmax	100	42	1.0000	1.440000	0.0000
23_noVmax	1000	42	0.0100	0.971200	0.9712
23_noVmax	1000	42	0.0200	0.927200	0.9272
23_noVmax	1000	42	0.0300	0.873300	0.8733
23_noVmax	1000	42	0.0400	0.810500	0.8105
23_noVmax	1000	42	0.0500	0.750400	0.7504
23_noVmax	1000	42	0.0600	0.692600	0.6926
23_noVmax	1000	42	0.0700	0.638200	0.6382
23_noVmax	1000	42	0.0800	0.588400	0.5884
23_noVmax	1000	42	0.0900	0.535900	0.5359
23_noVmax	1000	42	0.1000	0.488100	0.4881
23_noVmax	1000	42	0.1100	0.448500	0.4485
23_noVmax	1000	42	0.1200	0.409700	0.4097
23_noVmax	1000	42	0.1300	0.373100	0.3731
23_noVmax	1000	42	0.1400	0.339200	0.3392
23_noVmax	1000	42	0.1500	0.309600	0.3096
23_noVmax	1000	42	0.1600	0.283900	0.2839
23_noVmax	1000	42	0.1700	0.262800	0.2628
23_noVmax	1000	42	0.1800	0.240100	0.2401
23_noVmax	1000	42	0.1900	0.221200	0.2212
23_noVmax	1000	42	0.2000	0.203400	0.2034
23_noVmax	1000	42	0.2100	0.186400	0.1864
23_noVmax	1000	42	0.2200	0.169100	0.1691
23_noVmax	1000	42	0.2300	0.154000	0.1540
23_noVmax	1000	42	0.2400	0.141800	0.1418
23_noVmax	1000	42	0.2500	0.130500	0.1305
23_noVmax	1000	42	0.2600	0.120200	0.1202
23_noVmax	1000	42	0.2700	0.112600	0.1126
23_noVmax	1000	42	0.2800	0.104300	0.1043
23_noVmax	1000	42	0.2900	0.097600	0.0976
23_noVmax	1000	42	0.3000	0.090200	0.0902
23_noVmax	1000	42	0.3100	0.083200	0.0832
23_noVmax	1000	42	0.3200	0.075000	0.0750
23_noVmax	1000	42	0.3300	0.070200	0.0702
23_noVmax	1000	42	0.3400	0.064700	0.0647
23_noVmax	1000	42	0.3500	0.060700	0.0607
23_noVmax	1000	42	0.3600	0.055400	0.0554
23_noVmax	1000	42	0.3700	0.051500	0.0515
23_noVmax	1000	42	0.3800	0.047500	0.0475
23_noVmax	1000	42	0.3900	0.043900	0.0439
23_noVmax	1000	42	0.4000	0.040000	0.0400
23_noVmax	1000	42	0.4100	0.036600	0.0366
23_noVmax	1000	42	0.4200	0.034500	0.0345
23_noVmax	1000	42	0.4300	0.032000	0.0320
23_noVmax	1000	42	0.4400	0.029300	0.0293
23_noVmax	1000	42	0.4500	0.026600	0.0266
23_noVmax	1000	42	0.4600	0.024500	0.0245
23_noVmax	1000	42	0.4700	0.023000	0.0230
23_noVmax	1000	42	0.4800	0.021700	0.0217
23_noVmax	1000	42	0.4900	0.121000	0.0210
23_noVmax	1000	42	0.5000	0.120200	0.0202
23_noVmax	1000	42	0.5100	0.118900	0.0189
23_noVmax	1000	42	0.5200	0.117800	0.0178
23_noVmax	1000	42	0.5300	0.116800	0.0168
23_noVmax	1000	42	0.5400	0.414900	0.0149
23_noVmax	1000	42	0.5500	0.413500	0.0135
23_noVmax	1000	42	0.5600	0.412900	0.0129
23_noVmax	1000	42	0.5700	0.411900	0.0119
23_noVmax	1000	42	0.5800	0.411600	0.0116
23_noVmax	1000	42	0.5900	0.610900	0.0109
23_noVmax	1000	42	0.6000	0.610100	0.0101
23_noVmax	1000	42	0.6100	0.609200	0.0092
23_noVmax	1000	42	0.6200	0.908900	0.0089
23_noVmax	1000	42	0.6300	0.908600	0.0086
23_noVmax	1000	42	0.6400	0.907700	0.0077
23_noVmax	1000	42	0.6500	0.906800	0.0068
23_noVmax	1000	42	0.6600	0.906400	0.0064
23_noVmax	1000	42	0.6700	1.006000	0.0060
23_noVmax	1000	42	0.6800	1.205200	0.0052
23_noVmax	1000	42	0.6900	1.304700	0.0047
23_noVmax	1000	42	0.7000	1.604100	0.0041
23_noVmax	1000	42	0.7100	1.803500	0.0035
23_noVmax	1000	42	0.7200	2.203300	0.0033
23_noVmax	1000	42	0.7300	2.702900	0.0029
23_noVmax	1000	42	0.7400	3.002500	0.0025
23_noVmax	1000	42	0.7500	3.102400	0.0024
23_noVmax	1000	42	0.7600	3.702200	0.0022
23_noVmax	1000	42	0.7700	4.101800	0.0018
23_noVmax	1000	42	0.7800	4.501700	0.0017
23_noVmax	1000	42	0.7900	5.001700	0.0017
23_noVmax	1000	42	0.8000	5.101400	0.0014
23_noVmax	1000	42	0.8100	5.401100	0.0011
23_noVmax	1000	42	0.8200	5.501000	0.0010
23_noVmax	1000	42	0.8300	5.900900	0.0009
23_noVmax	1000	42	0.8400	6.200600	0.0006
23_noVmax	1000	42	0.8500	6.500500	0.0005
23_noVmax	1000	42	0.8600	7.000300	0.0003
23_noVmax	1000	42	0.8700	7.300300	0.0003
23_noVmax	1000	42	0.8800	7.800300	0.0003
23_noVmax	1000	42	0.8900	8.300200	0.0002
23_noVmax	1000	42	0.9000	9.000200	0.0002
23_noVmax	1000	42	0.9100	9.300200	0.0002
23_noVmax	1000	42	0.9200	9.800200	0.0002
23_noVmax	1000	42	0.9300	10.100200	0.0002
23_noVmax	1000	42	0.9400	11.100100	0.0001
23_noVmax	1000	42	0.9500	11.500000	0.0000
23_noVmax	1000	42	0.9600	12.400000	0.0000
23_noVmax	1000	42	0.9700	13.100000	0.0000
23_noVmax	1000	42	0.9800	13.800000	0.0000
23_noVmax	1000	42	0.9900	14.400000	0.0000
23_noVmax	1000	42	1.0000	14.400000	0.0000
23_noVmax	1	179	0.0100	0.971600	0.9716
23_noVmax	1	179	0.0200	0.926000	0.9260
23_noVmax	1	179	0.0300	0.864400	0.8644
23_noVmax	1	179	0.0400	0.802100	0.8021
23_noVmax	1	179	0.0500	0.736900	0.7369
23_noVmax	1	179	0.0600	0.675700	0.6757
23_noVmax	1	179	0.0700	0.619800	0.6198
23_noVmax	1	179	0.0800	0.563400	0.5634
23_noVmax	1	179	0.0900	0.512400	0.5124
23_noVmax	1	179	0.1000	0.468700	0.4687
23_noVmax	1	179	0.1100	0.429400	0.4294
23_noVmax	1	179	0.1200	0.388900	0.3889
23_noVmax	1	179	0.1300	0.351700	0.3517
23_noVmax	1	179	0.1400	0.318300	0.3183
23_noVmax	1	179	0.1500	0.287900	0.2879
23_noVmax	1	179	0.1600	0.262400	0.2624
23_noVmax	1	179	0.1700	0.238600	0.2386
23_noVmax	1	179	0.1800	0.218600	0.2186
23_noVmax	1	179	0.1900	0.200900	0.2009
23_noVmax	1	179	0.2000	0.187100	0.1871
23_noVmax	1	179	0.2100	0.171900	0.1719
23_noVmax	1	179	0.2200	0.157900	0.1579
23_noVmax	1	179	0.2300	0.144300	0.1443
23_noVmax	1	179	0.2400	0.130800	0.1308
23_noVmax	1	179	0.2500	0.120400	0.1204
23_noVmax	1	179	0.2600	0.111400	0.1114
23_noVmax	1	179	0.2700	0.102600	0.1026
23_noVmax	1	179	0.2800	0.094500	0.0945
23_noVmax	1	179	0.2900	0.087300	0.0873
23_noVmax	1	179	0.3000	0.081200	0.0812
23_noVmax	1	179	0.3100	0.075100	0.0751
23_noVmax	1	179	0.3200	0.069800	0.0698
23_noVmax	1	179	0.3300	0.064200	0.0642
23_noVmax	1	179	0.3400	0.060000	0.0600
23_noVmax	1	179	0.3500	0.055500	0.0555
23_noVmax	1	179	0.3600	0.052100	0.0521
23_noVmax	1	179	0.3700	0.048100	0.0481
23_noVmax	1	179	0.3800	0.044900	0.0449
23_noVmax	1	179	0.3900	0.040900	0.0409
23_noVmax	1	179	0.4000	0.037600	0.0376
23_noVmax	1	179	0.4100	0.035200	0.0352
23_noVmax	1	179	0.4200	0.032600	0.0326
23_noVmax	1	179	0.4300	0.030200	0.0302
23_noVmax	1	179	0.4400	0.027800	0.0278
23_noVmax	1	179	0.4500	0.025200	0.0252
23_noVmax	1	179	0.4600	0.024100	0.0241
23_noVmax	1	179	0.4700	0.022200	0.0222
23_noVmax	1	179	0.4800	0.021000	0.0210
23_noVmax	1	179	0.4900	0.019800	0.0197
23_noVmax	1	179	0.5000	0.018400	0.0183
23_noVmax	1	179	0.5100	0.017100	0.0170
23_noVmax	1	179	0.5200	0.016300	0.0162
23_noVmax	1	179	0.5300	0.015100	0.0150
23_noVmax	1	179	0.5400	0.014500	0.0143
23_noVmax	1	179	0.5500	0.013400	0.0132
23_noVmax	1	179	0.5600	0.012800	0.0124
23_noVmax	1	179	0.5700	0.012500	0.0121
23_noVmax	1	179	0.5800	0.011900	0.0114
23_noVmax	1	179	0.5900	0.011300	0.0108
23_noVmax	1	179	0.6000	0.009900	0.0094
23_noVmax	1	179	0.6100	0.009400	0.0089
23_noVmax	1	179	0.6200	0.009100	0.0086
23_noVmax	1	179	0.6300	0.008600	0.0080
23_noVmax	1	179	0.6400	0.008200	0.0076
23_noVmax	1	179	0.6500	0.007700	0.0068
23_noVmax	1	179	0.6600	0.007400	0.0064
23_noVmax	1	179	0.6700	0.006800	0.0056
23_noVmax	1	179	0.6800	0.006500	0.0052
23_noVmax	1	179	0.6900	0.006600	0.0050
23_noVmax	1	179	0.7000	0.006500	0.0045
23_noVmax	1	179	0.7100	0.005700	0.0037
23_noVmax	1	179	0.7200	0.005300	0.0033
23_noVmax	1	179	0.7300	0.005200	0.0030
23_noVmax	1	179	0.7400	0.005400	0.0028
23_noVmax	1	179	0.7500	0.005300	0.0026
23_noVmax	1	179	0.7600	0.005300	0.0022
23_noVmax	1	179	0.7700	0.005400	0.0018
23_noVmax	1	179	0.7800	0.005400	0.0016
23_noVmax	1	179	0.7900	0.005500	0.0015
23_noVmax	1	179	0.8000	0.005600	0.0015
23_noVmax	1	179	0.8100	0.005800	0.0013
23_noVmax	1	179	0.8200	0.006400	0.0012
23_noVmax	1	179	0.8300	0.006800	0.0011
23_noVmax	1	179	0.8400	0.006900	0.0009
23_noVmax	1	179	0.8500	0.007200	0.0008
23_noVmax	1	179	0.8600	0.007500	0.0007
23_noVmax	1	179	0.8700	0.007800	0.0005
23_noVmax	1	179	0.8800	0.008000	0.0003
23_noVmax	1	179	0.8900	0.008400	0.0002
23_noVmax	1	179	0.9000	0.008700	0.0001
23_noVmax	1	179	0.9100	0.009100	0.0001
23_noVmax	1	179	0.9200	0.009800	0.0001
23_noVmax	1	179	0.9300	0.010300	0.0001
23_noVmax	1	179	0.9400	0.011000	0.0001
23_noVmax	1	179	0.9500	0.011600	0.0001
23_noVmax	1	179	0.9600	0.012100	0.0001
23_noVmax	1	179	0.9700	0.012500	0.0000
23_noVmax	1	179	0.9800	0.013600	0.0000
23_noVmax	1	179	0.9900	0.014400	0.0000
23_noVmax	1	179	1.0000	0.014400	0.0000
23_noVmax	10	179	0.0100	0.971600	0.9716
23_noVmax	10	179	0.0200	0.926000	0.9260
23_noVmax	10	179	0.0300	0.864400	0.8644
23_noVmax	10	179	0.0400	0.802100	0.8021
23_noVmax	10	179	0.0500	0.736900	0.7369
23_noVmax	10	179	0.0600	0.675700	0.6757
23_noVmax	10	179	0.0700	0.619800	0.6198
23_noVmax	10	179	0.0800	0.563400	0.5634
23_noVmax	10	179	0.0900	0.512400	0.5124
23_noVmax	10	179	0.1000	0.468700	0.4687
23_noVmax	10	179	0.1100	0.429400	0.4294
23_noVmax	10	179	0.1200	0.388900	0.3889
23_noVmax	10	179	0.1300	0.351700	0.3517
23_noVmax	10	179	0.1400	0.318300	0.3183
23_noVmax	10	179	0.1500	0.287900	0.2879
23_noVmax	10	179	0.1600	0.262400	0.2624
23_noVmax	10	179	0.1700	0.238600	0.2386
23_noVmax	10	179	0.1800	0.218600	0.2186
23_noVmax	10	179	0.1900	0.200900	0.2009
23_noVmax	10	179	0.2000	0.187100	0.1871
23_noVmax	10	179	0.2100	0.171900	0.1719
23_noVmax	10	179	0.2200	0.157900	0.1579
23_noVmax	10	179	0.2300	0.144300	0.1443
23_noVmax	10	179	0.2400	0.130800	0.1308
23_noVmax	10	179	0.2500	0.120400	0.1204
23_noVmax	10	179	0.2600	0.111400	0.1114
23_noVmax	10	179	0.2700	0.102600	0.1026
23_noVmax	10	179	0.2800	0.094500	0.0945
23_noVmax	10	179	0.2900	0.087300	0.0873
23_noVmax	10	179	0.3000	0.081200	0.0812
23_noVmax	10	179	0.3100	0.075100	0.0751
23_noVmax	10	179	0.3200	0.069800	0.0698
23_noVmax	10	179	0.3300	0.064200	0.0642
23_noVmax	10	179	0.3400	0.060000	0.0600
23_noVmax	10	179	0.3500	0.055500	0.0555
23_noVmax	10	179	0.3600	0.052100	0.0521
23_noVmax	10	179	0.3700	0.048100	0.0481
23_noVmax	10	179	0.3800	0.044900	0.0449
23_noVmax	10	179	0.3900	0.040900	0.0409
23_noVmax	10	179	0.4000	0.037600	0.0376
23_noVmax	10	179	0.4100	0.035200	0.0352
23_noVmax	10	179	0.4200	0.032600	0.0326
23_noVmax	10	179	0.4300	0.030200	0.0302
23_noVmax	10	179	0.4400	0.027800	0.0278
23_noVmax	10	179	0.4500	0.025200	0.0252
23_noVmax	10	179	0.4600	0.024100	0.0241
23_noVmax	10	179	0.4700	0.022200	0.0222
23_noVmax	10	179	0.4800	0.021000	0.0210
23_noVmax	10	179	0.4900	0.020700	0.0197
23_noVmax	10	179	0.5000	0.019300	0.0183
23_noVmax	10	179	0.5100	0.018000	0.0170
23_noVmax	10	179	0.5200	0.017200	0.0162
23_noVmax	10	179	0.5300	0.016000	0.0150
23_noVmax	10	179	0.5400	0.016300	0.0143
23_noVmax	10	179	0.5500	0.015200	0.0132
23_noVmax	10	179	0.5600	0.016400	0.0124
23_noVmax	10	179	0.5700	0.016100	0.0121
23_noVmax	10	179	0.5800	0.016400	0.0114
23_noVmax	10	179	0.5900	0.015800	0.0108
23_noVmax	10	179	0.6000	0.014400	0.0094
23_noVmax	10	179	0.6100	0.013900	0.0089
23_noVmax	10	179	0.6200	0.013600	0.0086
23_noVmax	10	179	0.6300	0.014000	0.0080
23_noVmax	10	179	0.6400	0.013600	0.0076
23_noVmax	10	179	0.6500	0.015800	0.0068
23_noVmax	10	179	0.6600	0.016400	0.0064
23_noVmax	10	179	0.6700	0.017600	0.0056
23_noVmax	10	179	0.6800	0.018200	0.0052
23_noVmax	10	179	0.6900	0.021000	0.0050
23_noVmax	10	179	0.7000	0.024500	0.0045
23_noVmax	10	179	0.7100	0.023700	0.0037
23_noVmax	10	179	0.7200	0.023300	0.0033
23_noVmax	10	179	0.7300	0.025000	0.0030
23_noVmax	10	179	0.7400	0.028800	0.0028
23_noVmax	10	179	0.7500	0.029600	0.0026
23_noVmax	10	179	0.7600	0.033200	0.0022
23_noVmax	10	179	0.7700	0.037800	0.0018
23_noVmax	10	179	0.7800	0.039600	0.0016
23_noVmax	10	179	0.7900	0.041500	0.0015
23_noVmax	10	179	0.8000	0.042500	0.0015
23_noVmax	10	179	0.8100	0.046300	0.0013
23_noVmax	10	179	0.8200	0.053200	0.0012
23_noVmax	10	179	0.8300	0.058100	0.0011
23_noVmax	10	179	0.8400	0.060900	0.0009
23_noVmax	10	179	0.8500	0.064800	0.0008
23_noVmax	10	179	0.8600	0.068700	0.0007
23_noVmax	10	179	0.8700	0.073500	0.0005
23_noVmax	10	179	0.8800	0.077300	0.0003
23_noVmax	10	179	0.8900	0.082200	0.0002
23_noVmax	10	179	0.9000	0.086100	0.0001
23_noVmax	10	179	0.9100	0.090100	0.0001
23_noVmax	10	179	0.9200	0.097100	0.0001
23_noVmax	10	179	0.9300	0.102100	0.0001
23_noVmax	10	179	0.9400	0.109100	0.0001
23_noVmax	10	179	0.9500	0.115100	0.0001
23_noVmax	10	179	0.9600	0.120100	0.0001
23_noVmax	10	179	0.9700	0.125000	0.0000
23_noVmax	10	179	0.9800	0.136000	0.0000
23_noVmax	10	179	0.9900	0.144000	0.0000
23_noVmax	10	179	1.0000	0.144000	0.0000
23_noVmax	100	179	0.0100	0.971600	0.9716
23_noVmax	100	179	0.0200	0.926000	0.9260
23_noVmax	100	179	0.0300	0.864400	0.8644
23_noVmax	100	179	0.0400	0.802100	0.8021
23_noVmax	100	179	0.0500	0.736900	0.7369
23_noVmax	100	179	0.0600	0.675700	0.6757
23_noVmax	100	179	0.0700	0.619800	0.6198
23_noVmax	100	179	0.0800	0.563400	0.5634
23_noVmax	100	179	0.0900	0.512400	0.5124
23_noVmax	100	179	0.1000	0.468700	0.4687
23_noVmax	100	179	0.1100	0.429400	0.4294
23_noVmax	100	179	0.1200	0.388900	0.3889
23_noVmax	100	179	0.1300	0.351700	0.3517
23_noVmax	100	179	0.1400	0.318300	0.3183
23_noVmax	100	179	0.1500	0.287900	0.2879
23_noVmax	100	179	0.1600	0.262400	0.2624
23_noVmax	100	179	0.1700	0.238600	0.2386
23_noVmax	100	179	0.1800	0.218600	0.2186
23_noVmax	100	179	0.1900	0.200900	0.2009
23_noVmax	100	179	0.2000	0.187100	0.1871
23_noVmax	100	179	0.2100	0.171900	0.1719
23_noVmax	100	179	0.2200	0.157900	0.1579
23_noVmax	100	179	0.2300	0.144300	0.1443
23_noVmax	100	179	0.2400	0.130800	0.1308
23_noVmax	100	179	0.2500	0.120400	0.1204
23_noVmax	100	179	0.2600	0.111400	0.1114
23_noVmax	100	179	0.2700	0.102600	0.1026
23_noVmax	100	179	0.2800	0.094500	0.0945
23_noVmax	100	179	0.2900	0.087300	0.0873
23_noVmax	100	179	0.3000	0.081200	0.0812
23_noVmax	100	179	0.3100	0.075100	0.0751
23_noVmax	100	179	0.3200	0.069800	0.0698
23_noVmax	100	179	0.3300	0.064200	0.0642
23_noVmax	100	179	0.3400	0.060000	0.0600
23_noVmax	100	179	0.3500	0.055500	0.0555
23_noVmax	100	179	0.3600	0.052100	0.0521
23_noVmax	100	179	0.3700	0.048100	0.0481
23_noVmax	100	179	0.3800	0.044900	0.0449
23_noVmax	100	179	0.3900	0.040900	0.0409
23_noVmax	100	179	0.4000	0.037600	0.0376
23_noVmax	100	179	0.4100	0.035200	0.0352
23_noVmax	100	179	0.4200	0.032600	0.0326
23_noVmax	100	179	0.4300	0.030200	0.0302
23_noVmax	100	179	0.4400	0.027800	0.0278
23_noVmax	100	179	0.4500	0.025200	0.0252
23_noVmax	100	179	0.4600	0.024100	0.0241
23_noVmax	100	179	0.4700	0.022200	0.0222
23_noVmax	100	179	0.4800	0.021000	0.0210
23_noVmax	100	179	0.4900	0.029700	0.0197
23_noVmax	100	179	0.5000	0.028300	0.0183
23_noVmax	100	179	0.5100	0.027000	0.0170
23_noVmax	100	179	0.5200	0.026200	0.0162
23_noVmax	100	179	0.5300	0.025000	0.0150
23_noVmax	100	179	0.5400	0.034300	0.0143
23_noVmax	100	179	0.5500	0.033200	0.0132
23_noVmax	100	179	0.5600	0.052400	0.0124
23_noVmax	100	179	0.5700	0.052100	0.0121
23_noVmax	100	179	0.5800	0.061400	0.0114
23_noVmax	100	179	0.5900	0.060800	0.0108
23_noVmax	100	179	0.6000	0.059400	0.0094
23_noVmax	100	179	0.6100	0.058900	0.0089
23_noVmax	100	179	0.6200	0.058600	0.0086
23_noVmax	100	179	0.6300	0.068000	0.0080
23_noVmax	100	179	0.6400	0.067600	0.0076
23_noVmax	100	179	0.6500	0.096800	0.0068
23_noVmax	100	179	0.6600	0.106400	0.0064
23_noVmax	100	179	0.6700	0.125600	0.0056
23_noVmax	100	179	0.6800	0.135200	0.0052
23_noVmax	100	179	0.6900	0.165000	0.0050
23_noVmax	100	179	0.7000	0.204500	0.0045
23_noVmax	100	179	0.7100	0.203700	0.0037
23_noVmax	100	179	0.7200	0.203300	0.0033
23_noVmax	100	179	0.7300	0.223000	0.0030
23_noVmax	100	179	0.7400	0.262800	0.0028
23_noVmax	100	179	0.7500	0.272600	0.0026
23_noVmax	100	179	0.7600	0.312200	0.0022
23_noVmax	100	179	0.7700	0.361800	0.0018
23_noVmax	100	179	0.7800	0.381600	0.0016
23_noVmax	100	179	0.7900	0.401500	0.0015
23_noVmax	100	179	0.8000	0.411500	0.0015
23_noVmax	100	179	0.8100	0.451300	0.0013
23_noVmax	100	179	0.8200	0.521200	0.0012
23_noVmax	100	179	0.8300	0.571100	0.0011
23_noVmax	100	179	0.8400	0.600900	0.0009
23_noVmax	100	179	0.8500	0.640800	0.0008
23_noVmax	100	179	0.8600	0.680700	0.0007
23_noVmax	100	179	0.8700	0.730500	0.0005
23_noVmax	100	179	0.8800	0.770300	0.0003
23_noVmax	100	179	0.8900	0.820200	0.0002
23_noVmax	100	179	0.9000	0.860100	0.0001
23_noVmax	100	179	0.9100	0.900100	0.0001
23_noVmax	100	179	0.9200	0.970100	0.0001
23_noVmax	100	179	0.9300	1.020100	0.0001
23_noVmax	100	179	0.9400	1.090100	0.0001
23_noVmax	100	179	0.9500	1.150100	0.0001
23_noVmax	100	179	0.9600	1.200100	0.0001
23_noVmax	100	179	0.9700	1.250000	0.0000
23_noVmax	100	179	0.9800	1.360000	0.0000
23_noVmax	100	179	0.9900	1.440000	0.0000
23_noVmax	100	179	1.0000	1.440000	0.0000
23_noVmax	1000	179	0.0100	0.971600	0.9716
23_noVmax	1000	179	0.0200	0.926000	0.9260
23_noVmax	1000	179	0.0300	0.864400	0.8644
23_noVmax	1000	179	0.0400	0.802100	0.8021
23_noVmax	1000	179	0.0500	0.736900	0.7369
23_noVmax	1000	179	0.0600	0.675700	0.6757
23_noVmax	1000	179	0.0700	0.619800	0.6198
23_noVmax	1000	179	0.0800	0.563400	0.5634
23_noVmax	1000	179	0.0900	0.512400	0.5124
23_noVmax	1000	179	0.1000	0.468700	0.4687
23_noVmax	1000	179	0.1100	0.429400	0.4294
23_noVmax	1000	179	0.1200	0.388900	0.3889
23_noVmax	1000	179	0.1300	0.351700	0.3517
23_noVmax	1000	179	0.1400	0.318300	0.3183
23_noVmax	1000	179	0.1500	0.287900	0.2879
23_noVmax	1000	179	0.1600	0.262400	0.2624
23_noVmax	1000	179	0.1700	0.238600	0.2386
23_noVmax	1000	179	0.1800	0.218600	0.2186
23_noVmax	1000	179	0.1900	0.200900	0.2009
23_noVmax	1000	179	0.2000	0.187100	0.1871
23_noVmax	1000	179	0.2100	0.171900	0.1719
23_noVmax	1000	179	0.2200	0.157900	0.1579
23_noVmax	1000	179	0.2300	0.144300	0.1443
23_noVmax	1000	179	0.2400	0.130800	0.1308
23_noVmax	1000	179	0.2500	0.120400	0.1204
23_noVmax	1000	179	0.2600	0.111400	0.1114
23_noVmax	1000	179	0.2700	0.102600	0.1026
23_noVmax	1000	179	0.2800	0.094500	0.0945
23_noVmax	1000	179	0.2900	0.087300	0.0873
23_noVmax	1000	179	0.3000	0.081200	0.0812
23_noVmax	1000	179	0.3100	0.075100	0.0751
23_noVmax	1000	179	0.3200	0.069800	0.0698
23_noVmax	1000	179	0.3300	0.064200	0.0642
23_noVmax	1000	179	0.3400	0.060000	0.0600
23_noVmax	1000	179	0.3500	0.055500	0.0555
23_noVmax	1000	179	0.3600	0.052100	0.0521
23_noVmax	1000	179	0.3700	0.048100	0.0481
23_noVmax	1000	179	0.3800	0.044900	0.0449
23_noVmax	1000	179	0.3900	0.040900	0.0409
23_noVmax	1000	179	0.4000	0.037600	0.0376
23_noVmax	1000	179	0.4100	0.035200	0.0352
23_noVmax	1000	179	0.4200	0.032600	0.0326
23_noVmax	1000	179	0.4300	0.030200	0.0302
23_noVmax	1000	179	0.4400	0.027800	0.0278
23_noVmax	1000	179	0.4500	0.025200	0.0252
23_noVmax	1000	179	0.4600	0.024100	0.0241
23_noVmax	1000	179	0.4700	0.022200	0.0222
23_noVmax	1000	179	0.4800	0.021000	0.0210
23_noVmax	1000	179	0.4900	0.119700	0.0197
23_noVmax	1000	179	0.5000	0.118300	0.0183
23_noVmax	1000	179	0.5100	0.117000	0.0170
23_noVmax	1000	179	0.5200	0.116200	0.0162
23_noVmax	1000	179	0.5300	0.115000	0.0150
23_noVmax	1000	179	0.5400	0.214300	0.0143
23_noVmax	1000	179	0.5500	0.213200	0.0132
23_noVmax	1000	179	0.5600	0.412400	0.0124
23_noVmax	1000	179	0.5700	0.412100	0.0121
23_noVmax	1000	179	0.5800	0.511400	0.0114
23_noVmax	1000	179	0.5900	0.510800	0.0108
23_noVmax	1000	179	0.6000	0.509400	0.0094
23_noVmax	1000	179	0.6100	0.508900	0.0089
23_noVmax	1000	179	0.6200	0.508600	0.0086
23_noVmax	1000	179	0.6300	0.608000	0.0080
23_noVmax	1000	179	0.6400	0.607600	0.0076
23_noVmax	1000	179	0.6500	0.906800	0.0068
23_noVmax	1000	179	0.6600	1.006400	0.0064
23_noVmax	1000	179	0.6700	1.205600	0.0056
23_noVmax	1000	179	0.6800	1.305200	0.0052
23_noVmax	1000	179	0.6900	1.605000	0.0050
23_noVmax	1000	179	0.7000	2.004500	0.0045
23_noVmax	1000	179	0.7100	2.003700	0.0037
23_noVmax	1000	179	0.7200	2.003300	0.0033
23_noVmax	1000	179	0.7300	2.203000	0.0030
23_noVmax	1000	179	0.7400	2.602800	0.0028
23_noVmax	1000	179	0.7500	2.702600	0.0026
23_noVmax	1000	179	0.7600	3.102200	0.0022
23_noVmax	1000	179	0.7700	3.601800	0.0018
23_noVmax	1000	179	0.7800	3.801600	0.0016
23_noVmax	1000	179	0.7900	4.001500	0.0015
23_noVmax	1000	179	0.8000	4.101500	0.0015
23_noVmax	1000	179	0.8100	4.501300	0.0013
23_noVmax	1000	179	0.8200	5.201200	0.0012
23_noVmax	1000	179	0.8300	5.701100	0.0011
23_noVmax	1000	179	0.8400	6.000900	0.0009
23_noVmax	1000	179	0.8500	6.400800	0.0008
23_noVmax	1000	179	0.8600	6.800700	0.0007
23_noVmax	1000	179	0.8700	7.300500	0.0005
23_noVmax	1000	179	0.8800	7.700300	0.0003
23_noVmax	1000	179	0.8900	8.200200	0.0002
23_noVmax	1000	179	0.9000	8.600100	0.0001
23_noVmax	1000	179	0.9100	9.000100	0.0001
23_noVmax	1000	179	0.9200	9.700100	0.0001
23_noVmax	1000	179	0.9300	10.200100	0.0001
23_noVmax	1000	179	0.9400	10.900100	0.0001
23_noVmax	1000	179	0.9500	11.500100	0.0001
23_noVmax	1000	179	0.9600	12.000100	0.0001
23_noVmax	1000	179	0.9700	12.500000	0.0000
23_noVmax	1000	179	0.9800	13.600000	0.0000
23_noVmax	1000	179	0.9900	14.400000	0.0000
23_noVmax	1000	179	1.0000	14.400000	0.0000
23_noVmax	1	316	0.0100	0.970000	0.9700
23_noVmax	1	316	0.0200	0.924400	0.9244
23_noVmax	1	316	0.0300	0.871600	0.8716
23_noVmax	1	316	0.0400	0.811900	0.8119
23_noVmax	1	316	0.0500	0.751700	0.7517
23_noVmax	1	316	0.0600	0.688600	0.6886
23_noVmax	1	316	0.0700	0.633100	0.6331
23_noVmax	1	316	0.0800	0.578800	0.5788
23_noVmax	1	316	0.0900	0.528200	0.5282
23_noVmax	1	316	0.1000	0.486400	0.4864
23_noVmax	1	316	0.1100	0.444800	0.4448
23_noVmax	1	316	0.1200	0.403600	0.4036
23_noVmax	1	316	0.1300	0.368300	0.3683
23_noVmax	1	316	0.1400	0.338500	0.3385
23_noVmax	1	316	0.1500	0.309500	0.3095
23_noVmax	1	316	0.1600	0.281800	0.2818
23_noVmax	1	316	0.1700	0.257000	0.2570
23_noVmax	1	316	0.1800	0.235700	0.2357
23_noVmax	1	316	0.1900	0.217000	0.2170
23_noVmax	1	316	0.2000	0.197900	0.1979
23_noVmax	1	316	0.2100	0.183000	0.1830
23_noVmax	1	316	0.2200	0.167700	0.1677
23_noVmax	1	316	0.2300	0.153500	0.1535
23_noVmax	1	316	0.2400	0.140800	0.1408
23_noVmax	1	316	0.2500	0.127100	0.1271
23_noVmax	1	316	0.2600	0.117100	0.1171
23_noVmax	1	316	0.2700	0.107200	0.1072
23_noVmax	1	316	0.2800	0.097800	0.0978
23_noVmax	1	316	0.2900	0.090200	0.0902
23_noVmax	1	316	0.3000	0.083700	0.0837
23_noVmax	1	316	0.3100	0.077000	0.0770
23_noVmax	1	316	0.3200	0.072000	0.0720
23_noVmax	1	316	0.3300	0.066200	0.0662
23_noVmax	1	316	0.3400	0.060300	0.0603
23_noVmax	1	316	0.3500	0.055400	0.0554
23_noVmax	1	316	0.3600	0.051200	0.0512
23_noVmax	1	316	0.3700	0.047500	0.0475
23_noVmax	1	316	0.3800	0.044400	0.0444
23_noVmax	1	316	0.3900	0.041800	0.0418
23_noVmax	1	316	0.4000	0.038300	0.0383
23_noVmax	1	316	0.4100	0.035000	0.0350
23_noVmax	1	316	0.4200	0.031800	0.0318
23_noVmax	1	316	0.4300	0.029900	0.0299
23_noVmax	1	316	0.4400	0.027500	0.0275
23_noVmax	1	316	0.4500	0.025300	0.0253
23_noVmax	1	316	0.4600	0.023300	0.0232
23_noVmax	1	316	0.4700	0.020900	0.0208
23_noVmax	1	316	0.4800	0.019100	0.0189
23_noVmax	1	316	0.4900	0.018100	0.0179
23_noVmax	1	316	0.5000	0.016900	0.0167
23_noVmax	1	316	0.5100	0.016000	0.0158
23_noVmax	1	316	0.5200	0.015300	0.0151
23_noVmax	1	316	0.5300	0.014700	0.0145
23_noVmax	1	316	0.5400	0.014100	0.0139
23_noVmax	1	316	0.5500	0.013400	0.0131
23_noVmax	1	316	0.5600	0.012600	0.0123
23_noVmax	1	316	0.5700	0.012000	0.0117
23_noVmax	1	316	0.5800	0.011400	0.0111
23_noVmax	1	316	0.5900	0.011000	0.0105
23_noVmax	1	316	0.6000	0.010500	0.0100
23_noVmax	1	316	0.6100	0.009400	0.0088
23_noVmax	1	316	0.6200	0.008700	0.0079
23_noVmax	1	316	0.6300	0.008400	0.0076
23_noVmax	1	316	0.6400	0.008000	0.0071
23_noVmax	1	316	0.6500	0.007300	0.0063
23_noVmax	1	316	0.6600	0.006700	0.0055
23_noVmax	1	316	0.6700	0.006400	0.0051
23_noVmax	1	316	0.6800	0.006500	0.0050
23_noVmax	1	316	0.6900	0.005900	0.0044
23_noVmax	1	316	0.7000	0.005800	0.0041
23_noVmax	1	316	0.7100	0.005500	0.0036
23_noVmax	1	316	0.7200	0.005700	0.0036
23_noVmax	1	316	0.7300	0.005500	0.0033
23_noVmax	1	316	0.7400	0.005400	0.0029
23_noVmax	1	316	0.7500	0.005200	0.0024
23_noVmax	1	316	0.7600	0.005200	0.0021
23_noVmax	1	316	0.7700	0.005300	0.0019
23_noVmax	1	316	0.7800	0.005800	0.0019
23_noVmax	1	316	0.7900	0.006000	0.0019
23_noVmax	1	316	0.8000	0.005900	0.0017
23_noVmax	1	316	0.8100	0.006100	0.0014
23_noVmax	1	316	0.8200	0.006100	0.0011
23_noVmax	1	316	0.8300	0.006100	0.0009
23_noVmax	1	316	0.8400	0.006700	0.0009
23_noVmax	1	316	0.8500	0.007400	0.0009
23_noVmax	1	316	0.8600	0.007800	0.0006
23_noVmax	1	316	0.8700	0.008100	0.0004
23_noVmax	1	316	0.8800	0.008300	0.0003
23_noVmax	1	316	0.8900	0.008800	0.0002
23_noVmax	1	316	0.9000	0.009200	0.0002
23_noVmax	1	316	0.9100	0.009600	0.0001
23_noVmax	1	316	0.9200	0.010100	0.0001
23_noVmax	1	316	0.9300	0.010400	0.0001
23_noVmax	1	316	0.9400	0.010700	0.0000
23_noVmax	1	316	0.9500	0.011700	0.0000
23_noVmax	1	316	0.9600	0.012300	0.0000
23_noVmax	1	316	0.9700	0.013200	0.0000
23_noVmax	1	316	0.9800	0.013700	0.0000
23_noVmax	1	316	0.9900	0.014400	0.0000
23_noVmax	1	316	1.0000	0.014400	0.0000
23_noVmax	10	316	0.0100	0.970000	0.9700
23_noVmax	10	316	0.0200	0.924400	0.9244
23_noVmax	10	316	0.0300	0.871600	0.8716
23_noVmax	10	316	0.0400	0.811900	0.8119
23_noVmax	10	316	0.0500	0.751700	0.7517
23_noVmax	10	316	0.0600	0.688600	0.6886
23_noVmax	10	316	0.0700	0.633100	0.6331
23_noVmax	10	316	0.0800	0.578800	0.5788
23_noVmax	10	316	0.0900	0.528200	0.5282
23_noVmax	10	316	0.1000	0.486400	0.4864
23_noVmax	10	316	0.1100	0.444800	0.4448
23_noVmax	10	316	0.1200	0.403600	0.4036
23_noVmax	10	316	0.1300	0.368300	0.3683
23_noVmax	10	316	0.1400	0.338500	0.3385
23_noVmax	10	316	0.1500	0.309500	0.3095
23_noVmax	10	316	0.1600	0.281800	0.2818
23_noVmax	10	316	0.1700	0.257000	0.2570
23_noVmax	10	316	0.1800	0.235700	0.2357
23_noVmax	10	316	0.1900	0.217000	0.2170
23_noVmax	10	316	0.2000	0.197900	0.1979
23_noVmax	10	316	0.2100	0.183000	0.1830
23_noVmax	10	316	0.2200	0.167700	0.1677
23_noVmax	10	316	0.2300	0.153500	0.1535
23_noVmax	10	316	0.2400	0.140800	0.1408
23_noVmax	10	316	0.2500	0.127100	0.1271
23_noVmax	10	316	0.2600	0.117100	0.1171
23_noVmax	10	316	0.2700	0.107200	0.1072
23_noVmax	10	316	0.2800	0.097800	0.0978
23_noVmax	10	316	0.2900	0.090200	0.0902
23_noVmax	10	316	0.3000	0.083700	0.0837
23_noVmax	10	316	0.3100	0.077000	0.0770
23_noVmax	10	316	0.3200	0.072000	0.0720
23_noVmax	10	316	0.3300	0.066200	0.0662
23_noVmax	10	316	0.3400	0.060300	0.0603
23_noVmax	10	316	0.3500	0.055400	0.0554
23_noVmax	10	316	0.3600	0.051200	0.0512
23_noVmax	10	316	0.3700	0.047500	0.0475
23_noVmax	10	316	0.3800	0.044400	0.0444
23_noVmax	10	316	0.3900	0.041800	0.0418
23_noVmax	10	316	0.4000	0.038300	0.0383
23_noVmax	10	316	0.4100	0.035000	0.0350
23_noVmax	10	316	0.4200	0.031800	0.0318
23_noVmax	10	316	0.4300	0.029900	0.0299
23_noVmax	10	316	0.4400	0.027500	0.0275
23_noVmax	10	316	0.4500	0.025300	0.0253
23_noVmax	10	316	0.4600	0.024200	0.0232
23_noVmax	10	316	0.4700	0.021800	0.0208
23_noVmax	10	316	0.4800	0.020900	0.0189
23_noVmax	10	316	0.4900	0.019900	0.0179
23_noVmax	10	316	0.5000	0.018700	0.0167
23_noVmax	10	316	0.5100	0.017800	0.0158
23_noVmax	10	316	0.5200	0.017100	0.0151
23_noVmax	10	316	0.5300	0.016500	0.0145
23_noVmax	10	316	0.5400	0.015900	0.0139
23_noVmax	10	316	0.5500	0.016100	0.0131
23_noVmax	10	316	0.5600	0.015300	0.0123
23_noVmax	10	316	0.5700	0.014700	0.0117
23_noVmax	10	316	0.5800	0.014100	0.0111
23_noVmax	10	316	0.5900	0.015500	0.0105
23_noVmax	10	316	0.6000	0.015000	0.0100
23_noVmax	10	316	0.6100	0.014800	0.0088
23_noVmax	10	316	0.6200	0.015900	0.0079
23_noVmax	10	316	0.6300	0.015600	0.0076
23_noVmax	10	316	0.6400	0.016100	0.0071
23_noVmax	10	316	0.6500	0.016300	0.0063
23_noVmax	10	316	0.6600	0.017500	0.0055
23_noVmax	10	316	0.6700	0.018100	0.0051
23_noVmax	10	316	0.6800	0.020000	0.0050
23_noVmax	10	316	0.6900	0.019400	0.0044
23_noVmax	10	316	0.7000	0.021100	0.0041
23_noVmax	10	316	0.7100	0.022600	0.0036
23_noVmax	10	316	0.7200	0.024600	0.0036
23_noVmax	10	316	0.7300	0.025300	0.0033
23_noVmax	10	316	0.7400	0.027900	0.0029
23_noVmax	10	316	0.7500	0.030400	0.0024
23_noVmax	10	316	0.7600	0.033100	0.0021
23_noVmax	10	316	0.7700	0.035900	0.0019
23_noVmax	10	316	0.7800	0.040900	0.0019
23_noVmax	10	316	0.7900	0.042900	0.0019
23_noVmax	10	316	0.8000	0.043700	0.0017
23_noVmax	10	316	0.8100	0.048400	0.0014
23_noVmax	10	316	0.8200	0.051100	0.0011
23_noVmax	10	316	0.8300	0.052900	0.0009
23_noVmax	10	316	0.8400	0.058900	0.0009
23_noVmax	10	316	0.8500	0.065900	0.0009
23_noVmax	10	316	0.8600	0.072600	0.0006
23_noVmax	10	316	0.8700	0.077400	0.0004
23_noVmax	10	316	0.8800	0.080300	0.0003
23_noVmax	10	316	0.8900	0.086200	0.0002
23_noVmax	10	316	0.9000	0.090200	0.0002
23_noVmax	10	316	0.9100	0.095100	0.0001
23_noVmax	10	316	0.9200	0.100100	0.0001
23_noVmax	10	316	0.9300	0.103100	0.0001
23_noVmax	10	316	0.9400	0.107000	0.0000
23_noVmax	10	316	0.9500	0.117000	0.0000
23_noVmax	10	316	0.9600	0.123000	0.0000
23_noVmax	10	316	0.9700	0.132000	0.0000
23_noVmax	10	316	0.9800	0.137000	0.0000
23_noVmax	10	316	0.9900	0.144000	0.0000
23_noVmax	10	316	1.0000	0.144000	0.0000
23_noVmax	100	316	0.0100	0.970000	0.9700
23_noVmax	100	316	0.0200	0.924400	0.9244
23_noVmax	100	316	0.0300	0.871600	0.8716
23_noVmax	100	316	0.0400	0.811900	0.8119
23_noVmax	100	316	0.0500	0.751700	0.7517
23_noVmax	100	316	0.0600	0.688600	0.6886
23_noVmax	100	316	0.0700	0.633100	0.6331
23_noVmax	100	316	0.0800	0.578800	0.5788
23_noVmax	100	316	0.0900	0.528200	0.5282
23_noVmax	100	316	0.1000	0.486400	0.4864
23_noVmax	100	316	0.1100	0.444800	0.4448
23_noVmax	100	316	0.1200	0.403600	0.4036
23_noVmax	100	316	0.1300	0.368300	0.3683
23_noVmax	100	316	0.1400	0.338500	0.3385
23_noVmax	100	316	0.1500	0.309500	0.3095
23_noVmax	100	316	0.1600	0.281800	0.2818
23_noVmax	100	316	0.1700	0.257000	0.2570
23_noVmax	100	316	0.1800	0.235700	0.2357
23_noVmax	100	316	0.1900	0.217000	0.2170
23_noVmax	100	316	0.2000	0.197900	0.1979
23_noVmax	100	316	0.2100	0.183000	0.1830
23_noVmax	100	316	0.2200	0.167700	0.1677
23_noVmax	100	316	0.2300	0.153500	0.1535
23_noVmax	100	316	0.2400	0.140800	0.1408
23_noVmax	100	316	0.2500	0.127100	0.1271
23_noVmax	100	316	0.2600	0.117100	0.1171
23_noVmax	100	316	0.2700	0.107200	0.1072
23_noVmax	100	316	0.2800	0.097800	0.0978
23_noVmax	100	316	0.2900	0.090200	0.0902
23_noVmax	100	316	0.3000	0.083700	0.0837
23_noVmax	100	316	0.3100	0.077000	0.0770
23_noVmax	100	316	0.3200	0.072000	0.0720
23_noVmax	100	316	0.3300	0.066200	0.0662
23_noVmax	100	316	0.3400	0.060300	0.0603
23_noVmax	100	316	0.3500	0.055400	0.0554
23_noVmax	100	316	0.3600	0.051200	0.0512
23_noVmax	100	316	0.3700	0.047500	0.0475
23_noVmax	100	316	0.3800	0.044400	0.0444
23_noVmax	100	316	0.3900	0.041800	0.0418
23_noVmax	100	316	0.4000	0.038300	0.0383
23_noVmax	100	316	0.4100	0.035000	0.0350
23_noVmax	100	316	0.4200	0.031800	0.0318
23_noVmax	100	316	0.4300	0.029900	0.0299
23_noVmax	100	316	0.4400	0.027500	0.0275
23_noVmax	100	316	0.4500	0.025300	0.0253
23_noVmax	100	316	0.4600	0.033200	0.0232
23_noVmax	100	316	0.4700	0.030800	0.0208
23_noVmax	100	316	0.4800	0.038900	0.0189
23_noVmax	100	316	0.4900	0.037900	0.0179
23_noVmax	100	316	0.5000	0.036700	0.0167
23_noVmax	100	316	0.5100	0.035800	0.0158
23_noVmax	100	316	0.5200	0.035100	0.0151
23_noVmax	100	316	0.5300	0.034500	0.0145
23_noVmax	100	316	0.5400	0.033900	0.0139
23_noVmax	100	316	0.5500	0.043100	0.0131
23_noVmax	100	316	0.5600	0.042300	0.0123
23_noVmax	100	316	0.5700	0.041700	0.0117
23_noVmax	100	316	0.5800	0.041100	0.0111
23_noVmax	100	316	0.5900	0.060500	0.0105
23_noVmax	100	316	0.6000	0.060000	0.0100
23_noVmax	100	316	0.6100	0.068800	0.0088
23_noVmax	100	316	0.6200	0.087900	0.0079
23_noVmax	100	316	0.6300	0.087600	0.0076
23_noVmax	100	316	0.6400	0.097100	0.0071
23_noVmax	100	316	0.6500	0.106300	0.0063
23_noVmax	100	316	0.6600	0.125500	0.0055
23_noVmax	100	316	0.6700	0.135100	0.0051
23_noVmax	100	316	0.6800	0.155000	0.0050
23_noVmax	100	316	0.6900	0.154400	0.0044
23_noVmax	100	316	0.7000	0.174100	0.0041
23_noVmax	100	316	0.7100	0.193600	0.0036
23_noVmax	100	316	0.7200	0.213600	0.0036
23_noVmax	100	316	0.7300	0.223300	0.0033
23_noVmax	100	316	0.7400	0.252900	0.0029
23_noVmax	100	316	0.7500	0.282400	0.0024
23_noVmax	100	316	0.7600	0.312100	0.0021
23_noVmax	100	316	0.7700	0.341900	0.0019
23_noVmax	100	316	0.7800	0.391900	0.0019
23_noVmax	100	316	0.7900	0.411900	0.0019
23_noVmax	100	316	0.8000	0.421700	0.0017
23_noVmax	100	316	0.8100	0.471400	0.0014
23_noVmax	100	316	0.8200	0.501100	0.0011
23_noVmax	100	316	0.8300	0.520900	0.0009
23_noVmax	100	316	0.8400	0.580900	0.0009
23_noVmax	100	316	0.8500	0.650900	0.0009
23_noVmax	100	316	0.8600	0.720600	0.0006
23_noVmax	100	316	0.8700	0.770400	0.0004
23_noVmax	100	316	0.8800	0.800300	0.0003
23_noVmax	100	316	0.8900	0.860200	0.0002
23_noVmax	100	316	0.9000	0.900200	0.0002
23_noVmax	100	316	0.9100	0.950100	0.0001
23_noVmax	100	316	0.9200	1.000100	0.0001
23_noVmax	100	316	0.9300	1.030100	0.0001
23_noVmax	100	316	0.9400	1.070000	0.0000
23_noVmax	100	316	0.9500	1.170000	0.0000
23_noVmax	100	316	0.9600	1.230000	0.0000
23_noVmax	100	316	0.9700	1.320000	0.0000
23_noVmax	100	316	0.9800	1.370000	0.0000
23_noVmax	100	316	0.9900	1.440000	0.0000
23_noVmax	100	316	1.0000	1.440000	0.0000
23_noVmax	1000	316	0.0100	0.970000	0.9700
23_noVmax	1000	316	0.0200	0.924400	0.9244
23_noVmax	1000	316	0.0300	0.871600	0.8716
23_noVmax	1000	316	0.0400	0.811900	0.8119
23_noVmax	1000	316	0.0500	0.751700	0.7517
23_noVmax	1000	316	0.0600	0.688600	0.6886
23_noVmax	1000	316	0.0700	0.633100	0.6331
23_noVmax	1000	316	0.0800	0.578800	0.5788
23_noVmax	1000	316	0.0900	0.528200	0.5282
23_noVmax	1000	316	0.1000	0.486400	0.4864
23_noVmax	1000	316	0.1100	0.444800	0.4448
23_noVmax	1000	316	0.1200	0.403600	0.4036
23_noVmax	1000	316	0.1300	0.368300	0.3683
23_noVmax	1000	316	0.1400	0.338500	0.3385
23_noVmax	1000	316	0.1500	0.309500	0.3095
23_noVmax	1000	316	0.1600	0.281800	0.2818
23_noVmax	1000	316	0.1700	0.257000	0.2570
23_noVmax	1000	316	0.1800	0.235700	0.2357
23_noVmax	1000	316	0.1900	0.217000	0.2170
23_noVmax	1000	316	0.2000	0.197900	0.1979
23_noVmax	1000	316	0.2100	0.183000	0.1830
23_noVmax	1000	316	0.2200	0.167700	0.1677
23_noVmax	1000	316	0.2300	0.153500	0.1535
23_noVmax	1000	316	0.2400	0.140800	0.1408
23_noVmax	1000	316	0.2500	0.127100	0.1271
23_noVmax	1000	316	0.2600	0.117100	0.1171
23_noVmax	1000	316	0.2700	0.107200	0.1072
23_noVmax	1000	316	0.2800	0.097800	0.0978
23_noVmax	1000	316	0.2900	0.090200	0.0902
23_noVmax	1000	316	0.3000	0.083700	0.0837
23_noVmax	1000	316	0.3100	0.077000	0.0770
23_noVmax	1000	316	0.3200	0.072000	0.0720
23_noVmax	1000	316	0.3300	0.066200	0.0662
23_noVmax	1000	316	0.3400	0.060300	0.0603
23_noVmax	1000	316	0.3500	0.055400	0.0554
23_noVmax	1000	316	0.3600	0.051200	0.0512
23_noVmax	1000	316	0.3700	0.047500	0.0475
23_noVmax	1000	316	0.3800	0.044400	0.0444
23_noVmax	1000	316	0.3900	0.041800	0.0418
23_noVmax	1000	316	0.4000	0.038300	0.0383
23_noVmax	1000	316	0.4100	0.035000	0.0350
23_noVmax	1000	316	0.4200	0.031800	0.0318
23_noVmax	1000	316	0.4300	0.029900	0.0299
23_noVmax	1000	316	0.4400	0.027500	0.0275
23_noVmax	1000	316	0.4500	0.025300	0.0253
23_noVmax	1000	316	0.4600	0.123200	0.0232
23_noVmax	1000	316	0.4700	0.120800	0.0208
23_noVmax	1000	316	0.4800	0.218900	0.0189
23_noVmax	1000	316	0.4900	0.217900	0.0179
23_noVmax	1000	316	0.5000	0.216700	0.0167
23_noVmax	1000	316	0.5100	0.215800	0.0158
23_noVmax	1000	316	0.5200	0.215100	0.0151
23_noVmax	1000	316	0.5300	0.214500	0.0145
23_noVmax	1000	316	0.5400	0.213900	0.0139
23_noVmax	1000	316	0.5500	0.313100	0.0131
23_noVmax	1000	316	0.5600	0.312300	0.0123
23_noVmax	1000	316	0.5700	0.311700	0.0117
23_noVmax	1000	316	0.5800	0.311100	0.0111
23_noVmax	1000	316	0.5900	0.510500	0.0105
23_noVmax	1000	316	0.6000	0.510000	0.0100
23_noVmax	1000	316	0.6100	0.608800	0.0088
23_noVmax	1000	316	0.6200	0.807900	0.0079
23_noVmax	1000	316	0.6300	0.807600	0.0076
23_noVmax	1000	316	0.6400	0.907100	0.0071
23_noVmax	1000	316	0.6500	1.006300	0.0063
23_noVmax	1000	316	0.6600	1.205500	0.0055
23_noVmax	1000	316	0.6700	1.305100	0.0051
23_noVmax	1000	316	0.6800	1.505000	0.0050
23_noVmax	1000	316	0.6900	1.504400	0.0044
23_noVmax	1000	316	0.7000	1.704100	0.0041
23_noVmax	1000	316	0.7100	1.903600	0.0036
23_noVmax	1000	316	0.7200	2.103600	0.0036
23_noVmax	1000	316	0.7300	2.203300	0.0033
23_noVmax	1000	316	0.7400	2.502900	0.0029
23_noVmax	1000	316	0.7500	2.802400	0.0024
23_noVmax	1000	316	0.7600	3.102100	0.0021
23_noVmax	1000	316	0.7700	3.401900	0.0019
23_noVmax	1000	316	0.7800	3.901900	0.0019
23_noVmax	1000	316	0.7900	4.101900	0.0019
23_noVmax	1000	316	0.8000	4.201700	0.0017
23_noVmax	1000	316	0.8100	4.701400	0.0014
23_noVmax	1000	316	0.8200	5.001100	0.0011
23_noVmax	1000	316	0.8300	5.200900	0.0009
23_noVmax	1000	316	0.8400	5.800900	0.0009
23_noVmax	1000	316	0.8500	6.500900	0.0009
23_noVmax	1000	316	0.8600	7.200600	0.0006
23_noVmax	1000	316	0.8700	7.700400	0.0004
23_noVmax	1000	316	0.8800	8.000300	0.0003
23_noVmax	1000	316	0.8900	8.600200	0.0002
23_noVmax	1000	316	0.9000	9.000200	0.0002
23_noVmax	1000	316	0.9100	9.500100	0.0001
23_noVmax	1000	316	0.9200	10.000100	0.0001
23_noVmax	1000	316	0.9300	10.300100	0.0001
23_noVmax	1000	316	0.9400	10.700000	0.0000
23_noVmax	1000	316	0.9500	11.700000	0.0000
23_noVmax	1000	316	0.9600	12.300000	0.0000
23_noVmax	1000	316	0.9700	13.200000	0.0000
23_noVmax	1000	316	0.9800	13.700000	0.0000
23_noVmax	1000	316	0.9900	14.400000	0.0000
23_noVmax	1000	316	1.0000	14.400000	0.0000
23_noVmax	1	453	0.0100	0.970700	0.9707
23_noVmax	1	453	0.0200	0.927700	0.9277
23_noVmax	1	453	0.0300	0.873600	0.8736
23_noVmax	1	453	0.0400	0.806700	0.8067
23_noVmax	1	453	0.0500	0.749500	0.7495
23_noVmax	1	453	0.0600	0.690100	0.6901
23_noVmax	1	453	0.0700	0.636900	0.6369
23_noVmax	1	453	0.0800	0.584800	0.5848
23_noVmax	1	453	0.0900	0.535800	0.5358
23_noVmax	1	453	0.1000	0.492500	0.4925
23_noVmax	1	453	0.1100	0.451800	0.4518
23_noVmax	1	453	0.1200	0.416600	0.4166
23_noVmax	1	453	0.1300	0.381600	0.3816
23_noVmax	1	453	0.1400	0.349000	0.3490
23_noVmax	1	453	0.1500	0.320500	0.3205
23_noVmax	1	453	0.1600	0.292300	0.2923
23_noVmax	1	453	0.1700	0.267100	0.2671
23_noVmax	1	453	0.1800	0.242400	0.2424
23_noVmax	1	453	0.1900	0.223500	0.2235
23_noVmax	1	453	0.2000	0.202800	0.2028
23_noVmax	1	453	0.2100	0.186200	0.1862
23_noVmax	1	453	0.2200	0.170000	0.1700
23_noVmax	1	453	0.2300	0.156800	0.1568
23_noVmax	1	453	0.2400	0.141900	0.1419
23_noVmax	1	453	0.2500	0.132200	0.1322
23_noVmax	1	453	0.2600	0.122600	0.1226
23_noVmax	1	453	0.2700	0.111600	0.1116
23_noVmax	1	453	0.2800	0.101600	0.1016
23_noVmax	1	453	0.2900	0.093200	0.0932
23_noVmax	1	453	0.3000	0.085900	0.0859
23_noVmax	1	453	0.3100	0.080100	0.0801
23_noVmax	1	453	0.3200	0.074800	0.0748
23_noVmax	1	453	0.3300	0.068800	0.0688
23_noVmax	1	453	0.3400	0.063800	0.0638
23_noVmax	1	453	0.3500	0.058200	0.0582
23_noVmax	1	453	0.3600	0.053200	0.0532
23_noVmax	1	453	0.3700	0.047800	0.0478
23_noVmax	1	453	0.3800	0.044600	0.0446
23_noVmax	1	453	0.3900	0.041400	0.0414
23_noVmax	1	453	0.4000	0.038300	0.0383
23_noVmax	1	453	0.4100	0.036000	0.0360
23_noVmax	1	453	0.4200	0.034100	0.0341
23_noVmax	1	453	0.4300	0.031900	0.0319
23_noVmax	1	453	0.4400	0.029600	0.0296
23_noVmax	1	453	0.4500	0.027600	0.0275
23_noVmax	1	453	0.4600	0.026600	0.0265
23_noVmax	1	453	0.4700	0.024700	0.0246
23_noVmax	1	453	0.4800	0.022900	0.0228
23_noVmax	1	453	0.4900	0.021500	0.0214
23_noVmax	1	453	0.5000	0.019900	0.0198
23_noVmax	1	453	0.5100	0.018700	0.0186
23_noVmax	1	453	0.5200	0.017600	0.0175
23_noVmax	1	453	0.5300	0.016700	0.0165
23_noVmax	1	453	0.5400	0.015500	0.0153
23_noVmax	1	453	0.5500	0.014800	0.0146
23_noVmax	1	453	0.5600	0.013800	0.0135
23_noVmax	1	453	0.5700	0.012700	0.0123
23_noVmax	1	453	0.5800	0.012100	0.0117
23_noVmax	1	453	0.5900	0.011700	0.0113
23_noVmax	1	453	0.6000	0.010700	0.0102
23_noVmax	1	453	0.6100	0.010100	0.0095
23_noVmax	1	453	0.6200	0.009500	0.0088
23_noVmax	1	453	0.6300	0.009000	0.0083
23_noVmax	1	453	0.6400	0.008700	0.0079
23_noVmax	1	453	0.6500	0.008500	0.0076
23_noVmax	1	453	0.6600	0.008400	0.0072
23_noVmax	1	453	0.6700	0.007700	0.0064
23_noVmax	1	453	0.6800	0.007400	0.0058
23_noVmax	1	453	0.6900	0.006800	0.0052
23_noVmax	1	453	0.7000	0.006600	0.0046
23_noVmax	1	453	0.7100	0.006700	0.0044
23_noVmax	1	453	0.7200	0.006500	0.0040
23_noVmax	1	453	0.7300	0.006200	0.0037
23_noVmax	1	453	0.7400	0.006100	0.0033
23_noVmax	1	453	0.7500	0.006200	0.0030
23_noVmax	1	453	0.7600	0.006300	0.0029
23_noVmax	1	453	0.7700	0.006100	0.0025
23_noVmax	1	453	0.7800	0.006300	0.0024
23_noVmax	1	453	0.7900	0.006400	0.0022
23_noVmax	1	453	0.8000	0.006500	0.0019
23_noVmax	1	453	0.8100	0.006200	0.0012
23_noVmax	1	453	0.8200	0.006200	0.0008
23_noVmax	1	453	0.8300	0.006700	0.0007
23_noVmax	1	453	0.8400	0.007100	0.0007
23_noVmax	1	453	0.8500	0.007400	0.0005
23_noVmax	1	453	0.8600	0.008100	0.0004
23_noVmax	1	453	0.8700	0.008400	0.0004
23_noVmax	1	453	0.8800	0.008800	0.0004
23_noVmax	1	453	0.8900	0.009100	0.0004
23_noVmax	1	453	0.9000	0.009400	0.0004
23_noVmax	1	453	0.9100	0.009700	0.0001
23_noVmax	1	453	0.9200	0.009800	0.0000
23_noVmax	1	453	0.9300	0.010400	0.0000
23_noVmax	1	453	0.9400	0.010900	0.0000
23_noVmax	1	453	0.9500	0.011200	0.0000
23_noVmax	1	453	0.9600	0.012000	0.0000
23_noVmax	1	453	0.9700	0.012700	0.0000
23_noVmax	1	453	0.9800	0.013800	0.0000
23_noVmax	1	453	0.9900	0.014400	0.0000
23_noVmax	1	453	1.0000	0.014400	0.0000
23_noVmax	10	453	0.0100	0.970700	0.9707
23_noVmax	10	453	0.0200	0.927700	0.9277
23_noVmax	10	453	0.0300	0.873600	0.8736
23_noVmax	10	453	0.0400	0.806700	0.8067
23_noVmax	10	453	0.0500	0.749500	0.7495
23_noVmax	10	453	0.0600	0.690100	0.6901
23_noVmax	10	453	0.0700	0.636900	0.6369
23_noVmax	10	453	0.0800	0.584800	0.5848
23_noVmax	10	453	0.0900	0.535800	0.5358
23_noVmax	10	453	0.1000	0.492500	0.4925
23_noVmax	10	453	0.1100	0.451800	0.4518
23_noVmax	10	453	0.1200	0.416600	0.4166
23_noVmax	10	453	0.1300	0.381600	0.3816
23_noVmax	10	453	0.1400	0.349000	0.3490
23_noVmax	10	453	0.1500	0.320500	0.3205
23_noVmax	10	453	0.1600	0.292300	0.2923
23_noVmax	10	453	0.1700	0.267100	0.2671
23_noVmax	10	453	0.1800	0.242400	0.2424
23_noVmax	10	453	0.1900	0.223500	0.2235
23_noVmax	10	453	0.2000	0.202800	0.2028
23_noVmax	10	453	0.2100	0.186200	0.1862
23_noVmax	10	453	0.2200	0.170000	0.1700
23_noVmax	10	453	0.2300	0.156800	0.1568
23_noVmax	10	453	0.2400	0.141900	0.1419
23_noVmax	10	453	0.2500	0.132200	0.1322
23_noVmax	10	453	0.2600	0.122600	0.1226
23_noVmax	10	453	0.2700	0.111600	0.1116
23_noVmax	10	453	0.2800	0.101600	0.1016
23_noVmax	10	453	0.2900	0.093200	0.0932
23_noVmax	10	453	0.3000	0.085900	0.0859
23_noVmax	10	453	0.3100	0.080100	0.0801
23_noVmax	10	453	0.3200	0.074800	0.0748
23_noVmax	10	453	0.3300	0.068800	0.0688
23_noVmax	10	453	0.3400	0.063800	0.0638
23_noVmax	10	453	0.3500	0.058200	0.0582
23_noVmax	10	453	0.3600	0.053200	0.0532
23_noVmax	10	453	0.3700	0.047800	0.0478
23_noVmax	10	453	0.3800	0.044600	0.0446
23_noVmax	10	453	0.3900	0.041400	0.0414
23_noVmax	10	453	0.4000	0.038300	0.0383
23_noVmax	10	453	0.4100	0.036000	0.0360
23_noVmax	10	453	0.4200	0.034100	0.0341
23_noVmax	10	453	0.4300	0.031900	0.0319
23_noVmax	10	453	0.4400	0.029600	0.0296
23_noVmax	10	453	0.4500	0.028500	0.0275
23_noVmax	10	453	0.4600	0.027500	0.0265
23_noVmax	10	453	0.4700	0.025600	0.0246
23_noVmax	10	453	0.4800	0.023800	0.0228
23_noVmax	10	453	0.4900	0.022400	0.0214
23_noVmax	10	453	0.5000	0.020800	0.0198
23_noVmax	10	453	0.5100	0.019600	0.0186
23_noVmax	10	453	0.5200	0.018500	0.0175
23_noVmax	10	453	0.5300	0.018500	0.0165
23_noVmax	10	453	0.5400	0.017300	0.0153
23_noVmax	10	453	0.5500	0.016600	0.0146
23_noVmax	10	453	0.5600	0.016500	0.0135
23_noVmax	10	453	0.5700	0.016300	0.0123
23_noVmax	10	453	0.5800	0.015700	0.0117
23_noVmax	10	453	0.5900	0.015300	0.0113
23_noVmax	10	453	0.6000	0.015200	0.0102
23_noVmax	10	453	0.6100	0.015500	0.0095
23_noVmax	10	453	0.6200	0.015800	0.0088
23_noVmax	10	453	0.6300	0.015300	0.0083
23_noVmax	10	453	0.6400	0.015900	0.0079
23_noVmax	10	453	0.6500	0.016600	0.0076
23_noVmax	10	453	0.6600	0.019200	0.0072
23_noVmax	10	453	0.6700	0.019400	0.0064
23_noVmax	10	453	0.6800	0.021800	0.0058
23_noVmax	10	453	0.6900	0.021200	0.0052
23_noVmax	10	453	0.7000	0.024600	0.0046
23_noVmax	10	453	0.7100	0.027400	0.0044
23_noVmax	10	453	0.7200	0.029000	0.0040
23_noVmax	10	453	0.7300	0.028700	0.0037
23_noVmax	10	453	0.7400	0.031300	0.0033
23_noVmax	10	453	0.7500	0.035000	0.0030
23_noVmax	10	453	0.7600	0.036900	0.0029
23_noVmax	10	453	0.7700	0.038500	0.0025
23_noVmax	10	453	0.7800	0.041400	0.0024
23_noVmax	10	453	0.7900	0.044200	0.0022
23_noVmax	10	453	0.8000	0.047900	0.0019
23_noVmax	10	453	0.8100	0.051200	0.0012
23_noVmax	10	453	0.8200	0.054800	0.0008
23_noVmax	10	453	0.8300	0.060700	0.0007
23_noVmax	10	453	0.8400	0.064700	0.0007
23_noVmax	10	453	0.8500	0.069500	0.0005
23_noVmax	10	453	0.8600	0.077400	0.0004
23_noVmax	10	453	0.8700	0.080400	0.0004
23_noVmax	10	453	0.8800	0.084400	0.0004
23_noVmax	10	453	0.8900	0.087400	0.0004
23_noVmax	10	453	0.9000	0.090400	0.0004
23_noVmax	10	453	0.9100	0.096100	0.0001
23_noVmax	10	453	0.9200	0.098000	0.0000
23_noVmax	10	453	0.9300	0.104000	0.0000
23_noVmax	10	453	0.9400	0.109000	0.0000
23_noVmax	10	453	0.9500	0.112000	0.0000
23_noVmax	10	453	0.9600	0.120000	0.0000
23_noVmax	10	453	0.9700	0.127000	0.0000
23_noVmax	10	453	0.9800	0.138000	0.0000
23_noVmax	10	453	0.9900	0.144000	0.0000
23_noVmax	10	453	1.0000	0.144000	0.0000
23_noVmax	100	453	0.0100	0.970700	0.9707
23_noVmax	100	453	0.0200	0.927700	0.9277
23_noVmax	100	453	0.0300	0.873600	0.8736
23_noVmax	100	453	0.0400	0.806700	0.8067
23_noVmax	100	453	0.0500	0.749500	0.7495
23_noVmax	100	453	0.0600	0.690100	0.6901
23_noVmax	100	453	0.0700	0.636900	0.6369
23_noVmax	100	453	0.0800	0.584800	0.5848
23_noVmax	100	453	0.0900	0.535800	0.5358
23_noVmax	100	453	0.1000	0.492500	0.4925
23_noVmax	100	453	0.1100	0.451800	0.4518
23_noVmax	100	453	0.1200	0.416600	0.4166
23_noVmax	100	453	0.1300	0.381600	0.3816
23_noVmax	100	453	0.1400	0.349000	0.3490
23_noVmax	100	453	0.1500	0.320500	0.3205
23_noVmax	100	453	0.1600	0.292300	0.2923
23_noVmax	100	453	0.1700	0.267100	0.2671
23_noVmax	100	453	0.1800	0.242400	0.2424
23_noVmax	100	453	0.1900	0.223500	0.2235
23_noVmax	100	453	0.2000	0.202800	0.2028
23_noVmax	100	453	0.2100	0.186200	0.1862
23_noVmax	100	453	0.2200	0.170000	0.1700
23_noVmax	100	453	0.2300	0.156800	0.1568
23_noVmax	100	453	0.2400	0.141900	0.1419
23_noVmax	100	453	0.2500	0.132200	0.1322
23_noVmax	100	453	0.2600	0.122600	0.1226
23_noVmax	100	453	0.2700	0.111600	0.1116
23_noVmax	100	453	0.2800	0.101600	0.1016
23_noVmax	100	453	0.2900	0.093200	0.0932
23_noVmax	100	453	0.3000	0.085900	0.0859
23_noVmax	100	453	0.3100	0.080100	0.0801
23_noVmax	100	453	0.3200	0.074800	0.0748
23_noVmax	100	453	0.3300	0.068800	0.0688
23_noVmax	100	453	0.3400	0.063800	0.0638
23_noVmax	100	453	0.3500	0.058200	0.0582
23_noVmax	100	453	0.3600	0.053200	0.0532
23_noVmax	100	453	0.3700	0.047800	0.0478
23_noVmax	100	453	0.3800	0.044600	0.0446
23_noVmax	100	453	0.3900	0.041400	0.0414
23_noVmax	100	453	0.4000	0.038300	0.0383
23_noVmax	100	453	0.4100	0.036000	0.0360
23_noVmax	100	453	0.4200	0.034100	0.0341
23_noVmax	100	453	0.4300	0.031900	0.0319
23_noVmax	100	453	0.4400	0.029600	0.0296
23_noVmax	100	453	0.4500	0.037500	0.0275
23_noVmax	100	453	0.4600	0.036500	0.0265
23_noVmax	100	453	0.4700	0.034600	0.0246
23_noVmax	100	453	0.4800	0.032800	0.0228
23_noVmax	100	453	0.4900	0.031400	0.0214
23_noVmax	100	453	0.5000	0.029800	0.0198
23_noVmax	100	453	0.5100	0.028600	0.0186
23_noVmax	100	453	0.5200	0.027500	0.0175
23_noVmax	100	453	0.5300	0.036500	0.0165
23_noVmax	100	453	0.5400	0.035300	0.0153
23_noVmax	100	453	0.5500	0.034600	0.0146
23_noVmax	100	453	0.5600	0.043500	0.0135
23_noVmax	100	453	0.5700	0.052300	0.0123
23_noVmax	100	453	0.5800	0.051700	0.0117
23_noVmax	100	453	0.5900	0.051300	0.0113
23_noVmax	100	453	0.6000	0.060200	0.0102
23_noVmax	100	453	0.6100	0.069500	0.0095
23_noVmax	100	453	0.6200	0.078800	0.0088
23_noVmax	100	453	0.6300	0.078300	0.0083
23_noVmax	100	453	0.6400	0.087900	0.0079
23_noVmax	100	453	0.6500	0.097600	0.0076
23_noVmax	100	453	0.6600	0.127200	0.0072
23_noVmax	100	453	0.6700	0.136400	0.0064
23_noVmax	100	453	0.6800	0.165800	0.0058
23_noVmax	100	453	0.6900	0.165200	0.0052
23_noVmax	100	453	0.7000	0.204600	0.0046
23_noVmax	100	453	0.7100	0.234400	0.0044
23_noVmax	100	453	0.7200	0.254000	0.0040
23_noVmax	100	453	0.7300	0.253700	0.0037
23_noVmax	100	453	0.7400	0.283300	0.0033
23_noVmax	100	453	0.7500	0.323000	0.0030
23_noVmax	100	453	0.7600	0.342900	0.0029
23_noVmax	100	453	0.7700	0.362500	0.0025
23_noVmax	100	453	0.7800	0.392400	0.0024
23_noVmax	100	453	0.7900	0.422200	0.0022
23_noVmax	100	453	0.8000	0.461900	0.0019
23_noVmax	100	453	0.8100	0.501200	0.0012
23_noVmax	100	453	0.8200	0.540800	0.0008
23_noVmax	100	453	0.8300	0.600700	0.0007
23_noVmax	100	453	0.8400	0.640700	0.0007
23_noVmax	100	453	0.8500	0.690500	0.0005
23_noVmax	100	453	0.8600	0.770400	0.0004
23_noVmax	100	453	0.8700	0.800400	0.0004
23_noVmax	100	453	0.8800	0.840400	0.0004
23_noVmax	100	453	0.8900	0.870400	0.0004
23_noVmax	100	453	0.9000	0.900400	0.0004
23_noVmax	100	453	0.9100	0.960100	0.0001
23_noVmax	100	453	0.9200	0.980000	0.0000
23_noVmax	100	453	0.9300	1.040000	0.0000
23_noVmax	100	453	0.9400	1.090000	0.0000
23_noVmax	100	453	0.9500	1.120000	0.0000
23_noVmax	100	453	0.9600	1.200000	0.0000
23_noVmax	100	453	0.9700	1.270000	0.0000
23_noVmax	100	453	0.9800	1.380000	0.0000
23_noVmax	100	453	0.9900	1.440000	0.0000
23_noVmax	100	453	1.0000	1.440000	0.0000
23_noVmax	1000	453	0.0100	0.970700	0.9707
23_noVmax	1000	453	0.0200	0.927700	0.9277
23_noVmax	1000	453	0.0300	0.873600	0.8736
23_noVmax	1000	453	0.0400	0.806700	0.8067
23_noVmax	1000	453	0.0500	0.749500	0.7495
23_noVmax	1000	453	0.0600	0.690100	0.6901
23_noVmax	1000	453	0.0700	0.636900	0.6369
23_noVmax	1000	453	0.0800	0.584800	0.5848
23_noVmax	1000	453	0.0900	0.535800	0.5358
23_noVmax	1000	453	0.1000	0.492500	0.4925
23_noVmax	1000	453	0.1100	0.451800	0.4518
23_noVmax	1000	453	0.1200	0.416600	0.4166
23_noVmax	1000	453	0.1300	0.381600	0.3816
23_noVmax	1000	453	0.1400	0.349000	0.3490
23_noVmax	1000	453	0.1500	0.320500	0.3205
23_noVmax	1000	453	0.1600	0.292300	0.2923
23_noVmax	1000	453	0.1700	0.267100	0.2671
23_noVmax	1000	453	0.1800	0.242400	0.2424
23_noVmax	1000	453	0.1900	0.223500	0.2235
23_noVmax	1000	453	0.2000	0.202800	0.2028
23_noVmax	1000	453	0.2100	0.186200	0.1862
23_noVmax	1000	453	0.2200	0.170000	0.1700
23_noVmax	1000	453	0.2300	0.156800	0.1568
23_noVmax	1000	453	0.2400	0.141900	0.1419
23_noVmax	1000	453	0.2500	0.132200	0.1322
23_noVmax	1000	453	0.2600	0.122600	0.1226
23_noVmax	1000	453	0.2700	0.111600	0.1116
23_noVmax	1000	453	0.2800	0.101600	0.1016
23_noVmax	1000	453	0.2900	0.093200	0.0932
23_noVmax	1000	453	0.3000	0.085900	0.0859
23_noVmax	1000	453	0.3100	0.080100	0.0801
23_noVmax	1000	453	0.3200	0.074800	0.0748
23_noVmax	1000	453	0.3300	0.068800	0.0688
23_noVmax	1000	453	0.3400	0.063800	0.0638
23_noVmax	1000	453	0.3500	0.058200	0.0582
23_noVmax	1000	453	0.3600	0.053200	0.0532
23_noVmax	1000	453	0.3700	0.047800	0.0478
23_noVmax	1000	453	0.3800	0.044600	0.0446
23_noVmax	1000	453	0.3900	0.041400	0.0414
23_noVmax	1000	453	0.4000	0.038300	0.0383
23_noVmax	1000	453	0.4100	0.036000	0.0360
23_noVmax	1000	453	0.4200	0.034100	0.0341
23_noVmax	1000	453	0.4300	0.031900	0.0319
23_noVmax	1000	453	0.4400	0.029600	0.0296
23_noVmax	1000	453	0.4500	0.127500	0.0275
23_noVmax	1000	453	0.4600	0.126500	0.0265
23_noVmax	1000	453	0.4700	0.124600	0.0246
23_noVmax	1000	453	0.4800	0.122800	0.0228
23_noVmax	1000	453	0.4900	0.121400	0.0214
23_noVmax	1000	453	0.5000	0.119800	0.0198
23_noVmax	1000	453	0.5100	0.118600	0.0186
23_noVmax	1000	453	0.5200	0.117500	0.0175
23_noVmax	1000	453	0.5300	0.216500	0.0165
23_noVmax	1000	453	0.5400	0.215300	0.0153
23_noVmax	1000	453	0.5500	0.214600	0.0146
23_noVmax	1000	453	0.5600	0.313500	0.0135
23_noVmax	1000	453	0.5700	0.412300	0.0123
23_noVmax	1000	453	0.5800	0.411700	0.0117
23_noVmax	1000	453	0.5900	0.411300	0.0113
23_noVmax	1000	453	0.6000	0.510200	0.0102
23_noVmax	1000	453	0.6100	0.609500	0.0095
23_noVmax	1000	453	0.6200	0.708800	0.0088
23_noVmax	1000	453	0.6300	0.708300	0.0083
23_noVmax	1000	453	0.6400	0.807900	0.0079
23_noVmax	1000	453	0.6500	0.907600	0.0076
23_noVmax	1000	453	0.6600	1.207200	0.0072
23_noVmax	1000	453	0.6700	1.306400	0.0064
23_noVmax	1000	453	0.6800	1.605800	0.0058
23_noVmax	1000	453	0.6900	1.605200	0.0052
23_noVmax	1000	453	0.7000	2.004600	0.0046
23_noVmax	1000	453	0.7100	2.304400	0.0044
23_noVmax	1000	453	0.7200	2.504000	0.0040
23_noVmax	1000	453	0.7300	2.503700	0.0037
23_noVmax	1000	453	0.7400	2.803300	0.0033
23_noVmax	1000	453	0.7500	3.203000	0.0030
23_noVmax	1000	453	0.7600	3.402900	0.0029
23_noVmax	1000	453	0.7700	3.602500	0.0025
23_noVmax	1000	453	0.7800	3.902400	0.0024
23_noVmax	1000	453	0.7900	4.202200	0.0022
23_noVmax	1000	453	0.8000	4.601900	0.0019
23_noVmax	1000	453	0.8100	5.001200	0.0012
23_noVmax	1000	453	0.8200	5.400800	0.0008
23_noVmax	1000	453	0.8300	6.000700	0.0007
23_noVmax	1000	453	0.8400	6.400700	0.0007
23_noVmax	1000	453	0.8500	6.900500	0.0005
23_noVmax	1000	453	0.8600	7.700400	0.0004
23_noVmax	1000	453	0.8700	8.000400	0.0004
23_noVmax	1000	453	0.8800	8.400400	0.0004
23_noVmax	1000	453	0.8900	8.700400	0.0004
23_noVmax	1000	453	0.9000	9.000400	0.0004
23_noVmax	1000	453	0.9100	9.600100	0.0001
23_noVmax	1000	453	0.9200	9.800000	0.0000
23_noVmax	1000	453	0.9300	10.400000	0.0000
23_noVmax	1000	453	0.9400	10.900000	0.0000
23_noVmax	1000	453	0.9500	11.200000	0.0000
23_noVmax	1000	453	0.9600	12.000000	0.0000
23_noVmax	1000	453	0.9700	12.700000	0.0000
23_noVmax	1000	453	0.9800	13.800000	0.0000
23_noVmax	1000	453	0.9900	14.400000	0.0000
23_noVmax	1000	453	1.0000	14.400000	0.0000
23_noVmax	1	590	0.0100	0.968500	0.9685
23_noVmax	1	590	0.0200	0.918700	0.9187
23_noVmax	1	590	0.0300	0.855000	0.8550
23_noVmax	1	590	0.0400	0.795000	0.7950
23_noVmax	1	590	0.0500	0.734700	0.7347
23_noVmax	1	590	0.0600	0.676600	0.6766
23_noVmax	1	590	0.0700	0.621300	0.6213
23_noVmax	1	590	0.0800	0.575700	0.5757
23_noVmax	1	590	0.0900	0.524600	0.5246
23_noVmax	1	590	0.1000	0.481500	0.4815
23_noVmax	1	590	0.1100	0.439400	0.4394
23_noVmax	1	590	0.1200	0.403500	0.4035
23_noVmax	1	590	0.1300	0.367900	0.3679
23_noVmax	1	590	0.1400	0.337000	0.3370
23_noVmax	1	590	0.1500	0.308400	0.3084
23_noVmax	1	590	0.1600	0.280800	0.2808
23_noVmax	1	590	0.1700	0.259400	0.2594
23_noVmax	1	590	0.1800	0.237000	0.2370
23_noVmax	1	590	0.1900	0.217100	0.2171
23_noVmax	1	590	0.2000	0.198200	0.1982
23_noVmax	1	590	0.2100	0.180900	0.1809
23_noVmax	1	590	0.2200	0.166600	0.1666
23_noVmax	1	590	0.2300	0.155300	0.1553
23_noVmax	1	590	0.2400	0.143900	0.1439
23_noVmax	1	590	0.2500	0.133100	0.1331
23_noVmax	1	590	0.2600	0.122400	0.1224
23_noVmax	1	590	0.2700	0.113400	0.1134
23_noVmax	1	590	0.2800	0.102000	0.1020
23_noVmax	1	590	0.2900	0.093300	0.0933
23_noVmax	1	590	0.3000	0.086000	0.0860
23_noVmax	1	590	0.3100	0.078200	0.0782
23_noVmax	1	590	0.3200	0.072200	0.0722
23_noVmax	1	590	0.3300	0.067300	0.0673
23_noVmax	1	590	0.3400	0.062500	0.0625
23_noVmax	1	590	0.3500	0.058400	0.0584
23_noVmax	1	590	0.3600	0.053300	0.0533
23_noVmax	1	590	0.3700	0.050000	0.0500
23_noVmax	1	590	0.3800	0.047000	0.0470
23_noVmax	1	590	0.3900	0.043900	0.0439
23_noVmax	1	590	0.4000	0.039200	0.0392
23_noVmax	1	590	0.4100	0.036900	0.0369
23_noVmax	1	590	0.4200	0.033900	0.0339
23_noVmax	1	590	0.4300	0.031500	0.0315
23_noVmax	1	590	0.4400	0.028700	0.0287
23_noVmax	1	590	0.4500	0.027200	0.0272
23_noVmax	1	590	0.4600	0.025100	0.0251
23_noVmax	1	590	0.4700	0.023700	0.0237
23_noVmax	1	590	0.4800	0.022500	0.0224
23_noVmax	1	590	0.4900	0.021200	0.0211
23_noVmax	1	590	0.5000	0.020400	0.0202
23_noVmax	1	590	0.5100	0.019100	0.0189
23_noVmax	1	590	0.5200	0.017200	0.0169
23_noVmax	1	590	0.5300	0.016300	0.0160
23_noVmax	1	590	0.5400	0.015500	0.0152
23_noVmax	1	590	0.5500	0.014100	0.0138
23_noVmax	1	590	0.5600	0.013200	0.0129
23_noVmax	1	590	0.5700	0.012600	0.0123
23_noVmax	1	590	0.5800	0.012200	0.0119
23_noVmax	1	590	0.5900	0.011300	0.0108
23_noVmax	1	590	0.6000	0.010700	0.0102
23_noVmax	1	590	0.6100	0.010200	0.0097
23_noVmax	1	590	0.6200	0.009600	0.0090
23_noVmax	1	590	0.6300	0.009100	0.0084
23_noVmax	1	590	0.6400	0.008900	0.0080
23_noVmax	1	590	0.6500	0.008100	0.0072
23_noVmax	1	590	0.6600	0.007600	0.0066
23_noVmax	1	590	0.6700	0.006600	0.0055
23_noVmax	1	590	0.6800	0.006400	0.0050
23_noVmax	1	590	0.6900	0.005600	0.0042
23_noVmax	1	590	0.7000	0.005500	0.0039
23_noVmax	1	590	0.7100	0.005400	0.0036
23_noVmax	1	590	0.7200	0.004900	0.0031
23_noVmax	1	590	0.7300	0.005300	0.0030
23_noVmax	1	590	0.7400	0.005300	0.0028
23_noVmax	1	590	0.7500	0.005200	0.0025
23_noVmax	1	590	0.7600	0.005200	0.0022
23_noVmax	1	590	0.7700	0.005000	0.0016
23_noVmax	1	590	0.7800	0.005300	0.0016
23_noVmax	1	590	0.7900	0.005600	0.0014
23_noVmax	1	590	0.8000	0.005700	0.0012
23_noVmax	1	590	0.8100	0.005900	0.0012
23_noVmax	1	590	0.8200	0.005600	0.0007
23_noVmax	1	590	0.8300	0.006000	0.0006
23_noVmax	1	590	0.8400	0.006400	0.0006
23_noVmax	1	590	0.8500	0.006600	0.0005
23_noVmax	1	590	0.8600	0.006900	0.0004
23_noVmax	1	590	0.8700	0.007300	0.0003
23_noVmax	1	590	0.8800	0.007500	0.0002
23_noVmax	1	590	0.8900	0.008400	0.0002
23_noVmax	1	590	0.9000	0.008400	0.0001
23_noVmax	1	590	0.9100	0.009500	0.0001
23_noVmax	1	590	0.9200	0.009900	0.0001
23_noVmax	1	590	0.9300	0.010200	0.0000
23_noVmax	1	590	0.9400	0.010800	0.0000
23_noVmax	1	590	0.9500	0.011000	0.0000
23_noVmax	1	590	0.9600	0.012000	0.0000
23_noVmax	1	590	0.9700	0.012700	0.0000
23_noVmax	1	590	0.9800	0.013500	0.0000
23_noVmax	1	590	0.9900	0.014400	0.0000
23_noVmax	1	590	1.0000	0.014400	0.0000
23_noVmax	10	590	0.0100	0.968500	0.9685
23_noVmax	10	590	0.0200	0.918700	0.9187
23_noVmax	10	590	0.0300	0.855000	0.8550
23_noVmax	10	590	0.0400	0.795000	0.7950
23_noVmax	10	590	0.0500	0.734700	0.7347
23_noVmax	10	590	0.0600	0.676600	0.6766
23_noVmax	10	590	0.0700	0.621300	0.6213
23_noVmax	10	590	0.0800	0.575700	0.5757
23_noVmax	10	590	0.0900	0.524600	0.5246
23_noVmax	10	590	0.1000	0.481500	0.4815
23_noVmax	10	590	0.1100	0.439400	0.4394
23_noVmax	10	590	0.1200	0.403500	0.4035
23_noVmax	10	590	0.1300	0.367900	0.3679
23_noVmax	10	590	0.1400	0.337000	0.3370
23_noVmax	10	590	0.1500	0.308400	0.3084
23_noVmax	10	590	0.1600	0.280800	0.2808
23_noVmax	10	590	0.1700	0.259400	0.2594
23_noVmax	10	590	0.1800	0.237000	0.2370
23_noVmax	10	590	0.1900	0.217100	0.2171
23_noVmax	10	590	0.2000	0.198200	0.1982
23_noVmax	10	590	0.2100	0.180900	0.1809
23_noVmax	10	590	0.2200	0.166600	0.1666
23_noVmax	10	590	0.2300	0.155300	0.1553
23_noVmax	10	590	0.2400	0.143900	0.1439
23_noVmax	10	590	0.2500	0.133100	0.1331
23_noVmax	10	590	0.2600	0.122400	0.1224
23_noVmax	10	590	0.2700	0.113400	0.1134
23_noVmax	10	590	0.2800	0.102000	0.1020
23_noVmax	10	590	0.2900	0.093300	0.0933
23_noVmax	10	590	0.3000	0.086000	0.0860
23_noVmax	10	590	0.3100	0.078200	0.0782
23_noVmax	10	590	0.3200	0.072200	0.0722
23_noVmax	10	590	0.3300	0.067300	0.0673
23_noVmax	10	590	0.3400	0.062500	0.0625
23_noVmax	10	590	0.3500	0.058400	0.0584
23_noVmax	10	590	0.3600	0.053300	0.0533
23_noVmax	10	590	0.3700	0.050000	0.0500
23_noVmax	10	590	0.3800	0.047000	0.0470
23_noVmax	10	590	0.3900	0.043900	0.0439
23_noVmax	10	590	0.4000	0.039200	0.0392
23_noVmax	10	590	0.4100	0.036900	0.0369
23_noVmax	10	590	0.4200	0.033900	0.0339
23_noVmax	10	590	0.4300	0.031500	0.0315
23_noVmax	10	590	0.4400	0.028700	0.0287
23_noVmax	10	590	0.4500	0.027200	0.0272
23_noVmax	10	590	0.4600	0.025100	0.0251
23_noVmax	10	590	0.4700	0.023700	0.0237
23_noVmax	10	590	0.4800	0.023400	0.0224
23_noVmax	10	590	0.4900	0.022100	0.0211
23_noVmax	10	590	0.5000	0.022200	0.0202
23_noVmax	10	590	0.5100	0.020900	0.0189
23_noVmax	10	590	0.5200	0.019900	0.0169
23_noVmax	10	590	0.5300	0.019000	0.0160
23_noVmax	10	590	0.5400	0.018200	0.0152
23_noVmax	10	590	0.5500	0.016800	0.0138
23_noVmax	10	590	0.5600	0.015900	0.0129
23_noVmax	10	590	0.5700	0.015300	0.0123
23_noVmax	10	590	0.5800	0.014900	0.0119
23_noVmax	10	590	0.5900	0.015800	0.0108
23_noVmax	10	590	0.6000	0.015200	0.0102
23_noVmax	10	590	0.6100	0.014700	0.0097
23_noVmax	10	590	0.6200	0.015000	0.0090
23_noVmax	10	590	0.6300	0.015400	0.0084
23_noVmax	10	590	0.6400	0.017000	0.0080
23_noVmax	10	590	0.6500	0.016200	0.0072
23_noVmax	10	590	0.6600	0.016600	0.0066
23_noVmax	10	590	0.6700	0.016500	0.0055
23_noVmax	10	590	0.6800	0.019000	0.0050
23_noVmax	10	590	0.6900	0.018200	0.0042
23_noVmax	10	590	0.7000	0.019900	0.0039
23_noVmax	10	590	0.7100	0.021600	0.0036
23_noVmax	10	590	0.7200	0.021100	0.0031
23_noVmax	10	590	0.7300	0.026000	0.0030
23_noVmax	10	590	0.7400	0.027800	0.0028
23_noVmax	10	590	0.7500	0.029500	0.0025
23_noVmax	10	590	0.7600	0.032200	0.0022
23_noVmax	10	590	0.7700	0.035600	0.0016
23_noVmax	10	590	0.7800	0.038600	0.0016
23_noVmax	10	590	0.7900	0.043400	0.0014
23_noVmax	10	590	0.8000	0.046200	0.0012
23_noVmax	10	590	0.8100	0.048200	0.0012
23_noVmax	10	590	0.8200	0.049700	0.0007
23_noVmax	10	590	0.8300	0.054600	0.0006
23_noVmax	10	590	0.8400	0.058600	0.0006
23_noVmax	10	590	0.8500	0.061500	0.0005
23_noVmax	10	590	0.8600	0.065400	0.0004
23_noVmax	10	590	0.8700	0.070300	0.0003
23_noVmax	10	590	0.8800	0.073200	0.0002
23_noVmax	10	590	0.8900	0.082200	0.0002
23_noVmax	10	590	0.9000	0.083100	0.0001
23_noVmax	10	590	0.9100	0.094100	0.0001
23_noVmax	10	590	0.9200	0.098100	0.0001
23_noVmax	10	590	0.9300	0.102000	0.0000
23_noVmax	10	590	0.9400	0.108000	0.0000
23_noVmax	10	590	0.9500	0.110000	0.0000
23_noVmax	10	590	0.9600	0.120000	0.0000
23_noVmax	10	590	0.9700	0.127000	0.0000
23_noVmax	10	590	0.9800	0.135000	0.0000
23_noVmax	10	590	0.9900	0.144000	0.0000
23_noVmax	10	590	1.0000	0.144000	0.0000
23_noVmax	100	590	0.0100	0.968500	0.9685
23_noVmax	100	590	0.0200	0.918700	0.9187
23_noVmax	100	590	0.0300	0.855000	0.8550
23_noVmax	100	590	0.0400	0.795000	0.7950
23_noVmax	100	590	0.0500	0.734700	0.7347
23_noVmax	100	590	0.0600	0.676600	0.6766
23_noVmax	100	590	0.0700	0.621300	0.6213
23_noVmax	100	590	0.0800	0.575700	0.5757
23_noVmax	100	590	0.0900	0.524600	0.5246
23_noVmax	100	590	0.1000	0.481500	0.4815
23_noVmax	100	590	0.1100	0.439400	0.4394
23_noVmax	100	590	0.1200	0.403500	0.4035
23_noVmax	100	590	0.1300	0.367900	0.3679
23_noVmax	100	590	0.1400	0.337000	0.3370
23_noVmax	100	590	0.1500	0.308400	0.3084
23_noVmax	100	590	0.1600	0.280800	0.2808
23_noVmax	100	590	0.1700	0.259400	0.2594
23_noVmax	100	590	0.1800	0.237000	0.2370
23_noVmax	100	590	0.1900	0.217100	0.2171
23_noVmax	100	590	0.2000	0.198200	0.1982
23_noVmax	100	590	0.2100	0.180900	0.1809
23_noVmax	100	590	0.2200	0.166600	0.1666
23_noVmax	100	590	0.2300	0.155300	0.1553
23_noVmax	100	590	0.2400	0.143900	0.1439
23_noVmax	100	590	0.2500	0.133100	0.1331
23_noVmax	100	590	0.2600	0.122400	0.1224
23_noVmax	100	590	0.2700	0.113400	0.1134
23_noVmax	100	590	0.2800	0.102000	0.1020
23_noVmax	100	590	0.2900	0.093300	0.0933
23_noVmax	100	590	0.3000	0.086000	0.0860
23_noVmax	100	590	0.3100	0.078200	0.0782
23_noVmax	100	590	0.3200	0.072200	0.0722
23_noVmax	100	590	0.3300	0.067300	0.0673
23_noVmax	100	590	0.3400	0.062500	0.0625
23_noVmax	100	590	0.3500	0.058400	0.0584
23_noVmax	100	590	0.3600	0.053300	0.0533
23_noVmax	100	590	0.3700	0.050000	0.0500
23_noVmax	100	590	0.3800	0.047000	0.0470
23_noVmax	100	590	0.3900	0.043900	0.0439
23_noVmax	100	590	0.4000	0.039200	0.0392
23_noVmax	100	590	0.4100	0.036900	0.0369
23_noVmax	100	590	0.4200	0.033900	0.0339
23_noVmax	100	590	0.4300	0.031500	0.0315
23_noVmax	100	590	0.4400	0.028700	0.0287
23_noVmax	100	590	0.4500	0.027200	0.0272
23_noVmax	100	590	0.4600	0.025100	0.0251
23_noVmax	100	590	0.4700	0.023700	0.0237
23_noVmax	100	590	0.4800	0.032400	0.0224
23_noVmax	100	590	0.4900	0.031100	0.0211
23_noVmax	100	590	0.5000	0.040200	0.0202
23_noVmax	100	590	0.5100	0.038900	0.0189
23_noVmax	100	590	0.5200	0.046900	0.0169
23_noVmax	100	590	0.5300	0.046000	0.0160
23_noVmax	100	590	0.5400	0.045200	0.0152
23_noVmax	100	590	0.5500	0.043800	0.0138
23_noVmax	100	590	0.5600	0.042900	0.0129
23_noVmax	100	590	0.5700	0.042300	0.0123
23_noVmax	100	590	0.5800	0.041900	0.0119
23_noVmax	100	590	0.5900	0.060800	0.0108
23_noVmax	100	590	0.6000	0.060200	0.0102
23_noVmax	100	590	0.6100	0.059700	0.0097
23_noVmax	100	590	0.6200	0.069000	0.0090
23_noVmax	100	590	0.6300	0.078400	0.0084
23_noVmax	100	590	0.6400	0.098000	0.0080
23_noVmax	100	590	0.6500	0.097200	0.0072
23_noVmax	100	590	0.6600	0.106600	0.0066
23_noVmax	100	590	0.6700	0.115500	0.0055
23_noVmax	100	590	0.6800	0.145000	0.0050
23_noVmax	100	590	0.6900	0.144200	0.0042
23_noVmax	100	590	0.7000	0.163900	0.0039
23_noVmax	100	590	0.7100	0.183600	0.0036
23_noVmax	100	590	0.7200	0.183100	0.0031
23_noVmax	100	590	0.7300	0.233000	0.0030
23_noVmax	100	590	0.7400	0.252800	0.0028
23_noVmax	100	590	0.7500	0.272500	0.0025
23_noVmax	100	590	0.7600	0.302200	0.0022
23_noVmax	100	590	0.7700	0.341600	0.0016
23_noVmax	100	590	0.7800	0.371600	0.0016
23_noVmax	100	590	0.7900	0.421400	0.0014
23_noVmax	100	590	0.8000	0.451200	0.0012
23_noVmax	100	590	0.8100	0.471200	0.0012
23_noVmax	100	590	0.8200	0.490700	0.0007
23_noVmax	100	590	0.8300	0.540600	0.0006
23_noVmax	100	590	0.8400	0.580600	0.0006
23_noVmax	100	590	0.8500	0.610500	0.0005
23_noVmax	100	590	0.8600	0.650400	0.0004
23_noVmax	100	590	0.8700	0.700300	0.0003
23_noVmax	100	590	0.8800	0.730200	0.0002
23_noVmax	100	590	0.8900	0.820200	0.0002
23_noVmax	100	590	0.9000	0.830100	0.0001
23_noVmax	100	590	0.9100	0.940100	0.0001
23_noVmax	100	590	0.9200	0.980100	0.0001
23_noVmax	100	590	0.9300	1.020000	0.0000
23_noVmax	100	590	0.9400	1.080000	0.0000
23_noVmax	100	590	0.9500	1.100000	0.0000
23_noVmax	100	590	0.9600	1.200000	0.0000
23_noVmax	100	590	0.9700	1.270000	0.0000
23_noVmax	100	590	0.9800	1.350000	0.0000
23_noVmax	100	590	0.9900	1.440000	0.0000
23_noVmax	100	590	1.0000	1.440000	0.0000
23_noVmax	1000	590	0.0100	0.968500	0.9685
23_noVmax	1000	590	0.0200	0.918700	0.9187
23_noVmax	1000	590	0.0300	0.855000	0.8550
23_noVmax	1000	590	0.0400	0.795000	0.7950
23_noVmax	1000	590	0.0500	0.734700	0.7347
23_noVmax	1000	590	0.0600	0.676600	0.6766
23_noVmax	1000	590	0.0700	0.621300	0.6213
23_noVmax	1000	590	0.0800	0.575700	0.5757
23_noVmax	1000	590	0.0900	0.524600	0.5246
23_noVmax	1000	590	0.1000	0.481500	0.4815
23_noVmax	1000	590	0.1100	0.439400	0.4394
23_noVmax	1000	590	0.1200	0.403500	0.4035
23_noVmax	1000	590	0.1300	0.367900	0.3679
23_noVmax	1000	590	0.1400	0.337000	0.3370
23_noVmax	1000	590	0.1500	0.308400	0.3084
23_noVmax	1000	590	0.1600	0.280800	0.2808
23_noVmax	1000	590	0.1700	0.259400	0.2594
23_noVmax	1000	590	0.1800	0.237000	0.2370
23_noVmax	1000	590	0.1900	0.217100	0.2171
23_noVmax	1000	590	0.2000	0.198200	0.1982
23_noVmax	1000	590	0.2100	0.180900	0.1809
23_noVmax	1000	590	0.2200	0.166600	0.1666
23_noVmax	1000	590	0.2300	0.155300	0.1553
23_noVmax	1000	590	0.2400	0.143900	0.1439
23_noVmax	1000	590	0.2500	0.133100	0.1331
23_noVmax	1000	590	0.2600	0.122400	0.1224
23_noVmax	1000	590	0.2700	0.113400	0.1134
23_noVmax	1000	590	0.2800	0.102000	0.1020
23_noVmax	1000	590	0.2900	0.093300	0.0933
23_noVmax	1000	590	0.3000	0.086000	0.0860
23_noVmax	1000	590	0.3100	0.078200	0.0782
23_noVmax	1000	590	0.3200	0.072200	0.0722
23_noVmax	1000	590	0.3300	0.067300	0.0673
23_noVmax	1000	590	0.3400	0.062500	0.0625
23_noVmax	1000	590	0.3500	0.058400	0.0584
23_noVmax	1000	590	0.3600	0.053300	0.0533
23_noVmax	1000	590	0.3700	0.050000	0.0500
23_noVmax	1000	590	0.3800	0.047000	0.0470
23_noVmax	1000	590	0.3900	0.043900	0.0439
23_noVmax	1000	590	0.4000	0.039200	0.0392
23_noVmax	1000	590	0.4100	0.036900	0.0369
23_noVmax	1000	590	0.4200	0.033900	0.0339
23_noVmax	1000	590	0.4300	0.031500	0.0315
23_noVmax	1000	590	0.4400	0.028700	0.0287
23_noVmax	1000	590	0.4500	0.027200	0.0272
23_noVmax	1000	590	0.4600	0.025100	0.0251
23_noVmax	1000	590	0.4700	0.023700	0.0237
23_noVmax	1000	590	0.4800	0.122400	0.0224
23_noVmax	1000	590	0.4900	0.121100	0.0211
23_noVmax	1000	590	0.5000	0.220200	0.0202
23_noVmax	1000	590	0.5100	0.218900	0.0189
23_noVmax	1000	590	0.5200	0.316900	0.0169
23_noVmax	1000	590	0.5300	0.316000	0.0160
23_noVmax	1000	590	0.5400	0.315200	0.0152
23_noVmax	1000	590	0.5500	0.313800	0.0138
23_noVmax	1000	590	0.5600	0.312900	0.0129
23_noVmax	1000	590	0.5700	0.312300	0.0123
23_noVmax	1000	590	0.5800	0.311900	0.0119
23_noVmax	1000	590	0.5900	0.510800	0.0108
23_noVmax	1000	590	0.6000	0.510200	0.0102
23_noVmax	1000	590	0.6100	0.509700	0.0097
23_noVmax	1000	590	0.6200	0.609000	0.0090
23_noVmax	1000	590	0.6300	0.708400	0.0084
23_noVmax	1000	590	0.6400	0.908000	0.0080
23_noVmax	1000	590	0.6500	0.907200	0.0072
23_noVmax	1000	590	0.6600	1.006600	0.0066
23_noVmax	1000	590	0.6700	1.105500	0.0055
23_noVmax	1000	590	0.6800	1.405000	0.0050
23_noVmax	1000	590	0.6900	1.404200	0.0042
23_noVmax	1000	590	0.7000	1.603900	0.0039
23_noVmax	1000	590	0.7100	1.803600	0.0036
23_noVmax	1000	590	0.7200	1.803100	0.0031
23_noVmax	1000	590	0.7300	2.303000	0.0030
23_noVmax	1000	590	0.7400	2.502800	0.0028
23_noVmax	1000	590	0.7500	2.702500	0.0025
23_noVmax	1000	590	0.7600	3.002200	0.0022
23_noVmax	1000	590	0.7700	3.401600	0.0016
23_noVmax	1000	590	0.7800	3.701600	0.0016
23_noVmax	1000	590	0.7900	4.201400	0.0014
23_noVmax	1000	590	0.8000	4.501200	0.0012
23_noVmax	1000	590	0.8100	4.701200	0.0012
23_noVmax	1000	590	0.8200	4.900700	0.0007
23_noVmax	1000	590	0.8300	5.400600	0.0006
23_noVmax	1000	590	0.8400	5.800600	0.0006
23_noVmax	1000	590	0.8500	6.100500	0.0005
23_noVmax	1000	590	0.8600	6.500400	0.0004
23_noVmax	1000	590	0.8700	7.000300	0.0003
23_noVmax	1000	590	0.8800	7.300200	0.0002
23_noVmax	1000	590	0.8900	8.200200	0.0002
23_noVmax	1000	590	0.9000	8.300100	0.0001
23_noVmax	1000	590	0.9100	9.400100	0.0001
23_noVmax	1000	590	0.9200	9.800100	0.0001
23_noVmax	1000	590	0.9300	10.200000	0.0000
23_noVmax	1000	590	0.9400	10.800000	0.0000
23_noVmax	1000	590	0.9500	11.000000	0.0000
23_noVmax	1000	590	0.9600	12.000000	0.0000
23_noVmax	1000	590	0.9700	12.700000	0.0000
23_noVmax	1000	590	0.9800	13.500000	0.0000
23_noVmax	1000	590	0.9900	14.400000	0.0000
23_noVmax	1000	590	1.0000	14.400000	0.0000
23_noVmean	1	42	0.0100	0.973900	0.9739
23_noVmean	1	42	0.0200	0.935100	0.9351
23_noVmean	1	42	0.0300	0.881700	0.8817
23_noVmean	1	42	0.0400	0.821800	0.8218
23_noVmean	1	42	0.0500	0.756800	0.7568
23_noVmean	1	42	0.0600	0.696900	0.6969
23_noVmean	1	42	0.0700	0.641000	0.6410
23_noVmean	1	42	0.0800	0.588500	0.5885
23_noVmean	1	42	0.0900	0.539100	0.5391
23_noVmean	1	42	0.1000	0.491100	0.4911
23_noVmean	1	42	0.1100	0.450900	0.4509
23_noVmean	1	42	0.1200	0.411500	0.4115
23_noVmean	1	42	0.1300	0.375300	0.3753
23_noVmean	1	42	0.1400	0.342000	0.3420
23_noVmean	1	42	0.1500	0.310600	0.3106
23_noVmean	1	42	0.1600	0.282500	0.2825
23_noVmean	1	42	0.1700	0.258800	0.2588
23_noVmean	1	42	0.1800	0.237800	0.2378
23_noVmean	1	42	0.1900	0.216200	0.2162
23_noVmean	1	42	0.2000	0.196900	0.1969
23_noVmean	1	42	0.2100	0.178800	0.1788
23_noVmean	1	42	0.2200	0.162700	0.1627
23_noVmean	1	42	0.2300	0.148400	0.1484
23_noVmean	1	42	0.2400	0.137100	0.1371
23_noVmean	1	42	0.2500	0.124700	0.1247
23_noVmean	1	42	0.2600	0.115000	0.1150
23_noVmean	1	42	0.2700	0.106400	0.1064
23_noVmean	1	42	0.2800	0.098000	0.0980
23_noVmean	1	42	0.2900	0.091600	0.0916
23_noVmean	1	42	0.3000	0.083600	0.0836
23_noVmean	1	42	0.3100	0.077200	0.0772
23_noVmean	1	42	0.3200	0.072600	0.0726
23_noVmean	1	42	0.3300	0.066500	0.0665
23_noVmean	1	42	0.3400	0.061700	0.0617
23_noVmean	1	42	0.3500	0.056300	0.0563
23_noVmean	1	42	0.3600	0.051400	0.0514
23_noVmean	1	42	0.3700	0.047800	0.0478
23_noVmean	1	42	0.3800	0.044600	0.0446
23_noVmean	1	42	0.3900	0.040600	0.0406
23_noVmean	1	42	0.4000	0.038100	0.0381
23_noVmean	1	42	0.4100	0.034500	0.0345
23_noVmean	1	42	0.4200	0.031700	0.0317
23_noVmean	1	42	0.4300	0.029900	0.0299
23_noVmean	1	42	0.4400	0.027300	0.0273
23_noVmean	1	42	0.4500	0.026200	0.0262
23_noVmean	1	42	0.4600	0.024800	0.0248
23_noVmean	1	42	0.4700	0.022500	0.0224
23_noVmean	1	42	0.4800	0.021300	0.0212
23_noVmean	1	42	0.4900	0.020000	0.0199
23_noVmean	1	42	0.5000	0.018800	0.0187
23_noVmean	1	42	0.5100	0.018100	0.0180
23_noVmean	1	42	0.5200	0.017200	0.0171
23_noVmean	1	42	0.5300	0.015800	0.0157
23_noVmean	1	42	0.5400	0.014800	0.0147
23_noVmean	1	42	0.5500	0.014000	0.0138
23_noVmean	1	42	0.5600	0.013100	0.0128
23_noVmean	1	42	0.5700	0.012300	0.0120
23_noVmean	1	42	0.5800	0.011700	0.0114
23_noVmean	1	42	0.5900	0.011000	0.0104
23_noVmean	1	42	0.6000	0.010600	0.0099
23_noVmean	1	42	0.6100	0.010000	0.0093
23_noVmean	1	42	0.6200	0.008900	0.0082
23_noVmean	1	42	0.6300	0.008400	0.0077
23_noVmean	1	42	0.6400	0.007700	0.0069
23_noVmean	1	42	0.6500	0.007600	0.0068
23_noVmean	1	42	0.6600	0.006900	0.0061
23_noVmean	1	42	0.6700	0.006200	0.0054
23_noVmean	1	42	0.6800	0.006100	0.0050
23_noVmean	1	42	0.6900	0.005800	0.0045
23_noVmean	1	42	0.7000	0.005600	0.0040
23_noVmean	1	42	0.7100	0.005700	0.0037
23_noVmean	1	42	0.7200	0.005600	0.0033
23_noVmean	1	42	0.7300	0.005400	0.0029
23_noVmean	1	42	0.7400	0.005400	0.0027
23_noVmean	1	42	0.7500	0.005000	0.0021
23_noVmean	1	42	0.7600	0.005100	0.0019
23_noVmean	1	42	0.7700	0.004900	0.0016
23_noVmean	1	42	0.7800	0.005000	0.0014
23_noVmean	1	42	0.7900	0.005000	0.0011
23_noVmean	1	42	0.8000	0.005300	0.0010
23_noVmean	1	42	0.8100	0.005600	0.0009
23_noVmean	1	42	0.8200	0.006400	0.0009
23_noVmean	1	42	0.8300	0.006500	0.0006
23_noVmean	1	42	0.8400	0.006600	0.0006
23_noVmean	1	42	0.8500	0.006700	0.0002
23_noVmean	1	42	0.8600	0.007400	0.0002
23_noVmean	1	42	0.8700	0.007800	0.0002
23_noVmean	1	42	0.8800	0.008200	0.0002
23_noVmean	1	42	0.8900	0.008500	0.0002
23_noVmean	1	42	0.9000	0.008900	0.0001
23_noVmean	1	42	0.9100	0.009500	0.0001
23_noVmean	1	42	0.9200	0.010000	0.0000
23_noVmean	1	42	0.9300	0.010300	0.0000
23_noVmean	1	42	0.9400	0.010900	0.0000
23_noVmean	1	42	0.9500	0.011700	0.0000
23_noVmean	1	42	0.9600	0.012300	0.0000
23_noVmean	1	42	0.9700	0.013200	0.0000
23_noVmean	1	42	0.9800	0.014000	0.0000
23_noVmean	1	42	0.9900	0.014300	0.0000
23_noVmean	1	42	1.0000	0.014400	0.0000
23_noVmean	10	42	0.0100	0.973900	0.9739
23_noVmean	10	42	0.0200	0.935100	0.9351
23_noVmean	10	42	0.0300	0.881700	0.8817
23_noVmean	10	42	0.0400	0.821800	0.8218
23_noVmean	10	42	0.0500	0.756800	0.7568
23_noVmean	10	42	0.0600	0.696900	0.6969
23_noVmean	10	42	0.0700	0.641000	0.6410
23_noVmean	10	42	0.0800	0.588500	0.5885
23_noVmean	10	42	0.0900	0.539100	0.5391
23_noVmean	10	42	0.1000	0.491100	0.4911
23_noVmean	10	42	0.1100	0.450900	0.4509
23_noVmean	10	42	0.1200	0.411500	0.4115
23_noVmean	10	42	0.1300	0.375300	0.3753
23_noVmean	10	42	0.1400	0.342000	0.3420
23_noVmean	10	42	0.1500	0.310600	0.3106
23_noVmean	10	42	0.1600	0.282500	0.2825
23_noVmean	10	42	0.1700	0.258800	0.2588
23_noVmean	10	42	0.1800	0.237800	0.2378
23_noVmean	10	42	0.1900	0.216200	0.2162
23_noVmean	10	42	0.2000	0.196900	0.1969
23_noVmean	10	42	0.2100	0.178800	0.1788
23_noVmean	10	42	0.2200	0.162700	0.1627
23_noVmean	10	42	0.2300	0.148400	0.1484
23_noVmean	10	42	0.2400	0.137100	0.1371
23_noVmean	10	42	0.2500	0.124700	0.1247
23_noVmean	10	42	0.2600	0.115000	0.1150
23_noVmean	10	42	0.2700	0.106400	0.1064
23_noVmean	10	42	0.2800	0.098000	0.0980
23_noVmean	10	42	0.2900	0.091600	0.0916
23_noVmean	10	42	0.3000	0.083600	0.0836
23_noVmean	10	42	0.3100	0.077200	0.0772
23_noVmean	10	42	0.3200	0.072600	0.0726
23_noVmean	10	42	0.3300	0.066500	0.0665
23_noVmean	10	42	0.3400	0.061700	0.0617
23_noVmean	10	42	0.3500	0.056300	0.0563
23_noVmean	10	42	0.3600	0.051400	0.0514
23_noVmean	10	42	0.3700	0.047800	0.0478
23_noVmean	10	42	0.3800	0.044600	0.0446
23_noVmean	10	42	0.3900	0.040600	0.0406
23_noVmean	10	42	0.4000	0.038100	0.0381
23_noVmean	10	42	0.4100	0.034500	0.0345
23_noVmean	10	42	0.4200	0.031700	0.0317
23_noVmean	10	42	0.4300	0.029900	0.0299
23_noVmean	10	42	0.4400	0.027300	0.0273
23_noVmean	10	42	0.4500	0.026200	0.0262
23_noVmean	10	42	0.4600	0.024800	0.0248
23_noVmean	10	42	0.4700	0.023400	0.0224
23_noVmean	10	42	0.4800	0.022200	0.0212
23_noVmean	10	42	0.4900	0.020900	0.0199
23_noVmean	10	42	0.5000	0.019700	0.0187
23_noVmean	10	42	0.5100	0.019000	0.0180
23_noVmean	10	42	0.5200	0.018100	0.0171
23_noVmean	10	42	0.5300	0.016700	0.0157
23_noVmean	10	42	0.5400	0.015700	0.0147
23_noVmean	10	42	0.5500	0.015800	0.0138
23_noVmean	10	42	0.5600	0.015800	0.0128
23_noVmean	10	42	0.5700	0.015000	0.0120
23_noVmean	10	42	0.5800	0.014400	0.0114
23_noVmean	10	42	0.5900	0.016400	0.0104
23_noVmean	10	42	0.6000	0.016900	0.0099
23_noVmean	10	42	0.6100	0.016300	0.0093
23_noVmean	10	42	0.6200	0.015200	0.0082
23_noVmean	10	42	0.6300	0.014700	0.0077
23_noVmean	10	42	0.6400	0.014900	0.0069
23_noVmean	10	42	0.6500	0.014800	0.0068
23_noVmean	10	42	0.6600	0.014100	0.0061
23_noVmean	10	42	0.6700	0.013400	0.0054
23_noVmean	10	42	0.6800	0.016000	0.0050
23_noVmean	10	42	0.6900	0.017500	0.0045
23_noVmean	10	42	0.7000	0.020000	0.0040
23_noVmean	10	42	0.7100	0.023700	0.0037
23_noVmean	10	42	0.7200	0.026300	0.0033
23_noVmean	10	42	0.7300	0.027900	0.0029
23_noVmean	10	42	0.7400	0.029700	0.0027
23_noVmean	10	42	0.7500	0.031100	0.0021
23_noVmean	10	42	0.7600	0.033900	0.0019
23_noVmean	10	42	0.7700	0.034600	0.0016
23_noVmean	10	42	0.7800	0.037400	0.0014
23_noVmean	10	42	0.7900	0.040100	0.0011
23_noVmean	10	42	0.8000	0.044000	0.0010
23_noVmean	10	42	0.8100	0.047900	0.0009
23_noVmean	10	42	0.8200	0.055900	0.0009
23_noVmean	10	42	0.8300	0.059600	0.0006
23_noVmean	10	42	0.8400	0.060600	0.0006
23_noVmean	10	42	0.8500	0.065200	0.0002
23_noVmean	10	42	0.8600	0.072200	0.0002
23_noVmean	10	42	0.8700	0.076200	0.0002
23_noVmean	10	42	0.8800	0.080200	0.0002
23_noVmean	10	42	0.8900	0.083200	0.0002
23_noVmean	10	42	0.9000	0.088100	0.0001
23_noVmean	10	42	0.9100	0.094100	0.0001
23_noVmean	10	42	0.9200	0.100000	0.0000
23_noVmean	10	42	0.9300	0.103000	0.0000
23_noVmean	10	42	0.9400	0.109000	0.0000
23_noVmean	10	42	0.9500	0.117000	0.0000
23_noVmean	10	42	0.9600	0.123000	0.0000
23_noVmean	10	42	0.9700	0.132000	0.0000
23_noVmean	10	42	0.9800	0.140000	0.0000
23_noVmean	10	42	0.9900	0.143000	0.0000
23_noVmean	10	42	1.0000	0.144000	0.0000
23_noVmean	100	42	0.0100	0.973900	0.9739
23_noVmean	100	42	0.0200	0.935100	0.9351
23_noVmean	100	42	0.0300	0.881700	0.8817
23_noVmean	100	42	0.0400	0.821800	0.8218
23_noVmean	100	42	0.0500	0.756800	0.7568
23_noVmean	100	42	0.0600	0.696900	0.6969
23_noVmean	100	42	0.0700	0.641000	0.6410
23_noVmean	100	42	0.0800	0.588500	0.5885
23_noVmean	100	42	0.0900	0.539100	0.5391
23_noVmean	100	42	0.1000	0.491100	0.4911
23_noVmean	100	42	0.1100	0.450900	0.4509
23_noVmean	100	42	0.1200	0.411500	0.4115
23_noVmean	100	42	0.1300	0.375300	0.3753
23_noVmean	100	42	0.1400	0.342000	0.3420
23_noVmean	100	42	0.1500	0.310600	0.3106
23_noVmean	100	42	0.1600	0.282500	0.2825
23_noVmean	100	42	0.1700	0.258800	0.2588
23_noVmean	100	42	0.1800	0.237800	0.2378
23_noVmean	100	42	0.1900	0.216200	0.2162
23_noVmean	100	42	0.2000	0.196900	0.1969
23_noVmean	100	42	0.2100	0.178800	0.1788
23_noVmean	100	42	0.2200	0.162700	0.1627
23_noVmean	100	42	0.2300	0.148400	0.1484
23_noVmean	100	42	0.2400	0.137100	0.1371
23_noVmean	100	42	0.2500	0.124700	0.1247
23_noVmean	100	42	0.2600	0.115000	0.1150
23_noVmean	100	42	0.2700	0.106400	0.1064
23_noVmean	100	42	0.2800	0.098000	0.0980
23_noVmean	100	42	0.2900	0.091600	0.0916
23_noVmean	100	42	0.3000	0.083600	0.0836
23_noVmean	100	42	0.3100	0.077200	0.0772
23_noVmean	100	42	0.3200	0.072600	0.0726
23_noVmean	100	42	0.3300	0.066500	0.0665
23_noVmean	100	42	0.3400	0.061700	0.0617
23_noVmean	100	42	0.3500	0.056300	0.0563
23_noVmean	100	42	0.3600	0.051400	0.0514
23_noVmean	100	42	0.3700	0.047800	0.0478
23_noVmean	100	42	0.3800	0.044600	0.0446
23_noVmean	100	42	0.3900	0.040600	0.0406
23_noVmean	100	42	0.4000	0.038100	0.0381
23_noVmean	100	42	0.4100	0.034500	0.0345
23_noVmean	100	42	0.4200	0.031700	0.0317
23_noVmean	100	42	0.4300	0.029900	0.0299
23_noVmean	100	42	0.4400	0.027300	0.0273
23_noVmean	100	42	0.4500	0.026200	0.0262
23_noVmean	100	42	0.4600	0.024800	0.0248
23_noVmean	100	42	0.4700	0.032400	0.0224
23_noVmean	100	42	0.4800	0.031200	0.0212
23_noVmean	100	42	0.4900	0.029900	0.0199
23_noVmean	100	42	0.5000	0.028700	0.0187
23_noVmean	100	42	0.5100	0.028000	0.0180
23_noVmean	100	42	0.5200	0.027100	0.0171
23_noVmean	100	42	0.5300	0.025700	0.0157
23_noVmean	100	42	0.5400	0.024700	0.0147
23_noVmean	100	42	0.5500	0.033800	0.0138
23_noVmean	100	42	0.5600	0.042800	0.0128
23_noVmean	100	42	0.5700	0.042000	0.0120
23_noVmean	100	42	0.5800	0.041400	0.0114
23_noVmean	100	42	0.5900	0.070400	0.0104
23_noVmean	100	42	0.6000	0.079900	0.0099
23_noVmean	100	42	0.6100	0.079300	0.0093
23_noVmean	100	42	0.6200	0.078200	0.0082
23_noVmean	100	42	0.6300	0.077700	0.0077
23_noVmean	100	42	0.6400	0.086900	0.0069
23_noVmean	100	42	0.6500	0.086800	0.0068
23_noVmean	100	42	0.6600	0.086100	0.0061
23_noVmean	100	42	0.6700	0.085400	0.0054
23_noVmean	100	42	0.6800	0.115000	0.0050
23_noVmean	100	42	0.6900	0.134500	0.0045
23_noVmean	100	42	0.7000	0.164000	0.0040
23_noVmean	100	42	0.7100	0.203700	0.0037
23_noVmean	100	42	0.7200	0.233300	0.0033
23_noVmean	100	42	0.7300	0.252900	0.0029
23_noVmean	100	42	0.7400	0.272700	0.0027
23_noVmean	100	42	0.7500	0.292100	0.0021
23_noVmean	100	42	0.7600	0.321900	0.0019
23_noVmean	100	42	0.7700	0.331600	0.0016
23_noVmean	100	42	0.7800	0.361400	0.0014
23_noVmean	100	42	0.7900	0.391100	0.0011
23_noVmean	100	42	0.8000	0.431000	0.0010
23_noVmean	100	42	0.8100	0.470900	0.0009
23_noVmean	100	42	0.8200	0.550900	0.0009
23_noVmean	100	42	0.8300	0.590600	0.0006
23_noVmean	100	42	0.8400	0.600600	0.0006
23_noVmean	100	42	0.8500	0.650200	0.0002
23_noVmean	100	42	0.8600	0.720200	0.0002
23_noVmean	100	42	0.8700	0.760200	0.0002
23_noVmean	100	42	0.8800	0.800200	0.0002
23_noVmean	100	42	0.8900	0.830200	0.0002
23_noVmean	100	42	0.9000	0.880100	0.0001
23_noVmean	100	42	0.9100	0.940100	0.0001
23_noVmean	100	42	0.9200	1.000000	0.0000
23_noVmean	100	42	0.9300	1.030000	0.0000
23_noVmean	100	42	0.9400	1.090000	0.0000
23_noVmean	100	42	0.9500	1.170000	0.0000
23_noVmean	100	42	0.9600	1.230000	0.0000
23_noVmean	100	42	0.9700	1.320000	0.0000
23_noVmean	100	42	0.9800	1.400000	0.0000
23_noVmean	100	42	0.9900	1.430000	0.0000
23_noVmean	100	42	1.0000	1.440000	0.0000
23_noVmean	1000	42	0.0100	0.973900	0.9739
23_noVmean	1000	42	0.0200	0.935100	0.9351
23_noVmean	1000	42	0.0300	0.881700	0.8817
23_noVmean	1000	42	0.0400	0.821800	0.8218
23_noVmean	1000	42	0.0500	0.756800	0.7568
23_noVmean	1000	42	0.0600	0.696900	0.6969
23_noVmean	1000	42	0.0700	0.641000	0.6410
23_noVmean	1000	42	0.0800	0.588500	0.5885
23_noVmean	1000	42	0.0900	0.539100	0.5391
23_noVmean	1000	42	0.1000	0.491100	0.4911
23_noVmean	1000	42	0.1100	0.450900	0.4509
23_noVmean	1000	42	0.1200	0.411500	0.4115
23_noVmean	1000	42	0.1300	0.375300	0.3753
23_noVmean	1000	42	0.1400	0.342000	0.3420
23_noVmean	1000	42	0.1500	0.310600	0.3106
23_noVmean	1000	42	0.1600	0.282500	0.2825
23_noVmean	1000	42	0.1700	0.258800	0.2588
23_noVmean	1000	42	0.1800	0.237800	0.2378
23_noVmean	1000	42	0.1900	0.216200	0.2162
23_noVmean	1000	42	0.2000	0.196900	0.1969
23_noVmean	1000	42	0.2100	0.178800	0.1788
23_noVmean	1000	42	0.2200	0.162700	0.1627
23_noVmean	1000	42	0.2300	0.148400	0.1484
23_noVmean	1000	42	0.2400	0.137100	0.1371
23_noVmean	1000	42	0.2500	0.124700	0.1247
23_noVmean	1000	42	0.2600	0.115000	0.1150
23_noVmean	1000	42	0.2700	0.106400	0.1064
23_noVmean	1000	42	0.2800	0.098000	0.0980
23_noVmean	1000	42	0.2900	0.091600	0.0916
23_noVmean	1000	42	0.3000	0.083600	0.0836
23_noVmean	1000	42	0.3100	0.077200	0.0772
23_noVmean	1000	42	0.3200	0.072600	0.0726
23_noVmean	1000	42	0.3300	0.066500	0.0665
23_noVmean	1000	42	0.3400	0.061700	0.0617
23_noVmean	1000	42	0.3500	0.056300	0.0563
23_noVmean	1000	42	0.3600	0.051400	0.0514
23_noVmean	1000	42	0.3700	0.047800	0.0478
23_noVmean	1000	42	0.3800	0.044600	0.0446
23_noVmean	1000	42	0.3900	0.040600	0.0406
23_noVmean	1000	42	0.4000	0.038100	0.0381
23_noVmean	1000	42	0.4100	0.034500	0.0345
23_noVmean	1000	42	0.4200	0.031700	0.0317
23_noVmean	1000	42	0.4300	0.029900	0.0299
23_noVmean	1000	42	0.4400	0.027300	0.0273
23_noVmean	1000	42	0.4500	0.026200	0.0262
23_noVmean	1000	42	0.4600	0.024800	0.0248
23_noVmean	1000	42	0.4700	0.122400	0.0224
23_noVmean	1000	42	0.4800	0.121200	0.0212
23_noVmean	1000	42	0.4900	0.119900	0.0199
23_noVmean	1000	42	0.5000	0.118700	0.0187
23_noVmean	1000	42	0.5100	0.118000	0.0180
23_noVmean	1000	42	0.5200	0.117100	0.0171
23_noVmean	1000	42	0.5300	0.115700	0.0157
23_noVmean	1000	42	0.5400	0.114700	0.0147
23_noVmean	1000	42	0.5500	0.213800	0.0138
23_noVmean	1000	42	0.5600	0.312800	0.0128
23_noVmean	1000	42	0.5700	0.312000	0.0120
23_noVmean	1000	42	0.5800	0.311400	0.0114
23_noVmean	1000	42	0.5900	0.610400	0.0104
23_noVmean	1000	42	0.6000	0.709900	0.0099
23_noVmean	1000	42	0.6100	0.709300	0.0093
23_noVmean	1000	42	0.6200	0.708200	0.0082
23_noVmean	1000	42	0.6300	0.707700	0.0077
23_noVmean	1000	42	0.6400	0.806900	0.0069
23_noVmean	1000	42	0.6500	0.806800	0.0068
23_noVmean	1000	42	0.6600	0.806100	0.0061
23_noVmean	1000	42	0.6700	0.805400	0.0054
23_noVmean	1000	42	0.6800	1.105000	0.0050
23_noVmean	1000	42	0.6900	1.304500	0.0045
23_noVmean	1000	42	0.7000	1.604000	0.0040
23_noVmean	1000	42	0.7100	2.003700	0.0037
23_noVmean	1000	42	0.7200	2.303300	0.0033
23_noVmean	1000	42	0.7300	2.502900	0.0029
23_noVmean	1000	42	0.7400	2.702700	0.0027
23_noVmean	1000	42	0.7500	2.902100	0.0021
23_noVmean	1000	42	0.7600	3.201900	0.0019
23_noVmean	1000	42	0.7700	3.301600	0.0016
23_noVmean	1000	42	0.7800	3.601400	0.0014
23_noVmean	1000	42	0.7900	3.901100	0.0011
23_noVmean	1000	42	0.8000	4.301000	0.0010
23_noVmean	1000	42	0.8100	4.700900	0.0009
23_noVmean	1000	42	0.8200	5.500900	0.0009
23_noVmean	1000	42	0.8300	5.900600	0.0006
23_noVmean	1000	42	0.8400	6.000600	0.0006
23_noVmean	1000	42	0.8500	6.500200	0.0002
23_noVmean	1000	42	0.8600	7.200200	0.0002
23_noVmean	1000	42	0.8700	7.600200	0.0002
23_noVmean	1000	42	0.8800	8.000200	0.0002
23_noVmean	1000	42	0.8900	8.300200	0.0002
23_noVmean	1000	42	0.9000	8.800100	0.0001
23_noVmean	1000	42	0.9100	9.400100	0.0001
23_noVmean	1000	42	0.9200	10.000000	0.0000
23_noVmean	1000	42	0.9300	10.300000	0.0000
23_noVmean	1000	42	0.9400	10.900000	0.0000
23_noVmean	1000	42	0.9500	11.700000	0.0000
23_noVmean	1000	42	0.9600	12.300000	0.0000
23_noVmean	1000	42	0.9700	13.200000	0.0000
23_noVmean	1000	42	0.9800	14.000000	0.0000
23_noVmean	1000	42	0.9900	14.300000	0.0000
23_noVmean	1000	42	1.0000	14.400000	0.0000
23_noVmean	1	179	0.0100	0.975000	0.9750
23_noVmean	1	179	0.0200	0.937000	0.9370
23_noVmean	1	179	0.0300	0.879900	0.8799
23_noVmean	1	179	0.0400	0.820000	0.8200
23_noVmean	1	179	0.0500	0.757900	0.7579
23_noVmean	1	179	0.0600	0.691500	0.6915
23_noVmean	1	179	0.0700	0.631000	0.6310
23_noVmean	1	179	0.0800	0.575400	0.5754
23_noVmean	1	179	0.0900	0.521400	0.5214
23_noVmean	1	179	0.1000	0.472300	0.4723
23_noVmean	1	179	0.1100	0.428300	0.4283
23_noVmean	1	179	0.1200	0.390600	0.3906
23_noVmean	1	179	0.1300	0.354500	0.3545
23_noVmean	1	179	0.1400	0.324900	0.3249
23_noVmean	1	179	0.1500	0.295000	0.2950
23_noVmean	1	179	0.1600	0.267700	0.2677
23_noVmean	1	179	0.1700	0.245600	0.2456
23_noVmean	1	179	0.1800	0.221400	0.2214
23_noVmean	1	179	0.1900	0.202700	0.2027
23_noVmean	1	179	0.2000	0.183600	0.1836
23_noVmean	1	179	0.2100	0.166800	0.1668
23_noVmean	1	179	0.2200	0.154200	0.1542
23_noVmean	1	179	0.2300	0.141200	0.1412
23_noVmean	1	179	0.2400	0.129000	0.1290
23_noVmean	1	179	0.2500	0.118100	0.1181
23_noVmean	1	179	0.2600	0.109000	0.1090
23_noVmean	1	179	0.2700	0.099700	0.0997
23_noVmean	1	179	0.2800	0.092500	0.0925
23_noVmean	1	179	0.2900	0.085200	0.0852
23_noVmean	1	179	0.3000	0.076600	0.0766
23_noVmean	1	179	0.3100	0.070900	0.0709
23_noVmean	1	179	0.3200	0.063700	0.0637
23_noVmean	1	179	0.3300	0.058200	0.0582
23_noVmean	1	179	0.3400	0.052300	0.0523
23_noVmean	1	179	0.3500	0.048700	0.0487
23_noVmean	1	179	0.3600	0.044800	0.0448
23_noVmean	1	179	0.3700	0.042400	0.0424
23_noVmean	1	179	0.3800	0.039300	0.0393
23_noVmean	1	179	0.3900	0.036800	0.0368
23_noVmean	1	179	0.4000	0.034300	0.0343
23_noVmean	1	179	0.4100	0.032100	0.0321
23_noVmean	1	179	0.4200	0.030300	0.0303
23_noVmean	1	179	0.4300	0.027900	0.0279
23_noVmean	1	179	0.4400	0.026400	0.0264
23_noVmean	1	179	0.4500	0.025000	0.0250
23_noVmean	1	179	0.4600	0.023600	0.0236
23_noVmean	1	179	0.4700	0.021600	0.0216
23_noVmean	1	179	0.4800	0.020000	0.0200
23_noVmean	1	179	0.4900	0.018800	0.0188
23_noVmean	1	179	0.5000	0.017200	0.0171
23_noVmean	1	179	0.5100	0.015700	0.0156
23_noVmean	1	179	0.5200	0.014600	0.0145
23_noVmean	1	179	0.5300	0.014500	0.0143
23_noVmean	1	179	0.5400	0.013200	0.0129
23_noVmean	1	179	0.5500	0.012900	0.0126
23_noVmean	1	179	0.5600	0.012000	0.0117
23_noVmean	1	179	0.5700	0.011700	0.0114
23_noVmean	1	179	0.5800	0.011100	0.0107
23_noVmean	1	179	0.5900	0.010500	0.0101
23_noVmean	1	179	0.6000	0.010000	0.0095
23_noVmean	1	179	0.6100	0.009700	0.0091
23_noVmean	1	179	0.6200	0.009400	0.0087
23_noVmean	1	179	0.6300	0.008800	0.0080
23_noVmean	1	179	0.6400	0.008600	0.0076
23_noVmean	1	179	0.6500	0.008500	0.0072
23_noVmean	1	179	0.6600	0.007900	0.0063
23_noVmean	1	179	0.6700	0.007600	0.0060
23_noVmean	1	179	0.6800	0.007000	0.0054
23_noVmean	1	179	0.6900	0.006700	0.0050
23_noVmean	1	179	0.7000	0.006200	0.0044
23_noVmean	1	179	0.7100	0.005300	0.0034
23_noVmean	1	179	0.7200	0.005200	0.0031
23_noVmean	1	179	0.7300	0.005200	0.0025
23_noVmean	1	179	0.7400	0.005300	0.0023
23_noVmean	1	179	0.7500	0.005700	0.0023
23_noVmean	1	179	0.7600	0.005700	0.0022
23_noVmean	1	179	0.7700	0.005500	0.0018
23_noVmean	1	179	0.7800	0.005300	0.0015
23_noVmean	1	179	0.7900	0.005400	0.0014
23_noVmean	1	179	0.8000	0.005700	0.0013
23_noVmean	1	179	0.8100	0.005800	0.0011
23_noVmean	1	179	0.8200	0.006100	0.0009
23_noVmean	1	179	0.8300	0.006200	0.0008
23_noVmean	1	179	0.8400	0.006400	0.0008
23_noVmean	1	179	0.8500	0.006600	0.0004
23_noVmean	1	179	0.8600	0.006900	0.0004
23_noVmean	1	179	0.8700	0.007500	0.0002
23_noVmean	1	179	0.8800	0.007900	0.0001
23_noVmean	1	179	0.8900	0.008300	0.0001
23_noVmean	1	179	0.9000	0.008800	0.0001
23_noVmean	1	179	0.9100	0.009400	0.0001
23_noVmean	1	179	0.9200	0.009900	0.0001
23_noVmean	1	179	0.9300	0.010300	0.0000
23_noVmean	1	179	0.9400	0.010900	0.0000
23_noVmean	1	179	0.9500	0.011500	0.0000
23_noVmean	1	179	0.9600	0.011700	0.0000
23_noVmean	1	179	0.9700	0.012800	0.0000
23_noVmean	1	179	0.9800	0.013500	0.0000
23_noVmean	1	179	0.9900	0.014300	0.0000
23_noVmean	1	179	1.0000	0.014400	0.0000
23_noVmean	10	179	0.0100	0.975000	0.9750
23_noVmean	10	179	0.0200	0.937000	0.9370
23_noVmean	10	179	0.0300	0.879900	0.8799
23_noVmean	10	179	0.0400	0.820000	0.8200
23_noVmean	10	179	0.0500	0.757900	0.7579
23_noVmean	10	179	0.0600	0.691500	0.6915
23_noVmean	10	179	0.0700	0.631000	0.6310
23_noVmean	10	179	0.0800	0.575400	0.5754
23_noVmean	10	179	0.0900	0.521400	0.5214
23_noVmean	10	179	0.1000	0.472300	0.4723
23_noVmean	10	179	0.1100	0.428300	0.4283
23_noVmean	10	179	0.1200	0.390600	0.3906
23_noVmean	10	179	0.1300	0.354500	0.3545
23_noVmean	10	179	0.1400	0.324900	0.3249
23_noVmean	10	179	0.1500	0.295000	0.2950
23_noVmean	10	179	0.1600	0.267700	0.2677
23_noVmean	10	179	0.1700	0.245600	0.2456
23_noVmean	10	179	0.1800	0.221400	0.2214
23_noVmean	10	179	0.1900	0.202700	0.2027
23_noVmean	10	179	0.2000	0.183600	0.1836
23_noVmean	10	179	0.2100	0.166800	0.1668
23_noVmean	10	179	0.2200	0.154200	0.1542
23_noVmean	10	179	0.2300	0.141200	0.1412
23_noVmean	10	179	0.2400	0.129000	0.1290
23_noVmean	10	179	0.2500	0.118100	0.1181
23_noVmean	10	179	0.2600	0.109000	0.1090
23_noVmean	10	179	0.2700	0.099700	0.0997
23_noVmean	10	179	0.2800	0.092500	0.0925
23_noVmean	10	179	0.2900	0.085200	0.0852
23_noVmean	10	179	0.3000	0.076600	0.0766
23_noVmean	10	179	0.3100	0.070900	0.0709
23_noVmean	10	179	0.3200	0.063700	0.0637
23_noVmean	10	179	0.3300	0.058200	0.0582
23_noVmean	10	179	0.3400	0.052300	0.0523
23_noVmean	10	179	0.3500	0.048700	0.0487
23_noVmean	10	179	0.3600	0.044800	0.0448
23_noVmean	10	179	0.3700	0.042400	0.0424
23_noVmean	10	179	0.3800	0.039300	0.0393
23_noVmean	10	179	0.3900	0.036800	0.0368
23_noVmean	10	179	0.4000	0.034300	0.0343
23_noVmean	10	179	0.4100	0.032100	0.0321
23_noVmean	10	179	0.4200	0.030300	0.0303
23_noVmean	10	179	0.4300	0.027900	0.0279
23_noVmean	10	179	0.4400	0.026400	0.0264
23_noVmean	10	179	0.4500	0.025000	0.0250
23_noVmean	10	179	0.4600	0.023600	0.0236
23_noVmean	10	179	0.4700	0.021600	0.0216
23_noVmean	10	179	0.4800	0.020000	0.0200
23_noVmean	10	179	0.4900	0.018800	0.0188
23_noVmean	10	179	0.5000	0.018100	0.0171
23_noVmean	10	179	0.5100	0.016600	0.0156
23_noVmean	10	179	0.5200	0.015500	0.0145
23_noVmean	10	179	0.5300	0.016300	0.0143
23_noVmean	10	179	0.5400	0.015900	0.0129
23_noVmean	10	179	0.5500	0.015600	0.0126
23_noVmean	10	179	0.5600	0.014700	0.0117
23_noVmean	10	179	0.5700	0.014400	0.0114
23_noVmean	10	179	0.5800	0.014700	0.0107
23_noVmean	10	179	0.5900	0.014100	0.0101
23_noVmean	10	179	0.6000	0.014500	0.0095
23_noVmean	10	179	0.6100	0.015100	0.0091
23_noVmean	10	179	0.6200	0.015700	0.0087
23_noVmean	10	179	0.6300	0.016000	0.0080
23_noVmean	10	179	0.6400	0.017600	0.0076
23_noVmean	10	179	0.6500	0.020200	0.0072
23_noVmean	10	179	0.6600	0.022300	0.0063
23_noVmean	10	179	0.6700	0.022000	0.0060
23_noVmean	10	179	0.6800	0.021400	0.0054
23_noVmean	10	179	0.6900	0.022000	0.0050
23_noVmean	10	179	0.7000	0.022400	0.0044
23_noVmean	10	179	0.7100	0.022400	0.0034
23_noVmean	10	179	0.7200	0.024100	0.0031
23_noVmean	10	179	0.7300	0.029500	0.0025
23_noVmean	10	179	0.7400	0.032300	0.0023
23_noVmean	10	179	0.7500	0.036300	0.0023
23_noVmean	10	179	0.7600	0.037200	0.0022
23_noVmean	10	179	0.7700	0.038800	0.0018
23_noVmean	10	179	0.7800	0.039500	0.0015
23_noVmean	10	179	0.7900	0.041400	0.0014
23_noVmean	10	179	0.8000	0.045300	0.0013
23_noVmean	10	179	0.8100	0.048100	0.0011
23_noVmean	10	179	0.8200	0.052900	0.0009
23_noVmean	10	179	0.8300	0.054800	0.0008
23_noVmean	10	179	0.8400	0.056800	0.0008
23_noVmean	10	179	0.8500	0.062400	0.0004
23_noVmean	10	179	0.8600	0.065400	0.0004
23_noVmean	10	179	0.8700	0.073200	0.0002
23_noVmean	10	179	0.8800	0.078100	0.0001
23_noVmean	10	179	0.8900	0.082100	0.0001
23_noVmean	10	179	0.9000	0.087100	0.0001
23_noVmean	10	179	0.9100	0.093100	0.0001
23_noVmean	10	179	0.9200	0.098100	0.0001
23_noVmean	10	179	0.9300	0.103000	0.0000
23_noVmean	10	179	0.9400	0.109000	0.0000
23_noVmean	10	179	0.9500	0.115000	0.0000
23_noVmean	10	179	0.9600	0.117000	0.0000
23_noVmean	10	179	0.9700	0.128000	0.0000
23_noVmean	10	179	0.9800	0.135000	0.0000
23_noVmean	10	179	0.9900	0.143000	0.0000
23_noVmean	10	179	1.0000	0.144000	0.0000
23_noVmean	100	179	0.0100	0.975000	0.9750
23_noVmean	100	179	0.0200	0.937000	0.9370
23_noVmean	100	179	0.0300	0.879900	0.8799
23_noVmean	100	179	0.0400	0.820000	0.8200
23_noVmean	100	179	0.0500	0.757900	0.7579
23_noVmean	100	179	0.0600	0.691500	0.6915
23_noVmean	100	179	0.0700	0.631000	0.6310
23_noVmean	100	179	0.0800	0.575400	0.5754
23_noVmean	100	179	0.0900	0.521400	0.5214
23_noVmean	100	179	0.1000	0.472300	0.4723
23_noVmean	100	179	0.1100	0.428300	0.4283
23_noVmean	100	179	0.1200	0.390600	0.3906
23_noVmean	100	179	0.1300	0.354500	0.3545
23_noVmean	100	179	0.1400	0.324900	0.3249
23_noVmean	100	179	0.1500	0.295000	0.2950
23_noVmean	100	179	0.1600	0.267700	0.2677
23_noVmean	100	179	0.1700	0.245600	0.2456
23_noVmean	100	179	0.1800	0.221400	0.2214
23_noVmean	100	179	0.1900	0.202700	0.2027
23_noVmean	100	179	0.2000	0.183600	0.1836
23_noVmean	100	179	0.2100	0.166800	0.1668
23_noVmean	100	179	0.2200	0.154200	0.1542
23_noVmean	100	179	0.2300	0.141200	0.1412
23_noVmean	100	179	0.2400	0.129000	0.1290
23_noVmean	100	179	0.2500	0.118100	0.1181
23_noVmean	100	179	0.2600	0.109000	0.1090
23_noVmean	100	179	0.2700	0.099700	0.0997
23_noVmean	100	179	0.2800	0.092500	0.0925
23_noVmean	100	179	0.2900	0.085200	0.0852
23_noVmean	100	179	0.3000	0.076600	0.0766
23_noVmean	100	179	0.3100	0.070900	0.0709
23_noVmean	100	179	0.3200	0.063700	0.0637
23_noVmean	100	179	0.3300	0.058200	0.0582
23_noVmean	100	179	0.3400	0.052300	0.0523
23_noVmean	100	179	0.3500	0.048700	0.0487
23_noVmean	100	179	0.3600	0.044800	0.0448
23_noVmean	100	179	0.3700	0.042400	0.0424
23_noVmean	100	179	0.3800	0.039300	0.0393
23_noVmean	100	179	0.3900	0.036800	0.0368
23_noVmean	100	179	0.4000	0.034300	0.0343
23_noVmean	100	179	0.4100	0.032100	0.0321
23_noVmean	100	179	0.4200	0.030300	0.0303
23_noVmean	100	179	0.4300	0.027900	0.0279
23_noVmean	100	179	0.4400	0.026400	0.0264
23_noVmean	100	179	0.4500	0.025000	0.0250
23_noVmean	100	179	0.4600	0.023600	0.0236
23_noVmean	100	179	0.4700	0.021600	0.0216
23_noVmean	100	179	0.4800	0.020000	0.0200
23_noVmean	100	179	0.4900	0.018800	0.0188
23_noVmean	100	179	0.5000	0.027100	0.0171
23_noVmean	100	179	0.5100	0.025600	0.0156
23_noVmean	100	179	0.5200	0.024500	0.0145
23_noVmean	100	179	0.5300	0.034300	0.0143
23_noVmean	100	179	0.5400	0.042900	0.0129
23_noVmean	100	179	0.5500	0.042600	0.0126
23_noVmean	100	179	0.5600	0.041700	0.0117
23_noVmean	100	179	0.5700	0.041400	0.0114
23_noVmean	100	179	0.5800	0.050700	0.0107
23_noVmean	100	179	0.5900	0.050100	0.0101
23_noVmean	100	179	0.6000	0.059500	0.0095
23_noVmean	100	179	0.6100	0.069100	0.0091
23_noVmean	100	179	0.6200	0.078700	0.0087
23_noVmean	100	179	0.6300	0.088000	0.0080
23_noVmean	100	179	0.6400	0.107600	0.0076
23_noVmean	100	179	0.6500	0.137200	0.0072
23_noVmean	100	179	0.6600	0.166300	0.0063
23_noVmean	100	179	0.6700	0.166000	0.0060
23_noVmean	100	179	0.6800	0.165400	0.0054
23_noVmean	100	179	0.6900	0.175000	0.0050
23_noVmean	100	179	0.7000	0.184400	0.0044
23_noVmean	100	179	0.7100	0.193400	0.0034
23_noVmean	100	179	0.7200	0.213100	0.0031
23_noVmean	100	179	0.7300	0.272500	0.0025
23_noVmean	100	179	0.7400	0.302300	0.0023
23_noVmean	100	179	0.7500	0.342300	0.0023
23_noVmean	100	179	0.7600	0.352200	0.0022
23_noVmean	100	179	0.7700	0.371800	0.0018
23_noVmean	100	179	0.7800	0.381500	0.0015
23_noVmean	100	179	0.7900	0.401400	0.0014
23_noVmean	100	179	0.8000	0.441300	0.0013
23_noVmean	100	179	0.8100	0.471100	0.0011
23_noVmean	100	179	0.8200	0.520900	0.0009
23_noVmean	100	179	0.8300	0.540800	0.0008
23_noVmean	100	179	0.8400	0.560800	0.0008
23_noVmean	100	179	0.8500	0.620400	0.0004
23_noVmean	100	179	0.8600	0.650400	0.0004
23_noVmean	100	179	0.8700	0.730200	0.0002
23_noVmean	100	179	0.8800	0.780100	0.0001
23_noVmean	100	179	0.8900	0.820100	0.0001
23_noVmean	100	179	0.9000	0.870100	0.0001
23_noVmean	100	179	0.9100	0.930100	0.0001
23_noVmean	100	179	0.9200	0.980100	0.0001
23_noVmean	100	179	0.9300	1.030000	0.0000
23_noVmean	100	179	0.9400	1.090000	0.0000
23_noVmean	100	179	0.9500	1.150000	0.0000
23_noVmean	100	179	0.9600	1.170000	0.0000
23_noVmean	100	179	0.9700	1.280000	0.0000
23_noVmean	100	179	0.9800	1.350000	0.0000
23_noVmean	100	179	0.9900	1.430000	0.0000
23_noVmean	100	179	1.0000	1.440000	0.0000
23_noVmean	1000	179	0.0100	0.975000	0.9750
23_noVmean	1000	179	0.0200	0.937000	0.9370
23_noVmean	1000	179	0.0300	0.879900	0.8799
23_noVmean	1000	179	0.0400	0.820000	0.8200
23_noVmean	1000	179	0.0500	0.757900	0.7579
23_noVmean	1000	179	0.0600	0.691500	0.6915
23_noVmean	1000	179	0.0700	0.631000	0.6310
23_noVmean	1000	179	0.0800	0.575400	0.5754
23_noVmean	1000	179	0.0900	0.521400	0.5214
23_noVmean	1000	179	0.1000	0.472300	0.4723
23_noVmean	1000	179	0.1100	0.428300	0.4283
23_noVmean	1000	179	0.1200	0.390600	0.3906
23_noVmean	1000	179	0.1300	0.354500	0.3545
23_noVmean	1000	179	0.1400	0.324900	0.3249
23_noVmean	1000	179	0.1500	0.295000	0.2950
23_noVmean	1000	179	0.1600	0.267700	0.2677
23_noVmean	1000	179	0.1700	0.245600	0.2456
23_noVmean	1000	179	0.1800	0.221400	0.2214
23_noVmean	1000	179	0.1900	0.202700	0.2027
23_noVmean	1000	179	0.2000	0.183600	0.1836
23_noVmean	1000	179	0.2100	0.166800	0.1668
23_noVmean	1000	179	0.2200	0.154200	0.1542
23_noVmean	1000	179	0.2300	0.141200	0.1412
23_noVmean	1000	179	0.2400	0.129000	0.1290
23_noVmean	1000	179	0.2500	0.118100	0.1181
23_noVmean	1000	179	0.2600	0.109000	0.1090
23_noVmean	1000	179	0.2700	0.099700	0.0997
23_noVmean	1000	179	0.2800	0.092500	0.0925
23_noVmean	1000	179	0.2900	0.085200	0.0852
23_noVmean	1000	179	0.3000	0.076600	0.0766
23_noVmean	1000	179	0.3100	0.070900	0.0709
23_noVmean	1000	179	0.3200	0.063700	0.0637
23_noVmean	1000	179	0.3300	0.058200	0.0582
23_noVmean	1000	179	0.3400	0.052300	0.0523
23_noVmean	1000	179	0.3500	0.048700	0.0487
23_noVmean	1000	179	0.3600	0.044800	0.0448
23_noVmean	1000	179	0.3700	0.042400	0.0424
23_noVmean	1000	179	0.3800	0.039300	0.0393
23_noVmean	1000	179	0.3900	0.036800	0.0368
23_noVmean	1000	179	0.4000	0.034300	0.0343
23_noVmean	1000	179	0.4100	0.032100	0.0321
23_noVmean	1000	179	0.4200	0.030300	0.0303
23_noVmean	1000	179	0.4300	0.027900	0.0279
23_noVmean	1000	179	0.4400	0.026400	0.0264
23_noVmean	1000	179	0.4500	0.025000	0.0250
23_noVmean	1000	179	0.4600	0.023600	0.0236
23_noVmean	1000	179	0.4700	0.021600	0.0216
23_noVmean	1000	179	0.4800	0.020000	0.0200
23_noVmean	1000	179	0.4900	0.018800	0.0188
23_noVmean	1000	179	0.5000	0.117100	0.0171
23_noVmean	1000	179	0.5100	0.115600	0.0156
23_noVmean	1000	179	0.5200	0.114500	0.0145
23_noVmean	1000	179	0.5300	0.214300	0.0143
23_noVmean	1000	179	0.5400	0.312900	0.0129
23_noVmean	1000	179	0.5500	0.312600	0.0126
23_noVmean	1000	179	0.5600	0.311700	0.0117
23_noVmean	1000	179	0.5700	0.311400	0.0114
23_noVmean	1000	179	0.5800	0.410700	0.0107
23_noVmean	1000	179	0.5900	0.410100	0.0101
23_noVmean	1000	179	0.6000	0.509500	0.0095
23_noVmean	1000	179	0.6100	0.609100	0.0091
23_noVmean	1000	179	0.6200	0.708700	0.0087
23_noVmean	1000	179	0.6300	0.808000	0.0080
23_noVmean	1000	179	0.6400	1.007600	0.0076
23_noVmean	1000	179	0.6500	1.307200	0.0072
23_noVmean	1000	179	0.6600	1.606300	0.0063
23_noVmean	1000	179	0.6700	1.606000	0.0060
23_noVmean	1000	179	0.6800	1.605400	0.0054
23_noVmean	1000	179	0.6900	1.705000	0.0050
23_noVmean	1000	179	0.7000	1.804400	0.0044
23_noVmean	1000	179	0.7100	1.903400	0.0034
23_noVmean	1000	179	0.7200	2.103100	0.0031
23_noVmean	1000	179	0.7300	2.702500	0.0025
23_noVmean	1000	179	0.7400	3.002300	0.0023
23_noVmean	1000	179	0.7500	3.402300	0.0023
23_noVmean	1000	179	0.7600	3.502200	0.0022
23_noVmean	1000	179	0.7700	3.701800	0.0018
23_noVmean	1000	179	0.7800	3.801500	0.0015
23_noVmean	1000	179	0.7900	4.001400	0.0014
23_noVmean	1000	179	0.8000	4.401300	0.0013
23_noVmean	1000	179	0.8100	4.701100	0.0011
23_noVmean	1000	179	0.8200	5.200900	0.0009
23_noVmean	1000	179	0.8300	5.400800	0.0008
23_noVmean	1000	179	0.8400	5.600800	0.0008
23_noVmean	1000	179	0.8500	6.200400	0.0004
23_noVmean	1000	179	0.8600	6.500400	0.0004
23_noVmean	1000	179	0.8700	7.300200	0.0002
23_noVmean	1000	179	0.8800	7.800100	0.0001
23_noVmean	1000	179	0.8900	8.200100	0.0001
23_noVmean	1000	179	0.9000	8.700100	0.0001
23_noVmean	1000	179	0.9100	9.300100	0.0001
23_noVmean	1000	179	0.9200	9.800100	0.0001
23_noVmean	1000	179	0.9300	10.300000	0.0000
23_noVmean	1000	179	0.9400	10.900000	0.0000
23_noVmean	1000	179	0.9500	11.500000	0.0000
23_noVmean	1000	179	0.9600	11.700000	0.0000
23_noVmean	1000	179	0.9700	12.800000	0.0000
23_noVmean	1000	179	0.9800	13.500000	0.0000
23_noVmean	1000	179	0.9900	14.300000	0.0000
23_noVmean	1000	179	1.0000	14.400000	0.0000
23_noVmean	1	316	0.0100	0.977300	0.9773
23_noVmean	1	316	0.0200	0.935800	0.9358
23_noVmean	1	316	0.0300	0.883900	0.8839
23_noVmean	1	316	0.0400	0.826900	0.8269
23_noVmean	1	316	0.0500	0.760300	0.7603
23_noVmean	1	316	0.0600	0.702500	0.7025
23_noVmean	1	316	0.0700	0.646200	0.6462
23_noVmean	1	316	0.0800	0.589300	0.5893
23_noVmean	1	316	0.0900	0.536200	0.5362
23_noVmean	1	316	0.1000	0.488800	0.4888
23_noVmean	1	316	0.1100	0.442900	0.4429
23_noVmean	1	316	0.1200	0.403500	0.4035
23_noVmean	1	316	0.1300	0.364900	0.3649
23_noVmean	1	316	0.1400	0.331300	0.3313
23_noVmean	1	316	0.1500	0.301000	0.3010
23_noVmean	1	316	0.1600	0.273300	0.2733
23_noVmean	1	316	0.1700	0.250700	0.2507
23_noVmean	1	316	0.1800	0.228400	0.2284
23_noVmean	1	316	0.1900	0.210600	0.2106
23_noVmean	1	316	0.2000	0.191700	0.1917
23_noVmean	1	316	0.2100	0.173600	0.1736
23_noVmean	1	316	0.2200	0.158000	0.1580
23_noVmean	1	316	0.2300	0.142700	0.1427
23_noVmean	1	316	0.2400	0.132500	0.1325
23_noVmean	1	316	0.2500	0.117400	0.1174
23_noVmean	1	316	0.2600	0.106900	0.1069
23_noVmean	1	316	0.2700	0.099100	0.0991
23_noVmean	1	316	0.2800	0.091800	0.0918
23_noVmean	1	316	0.2900	0.085200	0.0852
23_noVmean	1	316	0.3000	0.078500	0.0785
23_noVmean	1	316	0.3100	0.072400	0.0724
23_noVmean	1	316	0.3200	0.067200	0.0672
23_noVmean	1	316	0.3300	0.063300	0.0633
23_noVmean	1	316	0.3400	0.060200	0.0602
23_noVmean	1	316	0.3500	0.055000	0.0550
23_noVmean	1	316	0.3600	0.051000	0.0510
23_noVmean	1	316	0.3700	0.046900	0.0469
23_noVmean	1	316	0.3800	0.043400	0.0434
23_noVmean	1	316	0.3900	0.039700	0.0397
23_noVmean	1	316	0.4000	0.036600	0.0366
23_noVmean	1	316	0.4100	0.034100	0.0341
23_noVmean	1	316	0.4200	0.032100	0.0320
23_noVmean	1	316	0.4300	0.029400	0.0293
23_noVmean	1	316	0.4400	0.026900	0.0268
23_noVmean	1	316	0.4500	0.023400	0.0233
23_noVmean	1	316	0.4600	0.021700	0.0216
23_noVmean	1	316	0.4700	0.020400	0.0203
23_noVmean	1	316	0.4800	0.019200	0.0191
23_noVmean	1	316	0.4900	0.018400	0.0183
23_noVmean	1	316	0.5000	0.017600	0.0175
23_noVmean	1	316	0.5100	0.016200	0.0161
23_noVmean	1	316	0.5200	0.014800	0.0147
23_noVmean	1	316	0.5300	0.014300	0.0142
23_noVmean	1	316	0.5400	0.013100	0.0130
23_noVmean	1	316	0.5500	0.012400	0.0122
23_noVmean	1	316	0.5600	0.011200	0.0109
23_noVmean	1	316	0.5700	0.010900	0.0106
23_noVmean	1	316	0.5800	0.010400	0.0101
23_noVmean	1	316	0.5900	0.009900	0.0095
23_noVmean	1	316	0.6000	0.009300	0.0088
23_noVmean	1	316	0.6100	0.008300	0.0078
23_noVmean	1	316	0.6200	0.008000	0.0075
23_noVmean	1	316	0.6300	0.007600	0.0071
23_noVmean	1	316	0.6400	0.007600	0.0070
23_noVmean	1	316	0.6500	0.007300	0.0067
23_noVmean	1	316	0.6600	0.007200	0.0065
23_noVmean	1	316	0.6700	0.006600	0.0057
23_noVmean	1	316	0.6800	0.006200	0.0051
23_noVmean	1	316	0.6900	0.005700	0.0044
23_noVmean	1	316	0.7000	0.005700	0.0041
23_noVmean	1	316	0.7100	0.005600	0.0037
23_noVmean	1	316	0.7200	0.005700	0.0037
23_noVmean	1	316	0.7300	0.005600	0.0033
23_noVmean	1	316	0.7400	0.005700	0.0031
23_noVmean	1	316	0.7500	0.005800	0.0029
23_noVmean	1	316	0.7600	0.005600	0.0025
23_noVmean	1	316	0.7700	0.005700	0.0021
23_noVmean	1	316	0.7800	0.005500	0.0017
23_noVmean	1	316	0.7900	0.006000	0.0016
23_noVmean	1	316	0.8000	0.006100	0.0014
23_noVmean	1	316	0.8100	0.006200	0.0013
23_noVmean	1	316	0.8200	0.006100	0.0010
23_noVmean	1	316	0.8300	0.006600	0.0010
23_noVmean	1	316	0.8400	0.006600	0.0008
23_noVmean	1	316	0.8500	0.007100	0.0007
23_noVmean	1	316	0.8600	0.007200	0.0005
23_noVmean	1	316	0.8700	0.007600	0.0003
23_noVmean	1	316	0.8800	0.008500	0.0003
23_noVmean	1	316	0.8900	0.009000	0.0002
23_noVmean	1	316	0.9000	0.009200	0.0001
23_noVmean	1	316	0.9100	0.009800	0.0001
23_noVmean	1	316	0.9200	0.009900	0.0001
23_noVmean	1	316	0.9300	0.010100	0.0000
23_noVmean	1	316	0.9400	0.010800	0.0000
23_noVmean	1	316	0.9500	0.011500	0.0000
23_noVmean	1	316	0.9600	0.012000	0.0000
23_noVmean	1	316	0.9700	0.012900	0.0000
23_noVmean	1	316	0.9800	0.013700	0.0000
23_noVmean	1	316	0.9900	0.014400	0.0000
23_noVmean	1	316	1.0000	0.014400	0.0000
23_noVmean	10	316	0.0100	0.977300	0.9773
23_noVmean	10	316	0.0200	0.935800	0.9358
23_noVmean	10	316	0.0300	0.883900	0.8839
23_noVmean	10	316	0.0400	0.826900	0.8269
23_noVmean	10	316	0.0500	0.760300	0.7603
23_noVmean	10	316	0.0600	0.702500	0.7025
23_noVmean	10	316	0.0700	0.646200	0.6462
23_noVmean	10	316	0.0800	0.589300	0.5893
23_noVmean	10	316	0.0900	0.536200	0.5362
23_noVmean	10	316	0.1000	0.488800	0.4888
23_noVmean	10	316	0.1100	0.442900	0.4429
23_noVmean	10	316	0.1200	0.403500	0.4035
23_noVmean	10	316	0.1300	0.364900	0.3649
23_noVmean	10	316	0.1400	0.331300	0.3313
23_noVmean	10	316	0.1500	0.301000	0.3010
23_noVmean	10	316	0.1600	0.273300	0.2733
23_noVmean	10	316	0.1700	0.250700	0.2507
23_noVmean	10	316	0.1800	0.228400	0.2284
23_noVmean	10	316	0.1900	0.210600	0.2106
23_noVmean	10	316	0.2000	0.191700	0.1917
23_noVmean	10	316	0.2100	0.173600	0.1736
23_noVmean	10	316	0.2200	0.158000	0.1580
23_noVmean	10	316	0.2300	0.142700	0.1427
23_noVmean	10	316	0.2400	0.132500	0.1325
23_noVmean	10	316	0.2500	0.117400	0.1174
23_noVmean	10	316	0.2600	0.106900	0.1069
23_noVmean	10	316	0.2700	0.099100	0.0991
23_noVmean	10	316	0.2800	0.091800	0.0918
23_noVmean	10	316	0.2900	0.085200	0.0852
23_noVmean	10	316	0.3000	0.078500	0.0785
23_noVmean	10	316	0.3100	0.072400	0.0724
23_noVmean	10	316	0.3200	0.067200	0.0672
23_noVmean	10	316	0.3300	0.063300	0.0633
23_noVmean	10	316	0.3400	0.060200	0.0602
23_noVmean	10	316	0.3500	0.055000	0.0550
23_noVmean	10	316	0.3600	0.051000	0.0510
23_noVmean	10	316	0.3700	0.046900	0.0469
23_noVmean	10	316	0.3800	0.043400	0.0434
23_noVmean	10	316	0.3900	0.039700	0.0397
23_noVmean	10	316	0.4000	0.036600	0.0366
23_noVmean	10	316	0.4100	0.034100	0.0341
23_noVmean	10	316	0.4200	0.033000	0.0320
23_noVmean	10	316	0.4300	0.030300	0.0293
23_noVmean	10	316	0.4400	0.027800	0.0268
23_noVmean	10	316	0.4500	0.024300	0.0233
23_noVmean	10	316	0.4600	0.022600	0.0216
23_noVmean	10	316	0.4700	0.021300	0.0203
23_noVmean	10	316	0.4800	0.020100	0.0191
23_noVmean	10	316	0.4900	0.019300	0.0183
23_noVmean	10	316	0.5000	0.018500	0.0175
23_noVmean	10	316	0.5100	0.017100	0.0161
23_noVmean	10	316	0.5200	0.015700	0.0147
23_noVmean	10	316	0.5300	0.015200	0.0142
23_noVmean	10	316	0.5400	0.014000	0.0130
23_noVmean	10	316	0.5500	0.014200	0.0122
23_noVmean	10	316	0.5600	0.013900	0.0109
23_noVmean	10	316	0.5700	0.013600	0.0106
23_noVmean	10	316	0.5800	0.013100	0.0101
23_noVmean	10	316	0.5900	0.013500	0.0095
23_noVmean	10	316	0.6000	0.013800	0.0088
23_noVmean	10	316	0.6100	0.012800	0.0078
23_noVmean	10	316	0.6200	0.012500	0.0075
23_noVmean	10	316	0.6300	0.012100	0.0071
23_noVmean	10	316	0.6400	0.013000	0.0070
23_noVmean	10	316	0.6500	0.012700	0.0067
23_noVmean	10	316	0.6600	0.013500	0.0065
23_noVmean	10	316	0.6700	0.014700	0.0057
23_noVmean	10	316	0.6800	0.016100	0.0051
23_noVmean	10	316	0.6900	0.017400	0.0044
23_noVmean	10	316	0.7000	0.020100	0.0041
23_noVmean	10	316	0.7100	0.022700	0.0037
23_noVmean	10	316	0.7200	0.023700	0.0037
23_noVmean	10	316	0.7300	0.026300	0.0033
23_noVmean	10	316	0.7400	0.029100	0.0031
23_noVmean	10	316	0.7500	0.031900	0.0029
23_noVmean	10	316	0.7600	0.033500	0.0025
23_noVmean	10	316	0.7700	0.038100	0.0021
23_noVmean	10	316	0.7800	0.039700	0.0017
23_noVmean	10	316	0.7900	0.045600	0.0016
23_noVmean	10	316	0.8000	0.048400	0.0014
23_noVmean	10	316	0.8100	0.050300	0.0013
23_noVmean	10	316	0.8200	0.052000	0.0010
23_noVmean	10	316	0.8300	0.057000	0.0010
23_noVmean	10	316	0.8400	0.058800	0.0008
23_noVmean	10	316	0.8500	0.064700	0.0007
23_noVmean	10	316	0.8600	0.067500	0.0005
23_noVmean	10	316	0.8700	0.073300	0.0003
23_noVmean	10	316	0.8800	0.082300	0.0003
23_noVmean	10	316	0.8900	0.088200	0.0002
23_noVmean	10	316	0.9000	0.091100	0.0001
23_noVmean	10	316	0.9100	0.097100	0.0001
23_noVmean	10	316	0.9200	0.098100	0.0001
23_noVmean	10	316	0.9300	0.101000	0.0000
23_noVmean	10	316	0.9400	0.108000	0.0000
23_noVmean	10	316	0.9500	0.115000	0.0000
23_noVmean	10	316	0.9600	0.120000	0.0000
23_noVmean	10	316	0.9700	0.129000	0.0000
23_noVmean	10	316	0.9800	0.137000	0.0000
23_noVmean	10	316	0.9900	0.144000	0.0000
23_noVmean	10	316	1.0000	0.144000	0.0000
23_noVmean	100	316	0.0100	0.977300	0.9773
23_noVmean	100	316	0.0200	0.935800	0.9358
23_noVmean	100	316	0.0300	0.883900	0.8839
23_noVmean	100	316	0.0400	0.826900	0.8269
23_noVmean	100	316	0.0500	0.760300	0.7603
23_noVmean	100	316	0.0600	0.702500	0.7025
23_noVmean	100	316	0.0700	0.646200	0.6462
23_noVmean	100	316	0.0800	0.589300	0.5893
23_noVmean	100	316	0.0900	0.536200	0.5362
23_noVmean	100	316	0.1000	0.488800	0.4888
23_noVmean	100	316	0.1100	0.442900	0.4429
23_noVmean	100	316	0.1200	0.403500	0.4035
23_noVmean	100	316	0.1300	0.364900	0.3649
23_noVmean	100	316	0.1400	0.331300	0.3313
23_noVmean	100	316	0.1500	0.301000	0.3010
23_noVmean	100	316	0.1600	0.273300	0.2733
23_noVmean	100	316	0.1700	0.250700	0.2507
23_noVmean	100	316	0.1800	0.228400	0.2284
23_noVmean	100	316	0.1900	0.210600	0.2106
23_noVmean	100	316	0.2000	0.191700	0.1917
23_noVmean	100	316	0.2100	0.173600	0.1736
23_noVmean	100	316	0.2200	0.158000	0.1580
23_noVmean	100	316	0.2300	0.142700	0.1427
23_noVmean	100	316	0.2400	0.132500	0.1325
23_noVmean	100	316	0.2500	0.117400	0.1174
23_noVmean	100	316	0.2600	0.106900	0.1069
23_noVmean	100	316	0.2700	0.099100	0.0991
23_noVmean	100	316	0.2800	0.091800	0.0918
23_noVmean	100	316	0.2900	0.085200	0.0852
23_noVmean	100	316	0.3000	0.078500	0.0785
23_noVmean	100	316	0.3100	0.072400	0.0724
23_noVmean	100	316	0.3200	0.067200	0.0672
23_noVmean	100	316	0.3300	0.063300	0.0633
23_noVmean	100	316	0.3400	0.060200	0.0602
23_noVmean	100	316	0.3500	0.055000	0.0550
23_noVmean	100	316	0.3600	0.051000	0.0510
23_noVmean	100	316	0.3700	0.046900	0.0469
23_noVmean	100	316	0.3800	0.043400	0.0434
23_noVmean	100	316	0.3900	0.039700	0.0397
23_noVmean	100	316	0.4000	0.036600	0.0366
23_noVmean	100	316	0.4100	0.034100	0.0341
23_noVmean	100	316	0.4200	0.042000	0.0320
23_noVmean	100	316	0.4300	0.039300	0.0293
23_noVmean	100	316	0.4400	0.036800	0.0268
23_noVmean	100	316	0.4500	0.033300	0.0233
23_noVmean	100	316	0.4600	0.031600	0.0216
23_noVmean	100	316	0.4700	0.030300	0.0203
23_noVmean	100	316	0.4800	0.029100	0.0191
23_noVmean	100	316	0.4900	0.028300	0.0183
23_noVmean	100	316	0.5000	0.027500	0.0175
23_noVmean	100	316	0.5100	0.026100	0.0161
23_noVmean	100	316	0.5200	0.024700	0.0147
23_noVmean	100	316	0.5300	0.024200	0.0142
23_noVmean	100	316	0.5400	0.023000	0.0130
23_noVmean	100	316	0.5500	0.032200	0.0122
23_noVmean	100	316	0.5600	0.040900	0.0109
23_noVmean	100	316	0.5700	0.040600	0.0106
23_noVmean	100	316	0.5800	0.040100	0.0101
23_noVmean	100	316	0.5900	0.049500	0.0095
23_noVmean	100	316	0.6000	0.058800	0.0088
23_noVmean	100	316	0.6100	0.057800	0.0078
23_noVmean	100	316	0.6200	0.057500	0.0075
23_noVmean	100	316	0.6300	0.057100	0.0071
23_noVmean	100	316	0.6400	0.067000	0.0070
23_noVmean	100	316	0.6500	0.066700	0.0067
23_noVmean	100	316	0.6600	0.076500	0.0065
23_noVmean	100	316	0.6700	0.095700	0.0057
23_noVmean	100	316	0.6800	0.115100	0.0051
23_noVmean	100	316	0.6900	0.134400	0.0044
23_noVmean	100	316	0.7000	0.164100	0.0041
23_noVmean	100	316	0.7100	0.193700	0.0037
23_noVmean	100	316	0.7200	0.203700	0.0037
23_noVmean	100	316	0.7300	0.233300	0.0033
23_noVmean	100	316	0.7400	0.263100	0.0031
23_noVmean	100	316	0.7500	0.292900	0.0029
23_noVmean	100	316	0.7600	0.312500	0.0025
23_noVmean	100	316	0.7700	0.362100	0.0021
23_noVmean	100	316	0.7800	0.381700	0.0017
23_noVmean	100	316	0.7900	0.441600	0.0016
23_noVmean	100	316	0.8000	0.471400	0.0014
23_noVmean	100	316	0.8100	0.491300	0.0013
23_noVmean	100	316	0.8200	0.511000	0.0010
23_noVmean	100	316	0.8300	0.561000	0.0010
23_noVmean	100	316	0.8400	0.580800	0.0008
23_noVmean	100	316	0.8500	0.640700	0.0007
23_noVmean	100	316	0.8600	0.670500	0.0005
23_noVmean	100	316	0.8700	0.730300	0.0003
23_noVmean	100	316	0.8800	0.820300	0.0003
23_noVmean	100	316	0.8900	0.880200	0.0002
23_noVmean	100	316	0.9000	0.910100	0.0001
23_noVmean	100	316	0.9100	0.970100	0.0001
23_noVmean	100	316	0.9200	0.980100	0.0001
23_noVmean	100	316	0.9300	1.010000	0.0000
23_noVmean	100	316	0.9400	1.080000	0.0000
23_noVmean	100	316	0.9500	1.150000	0.0000
23_noVmean	100	316	0.9600	1.200000	0.0000
23_noVmean	100	316	0.9700	1.290000	0.0000
23_noVmean	100	316	0.9800	1.370000	0.0000
23_noVmean	100	316	0.9900	1.440000	0.0000
23_noVmean	100	316	1.0000	1.440000	0.0000
23_noVmean	1000	316	0.0100	0.977300	0.9773
23_noVmean	1000	316	0.0200	0.935800	0.9358
23_noVmean	1000	316	0.0300	0.883900	0.8839
23_noVmean	1000	316	0.0400	0.826900	0.8269
23_noVmean	1000	316	0.0500	0.760300	0.7603
23_noVmean	1000	316	0.0600	0.702500	0.7025
23_noVmean	1000	316	0.0700	0.646200	0.6462
23_noVmean	1000	316	0.0800	0.589300	0.5893
23_noVmean	1000	316	0.0900	0.536200	0.5362
23_noVmean	1000	316	0.1000	0.488800	0.4888
23_noVmean	1000	316	0.1100	0.442900	0.4429
23_noVmean	1000	316	0.1200	0.403500	0.4035
23_noVmean	1000	316	0.1300	0.364900	0.3649
23_noVmean	1000	316	0.1400	0.331300	0.3313
23_noVmean	1000	316	0.1500	0.301000	0.3010
23_noVmean	1000	316	0.1600	0.273300	0.2733
23_noVmean	1000	316	0.1700	0.250700	0.2507
23_noVmean	1000	316	0.1800	0.228400	0.2284
23_noVmean	1000	316	0.1900	0.210600	0.2106
23_noVmean	1000	316	0.2000	0.191700	0.1917
23_noVmean	1000	316	0.2100	0.173600	0.1736
23_noVmean	1000	316	0.2200	0.158000	0.1580
23_noVmean	1000	316	0.2300	0.142700	0.1427
23_noVmean	1000	316	0.2400	0.132500	0.1325
23_noVmean	1000	316	0.2500	0.117400	0.1174
23_noVmean	1000	316	0.2600	0.106900	0.1069
23_noVmean	1000	316	0.2700	0.099100	0.0991
23_noVmean	1000	316	0.2800	0.091800	0.0918
23_noVmean	1000	316	0.2900	0.085200	0.0852
23_noVmean	1000	316	0.3000	0.078500	0.0785
23_noVmean	1000	316	0.3100	0.072400	0.0724
23_noVmean	1000	316	0.3200	0.067200	0.0672
23_noVmean	1000	316	0.3300	0.063300	0.0633
23_noVmean	1000	316	0.3400	0.060200	0.0602
23_noVmean	1000	316	0.3500	0.055000	0.0550
23_noVmean	1000	316	0.3600	0.051000	0.0510
23_noVmean	1000	316	0.3700	0.046900	0.0469
23_noVmean	1000	316	0.3800	0.043400	0.0434
23_noVmean	1000	316	0.3900	0.039700	0.0397
23_noVmean	1000	316	0.4000	0.036600	0.0366
23_noVmean	1000	316	0.4100	0.034100	0.0341
23_noVmean	1000	316	0.4200	0.132000	0.0320
23_noVmean	1000	316	0.4300	0.129300	0.0293
23_noVmean	1000	316	0.4400	0.126800	0.0268
23_noVmean	1000	316	0.4500	0.123300	0.0233
23_noVmean	1000	316	0.4600	0.121600	0.0216
23_noVmean	1000	316	0.4700	0.120300	0.0203
23_noVmean	1000	316	0.4800	0.119100	0.0191
23_noVmean	1000	316	0.4900	0.118300	0.0183
23_noVmean	1000	316	0.5000	0.117500	0.0175
23_noVmean	1000	316	0.5100	0.116100	0.0161
23_noVmean	1000	316	0.5200	0.114700	0.0147
23_noVmean	1000	316	0.5300	0.114200	0.0142
23_noVmean	1000	316	0.5400	0.113000	0.0130
23_noVmean	1000	316	0.5500	0.212200	0.0122
23_noVmean	1000	316	0.5600	0.310900	0.0109
23_noVmean	1000	316	0.5700	0.310600	0.0106
23_noVmean	1000	316	0.5800	0.310100	0.0101
23_noVmean	1000	316	0.5900	0.409500	0.0095
23_noVmean	1000	316	0.6000	0.508800	0.0088
23_noVmean	1000	316	0.6100	0.507800	0.0078
23_noVmean	1000	316	0.6200	0.507500	0.0075
23_noVmean	1000	316	0.6300	0.507100	0.0071
23_noVmean	1000	316	0.6400	0.607000	0.0070
23_noVmean	1000	316	0.6500	0.606700	0.0067
23_noVmean	1000	316	0.6600	0.706500	0.0065
23_noVmean	1000	316	0.6700	0.905700	0.0057
23_noVmean	1000	316	0.6800	1.105100	0.0051
23_noVmean	1000	316	0.6900	1.304400	0.0044
23_noVmean	1000	316	0.7000	1.604100	0.0041
23_noVmean	1000	316	0.7100	1.903700	0.0037
23_noVmean	1000	316	0.7200	2.003700	0.0037
23_noVmean	1000	316	0.7300	2.303300	0.0033
23_noVmean	1000	316	0.7400	2.603100	0.0031
23_noVmean	1000	316	0.7500	2.902900	0.0029
23_noVmean	1000	316	0.7600	3.102500	0.0025
23_noVmean	1000	316	0.7700	3.602100	0.0021
23_noVmean	1000	316	0.7800	3.801700	0.0017
23_noVmean	1000	316	0.7900	4.401600	0.0016
23_noVmean	1000	316	0.8000	4.701400	0.0014
23_noVmean	1000	316	0.8100	4.901300	0.0013
23_noVmean	1000	316	0.8200	5.101000	0.0010
23_noVmean	1000	316	0.8300	5.601000	0.0010
23_noVmean	1000	316	0.8400	5.800800	0.0008
23_noVmean	1000	316	0.8500	6.400700	0.0007
23_noVmean	1000	316	0.8600	6.700500	0.0005
23_noVmean	1000	316	0.8700	7.300300	0.0003
23_noVmean	1000	316	0.8800	8.200300	0.0003
23_noVmean	1000	316	0.8900	8.800200	0.0002
23_noVmean	1000	316	0.9000	9.100100	0.0001
23_noVmean	1000	316	0.9100	9.700100	0.0001
23_noVmean	1000	316	0.9200	9.800100	0.0001
23_noVmean	1000	316	0.9300	10.100000	0.0000
23_noVmean	1000	316	0.9400	10.800000	0.0000
23_noVmean	1000	316	0.9500	11.500000	0.0000
23_noVmean	1000	316	0.9600	12.000000	0.0000
23_noVmean	1000	316	0.9700	12.900000	0.0000
23_noVmean	1000	316	0.9800	13.700000	0.0000
23_noVmean	1000	316	0.9900	14.400000	0.0000
23_noVmean	1000	316	1.0000	14.400000	0.0000
23_noVmean	1	453	0.0100	0.975400	0.9754
23_noVmean	1	453	0.0200	0.939300	0.9393
23_noVmean	1	453	0.0300	0.886800	0.8868
23_noVmean	1	453	0.0400	0.830100	0.8301
23_noVmean	1	453	0.0500	0.774700	0.7747
23_noVmean	1	453	0.0600	0.715600	0.7156
23_noVmean	1	453	0.0700	0.661300	0.6613
23_noVmean	1	453	0.0800	0.609400	0.6094
23_noVmean	1	453	0.0900	0.555200	0.5552
23_noVmean	1	453	0.1000	0.510400	0.5104
23_noVmean	1	453	0.1100	0.465800	0.4658
23_noVmean	1	453	0.1200	0.425300	0.4253
23_noVmean	1	453	0.1300	0.387600	0.3876
23_noVmean	1	453	0.1400	0.351700	0.3517
23_noVmean	1	453	0.1500	0.322300	0.3223
23_noVmean	1	453	0.1600	0.293500	0.2935
23_noVmean	1	453	0.1700	0.269000	0.2690
23_noVmean	1	453	0.1800	0.245700	0.2457
23_noVmean	1	453	0.1900	0.224900	0.2249
23_noVmean	1	453	0.2000	0.206400	0.2064
23_noVmean	1	453	0.2100	0.188700	0.1887
23_noVmean	1	453	0.2200	0.172100	0.1721
23_noVmean	1	453	0.2300	0.157300	0.1573
23_noVmean	1	453	0.2400	0.144400	0.1444
23_noVmean	1	453	0.2500	0.132400	0.1324
23_noVmean	1	453	0.2600	0.120800	0.1208
23_noVmean	1	453	0.2700	0.110900	0.1109
23_noVmean	1	453	0.2800	0.101900	0.1019
23_noVmean	1	453	0.2900	0.095100	0.0951
23_noVmean	1	453	0.3000	0.086900	0.0869
23_noVmean	1	453	0.3100	0.079500	0.0795
23_noVmean	1	453	0.3200	0.072300	0.0723
23_noVmean	1	453	0.3300	0.065600	0.0656
23_noVmean	1	453	0.3400	0.060900	0.0609
23_noVmean	1	453	0.3500	0.056800	0.0568
23_noVmean	1	453	0.3600	0.052000	0.0520
23_noVmean	1	453	0.3700	0.047600	0.0476
23_noVmean	1	453	0.3800	0.044000	0.0440
23_noVmean	1	453	0.3900	0.040300	0.0403
23_noVmean	1	453	0.4000	0.036700	0.0367
23_noVmean	1	453	0.4100	0.034600	0.0346
23_noVmean	1	453	0.4200	0.032400	0.0324
23_noVmean	1	453	0.4300	0.030800	0.0308
23_noVmean	1	453	0.4400	0.028900	0.0289
23_noVmean	1	453	0.4500	0.026800	0.0268
23_noVmean	1	453	0.4600	0.024900	0.0249
23_noVmean	1	453	0.4700	0.022800	0.0228
23_noVmean	1	453	0.4800	0.021300	0.0213
23_noVmean	1	453	0.4900	0.019500	0.0195
23_noVmean	1	453	0.5000	0.017500	0.0175
23_noVmean	1	453	0.5100	0.016400	0.0164
23_noVmean	1	453	0.5200	0.015800	0.0158
23_noVmean	1	453	0.5300	0.014400	0.0144
23_noVmean	1	453	0.5400	0.013700	0.0136
23_noVmean	1	453	0.5500	0.013000	0.0127
23_noVmean	1	453	0.5600	0.012500	0.0122
23_noVmean	1	453	0.5700	0.011900	0.0116
23_noVmean	1	453	0.5800	0.010900	0.0105
23_noVmean	1	453	0.5900	0.010200	0.0097
23_noVmean	1	453	0.6000	0.009600	0.0090
23_noVmean	1	453	0.6100	0.009000	0.0083
23_noVmean	1	453	0.6200	0.008400	0.0076
23_noVmean	1	453	0.6300	0.007900	0.0071
23_noVmean	1	453	0.6400	0.007600	0.0067
23_noVmean	1	453	0.6500	0.007600	0.0066
23_noVmean	1	453	0.6600	0.007300	0.0063
23_noVmean	1	453	0.6700	0.007200	0.0061
23_noVmean	1	453	0.6800	0.006900	0.0056
23_noVmean	1	453	0.6900	0.006500	0.0050
23_noVmean	1	453	0.7000	0.006300	0.0046
23_noVmean	1	453	0.7100	0.006300	0.0042
23_noVmean	1	453	0.7200	0.006400	0.0040
23_noVmean	1	453	0.7300	0.006100	0.0035
23_noVmean	1	453	0.7400	0.006100	0.0032
23_noVmean	1	453	0.7500	0.005900	0.0028
23_noVmean	1	453	0.7600	0.005500	0.0020
23_noVmean	1	453	0.7700	0.005700	0.0019
23_noVmean	1	453	0.7800	0.005900	0.0019
23_noVmean	1	453	0.7900	0.005700	0.0014
23_noVmean	1	453	0.8000	0.006100	0.0014
23_noVmean	1	453	0.8100	0.006300	0.0013
23_noVmean	1	453	0.8200	0.006300	0.0011
23_noVmean	1	453	0.8300	0.007000	0.0011
23_noVmean	1	453	0.8400	0.007200	0.0009
23_noVmean	1	453	0.8500	0.007300	0.0007
23_noVmean	1	453	0.8600	0.007700	0.0006
23_noVmean	1	453	0.8700	0.008000	0.0006
23_noVmean	1	453	0.8800	0.007800	0.0003
23_noVmean	1	453	0.8900	0.008800	0.0003
23_noVmean	1	453	0.9000	0.009100	0.0001
23_noVmean	1	453	0.9100	0.009300	0.0001
23_noVmean	1	453	0.9200	0.009900	0.0001
23_noVmean	1	453	0.9300	0.010600	0.0001
23_noVmean	1	453	0.9400	0.011200	0.0001
23_noVmean	1	453	0.9500	0.011600	0.0001
23_noVmean	1	453	0.9600	0.011700	0.0000
23_noVmean	1	453	0.9700	0.013000	0.0000
23_noVmean	1	453	0.9800	0.013800	0.0000
23_noVmean	1	453	0.9900	0.014400	0.0000
23_noVmean	1	453	1.0000	0.014400	0.0000
23_noVmean	10	453	0.0100	0.975400	0.9754
23_noVmean	10	453	0.0200	0.939300	0.9393
23_noVmean	10	453	0.0300	0.886800	0.8868
23_noVmean	10	453	0.0400	0.830100	0.8301
23_noVmean	10	453	0.0500	0.774700	0.7747
23_noVmean	10	453	0.0600	0.715600	0.7156
23_noVmean	10	453	0.0700	0.661300	0.6613
23_noVmean	10	453	0.0800	0.609400	0.6094
23_noVmean	10	453	0.0900	0.555200	0.5552
23_noVmean	10	453	0.1000	0.510400	0.5104
23_noVmean	10	453	0.1100	0.465800	0.4658
23_noVmean	10	453	0.1200	0.425300	0.4253
23_noVmean	10	453	0.1300	0.387600	0.3876
23_noVmean	10	453	0.1400	0.351700	0.3517
23_noVmean	10	453	0.1500	0.322300	0.3223
23_noVmean	10	453	0.1600	0.293500	0.2935
23_noVmean	10	453	0.1700	0.269000	0.2690
23_noVmean	10	453	0.1800	0.245700	0.2457
23_noVmean	10	453	0.1900	0.224900	0.2249
23_noVmean	10	453	0.2000	0.206400	0.2064
23_noVmean	10	453	0.2100	0.188700	0.1887
23_noVmean	10	453	0.2200	0.172100	0.1721
23_noVmean	10	453	0.2300	0.157300	0.1573
23_noVmean	10	453	0.2400	0.144400	0.1444
23_noVmean	10	453	0.2500	0.132400	0.1324
23_noVmean	10	453	0.2600	0.120800	0.1208
23_noVmean	10	453	0.2700	0.110900	0.1109
23_noVmean	10	453	0.2800	0.101900	0.1019
23_noVmean	10	453	0.2900	0.095100	0.0951
23_noVmean	10	453	0.3000	0.086900	0.0869
23_noVmean	10	453	0.3100	0.079500	0.0795
23_noVmean	10	453	0.3200	0.072300	0.0723
23_noVmean	10	453	0.3300	0.065600	0.0656
23_noVmean	10	453	0.3400	0.060900	0.0609
23_noVmean	10	453	0.3500	0.056800	0.0568
23_noVmean	10	453	0.3600	0.052000	0.0520
23_noVmean	10	453	0.3700	0.047600	0.0476
23_noVmean	10	453	0.3800	0.044000	0.0440
23_noVmean	10	453	0.3900	0.040300	0.0403
23_noVmean	10	453	0.4000	0.036700	0.0367
23_noVmean	10	453	0.4100	0.034600	0.0346
23_noVmean	10	453	0.4200	0.032400	0.0324
23_noVmean	10	453	0.4300	0.030800	0.0308
23_noVmean	10	453	0.4400	0.028900	0.0289
23_noVmean	10	453	0.4500	0.026800	0.0268
23_noVmean	10	453	0.4600	0.024900	0.0249
23_noVmean	10	453	0.4700	0.022800	0.0228
23_noVmean	10	453	0.4800	0.021300	0.0213
23_noVmean	10	453	0.4900	0.019500	0.0195
23_noVmean	10	453	0.5000	0.017500	0.0175
23_noVmean	10	453	0.5100	0.016400	0.0164
23_noVmean	10	453	0.5200	0.015800	0.0158
23_noVmean	10	453	0.5300	0.014400	0.0144
23_noVmean	10	453	0.5400	0.014600	0.0136
23_noVmean	10	453	0.5500	0.015700	0.0127
23_noVmean	10	453	0.5600	0.015200	0.0122
23_noVmean	10	453	0.5700	0.014600	0.0116
23_noVmean	10	453	0.5800	0.014500	0.0105
23_noVmean	10	453	0.5900	0.014700	0.0097
23_noVmean	10	453	0.6000	0.015000	0.0090
23_noVmean	10	453	0.6100	0.015300	0.0083
23_noVmean	10	453	0.6200	0.015600	0.0076
23_noVmean	10	453	0.6300	0.015100	0.0071
23_noVmean	10	453	0.6400	0.015700	0.0067
23_noVmean	10	453	0.6500	0.016600	0.0066
23_noVmean	10	453	0.6600	0.016300	0.0063
23_noVmean	10	453	0.6700	0.017100	0.0061
23_noVmean	10	453	0.6800	0.018600	0.0056
23_noVmean	10	453	0.6900	0.020000	0.0050
23_noVmean	10	453	0.7000	0.021600	0.0046
23_noVmean	10	453	0.7100	0.025200	0.0042
23_noVmean	10	453	0.7200	0.028000	0.0040
23_noVmean	10	453	0.7300	0.029500	0.0035
23_noVmean	10	453	0.7400	0.032200	0.0032
23_noVmean	10	453	0.7500	0.033800	0.0028
23_noVmean	10	453	0.7600	0.037000	0.0020
23_noVmean	10	453	0.7700	0.039900	0.0019
23_noVmean	10	453	0.7800	0.041900	0.0019
23_noVmean	10	453	0.7900	0.044400	0.0014
23_noVmean	10	453	0.8000	0.048400	0.0014
23_noVmean	10	453	0.8100	0.051300	0.0013
23_noVmean	10	453	0.8200	0.053100	0.0011
23_noVmean	10	453	0.8300	0.060100	0.0011
23_noVmean	10	453	0.8400	0.063900	0.0009
23_noVmean	10	453	0.8500	0.066700	0.0007
23_noVmean	10	453	0.8600	0.071600	0.0006
23_noVmean	10	453	0.8700	0.074600	0.0006
23_noVmean	10	453	0.8800	0.075300	0.0003
23_noVmean	10	453	0.8900	0.085300	0.0003
23_noVmean	10	453	0.9000	0.090100	0.0001
23_noVmean	10	453	0.9100	0.092100	0.0001
23_noVmean	10	453	0.9200	0.098100	0.0001
23_noVmean	10	453	0.9300	0.105100	0.0001
23_noVmean	10	453	0.9400	0.111100	0.0001
23_noVmean	10	453	0.9500	0.115100	0.0001
23_noVmean	10	453	0.9600	0.117000	0.0000
23_noVmean	10	453	0.9700	0.130000	0.0000
23_noVmean	10	453	0.9800	0.138000	0.0000
23_noVmean	10	453	0.9900	0.144000	0.0000
23_noVmean	10	453	1.0000	0.144000	0.0000
23_noVmean	100	453	0.0100	0.975400	0.9754
23_noVmean	100	453	0.0200	0.939300	0.9393
23_noVmean	100	453	0.0300	0.886800	0.8868
23_noVmean	100	453	0.0400	0.830100	0.8301
23_noVmean	100	453	0.0500	0.774700	0.7747
23_noVmean	100	453	0.0600	0.715600	0.7156
23_noVmean	100	453	0.0700	0.661300	0.6613
23_noVmean	100	453	0.0800	0.609400	0.6094
23_noVmean	100	453	0.0900	0.555200	0.5552
23_noVmean	100	453	0.1000	0.510400	0.5104
23_noVmean	100	453	0.1100	0.465800	0.4658
23_noVmean	100	453	0.1200	0.425300	0.4253
23_noVmean	100	453	0.1300	0.387600	0.3876
23_noVmean	100	453	0.1400	0.351700	0.3517
23_noVmean	100	453	0.1500	0.322300	0.3223
23_noVmean	100	453	0.1600	0.293500	0.2935
23_noVmean	100	453	0.1700	0.269000	0.2690
23_noVmean	100	453	0.1800	0.245700	0.2457
23_noVmean	100	453	0.1900	0.224900	0.2249
23_noVmean	100	453	0.2000	0.206400	0.2064
23_noVmean	100	453	0.2100	0.188700	0.1887
23_noVmean	100	453	0.2200	0.172100	0.1721
23_noVmean	100	453	0.2300	0.157300	0.1573
23_noVmean	100	453	0.2400	0.144400	0.1444
23_noVmean	100	453	0.2500	0.132400	0.1324
23_noVmean	100	453	0.2600	0.120800	0.1208
23_noVmean	100	453	0.2700	0.110900	0.1109
23_noVmean	100	453	0.2800	0.101900	0.1019
23_noVmean	100	453	0.2900	0.095100	0.0951
23_noVmean	100	453	0.3000	0.086900	0.0869
23_noVmean	100	453	0.3100	0.079500	0.0795
23_noVmean	100	453	0.3200	0.072300	0.0723
23_noVmean	100	453	0.3300	0.065600	0.0656
23_noVmean	100	453	0.3400	0.060900	0.0609
23_noVmean	100	453	0.3500	0.056800	0.0568
23_noVmean	100	453	0.3600	0.052000	0.0520
23_noVmean	100	453	0.3700	0.047600	0.0476
23_noVmean	100	453	0.3800	0.044000	0.0440
23_noVmean	100	453	0.3900	0.040300	0.0403
23_noVmean	100	453	0.4000	0.036700	0.0367
23_noVmean	100	453	0.4100	0.034600	0.0346
23_noVmean	100	453	0.4200	0.032400	0.0324
23_noVmean	100	453	0.4300	0.030800	0.0308
23_noVmean	100	453	0.4400	0.028900	0.0289
23_noVmean	100	453	0.4500	0.026800	0.0268
23_noVmean	100	453	0.4600	0.024900	0.0249
23_noVmean	100	453	0.4700	0.022800	0.0228
23_noVmean	100	453	0.4800	0.021300	0.0213
23_noVmean	100	453	0.4900	0.019500	0.0195
23_noVmean	100	453	0.5000	0.017500	0.0175
23_noVmean	100	453	0.5100	0.016400	0.0164
23_noVmean	100	453	0.5200	0.015800	0.0158
23_noVmean	100	453	0.5300	0.014400	0.0144
23_noVmean	100	453	0.5400	0.023600	0.0136
23_noVmean	100	453	0.5500	0.042700	0.0127
23_noVmean	100	453	0.5600	0.042200	0.0122
23_noVmean	100	453	0.5700	0.041600	0.0116
23_noVmean	100	453	0.5800	0.050500	0.0105
23_noVmean	100	453	0.5900	0.059700	0.0097
23_noVmean	100	453	0.6000	0.069000	0.0090
23_noVmean	100	453	0.6100	0.078300	0.0083
23_noVmean	100	453	0.6200	0.087600	0.0076
23_noVmean	100	453	0.6300	0.087100	0.0071
23_noVmean	100	453	0.6400	0.096700	0.0067
23_noVmean	100	453	0.6500	0.106600	0.0066
23_noVmean	100	453	0.6600	0.106300	0.0063
23_noVmean	100	453	0.6700	0.116100	0.0061
23_noVmean	100	453	0.6800	0.135600	0.0056
23_noVmean	100	453	0.6900	0.155000	0.0050
23_noVmean	100	453	0.7000	0.174600	0.0046
23_noVmean	100	453	0.7100	0.214200	0.0042
23_noVmean	100	453	0.7200	0.244000	0.0040
23_noVmean	100	453	0.7300	0.263500	0.0035
23_noVmean	100	453	0.7400	0.293200	0.0032
23_noVmean	100	453	0.7500	0.312800	0.0028
23_noVmean	100	453	0.7600	0.352000	0.0020
23_noVmean	100	453	0.7700	0.381900	0.0019
23_noVmean	100	453	0.7800	0.401900	0.0019
23_noVmean	100	453	0.7900	0.431400	0.0014
23_noVmean	100	453	0.8000	0.471400	0.0014
23_noVmean	100	453	0.8100	0.501300	0.0013
23_noVmean	100	453	0.8200	0.521100	0.0011
23_noVmean	100	453	0.8300	0.591100	0.0011
23_noVmean	100	453	0.8400	0.630900	0.0009
23_noVmean	100	453	0.8500	0.660700	0.0007
23_noVmean	100	453	0.8600	0.710600	0.0006
23_noVmean	100	453	0.8700	0.740600	0.0006
23_noVmean	100	453	0.8800	0.750300	0.0003
23_noVmean	100	453	0.8900	0.850300	0.0003
23_noVmean	100	453	0.9000	0.900100	0.0001
23_noVmean	100	453	0.9100	0.920100	0.0001
23_noVmean	100	453	0.9200	0.980100	0.0001
23_noVmean	100	453	0.9300	1.050100	0.0001
23_noVmean	100	453	0.9400	1.110100	0.0001
23_noVmean	100	453	0.9500	1.150100	0.0001
23_noVmean	100	453	0.9600	1.170000	0.0000
23_noVmean	100	453	0.9700	1.300000	0.0000
23_noVmean	100	453	0.9800	1.380000	0.0000
23_noVmean	100	453	0.9900	1.440000	0.0000
23_noVmean	100	453	1.0000	1.440000	0.0000
23_noVmean	1000	453	0.0100	0.975400	0.9754
23_noVmean	1000	453	0.0200	0.939300	0.9393
23_noVmean	1000	453	0.0300	0.886800	0.8868
23_noVmean	1000	453	0.0400	0.830100	0.8301
23_noVmean	1000	453	0.0500	0.774700	0.7747
23_noVmean	1000	453	0.0600	0.715600	0.7156
23_noVmean	1000	453	0.0700	0.661300	0.6613
23_noVmean	1000	453	0.0800	0.609400	0.6094
23_noVmean	1000	453	0.0900	0.555200	0.5552
23_noVmean	1000	453	0.1000	0.510400	0.5104
23_noVmean	1000	453	0.1100	0.465800	0.4658
23_noVmean	1000	453	0.1200	0.425300	0.4253
23_noVmean	1000	453	0.1300	0.387600	0.3876
23_noVmean	1000	453	0.1400	0.351700	0.3517
23_noVmean	1000	453	0.1500	0.322300	0.3223
23_noVmean	1000	453	0.1600	0.293500	0.2935
23_noVmean	1000	453	0.1700	0.269000	0.2690
23_noVmean	1000	453	0.1800	0.245700	0.2457
23_noVmean	1000	453	0.1900	0.224900	0.2249
23_noVmean	1000	453	0.2000	0.206400	0.2064
23_noVmean	1000	453	0.2100	0.188700	0.1887
23_noVmean	1000	453	0.2200	0.172100	0.1721
23_noVmean	1000	453	0.2300	0.157300	0.1573
23_noVmean	1000	453	0.2400	0.144400	0.1444
23_noVmean	1000	453	0.2500	0.132400	0.1324
23_noVmean	1000	453	0.2600	0.120800	0.1208
23_noVmean	1000	453	0.2700	0.110900	0.1109
23_noVmean	1000	453	0.2800	0.101900	0.1019
23_noVmean	1000	453	0.2900	0.095100	0.0951
23_noVmean	1000	453	0.3000	0.086900	0.0869
23_noVmean	1000	453	0.3100	0.079500	0.0795
23_noVmean	1000	453	0.3200	0.072300	0.0723
23_noVmean	1000	453	0.3300	0.065600	0.0656
23_noVmean	1000	453	0.3400	0.060900	0.0609
23_noVmean	1000	453	0.3500	0.056800	0.0568
23_noVmean	1000	453	0.3600	0.052000	0.0520
23_noVmean	1000	453	0.3700	0.047600	0.0476
23_noVmean	1000	453	0.3800	0.044000	0.0440
23_noVmean	1000	453	0.3900	0.040300	0.0403
23_noVmean	1000	453	0.4000	0.036700	0.0367
23_noVmean	1000	453	0.4100	0.034600	0.0346
23_noVmean	1000	453	0.4200	0.032400	0.0324
23_noVmean	1000	453	0.4300	0.030800	0.0308
23_noVmean	1000	453	0.4400	0.028900	0.0289
23_noVmean	1000	453	0.4500	0.026800	0.0268
23_noVmean	1000	453	0.4600	0.024900	0.0249
23_noVmean	1000	453	0.4700	0.022800	0.0228
23_noVmean	1000	453	0.4800	0.021300	0.0213
23_noVmean	1000	453	0.4900	0.019500	0.0195
23_noVmean	1000	453	0.5000	0.017500	0.0175
23_noVmean	1000	453	0.5100	0.016400	0.0164
23_noVmean	1000	453	0.5200	0.015800	0.0158
23_noVmean	1000	453	0.5300	0.014400	0.0144
23_noVmean	1000	453	0.5400	0.113600	0.0136
23_noVmean	1000	453	0.5500	0.312700	0.0127
23_noVmean	1000	453	0.5600	0.312200	0.0122
23_noVmean	1000	453	0.5700	0.311600	0.0116
23_noVmean	1000	453	0.5800	0.410500	0.0105
23_noVmean	1000	453	0.5900	0.509700	0.0097
23_noVmean	1000	453	0.6000	0.609000	0.0090
23_noVmean	1000	453	0.6100	0.708300	0.0083
23_noVmean	1000	453	0.6200	0.807600	0.0076
23_noVmean	1000	453	0.6300	0.807100	0.0071
23_noVmean	1000	453	0.6400	0.906700	0.0067
23_noVmean	1000	453	0.6500	1.006600	0.0066
23_noVmean	1000	453	0.6600	1.006300	0.0063
23_noVmean	1000	453	0.6700	1.106100	0.0061
23_noVmean	1000	453	0.6800	1.305600	0.0056
23_noVmean	1000	453	0.6900	1.505000	0.0050
23_noVmean	1000	453	0.7000	1.704600	0.0046
23_noVmean	1000	453	0.7100	2.104200	0.0042
23_noVmean	1000	453	0.7200	2.404000	0.0040
23_noVmean	1000	453	0.7300	2.603500	0.0035
23_noVmean	1000	453	0.7400	2.903200	0.0032
23_noVmean	1000	453	0.7500	3.102800	0.0028
23_noVmean	1000	453	0.7600	3.502000	0.0020
23_noVmean	1000	453	0.7700	3.801900	0.0019
23_noVmean	1000	453	0.7800	4.001900	0.0019
23_noVmean	1000	453	0.7900	4.301400	0.0014
23_noVmean	1000	453	0.8000	4.701400	0.0014
23_noVmean	1000	453	0.8100	5.001300	0.0013
23_noVmean	1000	453	0.8200	5.201100	0.0011
23_noVmean	1000	453	0.8300	5.901100	0.0011
23_noVmean	1000	453	0.8400	6.300900	0.0009
23_noVmean	1000	453	0.8500	6.600700	0.0007
23_noVmean	1000	453	0.8600	7.100600	0.0006
23_noVmean	1000	453	0.8700	7.400600	0.0006
23_noVmean	1000	453	0.8800	7.500300	0.0003
23_noVmean	1000	453	0.8900	8.500300	0.0003
23_noVmean	1000	453	0.9000	9.000100	0.0001
23_noVmean	1000	453	0.9100	9.200100	0.0001
23_noVmean	1000	453	0.9200	9.800100	0.0001
23_noVmean	1000	453	0.9300	10.500100	0.0001
23_noVmean	1000	453	0.9400	11.100100	0.0001
23_noVmean	1000	453	0.9500	11.500100	0.0001
23_noVmean	1000	453	0.9600	11.700000	0.0000
23_noVmean	1000	453	0.9700	13.000000	0.0000
23_noVmean	1000	453	0.9800	13.800000	0.0000
23_noVmean	1000	453	0.9900	14.400000	0.0000
23_noVmean	1000	453	1.0000	14.400000	0.0000
23_noVmean	1	590	0.0100	0.974300	0.9743
23_noVmean	1	590	0.0200	0.933400	0.9334
23_noVmean	1	590	0.0300	0.876000	0.8760
23_noVmean	1	590	0.0400	0.811600	0.8116
23_noVmean	1	590	0.0500	0.751700	0.7517
23_noVmean	1	590	0.0600	0.689600	0.6896
23_noVmean	1	590	0.0700	0.627700	0.6277
23_noVmean	1	590	0.0800	0.572400	0.5724
23_noVmean	1	590	0.0900	0.523700	0.5237
23_noVmean	1	590	0.1000	0.478500	0.4785
23_noVmean	1	590	0.1100	0.436000	0.4360
23_noVmean	1	590	0.1200	0.394800	0.3948
23_noVmean	1	590	0.1300	0.358300	0.3583
23_noVmean	1	590	0.1400	0.327500	0.3275
23_noVmean	1	590	0.1500	0.301400	0.3014
23_noVmean	1	590	0.1600	0.277000	0.2770
23_noVmean	1	590	0.1700	0.252200	0.2522
23_noVmean	1	590	0.1800	0.231700	0.2317
23_noVmean	1	590	0.1900	0.210200	0.2102
23_noVmean	1	590	0.2000	0.192400	0.1924
23_noVmean	1	590	0.2100	0.174900	0.1749
23_noVmean	1	590	0.2200	0.160200	0.1602
23_noVmean	1	590	0.2300	0.145500	0.1455
23_noVmean	1	590	0.2400	0.134800	0.1348
23_noVmean	1	590	0.2500	0.125700	0.1257
23_noVmean	1	590	0.2600	0.115300	0.1153
23_noVmean	1	590	0.2700	0.106800	0.1068
23_noVmean	1	590	0.2800	0.098600	0.0986
23_noVmean	1	590	0.2900	0.092000	0.0920
23_noVmean	1	590	0.3000	0.085500	0.0855
23_noVmean	1	590	0.3100	0.077800	0.0778
23_noVmean	1	590	0.3200	0.071900	0.0719
23_noVmean	1	590	0.3300	0.065900	0.0659
23_noVmean	1	590	0.3400	0.060300	0.0603
23_noVmean	1	590	0.3500	0.055900	0.0559
23_noVmean	1	590	0.3600	0.050900	0.0509
23_noVmean	1	590	0.3700	0.046900	0.0469
23_noVmean	1	590	0.3800	0.043200	0.0432
23_noVmean	1	590	0.3900	0.039700	0.0397
23_noVmean	1	590	0.4000	0.036800	0.0368
23_noVmean	1	590	0.4100	0.033800	0.0338
23_noVmean	1	590	0.4200	0.031300	0.0313
23_noVmean	1	590	0.4300	0.029300	0.0293
23_noVmean	1	590	0.4400	0.027000	0.0270
23_noVmean	1	590	0.4500	0.024900	0.0249
23_noVmean	1	590	0.4600	0.023200	0.0232
23_noVmean	1	590	0.4700	0.021600	0.0216
23_noVmean	1	590	0.4800	0.020000	0.0200
23_noVmean	1	590	0.4900	0.018800	0.0188
23_noVmean	1	590	0.5000	0.017400	0.0174
23_noVmean	1	590	0.5100	0.016800	0.0168
23_noVmean	1	590	0.5200	0.015500	0.0155
23_noVmean	1	590	0.5300	0.014500	0.0145
23_noVmean	1	590	0.5400	0.013600	0.0136
23_noVmean	1	590	0.5500	0.012700	0.0127
23_noVmean	1	590	0.5600	0.012100	0.0120
23_noVmean	1	590	0.5700	0.011600	0.0115
23_noVmean	1	590	0.5800	0.010800	0.0106
23_noVmean	1	590	0.5900	0.010300	0.0100
23_noVmean	1	590	0.6000	0.009600	0.0093
23_noVmean	1	590	0.6100	0.009100	0.0088
23_noVmean	1	590	0.6200	0.008600	0.0080
23_noVmean	1	590	0.6300	0.008100	0.0073
23_noVmean	1	590	0.6400	0.008000	0.0070
23_noVmean	1	590	0.6500	0.007500	0.0064
23_noVmean	1	590	0.6600	0.007200	0.0060
23_noVmean	1	590	0.6700	0.006700	0.0054
23_noVmean	1	590	0.6800	0.006600	0.0052
23_noVmean	1	590	0.6900	0.006600	0.0049
23_noVmean	1	590	0.7000	0.006000	0.0043
23_noVmean	1	590	0.7100	0.005900	0.0040
23_noVmean	1	590	0.7200	0.005200	0.0032
23_noVmean	1	590	0.7300	0.005000	0.0028
23_noVmean	1	590	0.7400	0.005200	0.0026
23_noVmean	1	590	0.7500	0.005000	0.0023
23_noVmean	1	590	0.7600	0.004800	0.0019
23_noVmean	1	590	0.7700	0.004700	0.0018
23_noVmean	1	590	0.7800	0.004600	0.0015
23_noVmean	1	590	0.7900	0.004800	0.0013
23_noVmean	1	590	0.8000	0.005300	0.0013
23_noVmean	1	590	0.8100	0.005400	0.0011
23_noVmean	1	590	0.8200	0.006100	0.0010
23_noVmean	1	590	0.8300	0.006100	0.0007
23_noVmean	1	590	0.8400	0.006800	0.0006
23_noVmean	1	590	0.8500	0.007000	0.0005
23_noVmean	1	590	0.8600	0.007400	0.0004
23_noVmean	1	590	0.8700	0.007900	0.0004
23_noVmean	1	590	0.8800	0.007800	0.0003
23_noVmean	1	590	0.8900	0.008600	0.0002
23_noVmean	1	590	0.9000	0.009100	0.0002
23_noVmean	1	590	0.9100	0.009500	0.0001
23_noVmean	1	590	0.9200	0.009800	0.0000
23_noVmean	1	590	0.9300	0.010200	0.0000
23_noVmean	1	590	0.9400	0.010400	0.0000
23_noVmean	1	590	0.9500	0.011100	0.0000
23_noVmean	1	590	0.9600	0.012200	0.0000
23_noVmean	1	590	0.9700	0.013000	0.0000
23_noVmean	1	590	0.9800	0.013700	0.0000
23_noVmean	1	590	0.9900	0.014400	0.0000
23_noVmean	1	590	1.0000	0.014400	0.0000
23_noVmean	10	590	0.0100	0.974300	0.9743
23_noVmean	10	590	0.0200	0.933400	0.9334
23_noVmean	10	590	0.0300	0.876000	0.8760
23_noVmean	10	590	0.0400	0.811600	0.8116
23_noVmean	10	590	0.0500	0.751700	0.7517
23_noVmean	10	590	0.0600	0.689600	0.6896
23_noVmean	10	590	0.0700	0.627700	0.6277
23_noVmean	10	590	0.0800	0.572400	0.5724
23_noVmean	10	590	0.0900	0.523700	0.5237
23_noVmean	10	590	0.1000	0.478500	0.4785
23_noVmean	10	590	0.1100	0.436000	0.4360
23_noVmean	10	590	0.1200	0.394800	0.3948
23_noVmean	10	590	0.1300	0.358300	0.3583
23_noVmean	10	590	0.1400	0.327500	0.3275
23_noVmean	10	590	0.1500	0.301400	0.3014
23_noVmean	10	590	0.1600	0.277000	0.2770
23_noVmean	10	590	0.1700	0.252200	0.2522
23_noVmean	10	590	0.1800	0.231700	0.2317
23_noVmean	10	590	0.1900	0.210200	0.2102
23_noVmean	10	590	0.2000	0.192400	0.1924
23_noVmean	10	590	0.2100	0.174900	0.1749
23_noVmean	10	590	0.2200	0.160200	0.1602
23_noVmean	10	590	0.2300	0.145500	0.1455
23_noVmean	10	590	0.2400	0.134800	0.1348
23_noVmean	10	590	0.2500	0.125700	0.1257
23_noVmean	10	590	0.2600	0.115300	0.1153
23_noVmean	10	590	0.2700	0.106800	0.1068
23_noVmean	10	590	0.2800	0.098600	0.0986
23_noVmean	10	590	0.2900	0.092000	0.0920
23_noVmean	10	590	0.3000	0.085500	0.0855
23_noVmean	10	590	0.3100	0.077800	0.0778
23_noVmean	10	590	0.3200	0.071900	0.0719
23_noVmean	10	590	0.3300	0.065900	0.0659
23_noVmean	10	590	0.3400	0.060300	0.0603
23_noVmean	10	590	0.3500	0.055900	0.0559
23_noVmean	10	590	0.3600	0.050900	0.0509
23_noVmean	10	590	0.3700	0.046900	0.0469
23_noVmean	10	590	0.3800	0.043200	0.0432
23_noVmean	10	590	0.3900	0.039700	0.0397
23_noVmean	10	590	0.4000	0.036800	0.0368
23_noVmean	10	590	0.4100	0.033800	0.0338
23_noVmean	10	590	0.4200	0.031300	0.0313
23_noVmean	10	590	0.4300	0.029300	0.0293
23_noVmean	10	590	0.4400	0.027000	0.0270
23_noVmean	10	590	0.4500	0.024900	0.0249
23_noVmean	10	590	0.4600	0.023200	0.0232
23_noVmean	10	590	0.4700	0.021600	0.0216
23_noVmean	10	590	0.4800	0.020000	0.0200
23_noVmean	10	590	0.4900	0.018800	0.0188
23_noVmean	10	590	0.5000	0.017400	0.0174
23_noVmean	10	590	0.5100	0.016800	0.0168
23_noVmean	10	590	0.5200	0.015500	0.0155
23_noVmean	10	590	0.5300	0.014500	0.0145
23_noVmean	10	590	0.5400	0.013600	0.0136
23_noVmean	10	590	0.5500	0.012700	0.0127
23_noVmean	10	590	0.5600	0.013000	0.0120
23_noVmean	10	590	0.5700	0.012500	0.0115
23_noVmean	10	590	0.5800	0.012600	0.0106
23_noVmean	10	590	0.5900	0.013000	0.0100
23_noVmean	10	590	0.6000	0.012300	0.0093
23_noVmean	10	590	0.6100	0.011800	0.0088
23_noVmean	10	590	0.6200	0.014000	0.0080
23_noVmean	10	590	0.6300	0.015300	0.0073
23_noVmean	10	590	0.6400	0.017000	0.0070
23_noVmean	10	590	0.6500	0.017400	0.0064
23_noVmean	10	590	0.6600	0.018000	0.0060
23_noVmean	10	590	0.6700	0.018400	0.0054
23_noVmean	10	590	0.6800	0.019200	0.0052
23_noVmean	10	590	0.6900	0.021900	0.0049
23_noVmean	10	590	0.7000	0.021300	0.0043
23_noVmean	10	590	0.7100	0.023000	0.0040
23_noVmean	10	590	0.7200	0.023200	0.0032
23_noVmean	10	590	0.7300	0.024800	0.0028
23_noVmean	10	590	0.7400	0.028600	0.0026
23_noVmean	10	590	0.7500	0.029300	0.0023
23_noVmean	10	590	0.7600	0.030900	0.0019
23_noVmean	10	590	0.7700	0.030800	0.0018
23_noVmean	10	590	0.7800	0.032500	0.0015
23_noVmean	10	590	0.7900	0.036300	0.0013
23_noVmean	10	590	0.8000	0.041300	0.0013
23_noVmean	10	590	0.8100	0.044100	0.0011
23_noVmean	10	590	0.8200	0.052000	0.0010
23_noVmean	10	590	0.8300	0.054700	0.0007
23_noVmean	10	590	0.8400	0.062600	0.0006
23_noVmean	10	590	0.8500	0.065500	0.0005
23_noVmean	10	590	0.8600	0.070400	0.0004
23_noVmean	10	590	0.8700	0.075400	0.0004
23_noVmean	10	590	0.8800	0.075300	0.0003
23_noVmean	10	590	0.8900	0.084200	0.0002
23_noVmean	10	590	0.9000	0.089200	0.0002
23_noVmean	10	590	0.9100	0.094100	0.0001
23_noVmean	10	590	0.9200	0.098000	0.0000
23_noVmean	10	590	0.9300	0.102000	0.0000
23_noVmean	10	590	0.9400	0.104000	0.0000
23_noVmean	10	590	0.9500	0.111000	0.0000
23_noVmean	10	590	0.9600	0.122000	0.0000
23_noVmean	10	590	0.9700	0.130000	0.0000
23_noVmean	10	590	0.9800	0.137000	0.0000
23_noVmean	10	590	0.9900	0.144000	0.0000
23_noVmean	10	590	1.0000	0.144000	0.0000
23_noVmean	100	590	0.0100	0.974300	0.9743
23_noVmean	100	590	0.0200	0.933400	0.9334
23_noVmean	100	590	0.0300	0.876000	0.8760
23_noVmean	100	590	0.0400	0.811600	0.8116
23_noVmean	100	590	0.0500	0.751700	0.7517
23_noVmean	100	590	0.0600	0.689600	0.6896
23_noVmean	100	590	0.0700	0.627700	0.6277
23_noVmean	100	590	0.0800	0.572400	0.5724
23_noVmean	100	590	0.0900	0.523700	0.5237
23_noVmean	100	590	0.1000	0.478500	0.4785
23_noVmean	100	590	0.1100	0.436000	0.4360
23_noVmean	100	590	0.1200	0.394800	0.3948
23_noVmean	100	590	0.1300	0.358300	0.3583
23_noVmean	100	590	0.1400	0.327500	0.3275
23_noVmean	100	590	0.1500	0.301400	0.3014
23_noVmean	100	590	0.1600	0.277000	0.2770
23_noVmean	100	590	0.1700	0.252200	0.2522
23_noVmean	100	590	0.1800	0.231700	0.2317
23_noVmean	100	590	0.1900	0.210200	0.2102
23_noVmean	100	590	0.2000	0.192400	0.1924
23_noVmean	100	590	0.2100	0.174900	0.1749
23_noVmean	100	590	0.2200	0.160200	0.1602
23_noVmean	100	590	0.2300	0.145500	0.1455
23_noVmean	100	590	0.2400	0.134800	0.1348
23_noVmean	100	590	0.2500	0.125700	0.1257
23_noVmean	100	590	0.2600	0.115300	0.1153
23_noVmean	100	590	0.2700	0.106800	0.1068
23_noVmean	100	590	0.2800	0.098600	0.0986
23_noVmean	100	590	0.2900	0.092000	0.0920
23_noVmean	100	590	0.3000	0.085500	0.0855
23_noVmean	100	590	0.3100	0.077800	0.0778
23_noVmean	100	590	0.3200	0.071900	0.0719
23_noVmean	100	590	0.3300	0.065900	0.0659
23_noVmean	100	590	0.3400	0.060300	0.0603
23_noVmean	100	590	0.3500	0.055900	0.0559
23_noVmean	100	590	0.3600	0.050900	0.0509
23_noVmean	100	590	0.3700	0.046900	0.0469
23_noVmean	100	590	0.3800	0.043200	0.0432
23_noVmean	100	590	0.3900	0.039700	0.0397
23_noVmean	100	590	0.4000	0.036800	0.0368
23_noVmean	100	590	0.4100	0.033800	0.0338
23_noVmean	100	590	0.4200	0.031300	0.0313
23_noVmean	100	590	0.4300	0.029300	0.0293
23_noVmean	100	590	0.4400	0.027000	0.0270
23_noVmean	100	590	0.4500	0.024900	0.0249
23_noVmean	100	590	0.4600	0.023200	0.0232
23_noVmean	100	590	0.4700	0.021600	0.0216
23_noVmean	100	590	0.4800	0.020000	0.0200
23_noVmean	100	590	0.4900	0.018800	0.0188
23_noVmean	100	590	0.5000	0.017400	0.0174
23_noVmean	100	590	0.5100	0.016800	0.0168
23_noVmean	100	590	0.5200	0.015500	0.0155
23_noVmean	100	590	0.5300	0.014500	0.0145
23_noVmean	100	590	0.5400	0.013600	0.0136
23_noVmean	100	590	0.5500	0.012700	0.0127
23_noVmean	100	590	0.5600	0.022000	0.0120
23_noVmean	100	590	0.5700	0.021500	0.0115
23_noVmean	100	590	0.5800	0.030600	0.0106
23_noVmean	100	590	0.5900	0.040000	0.0100
23_noVmean	100	590	0.6000	0.039300	0.0093
23_noVmean	100	590	0.6100	0.038800	0.0088
23_noVmean	100	590	0.6200	0.068000	0.0080
23_noVmean	100	590	0.6300	0.087300	0.0073
23_noVmean	100	590	0.6400	0.107000	0.0070
23_noVmean	100	590	0.6500	0.116400	0.0064
23_noVmean	100	590	0.6600	0.126000	0.0060
23_noVmean	100	590	0.6700	0.135400	0.0054
23_noVmean	100	590	0.6800	0.145200	0.0052
23_noVmean	100	590	0.6900	0.174900	0.0049
23_noVmean	100	590	0.7000	0.174300	0.0043
23_noVmean	100	590	0.7100	0.194000	0.0040
23_noVmean	100	590	0.7200	0.203200	0.0032
23_noVmean	100	590	0.7300	0.222800	0.0028
23_noVmean	100	590	0.7400	0.262600	0.0026
23_noVmean	100	590	0.7500	0.272300	0.0023
23_noVmean	100	590	0.7600	0.291900	0.0019
23_noVmean	100	590	0.7700	0.291800	0.0018
23_noVmean	100	590	0.7800	0.311500	0.0015
23_noVmean	100	590	0.7900	0.351300	0.0013
23_noVmean	100	590	0.8000	0.401300	0.0013
23_noVmean	100	590	0.8100	0.431100	0.0011
23_noVmean	100	590	0.8200	0.511000	0.0010
23_noVmean	100	590	0.8300	0.540700	0.0007
23_noVmean	100	590	0.8400	0.620600	0.0006
23_noVmean	100	590	0.8500	0.650500	0.0005
23_noVmean	100	590	0.8600	0.700400	0.0004
23_noVmean	100	590	0.8700	0.750400	0.0004
23_noVmean	100	590	0.8800	0.750300	0.0003
23_noVmean	100	590	0.8900	0.840200	0.0002
23_noVmean	100	590	0.9000	0.890200	0.0002
23_noVmean	100	590	0.9100	0.940100	0.0001
23_noVmean	100	590	0.9200	0.980000	0.0000
23_noVmean	100	590	0.9300	1.020000	0.0000
23_noVmean	100	590	0.9400	1.040000	0.0000
23_noVmean	100	590	0.9500	1.110000	0.0000
23_noVmean	100	590	0.9600	1.220000	0.0000
23_noVmean	100	590	0.9700	1.300000	0.0000
23_noVmean	100	590	0.9800	1.370000	0.0000
23_noVmean	100	590	0.9900	1.440000	0.0000
23_noVmean	100	590	1.0000	1.440000	0.0000
23_noVmean	1000	590	0.0100	0.974300	0.9743
23_noVmean	1000	590	0.0200	0.933400	0.9334
23_noVmean	1000	590	0.0300	0.876000	0.8760
23_noVmean	1000	590	0.0400	0.811600	0.8116
23_noVmean	1000	590	0.0500	0.751700	0.7517
23_noVmean	1000	590	0.0600	0.689600	0.6896
23_noVmean	1000	590	0.0700	0.627700	0.6277
23_noVmean	1000	590	0.0800	0.572400	0.5724
23_noVmean	1000	590	0.0900	0.523700	0.5237
23_noVmean	1000	590	0.1000	0.478500	0.4785
23_noVmean	1000	590	0.1100	0.436000	0.4360
23_noVmean	1000	590	0.1200	0.394800	0.3948
23_noVmean	1000	590	0.1300	0.358300	0.3583
23_noVmean	1000	590	0.1400	0.327500	0.3275
23_noVmean	1000	590	0.1500	0.301400	0.3014
23_noVmean	1000	590	0.1600	0.277000	0.2770
23_noVmean	1000	590	0.1700	0.252200	0.2522
23_noVmean	1000	590	0.1800	0.231700	0.2317
23_noVmean	1000	590	0.1900	0.210200	0.2102
23_noVmean	1000	590	0.2000	0.192400	0.1924
23_noVmean	1000	590	0.2100	0.174900	0.1749
23_noVmean	1000	590	0.2200	0.160200	0.1602
23_noVmean	1000	590	0.2300	0.145500	0.1455
23_noVmean	1000	590	0.2400	0.134800	0.1348
23_noVmean	1000	590	0.2500	0.125700	0.1257
23_noVmean	1000	590	0.2600	0.115300	0.1153
23_noVmean	1000	590	0.2700	0.106800	0.1068
23_noVmean	1000	590	0.2800	0.098600	0.0986
23_noVmean	1000	590	0.2900	0.092000	0.0920
23_noVmean	1000	590	0.3000	0.085500	0.0855
23_noVmean	1000	590	0.3100	0.077800	0.0778
23_noVmean	1000	590	0.3200	0.071900	0.0719
23_noVmean	1000	590	0.3300	0.065900	0.0659
23_noVmean	1000	590	0.3400	0.060300	0.0603
23_noVmean	1000	590	0.3500	0.055900	0.0559
23_noVmean	1000	590	0.3600	0.050900	0.0509
23_noVmean	1000	590	0.3700	0.046900	0.0469
23_noVmean	1000	590	0.3800	0.043200	0.0432
23_noVmean	1000	590	0.3900	0.039700	0.0397
23_noVmean	1000	590	0.4000	0.036800	0.0368
23_noVmean	1000	590	0.4100	0.033800	0.0338
23_noVmean	1000	590	0.4200	0.031300	0.0313
23_noVmean	1000	590	0.4300	0.029300	0.0293
23_noVmean	1000	590	0.4400	0.027000	0.0270
23_noVmean	1000	590	0.4500	0.024900	0.0249
23_noVmean	1000	590	0.4600	0.023200	0.0232
23_noVmean	1000	590	0.4700	0.021600	0.0216
23_noVmean	1000	590	0.4800	0.020000	0.0200
23_noVmean	1000	590	0.4900	0.018800	0.0188
23_noVmean	1000	590	0.5000	0.017400	0.0174
23_noVmean	1000	590	0.5100	0.016800	0.0168
23_noVmean	1000	590	0.5200	0.015500	0.0155
23_noVmean	1000	590	0.5300	0.014500	0.0145
23_noVmean	1000	590	0.5400	0.013600	0.0136
23_noVmean	1000	590	0.5500	0.012700	0.0127
23_noVmean	1000	590	0.5600	0.112000	0.0120
23_noVmean	1000	590	0.5700	0.111500	0.0115
23_noVmean	1000	590	0.5800	0.210600	0.0106
23_noVmean	1000	590	0.5900	0.310000	0.0100
23_noVmean	1000	590	0.6000	0.309300	0.0093
23_noVmean	1000	590	0.6100	0.308800	0.0088
23_noVmean	1000	590	0.6200	0.608000	0.0080
23_noVmean	1000	590	0.6300	0.807300	0.0073
23_noVmean	1000	590	0.6400	1.007000	0.0070
23_noVmean	1000	590	0.6500	1.106400	0.0064
23_noVmean	1000	590	0.6600	1.206000	0.0060
23_noVmean	1000	590	0.6700	1.305400	0.0054
23_noVmean	1000	590	0.6800	1.405200	0.0052
23_noVmean	1000	590	0.6900	1.704900	0.0049
23_noVmean	1000	590	0.7000	1.704300	0.0043
23_noVmean	1000	590	0.7100	1.904000	0.0040
23_noVmean	1000	590	0.7200	2.003200	0.0032
23_noVmean	1000	590	0.7300	2.202800	0.0028
23_noVmean	1000	590	0.7400	2.602600	0.0026
23_noVmean	1000	590	0.7500	2.702300	0.0023
23_noVmean	1000	590	0.7600	2.901900	0.0019
23_noVmean	1000	590	0.7700	2.901800	0.0018
23_noVmean	1000	590	0.7800	3.101500	0.0015
23_noVmean	1000	590	0.7900	3.501300	0.0013
23_noVmean	1000	590	0.8000	4.001300	0.0013
23_noVmean	1000	590	0.8100	4.301100	0.0011
23_noVmean	1000	590	0.8200	5.101000	0.0010
23_noVmean	1000	590	0.8300	5.400700	0.0007
23_noVmean	1000	590	0.8400	6.200600	0.0006
23_noVmean	1000	590	0.8500	6.500500	0.0005
23_noVmean	1000	590	0.8600	7.000400	0.0004
23_noVmean	1000	590	0.8700	7.500400	0.0004
23_noVmean	1000	590	0.8800	7.500300	0.0003
23_noVmean	1000	590	0.8900	8.400200	0.0002
23_noVmean	1000	590	0.9000	8.900200	0.0002
23_noVmean	1000	590	0.9100	9.400100	0.0001
23_noVmean	1000	590	0.9200	9.800000	0.0000
23_noVmean	1000	590	0.9300	10.200000	0.0000
23_noVmean	1000	590	0.9400	10.400000	0.0000
23_noVmean	1000	590	0.9500	11.100000	0.0000
23_noVmean	1000	590	0.9600	12.200000	0.0000
23_noVmean	1000	590	0.9700	13.000000	0.0000
23_noVmean	1000	590	0.9800	13.700000	0.0000
23_noVmean	1000	590	0.9900	14.400000	0.0000
23_noVmean	1000	590	1.0000	14.400000	0.0000
23_noVmin	1	42	0.0100	0.972400	0.9724
23_noVmin	1	42	0.0200	0.931400	0.9314
23_noVmin	1	42	0.0300	0.878300	0.8783
23_noVmin	1	42	0.0400	0.819300	0.8193
23_noVmin	1	42	0.0500	0.757200	0.7572
23_noVmin	1	42	0.0600	0.693700	0.6937
23_noVmin	1	42	0.0700	0.634400	0.6344
23_noVmin	1	42	0.0800	0.586300	0.5863
23_noVmin	1	42	0.0900	0.534400	0.5344
23_noVmin	1	42	0.1000	0.488900	0.4889
23_noVmin	1	42	0.1100	0.446100	0.4461
23_noVmin	1	42	0.1200	0.408200	0.4082
23_noVmin	1	42	0.1300	0.376200	0.3762
23_noVmin	1	42	0.1400	0.344200	0.3442
23_noVmin	1	42	0.1500	0.312800	0.3128
23_noVmin	1	42	0.1600	0.285300	0.2853
23_noVmin	1	42	0.1700	0.259200	0.2592
23_noVmin	1	42	0.1800	0.236700	0.2367
23_noVmin	1	42	0.1900	0.216300	0.2163
23_noVmin	1	42	0.2000	0.199200	0.1992
23_noVmin	1	42	0.2100	0.182100	0.1821
23_noVmin	1	42	0.2200	0.168200	0.1682
23_noVmin	1	42	0.2300	0.154900	0.1549
23_noVmin	1	42	0.2400	0.142600	0.1426
23_noVmin	1	42	0.2500	0.132400	0.1324
23_noVmin	1	42	0.2600	0.121900	0.1219
23_noVmin	1	42	0.2700	0.111400	0.1114
23_noVmin	1	42	0.2800	0.104200	0.1042
23_noVmin	1	42	0.2900	0.095800	0.0958
23_noVmin	1	42	0.3000	0.086600	0.0866
23_noVmin	1	42	0.3100	0.079100	0.0791
23_noVmin	1	42	0.3200	0.072300	0.0723
23_noVmin	1	42	0.3300	0.067300	0.0673
23_noVmin	1	42	0.3400	0.061500	0.0615
23_noVmin	1	42	0.3500	0.056900	0.0569
23_noVmin	1	42	0.3600	0.052500	0.0525
23_noVmin	1	42	0.3700	0.048800	0.0488
23_noVmin	1	42	0.3800	0.045200	0.0452
23_noVmin	1	42	0.3900	0.040900	0.0409
23_noVmin	1	42	0.4000	0.038500	0.0385
23_noVmin	1	42	0.4100	0.035100	0.0351
23_noVmin	1	42	0.4200	0.032900	0.0329
23_noVmin	1	42	0.4300	0.030900	0.0309
23_noVmin	1	42	0.4400	0.028800	0.0288
23_noVmin	1	42	0.4500	0.027500	0.0275
23_noVmin	1	42	0.4600	0.025600	0.0256
23_noVmin	1	42	0.4700	0.024200	0.0242
23_noVmin	1	42	0.4800	0.023300	0.0233
23_noVmin	1	42	0.4900	0.021600	0.0216
23_noVmin	1	42	0.5000	0.020000	0.0200
23_noVmin	1	42	0.5100	0.019300	0.0192
23_noVmin	1	42	0.5200	0.018100	0.0180
23_noVmin	1	42	0.5300	0.017100	0.0170
23_noVmin	1	42	0.5400	0.016100	0.0160
23_noVmin	1	42	0.5500	0.014500	0.0144
23_noVmin	1	42	0.5600	0.014000	0.0138
23_noVmin	1	42	0.5700	0.013200	0.0129
23_noVmin	1	42	0.5800	0.012600	0.0123
23_noVmin	1	42	0.5900	0.011900	0.0116
23_noVmin	1	42	0.6000	0.011200	0.0108
23_noVmin	1	42	0.6100	0.010700	0.0102
23_noVmin	1	42	0.6200	0.009800	0.0093
23_noVmin	1	42	0.6300	0.009700	0.0088
23_noVmin	1	42	0.6400	0.008400	0.0075
23_noVmin	1	42	0.6500	0.008100	0.0071
23_noVmin	1	42	0.6600	0.007600	0.0065
23_noVmin	1	42	0.6700	0.006700	0.0055
23_noVmin	1	42	0.6800	0.006700	0.0054
23_noVmin	1	42	0.6900	0.006300	0.0049
23_noVmin	1	42	0.7000	0.005700	0.0041
23_noVmin	1	42	0.7100	0.005700	0.0037
23_noVmin	1	42	0.7200	0.005500	0.0031
23_noVmin	1	42	0.7300	0.005800	0.0031
23_noVmin	1	42	0.7400	0.005900	0.0029
23_noVmin	1	42	0.7500	0.006000	0.0027
23_noVmin	1	42	0.7600	0.005800	0.0024
23_noVmin	1	42	0.7700	0.005900	0.0021
23_noVmin	1	42	0.7800	0.006100	0.0020
23_noVmin	1	42	0.7900	0.006400	0.0020
23_noVmin	1	42	0.8000	0.006100	0.0016
23_noVmin	1	42	0.8100	0.006000	0.0012
23_noVmin	1	42	0.8200	0.006200	0.0009
23_noVmin	1	42	0.8300	0.006600	0.0008
23_noVmin	1	42	0.8400	0.006900	0.0007
23_noVmin	1	42	0.8500	0.007000	0.0006
23_noVmin	1	42	0.8600	0.007400	0.0005
23_noVmin	1	42	0.8700	0.007700	0.0004
23_noVmin	1	42	0.8800	0.008100	0.0003
23_noVmin	1	42	0.8900	0.008700	0.0003
23_noVmin	1	42	0.9000	0.009000	0.0003
23_noVmin	1	42	0.9100	0.009500	0.0003
23_noVmin	1	42	0.9200	0.009900	0.0003
23_noVmin	1	42	0.9300	0.010000	0.0000
23_noVmin	1	42	0.9400	0.011300	0.0000
23_noVmin	1	42	0.9500	0.011700	0.0000
23_noVmin	1	42	0.9600	0.012100	0.0000
23_noVmin	1	42	0.9700	0.013200	0.0000
23_noVmin	1	42	0.9800	0.013800	0.0000
23_noVmin	1	42	0.9900	0.014400	0.0000
23_noVmin	1	42	1.0000	0.014400	0.0000
23_noVmin	10	42	0.0100	0.972400	0.9724
23_noVmin	10	42	0.0200	0.931400	0.9314
23_noVmin	10	42	0.0300	0.878300	0.8783
23_noVmin	10	42	0.0400	0.819300	0.8193
23_noVmin	10	42	0.0500	0.757200	0.7572
23_noVmin	10	42	0.0600	0.693700	0.6937
23_noVmin	10	42	0.0700	0.634400	0.6344
23_noVmin	10	42	0.0800	0.586300	0.5863
23_noVmin	10	42	0.0900	0.534400	0.5344
23_noVmin	10	42	0.1000	0.488900	0.4889
23_noVmin	10	42	0.1100	0.446100	0.4461
23_noVmin	10	42	0.1200	0.408200	0.4082
23_noVmin	10	42	0.1300	0.376200	0.3762
23_noVmin	10	42	0.1400	0.344200	0.3442
23_noVmin	10	42	0.1500	0.312800	0.3128
23_noVmin	10	42	0.1600	0.285300	0.2853
23_noVmin	10	42	0.1700	0.259200	0.2592
23_noVmin	10	42	0.1800	0.236700	0.2367
23_noVmin	10	42	0.1900	0.216300	0.2163
23_noVmin	10	42	0.2000	0.199200	0.1992
23_noVmin	10	42	0.2100	0.182100	0.1821
23_noVmin	10	42	0.2200	0.168200	0.1682
23_noVmin	10	42	0.2300	0.154900	0.1549
23_noVmin	10	42	0.2400	0.142600	0.1426
23_noVmin	10	42	0.2500	0.132400	0.1324
23_noVmin	10	42	0.2600	0.121900	0.1219
23_noVmin	10	42	0.2700	0.111400	0.1114
23_noVmin	10	42	0.2800	0.104200	0.1042
23_noVmin	10	42	0.2900	0.095800	0.0958
23_noVmin	10	42	0.3000	0.086600	0.0866
23_noVmin	10	42	0.3100	0.079100	0.0791
23_noVmin	10	42	0.3200	0.072300	0.0723
23_noVmin	10	42	0.3300	0.067300	0.0673
23_noVmin	10	42	0.3400	0.061500	0.0615
23_noVmin	10	42	0.3500	0.056900	0.0569
23_noVmin	10	42	0.3600	0.052500	0.0525
23_noVmin	10	42	0.3700	0.048800	0.0488
23_noVmin	10	42	0.3800	0.045200	0.0452
23_noVmin	10	42	0.3900	0.040900	0.0409
23_noVmin	10	42	0.4000	0.038500	0.0385
23_noVmin	10	42	0.4100	0.035100	0.0351
23_noVmin	10	42	0.4200	0.032900	0.0329
23_noVmin	10	42	0.4300	0.030900	0.0309
23_noVmin	10	42	0.4400	0.028800	0.0288
23_noVmin	10	42	0.4500	0.027500	0.0275
23_noVmin	10	42	0.4600	0.025600	0.0256
23_noVmin	10	42	0.4700	0.024200	0.0242
23_noVmin	10	42	0.4800	0.023300	0.0233
23_noVmin	10	42	0.4900	0.021600	0.0216
23_noVmin	10	42	0.5000	0.020000	0.0200
23_noVmin	10	42	0.5100	0.020200	0.0192
23_noVmin	10	42	0.5200	0.019000	0.0180
23_noVmin	10	42	0.5300	0.018000	0.0170
23_noVmin	10	42	0.5400	0.017000	0.0160
23_noVmin	10	42	0.5500	0.015400	0.0144
23_noVmin	10	42	0.5600	0.015800	0.0138
23_noVmin	10	42	0.5700	0.015900	0.0129
23_noVmin	10	42	0.5800	0.015300	0.0123
23_noVmin	10	42	0.5900	0.014600	0.0116
23_noVmin	10	42	0.6000	0.014800	0.0108
23_noVmin	10	42	0.6100	0.015200	0.0102
23_noVmin	10	42	0.6200	0.014300	0.0093
23_noVmin	10	42	0.6300	0.017800	0.0088
23_noVmin	10	42	0.6400	0.016500	0.0075
23_noVmin	10	42	0.6500	0.017100	0.0071
23_noVmin	10	42	0.6600	0.017500	0.0065
23_noVmin	10	42	0.6700	0.017500	0.0055
23_noVmin	10	42	0.6800	0.018400	0.0054
23_noVmin	10	42	0.6900	0.018900	0.0049
23_noVmin	10	42	0.7000	0.020100	0.0041
23_noVmin	10	42	0.7100	0.023700	0.0037
23_noVmin	10	42	0.7200	0.027100	0.0031
23_noVmin	10	42	0.7300	0.030100	0.0031
23_noVmin	10	42	0.7400	0.032900	0.0029
23_noVmin	10	42	0.7500	0.035700	0.0027
23_noVmin	10	42	0.7600	0.036400	0.0024
23_noVmin	10	42	0.7700	0.040100	0.0021
23_noVmin	10	42	0.7800	0.043000	0.0020
23_noVmin	10	42	0.7900	0.046000	0.0020
23_noVmin	10	42	0.8000	0.046600	0.0016
23_noVmin	10	42	0.8100	0.049200	0.0012
23_noVmin	10	42	0.8200	0.053900	0.0009
23_noVmin	10	42	0.8300	0.058800	0.0008
23_noVmin	10	42	0.8400	0.062700	0.0007
23_noVmin	10	42	0.8500	0.064600	0.0006
23_noVmin	10	42	0.8600	0.069500	0.0005
23_noVmin	10	42	0.8700	0.073400	0.0004
23_noVmin	10	42	0.8800	0.078300	0.0003
23_noVmin	10	42	0.8900	0.084300	0.0003
23_noVmin	10	42	0.9000	0.087300	0.0003
23_noVmin	10	42	0.9100	0.092300	0.0003
23_noVmin	10	42	0.9200	0.096300	0.0003
23_noVmin	10	42	0.9300	0.100000	0.0000
23_noVmin	10	42	0.9400	0.113000	0.0000
23_noVmin	10	42	0.9500	0.117000	0.0000
23_noVmin	10	42	0.9600	0.121000	0.0000
23_noVmin	10	42	0.9700	0.132000	0.0000
23_noVmin	10	42	0.9800	0.138000	0.0000
23_noVmin	10	42	0.9900	0.144000	0.0000
23_noVmin	10	42	1.0000	0.144000	0.0000
23_noVmin	100	42	0.0100	0.972400	0.9724
23_noVmin	100	42	0.0200	0.931400	0.9314
23_noVmin	100	42	0.0300	0.878300	0.8783
23_noVmin	100	42	0.0400	0.819300	0.8193
23_noVmin	100	42	0.0500	0.757200	0.7572
23_noVmin	100	42	0.0600	0.693700	0.6937
23_noVmin	100	42	0.0700	0.634400	0.6344
23_noVmin	100	42	0.0800	0.586300	0.5863
23_noVmin	100	42	0.0900	0.534400	0.5344
23_noVmin	100	42	0.1000	0.488900	0.4889
23_noVmin	100	42	0.1100	0.446100	0.4461
23_noVmin	100	42	0.1200	0.408200	0.4082
23_noVmin	100	42	0.1300	0.376200	0.3762
23_noVmin	100	42	0.1400	0.344200	0.3442
23_noVmin	100	42	0.1500	0.312800	0.3128
23_noVmin	100	42	0.1600	0.285300	0.2853
23_noVmin	100	42	0.1700	0.259200	0.2592
23_noVmin	100	42	0.1800	0.236700	0.2367
23_noVmin	100	42	0.1900	0.216300	0.2163
23_noVmin	100	42	0.2000	0.199200	0.1992
23_noVmin	100	42	0.2100	0.182100	0.1821
23_noVmin	100	42	0.2200	0.168200	0.1682
23_noVmin	100	42	0.2300	0.154900	0.1549
23_noVmin	100	42	0.2400	0.142600	0.1426
23_noVmin	100	42	0.2500	0.132400	0.1324
23_noVmin	100	42	0.2600	0.121900	0.1219
23_noVmin	100	42	0.2700	0.111400	0.1114
23_noVmin	100	42	0.2800	0.104200	0.1042
23_noVmin	100	42	0.2900	0.095800	0.0958
23_noVmin	100	42	0.3000	0.086600	0.0866
23_noVmin	100	42	0.3100	0.079100	0.0791
23_noVmin	100	42	0.3200	0.072300	0.0723
23_noVmin	100	42	0.3300	0.067300	0.0673
23_noVmin	100	42	0.3400	0.061500	0.0615
23_noVmin	100	42	0.3500	0.056900	0.0569
23_noVmin	100	42	0.3600	0.052500	0.0525
23_noVmin	100	42	0.3700	0.048800	0.0488
23_noVmin	100	42	0.3800	0.045200	0.0452
23_noVmin	100	42	0.3900	0.040900	0.0409
23_noVmin	100	42	0.4000	0.038500	0.0385
23_noVmin	100	42	0.4100	0.035100	0.0351
23_noVmin	100	42	0.4200	0.032900	0.0329
23_noVmin	100	42	0.4300	0.030900	0.0309
23_noVmin	100	42	0.4400	0.028800	0.0288
23_noVmin	100	42	0.4500	0.027500	0.0275
23_noVmin	100	42	0.4600	0.025600	0.0256
23_noVmin	100	42	0.4700	0.024200	0.0242
23_noVmin	100	42	0.4800	0.023300	0.0233
23_noVmin	100	42	0.4900	0.021600	0.0216
23_noVmin	100	42	0.5000	0.020000	0.0200
23_noVmin	100	42	0.5100	0.029200	0.0192
23_noVmin	100	42	0.5200	0.028000	0.0180
23_noVmin	100	42	0.5300	0.027000	0.0170
23_noVmin	100	42	0.5400	0.026000	0.0160
23_noVmin	100	42	0.5500	0.024400	0.0144
23_noVmin	100	42	0.5600	0.033800	0.0138
23_noVmin	100	42	0.5700	0.042900	0.0129
23_noVmin	100	42	0.5800	0.042300	0.0123
23_noVmin	100	42	0.5900	0.041600	0.0116
23_noVmin	100	42	0.6000	0.050800	0.0108
23_noVmin	100	42	0.6100	0.060200	0.0102
23_noVmin	100	42	0.6200	0.059300	0.0093
23_noVmin	100	42	0.6300	0.098800	0.0088
23_noVmin	100	42	0.6400	0.097500	0.0075
23_noVmin	100	42	0.6500	0.107100	0.0071
23_noVmin	100	42	0.6600	0.116500	0.0065
23_noVmin	100	42	0.6700	0.125500	0.0055
23_noVmin	100	42	0.6800	0.135400	0.0054
23_noVmin	100	42	0.6900	0.144900	0.0049
23_noVmin	100	42	0.7000	0.164100	0.0041
23_noVmin	100	42	0.7100	0.203700	0.0037
23_noVmin	100	42	0.7200	0.243100	0.0031
23_noVmin	100	42	0.7300	0.273100	0.0031
23_noVmin	100	42	0.7400	0.302900	0.0029
23_noVmin	100	42	0.7500	0.332700	0.0027
23_noVmin	100	42	0.7600	0.342400	0.0024
23_noVmin	100	42	0.7700	0.382100	0.0021
23_noVmin	100	42	0.7800	0.412000	0.0020
23_noVmin	100	42	0.7900	0.442000	0.0020
23_noVmin	100	42	0.8000	0.451600	0.0016
23_noVmin	100	42	0.8100	0.481200	0.0012
23_noVmin	100	42	0.8200	0.530900	0.0009
23_noVmin	100	42	0.8300	0.580800	0.0008
23_noVmin	100	42	0.8400	0.620700	0.0007
23_noVmin	100	42	0.8500	0.640600	0.0006
23_noVmin	100	42	0.8600	0.690500	0.0005
23_noVmin	100	42	0.8700	0.730400	0.0004
23_noVmin	100	42	0.8800	0.780300	0.0003
23_noVmin	100	42	0.8900	0.840300	0.0003
23_noVmin	100	42	0.9000	0.870300	0.0003
23_noVmin	100	42	0.9100	0.920300	0.0003
23_noVmin	100	42	0.9200	0.960300	0.0003
23_noVmin	100	42	0.9300	1.000000	0.0000
23_noVmin	100	42	0.9400	1.130000	0.0000
23_noVmin	100	42	0.9500	1.170000	0.0000
23_noVmin	100	42	0.9600	1.210000	0.0000
23_noVmin	100	42	0.9700	1.320000	0.0000
23_noVmin	100	42	0.9800	1.380000	0.0000
23_noVmin	100	42	0.9900	1.440000	0.0000
23_noVmin	100	42	1.0000	1.440000	0.0000
23_noVmin	1000	42	0.0100	0.972400	0.9724
23_noVmin	1000	42	0.0200	0.931400	0.9314
23_noVmin	1000	42	0.0300	0.878300	0.8783
23_noVmin	1000	42	0.0400	0.819300	0.8193
23_noVmin	1000	42	0.0500	0.757200	0.7572
23_noVmin	1000	42	0.0600	0.693700	0.6937
23_noVmin	1000	42	0.0700	0.634400	0.6344
23_noVmin	1000	42	0.0800	0.586300	0.5863
23_noVmin	1000	42	0.0900	0.534400	0.5344
23_noVmin	1000	42	0.1000	0.488900	0.4889
23_noVmin	1000	42	0.1100	0.446100	0.4461
23_noVmin	1000	42	0.1200	0.408200	0.4082
23_noVmin	1000	42	0.1300	0.376200	0.3762
23_noVmin	1000	42	0.1400	0.344200	0.3442
23_noVmin	1000	42	0.1500	0.312800	0.3128
23_noVmin	1000	42	0.1600	0.285300	0.2853
23_noVmin	1000	42	0.1700	0.259200	0.2592
23_noVmin	1000	42	0.1800	0.236700	0.2367
23_noVmin	1000	42	0.1900	0.216300	0.2163
23_noVmin	1000	42	0.2000	0.199200	0.1992
23_noVmin	1000	42	0.2100	0.182100	0.1821
23_noVmin	1000	42	0.2200	0.168200	0.1682
23_noVmin	1000	42	0.2300	0.154900	0.1549
23_noVmin	1000	42	0.2400	0.142600	0.1426
23_noVmin	1000	42	0.2500	0.132400	0.1324
23_noVmin	1000	42	0.2600	0.121900	0.1219
23_noVmin	1000	42	0.2700	0.111400	0.1114
23_noVmin	1000	42	0.2800	0.104200	0.1042
23_noVmin	1000	42	0.2900	0.095800	0.0958
23_noVmin	1000	42	0.3000	0.086600	0.0866
23_noVmin	1000	42	0.3100	0.079100	0.0791
23_noVmin	1000	42	0.3200	0.072300	0.0723
23_noVmin	1000	42	0.3300	0.067300	0.0673
23_noVmin	1000	42	0.3400	0.061500	0.0615
23_noVmin	1000	42	0.3500	0.056900	0.0569
23_noVmin	1000	42	0.3600	0.052500	0.0525
23_noVmin	1000	42	0.3700	0.048800	0.0488
23_noVmin	1000	42	0.3800	0.045200	0.0452
23_noVmin	1000	42	0.3900	0.040900	0.0409
23_noVmin	1000	42	0.4000	0.038500	0.0385
23_noVmin	1000	42	0.4100	0.035100	0.0351
23_noVmin	1000	42	0.4200	0.032900	0.0329
23_noVmin	1000	42	0.4300	0.030900	0.0309
23_noVmin	1000	42	0.4400	0.028800	0.0288
23_noVmin	1000	42	0.4500	0.027500	0.0275
23_noVmin	1000	42	0.4600	0.025600	0.0256
23_noVmin	1000	42	0.4700	0.024200	0.0242
23_noVmin	1000	42	0.4800	0.023300	0.0233
23_noVmin	1000	42	0.4900	0.021600	0.0216
23_noVmin	1000	42	0.5000	0.020000	0.0200
23_noVmin	1000	42	0.5100	0.119200	0.0192
23_noVmin	1000	42	0.5200	0.118000	0.0180
23_noVmin	1000	42	0.5300	0.117000	0.0170
23_noVmin	1000	42	0.5400	0.116000	0.0160
23_noVmin	1000	42	0.5500	0.114400	0.0144
23_noVmin	1000	42	0.5600	0.213800	0.0138
23_noVmin	1000	42	0.5700	0.312900	0.0129
23_noVmin	1000	42	0.5800	0.312300	0.0123
23_noVmin	1000	42	0.5900	0.311600	0.0116
23_noVmin	1000	42	0.6000	0.410800	0.0108
23_noVmin	1000	42	0.6100	0.510200	0.0102
23_noVmin	1000	42	0.6200	0.509300	0.0093
23_noVmin	1000	42	0.6300	0.908800	0.0088
23_noVmin	1000	42	0.6400	0.907500	0.0075
23_noVmin	1000	42	0.6500	1.007100	0.0071
23_noVmin	1000	42	0.6600	1.106500	0.0065
23_noVmin	1000	42	0.6700	1.205500	0.0055
23_noVmin	1000	42	0.6800	1.305400	0.0054
23_noVmin	1000	42	0.6900	1.404900	0.0049
23_noVmin	1000	42	0.7000	1.604100	0.0041
23_noVmin	1000	42	0.7100	2.003700	0.0037
23_noVmin	1000	42	0.7200	2.403100	0.0031
23_noVmin	1000	42	0.7300	2.703100	0.0031
23_noVmin	1000	42	0.7400	3.002900	0.0029
23_noVmin	1000	42	0.7500	3.302700	0.0027
23_noVmin	1000	42	0.7600	3.402400	0.0024
23_noVmin	1000	42	0.7700	3.802100	0.0021
23_noVmin	1000	42	0.7800	4.102000	0.0020
23_noVmin	1000	42	0.7900	4.402000	0.0020
23_noVmin	1000	42	0.8000	4.501600	0.0016
23_noVmin	1000	42	0.8100	4.801200	0.0012
23_noVmin	1000	42	0.8200	5.300900	0.0009
23_noVmin	1000	42	0.8300	5.800800	0.0008
23_noVmin	1000	42	0.8400	6.200700	0.0007
23_noVmin	1000	42	0.8500	6.400600	0.0006
23_noVmin	1000	42	0.8600	6.900500	0.0005
23_noVmin	1000	42	0.8700	7.300400	0.0004
23_noVmin	1000	42	0.8800	7.800300	0.0003
23_noVmin	1000	42	0.8900	8.400300	0.0003
23_noVmin	1000	42	0.9000	8.700300	0.0003
23_noVmin	1000	42	0.9100	9.200300	0.0003
23_noVmin	1000	42	0.9200	9.600300	0.0003
23_noVmin	1000	42	0.9300	10.000000	0.0000
23_noVmin	1000	42	0.9400	11.300000	0.0000
23_noVmin	1000	42	0.9500	11.700000	0.0000
23_noVmin	1000	42	0.9600	12.100000	0.0000
23_noVmin	1000	42	0.9700	13.200000	0.0000
23_noVmin	1000	42	0.9800	13.800000	0.0000
23_noVmin	1000	42	0.9900	14.400000	0.0000
23_noVmin	1000	42	1.0000	14.400000	0.0000
23_noVmin	1	179	0.0100	0.971100	0.9711
23_noVmin	1	179	0.0200	0.925600	0.9256
23_noVmin	1	179	0.0300	0.867500	0.8675
23_noVmin	1	179	0.0400	0.798800	0.7988
23_noVmin	1	179	0.0500	0.735800	0.7358
23_noVmin	1	179	0.0600	0.671100	0.6711
23_noVmin	1	179	0.0700	0.613100	0.6131
23_noVmin	1	179	0.0800	0.557900	0.5579
23_noVmin	1	179	0.0900	0.508500	0.5085
23_noVmin	1	179	0.1000	0.460100	0.4601
23_noVmin	1	179	0.1100	0.419400	0.4194
23_noVmin	1	179	0.1200	0.380500	0.3805
23_noVmin	1	179	0.1300	0.346600	0.3466
23_noVmin	1	179	0.1400	0.313500	0.3135
23_noVmin	1	179	0.1500	0.286700	0.2867
23_noVmin	1	179	0.1600	0.261000	0.2610
23_noVmin	1	179	0.1700	0.240000	0.2400
23_noVmin	1	179	0.1800	0.221100	0.2211
23_noVmin	1	179	0.1900	0.202600	0.2026
23_noVmin	1	179	0.2000	0.185100	0.1851
23_noVmin	1	179	0.2100	0.168900	0.1689
23_noVmin	1	179	0.2200	0.153900	0.1539
23_noVmin	1	179	0.2300	0.139800	0.1398
23_noVmin	1	179	0.2400	0.128100	0.1281
23_noVmin	1	179	0.2500	0.117400	0.1174
23_noVmin	1	179	0.2600	0.107100	0.1071
23_noVmin	1	179	0.2700	0.098800	0.0988
23_noVmin	1	179	0.2800	0.091000	0.0910
23_noVmin	1	179	0.2900	0.083000	0.0830
23_noVmin	1	179	0.3000	0.076600	0.0766
23_noVmin	1	179	0.3100	0.071300	0.0713
23_noVmin	1	179	0.3200	0.065600	0.0656
23_noVmin	1	179	0.3300	0.060500	0.0605
23_noVmin	1	179	0.3400	0.055800	0.0558
23_noVmin	1	179	0.3500	0.052000	0.0520
23_noVmin	1	179	0.3600	0.048400	0.0484
23_noVmin	1	179	0.3700	0.045400	0.0454
23_noVmin	1	179	0.3800	0.042700	0.0427
23_noVmin	1	179	0.3900	0.040300	0.0403
23_noVmin	1	179	0.4000	0.037600	0.0376
23_noVmin	1	179	0.4100	0.034000	0.0340
23_noVmin	1	179	0.4200	0.031200	0.0312
23_noVmin	1	179	0.4300	0.028700	0.0287
23_noVmin	1	179	0.4400	0.027100	0.0271
23_noVmin	1	179	0.4500	0.025000	0.0250
23_noVmin	1	179	0.4600	0.023300	0.0233
23_noVmin	1	179	0.4700	0.021100	0.0211
23_noVmin	1	179	0.4800	0.019000	0.0190
23_noVmin	1	179	0.4900	0.017600	0.0176
23_noVmin	1	179	0.5000	0.016500	0.0165
23_noVmin	1	179	0.5100	0.015000	0.0150
23_noVmin	1	179	0.5200	0.014200	0.0142
23_noVmin	1	179	0.5300	0.013400	0.0133
23_noVmin	1	179	0.5400	0.012200	0.0120
23_noVmin	1	179	0.5500	0.011400	0.0112
23_noVmin	1	179	0.5600	0.011200	0.0108
23_noVmin	1	179	0.5700	0.010700	0.0103
23_noVmin	1	179	0.5800	0.010100	0.0097
23_noVmin	1	179	0.5900	0.009800	0.0093
23_noVmin	1	179	0.6000	0.009200	0.0086
23_noVmin	1	179	0.6100	0.008800	0.0082
23_noVmin	1	179	0.6200	0.008100	0.0074
23_noVmin	1	179	0.6300	0.007800	0.0070
23_noVmin	1	179	0.6400	0.007400	0.0066
23_noVmin	1	179	0.6500	0.007300	0.0064
23_noVmin	1	179	0.6600	0.006500	0.0054
23_noVmin	1	179	0.6700	0.006400	0.0052
23_noVmin	1	179	0.6800	0.006000	0.0048
23_noVmin	1	179	0.6900	0.005600	0.0043
23_noVmin	1	179	0.7000	0.005100	0.0038
23_noVmin	1	179	0.7100	0.005200	0.0035
23_noVmin	1	179	0.7200	0.005200	0.0032
23_noVmin	1	179	0.7300	0.005000	0.0027
23_noVmin	1	179	0.7400	0.005000	0.0026
23_noVmin	1	179	0.7500	0.005000	0.0025
23_noVmin	1	179	0.7600	0.005000	0.0022
23_noVmin	1	179	0.7700	0.005600	0.0022
23_noVmin	1	179	0.7800	0.005300	0.0019
23_noVmin	1	179	0.7900	0.005100	0.0014
23_noVmin	1	179	0.8000	0.005000	0.0009
23_noVmin	1	179	0.8100	0.005400	0.0006
23_noVmin	1	179	0.8200	0.005700	0.0005
23_noVmin	1	179	0.8300	0.005900	0.0005
23_noVmin	1	179	0.8400	0.006200	0.0005
23_noVmin	1	179	0.8500	0.006700	0.0005
23_noVmin	1	179	0.8600	0.007000	0.0003
23_noVmin	1	179	0.8700	0.007400	0.0002
23_noVmin	1	179	0.8800	0.007900	0.0002
23_noVmin	1	179	0.8900	0.008200	0.0001
23_noVmin	1	179	0.9000	0.008500	0.0001
23_noVmin	1	179	0.9100	0.009100	0.0001
23_noVmin	1	179	0.9200	0.009500	0.0000
23_noVmin	1	179	0.9300	0.010000	0.0000
23_noVmin	1	179	0.9400	0.010600	0.0000
23_noVmin	1	179	0.9500	0.011200	0.0000
23_noVmin	1	179	0.9600	0.011700	0.0000
23_noVmin	1	179	0.9700	0.013100	0.0000
23_noVmin	1	179	0.9800	0.013700	0.0000
23_noVmin	1	179	0.9900	0.014300	0.0000
23_noVmin	1	179	1.0000	0.014400	0.0000
23_noVmin	10	179	0.0100	0.971100	0.9711
23_noVmin	10	179	0.0200	0.925600	0.9256
23_noVmin	10	179	0.0300	0.867500	0.8675
23_noVmin	10	179	0.0400	0.798800	0.7988
23_noVmin	10	179	0.0500	0.735800	0.7358
23_noVmin	10	179	0.0600	0.671100	0.6711
23_noVmin	10	179	0.0700	0.613100	0.6131
23_noVmin	10	179	0.0800	0.557900	0.5579
23_noVmin	10	179	0.0900	0.508500	0.5085
23_noVmin	10	179	0.1000	0.460100	0.4601
23_noVmin	10	179	0.1100	0.419400	0.4194
23_noVmin	10	179	0.1200	0.380500	0.3805
23_noVmin	10	179	0.1300	0.346600	0.3466
23_noVmin	10	179	0.1400	0.313500	0.3135
23_noVmin	10	179	0.1500	0.286700	0.2867
23_noVmin	10	179	0.1600	0.261000	0.2610
23_noVmin	10	179	0.1700	0.240000	0.2400
23_noVmin	10	179	0.1800	0.221100	0.2211
23_noVmin	10	179	0.1900	0.202600	0.2026
23_noVmin	10	179	0.2000	0.185100	0.1851
23_noVmin	10	179	0.2100	0.168900	0.1689
23_noVmin	10	179	0.2200	0.153900	0.1539
23_noVmin	10	179	0.2300	0.139800	0.1398
23_noVmin	10	179	0.2400	0.128100	0.1281
23_noVmin	10	179	0.2500	0.117400	0.1174
23_noVmin	10	179	0.2600	0.107100	0.1071
23_noVmin	10	179	0.2700	0.098800	0.0988
23_noVmin	10	179	0.2800	0.091000	0.0910
23_noVmin	10	179	0.2900	0.083000	0.0830
23_noVmin	10	179	0.3000	0.076600	0.0766
23_noVmin	10	179	0.3100	0.071300	0.0713
23_noVmin	10	179	0.3200	0.065600	0.0656
23_noVmin	10	179	0.3300	0.060500	0.0605
23_noVmin	10	179	0.3400	0.055800	0.0558
23_noVmin	10	179	0.3500	0.052000	0.0520
23_noVmin	10	179	0.3600	0.048400	0.0484
23_noVmin	10	179	0.3700	0.045400	0.0454
23_noVmin	10	179	0.3800	0.042700	0.0427
23_noVmin	10	179	0.3900	0.040300	0.0403
23_noVmin	10	179	0.4000	0.037600	0.0376
23_noVmin	10	179	0.4100	0.034000	0.0340
23_noVmin	10	179	0.4200	0.031200	0.0312
23_noVmin	10	179	0.4300	0.028700	0.0287
23_noVmin	10	179	0.4400	0.027100	0.0271
23_noVmin	10	179	0.4500	0.025000	0.0250
23_noVmin	10	179	0.4600	0.023300	0.0233
23_noVmin	10	179	0.4700	0.021100	0.0211
23_noVmin	10	179	0.4800	0.019000	0.0190
23_noVmin	10	179	0.4900	0.017600	0.0176
23_noVmin	10	179	0.5000	0.016500	0.0165
23_noVmin	10	179	0.5100	0.015000	0.0150
23_noVmin	10	179	0.5200	0.014200	0.0142
23_noVmin	10	179	0.5300	0.014300	0.0133
23_noVmin	10	179	0.5400	0.014000	0.0120
23_noVmin	10	179	0.5500	0.013200	0.0112
23_noVmin	10	179	0.5600	0.014800	0.0108
23_noVmin	10	179	0.5700	0.014300	0.0103
23_noVmin	10	179	0.5800	0.013700	0.0097
23_noVmin	10	179	0.5900	0.014300	0.0093
23_noVmin	10	179	0.6000	0.014600	0.0086
23_noVmin	10	179	0.6100	0.014200	0.0082
23_noVmin	10	179	0.6200	0.014400	0.0074
23_noVmin	10	179	0.6300	0.015000	0.0070
23_noVmin	10	179	0.6400	0.014600	0.0066
23_noVmin	10	179	0.6500	0.015400	0.0064
23_noVmin	10	179	0.6600	0.016400	0.0054
23_noVmin	10	179	0.6700	0.017200	0.0052
23_noVmin	10	179	0.6800	0.016800	0.0048
23_noVmin	10	179	0.6900	0.017300	0.0043
23_noVmin	10	179	0.7000	0.016800	0.0038
23_noVmin	10	179	0.7100	0.020500	0.0035
23_noVmin	10	179	0.7200	0.023200	0.0032
23_noVmin	10	179	0.7300	0.025700	0.0027
23_noVmin	10	179	0.7400	0.026600	0.0026
23_noVmin	10	179	0.7500	0.027500	0.0025
23_noVmin	10	179	0.7600	0.030200	0.0022
23_noVmin	10	179	0.7700	0.036200	0.0022
23_noVmin	10	179	0.7800	0.035900	0.0019
23_noVmin	10	179	0.7900	0.038400	0.0014
23_noVmin	10	179	0.8000	0.041900	0.0009
23_noVmin	10	179	0.8100	0.048600	0.0006
23_noVmin	10	179	0.8200	0.052500	0.0005
23_noVmin	10	179	0.8300	0.054500	0.0005
23_noVmin	10	179	0.8400	0.057500	0.0005
23_noVmin	10	179	0.8500	0.062500	0.0005
23_noVmin	10	179	0.8600	0.067300	0.0003
23_noVmin	10	179	0.8700	0.072200	0.0002
23_noVmin	10	179	0.8800	0.077200	0.0002
23_noVmin	10	179	0.8900	0.081100	0.0001
23_noVmin	10	179	0.9000	0.084100	0.0001
23_noVmin	10	179	0.9100	0.090100	0.0001
23_noVmin	10	179	0.9200	0.095000	0.0000
23_noVmin	10	179	0.9300	0.100000	0.0000
23_noVmin	10	179	0.9400	0.106000	0.0000
23_noVmin	10	179	0.9500	0.112000	0.0000
23_noVmin	10	179	0.9600	0.117000	0.0000
23_noVmin	10	179	0.9700	0.131000	0.0000
23_noVmin	10	179	0.9800	0.137000	0.0000
23_noVmin	10	179	0.9900	0.143000	0.0000
23_noVmin	10	179	1.0000	0.144000	0.0000
23_noVmin	100	179	0.0100	0.971100	0.9711
23_noVmin	100	179	0.0200	0.925600	0.9256
23_noVmin	100	179	0.0300	0.867500	0.8675
23_noVmin	100	179	0.0400	0.798800	0.7988
23_noVmin	100	179	0.0500	0.735800	0.7358
23_noVmin	100	179	0.0600	0.671100	0.6711
23_noVmin	100	179	0.0700	0.613100	0.6131
23_noVmin	100	179	0.0800	0.557900	0.5579
23_noVmin	100	179	0.0900	0.508500	0.5085
23_noVmin	100	179	0.1000	0.460100	0.4601
23_noVmin	100	179	0.1100	0.419400	0.4194
23_noVmin	100	179	0.1200	0.380500	0.3805
23_noVmin	100	179	0.1300	0.346600	0.3466
23_noVmin	100	179	0.1400	0.313500	0.3135
23_noVmin	100	179	0.1500	0.286700	0.2867
23_noVmin	100	179	0.1600	0.261000	0.2610
23_noVmin	100	179	0.1700	0.240000	0.2400
23_noVmin	100	179	0.1800	0.221100	0.2211
23_noVmin	100	179	0.1900	0.202600	0.2026
23_noVmin	100	179	0.2000	0.185100	0.1851
23_noVmin	100	179	0.2100	0.168900	0.1689
23_noVmin	100	179	0.2200	0.153900	0.1539
23_noVmin	100	179	0.2300	0.139800	0.1398
23_noVmin	100	179	0.2400	0.128100	0.1281
23_noVmin	100	179	0.2500	0.117400	0.1174
23_noVmin	100	179	0.2600	0.107100	0.1071
23_noVmin	100	179	0.2700	0.098800	0.0988
23_noVmin	100	179	0.2800	0.091000	0.0910
23_noVmin	100	179	0.2900	0.083000	0.0830
23_noVmin	100	179	0.3000	0.076600	0.0766
23_noVmin	100	179	0.3100	0.071300	0.0713
23_noVmin	100	179	0.3200	0.065600	0.0656
23_noVmin	100	179	0.3300	0.060500	0.0605
23_noVmin	100	179	0.3400	0.055800	0.0558
23_noVmin	100	179	0.3500	0.052000	0.0520
23_noVmin	100	179	0.3600	0.048400	0.0484
23_noVmin	100	179	0.3700	0.045400	0.0454
23_noVmin	100	179	0.3800	0.042700	0.0427
23_noVmin	100	179	0.3900	0.040300	0.0403
23_noVmin	100	179	0.4000	0.037600	0.0376
23_noVmin	100	179	0.4100	0.034000	0.0340
23_noVmin	100	179	0.4200	0.031200	0.0312
23_noVmin	100	179	0.4300	0.028700	0.0287
23_noVmin	100	179	0.4400	0.027100	0.0271
23_noVmin	100	179	0.4500	0.025000	0.0250
23_noVmin	100	179	0.4600	0.023300	0.0233
23_noVmin	100	179	0.4700	0.021100	0.0211
23_noVmin	100	179	0.4800	0.019000	0.0190
23_noVmin	100	179	0.4900	0.017600	0.0176
23_noVmin	100	179	0.5000	0.016500	0.0165
23_noVmin	100	179	0.5100	0.015000	0.0150
23_noVmin	100	179	0.5200	0.014200	0.0142
23_noVmin	100	179	0.5300	0.023300	0.0133
23_noVmin	100	179	0.5400	0.032000	0.0120
23_noVmin	100	179	0.5500	0.031200	0.0112
23_noVmin	100	179	0.5600	0.050800	0.0108
23_noVmin	100	179	0.5700	0.050300	0.0103
23_noVmin	100	179	0.5800	0.049700	0.0097
23_noVmin	100	179	0.5900	0.059300	0.0093
23_noVmin	100	179	0.6000	0.068600	0.0086
23_noVmin	100	179	0.6100	0.068200	0.0082
23_noVmin	100	179	0.6200	0.077400	0.0074
23_noVmin	100	179	0.6300	0.087000	0.0070
23_noVmin	100	179	0.6400	0.086600	0.0066
23_noVmin	100	179	0.6500	0.096400	0.0064
23_noVmin	100	179	0.6600	0.115400	0.0054
23_noVmin	100	179	0.6700	0.125200	0.0052
23_noVmin	100	179	0.6800	0.124800	0.0048
23_noVmin	100	179	0.6900	0.134300	0.0043
23_noVmin	100	179	0.7000	0.133800	0.0038
23_noVmin	100	179	0.7100	0.173500	0.0035
23_noVmin	100	179	0.7200	0.203200	0.0032
23_noVmin	100	179	0.7300	0.232700	0.0027
23_noVmin	100	179	0.7400	0.242600	0.0026
23_noVmin	100	179	0.7500	0.252500	0.0025
23_noVmin	100	179	0.7600	0.282200	0.0022
23_noVmin	100	179	0.7700	0.342200	0.0022
23_noVmin	100	179	0.7800	0.341900	0.0019
23_noVmin	100	179	0.7900	0.371400	0.0014
23_noVmin	100	179	0.8000	0.410900	0.0009
23_noVmin	100	179	0.8100	0.480600	0.0006
23_noVmin	100	179	0.8200	0.520500	0.0005
23_noVmin	100	179	0.8300	0.540500	0.0005
23_noVmin	100	179	0.8400	0.570500	0.0005
23_noVmin	100	179	0.8500	0.620500	0.0005
23_noVmin	100	179	0.8600	0.670300	0.0003
23_noVmin	100	179	0.8700	0.720200	0.0002
23_noVmin	100	179	0.8800	0.770200	0.0002
23_noVmin	100	179	0.8900	0.810100	0.0001
23_noVmin	100	179	0.9000	0.840100	0.0001
23_noVmin	100	179	0.9100	0.900100	0.0001
23_noVmin	100	179	0.9200	0.950000	0.0000
23_noVmin	100	179	0.9300	1.000000	0.0000
23_noVmin	100	179	0.9400	1.060000	0.0000
23_noVmin	100	179	0.9500	1.120000	0.0000
23_noVmin	100	179	0.9600	1.170000	0.0000
23_noVmin	100	179	0.9700	1.310000	0.0000
23_noVmin	100	179	0.9800	1.370000	0.0000
23_noVmin	100	179	0.9900	1.430000	0.0000
23_noVmin	100	179	1.0000	1.440000	0.0000
23_noVmin	1000	179	0.0100	0.971100	0.9711
23_noVmin	1000	179	0.0200	0.925600	0.9256
23_noVmin	1000	179	0.0300	0.867500	0.8675
23_noVmin	1000	179	0.0400	0.798800	0.7988
23_noVmin	1000	179	0.0500	0.735800	0.7358
23_noVmin	1000	179	0.0600	0.671100	0.6711
23_noVmin	1000	179	0.0700	0.613100	0.6131
23_noVmin	1000	179	0.0800	0.557900	0.5579
23_noVmin	1000	179	0.0900	0.508500	0.5085
23_noVmin	1000	179	0.1000	0.460100	0.4601
23_noVmin	1000	179	0.1100	0.419400	0.4194
23_noVmin	1000	179	0.1200	0.380500	0.3805
23_noVmin	1000	179	0.1300	0.346600	0.3466
23_noVmin	1000	179	0.1400	0.313500	0.3135
23_noVmin	1000	179	0.1500	0.286700	0.2867
23_noVmin	1000	179	0.1600	0.261000	0.2610
23_noVmin	1000	179	0.1700	0.240000	0.2400
23_noVmin	1000	179	0.1800	0.221100	0.2211
23_noVmin	1000	179	0.1900	0.202600	0.2026
23_noVmin	1000	179	0.2000	0.185100	0.1851
23_noVmin	1000	179	0.2100	0.168900	0.1689
23_noVmin	1000	179	0.2200	0.153900	0.1539
23_noVmin	1000	179	0.2300	0.139800	0.1398
23_noVmin	1000	179	0.2400	0.128100	0.1281
23_noVmin	1000	179	0.2500	0.117400	0.1174
23_noVmin	1000	179	0.2600	0.107100	0.1071
23_noVmin	1000	179	0.2700	0.098800	0.0988
23_noVmin	1000	179	0.2800	0.091000	0.0910
23_noVmin	1000	179	0.2900	0.083000	0.0830
23_noVmin	1000	179	0.3000	0.076600	0.0766
23_noVmin	1000	179	0.3100	0.071300	0.0713
23_noVmin	1000	179	0.3200	0.065600	0.0656
23_noVmin	1000	179	0.3300	0.060500	0.0605
23_noVmin	1000	179	0.3400	0.055800	0.0558
23_noVmin	1000	179	0.3500	0.052000	0.0520
23_noVmin	1000	179	0.3600	0.048400	0.0484
23_noVmin	1000	179	0.3700	0.045400	0.0454
23_noVmin	1000	179	0.3800	0.042700	0.0427
23_noVmin	1000	179	0.3900	0.040300	0.0403
23_noVmin	1000	179	0.4000	0.037600	0.0376
23_noVmin	1000	179	0.4100	0.034000	0.0340
23_noVmin	1000	179	0.4200	0.031200	0.0312
23_noVmin	1000	179	0.4300	0.028700	0.0287
23_noVmin	1000	179	0.4400	0.027100	0.0271
23_noVmin	1000	179	0.4500	0.025000	0.0250
23_noVmin	1000	179	0.4600	0.023300	0.0233
23_noVmin	1000	179	0.4700	0.021100	0.0211
23_noVmin	1000	179	0.4800	0.019000	0.0190
23_noVmin	1000	179	0.4900	0.017600	0.0176
23_noVmin	1000	179	0.5000	0.016500	0.0165
23_noVmin	1000	179	0.5100	0.015000	0.0150
23_noVmin	1000	179	0.5200	0.014200	0.0142
23_noVmin	1000	179	0.5300	0.113300	0.0133
23_noVmin	1000	179	0.5400	0.212000	0.0120
23_noVmin	1000	179	0.5500	0.211200	0.0112
23_noVmin	1000	179	0.5600	0.410800	0.0108
23_noVmin	1000	179	0.5700	0.410300	0.0103
23_noVmin	1000	179	0.5800	0.409700	0.0097
23_noVmin	1000	179	0.5900	0.509300	0.0093
23_noVmin	1000	179	0.6000	0.608600	0.0086
23_noVmin	1000	179	0.6100	0.608200	0.0082
23_noVmin	1000	179	0.6200	0.707400	0.0074
23_noVmin	1000	179	0.6300	0.807000	0.0070
23_noVmin	1000	179	0.6400	0.806600	0.0066
23_noVmin	1000	179	0.6500	0.906400	0.0064
23_noVmin	1000	179	0.6600	1.105400	0.0054
23_noVmin	1000	179	0.6700	1.205200	0.0052
23_noVmin	1000	179	0.6800	1.204800	0.0048
23_noVmin	1000	179	0.6900	1.304300	0.0043
23_noVmin	1000	179	0.7000	1.303800	0.0038
23_noVmin	1000	179	0.7100	1.703500	0.0035
23_noVmin	1000	179	0.7200	2.003200	0.0032
23_noVmin	1000	179	0.7300	2.302700	0.0027
23_noVmin	1000	179	0.7400	2.402600	0.0026
23_noVmin	1000	179	0.7500	2.502500	0.0025
23_noVmin	1000	179	0.7600	2.802200	0.0022
23_noVmin	1000	179	0.7700	3.402200	0.0022
23_noVmin	1000	179	0.7800	3.401900	0.0019
23_noVmin	1000	179	0.7900	3.701400	0.0014
23_noVmin	1000	179	0.8000	4.100900	0.0009
23_noVmin	1000	179	0.8100	4.800600	0.0006
23_noVmin	1000	179	0.8200	5.200500	0.0005
23_noVmin	1000	179	0.8300	5.400500	0.0005
23_noVmin	1000	179	0.8400	5.700500	0.0005
23_noVmin	1000	179	0.8500	6.200500	0.0005
23_noVmin	1000	179	0.8600	6.700300	0.0003
23_noVmin	1000	179	0.8700	7.200200	0.0002
23_noVmin	1000	179	0.8800	7.700200	0.0002
23_noVmin	1000	179	0.8900	8.100100	0.0001
23_noVmin	1000	179	0.9000	8.400100	0.0001
23_noVmin	1000	179	0.9100	9.000100	0.0001
23_noVmin	1000	179	0.9200	9.500000	0.0000
23_noVmin	1000	179	0.9300	10.000000	0.0000
23_noVmin	1000	179	0.9400	10.600000	0.0000
23_noVmin	1000	179	0.9500	11.200000	0.0000
23_noVmin	1000	179	0.9600	11.700000	0.0000
23_noVmin	1000	179	0.9700	13.100000	0.0000
23_noVmin	1000	179	0.9800	13.700000	0.0000
23_noVmin	1000	179	0.9900	14.300000	0.0000
23_noVmin	1000	179	1.0000	14.400000	0.0000
23_noVmin	1	316	0.0100	0.971900	0.9719
23_noVmin	1	316	0.0200	0.932600	0.9326
23_noVmin	1	316	0.0300	0.879500	0.8795
23_noVmin	1	316	0.0400	0.820600	0.8206
23_noVmin	1	316	0.0500	0.760700	0.7607
23_noVmin	1	316	0.0600	0.701500	0.7015
23_noVmin	1	316	0.0700	0.646000	0.6460
23_noVmin	1	316	0.0800	0.595800	0.5958
23_noVmin	1	316	0.0900	0.545100	0.5451
23_noVmin	1	316	0.1000	0.501200	0.5012
23_noVmin	1	316	0.1100	0.457200	0.4572
23_noVmin	1	316	0.1200	0.417900	0.4179
23_noVmin	1	316	0.1300	0.381500	0.3815
23_noVmin	1	316	0.1400	0.349000	0.3490
23_noVmin	1	316	0.1500	0.319100	0.3191
23_noVmin	1	316	0.1600	0.292100	0.2921
23_noVmin	1	316	0.1700	0.269200	0.2692
23_noVmin	1	316	0.1800	0.245800	0.2458
23_noVmin	1	316	0.1900	0.224100	0.2241
23_noVmin	1	316	0.2000	0.203300	0.2033
23_noVmin	1	316	0.2100	0.186700	0.1867
23_noVmin	1	316	0.2200	0.173000	0.1730
23_noVmin	1	316	0.2300	0.158700	0.1587
23_noVmin	1	316	0.2400	0.144600	0.1446
23_noVmin	1	316	0.2500	0.134100	0.1341
23_noVmin	1	316	0.2600	0.122600	0.1226
23_noVmin	1	316	0.2700	0.112600	0.1126
23_noVmin	1	316	0.2800	0.103500	0.1035
23_noVmin	1	316	0.2900	0.094600	0.0946
23_noVmin	1	316	0.3000	0.087400	0.0874
23_noVmin	1	316	0.3100	0.080700	0.0807
23_noVmin	1	316	0.3200	0.074300	0.0743
23_noVmin	1	316	0.3300	0.067600	0.0676
23_noVmin	1	316	0.3400	0.062300	0.0623
23_noVmin	1	316	0.3500	0.057700	0.0577
23_noVmin	1	316	0.3600	0.053500	0.0535
23_noVmin	1	316	0.3700	0.049200	0.0492
23_noVmin	1	316	0.3800	0.045800	0.0458
23_noVmin	1	316	0.3900	0.042300	0.0423
23_noVmin	1	316	0.4000	0.038300	0.0383
23_noVmin	1	316	0.4100	0.035600	0.0355
23_noVmin	1	316	0.4200	0.033400	0.0333
23_noVmin	1	316	0.4300	0.031300	0.0312
23_noVmin	1	316	0.4400	0.029300	0.0292
23_noVmin	1	316	0.4500	0.027400	0.0273
23_noVmin	1	316	0.4600	0.025200	0.0251
23_noVmin	1	316	0.4700	0.023000	0.0229
23_noVmin	1	316	0.4800	0.021200	0.0211
23_noVmin	1	316	0.4900	0.020000	0.0199
23_noVmin	1	316	0.5000	0.018700	0.0186
23_noVmin	1	316	0.5100	0.017600	0.0175
23_noVmin	1	316	0.5200	0.016700	0.0166
23_noVmin	1	316	0.5300	0.015400	0.0153
23_noVmin	1	316	0.5400	0.014600	0.0144
23_noVmin	1	316	0.5500	0.014100	0.0139
23_noVmin	1	316	0.5600	0.013200	0.0130
23_noVmin	1	316	0.5700	0.012700	0.0124
23_noVmin	1	316	0.5800	0.012100	0.0118
23_noVmin	1	316	0.5900	0.011400	0.0111
23_noVmin	1	316	0.6000	0.010900	0.0106
23_noVmin	1	316	0.6100	0.010200	0.0099
23_noVmin	1	316	0.6200	0.009300	0.0090
23_noVmin	1	316	0.6300	0.008600	0.0080
23_noVmin	1	316	0.6400	0.008200	0.0074
23_noVmin	1	316	0.6500	0.008100	0.0071
23_noVmin	1	316	0.6600	0.007200	0.0062
23_noVmin	1	316	0.6700	0.006600	0.0055
23_noVmin	1	316	0.6800	0.006100	0.0048
23_noVmin	1	316	0.6900	0.006300	0.0047
23_noVmin	1	316	0.7000	0.006100	0.0042
23_noVmin	1	316	0.7100	0.006300	0.0041
23_noVmin	1	316	0.7200	0.006200	0.0038
23_noVmin	1	316	0.7300	0.006300	0.0036
23_noVmin	1	316	0.7400	0.005800	0.0029
23_noVmin	1	316	0.7500	0.006100	0.0028
23_noVmin	1	316	0.7600	0.006000	0.0027
23_noVmin	1	316	0.7700	0.005800	0.0024
23_noVmin	1	316	0.7800	0.005700	0.0020
23_noVmin	1	316	0.7900	0.005800	0.0018
23_noVmin	1	316	0.8000	0.005600	0.0016
23_noVmin	1	316	0.8100	0.006000	0.0013
23_noVmin	1	316	0.8200	0.006400	0.0011
23_noVmin	1	316	0.8300	0.006300	0.0007
23_noVmin	1	316	0.8400	0.006600	0.0005
23_noVmin	1	316	0.8500	0.006600	0.0003
23_noVmin	1	316	0.8600	0.007400	0.0003
23_noVmin	1	316	0.8700	0.008000	0.0003
23_noVmin	1	316	0.8800	0.008100	0.0002
23_noVmin	1	316	0.8900	0.008800	0.0002
23_noVmin	1	316	0.9000	0.009000	0.0002
23_noVmin	1	316	0.9100	0.009600	0.0001
23_noVmin	1	316	0.9200	0.010100	0.0001
23_noVmin	1	316	0.9300	0.010300	0.0001
23_noVmin	1	316	0.9400	0.011200	0.0001
23_noVmin	1	316	0.9500	0.011700	0.0001
23_noVmin	1	316	0.9600	0.012400	0.0000
23_noVmin	1	316	0.9700	0.013000	0.0000
23_noVmin	1	316	0.9800	0.013600	0.0000
23_noVmin	1	316	0.9900	0.014400	0.0000
23_noVmin	1	316	1.0000	0.014400	0.0000
23_noVmin	10	316	0.0100	0.971900	0.9719
23_noVmin	10	316	0.0200	0.932600	0.9326
23_noVmin	10	316	0.0300	0.879500	0.8795
23_noVmin	10	316	0.0400	0.820600	0.8206
23_noVmin	10	316	0.0500	0.760700	0.7607
23_noVmin	10	316	0.0600	0.701500	0.7015
23_noVmin	10	316	0.0700	0.646000	0.6460
23_noVmin	10	316	0.0800	0.595800	0.5958
23_noVmin	10	316	0.0900	0.545100	0.5451
23_noVmin	10	316	0.1000	0.501200	0.5012
23_noVmin	10	316	0.1100	0.457200	0.4572
23_noVmin	10	316	0.1200	0.417900	0.4179
23_noVmin	10	316	0.1300	0.381500	0.3815
23_noVmin	10	316	0.1400	0.349000	0.3490
23_noVmin	10	316	0.1500	0.319100	0.3191
23_noVmin	10	316	0.1600	0.292100	0.2921
23_noVmin	10	316	0.1700	0.269200	0.2692
23_noVmin	10	316	0.1800	0.245800	0.2458
23_noVmin	10	316	0.1900	0.224100	0.2241
23_noVmin	10	316	0.2000	0.203300	0.2033
23_noVmin	10	316	0.2100	0.186700	0.1867
23_noVmin	10	316	0.2200	0.173000	0.1730
23_noVmin	10	316	0.2300	0.158700	0.1587
23_noVmin	10	316	0.2400	0.144600	0.1446
23_noVmin	10	316	0.2500	0.134100	0.1341
23_noVmin	10	316	0.2600	0.122600	0.1226
23_noVmin	10	316	0.2700	0.112600	0.1126
23_noVmin	10	316	0.2800	0.103500	0.1035
23_noVmin	10	316	0.2900	0.094600	0.0946
23_noVmin	10	316	0.3000	0.087400	0.0874
23_noVmin	10	316	0.3100	0.080700	0.0807
23_noVmin	10	316	0.3200	0.074300	0.0743
23_noVmin	10	316	0.3300	0.067600	0.0676
23_noVmin	10	316	0.3400	0.062300	0.0623
23_noVmin	10	316	0.3500	0.057700	0.0577
23_noVmin	10	316	0.3600	0.053500	0.0535
23_noVmin	10	316	0.3700	0.049200	0.0492
23_noVmin	10	316	0.3800	0.045800	0.0458
23_noVmin	10	316	0.3900	0.042300	0.0423
23_noVmin	10	316	0.4000	0.038300	0.0383
23_noVmin	10	316	0.4100	0.036500	0.0355
23_noVmin	10	316	0.4200	0.034300	0.0333
23_noVmin	10	316	0.4300	0.032200	0.0312
23_noVmin	10	316	0.4400	0.030200	0.0292
23_noVmin	10	316	0.4500	0.028300	0.0273
23_noVmin	10	316	0.4600	0.026100	0.0251
23_noVmin	10	316	0.4700	0.023900	0.0229
23_noVmin	10	316	0.4800	0.022100	0.0211
23_noVmin	10	316	0.4900	0.020900	0.0199
23_noVmin	10	316	0.5000	0.019600	0.0186
23_noVmin	10	316	0.5100	0.018500	0.0175
23_noVmin	10	316	0.5200	0.017600	0.0166
23_noVmin	10	316	0.5300	0.016300	0.0153
23_noVmin	10	316	0.5400	0.016400	0.0144
23_noVmin	10	316	0.5500	0.015900	0.0139
23_noVmin	10	316	0.5600	0.015000	0.0130
23_noVmin	10	316	0.5700	0.015400	0.0124
23_noVmin	10	316	0.5800	0.014800	0.0118
23_noVmin	10	316	0.5900	0.014100	0.0111
23_noVmin	10	316	0.6000	0.013600	0.0106
23_noVmin	10	316	0.6100	0.012900	0.0099
23_noVmin	10	316	0.6200	0.012000	0.0090
23_noVmin	10	316	0.6300	0.014000	0.0080
23_noVmin	10	316	0.6400	0.015400	0.0074
23_noVmin	10	316	0.6500	0.017100	0.0071
23_noVmin	10	316	0.6600	0.016200	0.0062
23_noVmin	10	316	0.6700	0.016500	0.0055
23_noVmin	10	316	0.6800	0.017800	0.0048
23_noVmin	10	316	0.6900	0.020700	0.0047
23_noVmin	10	316	0.7000	0.023200	0.0042
23_noVmin	10	316	0.7100	0.026100	0.0041
23_noVmin	10	316	0.7200	0.027800	0.0038
23_noVmin	10	316	0.7300	0.030600	0.0036
23_noVmin	10	316	0.7400	0.031900	0.0029
23_noVmin	10	316	0.7500	0.035800	0.0028
23_noVmin	10	316	0.7600	0.035700	0.0027
23_noVmin	10	316	0.7700	0.036400	0.0024
23_noVmin	10	316	0.7800	0.039000	0.0020
23_noVmin	10	316	0.7900	0.041800	0.0018
23_noVmin	10	316	0.8000	0.041600	0.0016
23_noVmin	10	316	0.8100	0.048300	0.0013
23_noVmin	10	316	0.8200	0.054100	0.0011
23_noVmin	10	316	0.8300	0.056700	0.0007
23_noVmin	10	316	0.8400	0.061500	0.0005
23_noVmin	10	316	0.8500	0.063300	0.0003
23_noVmin	10	316	0.8600	0.071300	0.0003
23_noVmin	10	316	0.8700	0.077300	0.0003
23_noVmin	10	316	0.8800	0.079200	0.0002
23_noVmin	10	316	0.8900	0.086200	0.0002
23_noVmin	10	316	0.9000	0.088200	0.0002
23_noVmin	10	316	0.9100	0.095100	0.0001
23_noVmin	10	316	0.9200	0.100100	0.0001
23_noVmin	10	316	0.9300	0.102100	0.0001
23_noVmin	10	316	0.9400	0.111100	0.0001
23_noVmin	10	316	0.9500	0.116100	0.0001
23_noVmin	10	316	0.9600	0.124000	0.0000
23_noVmin	10	316	0.9700	0.130000	0.0000
23_noVmin	10	316	0.9800	0.136000	0.0000
23_noVmin	10	316	0.9900	0.144000	0.0000
23_noVmin	10	316	1.0000	0.144000	0.0000
23_noVmin	100	316	0.0100	0.971900	0.9719
23_noVmin	100	316	0.0200	0.932600	0.9326
23_noVmin	100	316	0.0300	0.879500	0.8795
23_noVmin	100	316	0.0400	0.820600	0.8206
23_noVmin	100	316	0.0500	0.760700	0.7607
23_noVmin	100	316	0.0600	0.701500	0.7015
23_noVmin	100	316	0.0700	0.646000	0.6460
23_noVmin	100	316	0.0800	0.595800	0.5958
23_noVmin	100	316	0.0900	0.545100	0.5451
23_noVmin	100	316	0.1000	0.501200	0.5012
23_noVmin	100	316	0.1100	0.457200	0.4572
23_noVmin	100	316	0.1200	0.417900	0.4179
23_noVmin	100	316	0.1300	0.381500	0.3815
23_noVmin	100	316	0.1400	0.349000	0.3490
23_noVmin	100	316	0.1500	0.319100	0.3191
23_noVmin	100	316	0.1600	0.292100	0.2921
23_noVmin	100	316	0.1700	0.269200	0.2692
23_noVmin	100	316	0.1800	0.245800	0.2458
23_noVmin	100	316	0.1900	0.224100	0.2241
23_noVmin	100	316	0.2000	0.203300	0.2033
23_noVmin	100	316	0.2100	0.186700	0.1867
23_noVmin	100	316	0.2200	0.173000	0.1730
23_noVmin	100	316	0.2300	0.158700	0.1587
23_noVmin	100	316	0.2400	0.144600	0.1446
23_noVmin	100	316	0.2500	0.134100	0.1341
23_noVmin	100	316	0.2600	0.122600	0.1226
23_noVmin	100	316	0.2700	0.112600	0.1126
23_noVmin	100	316	0.2800	0.103500	0.1035
23_noVmin	100	316	0.2900	0.094600	0.0946
23_noVmin	100	316	0.3000	0.087400	0.0874
23_noVmin	100	316	0.3100	0.080700	0.0807
23_noVmin	100	316	0.3200	0.074300	0.0743
23_noVmin	100	316	0.3300	0.067600	0.0676
23_noVmin	100	316	0.3400	0.062300	0.0623
23_noVmin	100	316	0.3500	0.057700	0.0577
23_noVmin	100	316	0.3600	0.053500	0.0535
23_noVmin	100	316	0.3700	0.049200	0.0492
23_noVmin	100	316	0.3800	0.045800	0.0458
23_noVmin	100	316	0.3900	0.042300	0.0423
23_noVmin	100	316	0.4000	0.038300	0.0383
23_noVmin	100	316	0.4100	0.045500	0.0355
23_noVmin	100	316	0.4200	0.043300	0.0333
23_noVmin	100	316	0.4300	0.041200	0.0312
23_noVmin	100	316	0.4400	0.039200	0.0292
23_noVmin	100	316	0.4500	0.037300	0.0273
23_noVmin	100	316	0.4600	0.035100	0.0251
23_noVmin	100	316	0.4700	0.032900	0.0229
23_noVmin	100	316	0.4800	0.031100	0.0211
23_noVmin	100	316	0.4900	0.029900	0.0199
23_noVmin	100	316	0.5000	0.028600	0.0186
23_noVmin	100	316	0.5100	0.027500	0.0175
23_noVmin	100	316	0.5200	0.026600	0.0166
23_noVmin	100	316	0.5300	0.025300	0.0153
23_noVmin	100	316	0.5400	0.034400	0.0144
23_noVmin	100	316	0.5500	0.033900	0.0139
23_noVmin	100	316	0.5600	0.033000	0.0130
23_noVmin	100	316	0.5700	0.042400	0.0124
23_noVmin	100	316	0.5800	0.041800	0.0118
23_noVmin	100	316	0.5900	0.041100	0.0111
23_noVmin	100	316	0.6000	0.040600	0.0106
23_noVmin	100	316	0.6100	0.039900	0.0099
23_noVmin	100	316	0.6200	0.039000	0.0090
23_noVmin	100	316	0.6300	0.068000	0.0080
23_noVmin	100	316	0.6400	0.087400	0.0074
23_noVmin	100	316	0.6500	0.107100	0.0071
23_noVmin	100	316	0.6600	0.106200	0.0062
23_noVmin	100	316	0.6700	0.115500	0.0055
23_noVmin	100	316	0.6800	0.134800	0.0048
23_noVmin	100	316	0.6900	0.164700	0.0047
23_noVmin	100	316	0.7000	0.194200	0.0042
23_noVmin	100	316	0.7100	0.224100	0.0041
23_noVmin	100	316	0.7200	0.243800	0.0038
23_noVmin	100	316	0.7300	0.273600	0.0036
23_noVmin	100	316	0.7400	0.292900	0.0029
23_noVmin	100	316	0.7500	0.332800	0.0028
23_noVmin	100	316	0.7600	0.332700	0.0027
23_noVmin	100	316	0.7700	0.342400	0.0024
23_noVmin	100	316	0.7800	0.372000	0.0020
23_noVmin	100	316	0.7900	0.401800	0.0018
23_noVmin	100	316	0.8000	0.401600	0.0016
23_noVmin	100	316	0.8100	0.471300	0.0013
23_noVmin	100	316	0.8200	0.531100	0.0011
23_noVmin	100	316	0.8300	0.560700	0.0007
23_noVmin	100	316	0.8400	0.610500	0.0005
23_noVmin	100	316	0.8500	0.630300	0.0003
23_noVmin	100	316	0.8600	0.710300	0.0003
23_noVmin	100	316	0.8700	0.770300	0.0003
23_noVmin	100	316	0.8800	0.790200	0.0002
23_noVmin	100	316	0.8900	0.860200	0.0002
23_noVmin	100	316	0.9000	0.880200	0.0002
23_noVmin	100	316	0.9100	0.950100	0.0001
23_noVmin	100	316	0.9200	1.000100	0.0001
23_noVmin	100	316	0.9300	1.020100	0.0001
23_noVmin	100	316	0.9400	1.110100	0.0001
23_noVmin	100	316	0.9500	1.160100	0.0001
23_noVmin	100	316	0.9600	1.240000	0.0000
23_noVmin	100	316	0.9700	1.300000	0.0000
23_noVmin	100	316	0.9800	1.360000	0.0000
23_noVmin	100	316	0.9900	1.440000	0.0000
23_noVmin	100	316	1.0000	1.440000	0.0000
23_noVmin	1000	316	0.0100	0.971900	0.9719
23_noVmin	1000	316	0.0200	0.932600	0.9326
23_noVmin	1000	316	0.0300	0.879500	0.8795
23_noVmin	1000	316	0.0400	0.820600	0.8206
23_noVmin	1000	316	0.0500	0.760700	0.7607
23_noVmin	1000	316	0.0600	0.701500	0.7015
23_noVmin	1000	316	0.0700	0.646000	0.6460
23_noVmin	1000	316	0.0800	0.595800	0.5958
23_noVmin	1000	316	0.0900	0.545100	0.5451
23_noVmin	1000	316	0.1000	0.501200	0.5012
23_noVmin	1000	316	0.1100	0.457200	0.4572
23_noVmin	1000	316	0.1200	0.417900	0.4179
23_noVmin	1000	316	0.1300	0.381500	0.3815
23_noVmin	1000	316	0.1400	0.349000	0.3490
23_noVmin	1000	316	0.1500	0.319100	0.3191
23_noVmin	1000	316	0.1600	0.292100	0.2921
23_noVmin	1000	316	0.1700	0.269200	0.2692
23_noVmin	1000	316	0.1800	0.245800	0.2458
23_noVmin	1000	316	0.1900	0.224100	0.2241
23_noVmin	1000	316	0.2000	0.203300	0.2033
23_noVmin	1000	316	0.2100	0.186700	0.1867
23_noVmin	1000	316	0.2200	0.173000	0.1730
23_noVmin	1000	316	0.2300	0.158700	0.1587
23_noVmin	1000	316	0.2400	0.144600	0.1446
23_noVmin	1000	316	0.2500	0.134100	0.1341
23_noVmin	1000	316	0.2600	0.122600	0.1226
23_noVmin	1000	316	0.2700	0.112600	0.1126
23_noVmin	1000	316	0.2800	0.103500	0.1035
23_noVmin	1000	316	0.2900	0.094600	0.0946
23_noVmin	1000	316	0.3000	0.087400	0.0874
23_noVmin	1000	316	0.3100	0.080700	0.0807
23_noVmin	1000	316	0.3200	0.074300	0.0743
23_noVmin	1000	316	0.3300	0.067600	0.0676
23_noVmin	1000	316	0.3400	0.062300	0.0623
23_noVmin	1000	316	0.3500	0.057700	0.0577
23_noVmin	1000	316	0.3600	0.053500	0.0535
23_noVmin	1000	316	0.3700	0.049200	0.0492
23_noVmin	1000	316	0.3800	0.045800	0.0458
23_noVmin	1000	316	0.3900	0.042300	0.0423
23_noVmin	1000	316	0.4000	0.038300	0.0383
23_noVmin	1000	316	0.4100	0.135500	0.0355
23_noVmin	1000	316	0.4200	0.133300	0.0333
23_noVmin	1000	316	0.4300	0.131200	0.0312
23_noVmin	1000	316	0.4400	0.129200	0.0292
23_noVmin	1000	316	0.4500	0.127300	0.0273
23_noVmin	1000	316	0.4600	0.125100	0.0251
23_noVmin	1000	316	0.4700	0.122900	0.0229
23_noVmin	1000	316	0.4800	0.121100	0.0211
23_noVmin	1000	316	0.4900	0.119900	0.0199
23_noVmin	1000	316	0.5000	0.118600	0.0186
23_noVmin	1000	316	0.5100	0.117500	0.0175
23_noVmin	1000	316	0.5200	0.116600	0.0166
23_noVmin	1000	316	0.5300	0.115300	0.0153
23_noVmin	1000	316	0.5400	0.214400	0.0144
23_noVmin	1000	316	0.5500	0.213900	0.0139
23_noVmin	1000	316	0.5600	0.213000	0.0130
23_noVmin	1000	316	0.5700	0.312400	0.0124
23_noVmin	1000	316	0.5800	0.311800	0.0118
23_noVmin	1000	316	0.5900	0.311100	0.0111
23_noVmin	1000	316	0.6000	0.310600	0.0106
23_noVmin	1000	316	0.6100	0.309900	0.0099
23_noVmin	1000	316	0.6200	0.309000	0.0090
23_noVmin	1000	316	0.6300	0.608000	0.0080
23_noVmin	1000	316	0.6400	0.807400	0.0074
23_noVmin	1000	316	0.6500	1.007100	0.0071
23_noVmin	1000	316	0.6600	1.006200	0.0062
23_noVmin	1000	316	0.6700	1.105500	0.0055
23_noVmin	1000	316	0.6800	1.304800	0.0048
23_noVmin	1000	316	0.6900	1.604700	0.0047
23_noVmin	1000	316	0.7000	1.904200	0.0042
23_noVmin	1000	316	0.7100	2.204100	0.0041
23_noVmin	1000	316	0.7200	2.403800	0.0038
23_noVmin	1000	316	0.7300	2.703600	0.0036
23_noVmin	1000	316	0.7400	2.902900	0.0029
23_noVmin	1000	316	0.7500	3.302800	0.0028
23_noVmin	1000	316	0.7600	3.302700	0.0027
23_noVmin	1000	316	0.7700	3.402400	0.0024
23_noVmin	1000	316	0.7800	3.702000	0.0020
23_noVmin	1000	316	0.7900	4.001800	0.0018
23_noVmin	1000	316	0.8000	4.001600	0.0016
23_noVmin	1000	316	0.8100	4.701300	0.0013
23_noVmin	1000	316	0.8200	5.301100	0.0011
23_noVmin	1000	316	0.8300	5.600700	0.0007
23_noVmin	1000	316	0.8400	6.100500	0.0005
23_noVmin	1000	316	0.8500	6.300300	0.0003
23_noVmin	1000	316	0.8600	7.100300	0.0003
23_noVmin	1000	316	0.8700	7.700300	0.0003
23_noVmin	1000	316	0.8800	7.900200	0.0002
23_noVmin	1000	316	0.8900	8.600200	0.0002
23_noVmin	1000	316	0.9000	8.800200	0.0002
23_noVmin	1000	316	0.9100	9.500100	0.0001
23_noVmin	1000	316	0.9200	10.000100	0.0001
23_noVmin	1000	316	0.9300	10.200100	0.0001
23_noVmin	1000	316	0.9400	11.100100	0.0001
23_noVmin	1000	316	0.9500	11.600100	0.0001
23_noVmin	1000	316	0.9600	12.400000	0.0000
23_noVmin	1000	316	0.9700	13.000000	0.0000
23_noVmin	1000	316	0.9800	13.600000	0.0000
23_noVmin	1000	316	0.9900	14.400000	0.0000
23_noVmin	1000	316	1.0000	14.400000	0.0000
23_noVmin	1	453	0.0100	0.969600	0.9696
23_noVmin	1	453	0.0200	0.929500	0.9295
23_noVmin	1	453	0.0300	0.877800	0.8778
23_noVmin	1	453	0.0400	0.818700	0.8187
23_noVmin	1	453	0.0500	0.753900	0.7539
23_noVmin	1	453	0.0600	0.700300	0.7003
23_noVmin	1	453	0.0700	0.646000	0.6460
23_noVmin	1	453	0.0800	0.588100	0.5881
23_noVmin	1	453	0.0900	0.540000	0.5400
23_noVmin	1	453	0.1000	0.499500	0.4995
23_noVmin	1	453	0.1100	0.455000	0.4550
23_noVmin	1	453	0.1200	0.417900	0.4179
23_noVmin	1	453	0.1300	0.385000	0.3850
23_noVmin	1	453	0.1400	0.351400	0.3514
23_noVmin	1	453	0.1500	0.319700	0.3197
23_noVmin	1	453	0.1600	0.291500	0.2915
23_noVmin	1	453	0.1700	0.268100	0.2681
23_noVmin	1	453	0.1800	0.244600	0.2446
23_noVmin	1	453	0.1900	0.226400	0.2264
23_noVmin	1	453	0.2000	0.208600	0.2086
23_noVmin	1	453	0.2100	0.191600	0.1916
23_noVmin	1	453	0.2200	0.176000	0.1760
23_noVmin	1	453	0.2300	0.161500	0.1615
23_noVmin	1	453	0.2400	0.149100	0.1491
23_noVmin	1	453	0.2500	0.137500	0.1375
23_noVmin	1	453	0.2600	0.125100	0.1251
23_noVmin	1	453	0.2700	0.115700	0.1157
23_noVmin	1	453	0.2800	0.107900	0.1079
23_noVmin	1	453	0.2900	0.098400	0.0984
23_noVmin	1	453	0.3000	0.091800	0.0918
23_noVmin	1	453	0.3100	0.084100	0.0841
23_noVmin	1	453	0.3200	0.078000	0.0780
23_noVmin	1	453	0.3300	0.071200	0.0712
23_noVmin	1	453	0.3400	0.066600	0.0666
23_noVmin	1	453	0.3500	0.061600	0.0616
23_noVmin	1	453	0.3600	0.056700	0.0567
23_noVmin	1	453	0.3700	0.053200	0.0532
23_noVmin	1	453	0.3800	0.050400	0.0504
23_noVmin	1	453	0.3900	0.046600	0.0466
23_noVmin	1	453	0.4000	0.043500	0.0435
23_noVmin	1	453	0.4100	0.039700	0.0397
23_noVmin	1	453	0.4200	0.037300	0.0373
23_noVmin	1	453	0.4300	0.034300	0.0343
23_noVmin	1	453	0.4400	0.032600	0.0326
23_noVmin	1	453	0.4500	0.030900	0.0309
23_noVmin	1	453	0.4600	0.028900	0.0289
23_noVmin	1	453	0.4700	0.026800	0.0268
23_noVmin	1	453	0.4800	0.024400	0.0244
23_noVmin	1	453	0.4900	0.022500	0.0225
23_noVmin	1	453	0.5000	0.021300	0.0213
23_noVmin	1	453	0.5100	0.020100	0.0200
23_noVmin	1	453	0.5200	0.018800	0.0187
23_noVmin	1	453	0.5300	0.018100	0.0180
23_noVmin	1	453	0.5400	0.016800	0.0166
23_noVmin	1	453	0.5500	0.015600	0.0153
23_noVmin	1	453	0.5600	0.014800	0.0145
23_noVmin	1	453	0.5700	0.013500	0.0132
23_noVmin	1	453	0.5800	0.012900	0.0126
23_noVmin	1	453	0.5900	0.012200	0.0118
23_noVmin	1	453	0.6000	0.011400	0.0110
23_noVmin	1	453	0.6100	0.010700	0.0101
23_noVmin	1	453	0.6200	0.009900	0.0092
23_noVmin	1	453	0.6300	0.009200	0.0084
23_noVmin	1	453	0.6400	0.008900	0.0081
23_noVmin	1	453	0.6500	0.008500	0.0076
23_noVmin	1	453	0.6600	0.008000	0.0070
23_noVmin	1	453	0.6700	0.007800	0.0067
23_noVmin	1	453	0.6800	0.007200	0.0061
23_noVmin	1	453	0.6900	0.007100	0.0058
23_noVmin	1	453	0.7000	0.007000	0.0054
23_noVmin	1	453	0.7100	0.006500	0.0048
23_noVmin	1	453	0.7200	0.006200	0.0043
23_noVmin	1	453	0.7300	0.005900	0.0038
23_noVmin	1	453	0.7400	0.006000	0.0033
23_noVmin	1	453	0.7500	0.006200	0.0030
23_noVmin	1	453	0.7600	0.006100	0.0027
23_noVmin	1	453	0.7700	0.005900	0.0023
23_noVmin	1	453	0.7800	0.005900	0.0021
23_noVmin	1	453	0.7900	0.005900	0.0016
23_noVmin	1	453	0.8000	0.005800	0.0014
23_noVmin	1	453	0.8100	0.006200	0.0012
23_noVmin	1	453	0.8200	0.006600	0.0010
23_noVmin	1	453	0.8300	0.006700	0.0009
23_noVmin	1	453	0.8400	0.007100	0.0008
23_noVmin	1	453	0.8500	0.007200	0.0006
23_noVmin	1	453	0.8600	0.007500	0.0004
23_noVmin	1	453	0.8700	0.007800	0.0003
23_noVmin	1	453	0.8800	0.008300	0.0003
23_noVmin	1	453	0.8900	0.009200	0.0002
23_noVmin	1	453	0.9000	0.009400	0.0002
23_noVmin	1	453	0.9100	0.009800	0.0002
23_noVmin	1	453	0.9200	0.010100	0.0001
23_noVmin	1	453	0.9300	0.010300	0.0001
23_noVmin	1	453	0.9400	0.010700	0.0000
23_noVmin	1	453	0.9500	0.011400	0.0000
23_noVmin	1	453	0.9600	0.012400	0.0000
23_noVmin	1	453	0.9700	0.013200	0.0000
23_noVmin	1	453	0.9800	0.013900	0.0000
23_noVmin	1	453	0.9900	0.014400	0.0000
23_noVmin	1	453	1.0000	0.014400	0.0000
23_noVmin	10	453	0.0100	0.969600	0.9696
23_noVmin	10	453	0.0200	0.929500	0.9295
23_noVmin	10	453	0.0300	0.877800	0.8778
23_noVmin	10	453	0.0400	0.818700	0.8187
23_noVmin	10	453	0.0500	0.753900	0.7539
23_noVmin	10	453	0.0600	0.700300	0.7003
23_noVmin	10	453	0.0700	0.646000	0.6460
23_noVmin	10	453	0.0800	0.588100	0.5881
23_noVmin	10	453	0.0900	0.540000	0.5400
23_noVmin	10	453	0.1000	0.499500	0.4995
23_noVmin	10	453	0.1100	0.455000	0.4550
23_noVmin	10	453	0.1200	0.417900	0.4179
23_noVmin	10	453	0.1300	0.385000	0.3850
23_noVmin	10	453	0.1400	0.351400	0.3514
23_noVmin	10	453	0.1500	0.319700	0.3197
23_noVmin	10	453	0.1600	0.291500	0.2915
23_noVmin	10	453	0.1700	0.268100	0.2681
23_noVmin	10	453	0.1800	0.244600	0.2446
23_noVmin	10	453	0.1900	0.226400	0.2264
23_noVmin	10	453	0.2000	0.208600	0.2086
23_noVmin	10	453	0.2100	0.191600	0.1916
23_noVmin	10	453	0.2200	0.176000	0.1760
23_noVmin	10	453	0.2300	0.161500	0.1615
23_noVmin	10	453	0.2400	0.149100	0.1491
23_noVmin	10	453	0.2500	0.137500	0.1375
23_noVmin	10	453	0.2600	0.125100	0.1251
23_noVmin	10	453	0.2700	0.115700	0.1157
23_noVmin	10	453	0.2800	0.107900	0.1079
23_noVmin	10	453	0.2900	0.098400	0.0984
23_noVmin	10	453	0.3000	0.091800	0.0918
23_noVmin	10	453	0.3100	0.084100	0.0841
23_noVmin	10	453	0.3200	0.078000	0.0780
23_noVmin	10	453	0.3300	0.071200	0.0712
23_noVmin	10	453	0.3400	0.066600	0.0666
23_noVmin	10	453	0.3500	0.061600	0.0616
23_noVmin	10	453	0.3600	0.056700	0.0567
23_noVmin	10	453	0.3700	0.053200	0.0532
23_noVmin	10	453	0.3800	0.050400	0.0504
23_noVmin	10	453	0.3900	0.046600	0.0466
23_noVmin	10	453	0.4000	0.043500	0.0435
23_noVmin	10	453	0.4100	0.039700	0.0397
23_noVmin	10	453	0.4200	0.037300	0.0373
23_noVmin	10	453	0.4300	0.034300	0.0343
23_noVmin	10	453	0.4400	0.032600	0.0326
23_noVmin	10	453	0.4500	0.030900	0.0309
23_noVmin	10	453	0.4600	0.028900	0.0289
23_noVmin	10	453	0.4700	0.026800	0.0268
23_noVmin	10	453	0.4800	0.024400	0.0244
23_noVmin	10	453	0.4900	0.022500	0.0225
23_noVmin	10	453	0.5000	0.021300	0.0213
23_noVmin	10	453	0.5100	0.021000	0.0200
23_noVmin	10	453	0.5200	0.019700	0.0187
23_noVmin	10	453	0.5300	0.019000	0.0180
23_noVmin	10	453	0.5400	0.018600	0.0166
23_noVmin	10	453	0.5500	0.018300	0.0153
23_noVmin	10	453	0.5600	0.017500	0.0145
23_noVmin	10	453	0.5700	0.016200	0.0132
23_noVmin	10	453	0.5800	0.015600	0.0126
23_noVmin	10	453	0.5900	0.015800	0.0118
23_noVmin	10	453	0.6000	0.015000	0.0110
23_noVmin	10	453	0.6100	0.016100	0.0101
23_noVmin	10	453	0.6200	0.016200	0.0092
23_noVmin	10	453	0.6300	0.016400	0.0084
23_noVmin	10	453	0.6400	0.016100	0.0081
23_noVmin	10	453	0.6500	0.016600	0.0076
23_noVmin	10	453	0.6600	0.017000	0.0070
23_noVmin	10	453	0.6700	0.017700	0.0067
23_noVmin	10	453	0.6800	0.017100	0.0061
23_noVmin	10	453	0.6900	0.018800	0.0058
23_noVmin	10	453	0.7000	0.021400	0.0054
23_noVmin	10	453	0.7100	0.021800	0.0048
23_noVmin	10	453	0.7200	0.023300	0.0043
23_noVmin	10	453	0.7300	0.024800	0.0038
23_noVmin	10	453	0.7400	0.030300	0.0033
23_noVmin	10	453	0.7500	0.035000	0.0030
23_noVmin	10	453	0.7600	0.036700	0.0027
23_noVmin	10	453	0.7700	0.038300	0.0023
23_noVmin	10	453	0.7800	0.040100	0.0021
23_noVmin	10	453	0.7900	0.044600	0.0016
23_noVmin	10	453	0.8000	0.045400	0.0014
23_noVmin	10	453	0.8100	0.051200	0.0012
23_noVmin	10	453	0.8200	0.057000	0.0010
23_noVmin	10	453	0.8300	0.058900	0.0009
23_noVmin	10	453	0.8400	0.063800	0.0008
23_noVmin	10	453	0.8500	0.066600	0.0006
23_noVmin	10	453	0.8600	0.071400	0.0004
23_noVmin	10	453	0.8700	0.075300	0.0003
23_noVmin	10	453	0.8800	0.080300	0.0003
23_noVmin	10	453	0.8900	0.090200	0.0002
23_noVmin	10	453	0.9000	0.092200	0.0002
23_noVmin	10	453	0.9100	0.096200	0.0002
23_noVmin	10	453	0.9200	0.100100	0.0001
23_noVmin	10	453	0.9300	0.102100	0.0001
23_noVmin	10	453	0.9400	0.107000	0.0000
23_noVmin	10	453	0.9500	0.114000	0.0000
23_noVmin	10	453	0.9600	0.124000	0.0000
23_noVmin	10	453	0.9700	0.132000	0.0000
23_noVmin	10	453	0.9800	0.139000	0.0000
23_noVmin	10	453	0.9900	0.144000	0.0000
23_noVmin	10	453	1.0000	0.144000	0.0000
23_noVmin	100	453	0.0100	0.969600	0.9696
23_noVmin	100	453	0.0200	0.929500	0.9295
23_noVmin	100	453	0.0300	0.877800	0.8778
23_noVmin	100	453	0.0400	0.818700	0.8187
23_noVmin	100	453	0.0500	0.753900	0.7539
23_noVmin	100	453	0.0600	0.700300	0.7003
23_noVmin	100	453	0.0700	0.646000	0.6460
23_noVmin	100	453	0.0800	0.588100	0.5881
23_noVmin	100	453	0.0900	0.540000	0.5400
23_noVmin	100	453	0.1000	0.499500	0.4995
23_noVmin	100	453	0.1100	0.455000	0.4550
23_noVmin	100	453	0.1200	0.417900	0.4179
23_noVmin	100	453	0.1300	0.385000	0.3850
23_noVmin	100	453	0.1400	0.351400	0.3514
23_noVmin	100	453	0.1500	0.319700	0.3197
23_noVmin	100	453	0.1600	0.291500	0.2915
23_noVmin	100	453	0.1700	0.268100	0.2681
23_noVmin	100	453	0.1800	0.244600	0.2446
23_noVmin	100	453	0.1900	0.226400	0.2264
23_noVmin	100	453	0.2000	0.208600	0.2086
23_noVmin	100	453	0.2100	0.191600	0.1916
23_noVmin	100	453	0.2200	0.176000	0.1760
23_noVmin	100	453	0.2300	0.161500	0.1615
23_noVmin	100	453	0.2400	0.149100	0.1491
23_noVmin	100	453	0.2500	0.137500	0.1375
23_noVmin	100	453	0.2600	0.125100	0.1251
23_noVmin	100	453	0.2700	0.115700	0.1157
23_noVmin	100	453	0.2800	0.107900	0.1079
23_noVmin	100	453	0.2900	0.098400	0.0984
23_noVmin	100	453	0.3000	0.091800	0.0918
23_noVmin	100	453	0.3100	0.084100	0.0841
23_noVmin	100	453	0.3200	0.078000	0.0780
23_noVmin	100	453	0.3300	0.071200	0.0712
23_noVmin	100	453	0.3400	0.066600	0.0666
23_noVmin	100	453	0.3500	0.061600	0.0616
23_noVmin	100	453	0.3600	0.056700	0.0567
23_noVmin	100	453	0.3700	0.053200	0.0532
23_noVmin	100	453	0.3800	0.050400	0.0504
23_noVmin	100	453	0.3900	0.046600	0.0466
23_noVmin	100	453	0.4000	0.043500	0.0435
23_noVmin	100	453	0.4100	0.039700	0.0397
23_noVmin	100	453	0.4200	0.037300	0.0373
23_noVmin	100	453	0.4300	0.034300	0.0343
23_noVmin	100	453	0.4400	0.032600	0.0326
23_noVmin	100	453	0.4500	0.030900	0.0309
23_noVmin	100	453	0.4600	0.028900	0.0289
23_noVmin	100	453	0.4700	0.026800	0.0268
23_noVmin	100	453	0.4800	0.024400	0.0244
23_noVmin	100	453	0.4900	0.022500	0.0225
23_noVmin	100	453	0.5000	0.021300	0.0213
23_noVmin	100	453	0.5100	0.030000	0.0200
23_noVmin	100	453	0.5200	0.028700	0.0187
23_noVmin	100	453	0.5300	0.028000	0.0180
23_noVmin	100	453	0.5400	0.036600	0.0166
23_noVmin	100	453	0.5500	0.045300	0.0153
23_noVmin	100	453	0.5600	0.044500	0.0145
23_noVmin	100	453	0.5700	0.043200	0.0132
23_noVmin	100	453	0.5800	0.042600	0.0126
23_noVmin	100	453	0.5900	0.051800	0.0118
23_noVmin	100	453	0.6000	0.051000	0.0110
23_noVmin	100	453	0.6100	0.070100	0.0101
23_noVmin	100	453	0.6200	0.079200	0.0092
23_noVmin	100	453	0.6300	0.088400	0.0084
23_noVmin	100	453	0.6400	0.088100	0.0081
23_noVmin	100	453	0.6500	0.097600	0.0076
23_noVmin	100	453	0.6600	0.107000	0.0070
23_noVmin	100	453	0.6700	0.116700	0.0067
23_noVmin	100	453	0.6800	0.116100	0.0061
23_noVmin	100	453	0.6900	0.135800	0.0058
23_noVmin	100	453	0.7000	0.165400	0.0054
23_noVmin	100	453	0.7100	0.174800	0.0048
23_noVmin	100	453	0.7200	0.194300	0.0043
23_noVmin	100	453	0.7300	0.213800	0.0038
23_noVmin	100	453	0.7400	0.273300	0.0033
23_noVmin	100	453	0.7500	0.323000	0.0030
23_noVmin	100	453	0.7600	0.342700	0.0027
23_noVmin	100	453	0.7700	0.362300	0.0023
23_noVmin	100	453	0.7800	0.382100	0.0021
23_noVmin	100	453	0.7900	0.431600	0.0016
23_noVmin	100	453	0.8000	0.441400	0.0014
23_noVmin	100	453	0.8100	0.501200	0.0012
23_noVmin	100	453	0.8200	0.561000	0.0010
23_noVmin	100	453	0.8300	0.580900	0.0009
23_noVmin	100	453	0.8400	0.630800	0.0008
23_noVmin	100	453	0.8500	0.660600	0.0006
23_noVmin	100	453	0.8600	0.710400	0.0004
23_noVmin	100	453	0.8700	0.750300	0.0003
23_noVmin	100	453	0.8800	0.800300	0.0003
23_noVmin	100	453	0.8900	0.900200	0.0002
23_noVmin	100	453	0.9000	0.920200	0.0002
23_noVmin	100	453	0.9100	0.960200	0.0002
23_noVmin	100	453	0.9200	1.000100	0.0001
23_noVmin	100	453	0.9300	1.020100	0.0001
23_noVmin	100	453	0.9400	1.070000	0.0000
23_noVmin	100	453	0.9500	1.140000	0.0000
23_noVmin	100	453	0.9600	1.240000	0.0000
23_noVmin	100	453	0.9700	1.320000	0.0000
23_noVmin	100	453	0.9800	1.390000	0.0000
23_noVmin	100	453	0.9900	1.440000	0.0000
23_noVmin	100	453	1.0000	1.440000	0.0000
23_noVmin	1000	453	0.0100	0.969600	0.9696
23_noVmin	1000	453	0.0200	0.929500	0.9295
23_noVmin	1000	453	0.0300	0.877800	0.8778
23_noVmin	1000	453	0.0400	0.818700	0.8187
23_noVmin	1000	453	0.0500	0.753900	0.7539
23_noVmin	1000	453	0.0600	0.700300	0.7003
23_noVmin	1000	453	0.0700	0.646000	0.6460
23_noVmin	1000	453	0.0800	0.588100	0.5881
23_noVmin	1000	453	0.0900	0.540000	0.5400
23_noVmin	1000	453	0.1000	0.499500	0.4995
23_noVmin	1000	453	0.1100	0.455000	0.4550
23_noVmin	1000	453	0.1200	0.417900	0.4179
23_noVmin	1000	453	0.1300	0.385000	0.3850
23_noVmin	1000	453	0.1400	0.351400	0.3514
23_noVmin	1000	453	0.1500	0.319700	0.3197
23_noVmin	1000	453	0.1600	0.291500	0.2915
23_noVmin	1000	453	0.1700	0.268100	0.2681
23_noVmin	1000	453	0.1800	0.244600	0.2446
23_noVmin	1000	453	0.1900	0.226400	0.2264
23_noVmin	1000	453	0.2000	0.208600	0.2086
23_noVmin	1000	453	0.2100	0.191600	0.1916
23_noVmin	1000	453	0.2200	0.176000	0.1760
23_noVmin	1000	453	0.2300	0.161500	0.1615
23_noVmin	1000	453	0.2400	0.149100	0.1491
23_noVmin	1000	453	0.2500	0.137500	0.1375
23_noVmin	1000	453	0.2600	0.125100	0.1251
23_noVmin	1000	453	0.2700	0.115700	0.1157
23_noVmin	1000	453	0.2800	0.107900	0.1079
23_noVmin	1000	453	0.2900	0.098400	0.0984
23_noVmin	1000	453	0.3000	0.091800	0.0918
23_noVmin	1000	453	0.3100	0.084100	0.0841
23_noVmin	1000	453	0.3200	0.078000	0.0780
23_noVmin	1000	453	0.3300	0.071200	0.0712
23_noVmin	1000	453	0.3400	0.066600	0.0666
23_noVmin	1000	453	0.3500	0.061600	0.0616
23_noVmin	1000	453	0.3600	0.056700	0.0567
23_noVmin	1000	453	0.3700	0.053200	0.0532
23_noVmin	1000	453	0.3800	0.050400	0.0504
23_noVmin	1000	453	0.3900	0.046600	0.0466
23_noVmin	1000	453	0.4000	0.043500	0.0435
23_noVmin	1000	453	0.4100	0.039700	0.0397
23_noVmin	1000	453	0.4200	0.037300	0.0373
23_noVmin	1000	453	0.4300	0.034300	0.0343
23_noVmin	1000	453	0.4400	0.032600	0.0326
23_noVmin	1000	453	0.4500	0.030900	0.0309
23_noVmin	1000	453	0.4600	0.028900	0.0289
23_noVmin	1000	453	0.4700	0.026800	0.0268
23_noVmin	1000	453	0.4800	0.024400	0.0244
23_noVmin	1000	453	0.4900	0.022500	0.0225
23_noVmin	1000	453	0.5000	0.021300	0.0213
23_noVmin	1000	453	0.5100	0.120000	0.0200
23_noVmin	1000	453	0.5200	0.118700	0.0187
23_noVmin	1000	453	0.5300	0.118000	0.0180
23_noVmin	1000	453	0.5400	0.216600	0.0166
23_noVmin	1000	453	0.5500	0.315300	0.0153
23_noVmin	1000	453	0.5600	0.314500	0.0145
23_noVmin	1000	453	0.5700	0.313200	0.0132
23_noVmin	1000	453	0.5800	0.312600	0.0126
23_noVmin	1000	453	0.5900	0.411800	0.0118
23_noVmin	1000	453	0.6000	0.411000	0.0110
23_noVmin	1000	453	0.6100	0.610100	0.0101
23_noVmin	1000	453	0.6200	0.709200	0.0092
23_noVmin	1000	453	0.6300	0.808400	0.0084
23_noVmin	1000	453	0.6400	0.808100	0.0081
23_noVmin	1000	453	0.6500	0.907600	0.0076
23_noVmin	1000	453	0.6600	1.007000	0.0070
23_noVmin	1000	453	0.6700	1.106700	0.0067
23_noVmin	1000	453	0.6800	1.106100	0.0061
23_noVmin	1000	453	0.6900	1.305800	0.0058
23_noVmin	1000	453	0.7000	1.605400	0.0054
23_noVmin	1000	453	0.7100	1.704800	0.0048
23_noVmin	1000	453	0.7200	1.904300	0.0043
23_noVmin	1000	453	0.7300	2.103800	0.0038
23_noVmin	1000	453	0.7400	2.703300	0.0033
23_noVmin	1000	453	0.7500	3.203000	0.0030
23_noVmin	1000	453	0.7600	3.402700	0.0027
23_noVmin	1000	453	0.7700	3.602300	0.0023
23_noVmin	1000	453	0.7800	3.802100	0.0021
23_noVmin	1000	453	0.7900	4.301600	0.0016
23_noVmin	1000	453	0.8000	4.401400	0.0014
23_noVmin	1000	453	0.8100	5.001200	0.0012
23_noVmin	1000	453	0.8200	5.601000	0.0010
23_noVmin	1000	453	0.8300	5.800900	0.0009
23_noVmin	1000	453	0.8400	6.300800	0.0008
23_noVmin	1000	453	0.8500	6.600600	0.0006
23_noVmin	1000	453	0.8600	7.100400	0.0004
23_noVmin	1000	453	0.8700	7.500300	0.0003
23_noVmin	1000	453	0.8800	8.000300	0.0003
23_noVmin	1000	453	0.8900	9.000200	0.0002
23_noVmin	1000	453	0.9000	9.200200	0.0002
23_noVmin	1000	453	0.9100	9.600200	0.0002
23_noVmin	1000	453	0.9200	10.000100	0.0001
23_noVmin	1000	453	0.9300	10.200100	0.0001
23_noVmin	1000	453	0.9400	10.700000	0.0000
23_noVmin	1000	453	0.9500	11.400000	0.0000
23_noVmin	1000	453	0.9600	12.400000	0.0000
23_noVmin	1000	453	0.9700	13.200000	0.0000
23_noVmin	1000	453	0.9800	13.900000	0.0000
23_noVmin	1000	453	0.9900	14.400000	0.0000
23_noVmin	1000	453	1.0000	14.400000	0.0000
23_noVmin	1	590	0.0100	0.971400	0.9714
23_noVmin	1	590	0.0200	0.927400	0.9274
23_noVmin	1	590	0.0300	0.868200	0.8682
23_noVmin	1	590	0.0400	0.798200	0.7982
23_noVmin	1	590	0.0500	0.734800	0.7348
23_noVmin	1	590	0.0600	0.673700	0.6737
23_noVmin	1	590	0.0700	0.612900	0.6129
23_noVmin	1	590	0.0800	0.562100	0.5621
23_noVmin	1	590	0.0900	0.513000	0.5130
23_noVmin	1	590	0.1000	0.468100	0.4681
23_noVmin	1	590	0.1100	0.430900	0.4309
23_noVmin	1	590	0.1200	0.397300	0.3973
23_noVmin	1	590	0.1300	0.360500	0.3605
23_noVmin	1	590	0.1400	0.328200	0.3282
23_noVmin	1	590	0.1500	0.302800	0.3028
23_noVmin	1	590	0.1600	0.277200	0.2772
23_noVmin	1	590	0.1700	0.255600	0.2556
23_noVmin	1	590	0.1800	0.233800	0.2338
23_noVmin	1	590	0.1900	0.216300	0.2163
23_noVmin	1	590	0.2000	0.197700	0.1977
23_noVmin	1	590	0.2100	0.180600	0.1806
23_noVmin	1	590	0.2200	0.163400	0.1634
23_noVmin	1	590	0.2300	0.148700	0.1487
23_noVmin	1	590	0.2400	0.136600	0.1366
23_noVmin	1	590	0.2500	0.126300	0.1263
23_noVmin	1	590	0.2600	0.115600	0.1156
23_noVmin	1	590	0.2700	0.106200	0.1062
23_noVmin	1	590	0.2800	0.097300	0.0973
23_noVmin	1	590	0.2900	0.091200	0.0912
23_noVmin	1	590	0.3000	0.084600	0.0846
23_noVmin	1	590	0.3100	0.078600	0.0786
23_noVmin	1	590	0.3200	0.073100	0.0731
23_noVmin	1	590	0.3300	0.068000	0.0680
23_noVmin	1	590	0.3400	0.063100	0.0631
23_noVmin	1	590	0.3500	0.058200	0.0582
23_noVmin	1	590	0.3600	0.053800	0.0538
23_noVmin	1	590	0.3700	0.051300	0.0513
23_noVmin	1	590	0.3800	0.047100	0.0471
23_noVmin	1	590	0.3900	0.044200	0.0442
23_noVmin	1	590	0.4000	0.039900	0.0399
23_noVmin	1	590	0.4100	0.036800	0.0368
23_noVmin	1	590	0.4200	0.033800	0.0338
23_noVmin	1	590	0.4300	0.031700	0.0317
23_noVmin	1	590	0.4400	0.029900	0.0299
23_noVmin	1	590	0.4500	0.027900	0.0279
23_noVmin	1	590	0.4600	0.025500	0.0255
23_noVmin	1	590	0.4700	0.023900	0.0239
23_noVmin	1	590	0.4800	0.022600	0.0226
23_noVmin	1	590	0.4900	0.021700	0.0217
23_noVmin	1	590	0.5000	0.019800	0.0197
23_noVmin	1	590	0.5100	0.018300	0.0181
23_noVmin	1	590	0.5200	0.016500	0.0163
23_noVmin	1	590	0.5300	0.014600	0.0144
23_noVmin	1	590	0.5400	0.013800	0.0136
23_noVmin	1	590	0.5500	0.013100	0.0129
23_noVmin	1	590	0.5600	0.012400	0.0121
23_noVmin	1	590	0.5700	0.011600	0.0113
23_noVmin	1	590	0.5800	0.010400	0.0100
23_noVmin	1	590	0.5900	0.009300	0.0089
23_noVmin	1	590	0.6000	0.008700	0.0082
23_noVmin	1	590	0.6100	0.008500	0.0079
23_noVmin	1	590	0.6200	0.007800	0.0072
23_noVmin	1	590	0.6300	0.007700	0.0069
23_noVmin	1	590	0.6400	0.007000	0.0062
23_noVmin	1	590	0.6500	0.006800	0.0059
23_noVmin	1	590	0.6600	0.006200	0.0052
23_noVmin	1	590	0.6700	0.005900	0.0048
23_noVmin	1	590	0.6800	0.005600	0.0044
23_noVmin	1	590	0.6900	0.005400	0.0042
23_noVmin	1	590	0.7000	0.005400	0.0041
23_noVmin	1	590	0.7100	0.005600	0.0037
23_noVmin	1	590	0.7200	0.005800	0.0034
23_noVmin	1	590	0.7300	0.005300	0.0029
23_noVmin	1	590	0.7400	0.005500	0.0027
23_noVmin	1	590	0.7500	0.005300	0.0023
23_noVmin	1	590	0.7600	0.005200	0.0021
23_noVmin	1	590	0.7700	0.004900	0.0017
23_noVmin	1	590	0.7800	0.005200	0.0016
23_noVmin	1	590	0.7900	0.005100	0.0013
23_noVmin	1	590	0.8000	0.005300	0.0012
23_noVmin	1	590	0.8100	0.005600	0.0009
23_noVmin	1	590	0.8200	0.005900	0.0008
23_noVmin	1	590	0.8300	0.006200	0.0008
23_noVmin	1	590	0.8400	0.006900	0.0008
23_noVmin	1	590	0.8500	0.007100	0.0006
23_noVmin	1	590	0.8600	0.007200	0.0003
23_noVmin	1	590	0.8700	0.007300	0.0002
23_noVmin	1	590	0.8800	0.007700	0.0001
23_noVmin	1	590	0.8900	0.008500	0.0001
23_noVmin	1	590	0.9000	0.008900	0.0001
23_noVmin	1	590	0.9100	0.009500	0.0001
23_noVmin	1	590	0.9200	0.009600	0.0000
23_noVmin	1	590	0.9300	0.009900	0.0000
23_noVmin	1	590	0.9400	0.010600	0.0000
23_noVmin	1	590	0.9500	0.011300	0.0000
23_noVmin	1	590	0.9600	0.012100	0.0000
23_noVmin	1	590	0.9700	0.012900	0.0000
23_noVmin	1	590	0.9800	0.013500	0.0000
23_noVmin	1	590	0.9900	0.014300	0.0000
23_noVmin	1	590	1.0000	0.014400	0.0000
23_noVmin	10	590	0.0100	0.971400	0.9714
23_noVmin	10	590	0.0200	0.927400	0.9274
23_noVmin	10	590	0.0300	0.868200	0.8682
23_noVmin	10	590	0.0400	0.798200	0.7982
23_noVmin	10	590	0.0500	0.734800	0.7348
23_noVmin	10	590	0.0600	0.673700	0.6737
23_noVmin	10	590	0.0700	0.612900	0.6129
23_noVmin	10	590	0.0800	0.562100	0.5621
23_noVmin	10	590	0.0900	0.513000	0.5130
23_noVmin	10	590	0.1000	0.468100	0.4681
23_noVmin	10	590	0.1100	0.430900	0.4309
23_noVmin	10	590	0.1200	0.397300	0.3973
23_noVmin	10	590	0.1300	0.360500	0.3605
23_noVmin	10	590	0.1400	0.328200	0.3282
23_noVmin	10	590	0.1500	0.302800	0.3028
23_noVmin	10	590	0.1600	0.277200	0.2772
23_noVmin	10	590	0.1700	0.255600	0.2556
23_noVmin	10	590	0.1800	0.233800	0.2338
23_noVmin	10	590	0.1900	0.216300	0.2163
23_noVmin	10	590	0.2000	0.197700	0.1977
23_noVmin	10	590	0.2100	0.180600	0.1806
23_noVmin	10	590	0.2200	0.163400	0.1634
23_noVmin	10	590	0.2300	0.148700	0.1487
23_noVmin	10	590	0.2400	0.136600	0.1366
23_noVmin	10	590	0.2500	0.126300	0.1263
23_noVmin	10	590	0.2600	0.115600	0.1156
23_noVmin	10	590	0.2700	0.106200	0.1062
23_noVmin	10	590	0.2800	0.097300	0.0973
23_noVmin	10	590	0.2900	0.091200	0.0912
23_noVmin	10	590	0.3000	0.084600	0.0846
23_noVmin	10	590	0.3100	0.078600	0.0786
23_noVmin	10	590	0.3200	0.073100	0.0731
23_noVmin	10	590	0.3300	0.068000	0.0680
23_noVmin	10	590	0.3400	0.063100	0.0631
23_noVmin	10	590	0.3500	0.058200	0.0582
23_noVmin	10	590	0.3600	0.053800	0.0538
23_noVmin	10	590	0.3700	0.051300	0.0513
23_noVmin	10	590	0.3800	0.047100	0.0471
23_noVmin	10	590	0.3900	0.044200	0.0442
23_noVmin	10	590	0.4000	0.039900	0.0399
23_noVmin	10	590	0.4100	0.036800	0.0368
23_noVmin	10	590	0.4200	0.033800	0.0338
23_noVmin	10	590	0.4300	0.031700	0.0317
23_noVmin	10	590	0.4400	0.029900	0.0299
23_noVmin	10	590	0.4500	0.027900	0.0279
23_noVmin	10	590	0.4600	0.025500	0.0255
23_noVmin	10	590	0.4700	0.023900	0.0239
23_noVmin	10	590	0.4800	0.022600	0.0226
23_noVmin	10	590	0.4900	0.021700	0.0217
23_noVmin	10	590	0.5000	0.020700	0.0197
23_noVmin	10	590	0.5100	0.020100	0.0181
23_noVmin	10	590	0.5200	0.018300	0.0163
23_noVmin	10	590	0.5300	0.016400	0.0144
23_noVmin	10	590	0.5400	0.015600	0.0136
23_noVmin	10	590	0.5500	0.014900	0.0129
23_noVmin	10	590	0.5600	0.015100	0.0121
23_noVmin	10	590	0.5700	0.014300	0.0113
23_noVmin	10	590	0.5800	0.014000	0.0100
23_noVmin	10	590	0.5900	0.012900	0.0089
23_noVmin	10	590	0.6000	0.013200	0.0082
23_noVmin	10	590	0.6100	0.013900	0.0079
23_noVmin	10	590	0.6200	0.013200	0.0072
23_noVmin	10	590	0.6300	0.014900	0.0069
23_noVmin	10	590	0.6400	0.014200	0.0062
23_noVmin	10	590	0.6500	0.014900	0.0059
23_noVmin	10	590	0.6600	0.015200	0.0052
23_noVmin	10	590	0.6700	0.015800	0.0048
23_noVmin	10	590	0.6800	0.016400	0.0044
23_noVmin	10	590	0.6900	0.016200	0.0042
23_noVmin	10	590	0.7000	0.017100	0.0041
23_noVmin	10	590	0.7100	0.022700	0.0037
23_noVmin	10	590	0.7200	0.027400	0.0034
23_noVmin	10	590	0.7300	0.026900	0.0029
23_noVmin	10	590	0.7400	0.030700	0.0027
23_noVmin	10	590	0.7500	0.032300	0.0023
23_noVmin	10	590	0.7600	0.033100	0.0021
23_noVmin	10	590	0.7700	0.033700	0.0017
23_noVmin	10	590	0.7800	0.037600	0.0016
23_noVmin	10	590	0.7900	0.039300	0.0013
23_noVmin	10	590	0.8000	0.042200	0.0012
23_noVmin	10	590	0.8100	0.047900	0.0009
23_noVmin	10	590	0.8200	0.051800	0.0008
23_noVmin	10	590	0.8300	0.054800	0.0008
23_noVmin	10	590	0.8400	0.061800	0.0008
23_noVmin	10	590	0.8500	0.065600	0.0006
23_noVmin	10	590	0.8600	0.069300	0.0003
23_noVmin	10	590	0.8700	0.071200	0.0002
23_noVmin	10	590	0.8800	0.076100	0.0001
23_noVmin	10	590	0.8900	0.084100	0.0001
23_noVmin	10	590	0.9000	0.088100	0.0001
23_noVmin	10	590	0.9100	0.094100	0.0001
23_noVmin	10	590	0.9200	0.096000	0.0000
23_noVmin	10	590	0.9300	0.099000	0.0000
23_noVmin	10	590	0.9400	0.106000	0.0000
23_noVmin	10	590	0.9500	0.113000	0.0000
23_noVmin	10	590	0.9600	0.121000	0.0000
23_noVmin	10	590	0.9700	0.129000	0.0000
23_noVmin	10	590	0.9800	0.135000	0.0000
23_noVmin	10	590	0.9900	0.143000	0.0000
23_noVmin	10	590	1.0000	0.144000	0.0000
23_noVmin	100	590	0.0100	0.971400	0.9714
23_noVmin	100	590	0.0200	0.927400	0.9274
23_noVmin	100	590	0.0300	0.868200	0.8682
23_noVmin	100	590	0.0400	0.798200	0.7982
23_noVmin	100	590	0.0500	0.734800	0.7348
23_noVmin	100	590	0.0600	0.673700	0.6737
23_noVmin	100	590	0.0700	0.612900	0.6129
23_noVmin	100	590	0.0800	0.562100	0.5621
23_noVmin	100	590	0.0900	0.513000	0.5130
23_noVmin	100	590	0.1000	0.468100	0.4681
23_noVmin	100	590	0.1100	0.430900	0.4309
23_noVmin	100	590	0.1200	0.397300	0.3973
23_noVmin	100	590	0.1300	0.360500	0.3605
23_noVmin	100	590	0.1400	0.328200	0.3282
23_noVmin	100	590	0.1500	0.302800	0.3028
23_noVmin	100	590	0.1600	0.277200	0.2772
23_noVmin	100	590	0.1700	0.255600	0.2556
23_noVmin	100	590	0.1800	0.233800	0.2338
23_noVmin	100	590	0.1900	0.216300	0.2163
23_noVmin	100	590	0.2000	0.197700	0.1977
23_noVmin	100	590	0.2100	0.180600	0.1806
23_noVmin	100	590	0.2200	0.163400	0.1634
23_noVmin	100	590	0.2300	0.148700	0.1487
23_noVmin	100	590	0.2400	0.136600	0.1366
23_noVmin	100	590	0.2500	0.126300	0.1263
23_noVmin	100	590	0.2600	0.115600	0.1156
23_noVmin	100	590	0.2700	0.106200	0.1062
23_noVmin	100	590	0.2800	0.097300	0.0973
23_noVmin	100	590	0.2900	0.091200	0.0912
23_noVmin	100	590	0.3000	0.084600	0.0846
23_noVmin	100	590	0.3100	0.078600	0.0786
23_noVmin	100	590	0.3200	0.073100	0.0731
23_noVmin	100	590	0.3300	0.068000	0.0680
23_noVmin	100	590	0.3400	0.063100	0.0631
23_noVmin	100	590	0.3500	0.058200	0.0582
23_noVmin	100	590	0.3600	0.053800	0.0538
23_noVmin	100	590	0.3700	0.051300	0.0513
23_noVmin	100	590	0.3800	0.047100	0.0471
23_noVmin	100	590	0.3900	0.044200	0.0442
23_noVmin	100	590	0.4000	0.039900	0.0399
23_noVmin	100	590	0.4100	0.036800	0.0368
23_noVmin	100	590	0.4200	0.033800	0.0338
23_noVmin	100	590	0.4300	0.031700	0.0317
23_noVmin	100	590	0.4400	0.029900	0.0299
23_noVmin	100	590	0.4500	0.027900	0.0279
23_noVmin	100	590	0.4600	0.025500	0.0255
23_noVmin	100	590	0.4700	0.023900	0.0239
23_noVmin	100	590	0.4800	0.022600	0.0226
23_noVmin	100	590	0.4900	0.021700	0.0217
23_noVmin	100	590	0.5000	0.029700	0.0197
23_noVmin	100	590	0.5100	0.038100	0.0181
23_noVmin	100	590	0.5200	0.036300	0.0163
23_noVmin	100	590	0.5300	0.034400	0.0144
23_noVmin	100	590	0.5400	0.033600	0.0136
23_noVmin	100	590	0.5500	0.032900	0.0129
23_noVmin	100	590	0.5600	0.042100	0.0121
23_noVmin	100	590	0.5700	0.041300	0.0113
23_noVmin	100	590	0.5800	0.050000	0.0100
23_noVmin	100	590	0.5900	0.048900	0.0089
23_noVmin	100	590	0.6000	0.058200	0.0082
23_noVmin	100	590	0.6100	0.067900	0.0079
23_noVmin	100	590	0.6200	0.067200	0.0072
23_noVmin	100	590	0.6300	0.086900	0.0069
23_noVmin	100	590	0.6400	0.086200	0.0062
23_noVmin	100	590	0.6500	0.095900	0.0059
23_noVmin	100	590	0.6600	0.105200	0.0052
23_noVmin	100	590	0.6700	0.114800	0.0048
23_noVmin	100	590	0.6800	0.124400	0.0044
23_noVmin	100	590	0.6900	0.124200	0.0042
23_noVmin	100	590	0.7000	0.134100	0.0041
23_noVmin	100	590	0.7100	0.193700	0.0037
23_noVmin	100	590	0.7200	0.243400	0.0034
23_noVmin	100	590	0.7300	0.242900	0.0029
23_noVmin	100	590	0.7400	0.282700	0.0027
23_noVmin	100	590	0.7500	0.302300	0.0023
23_noVmin	100	590	0.7600	0.312100	0.0021
23_noVmin	100	590	0.7700	0.321700	0.0017
23_noVmin	100	590	0.7800	0.361600	0.0016
23_noVmin	100	590	0.7900	0.381300	0.0013
23_noVmin	100	590	0.8000	0.411200	0.0012
23_noVmin	100	590	0.8100	0.470900	0.0009
23_noVmin	100	590	0.8200	0.510800	0.0008
23_noVmin	100	590	0.8300	0.540800	0.0008
23_noVmin	100	590	0.8400	0.610800	0.0008
23_noVmin	100	590	0.8500	0.650600	0.0006
23_noVmin	100	590	0.8600	0.690300	0.0003
23_noVmin	100	590	0.8700	0.710200	0.0002
23_noVmin	100	590	0.8800	0.760100	0.0001
23_noVmin	100	590	0.8900	0.840100	0.0001
23_noVmin	100	590	0.9000	0.880100	0.0001
23_noVmin	100	590	0.9100	0.940100	0.0001
23_noVmin	100	590	0.9200	0.960000	0.0000
23_noVmin	100	590	0.9300	0.990000	0.0000
23_noVmin	100	590	0.9400	1.060000	0.0000
23_noVmin	100	590	0.9500	1.130000	0.0000
23_noVmin	100	590	0.9600	1.210000	0.0000
23_noVmin	100	590	0.9700	1.290000	0.0000
23_noVmin	100	590	0.9800	1.350000	0.0000
23_noVmin	100	590	0.9900	1.430000	0.0000
23_noVmin	100	590	1.0000	1.440000	0.0000
23_noVmin	1000	590	0.0100	0.971400	0.9714
23_noVmin	1000	590	0.0200	0.927400	0.9274
23_noVmin	1000	590	0.0300	0.868200	0.8682
23_noVmin	1000	590	0.0400	0.798200	0.7982
23_noVmin	1000	590	0.0500	0.734800	0.7348
23_noVmin	1000	590	0.0600	0.673700	0.6737
23_noVmin	1000	590	0.0700	0.612900	0.6129
23_noVmin	1000	590	0.0800	0.562100	0.5621
23_noVmin	1000	590	0.0900	0.513000	0.5130
23_noVmin	1000	590	0.1000	0.468100	0.4681
23_noVmin	1000	590	0.1100	0.430900	0.4309
23_noVmin	1000	590	0.1200	0.397300	0.3973
23_noVmin	1000	590	0.1300	0.360500	0.3605
23_noVmin	1000	590	0.1400	0.328200	0.3282
23_noVmin	1000	590	0.1500	0.302800	0.3028
23_noVmin	1000	590	0.1600	0.277200	0.2772
23_noVmin	1000	590	0.1700	0.255600	0.2556
23_noVmin	1000	590	0.1800	0.233800	0.2338
23_noVmin	1000	590	0.1900	0.216300	0.2163
23_noVmin	1000	590	0.2000	0.197700	0.1977
23_noVmin	1000	590	0.2100	0.180600	0.1806
23_noVmin	1000	590	0.2200	0.163400	0.1634
23_noVmin	1000	590	0.2300	0.148700	0.1487
23_noVmin	1000	590	0.2400	0.136600	0.1366
23_noVmin	1000	590	0.2500	0.126300	0.1263
23_noVmin	1000	590	0.2600	0.115600	0.1156
23_noVmin	1000	590	0.2700	0.106200	0.1062
23_noVmin	1000	590	0.2800	0.097300	0.0973
23_noVmin	1000	590	0.2900	0.091200	0.0912
23_noVmin	1000	590	0.3000	0.084600	0.0846
23_noVmin	1000	590	0.3100	0.078600	0.0786
23_noVmin	1000	590	0.3200	0.073100	0.0731
23_noVmin	1000	590	0.3300	0.068000	0.0680
23_noVmin	1000	590	0.3400	0.063100	0.0631
23_noVmin	1000	590	0.3500	0.058200	0.0582
23_noVmin	1000	590	0.3600	0.053800	0.0538
23_noVmin	1000	590	0.3700	0.051300	0.0513
23_noVmin	1000	590	0.3800	0.047100	0.0471
23_noVmin	1000	590	0.3900	0.044200	0.0442
23_noVmin	1000	590	0.4000	0.039900	0.0399
23_noVmin	1000	590	0.4100	0.036800	0.0368
23_noVmin	1000	590	0.4200	0.033800	0.0338
23_noVmin	1000	590	0.4300	0.031700	0.0317
23_noVmin	1000	590	0.4400	0.029900	0.0299
23_noVmin	1000	590	0.4500	0.027900	0.0279
23_noVmin	1000	590	0.4600	0.025500	0.0255
23_noVmin	1000	590	0.4700	0.023900	0.0239
23_noVmin	1000	590	0.4800	0.022600	0.0226
23_noVmin	1000	590	0.4900	0.021700	0.0217
23_noVmin	1000	590	0.5000	0.119700	0.0197
23_noVmin	1000	590	0.5100	0.218100	0.0181
23_noVmin	1000	590	0.5200	0.216300	0.0163
23_noVmin	1000	590	0.5300	0.214400	0.0144
23_noVmin	1000	590	0.5400	0.213600	0.0136
23_noVmin	1000	590	0.5500	0.212900	0.0129
23_noVmin	1000	590	0.5600	0.312100	0.0121
23_noVmin	1000	590	0.5700	0.311300	0.0113
23_noVmin	1000	590	0.5800	0.410000	0.0100
23_noVmin	1000	590	0.5900	0.408900	0.0089
23_noVmin	1000	590	0.6000	0.508200	0.0082
23_noVmin	1000	590	0.6100	0.607900	0.0079
23_noVmin	1000	590	0.6200	0.607200	0.0072
23_noVmin	1000	590	0.6300	0.806900	0.0069
23_noVmin	1000	590	0.6400	0.806200	0.0062
23_noVmin	1000	590	0.6500	0.905900	0.0059
23_noVmin	1000	590	0.6600	1.005200	0.0052
23_noVmin	1000	590	0.6700	1.104800	0.0048
23_noVmin	1000	590	0.6800	1.204400	0.0044
23_noVmin	1000	590	0.6900	1.204200	0.0042
23_noVmin	1000	590	0.7000	1.304100	0.0041
23_noVmin	1000	590	0.7100	1.903700	0.0037
23_noVmin	1000	590	0.7200	2.403400	0.0034
23_noVmin	1000	590	0.7300	2.402900	0.0029
23_noVmin	1000	590	0.7400	2.802700	0.0027
23_noVmin	1000	590	0.7500	3.002300	0.0023
23_noVmin	1000	590	0.7600	3.102100	0.0021
23_noVmin	1000	590	0.7700	3.201700	0.0017
23_noVmin	1000	590	0.7800	3.601600	0.0016
23_noVmin	1000	590	0.7900	3.801300	0.0013
23_noVmin	1000	590	0.8000	4.101200	0.0012
23_noVmin	1000	590	0.8100	4.700900	0.0009
23_noVmin	1000	590	0.8200	5.100800	0.0008
23_noVmin	1000	590	0.8300	5.400800	0.0008
23_noVmin	1000	590	0.8400	6.100800	0.0008
23_noVmin	1000	590	0.8500	6.500600	0.0006
23_noVmin	1000	590	0.8600	6.900300	0.0003
23_noVmin	1000	590	0.8700	7.100200	0.0002
23_noVmin	1000	590	0.8800	7.600100	0.0001
23_noVmin	1000	590	0.8900	8.400100	0.0001
23_noVmin	1000	590	0.9000	8.800100	0.0001
23_noVmin	1000	590	0.9100	9.400100	0.0001
23_noVmin	1000	590	0.9200	9.600000	0.0000
23_noVmin	1000	590	0.9300	9.900000	0.0000
23_noVmin	1000	590	0.9400	10.600000	0.0000
23_noVmin	1000	590	0.9500	11.300000	0.0000
23_noVmin	1000	590	0.9600	12.100000	0.0000
23_noVmin	1000	590	0.9700	12.900000	0.0000
23_noVmin	1000	590	0.9800	13.500000	0.0000
23_noVmin	1000	590	0.9900	14.300000	0.0000
23_noVmin	1000	590	1.0000	14.400000	0.0000
23_noVstd	1	42	0.0100	0.969300	0.9693
23_noVstd	1	42	0.0200	0.921600	0.9216
23_noVstd	1	42	0.0300	0.853600	0.8536
23_noVstd	1	42	0.0400	0.785700	0.7857
23_noVstd	1	42	0.0500	0.722600	0.7226
23_noVstd	1	42	0.0600	0.663400	0.6634
23_noVstd	1	42	0.0700	0.603900	0.6039
23_noVstd	1	42	0.0800	0.552200	0.5522
23_noVstd	1	42	0.0900	0.500900	0.5009
23_noVstd	1	42	0.1000	0.455100	0.4551
23_noVstd	1	42	0.1100	0.417400	0.4174
23_noVstd	1	42	0.1200	0.379900	0.3799
23_noVstd	1	42	0.1300	0.346400	0.3464
23_noVstd	1	42	0.1400	0.316300	0.3163
23_noVstd	1	42	0.1500	0.289300	0.2893
23_noVstd	1	42	0.1600	0.265200	0.2652
23_noVstd	1	42	0.1700	0.240900	0.2409
23_noVstd	1	42	0.1800	0.217600	0.2176
23_noVstd	1	42	0.1900	0.198100	0.1981
23_noVstd	1	42	0.2000	0.182600	0.1826
23_noVstd	1	42	0.2100	0.168300	0.1683
23_noVstd	1	42	0.2200	0.153700	0.1537
23_noVstd	1	42	0.2300	0.141500	0.1415
23_noVstd	1	42	0.2400	0.129400	0.1294
23_noVstd	1	42	0.2500	0.119200	0.1192
23_noVstd	1	42	0.2600	0.108300	0.1083
23_noVstd	1	42	0.2700	0.099400	0.0994
23_noVstd	1	42	0.2800	0.090900	0.0909
23_noVstd	1	42	0.2900	0.083300	0.0833
23_noVstd	1	42	0.3000	0.077500	0.0775
23_noVstd	1	42	0.3100	0.072300	0.0723
23_noVstd	1	42	0.3200	0.066500	0.0665
23_noVstd	1	42	0.3300	0.062000	0.0620
23_noVstd	1	42	0.3400	0.056300	0.0563
23_noVstd	1	42	0.3500	0.052800	0.0528
23_noVstd	1	42	0.3600	0.048500	0.0485
23_noVstd	1	42	0.3700	0.045100	0.0451
23_noVstd	1	42	0.3800	0.041700	0.0417
23_noVstd	1	42	0.3900	0.038600	0.0386
23_noVstd	1	42	0.4000	0.035700	0.0357
23_noVstd	1	42	0.4100	0.033000	0.0330
23_noVstd	1	42	0.4200	0.030500	0.0305
23_noVstd	1	42	0.4300	0.029100	0.0291
23_noVstd	1	42	0.4400	0.026600	0.0266
23_noVstd	1	42	0.4500	0.024600	0.0246
23_noVstd	1	42	0.4600	0.022800	0.0228
23_noVstd	1	42	0.4700	0.021200	0.0212
23_noVstd	1	42	0.4800	0.020400	0.0204
23_noVstd	1	42	0.4900	0.019300	0.0193
23_noVstd	1	42	0.5000	0.017900	0.0179
23_noVstd	1	42	0.5100	0.016400	0.0164
23_noVstd	1	42	0.5200	0.014900	0.0149
23_noVstd	1	42	0.5300	0.014200	0.0142
23_noVstd	1	42	0.5400	0.013400	0.0133
23_noVstd	1	42	0.5500	0.012800	0.0126
23_noVstd	1	42	0.5600	0.011500	0.0113
23_noVstd	1	42	0.5700	0.011400	0.0111
23_noVstd	1	42	0.5800	0.010700	0.0104
23_noVstd	1	42	0.5900	0.009900	0.0096
23_noVstd	1	42	0.6000	0.009200	0.0089
23_noVstd	1	42	0.6100	0.008600	0.0081
23_noVstd	1	42	0.6200	0.008200	0.0075
23_noVstd	1	42	0.6300	0.007500	0.0068
23_noVstd	1	42	0.6400	0.007200	0.0065
23_noVstd	1	42	0.6500	0.006400	0.0057
23_noVstd	1	42	0.6600	0.006400	0.0057
23_noVstd	1	42	0.6700	0.006200	0.0054
23_noVstd	1	42	0.6800	0.005800	0.0048
23_noVstd	1	42	0.6900	0.005400	0.0043
23_noVstd	1	42	0.7000	0.005700	0.0041
23_noVstd	1	42	0.7100	0.005400	0.0037
23_noVstd	1	42	0.7200	0.005000	0.0031
23_noVstd	1	42	0.7300	0.004800	0.0029
23_noVstd	1	42	0.7400	0.004900	0.0027
23_noVstd	1	42	0.7500	0.004700	0.0024
23_noVstd	1	42	0.7600	0.004800	0.0024
23_noVstd	1	42	0.7700	0.005200	0.0021
23_noVstd	1	42	0.7800	0.005100	0.0019
23_noVstd	1	42	0.7900	0.005400	0.0016
23_noVstd	1	42	0.8000	0.005700	0.0016
23_noVstd	1	42	0.8100	0.005900	0.0012
23_noVstd	1	42	0.8200	0.006200	0.0010
23_noVstd	1	42	0.8300	0.006300	0.0007
23_noVstd	1	42	0.8400	0.006500	0.0006
23_noVstd	1	42	0.8500	0.006800	0.0006
23_noVstd	1	42	0.8600	0.006800	0.0004
23_noVstd	1	42	0.8700	0.007400	0.0004
23_noVstd	1	42	0.8800	0.008000	0.0003
23_noVstd	1	42	0.8900	0.008300	0.0002
23_noVstd	1	42	0.9000	0.008900	0.0002
23_noVstd	1	42	0.9100	0.009400	0.0002
23_noVstd	1	42	0.9200	0.009700	0.0000
23_noVstd	1	42	0.9300	0.010000	0.0000
23_noVstd	1	42	0.9400	0.010400	0.0000
23_noVstd	1	42	0.9500	0.011500	0.0000
23_noVstd	1	42	0.9600	0.011900	0.0000
23_noVstd	1	42	0.9700	0.012600	0.0000
23_noVstd	1	42	0.9800	0.013600	0.0000
23_noVstd	1	42	0.9900	0.014400	0.0000
23_noVstd	1	42	1.0000	0.014400	0.0000
23_noVstd	10	42	0.0100	0.969300	0.9693
23_noVstd	10	42	0.0200	0.921600	0.9216
23_noVstd	10	42	0.0300	0.853600	0.8536
23_noVstd	10	42	0.0400	0.785700	0.7857
23_noVstd	10	42	0.0500	0.722600	0.7226
23_noVstd	10	42	0.0600	0.663400	0.6634
23_noVstd	10	42	0.0700	0.603900	0.6039
23_noVstd	10	42	0.0800	0.552200	0.5522
23_noVstd	10	42	0.0900	0.500900	0.5009
23_noVstd	10	42	0.1000	0.455100	0.4551
23_noVstd	10	42	0.1100	0.417400	0.4174
23_noVstd	10	42	0.1200	0.379900	0.3799
23_noVstd	10	42	0.1300	0.346400	0.3464
23_noVstd	10	42	0.1400	0.316300	0.3163
23_noVstd	10	42	0.1500	0.289300	0.2893
23_noVstd	10	42	0.1600	0.265200	0.2652
23_noVstd	10	42	0.1700	0.240900	0.2409
23_noVstd	10	42	0.1800	0.217600	0.2176
23_noVstd	10	42	0.1900	0.198100	0.1981
23_noVstd	10	42	0.2000	0.182600	0.1826
23_noVstd	10	42	0.2100	0.168300	0.1683
23_noVstd	10	42	0.2200	0.153700	0.1537
23_noVstd	10	42	0.2300	0.141500	0.1415
23_noVstd	10	42	0.2400	0.129400	0.1294
23_noVstd	10	42	0.2500	0.119200	0.1192
23_noVstd	10	42	0.2600	0.108300	0.1083
23_noVstd	10	42	0.2700	0.099400	0.0994
23_noVstd	10	42	0.2800	0.090900	0.0909
23_noVstd	10	42	0.2900	0.083300	0.0833
23_noVstd	10	42	0.3000	0.077500	0.0775
23_noVstd	10	42	0.3100	0.072300	0.0723
23_noVstd	10	42	0.3200	0.066500	0.0665
23_noVstd	10	42	0.3300	0.062000	0.0620
23_noVstd	10	42	0.3400	0.056300	0.0563
23_noVstd	10	42	0.3500	0.052800	0.0528
23_noVstd	10	42	0.3600	0.048500	0.0485
23_noVstd	10	42	0.3700	0.045100	0.0451
23_noVstd	10	42	0.3800	0.041700	0.0417
23_noVstd	10	42	0.3900	0.038600	0.0386
23_noVstd	10	42	0.4000	0.035700	0.0357
23_noVstd	10	42	0.4100	0.033000	0.0330
23_noVstd	10	42	0.4200	0.030500	0.0305
23_noVstd	10	42	0.4300	0.029100	0.0291
23_noVstd	10	42	0.4400	0.026600	0.0266
23_noVstd	10	42	0.4500	0.024600	0.0246
23_noVstd	10	42	0.4600	0.022800	0.0228
23_noVstd	10	42	0.4700	0.021200	0.0212
23_noVstd	10	42	0.4800	0.020400	0.0204
23_noVstd	10	42	0.4900	0.019300	0.0193
23_noVstd	10	42	0.5000	0.017900	0.0179
23_noVstd	10	42	0.5100	0.016400	0.0164
23_noVstd	10	42	0.5200	0.014900	0.0149
23_noVstd	10	42	0.5300	0.014200	0.0142
23_noVstd	10	42	0.5400	0.014300	0.0133
23_noVstd	10	42	0.5500	0.014600	0.0126
23_noVstd	10	42	0.5600	0.013300	0.0113
23_noVstd	10	42	0.5700	0.014100	0.0111
23_noVstd	10	42	0.5800	0.013400	0.0104
23_noVstd	10	42	0.5900	0.012600	0.0096
23_noVstd	10	42	0.6000	0.011900	0.0089
23_noVstd	10	42	0.6100	0.013100	0.0081
23_noVstd	10	42	0.6200	0.014500	0.0075
23_noVstd	10	42	0.6300	0.013800	0.0068
23_noVstd	10	42	0.6400	0.013500	0.0065
23_noVstd	10	42	0.6500	0.012700	0.0057
23_noVstd	10	42	0.6600	0.012700	0.0057
23_noVstd	10	42	0.6700	0.013400	0.0054
23_noVstd	10	42	0.6800	0.014800	0.0048
23_noVstd	10	42	0.6900	0.015300	0.0043
23_noVstd	10	42	0.7000	0.020100	0.0041
23_noVstd	10	42	0.7100	0.020700	0.0037
23_noVstd	10	42	0.7200	0.022100	0.0031
23_noVstd	10	42	0.7300	0.021900	0.0029
23_noVstd	10	42	0.7400	0.024700	0.0027
23_noVstd	10	42	0.7500	0.025400	0.0024
23_noVstd	10	42	0.7600	0.026400	0.0024
23_noVstd	10	42	0.7700	0.033100	0.0021
23_noVstd	10	42	0.7800	0.033900	0.0019
23_noVstd	10	42	0.7900	0.039600	0.0016
23_noVstd	10	42	0.8000	0.042600	0.0016
23_noVstd	10	42	0.8100	0.048200	0.0012
23_noVstd	10	42	0.8200	0.053000	0.0010
23_noVstd	10	42	0.8300	0.056700	0.0007
23_noVstd	10	42	0.8400	0.059600	0.0006
23_noVstd	10	42	0.8500	0.062600	0.0006
23_noVstd	10	42	0.8600	0.064400	0.0004
23_noVstd	10	42	0.8700	0.070400	0.0004
23_noVstd	10	42	0.8800	0.077300	0.0003
23_noVstd	10	42	0.8900	0.081200	0.0002
23_noVstd	10	42	0.9000	0.087200	0.0002
23_noVstd	10	42	0.9100	0.092200	0.0002
23_noVstd	10	42	0.9200	0.097000	0.0000
23_noVstd	10	42	0.9300	0.100000	0.0000
23_noVstd	10	42	0.9400	0.104000	0.0000
23_noVstd	10	42	0.9500	0.115000	0.0000
23_noVstd	10	42	0.9600	0.119000	0.0000
23_noVstd	10	42	0.9700	0.126000	0.0000
23_noVstd	10	42	0.9800	0.136000	0.0000
23_noVstd	10	42	0.9900	0.144000	0.0000
23_noVstd	10	42	1.0000	0.144000	0.0000
23_noVstd	100	42	0.0100	0.969300	0.9693
23_noVstd	100	42	0.0200	0.921600	0.9216
23_noVstd	100	42	0.0300	0.853600	0.8536
23_noVstd	100	42	0.0400	0.785700	0.7857
23_noVstd	100	42	0.0500	0.722600	0.7226
23_noVstd	100	42	0.0600	0.663400	0.6634
23_noVstd	100	42	0.0700	0.603900	0.6039
23_noVstd	100	42	0.0800	0.552200	0.5522
23_noVstd	100	42	0.0900	0.500900	0.5009
23_noVstd	100	42	0.1000	0.455100	0.4551
23_noVstd	100	42	0.1100	0.417400	0.4174
23_noVstd	100	42	0.1200	0.379900	0.3799
23_noVstd	100	42	0.1300	0.346400	0.3464
23_noVstd	100	42	0.1400	0.316300	0.3163
23_noVstd	100	42	0.1500	0.289300	0.2893
23_noVstd	100	42	0.1600	0.265200	0.2652
23_noVstd	100	42	0.1700	0.240900	0.2409
23_noVstd	100	42	0.1800	0.217600	0.2176
23_noVstd	100	42	0.1900	0.198100	0.1981
23_noVstd	100	42	0.2000	0.182600	0.1826
23_noVstd	100	42	0.2100	0.168300	0.1683
23_noVstd	100	42	0.2200	0.153700	0.1537
23_noVstd	100	42	0.2300	0.141500	0.1415
23_noVstd	100	42	0.2400	0.129400	0.1294
23_noVstd	100	42	0.2500	0.119200	0.1192
23_noVstd	100	42	0.2600	0.108300	0.1083
23_noVstd	100	42	0.2700	0.099400	0.0994
23_noVstd	100	42	0.2800	0.090900	0.0909
23_noVstd	100	42	0.2900	0.083300	0.0833
23_noVstd	100	42	0.3000	0.077500	0.0775
23_noVstd	100	42	0.3100	0.072300	0.0723
23_noVstd	100	42	0.3200	0.066500	0.0665
23_noVstd	100	42	0.3300	0.062000	0.0620
23_noVstd	100	42	0.3400	0.056300	0.0563
23_noVstd	100	42	0.3500	0.052800	0.0528
23_noVstd	100	42	0.3600	0.048500	0.0485
23_noVstd	100	42	0.3700	0.045100	0.0451
23_noVstd	100	42	0.3800	0.041700	0.0417
23_noVstd	100	42	0.3900	0.038600	0.0386
23_noVstd	100	42	0.4000	0.035700	0.0357
23_noVstd	100	42	0.4100	0.033000	0.0330
23_noVstd	100	42	0.4200	0.030500	0.0305
23_noVstd	100	42	0.4300	0.029100	0.0291
23_noVstd	100	42	0.4400	0.026600	0.0266
23_noVstd	100	42	0.4500	0.024600	0.0246
23_noVstd	100	42	0.4600	0.022800	0.0228
23_noVstd	100	42	0.4700	0.021200	0.0212
23_noVstd	100	42	0.4800	0.020400	0.0204
23_noVstd	100	42	0.4900	0.019300	0.0193
23_noVstd	100	42	0.5000	0.017900	0.0179
23_noVstd	100	42	0.5100	0.016400	0.0164
23_noVstd	100	42	0.5200	0.014900	0.0149
23_noVstd	100	42	0.5300	0.014200	0.0142
23_noVstd	100	42	0.5400	0.023300	0.0133
23_noVstd	100	42	0.5500	0.032600	0.0126
23_noVstd	100	42	0.5600	0.031300	0.0113
23_noVstd	100	42	0.5700	0.041100	0.0111
23_noVstd	100	42	0.5800	0.040400	0.0104
23_noVstd	100	42	0.5900	0.039600	0.0096
23_noVstd	100	42	0.6000	0.038900	0.0089
23_noVstd	100	42	0.6100	0.058100	0.0081
23_noVstd	100	42	0.6200	0.077500	0.0075
23_noVstd	100	42	0.6300	0.076800	0.0068
23_noVstd	100	42	0.6400	0.076500	0.0065
23_noVstd	100	42	0.6500	0.075700	0.0057
23_noVstd	100	42	0.6600	0.075700	0.0057
23_noVstd	100	42	0.6700	0.085400	0.0054
23_noVstd	100	42	0.6800	0.104800	0.0048
23_noVstd	100	42	0.6900	0.114300	0.0043
23_noVstd	100	42	0.7000	0.164100	0.0041
23_noVstd	100	42	0.7100	0.173700	0.0037
23_noVstd	100	42	0.7200	0.193100	0.0031
23_noVstd	100	42	0.7300	0.192900	0.0029
23_noVstd	100	42	0.7400	0.222700	0.0027
23_noVstd	100	42	0.7500	0.232400	0.0024
23_noVstd	100	42	0.7600	0.242400	0.0024
23_noVstd	100	42	0.7700	0.312100	0.0021
23_noVstd	100	42	0.7800	0.321900	0.0019
23_noVstd	100	42	0.7900	0.381600	0.0016
23_noVstd	100	42	0.8000	0.411600	0.0016
23_noVstd	100	42	0.8100	0.471200	0.0012
23_noVstd	100	42	0.8200	0.521000	0.0010
23_noVstd	100	42	0.8300	0.560700	0.0007
23_noVstd	100	42	0.8400	0.590600	0.0006
23_noVstd	100	42	0.8500	0.620600	0.0006
23_noVstd	100	42	0.8600	0.640400	0.0004
23_noVstd	100	42	0.8700	0.700400	0.0004
23_noVstd	100	42	0.8800	0.770300	0.0003
23_noVstd	100	42	0.8900	0.810200	0.0002
23_noVstd	100	42	0.9000	0.870200	0.0002
23_noVstd	100	42	0.9100	0.920200	0.0002
23_noVstd	100	42	0.9200	0.970000	0.0000
23_noVstd	100	42	0.9300	1.000000	0.0000
23_noVstd	100	42	0.9400	1.040000	0.0000
23_noVstd	100	42	0.9500	1.150000	0.0000
23_noVstd	100	42	0.9600	1.190000	0.0000
23_noVstd	100	42	0.9700	1.260000	0.0000
23_noVstd	100	42	0.9800	1.360000	0.0000
23_noVstd	100	42	0.9900	1.440000	0.0000
23_noVstd	100	42	1.0000	1.440000	0.0000
23_noVstd	1000	42	0.0100	0.969300	0.9693
23_noVstd	1000	42	0.0200	0.921600	0.9216
23_noVstd	1000	42	0.0300	0.853600	0.8536
23_noVstd	1000	42	0.0400	0.785700	0.7857
23_noVstd	1000	42	0.0500	0.722600	0.7226
23_noVstd	1000	42	0.0600	0.663400	0.6634
23_noVstd	1000	42	0.0700	0.603900	0.6039
23_noVstd	1000	42	0.0800	0.552200	0.5522
23_noVstd	1000	42	0.0900	0.500900	0.5009
23_noVstd	1000	42	0.1000	0.455100	0.4551
23_noVstd	1000	42	0.1100	0.417400	0.4174
23_noVstd	1000	42	0.1200	0.379900	0.3799
23_noVstd	1000	42	0.1300	0.346400	0.3464
23_noVstd	1000	42	0.1400	0.316300	0.3163
23_noVstd	1000	42	0.1500	0.289300	0.2893
23_noVstd	1000	42	0.1600	0.265200	0.2652
23_noVstd	1000	42	0.1700	0.240900	0.2409
23_noVstd	1000	42	0.1800	0.217600	0.2176
23_noVstd	1000	42	0.1900	0.198100	0.1981
23_noVstd	1000	42	0.2000	0.182600	0.1826
23_noVstd	1000	42	0.2100	0.168300	0.1683
23_noVstd	1000	42	0.2200	0.153700	0.1537
23_noVstd	1000	42	0.2300	0.141500	0.1415
23_noVstd	1000	42	0.2400	0.129400	0.1294
23_noVstd	1000	42	0.2500	0.119200	0.1192
23_noVstd	1000	42	0.2600	0.108300	0.1083
23_noVstd	1000	42	0.2700	0.099400	0.0994
23_noVstd	1000	42	0.2800	0.090900	0.0909
23_noVstd	1000	42	0.2900	0.083300	0.0833
23_noVstd	1000	42	0.3000	0.077500	0.0775
23_noVstd	1000	42	0.3100	0.072300	0.0723
23_noVstd	1000	42	0.3200	0.066500	0.0665
23_noVstd	1000	42	0.3300	0.062000	0.0620
23_noVstd	1000	42	0.3400	0.056300	0.0563
23_noVstd	1000	42	0.3500	0.052800	0.0528
23_noVstd	1000	42	0.3600	0.048500	0.0485
23_noVstd	1000	42	0.3700	0.045100	0.0451
23_noVstd	1000	42	0.3800	0.041700	0.0417
23_noVstd	1000	42	0.3900	0.038600	0.0386
23_noVstd	1000	42	0.4000	0.035700	0.0357
23_noVstd	1000	42	0.4100	0.033000	0.0330
23_noVstd	1000	42	0.4200	0.030500	0.0305
23_noVstd	1000	42	0.4300	0.029100	0.0291
23_noVstd	1000	42	0.4400	0.026600	0.0266
23_noVstd	1000	42	0.4500	0.024600	0.0246
23_noVstd	1000	42	0.4600	0.022800	0.0228
23_noVstd	1000	42	0.4700	0.021200	0.0212
23_noVstd	1000	42	0.4800	0.020400	0.0204
23_noVstd	1000	42	0.4900	0.019300	0.0193
23_noVstd	1000	42	0.5000	0.017900	0.0179
23_noVstd	1000	42	0.5100	0.016400	0.0164
23_noVstd	1000	42	0.5200	0.014900	0.0149
23_noVstd	1000	42	0.5300	0.014200	0.0142
23_noVstd	1000	42	0.5400	0.113300	0.0133
23_noVstd	1000	42	0.5500	0.212600	0.0126
23_noVstd	1000	42	0.5600	0.211300	0.0113
23_noVstd	1000	42	0.5700	0.311100	0.0111
23_noVstd	1000	42	0.5800	0.310400	0.0104
23_noVstd	1000	42	0.5900	0.309600	0.0096
23_noVstd	1000	42	0.6000	0.308900	0.0089
23_noVstd	1000	42	0.6100	0.508100	0.0081
23_noVstd	1000	42	0.6200	0.707500	0.0075
23_noVstd	1000	42	0.6300	0.706800	0.0068
23_noVstd	1000	42	0.6400	0.706500	0.0065
23_noVstd	1000	42	0.6500	0.705700	0.0057
23_noVstd	1000	42	0.6600	0.705700	0.0057
23_noVstd	1000	42	0.6700	0.805400	0.0054
23_noVstd	1000	42	0.6800	1.004800	0.0048
23_noVstd	1000	42	0.6900	1.104300	0.0043
23_noVstd	1000	42	0.7000	1.604100	0.0041
23_noVstd	1000	42	0.7100	1.703700	0.0037
23_noVstd	1000	42	0.7200	1.903100	0.0031
23_noVstd	1000	42	0.7300	1.902900	0.0029
23_noVstd	1000	42	0.7400	2.202700	0.0027
23_noVstd	1000	42	0.7500	2.302400	0.0024
23_noVstd	1000	42	0.7600	2.402400	0.0024
23_noVstd	1000	42	0.7700	3.102100	0.0021
23_noVstd	1000	42	0.7800	3.201900	0.0019
23_noVstd	1000	42	0.7900	3.801600	0.0016
23_noVstd	1000	42	0.8000	4.101600	0.0016
23_noVstd	1000	42	0.8100	4.701200	0.0012
23_noVstd	1000	42	0.8200	5.201000	0.0010
23_noVstd	1000	42	0.8300	5.600700	0.0007
23_noVstd	1000	42	0.8400	5.900600	0.0006
23_noVstd	1000	42	0.8500	6.200600	0.0006
23_noVstd	1000	42	0.8600	6.400400	0.0004
23_noVstd	1000	42	0.8700	7.000400	0.0004
23_noVstd	1000	42	0.8800	7.700300	0.0003
23_noVstd	1000	42	0.8900	8.100200	0.0002
23_noVstd	1000	42	0.9000	8.700200	0.0002
23_noVstd	1000	42	0.9100	9.200200	0.0002
23_noVstd	1000	42	0.9200	9.700000	0.0000
23_noVstd	1000	42	0.9300	10.000000	0.0000
23_noVstd	1000	42	0.9400	10.400000	0.0000
23_noVstd	1000	42	0.9500	11.500000	0.0000
23_noVstd	1000	42	0.9600	11.900000	0.0000
23_noVstd	1000	42	0.9700	12.600000	0.0000
23_noVstd	1000	42	0.9800	13.600000	0.0000
23_noVstd	1000	42	0.9900	14.400000	0.0000
23_noVstd	1000	42	1.0000	14.400000	0.0000
23_noVstd	1	179	0.0100	0.969200	0.9692
23_noVstd	1	179	0.0200	0.919600	0.9196
23_noVstd	1	179	0.0300	0.855300	0.8553
23_noVstd	1	179	0.0400	0.788100	0.7881
23_noVstd	1	179	0.0500	0.720000	0.7200
23_noVstd	1	179	0.0600	0.658100	0.6581
23_noVstd	1	179	0.0700	0.597800	0.5978
23_noVstd	1	179	0.0800	0.544600	0.5446
23_noVstd	1	179	0.0900	0.498600	0.4986
23_noVstd	1	179	0.1000	0.452900	0.4529
23_noVstd	1	179	0.1100	0.413200	0.4132
23_noVstd	1	179	0.1200	0.374000	0.3740
23_noVstd	1	179	0.1300	0.342900	0.3429
23_noVstd	1	179	0.1400	0.309100	0.3091
23_noVstd	1	179	0.1500	0.281700	0.2817
23_noVstd	1	179	0.1600	0.257300	0.2573
23_noVstd	1	179	0.1700	0.234800	0.2348
23_noVstd	1	179	0.1800	0.214700	0.2147
23_noVstd	1	179	0.1900	0.198400	0.1984
23_noVstd	1	179	0.2000	0.183300	0.1833
23_noVstd	1	179	0.2100	0.169200	0.1692
23_noVstd	1	179	0.2200	0.154300	0.1543
23_noVstd	1	179	0.2300	0.143100	0.1431
23_noVstd	1	179	0.2400	0.131900	0.1319
23_noVstd	1	179	0.2500	0.120900	0.1209
23_noVstd	1	179	0.2600	0.110900	0.1109
23_noVstd	1	179	0.2700	0.101800	0.1018
23_noVstd	1	179	0.2800	0.094600	0.0946
23_noVstd	1	179	0.2900	0.088500	0.0885
23_noVstd	1	179	0.3000	0.081200	0.0812
23_noVstd	1	179	0.3100	0.076000	0.0760
23_noVstd	1	179	0.3200	0.069900	0.0699
23_noVstd	1	179	0.3300	0.064200	0.0642
23_noVstd	1	179	0.3400	0.058600	0.0586
23_noVstd	1	179	0.3500	0.055200	0.0552
23_noVstd	1	179	0.3600	0.051700	0.0517
23_noVstd	1	179	0.3700	0.047000	0.0470
23_noVstd	1	179	0.3800	0.043700	0.0437
23_noVstd	1	179	0.3900	0.040600	0.0406
23_noVstd	1	179	0.4000	0.037900	0.0379
23_noVstd	1	179	0.4100	0.035300	0.0353
23_noVstd	1	179	0.4200	0.032800	0.0328
23_noVstd	1	179	0.4300	0.030000	0.0300
23_noVstd	1	179	0.4400	0.028000	0.0280
23_noVstd	1	179	0.4500	0.026200	0.0262
23_noVstd	1	179	0.4600	0.024700	0.0247
23_noVstd	1	179	0.4700	0.022400	0.0224
23_noVstd	1	179	0.4800	0.021000	0.0210
23_noVstd	1	179	0.4900	0.019700	0.0197
23_noVstd	1	179	0.5000	0.018000	0.0179
23_noVstd	1	179	0.5100	0.016500	0.0164
23_noVstd	1	179	0.5200	0.015700	0.0156
23_noVstd	1	179	0.5300	0.015300	0.0152
23_noVstd	1	179	0.5400	0.014600	0.0144
23_noVstd	1	179	0.5500	0.014100	0.0139
23_noVstd	1	179	0.5600	0.013100	0.0128
23_noVstd	1	179	0.5700	0.012700	0.0124
23_noVstd	1	179	0.5800	0.011600	0.0113
23_noVstd	1	179	0.5900	0.010600	0.0103
23_noVstd	1	179	0.6000	0.010200	0.0099
23_noVstd	1	179	0.6100	0.009700	0.0093
23_noVstd	1	179	0.6200	0.009200	0.0087
23_noVstd	1	179	0.6300	0.008700	0.0082
23_noVstd	1	179	0.6400	0.008100	0.0076
23_noVstd	1	179	0.6500	0.007500	0.0069
23_noVstd	1	179	0.6600	0.007300	0.0065
23_noVstd	1	179	0.6700	0.007000	0.0060
23_noVstd	1	179	0.6800	0.006700	0.0056
23_noVstd	1	179	0.6900	0.006300	0.0051
23_noVstd	1	179	0.7000	0.005700	0.0044
23_noVstd	1	179	0.7100	0.005900	0.0042
23_noVstd	1	179	0.7200	0.005500	0.0037
23_noVstd	1	179	0.7300	0.005100	0.0031
23_noVstd	1	179	0.7400	0.005000	0.0029
23_noVstd	1	179	0.7500	0.004800	0.0026
23_noVstd	1	179	0.7600	0.004800	0.0024
23_noVstd	1	179	0.7700	0.005100	0.0021
23_noVstd	1	179	0.7800	0.004800	0.0016
23_noVstd	1	179	0.7900	0.005000	0.0015
23_noVstd	1	179	0.8000	0.005000	0.0011
23_noVstd	1	179	0.8100	0.005800	0.0011
23_noVstd	1	179	0.8200	0.006400	0.0011
23_noVstd	1	179	0.8300	0.006300	0.0009
23_noVstd	1	179	0.8400	0.006600	0.0006
23_noVstd	1	179	0.8500	0.007000	0.0006
23_noVstd	1	179	0.8600	0.007200	0.0004
23_noVstd	1	179	0.8700	0.007400	0.0004
23_noVstd	1	179	0.8800	0.007200	0.0002
23_noVstd	1	179	0.8900	0.008100	0.0002
23_noVstd	1	179	0.9000	0.008800	0.0002
23_noVstd	1	179	0.9100	0.009100	0.0002
23_noVstd	1	179	0.9200	0.009500	0.0002
23_noVstd	1	179	0.9300	0.009600	0.0001
23_noVstd	1	179	0.9400	0.010200	0.0001
23_noVstd	1	179	0.9500	0.010900	0.0000
23_noVstd	1	179	0.9600	0.011900	0.0000
23_noVstd	1	179	0.9700	0.012600	0.0000
23_noVstd	1	179	0.9800	0.013700	0.0000
23_noVstd	1	179	0.9900	0.014400	0.0000
23_noVstd	1	179	1.0000	0.014400	0.0000
23_noVstd	10	179	0.0100	0.969200	0.9692
23_noVstd	10	179	0.0200	0.919600	0.9196
23_noVstd	10	179	0.0300	0.855300	0.8553
23_noVstd	10	179	0.0400	0.788100	0.7881
23_noVstd	10	179	0.0500	0.720000	0.7200
23_noVstd	10	179	0.0600	0.658100	0.6581
23_noVstd	10	179	0.0700	0.597800	0.5978
23_noVstd	10	179	0.0800	0.544600	0.5446
23_noVstd	10	179	0.0900	0.498600	0.4986
23_noVstd	10	179	0.1000	0.452900	0.4529
23_noVstd	10	179	0.1100	0.413200	0.4132
23_noVstd	10	179	0.1200	0.374000	0.3740
23_noVstd	10	179	0.1300	0.342900	0.3429
23_noVstd	10	179	0.1400	0.309100	0.3091
23_noVstd	10	179	0.1500	0.281700	0.2817
23_noVstd	10	179	0.1600	0.257300	0.2573
23_noVstd	10	179	0.1700	0.234800	0.2348
23_noVstd	10	179	0.1800	0.214700	0.2147
23_noVstd	10	179	0.1900	0.198400	0.1984
23_noVstd	10	179	0.2000	0.183300	0.1833
23_noVstd	10	179	0.2100	0.169200	0.1692
23_noVstd	10	179	0.2200	0.154300	0.1543
23_noVstd	10	179	0.2300	0.143100	0.1431
23_noVstd	10	179	0.2400	0.131900	0.1319
23_noVstd	10	179	0.2500	0.120900	0.1209
23_noVstd	10	179	0.2600	0.110900	0.1109
23_noVstd	10	179	0.2700	0.101800	0.1018
23_noVstd	10	179	0.2800	0.094600	0.0946
23_noVstd	10	179	0.2900	0.088500	0.0885
23_noVstd	10	179	0.3000	0.081200	0.0812
23_noVstd	10	179	0.3100	0.076000	0.0760
23_noVstd	10	179	0.3200	0.069900	0.0699
23_noVstd	10	179	0.3300	0.064200	0.0642
23_noVstd	10	179	0.3400	0.058600	0.0586
23_noVstd	10	179	0.3500	0.055200	0.0552
23_noVstd	10	179	0.3600	0.051700	0.0517
23_noVstd	10	179	0.3700	0.047000	0.0470
23_noVstd	10	179	0.3800	0.043700	0.0437
23_noVstd	10	179	0.3900	0.040600	0.0406
23_noVstd	10	179	0.4000	0.037900	0.0379
23_noVstd	10	179	0.4100	0.035300	0.0353
23_noVstd	10	179	0.4200	0.032800	0.0328
23_noVstd	10	179	0.4300	0.030000	0.0300
23_noVstd	10	179	0.4400	0.028000	0.0280
23_noVstd	10	179	0.4500	0.026200	0.0262
23_noVstd	10	179	0.4600	0.024700	0.0247
23_noVstd	10	179	0.4700	0.022400	0.0224
23_noVstd	10	179	0.4800	0.021000	0.0210
23_noVstd	10	179	0.4900	0.019700	0.0197
23_noVstd	10	179	0.5000	0.018900	0.0179
23_noVstd	10	179	0.5100	0.017400	0.0164
23_noVstd	10	179	0.5200	0.016600	0.0156
23_noVstd	10	179	0.5300	0.016200	0.0152
23_noVstd	10	179	0.5400	0.016400	0.0144
23_noVstd	10	179	0.5500	0.015900	0.0139
23_noVstd	10	179	0.5600	0.015800	0.0128
23_noVstd	10	179	0.5700	0.015400	0.0124
23_noVstd	10	179	0.5800	0.014300	0.0113
23_noVstd	10	179	0.5900	0.013300	0.0103
23_noVstd	10	179	0.6000	0.012900	0.0099
23_noVstd	10	179	0.6100	0.013300	0.0093
23_noVstd	10	179	0.6200	0.013700	0.0087
23_noVstd	10	179	0.6300	0.013200	0.0082
23_noVstd	10	179	0.6400	0.012600	0.0076
23_noVstd	10	179	0.6500	0.012900	0.0069
23_noVstd	10	179	0.6600	0.014500	0.0065
23_noVstd	10	179	0.6700	0.016000	0.0060
23_noVstd	10	179	0.6800	0.016600	0.0056
23_noVstd	10	179	0.6900	0.017100	0.0051
23_noVstd	10	179	0.7000	0.017400	0.0044
23_noVstd	10	179	0.7100	0.021200	0.0042
23_noVstd	10	179	0.7200	0.021700	0.0037
23_noVstd	10	179	0.7300	0.023100	0.0031
23_noVstd	10	179	0.7400	0.023900	0.0029
23_noVstd	10	179	0.7500	0.024600	0.0026
23_noVstd	10	179	0.7600	0.026400	0.0024
23_noVstd	10	179	0.7700	0.032100	0.0021
23_noVstd	10	179	0.7800	0.033600	0.0016
23_noVstd	10	179	0.7900	0.036500	0.0015
23_noVstd	10	179	0.8000	0.040100	0.0011
23_noVstd	10	179	0.8100	0.048100	0.0011
23_noVstd	10	179	0.8200	0.054100	0.0011
23_noVstd	10	179	0.8300	0.054900	0.0009
23_noVstd	10	179	0.8400	0.060600	0.0006
23_noVstd	10	179	0.8500	0.064600	0.0006
23_noVstd	10	179	0.8600	0.068400	0.0004
23_noVstd	10	179	0.8700	0.070400	0.0004
23_noVstd	10	179	0.8800	0.070200	0.0002
23_noVstd	10	179	0.8900	0.079200	0.0002
23_noVstd	10	179	0.9000	0.086200	0.0002
23_noVstd	10	179	0.9100	0.089200	0.0002
23_noVstd	10	179	0.9200	0.093200	0.0002
23_noVstd	10	179	0.9300	0.095100	0.0001
23_noVstd	10	179	0.9400	0.101100	0.0001
23_noVstd	10	179	0.9500	0.109000	0.0000
23_noVstd	10	179	0.9600	0.119000	0.0000
23_noVstd	10	179	0.9700	0.126000	0.0000
23_noVstd	10	179	0.9800	0.137000	0.0000
23_noVstd	10	179	0.9900	0.144000	0.0000
23_noVstd	10	179	1.0000	0.144000	0.0000
23_noVstd	100	179	0.0100	0.969200	0.9692
23_noVstd	100	179	0.0200	0.919600	0.9196
23_noVstd	100	179	0.0300	0.855300	0.8553
23_noVstd	100	179	0.0400	0.788100	0.7881
23_noVstd	100	179	0.0500	0.720000	0.7200
23_noVstd	100	179	0.0600	0.658100	0.6581
23_noVstd	100	179	0.0700	0.597800	0.5978
23_noVstd	100	179	0.0800	0.544600	0.5446
23_noVstd	100	179	0.0900	0.498600	0.4986
23_noVstd	100	179	0.1000	0.452900	0.4529
23_noVstd	100	179	0.1100	0.413200	0.4132
23_noVstd	100	179	0.1200	0.374000	0.3740
23_noVstd	100	179	0.1300	0.342900	0.3429
23_noVstd	100	179	0.1400	0.309100	0.3091
23_noVstd	100	179	0.1500	0.281700	0.2817
23_noVstd	100	179	0.1600	0.257300	0.2573
23_noVstd	100	179	0.1700	0.234800	0.2348
23_noVstd	100	179	0.1800	0.214700	0.2147
23_noVstd	100	179	0.1900	0.198400	0.1984
23_noVstd	100	179	0.2000	0.183300	0.1833
23_noVstd	100	179	0.2100	0.169200	0.1692
23_noVstd	100	179	0.2200	0.154300	0.1543
23_noVstd	100	179	0.2300	0.143100	0.1431
23_noVstd	100	179	0.2400	0.131900	0.1319
23_noVstd	100	179	0.2500	0.120900	0.1209
23_noVstd	100	179	0.2600	0.110900	0.1109
23_noVstd	100	179	0.2700	0.101800	0.1018
23_noVstd	100	179	0.2800	0.094600	0.0946
23_noVstd	100	179	0.2900	0.088500	0.0885
23_noVstd	100	179	0.3000	0.081200	0.0812
23_noVstd	100	179	0.3100	0.076000	0.0760
23_noVstd	100	179	0.3200	0.069900	0.0699
23_noVstd	100	179	0.3300	0.064200	0.0642
23_noVstd	100	179	0.3400	0.058600	0.0586
23_noVstd	100	179	0.3500	0.055200	0.0552
23_noVstd	100	179	0.3600	0.051700	0.0517
23_noVstd	100	179	0.3700	0.047000	0.0470
23_noVstd	100	179	0.3800	0.043700	0.0437
23_noVstd	100	179	0.3900	0.040600	0.0406
23_noVstd	100	179	0.4000	0.037900	0.0379
23_noVstd	100	179	0.4100	0.035300	0.0353
23_noVstd	100	179	0.4200	0.032800	0.0328
23_noVstd	100	179	0.4300	0.030000	0.0300
23_noVstd	100	179	0.4400	0.028000	0.0280
23_noVstd	100	179	0.4500	0.026200	0.0262
23_noVstd	100	179	0.4600	0.024700	0.0247
23_noVstd	100	179	0.4700	0.022400	0.0224
23_noVstd	100	179	0.4800	0.021000	0.0210
23_noVstd	100	179	0.4900	0.019700	0.0197
23_noVstd	100	179	0.5000	0.027900	0.0179
23_noVstd	100	179	0.5100	0.026400	0.0164
23_noVstd	100	179	0.5200	0.025600	0.0156
23_noVstd	100	179	0.5300	0.025200	0.0152
23_noVstd	100	179	0.5400	0.034400	0.0144
23_noVstd	100	179	0.5500	0.033900	0.0139
23_noVstd	100	179	0.5600	0.042800	0.0128
23_noVstd	100	179	0.5700	0.042400	0.0124
23_noVstd	100	179	0.5800	0.041300	0.0113
23_noVstd	100	179	0.5900	0.040300	0.0103
23_noVstd	100	179	0.6000	0.039900	0.0099
23_noVstd	100	179	0.6100	0.049300	0.0093
23_noVstd	100	179	0.6200	0.058700	0.0087
23_noVstd	100	179	0.6300	0.058200	0.0082
23_noVstd	100	179	0.6400	0.057600	0.0076
23_noVstd	100	179	0.6500	0.066900	0.0069
23_noVstd	100	179	0.6600	0.086500	0.0065
23_noVstd	100	179	0.6700	0.106000	0.0060
23_noVstd	100	179	0.6800	0.115600	0.0056
23_noVstd	100	179	0.6900	0.125100	0.0051
23_noVstd	100	179	0.7000	0.134400	0.0044
23_noVstd	100	179	0.7100	0.174200	0.0042
23_noVstd	100	179	0.7200	0.183700	0.0037
23_noVstd	100	179	0.7300	0.203100	0.0031
23_noVstd	100	179	0.7400	0.212900	0.0029
23_noVstd	100	179	0.7500	0.222600	0.0026
23_noVstd	100	179	0.7600	0.242400	0.0024
23_noVstd	100	179	0.7700	0.302100	0.0021
23_noVstd	100	179	0.7800	0.321600	0.0016
23_noVstd	100	179	0.7900	0.351500	0.0015
23_noVstd	100	179	0.8000	0.391100	0.0011
23_noVstd	100	179	0.8100	0.471100	0.0011
23_noVstd	100	179	0.8200	0.531100	0.0011
23_noVstd	100	179	0.8300	0.540900	0.0009
23_noVstd	100	179	0.8400	0.600600	0.0006
23_noVstd	100	179	0.8500	0.640600	0.0006
23_noVstd	100	179	0.8600	0.680400	0.0004
23_noVstd	100	179	0.8700	0.700400	0.0004
23_noVstd	100	179	0.8800	0.700200	0.0002
23_noVstd	100	179	0.8900	0.790200	0.0002
23_noVstd	100	179	0.9000	0.860200	0.0002
23_noVstd	100	179	0.9100	0.890200	0.0002
23_noVstd	100	179	0.9200	0.930200	0.0002
23_noVstd	100	179	0.9300	0.950100	0.0001
23_noVstd	100	179	0.9400	1.010100	0.0001
23_noVstd	100	179	0.9500	1.090000	0.0000
23_noVstd	100	179	0.9600	1.190000	0.0000
23_noVstd	100	179	0.9700	1.260000	0.0000
23_noVstd	100	179	0.9800	1.370000	0.0000
23_noVstd	100	179	0.9900	1.440000	0.0000
23_noVstd	100	179	1.0000	1.440000	0.0000
23_noVstd	1000	179	0.0100	0.969200	0.9692
23_noVstd	1000	179	0.0200	0.919600	0.9196
23_noVstd	1000	179	0.0300	0.855300	0.8553
23_noVstd	1000	179	0.0400	0.788100	0.7881
23_noVstd	1000	179	0.0500	0.720000	0.7200
23_noVstd	1000	179	0.0600	0.658100	0.6581
23_noVstd	1000	179	0.0700	0.597800	0.5978
23_noVstd	1000	179	0.0800	0.544600	0.5446
23_noVstd	1000	179	0.0900	0.498600	0.4986
23_noVstd	1000	179	0.1000	0.452900	0.4529
23_noVstd	1000	179	0.1100	0.413200	0.4132
23_noVstd	1000	179	0.1200	0.374000	0.3740
23_noVstd	1000	179	0.1300	0.342900	0.3429
23_noVstd	1000	179	0.1400	0.309100	0.3091
23_noVstd	1000	179	0.1500	0.281700	0.2817
23_noVstd	1000	179	0.1600	0.257300	0.2573
23_noVstd	1000	179	0.1700	0.234800	0.2348
23_noVstd	1000	179	0.1800	0.214700	0.2147
23_noVstd	1000	179	0.1900	0.198400	0.1984
23_noVstd	1000	179	0.2000	0.183300	0.1833
23_noVstd	1000	179	0.2100	0.169200	0.1692
23_noVstd	1000	179	0.2200	0.154300	0.1543
23_noVstd	1000	179	0.2300	0.143100	0.1431
23_noVstd	1000	179	0.2400	0.131900	0.1319
23_noVstd	1000	179	0.2500	0.120900	0.1209
23_noVstd	1000	179	0.2600	0.110900	0.1109
23_noVstd	1000	179	0.2700	0.101800	0.1018
23_noVstd	1000	179	0.2800	0.094600	0.0946
23_noVstd	1000	179	0.2900	0.088500	0.0885
23_noVstd	1000	179	0.3000	0.081200	0.0812
23_noVstd	1000	179	0.3100	0.076000	0.0760
23_noVstd	1000	179	0.3200	0.069900	0.0699
23_noVstd	1000	179	0.3300	0.064200	0.0642
23_noVstd	1000	179	0.3400	0.058600	0.0586
23_noVstd	1000	179	0.3500	0.055200	0.0552
23_noVstd	1000	179	0.3600	0.051700	0.0517
23_noVstd	1000	179	0.3700	0.047000	0.0470
23_noVstd	1000	179	0.3800	0.043700	0.0437
23_noVstd	1000	179	0.3900	0.040600	0.0406
23_noVstd	1000	179	0.4000	0.037900	0.0379
23_noVstd	1000	179	0.4100	0.035300	0.0353
23_noVstd	1000	179	0.4200	0.032800	0.0328
23_noVstd	1000	179	0.4300	0.030000	0.0300
23_noVstd	1000	179	0.4400	0.028000	0.0280
23_noVstd	1000	179	0.4500	0.026200	0.0262
23_noVstd	1000	179	0.4600	0.024700	0.0247
23_noVstd	1000	179	0.4700	0.022400	0.0224
23_noVstd	1000	179	0.4800	0.021000	0.0210
23_noVstd	1000	179	0.4900	0.019700	0.0197
23_noVstd	1000	179	0.5000	0.117900	0.0179
23_noVstd	1000	179	0.5100	0.116400	0.0164
23_noVstd	1000	179	0.5200	0.115600	0.0156
23_noVstd	1000	179	0.5300	0.115200	0.0152
23_noVstd	1000	179	0.5400	0.214400	0.0144
23_noVstd	1000	179	0.5500	0.213900	0.0139
23_noVstd	1000	179	0.5600	0.312800	0.0128
23_noVstd	1000	179	0.5700	0.312400	0.0124
23_noVstd	1000	179	0.5800	0.311300	0.0113
23_noVstd	1000	179	0.5900	0.310300	0.0103
23_noVstd	1000	179	0.6000	0.309900	0.0099
23_noVstd	1000	179	0.6100	0.409300	0.0093
23_noVstd	1000	179	0.6200	0.508700	0.0087
23_noVstd	1000	179	0.6300	0.508200	0.0082
23_noVstd	1000	179	0.6400	0.507600	0.0076
23_noVstd	1000	179	0.6500	0.606900	0.0069
23_noVstd	1000	179	0.6600	0.806500	0.0065
23_noVstd	1000	179	0.6700	1.006000	0.0060
23_noVstd	1000	179	0.6800	1.105600	0.0056
23_noVstd	1000	179	0.6900	1.205100	0.0051
23_noVstd	1000	179	0.7000	1.304400	0.0044
23_noVstd	1000	179	0.7100	1.704200	0.0042
23_noVstd	1000	179	0.7200	1.803700	0.0037
23_noVstd	1000	179	0.7300	2.003100	0.0031
23_noVstd	1000	179	0.7400	2.102900	0.0029
23_noVstd	1000	179	0.7500	2.202600	0.0026
23_noVstd	1000	179	0.7600	2.402400	0.0024
23_noVstd	1000	179	0.7700	3.002100	0.0021
23_noVstd	1000	179	0.7800	3.201600	0.0016
23_noVstd	1000	179	0.7900	3.501500	0.0015
23_noVstd	1000	179	0.8000	3.901100	0.0011
23_noVstd	1000	179	0.8100	4.701100	0.0011
23_noVstd	1000	179	0.8200	5.301100	0.0011
23_noVstd	1000	179	0.8300	5.400900	0.0009
23_noVstd	1000	179	0.8400	6.000600	0.0006
23_noVstd	1000	179	0.8500	6.400600	0.0006
23_noVstd	1000	179	0.8600	6.800400	0.0004
23_noVstd	1000	179	0.8700	7.000400	0.0004
23_noVstd	1000	179	0.8800	7.000200	0.0002
23_noVstd	1000	179	0.8900	7.900200	0.0002
23_noVstd	1000	179	0.9000	8.600200	0.0002
23_noVstd	1000	179	0.9100	8.900200	0.0002
23_noVstd	1000	179	0.9200	9.300200	0.0002
23_noVstd	1000	179	0.9300	9.500100	0.0001
23_noVstd	1000	179	0.9400	10.100100	0.0001
23_noVstd	1000	179	0.9500	10.900000	0.0000
23_noVstd	1000	179	0.9600	11.900000	0.0000
23_noVstd	1000	179	0.9700	12.600000	0.0000
23_noVstd	1000	179	0.9800	13.700000	0.0000
23_noVstd	1000	179	0.9900	14.400000	0.0000
23_noVstd	1000	179	1.0000	14.400000	0.0000
23_noVstd	1	316	0.0100	0.969800	0.9698
23_noVstd	1	316	0.0200	0.924700	0.9247
23_noVstd	1	316	0.0300	0.863200	0.8632
23_noVstd	1	316	0.0400	0.796800	0.7968
23_noVstd	1	316	0.0500	0.735900	0.7359
23_noVstd	1	316	0.0600	0.674600	0.6746
23_noVstd	1	316	0.0700	0.620400	0.6204
23_noVstd	1	316	0.0800	0.568100	0.5681
23_noVstd	1	316	0.0900	0.518100	0.5181
23_noVstd	1	316	0.1000	0.472200	0.4722
23_noVstd	1	316	0.1100	0.430100	0.4301
23_noVstd	1	316	0.1200	0.392300	0.3923
23_noVstd	1	316	0.1300	0.357700	0.3577
23_noVstd	1	316	0.1400	0.328300	0.3283
23_noVstd	1	316	0.1500	0.298600	0.2986
23_noVstd	1	316	0.1600	0.274300	0.2743
23_noVstd	1	316	0.1700	0.252000	0.2520
23_noVstd	1	316	0.1800	0.229900	0.2299
23_noVstd	1	316	0.1900	0.209200	0.2092
23_noVstd	1	316	0.2000	0.191900	0.1919
23_noVstd	1	316	0.2100	0.175400	0.1754
23_noVstd	1	316	0.2200	0.162500	0.1625
23_noVstd	1	316	0.2300	0.147900	0.1479
23_noVstd	1	316	0.2400	0.135700	0.1357
23_noVstd	1	316	0.2500	0.124100	0.1241
23_noVstd	1	316	0.2600	0.115100	0.1151
23_noVstd	1	316	0.2700	0.105400	0.1054
23_noVstd	1	316	0.2800	0.097400	0.0974
23_noVstd	1	316	0.2900	0.088700	0.0887
23_noVstd	1	316	0.3000	0.082200	0.0822
23_noVstd	1	316	0.3100	0.075300	0.0753
23_noVstd	1	316	0.3200	0.069600	0.0696
23_noVstd	1	316	0.3300	0.064900	0.0649
23_noVstd	1	316	0.3400	0.059000	0.0590
23_noVstd	1	316	0.3500	0.054500	0.0545
23_noVstd	1	316	0.3600	0.050500	0.0505
23_noVstd	1	316	0.3700	0.045700	0.0457
23_noVstd	1	316	0.3800	0.041900	0.0419
23_noVstd	1	316	0.3900	0.038300	0.0383
23_noVstd	1	316	0.4000	0.035000	0.0350
23_noVstd	1	316	0.4100	0.032600	0.0326
23_noVstd	1	316	0.4200	0.030700	0.0307
23_noVstd	1	316	0.4300	0.028100	0.0281
23_noVstd	1	316	0.4400	0.026000	0.0260
23_noVstd	1	316	0.4500	0.024800	0.0247
23_noVstd	1	316	0.4600	0.023200	0.0231
23_noVstd	1	316	0.4700	0.021000	0.0209
23_noVstd	1	316	0.4800	0.018800	0.0187
23_noVstd	1	316	0.4900	0.017500	0.0174
23_noVstd	1	316	0.5000	0.016300	0.0162
23_noVstd	1	316	0.5100	0.015400	0.0153
23_noVstd	1	316	0.5200	0.014300	0.0142
23_noVstd	1	316	0.5300	0.013900	0.0138
23_noVstd	1	316	0.5400	0.012900	0.0127
23_noVstd	1	316	0.5500	0.012400	0.0122
23_noVstd	1	316	0.5600	0.012200	0.0120
23_noVstd	1	316	0.5700	0.011200	0.0110
23_noVstd	1	316	0.5800	0.011200	0.0109
23_noVstd	1	316	0.5900	0.010400	0.0101
23_noVstd	1	316	0.6000	0.009600	0.0093
23_noVstd	1	316	0.6100	0.009000	0.0087
23_noVstd	1	316	0.6200	0.008200	0.0079
23_noVstd	1	316	0.6300	0.007600	0.0073
23_noVstd	1	316	0.6400	0.007100	0.0065
23_noVstd	1	316	0.6500	0.006800	0.0061
23_noVstd	1	316	0.6600	0.006500	0.0058
23_noVstd	1	316	0.6700	0.006400	0.0055
23_noVstd	1	316	0.6800	0.006500	0.0053
23_noVstd	1	316	0.6900	0.006300	0.0049
23_noVstd	1	316	0.7000	0.006000	0.0042
23_noVstd	1	316	0.7100	0.005500	0.0035
23_noVstd	1	316	0.7200	0.005200	0.0031
23_noVstd	1	316	0.7300	0.005000	0.0028
23_noVstd	1	316	0.7400	0.004900	0.0025
23_noVstd	1	316	0.7500	0.004900	0.0023
23_noVstd	1	316	0.7600	0.004800	0.0021
23_noVstd	1	316	0.7700	0.004900	0.0019
23_noVstd	1	316	0.7800	0.004900	0.0017
23_noVstd	1	316	0.7900	0.005300	0.0015
23_noVstd	1	316	0.8000	0.005700	0.0015
23_noVstd	1	316	0.8100	0.006100	0.0014
23_noVstd	1	316	0.8200	0.005900	0.0011
23_noVstd	1	316	0.8300	0.006000	0.0009
23_noVstd	1	316	0.8400	0.006700	0.0008
23_noVstd	1	316	0.8500	0.007200	0.0007
23_noVstd	1	316	0.8600	0.007500	0.0006
23_noVstd	1	316	0.8700	0.007700	0.0004
23_noVstd	1	316	0.8800	0.007700	0.0002
23_noVstd	1	316	0.8900	0.008600	0.0002
23_noVstd	1	316	0.9000	0.009100	0.0002
23_noVstd	1	316	0.9100	0.009300	0.0002
23_noVstd	1	316	0.9200	0.009800	0.0000
23_noVstd	1	316	0.9300	0.010100	0.0000
23_noVstd	1	316	0.9400	0.010700	0.0000
23_noVstd	1	316	0.9500	0.011200	0.0000
23_noVstd	1	316	0.9600	0.012100	0.0000
23_noVstd	1	316	0.9700	0.012800	0.0000
23_noVstd	1	316	0.9800	0.013600	0.0000
23_noVstd	1	316	0.9900	0.014400	0.0000
23_noVstd	1	316	1.0000	0.014400	0.0000
23_noVstd	10	316	0.0100	0.969800	0.9698
23_noVstd	10	316	0.0200	0.924700	0.9247
23_noVstd	10	316	0.0300	0.863200	0.8632
23_noVstd	10	316	0.0400	0.796800	0.7968
23_noVstd	10	316	0.0500	0.735900	0.7359
23_noVstd	10	316	0.0600	0.674600	0.6746
23_noVstd	10	316	0.0700	0.620400	0.6204
23_noVstd	10	316	0.0800	0.568100	0.5681
23_noVstd	10	316	0.0900	0.518100	0.5181
23_noVstd	10	316	0.1000	0.472200	0.4722
23_noVstd	10	316	0.1100	0.430100	0.4301
23_noVstd	10	316	0.1200	0.392300	0.3923
23_noVstd	10	316	0.1300	0.357700	0.3577
23_noVstd	10	316	0.1400	0.328300	0.3283
23_noVstd	10	316	0.1500	0.298600	0.2986
23_noVstd	10	316	0.1600	0.274300	0.2743
23_noVstd	10	316	0.1700	0.252000	0.2520
23_noVstd	10	316	0.1800	0.229900	0.2299
23_noVstd	10	316	0.1900	0.209200	0.2092
23_noVstd	10	316	0.2000	0.191900	0.1919
23_noVstd	10	316	0.2100	0.175400	0.1754
23_noVstd	10	316	0.2200	0.162500	0.1625
23_noVstd	10	316	0.2300	0.147900	0.1479
23_noVstd	10	316	0.2400	0.135700	0.1357
23_noVstd	10	316	0.2500	0.124100	0.1241
23_noVstd	10	316	0.2600	0.115100	0.1151
23_noVstd	10	316	0.2700	0.105400	0.1054
23_noVstd	10	316	0.2800	0.097400	0.0974
23_noVstd	10	316	0.2900	0.088700	0.0887
23_noVstd	10	316	0.3000	0.082200	0.0822
23_noVstd	10	316	0.3100	0.075300	0.0753
23_noVstd	10	316	0.3200	0.069600	0.0696
23_noVstd	10	316	0.3300	0.064900	0.0649
23_noVstd	10	316	0.3400	0.059000	0.0590
23_noVstd	10	316	0.3500	0.054500	0.0545
23_noVstd	10	316	0.3600	0.050500	0.0505
23_noVstd	10	316	0.3700	0.045700	0.0457
23_noVstd	10	316	0.3800	0.041900	0.0419
23_noVstd	10	316	0.3900	0.038300	0.0383
23_noVstd	10	316	0.4000	0.035000	0.0350
23_noVstd	10	316	0.4100	0.032600	0.0326
23_noVstd	10	316	0.4200	0.030700	0.0307
23_noVstd	10	316	0.4300	0.028100	0.0281
23_noVstd	10	316	0.4400	0.026000	0.0260
23_noVstd	10	316	0.4500	0.025700	0.0247
23_noVstd	10	316	0.4600	0.024100	0.0231
23_noVstd	10	316	0.4700	0.021900	0.0209
23_noVstd	10	316	0.4800	0.019700	0.0187
23_noVstd	10	316	0.4900	0.018400	0.0174
23_noVstd	10	316	0.5000	0.017200	0.0162
23_noVstd	10	316	0.5100	0.016300	0.0153
23_noVstd	10	316	0.5200	0.015200	0.0142
23_noVstd	10	316	0.5300	0.014800	0.0138
23_noVstd	10	316	0.5400	0.014700	0.0127
23_noVstd	10	316	0.5500	0.014200	0.0122
23_noVstd	10	316	0.5600	0.014000	0.0120
23_noVstd	10	316	0.5700	0.013000	0.0110
23_noVstd	10	316	0.5800	0.013900	0.0109
23_noVstd	10	316	0.5900	0.013100	0.0101
23_noVstd	10	316	0.6000	0.012300	0.0093
23_noVstd	10	316	0.6100	0.011700	0.0087
23_noVstd	10	316	0.6200	0.010900	0.0079
23_noVstd	10	316	0.6300	0.010300	0.0073
23_noVstd	10	316	0.6400	0.012500	0.0065
23_noVstd	10	316	0.6500	0.013100	0.0061
23_noVstd	10	316	0.6600	0.012800	0.0058
23_noVstd	10	316	0.6700	0.014500	0.0055
23_noVstd	10	316	0.6800	0.017300	0.0053
23_noVstd	10	316	0.6900	0.018900	0.0049
23_noVstd	10	316	0.7000	0.022200	0.0042
23_noVstd	10	316	0.7100	0.023500	0.0035
23_noVstd	10	316	0.7200	0.024100	0.0031
23_noVstd	10	316	0.7300	0.024800	0.0028
23_noVstd	10	316	0.7400	0.026500	0.0025
23_noVstd	10	316	0.7500	0.028300	0.0023
23_noVstd	10	316	0.7600	0.029100	0.0021
23_noVstd	10	316	0.7700	0.031900	0.0019
23_noVstd	10	316	0.7800	0.033700	0.0017
23_noVstd	10	316	0.7900	0.039500	0.0015
23_noVstd	10	316	0.8000	0.043500	0.0015
23_noVstd	10	316	0.8100	0.048400	0.0014
23_noVstd	10	316	0.8200	0.049100	0.0011
23_noVstd	10	316	0.8300	0.051900	0.0009
23_noVstd	10	316	0.8400	0.059800	0.0008
23_noVstd	10	316	0.8500	0.065700	0.0007
23_noVstd	10	316	0.8600	0.069600	0.0006
23_noVstd	10	316	0.8700	0.073400	0.0004
23_noVstd	10	316	0.8800	0.075200	0.0002
23_noVstd	10	316	0.8900	0.084200	0.0002
23_noVstd	10	316	0.9000	0.089200	0.0002
23_noVstd	10	316	0.9100	0.091200	0.0002
23_noVstd	10	316	0.9200	0.098000	0.0000
23_noVstd	10	316	0.9300	0.101000	0.0000
23_noVstd	10	316	0.9400	0.107000	0.0000
23_noVstd	10	316	0.9500	0.112000	0.0000
23_noVstd	10	316	0.9600	0.121000	0.0000
23_noVstd	10	316	0.9700	0.128000	0.0000
23_noVstd	10	316	0.9800	0.136000	0.0000
23_noVstd	10	316	0.9900	0.144000	0.0000
23_noVstd	10	316	1.0000	0.144000	0.0000
23_noVstd	100	316	0.0100	0.969800	0.9698
23_noVstd	100	316	0.0200	0.924700	0.9247
23_noVstd	100	316	0.0300	0.863200	0.8632
23_noVstd	100	316	0.0400	0.796800	0.7968
23_noVstd	100	316	0.0500	0.735900	0.7359
23_noVstd	100	316	0.0600	0.674600	0.6746
23_noVstd	100	316	0.0700	0.620400	0.6204
23_noVstd	100	316	0.0800	0.568100	0.5681
23_noVstd	100	316	0.0900	0.518100	0.5181
23_noVstd	100	316	0.1000	0.472200	0.4722
23_noVstd	100	316	0.1100	0.430100	0.4301
23_noVstd	100	316	0.1200	0.392300	0.3923
23_noVstd	100	316	0.1300	0.357700	0.3577
23_noVstd	100	316	0.1400	0.328300	0.3283
23_noVstd	100	316	0.1500	0.298600	0.2986
23_noVstd	100	316	0.1600	0.274300	0.2743
23_noVstd	100	316	0.1700	0.252000	0.2520
23_noVstd	100	316	0.1800	0.229900	0.2299
23_noVstd	100	316	0.1900	0.209200	0.2092
23_noVstd	100	316	0.2000	0.191900	0.1919
23_noVstd	100	316	0.2100	0.175400	0.1754
23_noVstd	100	316	0.2200	0.162500	0.1625
23_noVstd	100	316	0.2300	0.147900	0.1479
23_noVstd	100	316	0.2400	0.135700	0.1357
23_noVstd	100	316	0.2500	0.124100	0.1241
23_noVstd	100	316	0.2600	0.115100	0.1151
23_noVstd	100	316	0.2700	0.105400	0.1054
23_noVstd	100	316	0.2800	0.097400	0.0974
23_noVstd	100	316	0.2900	0.088700	0.0887
23_noVstd	100	316	0.3000	0.082200	0.0822
23_noVstd	100	316	0.3100	0.075300	0.0753
23_noVstd	100	316	0.3200	0.069600	0.0696
23_noVstd	100	316	0.3300	0.064900	0.0649
23_noVstd	100	316	0.3400	0.059000	0.0590
23_noVstd	100	316	0.3500	0.054500	0.0545
23_noVstd	100	316	0.3600	0.050500	0.0505
23_noVstd	100	316	0.3700	0.045700	0.0457
23_noVstd	100	316	0.3800	0.041900	0.0419
23_noVstd	100	316	0.3900	0.038300	0.0383
23_noVstd	100	316	0.4000	0.035000	0.0350
23_noVstd	100	316	0.4100	0.032600	0.0326
23_noVstd	100	316	0.4200	0.030700	0.0307
23_noVstd	100	316	0.4300	0.028100	0.0281
23_noVstd	100	316	0.4400	0.026000	0.0260
23_noVstd	100	316	0.4500	0.034700	0.0247
23_noVstd	100	316	0.4600	0.033100	0.0231
23_noVstd	100	316	0.4700	0.030900	0.0209
23_noVstd	100	316	0.4800	0.028700	0.0187
23_noVstd	100	316	0.4900	0.027400	0.0174
23_noVstd	100	316	0.5000	0.026200	0.0162
23_noVstd	100	316	0.5100	0.025300	0.0153
23_noVstd	100	316	0.5200	0.024200	0.0142
23_noVstd	100	316	0.5300	0.023800	0.0138
23_noVstd	100	316	0.5400	0.032700	0.0127
23_noVstd	100	316	0.5500	0.032200	0.0122
23_noVstd	100	316	0.5600	0.032000	0.0120
23_noVstd	100	316	0.5700	0.031000	0.0110
23_noVstd	100	316	0.5800	0.040900	0.0109
23_noVstd	100	316	0.5900	0.040100	0.0101
23_noVstd	100	316	0.6000	0.039300	0.0093
23_noVstd	100	316	0.6100	0.038700	0.0087
23_noVstd	100	316	0.6200	0.037900	0.0079
23_noVstd	100	316	0.6300	0.037300	0.0073
23_noVstd	100	316	0.6400	0.066500	0.0065
23_noVstd	100	316	0.6500	0.076100	0.0061
23_noVstd	100	316	0.6600	0.075800	0.0058
23_noVstd	100	316	0.6700	0.095500	0.0055
23_noVstd	100	316	0.6800	0.125300	0.0053
23_noVstd	100	316	0.6900	0.144900	0.0049
23_noVstd	100	316	0.7000	0.184200	0.0042
23_noVstd	100	316	0.7100	0.203500	0.0035
23_noVstd	100	316	0.7200	0.213100	0.0031
23_noVstd	100	316	0.7300	0.222800	0.0028
23_noVstd	100	316	0.7400	0.242500	0.0025
23_noVstd	100	316	0.7500	0.262300	0.0023
23_noVstd	100	316	0.7600	0.272100	0.0021
23_noVstd	100	316	0.7700	0.301900	0.0019
23_noVstd	100	316	0.7800	0.321700	0.0017
23_noVstd	100	316	0.7900	0.381500	0.0015
23_noVstd	100	316	0.8000	0.421500	0.0015
23_noVstd	100	316	0.8100	0.471400	0.0014
23_noVstd	100	316	0.8200	0.481100	0.0011
23_noVstd	100	316	0.8300	0.510900	0.0009
23_noVstd	100	316	0.8400	0.590800	0.0008
23_noVstd	100	316	0.8500	0.650700	0.0007
23_noVstd	100	316	0.8600	0.690600	0.0006
23_noVstd	100	316	0.8700	0.730400	0.0004
23_noVstd	100	316	0.8800	0.750200	0.0002
23_noVstd	100	316	0.8900	0.840200	0.0002
23_noVstd	100	316	0.9000	0.890200	0.0002
23_noVstd	100	316	0.9100	0.910200	0.0002
23_noVstd	100	316	0.9200	0.980000	0.0000
23_noVstd	100	316	0.9300	1.010000	0.0000
23_noVstd	100	316	0.9400	1.070000	0.0000
23_noVstd	100	316	0.9500	1.120000	0.0000
23_noVstd	100	316	0.9600	1.210000	0.0000
23_noVstd	100	316	0.9700	1.280000	0.0000
23_noVstd	100	316	0.9800	1.360000	0.0000
23_noVstd	100	316	0.9900	1.440000	0.0000
23_noVstd	100	316	1.0000	1.440000	0.0000
23_noVstd	1000	316	0.0100	0.969800	0.9698
23_noVstd	1000	316	0.0200	0.924700	0.9247
23_noVstd	1000	316	0.0300	0.863200	0.8632
23_noVstd	1000	316	0.0400	0.796800	0.7968
23_noVstd	1000	316	0.0500	0.735900	0.7359
23_noVstd	1000	316	0.0600	0.674600	0.6746
23_noVstd	1000	316	0.0700	0.620400	0.6204
23_noVstd	1000	316	0.0800	0.568100	0.5681
23_noVstd	1000	316	0.0900	0.518100	0.5181
23_noVstd	1000	316	0.1000	0.472200	0.4722
23_noVstd	1000	316	0.1100	0.430100	0.4301
23_noVstd	1000	316	0.1200	0.392300	0.3923
23_noVstd	1000	316	0.1300	0.357700	0.3577
23_noVstd	1000	316	0.1400	0.328300	0.3283
23_noVstd	1000	316	0.1500	0.298600	0.2986
23_noVstd	1000	316	0.1600	0.274300	0.2743
23_noVstd	1000	316	0.1700	0.252000	0.2520
23_noVstd	1000	316	0.1800	0.229900	0.2299
23_noVstd	1000	316	0.1900	0.209200	0.2092
23_noVstd	1000	316	0.2000	0.191900	0.1919
23_noVstd	1000	316	0.2100	0.175400	0.1754
23_noVstd	1000	316	0.2200	0.162500	0.1625
23_noVstd	1000	316	0.2300	0.147900	0.1479
23_noVstd	1000	316	0.2400	0.135700	0.1357
23_noVstd	1000	316	0.2500	0.124100	0.1241
23_noVstd	1000	316	0.2600	0.115100	0.1151
23_noVstd	1000	316	0.2700	0.105400	0.1054
23_noVstd	1000	316	0.2800	0.097400	0.0974
23_noVstd	1000	316	0.2900	0.088700	0.0887
23_noVstd	1000	316	0.3000	0.082200	0.0822
23_noVstd	1000	316	0.3100	0.075300	0.0753
23_noVstd	1000	316	0.3200	0.069600	0.0696
23_noVstd	1000	316	0.3300	0.064900	0.0649
23_noVstd	1000	316	0.3400	0.059000	0.0590
23_noVstd	1000	316	0.3500	0.054500	0.0545
23_noVstd	1000	316	0.3600	0.050500	0.0505
23_noVstd	1000	316	0.3700	0.045700	0.0457
23_noVstd	1000	316	0.3800	0.041900	0.0419
23_noVstd	1000	316	0.3900	0.038300	0.0383
23_noVstd	1000	316	0.4000	0.035000	0.0350
23_noVstd	1000	316	0.4100	0.032600	0.0326
23_noVstd	1000	316	0.4200	0.030700	0.0307
23_noVstd	1000	316	0.4300	0.028100	0.0281
23_noVstd	1000	316	0.4400	0.026000	0.0260
23_noVstd	1000	316	0.4500	0.124700	0.0247
23_noVstd	1000	316	0.4600	0.123100	0.0231
23_noVstd	1000	316	0.4700	0.120900	0.0209
23_noVstd	1000	316	0.4800	0.118700	0.0187
23_noVstd	1000	316	0.4900	0.117400	0.0174
23_noVstd	1000	316	0.5000	0.116200	0.0162
23_noVstd	1000	316	0.5100	0.115300	0.0153
23_noVstd	1000	316	0.5200	0.114200	0.0142
23_noVstd	1000	316	0.5300	0.113800	0.0138
23_noVstd	1000	316	0.5400	0.212700	0.0127
23_noVstd	1000	316	0.5500	0.212200	0.0122
23_noVstd	1000	316	0.5600	0.212000	0.0120
23_noVstd	1000	316	0.5700	0.211000	0.0110
23_noVstd	1000	316	0.5800	0.310900	0.0109
23_noVstd	1000	316	0.5900	0.310100	0.0101
23_noVstd	1000	316	0.6000	0.309300	0.0093
23_noVstd	1000	316	0.6100	0.308700	0.0087
23_noVstd	1000	316	0.6200	0.307900	0.0079
23_noVstd	1000	316	0.6300	0.307300	0.0073
23_noVstd	1000	316	0.6400	0.606500	0.0065
23_noVstd	1000	316	0.6500	0.706100	0.0061
23_noVstd	1000	316	0.6600	0.705800	0.0058
23_noVstd	1000	316	0.6700	0.905500	0.0055
23_noVstd	1000	316	0.6800	1.205300	0.0053
23_noVstd	1000	316	0.6900	1.404900	0.0049
23_noVstd	1000	316	0.7000	1.804200	0.0042
23_noVstd	1000	316	0.7100	2.003500	0.0035
23_noVstd	1000	316	0.7200	2.103100	0.0031
23_noVstd	1000	316	0.7300	2.202800	0.0028
23_noVstd	1000	316	0.7400	2.402500	0.0025
23_noVstd	1000	316	0.7500	2.602300	0.0023
23_noVstd	1000	316	0.7600	2.702100	0.0021
23_noVstd	1000	316	0.7700	3.001900	0.0019
23_noVstd	1000	316	0.7800	3.201700	0.0017
23_noVstd	1000	316	0.7900	3.801500	0.0015
23_noVstd	1000	316	0.8000	4.201500	0.0015
23_noVstd	1000	316	0.8100	4.701400	0.0014
23_noVstd	1000	316	0.8200	4.801100	0.0011
23_noVstd	1000	316	0.8300	5.100900	0.0009
23_noVstd	1000	316	0.8400	5.900800	0.0008
23_noVstd	1000	316	0.8500	6.500700	0.0007
23_noVstd	1000	316	0.8600	6.900600	0.0006
23_noVstd	1000	316	0.8700	7.300400	0.0004
23_noVstd	1000	316	0.8800	7.500200	0.0002
23_noVstd	1000	316	0.8900	8.400200	0.0002
23_noVstd	1000	316	0.9000	8.900200	0.0002
23_noVstd	1000	316	0.9100	9.100200	0.0002
23_noVstd	1000	316	0.9200	9.800000	0.0000
23_noVstd	1000	316	0.9300	10.100000	0.0000
23_noVstd	1000	316	0.9400	10.700000	0.0000
23_noVstd	1000	316	0.9500	11.200000	0.0000
23_noVstd	1000	316	0.9600	12.100000	0.0000
23_noVstd	1000	316	0.9700	12.800000	0.0000
23_noVstd	1000	316	0.9800	13.600000	0.0000
23_noVstd	1000	316	0.9900	14.400000	0.0000
23_noVstd	1000	316	1.0000	14.400000	0.0000
23_noVstd	1	453	0.0100	0.968100	0.9681
23_noVstd	1	453	0.0200	0.923000	0.9230
23_noVstd	1	453	0.0300	0.863900	0.8639
23_noVstd	1	453	0.0400	0.802000	0.8020
23_noVstd	1	453	0.0500	0.740500	0.7405
23_noVstd	1	453	0.0600	0.682400	0.6824
23_noVstd	1	453	0.0700	0.626500	0.6265
23_noVstd	1	453	0.0800	0.567400	0.5674
23_noVstd	1	453	0.0900	0.523000	0.5230
23_noVstd	1	453	0.1000	0.477600	0.4776
23_noVstd	1	453	0.1100	0.436500	0.4365
23_noVstd	1	453	0.1200	0.399800	0.3998
23_noVstd	1	453	0.1300	0.364800	0.3648
23_noVstd	1	453	0.1400	0.332600	0.3326
23_noVstd	1	453	0.1500	0.305200	0.3052
23_noVstd	1	453	0.1600	0.278000	0.2780
23_noVstd	1	453	0.1700	0.253200	0.2532
23_noVstd	1	453	0.1800	0.233700	0.2337
23_noVstd	1	453	0.1900	0.215300	0.2153
23_noVstd	1	453	0.2000	0.199100	0.1991
23_noVstd	1	453	0.2100	0.182500	0.1825
23_noVstd	1	453	0.2200	0.164500	0.1645
23_noVstd	1	453	0.2300	0.150000	0.1500
23_noVstd	1	453	0.2400	0.139100	0.1391
23_noVstd	1	453	0.2500	0.129000	0.1290
23_noVstd	1	453	0.2600	0.118800	0.1188
23_noVstd	1	453	0.2700	0.109400	0.1094
23_noVstd	1	453	0.2800	0.101400	0.1014
23_noVstd	1	453	0.2900	0.091700	0.0917
23_noVstd	1	453	0.3000	0.084800	0.0848
23_noVstd	1	453	0.3100	0.078100	0.0781
23_noVstd	1	453	0.3200	0.071200	0.0712
23_noVstd	1	453	0.3300	0.064800	0.0648
23_noVstd	1	453	0.3400	0.059300	0.0593
23_noVstd	1	453	0.3500	0.054100	0.0541
23_noVstd	1	453	0.3600	0.049700	0.0497
23_noVstd	1	453	0.3700	0.044900	0.0449
23_noVstd	1	453	0.3800	0.041800	0.0418
23_noVstd	1	453	0.3900	0.039000	0.0390
23_noVstd	1	453	0.4000	0.036300	0.0363
23_noVstd	1	453	0.4100	0.033500	0.0335
23_noVstd	1	453	0.4200	0.031600	0.0316
23_noVstd	1	453	0.4300	0.029800	0.0298
23_noVstd	1	453	0.4400	0.028200	0.0282
23_noVstd	1	453	0.4500	0.026700	0.0267
23_noVstd	1	453	0.4600	0.024400	0.0244
23_noVstd	1	453	0.4700	0.022900	0.0229
23_noVstd	1	453	0.4800	0.021400	0.0213
23_noVstd	1	453	0.4900	0.020400	0.0203
23_noVstd	1	453	0.5000	0.018700	0.0186
23_noVstd	1	453	0.5100	0.017200	0.0171
23_noVstd	1	453	0.5200	0.016500	0.0164
23_noVstd	1	453	0.5300	0.015400	0.0153
23_noVstd	1	453	0.5400	0.014600	0.0144
23_noVstd	1	453	0.5500	0.013400	0.0132
23_noVstd	1	453	0.5600	0.012500	0.0122
23_noVstd	1	453	0.5700	0.011500	0.0112
23_noVstd	1	453	0.5800	0.011300	0.0110
23_noVstd	1	453	0.5900	0.011000	0.0107
23_noVstd	1	453	0.6000	0.010500	0.0101
23_noVstd	1	453	0.6100	0.009600	0.0092
23_noVstd	1	453	0.6200	0.009100	0.0087
23_noVstd	1	453	0.6300	0.008300	0.0079
23_noVstd	1	453	0.6400	0.007900	0.0074
23_noVstd	1	453	0.6500	0.007000	0.0063
23_noVstd	1	453	0.6600	0.006900	0.0061
23_noVstd	1	453	0.6700	0.006600	0.0058
23_noVstd	1	453	0.6800	0.006300	0.0052
23_noVstd	1	453	0.6900	0.006300	0.0049
23_noVstd	1	453	0.7000	0.005900	0.0044
23_noVstd	1	453	0.7100	0.006000	0.0042
23_noVstd	1	453	0.7200	0.005600	0.0037
23_noVstd	1	453	0.7300	0.005300	0.0033
23_noVstd	1	453	0.7400	0.005400	0.0029
23_noVstd	1	453	0.7500	0.005500	0.0028
23_noVstd	1	453	0.7600	0.005800	0.0026
23_noVstd	1	453	0.7700	0.005700	0.0023
23_noVstd	1	453	0.7800	0.005900	0.0021
23_noVstd	1	453	0.7900	0.005900	0.0018
23_noVstd	1	453	0.8000	0.005900	0.0017
23_noVstd	1	453	0.8100	0.005700	0.0012
23_noVstd	1	453	0.8200	0.006100	0.0010
23_noVstd	1	453	0.8300	0.006400	0.0009
23_noVstd	1	453	0.8400	0.006500	0.0006
23_noVstd	1	453	0.8500	0.006600	0.0005
23_noVstd	1	453	0.8600	0.007100	0.0005
23_noVstd	1	453	0.8700	0.007600	0.0005
23_noVstd	1	453	0.8800	0.008600	0.0004
23_noVstd	1	453	0.8900	0.008800	0.0003
23_noVstd	1	453	0.9000	0.009200	0.0003
23_noVstd	1	453	0.9100	0.009400	0.0002
23_noVstd	1	453	0.9200	0.009500	0.0001
23_noVstd	1	453	0.9300	0.010500	0.0000
23_noVstd	1	453	0.9400	0.010800	0.0000
23_noVstd	1	453	0.9500	0.011300	0.0000
23_noVstd	1	453	0.9600	0.011800	0.0000
23_noVstd	1	453	0.9700	0.012700	0.0000
23_noVstd	1	453	0.9800	0.013600	0.0000
23_noVstd	1	453	0.9900	0.014400	0.0000
23_noVstd	1	453	1.0000	0.014400	0.0000
23_noVstd	10	453	0.0100	0.968100	0.9681
23_noVstd	10	453	0.0200	0.923000	0.9230
23_noVstd	10	453	0.0300	0.863900	0.8639
23_noVstd	10	453	0.0400	0.802000	0.8020
23_noVstd	10	453	0.0500	0.740500	0.7405
23_noVstd	10	453	0.0600	0.682400	0.6824
23_noVstd	10	453	0.0700	0.626500	0.6265
23_noVstd	10	453	0.0800	0.567400	0.5674
23_noVstd	10	453	0.0900	0.523000	0.5230
23_noVstd	10	453	0.1000	0.477600	0.4776
23_noVstd	10	453	0.1100	0.436500	0.4365
23_noVstd	10	453	0.1200	0.399800	0.3998
23_noVstd	10	453	0.1300	0.364800	0.3648
23_noVstd	10	453	0.1400	0.332600	0.3326
23_noVstd	10	453	0.1500	0.305200	0.3052
23_noVstd	10	453	0.1600	0.278000	0.2780
23_noVstd	10	453	0.1700	0.253200	0.2532
23_noVstd	10	453	0.1800	0.233700	0.2337
23_noVstd	10	453	0.1900	0.215300	0.2153
23_noVstd	10	453	0.2000	0.199100	0.1991
23_noVstd	10	453	0.2100	0.182500	0.1825
23_noVstd	10	453	0.2200	0.164500	0.1645
23_noVstd	10	453	0.2300	0.150000	0.1500
23_noVstd	10	453	0.2400	0.139100	0.1391
23_noVstd	10	453	0.2500	0.129000	0.1290
23_noVstd	10	453	0.2600	0.118800	0.1188
23_noVstd	10	453	0.2700	0.109400	0.1094
23_noVstd	10	453	0.2800	0.101400	0.1014
23_noVstd	10	453	0.2900	0.091700	0.0917
23_noVstd	10	453	0.3000	0.084800	0.0848
23_noVstd	10	453	0.3100	0.078100	0.0781
23_noVstd	10	453	0.3200	0.071200	0.0712
23_noVstd	10	453	0.3300	0.064800	0.0648
23_noVstd	10	453	0.3400	0.059300	0.0593
23_noVstd	10	453	0.3500	0.054100	0.0541
23_noVstd	10	453	0.3600	0.049700	0.0497
23_noVstd	10	453	0.3700	0.044900	0.0449
23_noVstd	10	453	0.3800	0.041800	0.0418
23_noVstd	10	453	0.3900	0.039000	0.0390
23_noVstd	10	453	0.4000	0.036300	0.0363
23_noVstd	10	453	0.4100	0.033500	0.0335
23_noVstd	10	453	0.4200	0.031600	0.0316
23_noVstd	10	453	0.4300	0.029800	0.0298
23_noVstd	10	453	0.4400	0.028200	0.0282
23_noVstd	10	453	0.4500	0.026700	0.0267
23_noVstd	10	453	0.4600	0.024400	0.0244
23_noVstd	10	453	0.4700	0.022900	0.0229
23_noVstd	10	453	0.4800	0.022300	0.0213
23_noVstd	10	453	0.4900	0.021300	0.0203
23_noVstd	10	453	0.5000	0.019600	0.0186
23_noVstd	10	453	0.5100	0.018100	0.0171
23_noVstd	10	453	0.5200	0.017400	0.0164
23_noVstd	10	453	0.5300	0.016300	0.0153
23_noVstd	10	453	0.5400	0.016400	0.0144
23_noVstd	10	453	0.5500	0.015200	0.0132
23_noVstd	10	453	0.5600	0.015200	0.0122
23_noVstd	10	453	0.5700	0.014200	0.0112
23_noVstd	10	453	0.5800	0.014000	0.0110
23_noVstd	10	453	0.5900	0.013700	0.0107
23_noVstd	10	453	0.6000	0.014100	0.0101
23_noVstd	10	453	0.6100	0.013200	0.0092
23_noVstd	10	453	0.6200	0.012700	0.0087
23_noVstd	10	453	0.6300	0.011900	0.0079
23_noVstd	10	453	0.6400	0.012400	0.0074
23_noVstd	10	453	0.6500	0.013300	0.0063
23_noVstd	10	453	0.6600	0.014100	0.0061
23_noVstd	10	453	0.6700	0.013800	0.0058
23_noVstd	10	453	0.6800	0.016200	0.0052
23_noVstd	10	453	0.6900	0.018900	0.0049
23_noVstd	10	453	0.7000	0.019400	0.0044
23_noVstd	10	453	0.7100	0.022200	0.0042
23_noVstd	10	453	0.7200	0.022700	0.0037
23_noVstd	10	453	0.7300	0.023300	0.0033
23_noVstd	10	453	0.7400	0.027900	0.0029
23_noVstd	10	453	0.7500	0.029800	0.0028
23_noVstd	10	453	0.7600	0.034600	0.0026
23_noVstd	10	453	0.7700	0.036300	0.0023
23_noVstd	10	453	0.7800	0.040100	0.0021
23_noVstd	10	453	0.7900	0.042800	0.0018
23_noVstd	10	453	0.8000	0.043700	0.0017
23_noVstd	10	453	0.8100	0.046200	0.0012
23_noVstd	10	453	0.8200	0.052000	0.0010
23_noVstd	10	453	0.8300	0.055900	0.0009
23_noVstd	10	453	0.8400	0.059600	0.0006
23_noVstd	10	453	0.8500	0.061500	0.0005
23_noVstd	10	453	0.8600	0.066500	0.0005
23_noVstd	10	453	0.8700	0.071500	0.0005
23_noVstd	10	453	0.8800	0.082400	0.0004
23_noVstd	10	453	0.8900	0.085300	0.0003
23_noVstd	10	453	0.9000	0.089300	0.0003
23_noVstd	10	453	0.9100	0.092200	0.0002
23_noVstd	10	453	0.9200	0.094100	0.0001
23_noVstd	10	453	0.9300	0.105000	0.0000
23_noVstd	10	453	0.9400	0.108000	0.0000
23_noVstd	10	453	0.9500	0.113000	0.0000
23_noVstd	10	453	0.9600	0.118000	0.0000
23_noVstd	10	453	0.9700	0.127000	0.0000
23_noVstd	10	453	0.9800	0.136000	0.0000
23_noVstd	10	453	0.9900	0.144000	0.0000
23_noVstd	10	453	1.0000	0.144000	0.0000
23_noVstd	100	453	0.0100	0.968100	0.9681
23_noVstd	100	453	0.0200	0.923000	0.9230
23_noVstd	100	453	0.0300	0.863900	0.8639
23_noVstd	100	453	0.0400	0.802000	0.8020
23_noVstd	100	453	0.0500	0.740500	0.7405
23_noVstd	100	453	0.0600	0.682400	0.6824
23_noVstd	100	453	0.0700	0.626500	0.6265
23_noVstd	100	453	0.0800	0.567400	0.5674
23_noVstd	100	453	0.0900	0.523000	0.5230
23_noVstd	100	453	0.1000	0.477600	0.4776
23_noVstd	100	453	0.1100	0.436500	0.4365
23_noVstd	100	453	0.1200	0.399800	0.3998
23_noVstd	100	453	0.1300	0.364800	0.3648
23_noVstd	100	453	0.1400	0.332600	0.3326
23_noVstd	100	453	0.1500	0.305200	0.3052
23_noVstd	100	453	0.1600	0.278000	0.2780
23_noVstd	100	453	0.1700	0.253200	0.2532
23_noVstd	100	453	0.1800	0.233700	0.2337
23_noVstd	100	453	0.1900	0.215300	0.2153
23_noVstd	100	453	0.2000	0.199100	0.1991
23_noVstd	100	453	0.2100	0.182500	0.1825
23_noVstd	100	453	0.2200	0.164500	0.1645
23_noVstd	100	453	0.2300	0.150000	0.1500
23_noVstd	100	453	0.2400	0.139100	0.1391
23_noVstd	100	453	0.2500	0.129000	0.1290
23_noVstd	100	453	0.2600	0.118800	0.1188
23_noVstd	100	453	0.2700	0.109400	0.1094
23_noVstd	100	453	0.2800	0.101400	0.1014
23_noVstd	100	453	0.2900	0.091700	0.0917
23_noVstd	100	453	0.3000	0.084800	0.0848
23_noVstd	100	453	0.3100	0.078100	0.0781
23_noVstd	100	453	0.3200	0.071200	0.0712
23_noVstd	100	453	0.3300	0.064800	0.0648
23_noVstd	100	453	0.3400	0.059300	0.0593
23_noVstd	100	453	0.3500	0.054100	0.0541
23_noVstd	100	453	0.3600	0.049700	0.0497
23_noVstd	100	453	0.3700	0.044900	0.0449
23_noVstd	100	453	0.3800	0.041800	0.0418
23_noVstd	100	453	0.3900	0.039000	0.0390
23_noVstd	100	453	0.4000	0.036300	0.0363
23_noVstd	100	453	0.4100	0.033500	0.0335
23_noVstd	100	453	0.4200	0.031600	0.0316
23_noVstd	100	453	0.4300	0.029800	0.0298
23_noVstd	100	453	0.4400	0.028200	0.0282
23_noVstd	100	453	0.4500	0.026700	0.0267
23_noVstd	100	453	0.4600	0.024400	0.0244
23_noVstd	100	453	0.4700	0.022900	0.0229
23_noVstd	100	453	0.4800	0.031300	0.0213
23_noVstd	100	453	0.4900	0.030300	0.0203
23_noVstd	100	453	0.5000	0.028600	0.0186
23_noVstd	100	453	0.5100	0.027100	0.0171
23_noVstd	100	453	0.5200	0.026400	0.0164
23_noVstd	100	453	0.5300	0.025300	0.0153
23_noVstd	100	453	0.5400	0.034400	0.0144
23_noVstd	100	453	0.5500	0.033200	0.0132
23_noVstd	100	453	0.5600	0.042200	0.0122
23_noVstd	100	453	0.5700	0.041200	0.0112
23_noVstd	100	453	0.5800	0.041000	0.0110
23_noVstd	100	453	0.5900	0.040700	0.0107
23_noVstd	100	453	0.6000	0.050100	0.0101
23_noVstd	100	453	0.6100	0.049200	0.0092
23_noVstd	100	453	0.6200	0.048700	0.0087
23_noVstd	100	453	0.6300	0.047900	0.0079
23_noVstd	100	453	0.6400	0.057400	0.0074
23_noVstd	100	453	0.6500	0.076300	0.0063
23_noVstd	100	453	0.6600	0.086100	0.0061
23_noVstd	100	453	0.6700	0.085800	0.0058
23_noVstd	100	453	0.6800	0.115200	0.0052
23_noVstd	100	453	0.6900	0.144900	0.0049
23_noVstd	100	453	0.7000	0.154400	0.0044
23_noVstd	100	453	0.7100	0.184200	0.0042
23_noVstd	100	453	0.7200	0.193700	0.0037
23_noVstd	100	453	0.7300	0.203300	0.0033
23_noVstd	100	453	0.7400	0.252900	0.0029
23_noVstd	100	453	0.7500	0.272800	0.0028
23_noVstd	100	453	0.7600	0.322600	0.0026
23_noVstd	100	453	0.7700	0.342300	0.0023
23_noVstd	100	453	0.7800	0.382100	0.0021
23_noVstd	100	453	0.7900	0.411800	0.0018
23_noVstd	100	453	0.8000	0.421700	0.0017
23_noVstd	100	453	0.8100	0.451200	0.0012
23_noVstd	100	453	0.8200	0.511000	0.0010
23_noVstd	100	453	0.8300	0.550900	0.0009
23_noVstd	100	453	0.8400	0.590600	0.0006
23_noVstd	100	453	0.8500	0.610500	0.0005
23_noVstd	100	453	0.8600	0.660500	0.0005
23_noVstd	100	453	0.8700	0.710500	0.0005
23_noVstd	100	453	0.8800	0.820400	0.0004
23_noVstd	100	453	0.8900	0.850300	0.0003
23_noVstd	100	453	0.9000	0.890300	0.0003
23_noVstd	100	453	0.9100	0.920200	0.0002
23_noVstd	100	453	0.9200	0.940100	0.0001
23_noVstd	100	453	0.9300	1.050000	0.0000
23_noVstd	100	453	0.9400	1.080000	0.0000
23_noVstd	100	453	0.9500	1.130000	0.0000
23_noVstd	100	453	0.9600	1.180000	0.0000
23_noVstd	100	453	0.9700	1.270000	0.0000
23_noVstd	100	453	0.9800	1.360000	0.0000
23_noVstd	100	453	0.9900	1.440000	0.0000
23_noVstd	100	453	1.0000	1.440000	0.0000
23_noVstd	1000	453	0.0100	0.968100	0.9681
23_noVstd	1000	453	0.0200	0.923000	0.9230
23_noVstd	1000	453	0.0300	0.863900	0.8639
23_noVstd	1000	453	0.0400	0.802000	0.8020
23_noVstd	1000	453	0.0500	0.740500	0.7405
23_noVstd	1000	453	0.0600	0.682400	0.6824
23_noVstd	1000	453	0.0700	0.626500	0.6265
23_noVstd	1000	453	0.0800	0.567400	0.5674
23_noVstd	1000	453	0.0900	0.523000	0.5230
23_noVstd	1000	453	0.1000	0.477600	0.4776
23_noVstd	1000	453	0.1100	0.436500	0.4365
23_noVstd	1000	453	0.1200	0.399800	0.3998
23_noVstd	1000	453	0.1300	0.364800	0.3648
23_noVstd	1000	453	0.1400	0.332600	0.3326
23_noVstd	1000	453	0.1500	0.305200	0.3052
23_noVstd	1000	453	0.1600	0.278000	0.2780
23_noVstd	1000	453	0.1700	0.253200	0.2532
23_noVstd	1000	453	0.1800	0.233700	0.2337
23_noVstd	1000	453	0.1900	0.215300	0.2153
23_noVstd	1000	453	0.2000	0.199100	0.1991
23_noVstd	1000	453	0.2100	0.182500	0.1825
23_noVstd	1000	453	0.2200	0.164500	0.1645
23_noVstd	1000	453	0.2300	0.150000	0.1500
23_noVstd	1000	453	0.2400	0.139100	0.1391
23_noVstd	1000	453	0.2500	0.129000	0.1290
23_noVstd	1000	453	0.2600	0.118800	0.1188
23_noVstd	1000	453	0.2700	0.109400	0.1094
23_noVstd	1000	453	0.2800	0.101400	0.1014
23_noVstd	1000	453	0.2900	0.091700	0.0917
23_noVstd	1000	453	0.3000	0.084800	0.0848
23_noVstd	1000	453	0.3100	0.078100	0.0781
23_noVstd	1000	453	0.3200	0.071200	0.0712
23_noVstd	1000	453	0.3300	0.064800	0.0648
23_noVstd	1000	453	0.3400	0.059300	0.0593
23_noVstd	1000	453	0.3500	0.054100	0.0541
23_noVstd	1000	453	0.3600	0.049700	0.0497
23_noVstd	1000	453	0.3700	0.044900	0.0449
23_noVstd	1000	453	0.3800	0.041800	0.0418
23_noVstd	1000	453	0.3900	0.039000	0.0390
23_noVstd	1000	453	0.4000	0.036300	0.0363
23_noVstd	1000	453	0.4100	0.033500	0.0335
23_noVstd	1000	453	0.4200	0.031600	0.0316
23_noVstd	1000	453	0.4300	0.029800	0.0298
23_noVstd	1000	453	0.4400	0.028200	0.0282
23_noVstd	1000	453	0.4500	0.026700	0.0267
23_noVstd	1000	453	0.4600	0.024400	0.0244
23_noVstd	1000	453	0.4700	0.022900	0.0229
23_noVstd	1000	453	0.4800	0.121300	0.0213
23_noVstd	1000	453	0.4900	0.120300	0.0203
23_noVstd	1000	453	0.5000	0.118600	0.0186
23_noVstd	1000	453	0.5100	0.117100	0.0171
23_noVstd	1000	453	0.5200	0.116400	0.0164
23_noVstd	1000	453	0.5300	0.115300	0.0153
23_noVstd	1000	453	0.5400	0.214400	0.0144
23_noVstd	1000	453	0.5500	0.213200	0.0132
23_noVstd	1000	453	0.5600	0.312200	0.0122
23_noVstd	1000	453	0.5700	0.311200	0.0112
23_noVstd	1000	453	0.5800	0.311000	0.0110
23_noVstd	1000	453	0.5900	0.310700	0.0107
23_noVstd	1000	453	0.6000	0.410100	0.0101
23_noVstd	1000	453	0.6100	0.409200	0.0092
23_noVstd	1000	453	0.6200	0.408700	0.0087
23_noVstd	1000	453	0.6300	0.407900	0.0079
23_noVstd	1000	453	0.6400	0.507400	0.0074
23_noVstd	1000	453	0.6500	0.706300	0.0063
23_noVstd	1000	453	0.6600	0.806100	0.0061
23_noVstd	1000	453	0.6700	0.805800	0.0058
23_noVstd	1000	453	0.6800	1.105200	0.0052
23_noVstd	1000	453	0.6900	1.404900	0.0049
23_noVstd	1000	453	0.7000	1.504400	0.0044
23_noVstd	1000	453	0.7100	1.804200	0.0042
23_noVstd	1000	453	0.7200	1.903700	0.0037
23_noVstd	1000	453	0.7300	2.003300	0.0033
23_noVstd	1000	453	0.7400	2.502900	0.0029
23_noVstd	1000	453	0.7500	2.702800	0.0028
23_noVstd	1000	453	0.7600	3.202600	0.0026
23_noVstd	1000	453	0.7700	3.402300	0.0023
23_noVstd	1000	453	0.7800	3.802100	0.0021
23_noVstd	1000	453	0.7900	4.101800	0.0018
23_noVstd	1000	453	0.8000	4.201700	0.0017
23_noVstd	1000	453	0.8100	4.501200	0.0012
23_noVstd	1000	453	0.8200	5.101000	0.0010
23_noVstd	1000	453	0.8300	5.500900	0.0009
23_noVstd	1000	453	0.8400	5.900600	0.0006
23_noVstd	1000	453	0.8500	6.100500	0.0005
23_noVstd	1000	453	0.8600	6.600500	0.0005
23_noVstd	1000	453	0.8700	7.100500	0.0005
23_noVstd	1000	453	0.8800	8.200400	0.0004
23_noVstd	1000	453	0.8900	8.500300	0.0003
23_noVstd	1000	453	0.9000	8.900300	0.0003
23_noVstd	1000	453	0.9100	9.200200	0.0002
23_noVstd	1000	453	0.9200	9.400100	0.0001
23_noVstd	1000	453	0.9300	10.500000	0.0000
23_noVstd	1000	453	0.9400	10.800000	0.0000
23_noVstd	1000	453	0.9500	11.300000	0.0000
23_noVstd	1000	453	0.9600	11.800000	0.0000
23_noVstd	1000	453	0.9700	12.700000	0.0000
23_noVstd	1000	453	0.9800	13.600000	0.0000
23_noVstd	1000	453	0.9900	14.400000	0.0000
23_noVstd	1000	453	1.0000	14.400000	0.0000
23_noVstd	1	590	0.0100	0.969100	0.9691
23_noVstd	1	590	0.0200	0.918800	0.9188
23_noVstd	1	590	0.0300	0.855000	0.8550
23_noVstd	1	590	0.0400	0.785500	0.7855
23_noVstd	1	590	0.0500	0.720900	0.7209
23_noVstd	1	590	0.0600	0.660600	0.6606
23_noVstd	1	590	0.0700	0.602900	0.6029
23_noVstd	1	590	0.0800	0.543500	0.5435
23_noVstd	1	590	0.0900	0.493000	0.4930
23_noVstd	1	590	0.1000	0.448100	0.4481
23_noVstd	1	590	0.1100	0.410600	0.4106
23_noVstd	1	590	0.1200	0.373400	0.3734
23_noVstd	1	590	0.1300	0.341900	0.3419
23_noVstd	1	590	0.1400	0.309700	0.3097
23_noVstd	1	590	0.1500	0.281500	0.2815
23_noVstd	1	590	0.1600	0.255600	0.2556
23_noVstd	1	590	0.1700	0.235100	0.2351
23_noVstd	1	590	0.1800	0.215700	0.2157
23_noVstd	1	590	0.1900	0.198500	0.1985
23_noVstd	1	590	0.2000	0.181400	0.1814
23_noVstd	1	590	0.2100	0.167400	0.1674
23_noVstd	1	590	0.2200	0.154400	0.1544
23_noVstd	1	590	0.2300	0.142400	0.1424
23_noVstd	1	590	0.2400	0.130900	0.1309
23_noVstd	1	590	0.2500	0.120200	0.1202
23_noVstd	1	590	0.2600	0.110000	0.1100
23_noVstd	1	590	0.2700	0.099500	0.0995
23_noVstd	1	590	0.2800	0.092200	0.0922
23_noVstd	1	590	0.2900	0.085700	0.0857
23_noVstd	1	590	0.3000	0.079400	0.0794
23_noVstd	1	590	0.3100	0.073100	0.0731
23_noVstd	1	590	0.3200	0.066700	0.0667
23_noVstd	1	590	0.3300	0.062500	0.0625
23_noVstd	1	590	0.3400	0.057000	0.0570
23_noVstd	1	590	0.3500	0.053800	0.0538
23_noVstd	1	590	0.3600	0.048200	0.0482
23_noVstd	1	590	0.3700	0.044100	0.0441
23_noVstd	1	590	0.3800	0.040700	0.0407
23_noVstd	1	590	0.3900	0.038000	0.0380
23_noVstd	1	590	0.4000	0.035600	0.0356
23_noVstd	1	590	0.4100	0.032300	0.0323
23_noVstd	1	590	0.4200	0.030700	0.0307
23_noVstd	1	590	0.4300	0.028400	0.0284
23_noVstd	1	590	0.4400	0.025900	0.0259
23_noVstd	1	590	0.4500	0.023400	0.0234
23_noVstd	1	590	0.4600	0.021600	0.0216
23_noVstd	1	590	0.4700	0.020300	0.0203
23_noVstd	1	590	0.4800	0.019600	0.0196
23_noVstd	1	590	0.4900	0.018800	0.0188
23_noVstd	1	590	0.5000	0.017900	0.0179
23_noVstd	1	590	0.5100	0.016800	0.0168
23_noVstd	1	590	0.5200	0.016000	0.0160
23_noVstd	1	590	0.5300	0.015100	0.0149
23_noVstd	1	590	0.5400	0.014600	0.0144
23_noVstd	1	590	0.5500	0.013800	0.0136
23_noVstd	1	590	0.5600	0.013000	0.0127
23_noVstd	1	590	0.5700	0.011800	0.0115
23_noVstd	1	590	0.5800	0.011100	0.0108
23_noVstd	1	590	0.5900	0.010100	0.0097
23_noVstd	1	590	0.6000	0.009300	0.0089
23_noVstd	1	590	0.6100	0.008700	0.0083
23_noVstd	1	590	0.6200	0.008500	0.0080
23_noVstd	1	590	0.6300	0.008200	0.0077
23_noVstd	1	590	0.6400	0.007900	0.0072
23_noVstd	1	590	0.6500	0.007700	0.0069
23_noVstd	1	590	0.6600	0.007000	0.0060
23_noVstd	1	590	0.6700	0.006600	0.0056
23_noVstd	1	590	0.6800	0.006500	0.0052
23_noVstd	1	590	0.6900	0.006400	0.0048
23_noVstd	1	590	0.7000	0.006000	0.0043
23_noVstd	1	590	0.7100	0.005700	0.0039
23_noVstd	1	590	0.7200	0.005400	0.0033
23_noVstd	1	590	0.7300	0.005300	0.0031
23_noVstd	1	590	0.7400	0.005200	0.0026
23_noVstd	1	590	0.7500	0.004900	0.0023
23_noVstd	1	590	0.7600	0.005100	0.0023
23_noVstd	1	590	0.7700	0.004800	0.0020
23_noVstd	1	590	0.7800	0.005300	0.0019
23_noVstd	1	590	0.7900	0.005300	0.0017
23_noVstd	1	590	0.8000	0.005100	0.0013
23_noVstd	1	590	0.8100	0.005000	0.0010
23_noVstd	1	590	0.8200	0.005300	0.0009
23_noVstd	1	590	0.8300	0.005800	0.0007
23_noVstd	1	590	0.8400	0.006400	0.0006
23_noVstd	1	590	0.8500	0.006900	0.0006
23_noVstd	1	590	0.8600	0.007000	0.0005
23_noVstd	1	590	0.8700	0.007100	0.0003
23_noVstd	1	590	0.8800	0.007500	0.0003
23_noVstd	1	590	0.8900	0.008400	0.0003
23_noVstd	1	590	0.9000	0.008600	0.0001
23_noVstd	1	590	0.9100	0.009000	0.0000
23_noVstd	1	590	0.9200	0.009400	0.0000
23_noVstd	1	590	0.9300	0.010000	0.0000
23_noVstd	1	590	0.9400	0.010500	0.0000
23_noVstd	1	590	0.9500	0.011100	0.0000
23_noVstd	1	590	0.9600	0.011700	0.0000
23_noVstd	1	590	0.9700	0.012900	0.0000
23_noVstd	1	590	0.9800	0.013500	0.0000
23_noVstd	1	590	0.9900	0.014400	0.0000
23_noVstd	1	590	1.0000	0.014400	0.0000
23_noVstd	10	590	0.0100	0.969100	0.9691
23_noVstd	10	590	0.0200	0.918800	0.9188
23_noVstd	10	590	0.0300	0.855000	0.8550
23_noVstd	10	590	0.0400	0.785500	0.7855
23_noVstd	10	590	0.0500	0.720900	0.7209
23_noVstd	10	590	0.0600	0.660600	0.6606
23_noVstd	10	590	0.0700	0.602900	0.6029
23_noVstd	10	590	0.0800	0.543500	0.5435
23_noVstd	10	590	0.0900	0.493000	0.4930
23_noVstd	10	590	0.1000	0.448100	0.4481
23_noVstd	10	590	0.1100	0.410600	0.4106
23_noVstd	10	590	0.1200	0.373400	0.3734
23_noVstd	10	590	0.1300	0.341900	0.3419
23_noVstd	10	590	0.1400	0.309700	0.3097
23_noVstd	10	590	0.1500	0.281500	0.2815
23_noVstd	10	590	0.1600	0.255600	0.2556
23_noVstd	10	590	0.1700	0.235100	0.2351
23_noVstd	10	590	0.1800	0.215700	0.2157
23_noVstd	10	590	0.1900	0.198500	0.1985
23_noVstd	10	590	0.2000	0.181400	0.1814
23_noVstd	10	590	0.2100	0.167400	0.1674
23_noVstd	10	590	0.2200	0.154400	0.1544
23_noVstd	10	590	0.2300	0.142400	0.1424
23_noVstd	10	590	0.2400	0.130900	0.1309
23_noVstd	10	590	0.2500	0.120200	0.1202
23_noVstd	10	590	0.2600	0.110000	0.1100
23_noVstd	10	590	0.2700	0.099500	0.0995
23_noVstd	10	590	0.2800	0.092200	0.0922
23_noVstd	10	590	0.2900	0.085700	0.0857
23_noVstd	10	590	0.3000	0.079400	0.0794
23_noVstd	10	590	0.3100	0.073100	0.0731
23_noVstd	10	590	0.3200	0.066700	0.0667
23_noVstd	10	590	0.3300	0.062500	0.0625
23_noVstd	10	590	0.3400	0.057000	0.0570
23_noVstd	10	590	0.3500	0.053800	0.0538
23_noVstd	10	590	0.3600	0.048200	0.0482
23_noVstd	10	590	0.3700	0.044100	0.0441
23_noVstd	10	590	0.3800	0.040700	0.0407
23_noVstd	10	590	0.3900	0.038000	0.0380
23_noVstd	10	590	0.4000	0.035600	0.0356
23_noVstd	10	590	0.4100	0.032300	0.0323
23_noVstd	10	590	0.4200	0.030700	0.0307
23_noVstd	10	590	0.4300	0.028400	0.0284
23_noVstd	10	590	0.4400	0.025900	0.0259
23_noVstd	10	590	0.4500	0.023400	0.0234
23_noVstd	10	590	0.4600	0.021600	0.0216
23_noVstd	10	590	0.4700	0.020300	0.0203
23_noVstd	10	590	0.4800	0.019600	0.0196
23_noVstd	10	590	0.4900	0.018800	0.0188
23_noVstd	10	590	0.5000	0.017900	0.0179
23_noVstd	10	590	0.5100	0.016800	0.0168
23_noVstd	10	590	0.5200	0.016000	0.0160
23_noVstd	10	590	0.5300	0.016900	0.0149
23_noVstd	10	590	0.5400	0.016400	0.0144
23_noVstd	10	590	0.5500	0.015600	0.0136
23_noVstd	10	590	0.5600	0.015700	0.0127
23_noVstd	10	590	0.5700	0.014500	0.0115
23_noVstd	10	590	0.5800	0.013800	0.0108
23_noVstd	10	590	0.5900	0.013700	0.0097
23_noVstd	10	590	0.6000	0.012900	0.0089
23_noVstd	10	590	0.6100	0.012300	0.0083
23_noVstd	10	590	0.6200	0.013000	0.0080
23_noVstd	10	590	0.6300	0.012700	0.0077
23_noVstd	10	590	0.6400	0.014200	0.0072
23_noVstd	10	590	0.6500	0.014900	0.0069
23_noVstd	10	590	0.6600	0.016000	0.0060
23_noVstd	10	590	0.6700	0.015600	0.0056
23_noVstd	10	590	0.6800	0.018200	0.0052
23_noVstd	10	590	0.6900	0.020800	0.0048
23_noVstd	10	590	0.7000	0.021300	0.0043
23_noVstd	10	590	0.7100	0.021900	0.0039
23_noVstd	10	590	0.7200	0.024300	0.0033
23_noVstd	10	590	0.7300	0.025100	0.0031
23_noVstd	10	590	0.7400	0.028600	0.0026
23_noVstd	10	590	0.7500	0.028300	0.0023
23_noVstd	10	590	0.7600	0.030300	0.0023
23_noVstd	10	590	0.7700	0.030000	0.0020
23_noVstd	10	590	0.7800	0.035900	0.0019
23_noVstd	10	590	0.7900	0.037700	0.0017
23_noVstd	10	590	0.8000	0.039300	0.0013
23_noVstd	10	590	0.8100	0.041000	0.0010
23_noVstd	10	590	0.8200	0.044900	0.0009
23_noVstd	10	590	0.8300	0.051700	0.0007
23_noVstd	10	590	0.8400	0.058600	0.0006
23_noVstd	10	590	0.8500	0.063600	0.0006
23_noVstd	10	590	0.8600	0.065500	0.0005
23_noVstd	10	590	0.8700	0.068300	0.0003
23_noVstd	10	590	0.8800	0.072300	0.0003
23_noVstd	10	590	0.8900	0.081300	0.0003
23_noVstd	10	590	0.9000	0.085100	0.0001
23_noVstd	10	590	0.9100	0.090000	0.0000
23_noVstd	10	590	0.9200	0.094000	0.0000
23_noVstd	10	590	0.9300	0.100000	0.0000
23_noVstd	10	590	0.9400	0.105000	0.0000
23_noVstd	10	590	0.9500	0.111000	0.0000
23_noVstd	10	590	0.9600	0.117000	0.0000
23_noVstd	10	590	0.9700	0.129000	0.0000
23_noVstd	10	590	0.9800	0.135000	0.0000
23_noVstd	10	590	0.9900	0.144000	0.0000
23_noVstd	10	590	1.0000	0.144000	0.0000
23_noVstd	100	590	0.0100	0.969100	0.9691
23_noVstd	100	590	0.0200	0.918800	0.9188
23_noVstd	100	590	0.0300	0.855000	0.8550
23_noVstd	100	590	0.0400	0.785500	0.7855
23_noVstd	100	590	0.0500	0.720900	0.7209
23_noVstd	100	590	0.0600	0.660600	0.6606
23_noVstd	100	590	0.0700	0.602900	0.6029
23_noVstd	100	590	0.0800	0.543500	0.5435
23_noVstd	100	590	0.0900	0.493000	0.4930
23_noVstd	100	590	0.1000	0.448100	0.4481
23_noVstd	100	590	0.1100	0.410600	0.4106
23_noVstd	100	590	0.1200	0.373400	0.3734
23_noVstd	100	590	0.1300	0.341900	0.3419
23_noVstd	100	590	0.1400	0.309700	0.3097
23_noVstd	100	590	0.1500	0.281500	0.2815
23_noVstd	100	590	0.1600	0.255600	0.2556
23_noVstd	100	590	0.1700	0.235100	0.2351
23_noVstd	100	590	0.1800	0.215700	0.2157
23_noVstd	100	590	0.1900	0.198500	0.1985
23_noVstd	100	590	0.2000	0.181400	0.1814
23_noVstd	100	590	0.2100	0.167400	0.1674
23_noVstd	100	590	0.2200	0.154400	0.1544
23_noVstd	100	590	0.2300	0.142400	0.1424
23_noVstd	100	590	0.2400	0.130900	0.1309
23_noVstd	100	590	0.2500	0.120200	0.1202
23_noVstd	100	590	0.2600	0.110000	0.1100
23_noVstd	100	590	0.2700	0.099500	0.0995
23_noVstd	100	590	0.2800	0.092200	0.0922
23_noVstd	100	590	0.2900	0.085700	0.0857
23_noVstd	100	590	0.3000	0.079400	0.0794
23_noVstd	100	590	0.3100	0.073100	0.0731
23_noVstd	100	590	0.3200	0.066700	0.0667
23_noVstd	100	590	0.3300	0.062500	0.0625
23_noVstd	100	590	0.3400	0.057000	0.0570
23_noVstd	100	590	0.3500	0.053800	0.0538
23_noVstd	100	590	0.3600	0.048200	0.0482
23_noVstd	100	590	0.3700	0.044100	0.0441
23_noVstd	100	590	0.3800	0.040700	0.0407
23_noVstd	100	590	0.3900	0.038000	0.0380
23_noVstd	100	590	0.4000	0.035600	0.0356
23_noVstd	100	590	0.4100	0.032300	0.0323
23_noVstd	100	590	0.4200	0.030700	0.0307
23_noVstd	100	590	0.4300	0.028400	0.0284
23_noVstd	100	590	0.4400	0.025900	0.0259
23_noVstd	100	590	0.4500	0.023400	0.0234
23_noVstd	100	590	0.4600	0.021600	0.0216
23_noVstd	100	590	0.4700	0.020300	0.0203
23_noVstd	100	590	0.4800	0.019600	0.0196
23_noVstd	100	590	0.4900	0.018800	0.0188
23_noVstd	100	590	0.5000	0.017900	0.0179
23_noVstd	100	590	0.5100	0.016800	0.0168
23_noVstd	100	590	0.5200	0.016000	0.0160
23_noVstd	100	590	0.5300	0.034900	0.0149
23_noVstd	100	590	0.5400	0.034400	0.0144
23_noVstd	100	590	0.5500	0.033600	0.0136
23_noVstd	100	590	0.5600	0.042700	0.0127
23_noVstd	100	590	0.5700	0.041500	0.0115
23_noVstd	100	590	0.5800	0.040800	0.0108
23_noVstd	100	590	0.5900	0.049700	0.0097
23_noVstd	100	590	0.6000	0.048900	0.0089
23_noVstd	100	590	0.6100	0.048300	0.0083
23_noVstd	100	590	0.6200	0.058000	0.0080
23_noVstd	100	590	0.6300	0.057700	0.0077
23_noVstd	100	590	0.6400	0.077200	0.0072
23_noVstd	100	590	0.6500	0.086900	0.0069
23_noVstd	100	590	0.6600	0.106000	0.0060
23_noVstd	100	590	0.6700	0.105600	0.0056
23_noVstd	100	590	0.6800	0.135200	0.0052
23_noVstd	100	590	0.6900	0.164800	0.0048
23_noVstd	100	590	0.7000	0.174300	0.0043
23_noVstd	100	590	0.7100	0.183900	0.0039
23_noVstd	100	590	0.7200	0.213300	0.0033
23_noVstd	100	590	0.7300	0.223100	0.0031
23_noVstd	100	590	0.7400	0.262600	0.0026
23_noVstd	100	590	0.7500	0.262300	0.0023
23_noVstd	100	590	0.7600	0.282300	0.0023
23_noVstd	100	590	0.7700	0.282000	0.0020
23_noVstd	100	590	0.7800	0.341900	0.0019
23_noVstd	100	590	0.7900	0.361700	0.0017
23_noVstd	100	590	0.8000	0.381300	0.0013
23_noVstd	100	590	0.8100	0.401000	0.0010
23_noVstd	100	590	0.8200	0.440900	0.0009
23_noVstd	100	590	0.8300	0.510700	0.0007
23_noVstd	100	590	0.8400	0.580600	0.0006
23_noVstd	100	590	0.8500	0.630600	0.0006
23_noVstd	100	590	0.8600	0.650500	0.0005
23_noVstd	100	590	0.8700	0.680300	0.0003
23_noVstd	100	590	0.8800	0.720300	0.0003
23_noVstd	100	590	0.8900	0.810300	0.0003
23_noVstd	100	590	0.9000	0.850100	0.0001
23_noVstd	100	590	0.9100	0.900000	0.0000
23_noVstd	100	590	0.9200	0.940000	0.0000
23_noVstd	100	590	0.9300	1.000000	0.0000
23_noVstd	100	590	0.9400	1.050000	0.0000
23_noVstd	100	590	0.9500	1.110000	0.0000
23_noVstd	100	590	0.9600	1.170000	0.0000
23_noVstd	100	590	0.9700	1.290000	0.0000
23_noVstd	100	590	0.9800	1.350000	0.0000
23_noVstd	100	590	0.9900	1.440000	0.0000
23_noVstd	100	590	1.0000	1.440000	0.0000
23_noVstd	1000	590	0.0100	0.969100	0.9691
23_noVstd	1000	590	0.0200	0.918800	0.9188
23_noVstd	1000	590	0.0300	0.855000	0.8550
23_noVstd	1000	590	0.0400	0.785500	0.7855
23_noVstd	1000	590	0.0500	0.720900	0.7209
23_noVstd	1000	590	0.0600	0.660600	0.6606
23_noVstd	1000	590	0.0700	0.602900	0.6029
23_noVstd	1000	590	0.0800	0.543500	0.5435
23_noVstd	1000	590	0.0900	0.493000	0.4930
23_noVstd	1000	590	0.1000	0.448100	0.4481
23_noVstd	1000	590	0.1100	0.410600	0.4106
23_noVstd	1000	590	0.1200	0.373400	0.3734
23_noVstd	1000	590	0.1300	0.341900	0.3419
23_noVstd	1000	590	0.1400	0.309700	0.3097
23_noVstd	1000	590	0.1500	0.281500	0.2815
23_noVstd	1000	590	0.1600	0.255600	0.2556
23_noVstd	1000	590	0.1700	0.235100	0.2351
23_noVstd	1000	590	0.1800	0.215700	0.2157
23_noVstd	1000	590	0.1900	0.198500	0.1985
23_noVstd	1000	590	0.2000	0.181400	0.1814
23_noVstd	1000	590	0.2100	0.167400	0.1674
23_noVstd	1000	590	0.2200	0.154400	0.1544
23_noVstd	1000	590	0.2300	0.142400	0.1424
23_noVstd	1000	590	0.2400	0.130900	0.1309
23_noVstd	1000	590	0.2500	0.120200	0.1202
23_noVstd	1000	590	0.2600	0.110000	0.1100
23_noVstd	1000	590	0.2700	0.099500	0.0995
23_noVstd	1000	590	0.2800	0.092200	0.0922
23_noVstd	1000	590	0.2900	0.085700	0.0857
23_noVstd	1000	590	0.3000	0.079400	0.0794
23_noVstd	1000	590	0.3100	0.073100	0.0731
23_noVstd	1000	590	0.3200	0.066700	0.0667
23_noVstd	1000	590	0.3300	0.062500	0.0625
23_noVstd	1000	590	0.3400	0.057000	0.0570
23_noVstd	1000	590	0.3500	0.053800	0.0538
23_noVstd	1000	590	0.3600	0.048200	0.0482
23_noVstd	1000	590	0.3700	0.044100	0.0441
23_noVstd	1000	590	0.3800	0.040700	0.0407
23_noVstd	1000	590	0.3900	0.038000	0.0380
23_noVstd	1000	590	0.4000	0.035600	0.0356
23_noVstd	1000	590	0.4100	0.032300	0.0323
23_noVstd	1000	590	0.4200	0.030700	0.0307
23_noVstd	1000	590	0.4300	0.028400	0.0284
23_noVstd	1000	590	0.4400	0.025900	0.0259
23_noVstd	1000	590	0.4500	0.023400	0.0234
23_noVstd	1000	590	0.4600	0.021600	0.0216
23_noVstd	1000	590	0.4700	0.020300	0.0203
23_noVstd	1000	590	0.4800	0.019600	0.0196
23_noVstd	1000	590	0.4900	0.018800	0.0188
23_noVstd	1000	590	0.5000	0.017900	0.0179
23_noVstd	1000	590	0.5100	0.016800	0.0168
23_noVstd	1000	590	0.5200	0.016000	0.0160
23_noVstd	1000	590	0.5300	0.214900	0.0149
23_noVstd	1000	590	0.5400	0.214400	0.0144
23_noVstd	1000	590	0.5500	0.213600	0.0136
23_noVstd	1000	590	0.5600	0.312700	0.0127
23_noVstd	1000	590	0.5700	0.311500	0.0115
23_noVstd	1000	590	0.5800	0.310800	0.0108
23_noVstd	1000	590	0.5900	0.409700	0.0097
23_noVstd	1000	590	0.6000	0.408900	0.0089
23_noVstd	1000	590	0.6100	0.408300	0.0083
23_noVstd	1000	590	0.6200	0.508000	0.0080
23_noVstd	1000	590	0.6300	0.507700	0.0077
23_noVstd	1000	590	0.6400	0.707200	0.0072
23_noVstd	1000	590	0.6500	0.806900	0.0069
23_noVstd	1000	590	0.6600	1.006000	0.0060
23_noVstd	1000	590	0.6700	1.005600	0.0056
23_noVstd	1000	590	0.6800	1.305200	0.0052
23_noVstd	1000	590	0.6900	1.604800	0.0048
23_noVstd	1000	590	0.7000	1.704300	0.0043
23_noVstd	1000	590	0.7100	1.803900	0.0039
23_noVstd	1000	590	0.7200	2.103300	0.0033
23_noVstd	1000	590	0.7300	2.203100	0.0031
23_noVstd	1000	590	0.7400	2.602600	0.0026
23_noVstd	1000	590	0.7500	2.602300	0.0023
23_noVstd	1000	590	0.7600	2.802300	0.0023
23_noVstd	1000	590	0.7700	2.802000	0.0020
23_noVstd	1000	590	0.7800	3.401900	0.0019
23_noVstd	1000	590	0.7900	3.601700	0.0017
23_noVstd	1000	590	0.8000	3.801300	0.0013
23_noVstd	1000	590	0.8100	4.001000	0.0010
23_noVstd	1000	590	0.8200	4.400900	0.0009
23_noVstd	1000	590	0.8300	5.100700	0.0007
23_noVstd	1000	590	0.8400	5.800600	0.0006
23_noVstd	1000	590	0.8500	6.300600	0.0006
23_noVstd	1000	590	0.8600	6.500500	0.0005
23_noVstd	1000	590	0.8700	6.800300	0.0003
23_noVstd	1000	590	0.8800	7.200300	0.0003
23_noVstd	1000	590	0.8900	8.100300	0.0003
23_noVstd	1000	590	0.9000	8.500100	0.0001
23_noVstd	1000	590	0.9100	9.000000	0.0000
23_noVstd	1000	590	0.9200	9.400000	0.0000
23_noVstd	1000	590	0.9300	10.000000	0.0000
23_noVstd	1000	590	0.9400	10.500000	0.0000
23_noVstd	1000	590	0.9500	11.100000	0.0000
23_noVstd	1000	590	0.9600	11.700000	0.0000
23_noVstd	1000	590	0.9700	12.900000	0.0000
23_noVstd	1000	590	0.9800	13.500000	0.0000
23_noVstd	1000	590	0.9900	14.400000	0.0000
23_noVstd	1000	590	1.0000	14.400000	0.0000
24full	1	42	0.0100	0.969700	0.9697
24full	1	42	0.0200	0.919700	0.9197
24full	1	42	0.0300	0.859000	0.8590
24full	1	42	0.0400	0.792700	0.7927
24full	1	42	0.0500	0.731200	0.7312
24full	1	42	0.0600	0.670900	0.6709
24full	1	42	0.0700	0.610800	0.6108
24full	1	42	0.0800	0.557800	0.5578
24full	1	42	0.0900	0.509400	0.5094
24full	1	42	0.1000	0.461600	0.4616
24full	1	42	0.1100	0.416500	0.4165
24full	1	42	0.1200	0.376500	0.3765
24full	1	42	0.1300	0.343000	0.3430
24full	1	42	0.1400	0.311700	0.3117
24full	1	42	0.1500	0.284700	0.2847
24full	1	42	0.1600	0.259300	0.2593
24full	1	42	0.1700	0.236600	0.2366
24full	1	42	0.1800	0.216500	0.2165
24full	1	42	0.1900	0.198300	0.1983
24full	1	42	0.2000	0.180900	0.1809
24full	1	42	0.2100	0.165800	0.1658
24full	1	42	0.2200	0.151400	0.1514
24full	1	42	0.2300	0.139400	0.1394
24full	1	42	0.2400	0.127200	0.1272
24full	1	42	0.2500	0.116600	0.1166
24full	1	42	0.2600	0.107700	0.1077
24full	1	42	0.2700	0.097600	0.0976
24full	1	42	0.2800	0.089100	0.0891
24full	1	42	0.2900	0.082100	0.0821
24full	1	42	0.3000	0.076000	0.0760
24full	1	42	0.3100	0.071300	0.0713
24full	1	42	0.3200	0.064700	0.0647
24full	1	42	0.3300	0.061100	0.0611
24full	1	42	0.3400	0.056100	0.0561
24full	1	42	0.3500	0.052200	0.0522
24full	1	42	0.3600	0.048600	0.0486
24full	1	42	0.3700	0.044600	0.0446
24full	1	42	0.3800	0.042100	0.0421
24full	1	42	0.3900	0.039000	0.0390
24full	1	42	0.4000	0.036300	0.0363
24full	1	42	0.4100	0.033600	0.0336
24full	1	42	0.4200	0.031600	0.0316
24full	1	42	0.4300	0.029600	0.0296
24full	1	42	0.4400	0.027200	0.0272
24full	1	42	0.4500	0.025800	0.0258
24full	1	42	0.4600	0.024100	0.0241
24full	1	42	0.4700	0.022600	0.0226
24full	1	42	0.4800	0.020700	0.0207
24full	1	42	0.4900	0.018900	0.0189
24full	1	42	0.5000	0.017900	0.0179
24full	1	42	0.5100	0.016700	0.0167
24full	1	42	0.5200	0.015800	0.0158
24full	1	42	0.5300	0.014400	0.0144
24full	1	42	0.5400	0.014000	0.0140
24full	1	42	0.5500	0.013600	0.0136
24full	1	42	0.5600	0.013100	0.0131
24full	1	42	0.5700	0.012100	0.0120
24full	1	42	0.5800	0.011500	0.0113
24full	1	42	0.5900	0.011200	0.0110
24full	1	42	0.6000	0.010600	0.0103
24full	1	42	0.6100	0.009800	0.0094
24full	1	42	0.6200	0.008600	0.0082
24full	1	42	0.6300	0.007800	0.0074
24full	1	42	0.6400	0.007600	0.0071
24full	1	42	0.6500	0.007200	0.0065
24full	1	42	0.6600	0.006600	0.0058
24full	1	42	0.6700	0.006100	0.0052
24full	1	42	0.6800	0.005200	0.0042
24full	1	42	0.6900	0.005100	0.0038
24full	1	42	0.7000	0.005100	0.0034
24full	1	42	0.7100	0.004800	0.0029
24full	1	42	0.7200	0.004500	0.0024
24full	1	42	0.7300	0.004300	0.0020
24full	1	42	0.7400	0.004300	0.0020
24full	1	42	0.7500	0.004200	0.0018
24full	1	42	0.7600	0.004100	0.0017
24full	1	42	0.7700	0.004400	0.0016
24full	1	42	0.7800	0.004500	0.0015
24full	1	42	0.7900	0.005000	0.0015
24full	1	42	0.8000	0.005400	0.0014
24full	1	42	0.8100	0.005400	0.0012
24full	1	42	0.8200	0.006100	0.0011
24full	1	42	0.8300	0.006400	0.0010
24full	1	42	0.8400	0.006500	0.0008
24full	1	42	0.8500	0.006700	0.0008
24full	1	42	0.8600	0.007400	0.0006
24full	1	42	0.8700	0.007700	0.0006
24full	1	42	0.8800	0.007900	0.0003
24full	1	42	0.8900	0.008300	0.0001
24full	1	42	0.9000	0.008800	0.0001
24full	1	42	0.9100	0.009400	0.0001
24full	1	42	0.9200	0.009800	0.0000
24full	1	42	0.9300	0.010500	0.0000
24full	1	42	0.9400	0.010900	0.0000
24full	1	42	0.9500	0.011200	0.0000
24full	1	42	0.9600	0.011900	0.0000
24full	1	42	0.9700	0.012700	0.0000
24full	1	42	0.9800	0.013600	0.0000
24full	1	42	0.9900	0.014400	0.0000
24full	1	42	1.0000	0.014400	0.0000
24full	10	42	0.0100	0.969700	0.9697
24full	10	42	0.0200	0.919700	0.9197
24full	10	42	0.0300	0.859000	0.8590
24full	10	42	0.0400	0.792700	0.7927
24full	10	42	0.0500	0.731200	0.7312
24full	10	42	0.0600	0.670900	0.6709
24full	10	42	0.0700	0.610800	0.6108
24full	10	42	0.0800	0.557800	0.5578
24full	10	42	0.0900	0.509400	0.5094
24full	10	42	0.1000	0.461600	0.4616
24full	10	42	0.1100	0.416500	0.4165
24full	10	42	0.1200	0.376500	0.3765
24full	10	42	0.1300	0.343000	0.3430
24full	10	42	0.1400	0.311700	0.3117
24full	10	42	0.1500	0.284700	0.2847
24full	10	42	0.1600	0.259300	0.2593
24full	10	42	0.1700	0.236600	0.2366
24full	10	42	0.1800	0.216500	0.2165
24full	10	42	0.1900	0.198300	0.1983
24full	10	42	0.2000	0.180900	0.1809
24full	10	42	0.2100	0.165800	0.1658
24full	10	42	0.2200	0.151400	0.1514
24full	10	42	0.2300	0.139400	0.1394
24full	10	42	0.2400	0.127200	0.1272
24full	10	42	0.2500	0.116600	0.1166
24full	10	42	0.2600	0.107700	0.1077
24full	10	42	0.2700	0.097600	0.0976
24full	10	42	0.2800	0.089100	0.0891
24full	10	42	0.2900	0.082100	0.0821
24full	10	42	0.3000	0.076000	0.0760
24full	10	42	0.3100	0.071300	0.0713
24full	10	42	0.3200	0.064700	0.0647
24full	10	42	0.3300	0.061100	0.0611
24full	10	42	0.3400	0.056100	0.0561
24full	10	42	0.3500	0.052200	0.0522
24full	10	42	0.3600	0.048600	0.0486
24full	10	42	0.3700	0.044600	0.0446
24full	10	42	0.3800	0.042100	0.0421
24full	10	42	0.3900	0.039000	0.0390
24full	10	42	0.4000	0.036300	0.0363
24full	10	42	0.4100	0.033600	0.0336
24full	10	42	0.4200	0.031600	0.0316
24full	10	42	0.4300	0.029600	0.0296
24full	10	42	0.4400	0.027200	0.0272
24full	10	42	0.4500	0.025800	0.0258
24full	10	42	0.4600	0.024100	0.0241
24full	10	42	0.4700	0.022600	0.0226
24full	10	42	0.4800	0.020700	0.0207
24full	10	42	0.4900	0.018900	0.0189
24full	10	42	0.5000	0.017900	0.0179
24full	10	42	0.5100	0.016700	0.0167
24full	10	42	0.5200	0.015800	0.0158
24full	10	42	0.5300	0.014400	0.0144
24full	10	42	0.5400	0.014000	0.0140
24full	10	42	0.5500	0.013600	0.0136
24full	10	42	0.5600	0.013100	0.0131
24full	10	42	0.5700	0.013000	0.0120
24full	10	42	0.5800	0.013300	0.0113
24full	10	42	0.5900	0.013000	0.0110
24full	10	42	0.6000	0.013300	0.0103
24full	10	42	0.6100	0.013400	0.0094
24full	10	42	0.6200	0.012200	0.0082
24full	10	42	0.6300	0.011400	0.0074
24full	10	42	0.6400	0.012100	0.0071
24full	10	42	0.6500	0.013500	0.0065
24full	10	42	0.6600	0.013800	0.0058
24full	10	42	0.6700	0.014200	0.0052
24full	10	42	0.6800	0.014200	0.0042
24full	10	42	0.6900	0.016800	0.0038
24full	10	42	0.7000	0.020400	0.0034
24full	10	42	0.7100	0.021900	0.0029
24full	10	42	0.7200	0.023400	0.0024
24full	10	42	0.7300	0.025000	0.0020
24full	10	42	0.7400	0.025000	0.0020
24full	10	42	0.7500	0.025800	0.0018
24full	10	42	0.7600	0.025700	0.0017
24full	10	42	0.7700	0.029600	0.0016
24full	10	42	0.7800	0.031500	0.0015
24full	10	42	0.7900	0.036500	0.0015
24full	10	42	0.8000	0.041400	0.0014
24full	10	42	0.8100	0.043200	0.0012
24full	10	42	0.8200	0.051100	0.0011
24full	10	42	0.8300	0.055000	0.0010
24full	10	42	0.8400	0.057800	0.0008
24full	10	42	0.8500	0.059800	0.0008
24full	10	42	0.8600	0.068600	0.0006
24full	10	42	0.8700	0.071600	0.0006
24full	10	42	0.8800	0.076300	0.0003
24full	10	42	0.8900	0.082100	0.0001
24full	10	42	0.9000	0.087100	0.0001
24full	10	42	0.9100	0.093100	0.0001
24full	10	42	0.9200	0.098000	0.0000
24full	10	42	0.9300	0.105000	0.0000
24full	10	42	0.9400	0.109000	0.0000
24full	10	42	0.9500	0.112000	0.0000
24full	10	42	0.9600	0.119000	0.0000
24full	10	42	0.9700	0.127000	0.0000
24full	10	42	0.9800	0.136000	0.0000
24full	10	42	0.9900	0.144000	0.0000
24full	10	42	1.0000	0.144000	0.0000
24full	100	42	0.0100	0.969700	0.9697
24full	100	42	0.0200	0.919700	0.9197
24full	100	42	0.0300	0.859000	0.8590
24full	100	42	0.0400	0.792700	0.7927
24full	100	42	0.0500	0.731200	0.7312
24full	100	42	0.0600	0.670900	0.6709
24full	100	42	0.0700	0.610800	0.6108
24full	100	42	0.0800	0.557800	0.5578
24full	100	42	0.0900	0.509400	0.5094
24full	100	42	0.1000	0.461600	0.4616
24full	100	42	0.1100	0.416500	0.4165
24full	100	42	0.1200	0.376500	0.3765
24full	100	42	0.1300	0.343000	0.3430
24full	100	42	0.1400	0.311700	0.3117
24full	100	42	0.1500	0.284700	0.2847
24full	100	42	0.1600	0.259300	0.2593
24full	100	42	0.1700	0.236600	0.2366
24full	100	42	0.1800	0.216500	0.2165
24full	100	42	0.1900	0.198300	0.1983
24full	100	42	0.2000	0.180900	0.1809
24full	100	42	0.2100	0.165800	0.1658
24full	100	42	0.2200	0.151400	0.1514
24full	100	42	0.2300	0.139400	0.1394
24full	100	42	0.2400	0.127200	0.1272
24full	100	42	0.2500	0.116600	0.1166
24full	100	42	0.2600	0.107700	0.1077
24full	100	42	0.2700	0.097600	0.0976
24full	100	42	0.2800	0.089100	0.0891
24full	100	42	0.2900	0.082100	0.0821
24full	100	42	0.3000	0.076000	0.0760
24full	100	42	0.3100	0.071300	0.0713
24full	100	42	0.3200	0.064700	0.0647
24full	100	42	0.3300	0.061100	0.0611
24full	100	42	0.3400	0.056100	0.0561
24full	100	42	0.3500	0.052200	0.0522
24full	100	42	0.3600	0.048600	0.0486
24full	100	42	0.3700	0.044600	0.0446
24full	100	42	0.3800	0.042100	0.0421
24full	100	42	0.3900	0.039000	0.0390
24full	100	42	0.4000	0.036300	0.0363
24full	100	42	0.4100	0.033600	0.0336
24full	100	42	0.4200	0.031600	0.0316
24full	100	42	0.4300	0.029600	0.0296
24full	100	42	0.4400	0.027200	0.0272
24full	100	42	0.4500	0.025800	0.0258
24full	100	42	0.4600	0.024100	0.0241
24full	100	42	0.4700	0.022600	0.0226
24full	100	42	0.4800	0.020700	0.0207
24full	100	42	0.4900	0.018900	0.0189
24full	100	42	0.5000	0.017900	0.0179
24full	100	42	0.5100	0.016700	0.0167
24full	100	42	0.5200	0.015800	0.0158
24full	100	42	0.5300	0.014400	0.0144
24full	100	42	0.5400	0.014000	0.0140
24full	100	42	0.5500	0.013600	0.0136
24full	100	42	0.5600	0.013100	0.0131
24full	100	42	0.5700	0.022000	0.0120
24full	100	42	0.5800	0.031300	0.0113
24full	100	42	0.5900	0.031000	0.0110
24full	100	42	0.6000	0.040300	0.0103
24full	100	42	0.6100	0.049400	0.0094
24full	100	42	0.6200	0.048200	0.0082
24full	100	42	0.6300	0.047400	0.0074
24full	100	42	0.6400	0.057100	0.0071
24full	100	42	0.6500	0.076500	0.0065
24full	100	42	0.6600	0.085800	0.0058
24full	100	42	0.6700	0.095200	0.0052
24full	100	42	0.6800	0.104200	0.0042
24full	100	42	0.6900	0.133800	0.0038
24full	100	42	0.7000	0.173400	0.0034
24full	100	42	0.7100	0.192900	0.0029
24full	100	42	0.7200	0.212400	0.0024
24full	100	42	0.7300	0.232000	0.0020
24full	100	42	0.7400	0.232000	0.0020
24full	100	42	0.7500	0.241800	0.0018
24full	100	42	0.7600	0.241700	0.0017
24full	100	42	0.7700	0.281600	0.0016
24full	100	42	0.7800	0.301500	0.0015
24full	100	42	0.7900	0.351500	0.0015
24full	100	42	0.8000	0.401400	0.0014
24full	100	42	0.8100	0.421200	0.0012
24full	100	42	0.8200	0.501100	0.0011
24full	100	42	0.8300	0.541000	0.0010
24full	100	42	0.8400	0.570800	0.0008
24full	100	42	0.8500	0.590800	0.0008
24full	100	42	0.8600	0.680600	0.0006
24full	100	42	0.8700	0.710600	0.0006
24full	100	42	0.8800	0.760300	0.0003
24full	100	42	0.8900	0.820100	0.0001
24full	100	42	0.9000	0.870100	0.0001
24full	100	42	0.9100	0.930100	0.0001
24full	100	42	0.9200	0.980000	0.0000
24full	100	42	0.9300	1.050000	0.0000
24full	100	42	0.9400	1.090000	0.0000
24full	100	42	0.9500	1.120000	0.0000
24full	100	42	0.9600	1.190000	0.0000
24full	100	42	0.9700	1.270000	0.0000
24full	100	42	0.9800	1.360000	0.0000
24full	100	42	0.9900	1.440000	0.0000
24full	100	42	1.0000	1.440000	0.0000
24full	1000	42	0.0100	0.969700	0.9697
24full	1000	42	0.0200	0.919700	0.9197
24full	1000	42	0.0300	0.859000	0.8590
24full	1000	42	0.0400	0.792700	0.7927
24full	1000	42	0.0500	0.731200	0.7312
24full	1000	42	0.0600	0.670900	0.6709
24full	1000	42	0.0700	0.610800	0.6108
24full	1000	42	0.0800	0.557800	0.5578
24full	1000	42	0.0900	0.509400	0.5094
24full	1000	42	0.1000	0.461600	0.4616
24full	1000	42	0.1100	0.416500	0.4165
24full	1000	42	0.1200	0.376500	0.3765
24full	1000	42	0.1300	0.343000	0.3430
24full	1000	42	0.1400	0.311700	0.3117
24full	1000	42	0.1500	0.284700	0.2847
24full	1000	42	0.1600	0.259300	0.2593
24full	1000	42	0.1700	0.236600	0.2366
24full	1000	42	0.1800	0.216500	0.2165
24full	1000	42	0.1900	0.198300	0.1983
24full	1000	42	0.2000	0.180900	0.1809
24full	1000	42	0.2100	0.165800	0.1658
24full	1000	42	0.2200	0.151400	0.1514
24full	1000	42	0.2300	0.139400	0.1394
24full	1000	42	0.2400	0.127200	0.1272
24full	1000	42	0.2500	0.116600	0.1166
24full	1000	42	0.2600	0.107700	0.1077
24full	1000	42	0.2700	0.097600	0.0976
24full	1000	42	0.2800	0.089100	0.0891
24full	1000	42	0.2900	0.082100	0.0821
24full	1000	42	0.3000	0.076000	0.0760
24full	1000	42	0.3100	0.071300	0.0713
24full	1000	42	0.3200	0.064700	0.0647
24full	1000	42	0.3300	0.061100	0.0611
24full	1000	42	0.3400	0.056100	0.0561
24full	1000	42	0.3500	0.052200	0.0522
24full	1000	42	0.3600	0.048600	0.0486
24full	1000	42	0.3700	0.044600	0.0446
24full	1000	42	0.3800	0.042100	0.0421
24full	1000	42	0.3900	0.039000	0.0390
24full	1000	42	0.4000	0.036300	0.0363
24full	1000	42	0.4100	0.033600	0.0336
24full	1000	42	0.4200	0.031600	0.0316
24full	1000	42	0.4300	0.029600	0.0296
24full	1000	42	0.4400	0.027200	0.0272
24full	1000	42	0.4500	0.025800	0.0258
24full	1000	42	0.4600	0.024100	0.0241
24full	1000	42	0.4700	0.022600	0.0226
24full	1000	42	0.4800	0.020700	0.0207
24full	1000	42	0.4900	0.018900	0.0189
24full	1000	42	0.5000	0.017900	0.0179
24full	1000	42	0.5100	0.016700	0.0167
24full	1000	42	0.5200	0.015800	0.0158
24full	1000	42	0.5300	0.014400	0.0144
24full	1000	42	0.5400	0.014000	0.0140
24full	1000	42	0.5500	0.013600	0.0136
24full	1000	42	0.5600	0.013100	0.0131
24full	1000	42	0.5700	0.112000	0.0120
24full	1000	42	0.5800	0.211300	0.0113
24full	1000	42	0.5900	0.211000	0.0110
24full	1000	42	0.6000	0.310300	0.0103
24full	1000	42	0.6100	0.409400	0.0094
24full	1000	42	0.6200	0.408200	0.0082
24full	1000	42	0.6300	0.407400	0.0074
24full	1000	42	0.6400	0.507100	0.0071
24full	1000	42	0.6500	0.706500	0.0065
24full	1000	42	0.6600	0.805800	0.0058
24full	1000	42	0.6700	0.905200	0.0052
24full	1000	42	0.6800	1.004200	0.0042
24full	1000	42	0.6900	1.303800	0.0038
24full	1000	42	0.7000	1.703400	0.0034
24full	1000	42	0.7100	1.902900	0.0029
24full	1000	42	0.7200	2.102400	0.0024
24full	1000	42	0.7300	2.302000	0.0020
24full	1000	42	0.7400	2.302000	0.0020
24full	1000	42	0.7500	2.401800	0.0018
24full	1000	42	0.7600	2.401700	0.0017
24full	1000	42	0.7700	2.801600	0.0016
24full	1000	42	0.7800	3.001500	0.0015
24full	1000	42	0.7900	3.501500	0.0015
24full	1000	42	0.8000	4.001400	0.0014
24full	1000	42	0.8100	4.201200	0.0012
24full	1000	42	0.8200	5.001100	0.0011
24full	1000	42	0.8300	5.401000	0.0010
24full	1000	42	0.8400	5.700800	0.0008
24full	1000	42	0.8500	5.900800	0.0008
24full	1000	42	0.8600	6.800600	0.0006
24full	1000	42	0.8700	7.100600	0.0006
24full	1000	42	0.8800	7.600300	0.0003
24full	1000	42	0.8900	8.200100	0.0001
24full	1000	42	0.9000	8.700100	0.0001
24full	1000	42	0.9100	9.300100	0.0001
24full	1000	42	0.9200	9.800000	0.0000
24full	1000	42	0.9300	10.500000	0.0000
24full	1000	42	0.9400	10.900000	0.0000
24full	1000	42	0.9500	11.200000	0.0000
24full	1000	42	0.9600	11.900000	0.0000
24full	1000	42	0.9700	12.700000	0.0000
24full	1000	42	0.9800	13.600000	0.0000
24full	1000	42	0.9900	14.400000	0.0000
24full	1000	42	1.0000	14.400000	0.0000
24full	1	179	0.0100	0.970600	0.9706
24full	1	179	0.0200	0.931800	0.9318
24full	1	179	0.0300	0.872200	0.8722
24full	1	179	0.0400	0.811100	0.8111
24full	1	179	0.0500	0.747000	0.7470
24full	1	179	0.0600	0.685700	0.6857
24full	1	179	0.0700	0.628100	0.6281
24full	1	179	0.0800	0.572400	0.5724
24full	1	179	0.0900	0.521300	0.5213
24full	1	179	0.1000	0.474500	0.4745
24full	1	179	0.1100	0.433800	0.4338
24full	1	179	0.1200	0.395200	0.3952
24full	1	179	0.1300	0.360800	0.3608
24full	1	179	0.1400	0.328500	0.3285
24full	1	179	0.1500	0.298200	0.2982
24full	1	179	0.1600	0.270100	0.2701
24full	1	179	0.1700	0.246600	0.2466
24full	1	179	0.1800	0.223100	0.2231
24full	1	179	0.1900	0.204000	0.2040
24full	1	179	0.2000	0.187300	0.1873
24full	1	179	0.2100	0.169600	0.1696
24full	1	179	0.2200	0.154100	0.1541
24full	1	179	0.2300	0.141000	0.1410
24full	1	179	0.2400	0.129900	0.1299
24full	1	179	0.2500	0.118900	0.1189
24full	1	179	0.2600	0.110200	0.1102
24full	1	179	0.2700	0.101100	0.1011
24full	1	179	0.2800	0.092300	0.0923
24full	1	179	0.2900	0.083400	0.0834
24full	1	179	0.3000	0.077200	0.0772
24full	1	179	0.3100	0.070200	0.0702
24full	1	179	0.3200	0.064900	0.0649
24full	1	179	0.3300	0.060700	0.0607
24full	1	179	0.3400	0.055200	0.0552
24full	1	179	0.3500	0.051900	0.0519
24full	1	179	0.3600	0.049100	0.0491
24full	1	179	0.3700	0.045800	0.0458
24full	1	179	0.3800	0.043100	0.0431
24full	1	179	0.3900	0.039900	0.0399
24full	1	179	0.4000	0.036200	0.0362
24full	1	179	0.4100	0.033400	0.0334
24full	1	179	0.4200	0.030900	0.0309
24full	1	179	0.4300	0.029100	0.0291
24full	1	179	0.4400	0.027400	0.0274
24full	1	179	0.4500	0.025600	0.0256
24full	1	179	0.4600	0.023700	0.0237
24full	1	179	0.4700	0.022000	0.0220
24full	1	179	0.4800	0.020100	0.0201
24full	1	179	0.4900	0.019200	0.0191
24full	1	179	0.5000	0.017700	0.0176
24full	1	179	0.5100	0.016900	0.0168
24full	1	179	0.5200	0.016100	0.0160
24full	1	179	0.5300	0.015100	0.0150
24full	1	179	0.5400	0.014300	0.0142
24full	1	179	0.5500	0.013500	0.0134
24full	1	179	0.5600	0.012900	0.0127
24full	1	179	0.5700	0.011800	0.0116
24full	1	179	0.5800	0.010900	0.0107
24full	1	179	0.5900	0.010200	0.0100
24full	1	179	0.6000	0.009900	0.0095
24full	1	179	0.6100	0.009200	0.0087
24full	1	179	0.6200	0.008600	0.0080
24full	1	179	0.6300	0.008400	0.0078
24full	1	179	0.6400	0.008000	0.0074
24full	1	179	0.6500	0.007600	0.0070
24full	1	179	0.6600	0.007400	0.0066
24full	1	179	0.6700	0.007300	0.0063
24full	1	179	0.6800	0.006600	0.0056
24full	1	179	0.6900	0.006600	0.0053
24full	1	179	0.7000	0.006500	0.0051
24full	1	179	0.7100	0.006400	0.0049
24full	1	179	0.7200	0.006000	0.0041
24full	1	179	0.7300	0.005700	0.0035
24full	1	179	0.7400	0.005500	0.0029
24full	1	179	0.7500	0.005600	0.0028
24full	1	179	0.7600	0.005100	0.0021
24full	1	179	0.7700	0.004900	0.0018
24full	1	179	0.7800	0.005200	0.0016
24full	1	179	0.7900	0.005000	0.0013
24full	1	179	0.8000	0.005100	0.0011
24full	1	179	0.8100	0.005400	0.0009
24full	1	179	0.8200	0.005600	0.0006
24full	1	179	0.8300	0.005700	0.0003
24full	1	179	0.8400	0.005800	0.0003
24full	1	179	0.8500	0.006300	0.0003
24full	1	179	0.8600	0.006700	0.0002
24full	1	179	0.8700	0.007400	0.0001
24full	1	179	0.8800	0.007800	0.0001
24full	1	179	0.8900	0.008400	0.0001
24full	1	179	0.9000	0.008800	0.0001
24full	1	179	0.9100	0.009300	0.0001
24full	1	179	0.9200	0.009500	0.0000
24full	1	179	0.9300	0.010100	0.0000
24full	1	179	0.9400	0.010500	0.0000
24full	1	179	0.9500	0.011700	0.0000
24full	1	179	0.9600	0.012300	0.0000
24full	1	179	0.9700	0.012800	0.0000
24full	1	179	0.9800	0.014000	0.0000
24full	1	179	0.9900	0.014400	0.0000
24full	1	179	1.0000	0.014400	0.0000
24full	10	179	0.0100	0.970600	0.9706
24full	10	179	0.0200	0.931800	0.9318
24full	10	179	0.0300	0.872200	0.8722
24full	10	179	0.0400	0.811100	0.8111
24full	10	179	0.0500	0.747000	0.7470
24full	10	179	0.0600	0.685700	0.6857
24full	10	179	0.0700	0.628100	0.6281
24full	10	179	0.0800	0.572400	0.5724
24full	10	179	0.0900	0.521300	0.5213
24full	10	179	0.1000	0.474500	0.4745
24full	10	179	0.1100	0.433800	0.4338
24full	10	179	0.1200	0.395200	0.3952
24full	10	179	0.1300	0.360800	0.3608
24full	10	179	0.1400	0.328500	0.3285
24full	10	179	0.1500	0.298200	0.2982
24full	10	179	0.1600	0.270100	0.2701
24full	10	179	0.1700	0.246600	0.2466
24full	10	179	0.1800	0.223100	0.2231
24full	10	179	0.1900	0.204000	0.2040
24full	10	179	0.2000	0.187300	0.1873
24full	10	179	0.2100	0.169600	0.1696
24full	10	179	0.2200	0.154100	0.1541
24full	10	179	0.2300	0.141000	0.1410
24full	10	179	0.2400	0.129900	0.1299
24full	10	179	0.2500	0.118900	0.1189
24full	10	179	0.2600	0.110200	0.1102
24full	10	179	0.2700	0.101100	0.1011
24full	10	179	0.2800	0.092300	0.0923
24full	10	179	0.2900	0.083400	0.0834
24full	10	179	0.3000	0.077200	0.0772
24full	10	179	0.3100	0.070200	0.0702
24full	10	179	0.3200	0.064900	0.0649
24full	10	179	0.3300	0.060700	0.0607
24full	10	179	0.3400	0.055200	0.0552
24full	10	179	0.3500	0.051900	0.0519
24full	10	179	0.3600	0.049100	0.0491
24full	10	179	0.3700	0.045800	0.0458
24full	10	179	0.3800	0.043100	0.0431
24full	10	179	0.3900	0.039900	0.0399
24full	10	179	0.4000	0.036200	0.0362
24full	10	179	0.4100	0.033400	0.0334
24full	10	179	0.4200	0.030900	0.0309
24full	10	179	0.4300	0.029100	0.0291
24full	10	179	0.4400	0.027400	0.0274
24full	10	179	0.4500	0.025600	0.0256
24full	10	179	0.4600	0.023700	0.0237
24full	10	179	0.4700	0.022000	0.0220
24full	10	179	0.4800	0.020100	0.0201
24full	10	179	0.4900	0.020100	0.0191
24full	10	179	0.5000	0.018600	0.0176
24full	10	179	0.5100	0.017800	0.0168
24full	10	179	0.5200	0.017000	0.0160
24full	10	179	0.5300	0.016000	0.0150
24full	10	179	0.5400	0.015200	0.0142
24full	10	179	0.5500	0.014400	0.0134
24full	10	179	0.5600	0.014700	0.0127
24full	10	179	0.5700	0.013600	0.0116
24full	10	179	0.5800	0.012700	0.0107
24full	10	179	0.5900	0.012000	0.0100
24full	10	179	0.6000	0.013500	0.0095
24full	10	179	0.6100	0.013700	0.0087
24full	10	179	0.6200	0.014000	0.0080
24full	10	179	0.6300	0.013800	0.0078
24full	10	179	0.6400	0.013400	0.0074
24full	10	179	0.6500	0.013000	0.0070
24full	10	179	0.6600	0.014600	0.0066
24full	10	179	0.6700	0.016300	0.0063
24full	10	179	0.6800	0.015600	0.0056
24full	10	179	0.6900	0.018300	0.0053
24full	10	179	0.7000	0.019100	0.0051
24full	10	179	0.7100	0.019900	0.0049
24full	10	179	0.7200	0.023100	0.0041
24full	10	179	0.7300	0.025500	0.0035
24full	10	179	0.7400	0.028900	0.0029
24full	10	179	0.7500	0.030800	0.0028
24full	10	179	0.7600	0.032100	0.0021
24full	10	179	0.7700	0.032800	0.0018
24full	10	179	0.7800	0.037600	0.0016
24full	10	179	0.7900	0.038300	0.0013
24full	10	179	0.8000	0.041100	0.0011
24full	10	179	0.8100	0.045900	0.0009
24full	10	179	0.8200	0.050600	0.0006
24full	10	179	0.8300	0.054300	0.0003
24full	10	179	0.8400	0.055300	0.0003
24full	10	179	0.8500	0.060300	0.0003
24full	10	179	0.8600	0.065200	0.0002
24full	10	179	0.8700	0.073100	0.0001
24full	10	179	0.8800	0.077100	0.0001
24full	10	179	0.8900	0.083100	0.0001
24full	10	179	0.9000	0.087100	0.0001
24full	10	179	0.9100	0.092100	0.0001
24full	10	179	0.9200	0.095000	0.0000
24full	10	179	0.9300	0.101000	0.0000
24full	10	179	0.9400	0.105000	0.0000
24full	10	179	0.9500	0.117000	0.0000
24full	10	179	0.9600	0.123000	0.0000
24full	10	179	0.9700	0.128000	0.0000
24full	10	179	0.9800	0.140000	0.0000
24full	10	179	0.9900	0.144000	0.0000
24full	10	179	1.0000	0.144000	0.0000
24full	100	179	0.0100	0.970600	0.9706
24full	100	179	0.0200	0.931800	0.9318
24full	100	179	0.0300	0.872200	0.8722
24full	100	179	0.0400	0.811100	0.8111
24full	100	179	0.0500	0.747000	0.7470
24full	100	179	0.0600	0.685700	0.6857
24full	100	179	0.0700	0.628100	0.6281
24full	100	179	0.0800	0.572400	0.5724
24full	100	179	0.0900	0.521300	0.5213
24full	100	179	0.1000	0.474500	0.4745
24full	100	179	0.1100	0.433800	0.4338
24full	100	179	0.1200	0.395200	0.3952
24full	100	179	0.1300	0.360800	0.3608
24full	100	179	0.1400	0.328500	0.3285
24full	100	179	0.1500	0.298200	0.2982
24full	100	179	0.1600	0.270100	0.2701
24full	100	179	0.1700	0.246600	0.2466
24full	100	179	0.1800	0.223100	0.2231
24full	100	179	0.1900	0.204000	0.2040
24full	100	179	0.2000	0.187300	0.1873
24full	100	179	0.2100	0.169600	0.1696
24full	100	179	0.2200	0.154100	0.1541
24full	100	179	0.2300	0.141000	0.1410
24full	100	179	0.2400	0.129900	0.1299
24full	100	179	0.2500	0.118900	0.1189
24full	100	179	0.2600	0.110200	0.1102
24full	100	179	0.2700	0.101100	0.1011
24full	100	179	0.2800	0.092300	0.0923
24full	100	179	0.2900	0.083400	0.0834
24full	100	179	0.3000	0.077200	0.0772
24full	100	179	0.3100	0.070200	0.0702
24full	100	179	0.3200	0.064900	0.0649
24full	100	179	0.3300	0.060700	0.0607
24full	100	179	0.3400	0.055200	0.0552
24full	100	179	0.3500	0.051900	0.0519
24full	100	179	0.3600	0.049100	0.0491
24full	100	179	0.3700	0.045800	0.0458
24full	100	179	0.3800	0.043100	0.0431
24full	100	179	0.3900	0.039900	0.0399
24full	100	179	0.4000	0.036200	0.0362
24full	100	179	0.4100	0.033400	0.0334
24full	100	179	0.4200	0.030900	0.0309
24full	100	179	0.4300	0.029100	0.0291
24full	100	179	0.4400	0.027400	0.0274
24full	100	179	0.4500	0.025600	0.0256
24full	100	179	0.4600	0.023700	0.0237
24full	100	179	0.4700	0.022000	0.0220
24full	100	179	0.4800	0.020100	0.0201
24full	100	179	0.4900	0.029100	0.0191
24full	100	179	0.5000	0.027600	0.0176
24full	100	179	0.5100	0.026800	0.0168
24full	100	179	0.5200	0.026000	0.0160
24full	100	179	0.5300	0.025000	0.0150
24full	100	179	0.5400	0.024200	0.0142
24full	100	179	0.5500	0.023400	0.0134
24full	100	179	0.5600	0.032700	0.0127
24full	100	179	0.5700	0.031600	0.0116
24full	100	179	0.5800	0.030700	0.0107
24full	100	179	0.5900	0.030000	0.0100
24full	100	179	0.6000	0.049500	0.0095
24full	100	179	0.6100	0.058700	0.0087
24full	100	179	0.6200	0.068000	0.0080
24full	100	179	0.6300	0.067800	0.0078
24full	100	179	0.6400	0.067400	0.0074
24full	100	179	0.6500	0.067000	0.0070
24full	100	179	0.6600	0.086600	0.0066
24full	100	179	0.6700	0.106300	0.0063
24full	100	179	0.6800	0.105600	0.0056
24full	100	179	0.6900	0.135300	0.0053
24full	100	179	0.7000	0.145100	0.0051
24full	100	179	0.7100	0.154900	0.0049
24full	100	179	0.7200	0.194100	0.0041
24full	100	179	0.7300	0.223500	0.0035
24full	100	179	0.7400	0.262900	0.0029
24full	100	179	0.7500	0.282800	0.0028
24full	100	179	0.7600	0.302100	0.0021
24full	100	179	0.7700	0.311800	0.0018
24full	100	179	0.7800	0.361600	0.0016
24full	100	179	0.7900	0.371300	0.0013
24full	100	179	0.8000	0.401100	0.0011
24full	100	179	0.8100	0.450900	0.0009
24full	100	179	0.8200	0.500600	0.0006
24full	100	179	0.8300	0.540300	0.0003
24full	100	179	0.8400	0.550300	0.0003
24full	100	179	0.8500	0.600300	0.0003
24full	100	179	0.8600	0.650200	0.0002
24full	100	179	0.8700	0.730100	0.0001
24full	100	179	0.8800	0.770100	0.0001
24full	100	179	0.8900	0.830100	0.0001
24full	100	179	0.9000	0.870100	0.0001
24full	100	179	0.9100	0.920100	0.0001
24full	100	179	0.9200	0.950000	0.0000
24full	100	179	0.9300	1.010000	0.0000
24full	100	179	0.9400	1.050000	0.0000
24full	100	179	0.9500	1.170000	0.0000
24full	100	179	0.9600	1.230000	0.0000
24full	100	179	0.9700	1.280000	0.0000
24full	100	179	0.9800	1.400000	0.0000
24full	100	179	0.9900	1.440000	0.0000
24full	100	179	1.0000	1.440000	0.0000
24full	1000	179	0.0100	0.970600	0.9706
24full	1000	179	0.0200	0.931800	0.9318
24full	1000	179	0.0300	0.872200	0.8722
24full	1000	179	0.0400	0.811100	0.8111
24full	1000	179	0.0500	0.747000	0.7470
24full	1000	179	0.0600	0.685700	0.6857
24full	1000	179	0.0700	0.628100	0.6281
24full	1000	179	0.0800	0.572400	0.5724
24full	1000	179	0.0900	0.521300	0.5213
24full	1000	179	0.1000	0.474500	0.4745
24full	1000	179	0.1100	0.433800	0.4338
24full	1000	179	0.1200	0.395200	0.3952
24full	1000	179	0.1300	0.360800	0.3608
24full	1000	179	0.1400	0.328500	0.3285
24full	1000	179	0.1500	0.298200	0.2982
24full	1000	179	0.1600	0.270100	0.2701
24full	1000	179	0.1700	0.246600	0.2466
24full	1000	179	0.1800	0.223100	0.2231
24full	1000	179	0.1900	0.204000	0.2040
24full	1000	179	0.2000	0.187300	0.1873
24full	1000	179	0.2100	0.169600	0.1696
24full	1000	179	0.2200	0.154100	0.1541
24full	1000	179	0.2300	0.141000	0.1410
24full	1000	179	0.2400	0.129900	0.1299
24full	1000	179	0.2500	0.118900	0.1189
24full	1000	179	0.2600	0.110200	0.1102
24full	1000	179	0.2700	0.101100	0.1011
24full	1000	179	0.2800	0.092300	0.0923
24full	1000	179	0.2900	0.083400	0.0834
24full	1000	179	0.3000	0.077200	0.0772
24full	1000	179	0.3100	0.070200	0.0702
24full	1000	179	0.3200	0.064900	0.0649
24full	1000	179	0.3300	0.060700	0.0607
24full	1000	179	0.3400	0.055200	0.0552
24full	1000	179	0.3500	0.051900	0.0519
24full	1000	179	0.3600	0.049100	0.0491
24full	1000	179	0.3700	0.045800	0.0458
24full	1000	179	0.3800	0.043100	0.0431
24full	1000	179	0.3900	0.039900	0.0399
24full	1000	179	0.4000	0.036200	0.0362
24full	1000	179	0.4100	0.033400	0.0334
24full	1000	179	0.4200	0.030900	0.0309
24full	1000	179	0.4300	0.029100	0.0291
24full	1000	179	0.4400	0.027400	0.0274
24full	1000	179	0.4500	0.025600	0.0256
24full	1000	179	0.4600	0.023700	0.0237
24full	1000	179	0.4700	0.022000	0.0220
24full	1000	179	0.4800	0.020100	0.0201
24full	1000	179	0.4900	0.119100	0.0191
24full	1000	179	0.5000	0.117600	0.0176
24full	1000	179	0.5100	0.116800	0.0168
24full	1000	179	0.5200	0.116000	0.0160
24full	1000	179	0.5300	0.115000	0.0150
24full	1000	179	0.5400	0.114200	0.0142
24full	1000	179	0.5500	0.113400	0.0134
24full	1000	179	0.5600	0.212700	0.0127
24full	1000	179	0.5700	0.211600	0.0116
24full	1000	179	0.5800	0.210700	0.0107
24full	1000	179	0.5900	0.210000	0.0100
24full	1000	179	0.6000	0.409500	0.0095
24full	1000	179	0.6100	0.508700	0.0087
24full	1000	179	0.6200	0.608000	0.0080
24full	1000	179	0.6300	0.607800	0.0078
24full	1000	179	0.6400	0.607400	0.0074
24full	1000	179	0.6500	0.607000	0.0070
24full	1000	179	0.6600	0.806600	0.0066
24full	1000	179	0.6700	1.006300	0.0063
24full	1000	179	0.6800	1.005600	0.0056
24full	1000	179	0.6900	1.305300	0.0053
24full	1000	179	0.7000	1.405100	0.0051
24full	1000	179	0.7100	1.504900	0.0049
24full	1000	179	0.7200	1.904100	0.0041
24full	1000	179	0.7300	2.203500	0.0035
24full	1000	179	0.7400	2.602900	0.0029
24full	1000	179	0.7500	2.802800	0.0028
24full	1000	179	0.7600	3.002100	0.0021
24full	1000	179	0.7700	3.101800	0.0018
24full	1000	179	0.7800	3.601600	0.0016
24full	1000	179	0.7900	3.701300	0.0013
24full	1000	179	0.8000	4.001100	0.0011
24full	1000	179	0.8100	4.500900	0.0009
24full	1000	179	0.8200	5.000600	0.0006
24full	1000	179	0.8300	5.400300	0.0003
24full	1000	179	0.8400	5.500300	0.0003
24full	1000	179	0.8500	6.000300	0.0003
24full	1000	179	0.8600	6.500200	0.0002
24full	1000	179	0.8700	7.300100	0.0001
24full	1000	179	0.8800	7.700100	0.0001
24full	1000	179	0.8900	8.300100	0.0001
24full	1000	179	0.9000	8.700100	0.0001
24full	1000	179	0.9100	9.200100	0.0001
24full	1000	179	0.9200	9.500000	0.0000
24full	1000	179	0.9300	10.100000	0.0000
24full	1000	179	0.9400	10.500000	0.0000
24full	1000	179	0.9500	11.700000	0.0000
24full	1000	179	0.9600	12.300000	0.0000
24full	1000	179	0.9700	12.800000	0.0000
24full	1000	179	0.9800	14.000000	0.0000
24full	1000	179	0.9900	14.400000	0.0000
24full	1000	179	1.0000	14.400000	0.0000
24full	1	316	0.0100	0.969400	0.9694
24full	1	316	0.0200	0.925100	0.9251
24full	1	316	0.0300	0.871800	0.8718
24full	1	316	0.0400	0.813800	0.8138
24full	1	316	0.0500	0.751800	0.7518
24full	1	316	0.0600	0.689700	0.6897
24full	1	316	0.0700	0.635200	0.6352
24full	1	316	0.0800	0.585600	0.5856
24full	1	316	0.0900	0.535500	0.5355
24full	1	316	0.1000	0.486000	0.4860
24full	1	316	0.1100	0.444600	0.4446
24full	1	316	0.1200	0.407600	0.4076
24full	1	316	0.1300	0.373000	0.3730
24full	1	316	0.1400	0.339000	0.3390
24full	1	316	0.1500	0.308200	0.3082
24full	1	316	0.1600	0.282700	0.2827
24full	1	316	0.1700	0.260200	0.2602
24full	1	316	0.1800	0.236900	0.2369
24full	1	316	0.1900	0.216700	0.2167
24full	1	316	0.2000	0.198100	0.1981
24full	1	316	0.2100	0.183600	0.1836
24full	1	316	0.2200	0.168000	0.1680
24full	1	316	0.2300	0.154500	0.1545
24full	1	316	0.2400	0.141400	0.1414
24full	1	316	0.2500	0.129000	0.1290
24full	1	316	0.2600	0.118600	0.1186
24full	1	316	0.2700	0.108900	0.1089
24full	1	316	0.2800	0.100600	0.1006
24full	1	316	0.2900	0.092700	0.0927
24full	1	316	0.3000	0.084700	0.0847
24full	1	316	0.3100	0.078600	0.0786
24full	1	316	0.3200	0.071700	0.0717
24full	1	316	0.3300	0.065900	0.0659
24full	1	316	0.3400	0.060100	0.0601
24full	1	316	0.3500	0.057000	0.0570
24full	1	316	0.3600	0.052200	0.0522
24full	1	316	0.3700	0.048200	0.0482
24full	1	316	0.3800	0.044900	0.0449
24full	1	316	0.3900	0.041900	0.0419
24full	1	316	0.4000	0.038400	0.0384
24full	1	316	0.4100	0.035500	0.0355
24full	1	316	0.4200	0.032500	0.0325
24full	1	316	0.4300	0.029700	0.0297
24full	1	316	0.4400	0.028000	0.0280
24full	1	316	0.4500	0.026200	0.0262
24full	1	316	0.4600	0.024700	0.0247
24full	1	316	0.4700	0.023300	0.0233
24full	1	316	0.4800	0.021900	0.0219
24full	1	316	0.4900	0.020200	0.0202
24full	1	316	0.5000	0.019500	0.0195
24full	1	316	0.5100	0.018500	0.0184
24full	1	316	0.5200	0.017400	0.0172
24full	1	316	0.5300	0.016500	0.0163
24full	1	316	0.5400	0.016100	0.0159
24full	1	316	0.5500	0.015200	0.0150
24full	1	316	0.5600	0.014200	0.0139
24full	1	316	0.5700	0.012400	0.0121
24full	1	316	0.5800	0.011800	0.0114
24full	1	316	0.5900	0.010900	0.0105
24full	1	316	0.6000	0.010500	0.0101
24full	1	316	0.6100	0.009400	0.0089
24full	1	316	0.6200	0.008800	0.0083
24full	1	316	0.6300	0.008200	0.0077
24full	1	316	0.6400	0.007800	0.0071
24full	1	316	0.6500	0.007400	0.0065
24full	1	316	0.6600	0.007000	0.0060
24full	1	316	0.6700	0.006500	0.0055
24full	1	316	0.6800	0.005800	0.0048
24full	1	316	0.6900	0.005400	0.0042
24full	1	316	0.7000	0.005200	0.0039
24full	1	316	0.7100	0.005300	0.0038
24full	1	316	0.7200	0.005200	0.0031
24full	1	316	0.7300	0.004900	0.0026
24full	1	316	0.7400	0.004900	0.0024
24full	1	316	0.7500	0.004700	0.0021
24full	1	316	0.7600	0.004900	0.0019
24full	1	316	0.7700	0.005300	0.0015
24full	1	316	0.7800	0.005300	0.0014
24full	1	316	0.7900	0.005700	0.0011
24full	1	316	0.8000	0.005900	0.0011
24full	1	316	0.8100	0.006100	0.0009
24full	1	316	0.8200	0.006300	0.0008
24full	1	316	0.8300	0.006800	0.0007
24full	1	316	0.8400	0.006900	0.0007
24full	1	316	0.8500	0.007000	0.0005
24full	1	316	0.8600	0.007500	0.0005
24full	1	316	0.8700	0.008000	0.0004
24full	1	316	0.8800	0.008600	0.0004
24full	1	316	0.8900	0.009000	0.0003
24full	1	316	0.9000	0.009000	0.0003
24full	1	316	0.9100	0.009200	0.0003
24full	1	316	0.9200	0.009500	0.0001
24full	1	316	0.9300	0.010200	0.0001
24full	1	316	0.9400	0.010900	0.0000
24full	1	316	0.9500	0.011300	0.0000
24full	1	316	0.9600	0.012300	0.0000
24full	1	316	0.9700	0.013000	0.0000
24full	1	316	0.9800	0.013900	0.0000
24full	1	316	0.9900	0.014400	0.0000
24full	1	316	1.0000	0.014400	0.0000
24full	10	316	0.0100	0.969400	0.9694
24full	10	316	0.0200	0.925100	0.9251
24full	10	316	0.0300	0.871800	0.8718
24full	10	316	0.0400	0.813800	0.8138
24full	10	316	0.0500	0.751800	0.7518
24full	10	316	0.0600	0.689700	0.6897
24full	10	316	0.0700	0.635200	0.6352
24full	10	316	0.0800	0.585600	0.5856
24full	10	316	0.0900	0.535500	0.5355
24full	10	316	0.1000	0.486000	0.4860
24full	10	316	0.1100	0.444600	0.4446
24full	10	316	0.1200	0.407600	0.4076
24full	10	316	0.1300	0.373000	0.3730
24full	10	316	0.1400	0.339000	0.3390
24full	10	316	0.1500	0.308200	0.3082
24full	10	316	0.1600	0.282700	0.2827
24full	10	316	0.1700	0.260200	0.2602
24full	10	316	0.1800	0.236900	0.2369
24full	10	316	0.1900	0.216700	0.2167
24full	10	316	0.2000	0.198100	0.1981
24full	10	316	0.2100	0.183600	0.1836
24full	10	316	0.2200	0.168000	0.1680
24full	10	316	0.2300	0.154500	0.1545
24full	10	316	0.2400	0.141400	0.1414
24full	10	316	0.2500	0.129000	0.1290
24full	10	316	0.2600	0.118600	0.1186
24full	10	316	0.2700	0.108900	0.1089
24full	10	316	0.2800	0.100600	0.1006
24full	10	316	0.2900	0.092700	0.0927
24full	10	316	0.3000	0.084700	0.0847
24full	10	316	0.3100	0.078600	0.0786
24full	10	316	0.3200	0.071700	0.0717
24full	10	316	0.3300	0.065900	0.0659
24full	10	316	0.3400	0.060100	0.0601
24full	10	316	0.3500	0.057000	0.0570
24full	10	316	0.3600	0.052200	0.0522
24full	10	316	0.3700	0.048200	0.0482
24full	10	316	0.3800	0.044900	0.0449
24full	10	316	0.3900	0.041900	0.0419
24full	10	316	0.4000	0.038400	0.0384
24full	10	316	0.4100	0.035500	0.0355
24full	10	316	0.4200	0.032500	0.0325
24full	10	316	0.4300	0.029700	0.0297
24full	10	316	0.4400	0.028000	0.0280
24full	10	316	0.4500	0.026200	0.0262
24full	10	316	0.4600	0.024700	0.0247
24full	10	316	0.4700	0.023300	0.0233
24full	10	316	0.4800	0.021900	0.0219
24full	10	316	0.4900	0.020200	0.0202
24full	10	316	0.5000	0.019500	0.0195
24full	10	316	0.5100	0.019400	0.0184
24full	10	316	0.5200	0.019200	0.0172
24full	10	316	0.5300	0.018300	0.0163
24full	10	316	0.5400	0.017900	0.0159
24full	10	316	0.5500	0.017000	0.0150
24full	10	316	0.5600	0.016900	0.0139
24full	10	316	0.5700	0.015100	0.0121
24full	10	316	0.5800	0.015400	0.0114
24full	10	316	0.5900	0.014500	0.0105
24full	10	316	0.6000	0.014100	0.0101
24full	10	316	0.6100	0.013900	0.0089
24full	10	316	0.6200	0.013300	0.0083
24full	10	316	0.6300	0.012700	0.0077
24full	10	316	0.6400	0.014100	0.0071
24full	10	316	0.6500	0.015500	0.0065
24full	10	316	0.6600	0.016000	0.0060
24full	10	316	0.6700	0.015500	0.0055
24full	10	316	0.6800	0.014800	0.0048
24full	10	316	0.6900	0.016200	0.0042
24full	10	316	0.7000	0.016900	0.0039
24full	10	316	0.7100	0.018800	0.0038
24full	10	316	0.7200	0.024100	0.0031
24full	10	316	0.7300	0.025600	0.0026
24full	10	316	0.7400	0.027400	0.0024
24full	10	316	0.7500	0.028100	0.0021
24full	10	316	0.7600	0.031900	0.0019
24full	10	316	0.7700	0.039500	0.0015
24full	10	316	0.7800	0.040400	0.0014
24full	10	316	0.7900	0.047100	0.0011
24full	10	316	0.8000	0.049100	0.0011
24full	10	316	0.8100	0.052900	0.0009
24full	10	316	0.8200	0.055800	0.0008
24full	10	316	0.8300	0.061700	0.0007
24full	10	316	0.8400	0.062700	0.0007
24full	10	316	0.8500	0.065500	0.0005
24full	10	316	0.8600	0.070500	0.0005
24full	10	316	0.8700	0.076400	0.0004
24full	10	316	0.8800	0.082400	0.0004
24full	10	316	0.8900	0.087300	0.0003
24full	10	316	0.9000	0.087300	0.0003
24full	10	316	0.9100	0.089300	0.0003
24full	10	316	0.9200	0.094100	0.0001
24full	10	316	0.9300	0.101100	0.0001
24full	10	316	0.9400	0.109000	0.0000
24full	10	316	0.9500	0.113000	0.0000
24full	10	316	0.9600	0.123000	0.0000
24full	10	316	0.9700	0.130000	0.0000
24full	10	316	0.9800	0.139000	0.0000
24full	10	316	0.9900	0.144000	0.0000
24full	10	316	1.0000	0.144000	0.0000
24full	100	316	0.0100	0.969400	0.9694
24full	100	316	0.0200	0.925100	0.9251
24full	100	316	0.0300	0.871800	0.8718
24full	100	316	0.0400	0.813800	0.8138
24full	100	316	0.0500	0.751800	0.7518
24full	100	316	0.0600	0.689700	0.6897
24full	100	316	0.0700	0.635200	0.6352
24full	100	316	0.0800	0.585600	0.5856
24full	100	316	0.0900	0.535500	0.5355
24full	100	316	0.1000	0.486000	0.4860
24full	100	316	0.1100	0.444600	0.4446
24full	100	316	0.1200	0.407600	0.4076
24full	100	316	0.1300	0.373000	0.3730
24full	100	316	0.1400	0.339000	0.3390
24full	100	316	0.1500	0.308200	0.3082
24full	100	316	0.1600	0.282700	0.2827
24full	100	316	0.1700	0.260200	0.2602
24full	100	316	0.1800	0.236900	0.2369
24full	100	316	0.1900	0.216700	0.2167
24full	100	316	0.2000	0.198100	0.1981
24full	100	316	0.2100	0.183600	0.1836
24full	100	316	0.2200	0.168000	0.1680
24full	100	316	0.2300	0.154500	0.1545
24full	100	316	0.2400	0.141400	0.1414
24full	100	316	0.2500	0.129000	0.1290
24full	100	316	0.2600	0.118600	0.1186
24full	100	316	0.2700	0.108900	0.1089
24full	100	316	0.2800	0.100600	0.1006
24full	100	316	0.2900	0.092700	0.0927
24full	100	316	0.3000	0.084700	0.0847
24full	100	316	0.3100	0.078600	0.0786
24full	100	316	0.3200	0.071700	0.0717
24full	100	316	0.3300	0.065900	0.0659
24full	100	316	0.3400	0.060100	0.0601
24full	100	316	0.3500	0.057000	0.0570
24full	100	316	0.3600	0.052200	0.0522
24full	100	316	0.3700	0.048200	0.0482
24full	100	316	0.3800	0.044900	0.0449
24full	100	316	0.3900	0.041900	0.0419
24full	100	316	0.4000	0.038400	0.0384
24full	100	316	0.4100	0.035500	0.0355
24full	100	316	0.4200	0.032500	0.0325
24full	100	316	0.4300	0.029700	0.0297
24full	100	316	0.4400	0.028000	0.0280
24full	100	316	0.4500	0.026200	0.0262
24full	100	316	0.4600	0.024700	0.0247
24full	100	316	0.4700	0.023300	0.0233
24full	100	316	0.4800	0.021900	0.0219
24full	100	316	0.4900	0.020200	0.0202
24full	100	316	0.5000	0.019500	0.0195
24full	100	316	0.5100	0.028400	0.0184
24full	100	316	0.5200	0.037200	0.0172
24full	100	316	0.5300	0.036300	0.0163
24full	100	316	0.5400	0.035900	0.0159
24full	100	316	0.5500	0.035000	0.0150
24full	100	316	0.5600	0.043900	0.0139
24full	100	316	0.5700	0.042100	0.0121
24full	100	316	0.5800	0.051400	0.0114
24full	100	316	0.5900	0.050500	0.0105
24full	100	316	0.6000	0.050100	0.0101
24full	100	316	0.6100	0.058900	0.0089
24full	100	316	0.6200	0.058300	0.0083
24full	100	316	0.6300	0.057700	0.0077
24full	100	316	0.6400	0.077100	0.0071
24full	100	316	0.6500	0.096500	0.0065
24full	100	316	0.6600	0.106000	0.0060
24full	100	316	0.6700	0.105500	0.0055
24full	100	316	0.6800	0.104800	0.0048
24full	100	316	0.6900	0.124200	0.0042
24full	100	316	0.7000	0.133900	0.0039
24full	100	316	0.7100	0.153800	0.0038
24full	100	316	0.7200	0.213100	0.0031
24full	100	316	0.7300	0.232600	0.0026
24full	100	316	0.7400	0.252400	0.0024
24full	100	316	0.7500	0.262100	0.0021
24full	100	316	0.7600	0.301900	0.0019
24full	100	316	0.7700	0.381500	0.0015
24full	100	316	0.7800	0.391400	0.0014
24full	100	316	0.7900	0.461100	0.0011
24full	100	316	0.8000	0.481100	0.0011
24full	100	316	0.8100	0.520900	0.0009
24full	100	316	0.8200	0.550800	0.0008
24full	100	316	0.8300	0.610700	0.0007
24full	100	316	0.8400	0.620700	0.0007
24full	100	316	0.8500	0.650500	0.0005
24full	100	316	0.8600	0.700500	0.0005
24full	100	316	0.8700	0.760400	0.0004
24full	100	316	0.8800	0.820400	0.0004
24full	100	316	0.8900	0.870300	0.0003
24full	100	316	0.9000	0.870300	0.0003
24full	100	316	0.9100	0.890300	0.0003
24full	100	316	0.9200	0.940100	0.0001
24full	100	316	0.9300	1.010100	0.0001
24full	100	316	0.9400	1.090000	0.0000
24full	100	316	0.9500	1.130000	0.0000
24full	100	316	0.9600	1.230000	0.0000
24full	100	316	0.9700	1.300000	0.0000
24full	100	316	0.9800	1.390000	0.0000
24full	100	316	0.9900	1.440000	0.0000
24full	100	316	1.0000	1.440000	0.0000
24full	1000	316	0.0100	0.969400	0.9694
24full	1000	316	0.0200	0.925100	0.9251
24full	1000	316	0.0300	0.871800	0.8718
24full	1000	316	0.0400	0.813800	0.8138
24full	1000	316	0.0500	0.751800	0.7518
24full	1000	316	0.0600	0.689700	0.6897
24full	1000	316	0.0700	0.635200	0.6352
24full	1000	316	0.0800	0.585600	0.5856
24full	1000	316	0.0900	0.535500	0.5355
24full	1000	316	0.1000	0.486000	0.4860
24full	1000	316	0.1100	0.444600	0.4446
24full	1000	316	0.1200	0.407600	0.4076
24full	1000	316	0.1300	0.373000	0.3730
24full	1000	316	0.1400	0.339000	0.3390
24full	1000	316	0.1500	0.308200	0.3082
24full	1000	316	0.1600	0.282700	0.2827
24full	1000	316	0.1700	0.260200	0.2602
24full	1000	316	0.1800	0.236900	0.2369
24full	1000	316	0.1900	0.216700	0.2167
24full	1000	316	0.2000	0.198100	0.1981
24full	1000	316	0.2100	0.183600	0.1836
24full	1000	316	0.2200	0.168000	0.1680
24full	1000	316	0.2300	0.154500	0.1545
24full	1000	316	0.2400	0.141400	0.1414
24full	1000	316	0.2500	0.129000	0.1290
24full	1000	316	0.2600	0.118600	0.1186
24full	1000	316	0.2700	0.108900	0.1089
24full	1000	316	0.2800	0.100600	0.1006
24full	1000	316	0.2900	0.092700	0.0927
24full	1000	316	0.3000	0.084700	0.0847
24full	1000	316	0.3100	0.078600	0.0786
24full	1000	316	0.3200	0.071700	0.0717
24full	1000	316	0.3300	0.065900	0.0659
24full	1000	316	0.3400	0.060100	0.0601
24full	1000	316	0.3500	0.057000	0.0570
24full	1000	316	0.3600	0.052200	0.0522
24full	1000	316	0.3700	0.048200	0.0482
24full	1000	316	0.3800	0.044900	0.0449
24full	1000	316	0.3900	0.041900	0.0419
24full	1000	316	0.4000	0.038400	0.0384
24full	1000	316	0.4100	0.035500	0.0355
24full	1000	316	0.4200	0.032500	0.0325
24full	1000	316	0.4300	0.029700	0.0297
24full	1000	316	0.4400	0.028000	0.0280
24full	1000	316	0.4500	0.026200	0.0262
24full	1000	316	0.4600	0.024700	0.0247
24full	1000	316	0.4700	0.023300	0.0233
24full	1000	316	0.4800	0.021900	0.0219
24full	1000	316	0.4900	0.020200	0.0202
24full	1000	316	0.5000	0.019500	0.0195
24full	1000	316	0.5100	0.118400	0.0184
24full	1000	316	0.5200	0.217200	0.0172
24full	1000	316	0.5300	0.216300	0.0163
24full	1000	316	0.5400	0.215900	0.0159
24full	1000	316	0.5500	0.215000	0.0150
24full	1000	316	0.5600	0.313900	0.0139
24full	1000	316	0.5700	0.312100	0.0121
24full	1000	316	0.5800	0.411400	0.0114
24full	1000	316	0.5900	0.410500	0.0105
24full	1000	316	0.6000	0.410100	0.0101
24full	1000	316	0.6100	0.508900	0.0089
24full	1000	316	0.6200	0.508300	0.0083
24full	1000	316	0.6300	0.507700	0.0077
24full	1000	316	0.6400	0.707100	0.0071
24full	1000	316	0.6500	0.906500	0.0065
24full	1000	316	0.6600	1.006000	0.0060
24full	1000	316	0.6700	1.005500	0.0055
24full	1000	316	0.6800	1.004800	0.0048
24full	1000	316	0.6900	1.204200	0.0042
24full	1000	316	0.7000	1.303900	0.0039
24full	1000	316	0.7100	1.503800	0.0038
24full	1000	316	0.7200	2.103100	0.0031
24full	1000	316	0.7300	2.302600	0.0026
24full	1000	316	0.7400	2.502400	0.0024
24full	1000	316	0.7500	2.602100	0.0021
24full	1000	316	0.7600	3.001900	0.0019
24full	1000	316	0.7700	3.801500	0.0015
24full	1000	316	0.7800	3.901400	0.0014
24full	1000	316	0.7900	4.601100	0.0011
24full	1000	316	0.8000	4.801100	0.0011
24full	1000	316	0.8100	5.200900	0.0009
24full	1000	316	0.8200	5.500800	0.0008
24full	1000	316	0.8300	6.100700	0.0007
24full	1000	316	0.8400	6.200700	0.0007
24full	1000	316	0.8500	6.500500	0.0005
24full	1000	316	0.8600	7.000500	0.0005
24full	1000	316	0.8700	7.600400	0.0004
24full	1000	316	0.8800	8.200400	0.0004
24full	1000	316	0.8900	8.700300	0.0003
24full	1000	316	0.9000	8.700300	0.0003
24full	1000	316	0.9100	8.900300	0.0003
24full	1000	316	0.9200	9.400100	0.0001
24full	1000	316	0.9300	10.100100	0.0001
24full	1000	316	0.9400	10.900000	0.0000
24full	1000	316	0.9500	11.300000	0.0000
24full	1000	316	0.9600	12.300000	0.0000
24full	1000	316	0.9700	13.000000	0.0000
24full	1000	316	0.9800	13.900000	0.0000
24full	1000	316	0.9900	14.400000	0.0000
24full	1000	316	1.0000	14.400000	0.0000
24full	1	453	0.0100	0.968900	0.9689
24full	1	453	0.0200	0.922900	0.9229
24full	1	453	0.0300	0.862000	0.8620
24full	1	453	0.0400	0.795200	0.7952
24full	1	453	0.0500	0.729800	0.7298
24full	1	453	0.0600	0.666100	0.6661
24full	1	453	0.0700	0.613500	0.6135
24full	1	453	0.0800	0.559700	0.5597
24full	1	453	0.0900	0.510000	0.5100
24full	1	453	0.1000	0.464700	0.4647
24full	1	453	0.1100	0.424500	0.4245
24full	1	453	0.1200	0.389400	0.3894
24full	1	453	0.1300	0.356100	0.3561
24full	1	453	0.1400	0.324700	0.3247
24full	1	453	0.1500	0.295900	0.2959
24full	1	453	0.1600	0.269400	0.2694
24full	1	453	0.1700	0.247000	0.2470
24full	1	453	0.1800	0.224600	0.2246
24full	1	453	0.1900	0.204600	0.2046
24full	1	453	0.2000	0.186000	0.1860
24full	1	453	0.2100	0.169400	0.1694
24full	1	453	0.2200	0.154800	0.1548
24full	1	453	0.2300	0.142900	0.1429
24full	1	453	0.2400	0.129400	0.1294
24full	1	453	0.2500	0.117200	0.1172
24full	1	453	0.2600	0.109300	0.1093
24full	1	453	0.2700	0.100600	0.1006
24full	1	453	0.2800	0.091900	0.0919
24full	1	453	0.2900	0.085400	0.0854
24full	1	453	0.3000	0.080100	0.0801
24full	1	453	0.3100	0.074900	0.0749
24full	1	453	0.3200	0.068600	0.0686
24full	1	453	0.3300	0.062000	0.0620
24full	1	453	0.3400	0.056800	0.0568
24full	1	453	0.3500	0.053000	0.0530
24full	1	453	0.3600	0.048200	0.0482
24full	1	453	0.3700	0.044200	0.0442
24full	1	453	0.3800	0.040900	0.0409
24full	1	453	0.3900	0.037700	0.0377
24full	1	453	0.4000	0.034700	0.0347
24full	1	453	0.4100	0.032100	0.0321
24full	1	453	0.4200	0.029500	0.0295
24full	1	453	0.4300	0.027700	0.0277
24full	1	453	0.4400	0.025600	0.0256
24full	1	453	0.4500	0.023500	0.0235
24full	1	453	0.4600	0.021900	0.0218
24full	1	453	0.4700	0.020200	0.0201
24full	1	453	0.4800	0.019600	0.0195
24full	1	453	0.4900	0.018500	0.0184
24full	1	453	0.5000	0.017600	0.0175
24full	1	453	0.5100	0.016100	0.0160
24full	1	453	0.5200	0.014900	0.0148
24full	1	453	0.5300	0.014000	0.0139
24full	1	453	0.5400	0.012600	0.0125
24full	1	453	0.5500	0.012300	0.0120
24full	1	453	0.5600	0.011800	0.0114
24full	1	453	0.5700	0.011200	0.0108
24full	1	453	0.5800	0.010600	0.0102
24full	1	453	0.5900	0.010100	0.0097
24full	1	453	0.6000	0.009800	0.0094
24full	1	453	0.6100	0.009100	0.0086
24full	1	453	0.6200	0.008500	0.0079
24full	1	453	0.6300	0.008300	0.0075
24full	1	453	0.6400	0.008000	0.0071
24full	1	453	0.6500	0.007700	0.0067
24full	1	453	0.6600	0.006800	0.0057
24full	1	453	0.6700	0.006400	0.0053
24full	1	453	0.6800	0.006000	0.0048
24full	1	453	0.6900	0.005100	0.0039
24full	1	453	0.7000	0.005300	0.0037
24full	1	453	0.7100	0.005400	0.0033
24full	1	453	0.7200	0.005100	0.0029
24full	1	453	0.7300	0.004900	0.0025
24full	1	453	0.7400	0.005100	0.0024
24full	1	453	0.7500	0.005100	0.0021
24full	1	453	0.7600	0.005200	0.0021
24full	1	453	0.7700	0.005500	0.0019
24full	1	453	0.7800	0.005100	0.0015
24full	1	453	0.7900	0.005100	0.0014
24full	1	453	0.8000	0.005100	0.0012
24full	1	453	0.8100	0.005300	0.0010
24full	1	453	0.8200	0.005600	0.0008
24full	1	453	0.8300	0.006000	0.0008
24full	1	453	0.8400	0.006400	0.0007
24full	1	453	0.8500	0.006800	0.0007
24full	1	453	0.8600	0.006900	0.0004
24full	1	453	0.8700	0.007400	0.0004
24full	1	453	0.8800	0.007800	0.0004
24full	1	453	0.8900	0.008300	0.0003
24full	1	453	0.9000	0.008800	0.0003
24full	1	453	0.9100	0.009400	0.0001
24full	1	453	0.9200	0.009700	0.0001
24full	1	453	0.9300	0.010000	0.0001
24full	1	453	0.9400	0.010500	0.0001
24full	1	453	0.9500	0.011000	0.0000
24full	1	453	0.9600	0.011600	0.0000
24full	1	453	0.9700	0.013000	0.0000
24full	1	453	0.9800	0.013700	0.0000
24full	1	453	0.9900	0.014300	0.0000
24full	1	453	1.0000	0.014400	0.0000
24full	10	453	0.0100	0.968900	0.9689
24full	10	453	0.0200	0.922900	0.9229
24full	10	453	0.0300	0.862000	0.8620
24full	10	453	0.0400	0.795200	0.7952
24full	10	453	0.0500	0.729800	0.7298
24full	10	453	0.0600	0.666100	0.6661
24full	10	453	0.0700	0.613500	0.6135
24full	10	453	0.0800	0.559700	0.5597
24full	10	453	0.0900	0.510000	0.5100
24full	10	453	0.1000	0.464700	0.4647
24full	10	453	0.1100	0.424500	0.4245
24full	10	453	0.1200	0.389400	0.3894
24full	10	453	0.1300	0.356100	0.3561
24full	10	453	0.1400	0.324700	0.3247
24full	10	453	0.1500	0.295900	0.2959
24full	10	453	0.1600	0.269400	0.2694
24full	10	453	0.1700	0.247000	0.2470
24full	10	453	0.1800	0.224600	0.2246
24full	10	453	0.1900	0.204600	0.2046
24full	10	453	0.2000	0.186000	0.1860
24full	10	453	0.2100	0.169400	0.1694
24full	10	453	0.2200	0.154800	0.1548
24full	10	453	0.2300	0.142900	0.1429
24full	10	453	0.2400	0.129400	0.1294
24full	10	453	0.2500	0.117200	0.1172
24full	10	453	0.2600	0.109300	0.1093
24full	10	453	0.2700	0.100600	0.1006
24full	10	453	0.2800	0.091900	0.0919
24full	10	453	0.2900	0.085400	0.0854
24full	10	453	0.3000	0.080100	0.0801
24full	10	453	0.3100	0.074900	0.0749
24full	10	453	0.3200	0.068600	0.0686
24full	10	453	0.3300	0.062000	0.0620
24full	10	453	0.3400	0.056800	0.0568
24full	10	453	0.3500	0.053000	0.0530
24full	10	453	0.3600	0.048200	0.0482
24full	10	453	0.3700	0.044200	0.0442
24full	10	453	0.3800	0.040900	0.0409
24full	10	453	0.3900	0.037700	0.0377
24full	10	453	0.4000	0.034700	0.0347
24full	10	453	0.4100	0.032100	0.0321
24full	10	453	0.4200	0.029500	0.0295
24full	10	453	0.4300	0.027700	0.0277
24full	10	453	0.4400	0.025600	0.0256
24full	10	453	0.4500	0.023500	0.0235
24full	10	453	0.4600	0.022800	0.0218
24full	10	453	0.4700	0.021100	0.0201
24full	10	453	0.4800	0.020500	0.0195
24full	10	453	0.4900	0.019400	0.0184
24full	10	453	0.5000	0.018500	0.0175
24full	10	453	0.5100	0.017000	0.0160
24full	10	453	0.5200	0.015800	0.0148
24full	10	453	0.5300	0.014900	0.0139
24full	10	453	0.5400	0.013500	0.0125
24full	10	453	0.5500	0.015000	0.0120
24full	10	453	0.5600	0.015400	0.0114
24full	10	453	0.5700	0.014800	0.0108
24full	10	453	0.5800	0.014200	0.0102
24full	10	453	0.5900	0.013700	0.0097
24full	10	453	0.6000	0.013400	0.0094
24full	10	453	0.6100	0.013600	0.0086
24full	10	453	0.6200	0.013900	0.0079
24full	10	453	0.6300	0.015500	0.0075
24full	10	453	0.6400	0.016100	0.0071
24full	10	453	0.6500	0.016700	0.0067
24full	10	453	0.6600	0.016700	0.0057
24full	10	453	0.6700	0.016300	0.0053
24full	10	453	0.6800	0.016800	0.0048
24full	10	453	0.6900	0.015900	0.0039
24full	10	453	0.7000	0.019700	0.0037
24full	10	453	0.7100	0.024300	0.0033
24full	10	453	0.7200	0.024900	0.0029
24full	10	453	0.7300	0.026500	0.0025
24full	10	453	0.7400	0.029400	0.0024
24full	10	453	0.7500	0.032100	0.0021
24full	10	453	0.7600	0.033100	0.0021
24full	10	453	0.7700	0.037900	0.0019
24full	10	453	0.7800	0.037500	0.0015
24full	10	453	0.7900	0.038400	0.0014
24full	10	453	0.8000	0.040200	0.0012
24full	10	453	0.8100	0.044000	0.0010
24full	10	453	0.8200	0.048800	0.0008
24full	10	453	0.8300	0.052800	0.0008
24full	10	453	0.8400	0.057700	0.0007
24full	10	453	0.8500	0.061700	0.0007
24full	10	453	0.8600	0.065400	0.0004
24full	10	453	0.8700	0.070400	0.0004
24full	10	453	0.8800	0.074400	0.0004
24full	10	453	0.8900	0.080300	0.0003
24full	10	453	0.9000	0.085300	0.0003
24full	10	453	0.9100	0.093100	0.0001
24full	10	453	0.9200	0.096100	0.0001
24full	10	453	0.9300	0.099100	0.0001
24full	10	453	0.9400	0.104100	0.0001
24full	10	453	0.9500	0.110000	0.0000
24full	10	453	0.9600	0.116000	0.0000
24full	10	453	0.9700	0.130000	0.0000
24full	10	453	0.9800	0.137000	0.0000
24full	10	453	0.9900	0.143000	0.0000
24full	10	453	1.0000	0.144000	0.0000
24full	100	453	0.0100	0.968900	0.9689
24full	100	453	0.0200	0.922900	0.9229
24full	100	453	0.0300	0.862000	0.8620
24full	100	453	0.0400	0.795200	0.7952
24full	100	453	0.0500	0.729800	0.7298
24full	100	453	0.0600	0.666100	0.6661
24full	100	453	0.0700	0.613500	0.6135
24full	100	453	0.0800	0.559700	0.5597
24full	100	453	0.0900	0.510000	0.5100
24full	100	453	0.1000	0.464700	0.4647
24full	100	453	0.1100	0.424500	0.4245
24full	100	453	0.1200	0.389400	0.3894
24full	100	453	0.1300	0.356100	0.3561
24full	100	453	0.1400	0.324700	0.3247
24full	100	453	0.1500	0.295900	0.2959
24full	100	453	0.1600	0.269400	0.2694
24full	100	453	0.1700	0.247000	0.2470
24full	100	453	0.1800	0.224600	0.2246
24full	100	453	0.1900	0.204600	0.2046
24full	100	453	0.2000	0.186000	0.1860
24full	100	453	0.2100	0.169400	0.1694
24full	100	453	0.2200	0.154800	0.1548
24full	100	453	0.2300	0.142900	0.1429
24full	100	453	0.2400	0.129400	0.1294
24full	100	453	0.2500	0.117200	0.1172
24full	100	453	0.2600	0.109300	0.1093
24full	100	453	0.2700	0.100600	0.1006
24full	100	453	0.2800	0.091900	0.0919
24full	100	453	0.2900	0.085400	0.0854
24full	100	453	0.3000	0.080100	0.0801
24full	100	453	0.3100	0.074900	0.0749
24full	100	453	0.3200	0.068600	0.0686
24full	100	453	0.3300	0.062000	0.0620
24full	100	453	0.3400	0.056800	0.0568
24full	100	453	0.3500	0.053000	0.0530
24full	100	453	0.3600	0.048200	0.0482
24full	100	453	0.3700	0.044200	0.0442
24full	100	453	0.3800	0.040900	0.0409
24full	100	453	0.3900	0.037700	0.0377
24full	100	453	0.4000	0.034700	0.0347
24full	100	453	0.4100	0.032100	0.0321
24full	100	453	0.4200	0.029500	0.0295
24full	100	453	0.4300	0.027700	0.0277
24full	100	453	0.4400	0.025600	0.0256
24full	100	453	0.4500	0.023500	0.0235
24full	100	453	0.4600	0.031800	0.0218
24full	100	453	0.4700	0.030100	0.0201
24full	100	453	0.4800	0.029500	0.0195
24full	100	453	0.4900	0.028400	0.0184
24full	100	453	0.5000	0.027500	0.0175
24full	100	453	0.5100	0.026000	0.0160
24full	100	453	0.5200	0.024800	0.0148
24full	100	453	0.5300	0.023900	0.0139
24full	100	453	0.5400	0.022500	0.0125
24full	100	453	0.5500	0.042000	0.0120
24full	100	453	0.5600	0.051400	0.0114
24full	100	453	0.5700	0.050800	0.0108
24full	100	453	0.5800	0.050200	0.0102
24full	100	453	0.5900	0.049700	0.0097
24full	100	453	0.6000	0.049400	0.0094
24full	100	453	0.6100	0.058600	0.0086
24full	100	453	0.6200	0.067900	0.0079
24full	100	453	0.6300	0.087500	0.0075
24full	100	453	0.6400	0.097100	0.0071
24full	100	453	0.6500	0.106700	0.0067
24full	100	453	0.6600	0.115700	0.0057
24full	100	453	0.6700	0.115300	0.0053
24full	100	453	0.6800	0.124800	0.0048
24full	100	453	0.6900	0.123900	0.0039
24full	100	453	0.7000	0.163700	0.0037
24full	100	453	0.7100	0.213300	0.0033
24full	100	453	0.7200	0.222900	0.0029
24full	100	453	0.7300	0.242500	0.0025
24full	100	453	0.7400	0.272400	0.0024
24full	100	453	0.7500	0.302100	0.0021
24full	100	453	0.7600	0.312100	0.0021
24full	100	453	0.7700	0.361900	0.0019
24full	100	453	0.7800	0.361500	0.0015
24full	100	453	0.7900	0.371400	0.0014
24full	100	453	0.8000	0.391200	0.0012
24full	100	453	0.8100	0.431000	0.0010
24full	100	453	0.8200	0.480800	0.0008
24full	100	453	0.8300	0.520800	0.0008
24full	100	453	0.8400	0.570700	0.0007
24full	100	453	0.8500	0.610700	0.0007
24full	100	453	0.8600	0.650400	0.0004
24full	100	453	0.8700	0.700400	0.0004
24full	100	453	0.8800	0.740400	0.0004
24full	100	453	0.8900	0.800300	0.0003
24full	100	453	0.9000	0.850300	0.0003
24full	100	453	0.9100	0.930100	0.0001
24full	100	453	0.9200	0.960100	0.0001
24full	100	453	0.9300	0.990100	0.0001
24full	100	453	0.9400	1.040100	0.0001
24full	100	453	0.9500	1.100000	0.0000
24full	100	453	0.9600	1.160000	0.0000
24full	100	453	0.9700	1.300000	0.0000
24full	100	453	0.9800	1.370000	0.0000
24full	100	453	0.9900	1.430000	0.0000
24full	100	453	1.0000	1.440000	0.0000
24full	1000	453	0.0100	0.968900	0.9689
24full	1000	453	0.0200	0.922900	0.9229
24full	1000	453	0.0300	0.862000	0.8620
24full	1000	453	0.0400	0.795200	0.7952
24full	1000	453	0.0500	0.729800	0.7298
24full	1000	453	0.0600	0.666100	0.6661
24full	1000	453	0.0700	0.613500	0.6135
24full	1000	453	0.0800	0.559700	0.5597
24full	1000	453	0.0900	0.510000	0.5100
24full	1000	453	0.1000	0.464700	0.4647
24full	1000	453	0.1100	0.424500	0.4245
24full	1000	453	0.1200	0.389400	0.3894
24full	1000	453	0.1300	0.356100	0.3561
24full	1000	453	0.1400	0.324700	0.3247
24full	1000	453	0.1500	0.295900	0.2959
24full	1000	453	0.1600	0.269400	0.2694
24full	1000	453	0.1700	0.247000	0.2470
24full	1000	453	0.1800	0.224600	0.2246
24full	1000	453	0.1900	0.204600	0.2046
24full	1000	453	0.2000	0.186000	0.1860
24full	1000	453	0.2100	0.169400	0.1694
24full	1000	453	0.2200	0.154800	0.1548
24full	1000	453	0.2300	0.142900	0.1429
24full	1000	453	0.2400	0.129400	0.1294
24full	1000	453	0.2500	0.117200	0.1172
24full	1000	453	0.2600	0.109300	0.1093
24full	1000	453	0.2700	0.100600	0.1006
24full	1000	453	0.2800	0.091900	0.0919
24full	1000	453	0.2900	0.085400	0.0854
24full	1000	453	0.3000	0.080100	0.0801
24full	1000	453	0.3100	0.074900	0.0749
24full	1000	453	0.3200	0.068600	0.0686
24full	1000	453	0.3300	0.062000	0.0620
24full	1000	453	0.3400	0.056800	0.0568
24full	1000	453	0.3500	0.053000	0.0530
24full	1000	453	0.3600	0.048200	0.0482
24full	1000	453	0.3700	0.044200	0.0442
24full	1000	453	0.3800	0.040900	0.0409
24full	1000	453	0.3900	0.037700	0.0377
24full	1000	453	0.4000	0.034700	0.0347
24full	1000	453	0.4100	0.032100	0.0321
24full	1000	453	0.4200	0.029500	0.0295
24full	1000	453	0.4300	0.027700	0.0277
24full	1000	453	0.4400	0.025600	0.0256
24full	1000	453	0.4500	0.023500	0.0235
24full	1000	453	0.4600	0.121800	0.0218
24full	1000	453	0.4700	0.120100	0.0201
24full	1000	453	0.4800	0.119500	0.0195
24full	1000	453	0.4900	0.118400	0.0184
24full	1000	453	0.5000	0.117500	0.0175
24full	1000	453	0.5100	0.116000	0.0160
24full	1000	453	0.5200	0.114800	0.0148
24full	1000	453	0.5300	0.113900	0.0139
24full	1000	453	0.5400	0.112500	0.0125
24full	1000	453	0.5500	0.312000	0.0120
24full	1000	453	0.5600	0.411400	0.0114
24full	1000	453	0.5700	0.410800	0.0108
24full	1000	453	0.5800	0.410200	0.0102
24full	1000	453	0.5900	0.409700	0.0097
24full	1000	453	0.6000	0.409400	0.0094
24full	1000	453	0.6100	0.508600	0.0086
24full	1000	453	0.6200	0.607900	0.0079
24full	1000	453	0.6300	0.807500	0.0075
24full	1000	453	0.6400	0.907100	0.0071
24full	1000	453	0.6500	1.006700	0.0067
24full	1000	453	0.6600	1.105700	0.0057
24full	1000	453	0.6700	1.105300	0.0053
24full	1000	453	0.6800	1.204800	0.0048
24full	1000	453	0.6900	1.203900	0.0039
24full	1000	453	0.7000	1.603700	0.0037
24full	1000	453	0.7100	2.103300	0.0033
24full	1000	453	0.7200	2.202900	0.0029
24full	1000	453	0.7300	2.402500	0.0025
24full	1000	453	0.7400	2.702400	0.0024
24full	1000	453	0.7500	3.002100	0.0021
24full	1000	453	0.7600	3.102100	0.0021
24full	1000	453	0.7700	3.601900	0.0019
24full	1000	453	0.7800	3.601500	0.0015
24full	1000	453	0.7900	3.701400	0.0014
24full	1000	453	0.8000	3.901200	0.0012
24full	1000	453	0.8100	4.301000	0.0010
24full	1000	453	0.8200	4.800800	0.0008
24full	1000	453	0.8300	5.200800	0.0008
24full	1000	453	0.8400	5.700700	0.0007
24full	1000	453	0.8500	6.100700	0.0007
24full	1000	453	0.8600	6.500400	0.0004
24full	1000	453	0.8700	7.000400	0.0004
24full	1000	453	0.8800	7.400400	0.0004
24full	1000	453	0.8900	8.000300	0.0003
24full	1000	453	0.9000	8.500300	0.0003
24full	1000	453	0.9100	9.300100	0.0001
24full	1000	453	0.9200	9.600100	0.0001
24full	1000	453	0.9300	9.900100	0.0001
24full	1000	453	0.9400	10.400100	0.0001
24full	1000	453	0.9500	11.000000	0.0000
24full	1000	453	0.9600	11.600000	0.0000
24full	1000	453	0.9700	13.000000	0.0000
24full	1000	453	0.9800	13.700000	0.0000
24full	1000	453	0.9900	14.300000	0.0000
24full	1000	453	1.0000	14.400000	0.0000
24full	1	590	0.0100	0.968200	0.9682
24full	1	590	0.0200	0.924700	0.9247
24full	1	590	0.0300	0.869400	0.8694
24full	1	590	0.0400	0.810700	0.8107
24full	1	590	0.0500	0.748400	0.7484
24full	1	590	0.0600	0.690000	0.6900
24full	1	590	0.0700	0.632700	0.6327
24full	1	590	0.0800	0.581400	0.5814
24full	1	590	0.0900	0.534800	0.5348
24full	1	590	0.1000	0.491300	0.4913
24full	1	590	0.1100	0.451900	0.4519
24full	1	590	0.1200	0.416500	0.4165
24full	1	590	0.1300	0.379500	0.3795
24full	1	590	0.1400	0.344800	0.3448
24full	1	590	0.1500	0.315300	0.3153
24full	1	590	0.1600	0.286800	0.2868
24full	1	590	0.1700	0.264100	0.2641
24full	1	590	0.1800	0.241200	0.2412
24full	1	590	0.1900	0.221200	0.2212
24full	1	590	0.2000	0.201000	0.2010
24full	1	590	0.2100	0.183400	0.1834
24full	1	590	0.2200	0.171100	0.1711
24full	1	590	0.2300	0.157700	0.1577
24full	1	590	0.2400	0.144500	0.1445
24full	1	590	0.2500	0.132300	0.1323
24full	1	590	0.2600	0.123700	0.1237
24full	1	590	0.2700	0.112500	0.1125
24full	1	590	0.2800	0.101900	0.1019
24full	1	590	0.2900	0.093200	0.0932
24full	1	590	0.3000	0.086100	0.0861
24full	1	590	0.3100	0.078700	0.0787
24full	1	590	0.3200	0.072300	0.0723
24full	1	590	0.3300	0.067700	0.0677
24full	1	590	0.3400	0.062800	0.0628
24full	1	590	0.3500	0.058200	0.0582
24full	1	590	0.3600	0.053200	0.0532
24full	1	590	0.3700	0.049500	0.0495
24full	1	590	0.3800	0.045200	0.0452
24full	1	590	0.3900	0.041500	0.0415
24full	1	590	0.4000	0.038000	0.0380
24full	1	590	0.4100	0.035600	0.0356
24full	1	590	0.4200	0.032800	0.0328
24full	1	590	0.4300	0.030700	0.0307
24full	1	590	0.4400	0.028800	0.0288
24full	1	590	0.4500	0.026400	0.0264
24full	1	590	0.4600	0.024400	0.0244
24full	1	590	0.4700	0.023000	0.0230
24full	1	590	0.4800	0.021000	0.0210
24full	1	590	0.4900	0.020000	0.0200
24full	1	590	0.5000	0.018800	0.0187
24full	1	590	0.5100	0.017100	0.0170
24full	1	590	0.5200	0.015500	0.0154
24full	1	590	0.5300	0.014900	0.0147
24full	1	590	0.5400	0.014600	0.0143
24full	1	590	0.5500	0.013600	0.0132
24full	1	590	0.5600	0.012800	0.0124
24full	1	590	0.5700	0.012200	0.0118
24full	1	590	0.5800	0.011600	0.0112
24full	1	590	0.5900	0.010900	0.0105
24full	1	590	0.6000	0.009800	0.0094
24full	1	590	0.6100	0.009200	0.0087
24full	1	590	0.6200	0.008500	0.0080
24full	1	590	0.6300	0.007700	0.0071
24full	1	590	0.6400	0.007100	0.0065
24full	1	590	0.6500	0.006800	0.0060
24full	1	590	0.6600	0.006400	0.0055
24full	1	590	0.6700	0.006000	0.0049
24full	1	590	0.6800	0.006000	0.0048
24full	1	590	0.6900	0.005900	0.0045
24full	1	590	0.7000	0.005500	0.0040
24full	1	590	0.7100	0.005100	0.0035
24full	1	590	0.7200	0.005300	0.0032
24full	1	590	0.7300	0.004900	0.0025
24full	1	590	0.7400	0.004900	0.0022
24full	1	590	0.7500	0.005500	0.0022
24full	1	590	0.7600	0.005400	0.0020
24full	1	590	0.7700	0.005400	0.0017
24full	1	590	0.7800	0.005300	0.0014
24full	1	590	0.7900	0.005500	0.0012
24full	1	590	0.8000	0.005700	0.0011
24full	1	590	0.8100	0.005800	0.0010
24full	1	590	0.8200	0.006000	0.0009
24full	1	590	0.8300	0.006100	0.0008
24full	1	590	0.8400	0.006700	0.0006
24full	1	590	0.8500	0.006900	0.0006
24full	1	590	0.8600	0.007200	0.0004
24full	1	590	0.8700	0.007800	0.0003
24full	1	590	0.8800	0.008200	0.0002
24full	1	590	0.8900	0.008700	0.0002
24full	1	590	0.9000	0.009000	0.0002
24full	1	590	0.9100	0.009400	0.0001
24full	1	590	0.9200	0.009800	0.0001
24full	1	590	0.9300	0.010100	0.0001
24full	1	590	0.9400	0.010700	0.0001
24full	1	590	0.9500	0.011300	0.0000
24full	1	590	0.9600	0.012000	0.0000
24full	1	590	0.9700	0.012500	0.0000
24full	1	590	0.9800	0.013700	0.0000
24full	1	590	0.9900	0.014400	0.0000
24full	1	590	1.0000	0.014400	0.0000
24full	10	590	0.0100	0.968200	0.9682
24full	10	590	0.0200	0.924700	0.9247
24full	10	590	0.0300	0.869400	0.8694
24full	10	590	0.0400	0.810700	0.8107
24full	10	590	0.0500	0.748400	0.7484
24full	10	590	0.0600	0.690000	0.6900
24full	10	590	0.0700	0.632700	0.6327
24full	10	590	0.0800	0.581400	0.5814
24full	10	590	0.0900	0.534800	0.5348
24full	10	590	0.1000	0.491300	0.4913
24full	10	590	0.1100	0.451900	0.4519
24full	10	590	0.1200	0.416500	0.4165
24full	10	590	0.1300	0.379500	0.3795
24full	10	590	0.1400	0.344800	0.3448
24full	10	590	0.1500	0.315300	0.3153
24full	10	590	0.1600	0.286800	0.2868
24full	10	590	0.1700	0.264100	0.2641
24full	10	590	0.1800	0.241200	0.2412
24full	10	590	0.1900	0.221200	0.2212
24full	10	590	0.2000	0.201000	0.2010
24full	10	590	0.2100	0.183400	0.1834
24full	10	590	0.2200	0.171100	0.1711
24full	10	590	0.2300	0.157700	0.1577
24full	10	590	0.2400	0.144500	0.1445
24full	10	590	0.2500	0.132300	0.1323
24full	10	590	0.2600	0.123700	0.1237
24full	10	590	0.2700	0.112500	0.1125
24full	10	590	0.2800	0.101900	0.1019
24full	10	590	0.2900	0.093200	0.0932
24full	10	590	0.3000	0.086100	0.0861
24full	10	590	0.3100	0.078700	0.0787
24full	10	590	0.3200	0.072300	0.0723
24full	10	590	0.3300	0.067700	0.0677
24full	10	590	0.3400	0.062800	0.0628
24full	10	590	0.3500	0.058200	0.0582
24full	10	590	0.3600	0.053200	0.0532
24full	10	590	0.3700	0.049500	0.0495
24full	10	590	0.3800	0.045200	0.0452
24full	10	590	0.3900	0.041500	0.0415
24full	10	590	0.4000	0.038000	0.0380
24full	10	590	0.4100	0.035600	0.0356
24full	10	590	0.4200	0.032800	0.0328
24full	10	590	0.4300	0.030700	0.0307
24full	10	590	0.4400	0.028800	0.0288
24full	10	590	0.4500	0.026400	0.0264
24full	10	590	0.4600	0.024400	0.0244
24full	10	590	0.4700	0.023000	0.0230
24full	10	590	0.4800	0.021000	0.0210
24full	10	590	0.4900	0.020000	0.0200
24full	10	590	0.5000	0.019700	0.0187
24full	10	590	0.5100	0.018000	0.0170
24full	10	590	0.5200	0.016400	0.0154
24full	10	590	0.5300	0.016700	0.0147
24full	10	590	0.5400	0.017300	0.0143
24full	10	590	0.5500	0.017200	0.0132
24full	10	590	0.5600	0.016400	0.0124
24full	10	590	0.5700	0.015800	0.0118
24full	10	590	0.5800	0.015200	0.0112
24full	10	590	0.5900	0.014500	0.0105
24full	10	590	0.6000	0.013400	0.0094
24full	10	590	0.6100	0.013700	0.0087
24full	10	590	0.6200	0.013000	0.0080
24full	10	590	0.6300	0.013100	0.0071
24full	10	590	0.6400	0.012500	0.0065
24full	10	590	0.6500	0.014000	0.0060
24full	10	590	0.6600	0.014500	0.0055
24full	10	590	0.6700	0.015900	0.0049
24full	10	590	0.6800	0.016800	0.0048
24full	10	590	0.6900	0.018500	0.0045
24full	10	590	0.7000	0.019000	0.0040
24full	10	590	0.7100	0.019500	0.0035
24full	10	590	0.7200	0.024200	0.0032
24full	10	590	0.7300	0.026500	0.0025
24full	10	590	0.7400	0.029200	0.0022
24full	10	590	0.7500	0.035200	0.0022
24full	10	590	0.7600	0.036000	0.0020
24full	10	590	0.7700	0.038700	0.0017
24full	10	590	0.7800	0.040400	0.0014
24full	10	590	0.7900	0.044200	0.0012
24full	10	590	0.8000	0.047100	0.0011
24full	10	590	0.8100	0.049000	0.0010
24full	10	590	0.8200	0.051900	0.0009
24full	10	590	0.8300	0.053800	0.0008
24full	10	590	0.8400	0.061600	0.0006
24full	10	590	0.8500	0.063600	0.0006
24full	10	590	0.8600	0.068400	0.0004
24full	10	590	0.8700	0.075300	0.0003
24full	10	590	0.8800	0.080200	0.0002
24full	10	590	0.8900	0.085200	0.0002
24full	10	590	0.9000	0.088200	0.0002
24full	10	590	0.9100	0.093100	0.0001
24full	10	590	0.9200	0.097100	0.0001
24full	10	590	0.9300	0.100100	0.0001
24full	10	590	0.9400	0.106100	0.0001
24full	10	590	0.9500	0.113000	0.0000
24full	10	590	0.9600	0.120000	0.0000
24full	10	590	0.9700	0.125000	0.0000
24full	10	590	0.9800	0.137000	0.0000
24full	10	590	0.9900	0.144000	0.0000
24full	10	590	1.0000	0.144000	0.0000
24full	100	590	0.0100	0.968200	0.9682
24full	100	590	0.0200	0.924700	0.9247
24full	100	590	0.0300	0.869400	0.8694
24full	100	590	0.0400	0.810700	0.8107
24full	100	590	0.0500	0.748400	0.7484
24full	100	590	0.0600	0.690000	0.6900
24full	100	590	0.0700	0.632700	0.6327
24full	100	590	0.0800	0.581400	0.5814
24full	100	590	0.0900	0.534800	0.5348
24full	100	590	0.1000	0.491300	0.4913
24full	100	590	0.1100	0.451900	0.4519
24full	100	590	0.1200	0.416500	0.4165
24full	100	590	0.1300	0.379500	0.3795
24full	100	590	0.1400	0.344800	0.3448
24full	100	590	0.1500	0.315300	0.3153
24full	100	590	0.1600	0.286800	0.2868
24full	100	590	0.1700	0.264100	0.2641
24full	100	590	0.1800	0.241200	0.2412
24full	100	590	0.1900	0.221200	0.2212
24full	100	590	0.2000	0.201000	0.2010
24full	100	590	0.2100	0.183400	0.1834
24full	100	590	0.2200	0.171100	0.1711
24full	100	590	0.2300	0.157700	0.1577
24full	100	590	0.2400	0.144500	0.1445
24full	100	590	0.2500	0.132300	0.1323
24full	100	590	0.2600	0.123700	0.1237
24full	100	590	0.2700	0.112500	0.1125
24full	100	590	0.2800	0.101900	0.1019
24full	100	590	0.2900	0.093200	0.0932
24full	100	590	0.3000	0.086100	0.0861
24full	100	590	0.3100	0.078700	0.0787
24full	100	590	0.3200	0.072300	0.0723
24full	100	590	0.3300	0.067700	0.0677
24full	100	590	0.3400	0.062800	0.0628
24full	100	590	0.3500	0.058200	0.0582
24full	100	590	0.3600	0.053200	0.0532
24full	100	590	0.3700	0.049500	0.0495
24full	100	590	0.3800	0.045200	0.0452
24full	100	590	0.3900	0.041500	0.0415
24full	100	590	0.4000	0.038000	0.0380
24full	100	590	0.4100	0.035600	0.0356
24full	100	590	0.4200	0.032800	0.0328
24full	100	590	0.4300	0.030700	0.0307
24full	100	590	0.4400	0.028800	0.0288
24full	100	590	0.4500	0.026400	0.0264
24full	100	590	0.4600	0.024400	0.0244
24full	100	590	0.4700	0.023000	0.0230
24full	100	590	0.4800	0.021000	0.0210
24full	100	590	0.4900	0.020000	0.0200
24full	100	590	0.5000	0.028700	0.0187
24full	100	590	0.5100	0.027000	0.0170
24full	100	590	0.5200	0.025400	0.0154
24full	100	590	0.5300	0.034700	0.0147
24full	100	590	0.5400	0.044300	0.0143
24full	100	590	0.5500	0.053200	0.0132
24full	100	590	0.5600	0.052400	0.0124
24full	100	590	0.5700	0.051800	0.0118
24full	100	590	0.5800	0.051200	0.0112
24full	100	590	0.5900	0.050500	0.0105
24full	100	590	0.6000	0.049400	0.0094
24full	100	590	0.6100	0.058700	0.0087
24full	100	590	0.6200	0.058000	0.0080
24full	100	590	0.6300	0.067100	0.0071
24full	100	590	0.6400	0.066500	0.0065
24full	100	590	0.6500	0.086000	0.0060
24full	100	590	0.6600	0.095500	0.0055
24full	100	590	0.6700	0.114900	0.0049
24full	100	590	0.6800	0.124800	0.0048
24full	100	590	0.6900	0.144500	0.0045
24full	100	590	0.7000	0.154000	0.0040
24full	100	590	0.7100	0.163500	0.0035
24full	100	590	0.7200	0.213200	0.0032
24full	100	590	0.7300	0.242500	0.0025
24full	100	590	0.7400	0.272200	0.0022
24full	100	590	0.7500	0.332200	0.0022
24full	100	590	0.7600	0.342000	0.0020
24full	100	590	0.7700	0.371700	0.0017
24full	100	590	0.7800	0.391400	0.0014
24full	100	590	0.7900	0.431200	0.0012
24full	100	590	0.8000	0.461100	0.0011
24full	100	590	0.8100	0.481000	0.0010
24full	100	590	0.8200	0.510900	0.0009
24full	100	590	0.8300	0.530800	0.0008
24full	100	590	0.8400	0.610600	0.0006
24full	100	590	0.8500	0.630600	0.0006
24full	100	590	0.8600	0.680400	0.0004
24full	100	590	0.8700	0.750300	0.0003
24full	100	590	0.8800	0.800200	0.0002
24full	100	590	0.8900	0.850200	0.0002
24full	100	590	0.9000	0.880200	0.0002
24full	100	590	0.9100	0.930100	0.0001
24full	100	590	0.9200	0.970100	0.0001
24full	100	590	0.9300	1.000100	0.0001
24full	100	590	0.9400	1.060100	0.0001
24full	100	590	0.9500	1.130000	0.0000
24full	100	590	0.9600	1.200000	0.0000
24full	100	590	0.9700	1.250000	0.0000
24full	100	590	0.9800	1.370000	0.0000
24full	100	590	0.9900	1.440000	0.0000
24full	100	590	1.0000	1.440000	0.0000
24full	1000	590	0.0100	0.968200	0.9682
24full	1000	590	0.0200	0.924700	0.9247
24full	1000	590	0.0300	0.869400	0.8694
24full	1000	590	0.0400	0.810700	0.8107
24full	1000	590	0.0500	0.748400	0.7484
24full	1000	590	0.0600	0.690000	0.6900
24full	1000	590	0.0700	0.632700	0.6327
24full	1000	590	0.0800	0.581400	0.5814
24full	1000	590	0.0900	0.534800	0.5348
24full	1000	590	0.1000	0.491300	0.4913
24full	1000	590	0.1100	0.451900	0.4519
24full	1000	590	0.1200	0.416500	0.4165
24full	1000	590	0.1300	0.379500	0.3795
24full	1000	590	0.1400	0.344800	0.3448
24full	1000	590	0.1500	0.315300	0.3153
24full	1000	590	0.1600	0.286800	0.2868
24full	1000	590	0.1700	0.264100	0.2641
24full	1000	590	0.1800	0.241200	0.2412
24full	1000	590	0.1900	0.221200	0.2212
24full	1000	590	0.2000	0.201000	0.2010
24full	1000	590	0.2100	0.183400	0.1834
24full	1000	590	0.2200	0.171100	0.1711
24full	1000	590	0.2300	0.157700	0.1577
24full	1000	590	0.2400	0.144500	0.1445
24full	1000	590	0.2500	0.132300	0.1323
24full	1000	590	0.2600	0.123700	0.1237
24full	1000	590	0.2700	0.112500	0.1125
24full	1000	590	0.2800	0.101900	0.1019
24full	1000	590	0.2900	0.093200	0.0932
24full	1000	590	0.3000	0.086100	0.0861
24full	1000	590	0.3100	0.078700	0.0787
24full	1000	590	0.3200	0.072300	0.0723
24full	1000	590	0.3300	0.067700	0.0677
24full	1000	590	0.3400	0.062800	0.0628
24full	1000	590	0.3500	0.058200	0.0582
24full	1000	590	0.3600	0.053200	0.0532
24full	1000	590	0.3700	0.049500	0.0495
24full	1000	590	0.3800	0.045200	0.0452
24full	1000	590	0.3900	0.041500	0.0415
24full	1000	590	0.4000	0.038000	0.0380
24full	1000	590	0.4100	0.035600	0.0356
24full	1000	590	0.4200	0.032800	0.0328
24full	1000	590	0.4300	0.030700	0.0307
24full	1000	590	0.4400	0.028800	0.0288
24full	1000	590	0.4500	0.026400	0.0264
24full	1000	590	0.4600	0.024400	0.0244
24full	1000	590	0.4700	0.023000	0.0230
24full	1000	590	0.4800	0.021000	0.0210
24full	1000	590	0.4900	0.020000	0.0200
24full	1000	590	0.5000	0.118700	0.0187
24full	1000	590	0.5100	0.117000	0.0170
24full	1000	590	0.5200	0.115400	0.0154
24full	1000	590	0.5300	0.214700	0.0147
24full	1000	590	0.5400	0.314300	0.0143
24full	1000	590	0.5500	0.413200	0.0132
24full	1000	590	0.5600	0.412400	0.0124
24full	1000	590	0.5700	0.411800	0.0118
24full	1000	590	0.5800	0.411200	0.0112
24full	1000	590	0.5900	0.410500	0.0105
24full	1000	590	0.6000	0.409400	0.0094
24full	1000	590	0.6100	0.508700	0.0087
24full	1000	590	0.6200	0.508000	0.0080
24full	1000	590	0.6300	0.607100	0.0071
24full	1000	590	0.6400	0.606500	0.0065
24full	1000	590	0.6500	0.806000	0.0060
24full	1000	590	0.6600	0.905500	0.0055
24full	1000	590	0.6700	1.104900	0.0049
24full	1000	590	0.6800	1.204800	0.0048
24full	1000	590	0.6900	1.404500	0.0045
24full	1000	590	0.7000	1.504000	0.0040
24full	1000	590	0.7100	1.603500	0.0035
24full	1000	590	0.7200	2.103200	0.0032
24full	1000	590	0.7300	2.402500	0.0025
24full	1000	590	0.7400	2.702200	0.0022
24full	1000	590	0.7500	3.302200	0.0022
24full	1000	590	0.7600	3.402000	0.0020
24full	1000	590	0.7700	3.701700	0.0017
24full	1000	590	0.7800	3.901400	0.0014
24full	1000	590	0.7900	4.301200	0.0012
24full	1000	590	0.8000	4.601100	0.0011
24full	1000	590	0.8100	4.801000	0.0010
24full	1000	590	0.8200	5.100900	0.0009
24full	1000	590	0.8300	5.300800	0.0008
24full	1000	590	0.8400	6.100600	0.0006
24full	1000	590	0.8500	6.300600	0.0006
24full	1000	590	0.8600	6.800400	0.0004
24full	1000	590	0.8700	7.500300	0.0003
24full	1000	590	0.8800	8.000200	0.0002
24full	1000	590	0.8900	8.500200	0.0002
24full	1000	590	0.9000	8.800200	0.0002
24full	1000	590	0.9100	9.300100	0.0001
24full	1000	590	0.9200	9.700100	0.0001
24full	1000	590	0.9300	10.000100	0.0001
24full	1000	590	0.9400	10.600100	0.0001
24full	1000	590	0.9500	11.300000	0.0000
24full	1000	590	0.9600	12.000000	0.0000
24full	1000	590	0.9700	12.500000	0.0000
24full	1000	590	0.9800	13.700000	0.0000
24full	1000	590	0.9900	14.400000	0.0000
24full	1000	590	1.0000	14.400000	0.0000
4sensor	1	42	0.0100	0.980600	0.9806
4sensor	1	42	0.0200	0.968100	0.9681
4sensor	1	42	0.0300	0.951400	0.9514
4sensor	1	42	0.0400	0.933800	0.9338
4sensor	1	42	0.0500	0.918400	0.9184
4sensor	1	42	0.0600	0.902100	0.9021
4sensor	1	42	0.0700	0.885800	0.8858
4sensor	1	42	0.0800	0.869600	0.8696
4sensor	1	42	0.0900	0.854100	0.8541
4sensor	1	42	0.1000	0.840600	0.8406
4sensor	1	42	0.1100	0.825900	0.8259
4sensor	1	42	0.1200	0.807800	0.8078
4sensor	1	42	0.1300	0.793800	0.7938
4sensor	1	42	0.1400	0.780800	0.7808
4sensor	1	42	0.1500	0.764700	0.7647
4sensor	1	42	0.1600	0.749800	0.7498
4sensor	1	42	0.1700	0.735900	0.7359
4sensor	1	42	0.1800	0.723200	0.7232
4sensor	1	42	0.1900	0.706800	0.7068
4sensor	1	42	0.2000	0.690700	0.6907
4sensor	1	42	0.2100	0.674700	0.6747
4sensor	1	42	0.2200	0.659800	0.6598
4sensor	1	42	0.2300	0.642800	0.6428
4sensor	1	42	0.2400	0.626200	0.6262
4sensor	1	42	0.2500	0.607600	0.6076
4sensor	1	42	0.2600	0.592700	0.5927
4sensor	1	42	0.2700	0.577400	0.5774
4sensor	1	42	0.2800	0.560600	0.5606
4sensor	1	42	0.2900	0.543500	0.5435
4sensor	1	42	0.3000	0.527100	0.5271
4sensor	1	42	0.3100	0.510700	0.5107
4sensor	1	42	0.3200	0.494600	0.4946
4sensor	1	42	0.3300	0.477200	0.4772
4sensor	1	42	0.3400	0.461300	0.4613
4sensor	1	42	0.3500	0.443900	0.4439
4sensor	1	42	0.3600	0.426700	0.4267
4sensor	1	42	0.3700	0.410400	0.4104
4sensor	1	42	0.3800	0.394400	0.3944
4sensor	1	42	0.3900	0.375800	0.3758
4sensor	1	42	0.4000	0.356700	0.3567
4sensor	1	42	0.4100	0.341900	0.3419
4sensor	1	42	0.4200	0.324400	0.3244
4sensor	1	42	0.4300	0.307400	0.3074
4sensor	1	42	0.4400	0.290400	0.2904
4sensor	1	42	0.4500	0.273700	0.2737
4sensor	1	42	0.4600	0.256800	0.2568
4sensor	1	42	0.4700	0.241300	0.2413
4sensor	1	42	0.4800	0.223200	0.2231
4sensor	1	42	0.4900	0.209900	0.2097
4sensor	1	42	0.5000	0.194400	0.1942
4sensor	1	42	0.5100	0.178000	0.1778
4sensor	1	42	0.5200	0.163800	0.1635
4sensor	1	42	0.5300	0.151300	0.1509
4sensor	1	42	0.5400	0.137800	0.1371
4sensor	1	42	0.5500	0.125700	0.1248
4sensor	1	42	0.5600	0.112400	0.1113
4sensor	1	42	0.5700	0.100900	0.0996
4sensor	1	42	0.5800	0.089000	0.0874
4sensor	1	42	0.5900	0.078700	0.0769
4sensor	1	42	0.6000	0.068000	0.0661
4sensor	1	42	0.6100	0.058800	0.0560
4sensor	1	42	0.6200	0.050600	0.0473
4sensor	1	42	0.6300	0.043800	0.0402
4sensor	1	42	0.6400	0.039700	0.0349
4sensor	1	42	0.6500	0.034600	0.0293
4sensor	1	42	0.6600	0.031200	0.0252
4sensor	1	42	0.6700	0.028000	0.0213
4sensor	1	42	0.6800	0.025300	0.0181
4sensor	1	42	0.6900	0.022900	0.0153
4sensor	1	42	0.7000	0.020600	0.0121
4sensor	1	42	0.7100	0.019300	0.0099
4sensor	1	42	0.7200	0.018300	0.0085
4sensor	1	42	0.7300	0.017700	0.0071
4sensor	1	42	0.7400	0.017200	0.0059
4sensor	1	42	0.7500	0.016100	0.0046
4sensor	1	42	0.7600	0.016400	0.0042
4sensor	1	42	0.7700	0.015900	0.0033
4sensor	1	42	0.7800	0.015400	0.0027
4sensor	1	42	0.7900	0.015100	0.0020
4sensor	1	42	0.8000	0.014600	0.0015
4sensor	1	42	0.8100	0.014400	0.0013
4sensor	1	42	0.8200	0.014400	0.0011
4sensor	1	42	0.8300	0.014600	0.0009
4sensor	1	42	0.8400	0.014400	0.0006
4sensor	1	42	0.8500	0.014400	0.0006
4sensor	1	42	0.8600	0.014300	0.0004
4sensor	1	42	0.8700	0.014200	0.0002
4sensor	1	42	0.8800	0.014200	0.0001
4sensor	1	42	0.8900	0.014200	0.0000
4sensor	1	42	0.9000	0.014200	0.0000
4sensor	1	42	0.9100	0.014300	0.0000
4sensor	1	42	0.9200	0.014400	0.0000
4sensor	1	42	0.9300	0.014400	0.0000
4sensor	1	42	0.9400	0.014400	0.0000
4sensor	1	42	0.9500	0.014400	0.0000
4sensor	1	42	0.9600	0.014400	0.0000
4sensor	1	42	0.9700	0.014400	0.0000
4sensor	1	42	0.9800	0.014400	0.0000
4sensor	1	42	0.9900	0.014400	0.0000
4sensor	1	42	1.0000	0.014400	0.0000
4sensor	10	42	0.0100	0.980600	0.9806
4sensor	10	42	0.0200	0.968100	0.9681
4sensor	10	42	0.0300	0.951400	0.9514
4sensor	10	42	0.0400	0.933800	0.9338
4sensor	10	42	0.0500	0.918400	0.9184
4sensor	10	42	0.0600	0.902100	0.9021
4sensor	10	42	0.0700	0.885800	0.8858
4sensor	10	42	0.0800	0.869600	0.8696
4sensor	10	42	0.0900	0.854100	0.8541
4sensor	10	42	0.1000	0.840600	0.8406
4sensor	10	42	0.1100	0.825900	0.8259
4sensor	10	42	0.1200	0.807800	0.8078
4sensor	10	42	0.1300	0.793800	0.7938
4sensor	10	42	0.1400	0.780800	0.7808
4sensor	10	42	0.1500	0.764700	0.7647
4sensor	10	42	0.1600	0.749800	0.7498
4sensor	10	42	0.1700	0.735900	0.7359
4sensor	10	42	0.1800	0.723200	0.7232
4sensor	10	42	0.1900	0.706800	0.7068
4sensor	10	42	0.2000	0.690700	0.6907
4sensor	10	42	0.2100	0.674700	0.6747
4sensor	10	42	0.2200	0.659800	0.6598
4sensor	10	42	0.2300	0.642800	0.6428
4sensor	10	42	0.2400	0.626200	0.6262
4sensor	10	42	0.2500	0.607600	0.6076
4sensor	10	42	0.2600	0.592700	0.5927
4sensor	10	42	0.2700	0.577400	0.5774
4sensor	10	42	0.2800	0.560600	0.5606
4sensor	10	42	0.2900	0.543500	0.5435
4sensor	10	42	0.3000	0.527100	0.5271
4sensor	10	42	0.3100	0.510700	0.5107
4sensor	10	42	0.3200	0.494600	0.4946
4sensor	10	42	0.3300	0.477200	0.4772
4sensor	10	42	0.3400	0.461300	0.4613
4sensor	10	42	0.3500	0.443900	0.4439
4sensor	10	42	0.3600	0.426700	0.4267
4sensor	10	42	0.3700	0.410400	0.4104
4sensor	10	42	0.3800	0.394400	0.3944
4sensor	10	42	0.3900	0.375800	0.3758
4sensor	10	42	0.4000	0.356700	0.3567
4sensor	10	42	0.4100	0.341900	0.3419
4sensor	10	42	0.4200	0.324400	0.3244
4sensor	10	42	0.4300	0.307400	0.3074
4sensor	10	42	0.4400	0.290400	0.2904
4sensor	10	42	0.4500	0.273700	0.2737
4sensor	10	42	0.4600	0.256800	0.2568
4sensor	10	42	0.4700	0.241300	0.2413
4sensor	10	42	0.4800	0.224100	0.2231
4sensor	10	42	0.4900	0.211700	0.2097
4sensor	10	42	0.5000	0.196200	0.1942
4sensor	10	42	0.5100	0.179800	0.1778
4sensor	10	42	0.5200	0.166500	0.1635
4sensor	10	42	0.5300	0.154900	0.1509
4sensor	10	42	0.5400	0.144100	0.1371
4sensor	10	42	0.5500	0.133800	0.1248
4sensor	10	42	0.5600	0.122300	0.1113
4sensor	10	42	0.5700	0.112600	0.0996
4sensor	10	42	0.5800	0.103400	0.0874
4sensor	10	42	0.5900	0.094900	0.0769
4sensor	10	42	0.6000	0.085100	0.0661
4sensor	10	42	0.6100	0.084000	0.0560
4sensor	10	42	0.6200	0.080300	0.0473
4sensor	10	42	0.6300	0.076200	0.0402
4sensor	10	42	0.6400	0.082900	0.0349
4sensor	10	42	0.6500	0.082300	0.0293
4sensor	10	42	0.6600	0.085200	0.0252
4sensor	10	42	0.6700	0.088300	0.0213
4sensor	10	42	0.6800	0.090100	0.0181
4sensor	10	42	0.6900	0.091300	0.0153
4sensor	10	42	0.7000	0.097100	0.0121
4sensor	10	42	0.7100	0.103900	0.0099
4sensor	10	42	0.7200	0.106500	0.0085
4sensor	10	42	0.7300	0.113100	0.0071
4sensor	10	42	0.7400	0.118900	0.0059
4sensor	10	42	0.7500	0.119600	0.0046
4sensor	10	42	0.7600	0.126200	0.0042
4sensor	10	42	0.7700	0.129300	0.0033
4sensor	10	42	0.7800	0.129700	0.0027
4sensor	10	42	0.7900	0.133000	0.0020
4sensor	10	42	0.8000	0.132500	0.0015
4sensor	10	42	0.8100	0.132300	0.0013
4sensor	10	42	0.8200	0.134100	0.0011
4sensor	10	42	0.8300	0.137900	0.0009
4sensor	10	42	0.8400	0.138600	0.0006
4sensor	10	42	0.8500	0.138600	0.0006
4sensor	10	42	0.8600	0.139400	0.0004
4sensor	10	42	0.8700	0.140200	0.0002
4sensor	10	42	0.8800	0.141100	0.0001
4sensor	10	42	0.8900	0.142000	0.0000
4sensor	10	42	0.9000	0.142000	0.0000
4sensor	10	42	0.9100	0.143000	0.0000
4sensor	10	42	0.9200	0.144000	0.0000
4sensor	10	42	0.9300	0.144000	0.0000
4sensor	10	42	0.9400	0.144000	0.0000
4sensor	10	42	0.9500	0.144000	0.0000
4sensor	10	42	0.9600	0.144000	0.0000
4sensor	10	42	0.9700	0.144000	0.0000
4sensor	10	42	0.9800	0.144000	0.0000
4sensor	10	42	0.9900	0.144000	0.0000
4sensor	10	42	1.0000	0.144000	0.0000
4sensor	100	42	0.0100	0.980600	0.9806
4sensor	100	42	0.0200	0.968100	0.9681
4sensor	100	42	0.0300	0.951400	0.9514
4sensor	100	42	0.0400	0.933800	0.9338
4sensor	100	42	0.0500	0.918400	0.9184
4sensor	100	42	0.0600	0.902100	0.9021
4sensor	100	42	0.0700	0.885800	0.8858
4sensor	100	42	0.0800	0.869600	0.8696
4sensor	100	42	0.0900	0.854100	0.8541
4sensor	100	42	0.1000	0.840600	0.8406
4sensor	100	42	0.1100	0.825900	0.8259
4sensor	100	42	0.1200	0.807800	0.8078
4sensor	100	42	0.1300	0.793800	0.7938
4sensor	100	42	0.1400	0.780800	0.7808
4sensor	100	42	0.1500	0.764700	0.7647
4sensor	100	42	0.1600	0.749800	0.7498
4sensor	100	42	0.1700	0.735900	0.7359
4sensor	100	42	0.1800	0.723200	0.7232
4sensor	100	42	0.1900	0.706800	0.7068
4sensor	100	42	0.2000	0.690700	0.6907
4sensor	100	42	0.2100	0.674700	0.6747
4sensor	100	42	0.2200	0.659800	0.6598
4sensor	100	42	0.2300	0.642800	0.6428
4sensor	100	42	0.2400	0.626200	0.6262
4sensor	100	42	0.2500	0.607600	0.6076
4sensor	100	42	0.2600	0.592700	0.5927
4sensor	100	42	0.2700	0.577400	0.5774
4sensor	100	42	0.2800	0.560600	0.5606
4sensor	100	42	0.2900	0.543500	0.5435
4sensor	100	42	0.3000	0.527100	0.5271
4sensor	100	42	0.3100	0.510700	0.5107
4sensor	100	42	0.3200	0.494600	0.4946
4sensor	100	42	0.3300	0.477200	0.4772
4sensor	100	42	0.3400	0.461300	0.4613
4sensor	100	42	0.3500	0.443900	0.4439
4sensor	100	42	0.3600	0.426700	0.4267
4sensor	100	42	0.3700	0.410400	0.4104
4sensor	100	42	0.3800	0.394400	0.3944
4sensor	100	42	0.3900	0.375800	0.3758
4sensor	100	42	0.4000	0.356700	0.3567
4sensor	100	42	0.4100	0.341900	0.3419
4sensor	100	42	0.4200	0.324400	0.3244
4sensor	100	42	0.4300	0.307400	0.3074
4sensor	100	42	0.4400	0.290400	0.2904
4sensor	100	42	0.4500	0.273700	0.2737
4sensor	100	42	0.4600	0.256800	0.2568
4sensor	100	42	0.4700	0.241300	0.2413
4sensor	100	42	0.4800	0.233100	0.2231
4sensor	100	42	0.4900	0.229700	0.2097
4sensor	100	42	0.5000	0.214200	0.1942
4sensor	100	42	0.5100	0.197800	0.1778
4sensor	100	42	0.5200	0.193500	0.1635
4sensor	100	42	0.5300	0.190900	0.1509
4sensor	100	42	0.5400	0.207100	0.1371
4sensor	100	42	0.5500	0.214800	0.1248
4sensor	100	42	0.5600	0.221300	0.1113
4sensor	100	42	0.5700	0.229600	0.0996
4sensor	100	42	0.5800	0.247400	0.0874
4sensor	100	42	0.5900	0.256900	0.0769
4sensor	100	42	0.6000	0.256100	0.0661
4sensor	100	42	0.6100	0.336000	0.0560
4sensor	100	42	0.6200	0.377300	0.0473
4sensor	100	42	0.6300	0.400200	0.0402
4sensor	100	42	0.6400	0.514900	0.0349
4sensor	100	42	0.6500	0.559300	0.0293
4sensor	100	42	0.6600	0.625200	0.0252
4sensor	100	42	0.6700	0.691300	0.0213
4sensor	100	42	0.6800	0.738100	0.0181
4sensor	100	42	0.6900	0.775300	0.0153
4sensor	100	42	0.7000	0.862100	0.0121
4sensor	100	42	0.7100	0.949900	0.0099
4sensor	100	42	0.7200	0.988500	0.0085
4sensor	100	42	0.7300	1.067100	0.0071
4sensor	100	42	0.7400	1.135900	0.0059
4sensor	100	42	0.7500	1.154600	0.0046
4sensor	100	42	0.7600	1.224200	0.0042
4sensor	100	42	0.7700	1.263300	0.0033
4sensor	100	42	0.7800	1.272700	0.0027
4sensor	100	42	0.7900	1.312000	0.0020
4sensor	100	42	0.8000	1.311500	0.0015
4sensor	100	42	0.8100	1.311300	0.0013
4sensor	100	42	0.8200	1.331100	0.0011
4sensor	100	42	0.8300	1.370900	0.0009
4sensor	100	42	0.8400	1.380600	0.0006
4sensor	100	42	0.8500	1.380600	0.0006
4sensor	100	42	0.8600	1.390400	0.0004
4sensor	100	42	0.8700	1.400200	0.0002
4sensor	100	42	0.8800	1.410100	0.0001
4sensor	100	42	0.8900	1.420000	0.0000
4sensor	100	42	0.9000	1.420000	0.0000
4sensor	100	42	0.9100	1.430000	0.0000
4sensor	100	42	0.9200	1.440000	0.0000
4sensor	100	42	0.9300	1.440000	0.0000
4sensor	100	42	0.9400	1.440000	0.0000
4sensor	100	42	0.9500	1.440000	0.0000
4sensor	100	42	0.9600	1.440000	0.0000
4sensor	100	42	0.9700	1.440000	0.0000
4sensor	100	42	0.9800	1.440000	0.0000
4sensor	100	42	0.9900	1.440000	0.0000
4sensor	100	42	1.0000	1.440000	0.0000
4sensor	1000	42	0.0100	0.980600	0.9806
4sensor	1000	42	0.0200	0.968100	0.9681
4sensor	1000	42	0.0300	0.951400	0.9514
4sensor	1000	42	0.0400	0.933800	0.9338
4sensor	1000	42	0.0500	0.918400	0.9184
4sensor	1000	42	0.0600	0.902100	0.9021
4sensor	1000	42	0.0700	0.885800	0.8858
4sensor	1000	42	0.0800	0.869600	0.8696
4sensor	1000	42	0.0900	0.854100	0.8541
4sensor	1000	42	0.1000	0.840600	0.8406
4sensor	1000	42	0.1100	0.825900	0.8259
4sensor	1000	42	0.1200	0.807800	0.8078
4sensor	1000	42	0.1300	0.793800	0.7938
4sensor	1000	42	0.1400	0.780800	0.7808
4sensor	1000	42	0.1500	0.764700	0.7647
4sensor	1000	42	0.1600	0.749800	0.7498
4sensor	1000	42	0.1700	0.735900	0.7359
4sensor	1000	42	0.1800	0.723200	0.7232
4sensor	1000	42	0.1900	0.706800	0.7068
4sensor	1000	42	0.2000	0.690700	0.6907
4sensor	1000	42	0.2100	0.674700	0.6747
4sensor	1000	42	0.2200	0.659800	0.6598
4sensor	1000	42	0.2300	0.642800	0.6428
4sensor	1000	42	0.2400	0.626200	0.6262
4sensor	1000	42	0.2500	0.607600	0.6076
4sensor	1000	42	0.2600	0.592700	0.5927
4sensor	1000	42	0.2700	0.577400	0.5774
4sensor	1000	42	0.2800	0.560600	0.5606
4sensor	1000	42	0.2900	0.543500	0.5435
4sensor	1000	42	0.3000	0.527100	0.5271
4sensor	1000	42	0.3100	0.510700	0.5107
4sensor	1000	42	0.3200	0.494600	0.4946
4sensor	1000	42	0.3300	0.477200	0.4772
4sensor	1000	42	0.3400	0.461300	0.4613
4sensor	1000	42	0.3500	0.443900	0.4439
4sensor	1000	42	0.3600	0.426700	0.4267
4sensor	1000	42	0.3700	0.410400	0.4104
4sensor	1000	42	0.3800	0.394400	0.3944
4sensor	1000	42	0.3900	0.375800	0.3758
4sensor	1000	42	0.4000	0.356700	0.3567
4sensor	1000	42	0.4100	0.341900	0.3419
4sensor	1000	42	0.4200	0.324400	0.3244
4sensor	1000	42	0.4300	0.307400	0.3074
4sensor	1000	42	0.4400	0.290400	0.2904
4sensor	1000	42	0.4500	0.273700	0.2737
4sensor	1000	42	0.4600	0.256800	0.2568
4sensor	1000	42	0.4700	0.241300	0.2413
4sensor	1000	42	0.4800	0.323100	0.2231
4sensor	1000	42	0.4900	0.409700	0.2097
4sensor	1000	42	0.5000	0.394200	0.1942
4sensor	1000	42	0.5100	0.377800	0.1778
4sensor	1000	42	0.5200	0.463500	0.1635
4sensor	1000	42	0.5300	0.550900	0.1509
4sensor	1000	42	0.5400	0.837100	0.1371
4sensor	1000	42	0.5500	1.024800	0.1248
4sensor	1000	42	0.5600	1.211300	0.1113
4sensor	1000	42	0.5700	1.399600	0.0996
4sensor	1000	42	0.5800	1.687400	0.0874
4sensor	1000	42	0.5900	1.876900	0.0769
4sensor	1000	42	0.6000	1.966100	0.0661
4sensor	1000	42	0.6100	2.856000	0.0560
4sensor	1000	42	0.6200	3.347300	0.0473
4sensor	1000	42	0.6300	3.640200	0.0402
4sensor	1000	42	0.6400	4.834900	0.0349
4sensor	1000	42	0.6500	5.329300	0.0293
4sensor	1000	42	0.6600	6.025200	0.0252
4sensor	1000	42	0.6700	6.721300	0.0213
4sensor	1000	42	0.6800	7.218100	0.0181
4sensor	1000	42	0.6900	7.615300	0.0153
4sensor	1000	42	0.7000	8.512100	0.0121
4sensor	1000	42	0.7100	9.409900	0.0099
4sensor	1000	42	0.7200	9.808500	0.0085
4sensor	1000	42	0.7300	10.607100	0.0071
4sensor	1000	42	0.7400	11.305900	0.0059
4sensor	1000	42	0.7500	11.504600	0.0046
4sensor	1000	42	0.7600	12.204200	0.0042
4sensor	1000	42	0.7700	12.603300	0.0033
4sensor	1000	42	0.7800	12.702700	0.0027
4sensor	1000	42	0.7900	13.102000	0.0020
4sensor	1000	42	0.8000	13.101500	0.0015
4sensor	1000	42	0.8100	13.101300	0.0013
4sensor	1000	42	0.8200	13.301100	0.0011
4sensor	1000	42	0.8300	13.700900	0.0009
4sensor	1000	42	0.8400	13.800600	0.0006
4sensor	1000	42	0.8500	13.800600	0.0006
4sensor	1000	42	0.8600	13.900400	0.0004
4sensor	1000	42	0.8700	14.000200	0.0002
4sensor	1000	42	0.8800	14.100100	0.0001
4sensor	1000	42	0.8900	14.200000	0.0000
4sensor	1000	42	0.9000	14.200000	0.0000
4sensor	1000	42	0.9100	14.300000	0.0000
4sensor	1000	42	0.9200	14.400000	0.0000
4sensor	1000	42	0.9300	14.400000	0.0000
4sensor	1000	42	0.9400	14.400000	0.0000
4sensor	1000	42	0.9500	14.400000	0.0000
4sensor	1000	42	0.9600	14.400000	0.0000
4sensor	1000	42	0.9700	14.400000	0.0000
4sensor	1000	42	0.9800	14.400000	0.0000
4sensor	1000	42	0.9900	14.400000	0.0000
4sensor	1000	42	1.0000	14.400000	0.0000
4sensor	1	179	0.0100	0.981700	0.9817
4sensor	1	179	0.0200	0.967100	0.9671
4sensor	1	179	0.0300	0.951900	0.9519
4sensor	1	179	0.0400	0.936400	0.9364
4sensor	1	179	0.0500	0.920700	0.9207
4sensor	1	179	0.0600	0.903700	0.9037
4sensor	1	179	0.0700	0.889000	0.8890
4sensor	1	179	0.0800	0.874900	0.8749
4sensor	1	179	0.0900	0.860400	0.8604
4sensor	1	179	0.1000	0.846000	0.8460
4sensor	1	179	0.1100	0.833200	0.8332
4sensor	1	179	0.1200	0.817200	0.8172
4sensor	1	179	0.1300	0.801300	0.8013
4sensor	1	179	0.1400	0.787100	0.7871
4sensor	1	179	0.1500	0.772700	0.7727
4sensor	1	179	0.1600	0.758300	0.7583
4sensor	1	179	0.1700	0.744300	0.7443
4sensor	1	179	0.1800	0.728800	0.7288
4sensor	1	179	0.1900	0.714800	0.7148
4sensor	1	179	0.2000	0.699900	0.6999
4sensor	1	179	0.2100	0.685400	0.6854
4sensor	1	179	0.2200	0.671100	0.6711
4sensor	1	179	0.2300	0.653800	0.6538
4sensor	1	179	0.2400	0.638600	0.6386
4sensor	1	179	0.2500	0.621100	0.6211
4sensor	1	179	0.2600	0.605200	0.6052
4sensor	1	179	0.2700	0.589600	0.5896
4sensor	1	179	0.2800	0.573500	0.5735
4sensor	1	179	0.2900	0.554900	0.5549
4sensor	1	179	0.3000	0.537800	0.5378
4sensor	1	179	0.3100	0.521600	0.5216
4sensor	1	179	0.3200	0.502500	0.5025
4sensor	1	179	0.3300	0.486000	0.4860
4sensor	1	179	0.3400	0.470600	0.4706
4sensor	1	179	0.3500	0.455300	0.4553
4sensor	1	179	0.3600	0.436000	0.4360
4sensor	1	179	0.3700	0.416300	0.4163
4sensor	1	179	0.3800	0.399000	0.3990
4sensor	1	179	0.3900	0.382400	0.3824
4sensor	1	179	0.4000	0.365700	0.3657
4sensor	1	179	0.4100	0.347000	0.3470
4sensor	1	179	0.4200	0.328300	0.3283
4sensor	1	179	0.4300	0.313900	0.3139
4sensor	1	179	0.4400	0.295500	0.2954
4sensor	1	179	0.4500	0.274000	0.2739
4sensor	1	179	0.4600	0.255200	0.2551
4sensor	1	179	0.4700	0.239500	0.2394
4sensor	1	179	0.4800	0.222000	0.2218
4sensor	1	179	0.4900	0.206500	0.2061
4sensor	1	179	0.5000	0.189900	0.1895
4sensor	1	179	0.5100	0.177000	0.1766
4sensor	1	179	0.5200	0.161500	0.1609
4sensor	1	179	0.5300	0.145600	0.1449
4sensor	1	179	0.5400	0.133100	0.1322
4sensor	1	179	0.5500	0.120700	0.1196
4sensor	1	179	0.5600	0.108400	0.1070
4sensor	1	179	0.5700	0.096900	0.0953
4sensor	1	179	0.5800	0.085200	0.0832
4sensor	1	179	0.5900	0.076000	0.0738
4sensor	1	179	0.6000	0.067100	0.0643
4sensor	1	179	0.6100	0.060200	0.0567
4sensor	1	179	0.6200	0.052600	0.0487
4sensor	1	179	0.6300	0.047000	0.0421
4sensor	1	179	0.6400	0.040800	0.0358
4sensor	1	179	0.6500	0.035000	0.0298
4sensor	1	179	0.6600	0.030800	0.0247
4sensor	1	179	0.6700	0.027200	0.0203
4sensor	1	179	0.6800	0.025100	0.0174
4sensor	1	179	0.6900	0.023000	0.0143
4sensor	1	179	0.7000	0.020800	0.0116
4sensor	1	179	0.7100	0.019800	0.0099
4sensor	1	179	0.7200	0.019200	0.0086
4sensor	1	179	0.7300	0.018000	0.0069
4sensor	1	179	0.7400	0.017300	0.0056
4sensor	1	179	0.7500	0.016500	0.0043
4sensor	1	179	0.7600	0.016100	0.0036
4sensor	1	179	0.7700	0.016000	0.0032
4sensor	1	179	0.7800	0.015800	0.0029
4sensor	1	179	0.7900	0.015300	0.0021
4sensor	1	179	0.8000	0.015000	0.0015
4sensor	1	179	0.8100	0.014900	0.0013
4sensor	1	179	0.8200	0.014700	0.0011
4sensor	1	179	0.8300	0.014600	0.0009
4sensor	1	179	0.8400	0.014600	0.0007
4sensor	1	179	0.8500	0.014200	0.0003
4sensor	1	179	0.8600	0.014100	0.0002
4sensor	1	179	0.8700	0.014300	0.0000
4sensor	1	179	0.8800	0.014300	0.0000
4sensor	1	179	0.8900	0.014400	0.0000
4sensor	1	179	0.9000	0.014400	0.0000
4sensor	1	179	0.9100	0.014400	0.0000
4sensor	1	179	0.9200	0.014400	0.0000
4sensor	1	179	0.9300	0.014400	0.0000
4sensor	1	179	0.9400	0.014400	0.0000
4sensor	1	179	0.9500	0.014400	0.0000
4sensor	1	179	0.9600	0.014400	0.0000
4sensor	1	179	0.9700	0.014400	0.0000
4sensor	1	179	0.9800	0.014400	0.0000
4sensor	1	179	0.9900	0.014400	0.0000
4sensor	1	179	1.0000	0.014400	0.0000
4sensor	10	179	0.0100	0.981700	0.9817
4sensor	10	179	0.0200	0.967100	0.9671
4sensor	10	179	0.0300	0.951900	0.9519
4sensor	10	179	0.0400	0.936400	0.9364
4sensor	10	179	0.0500	0.920700	0.9207
4sensor	10	179	0.0600	0.903700	0.9037
4sensor	10	179	0.0700	0.889000	0.8890
4sensor	10	179	0.0800	0.874900	0.8749
4sensor	10	179	0.0900	0.860400	0.8604
4sensor	10	179	0.1000	0.846000	0.8460
4sensor	10	179	0.1100	0.833200	0.8332
4sensor	10	179	0.1200	0.817200	0.8172
4sensor	10	179	0.1300	0.801300	0.8013
4sensor	10	179	0.1400	0.787100	0.7871
4sensor	10	179	0.1500	0.772700	0.7727
4sensor	10	179	0.1600	0.758300	0.7583
4sensor	10	179	0.1700	0.744300	0.7443
4sensor	10	179	0.1800	0.728800	0.7288
4sensor	10	179	0.1900	0.714800	0.7148
4sensor	10	179	0.2000	0.699900	0.6999
4sensor	10	179	0.2100	0.685400	0.6854
4sensor	10	179	0.2200	0.671100	0.6711
4sensor	10	179	0.2300	0.653800	0.6538
4sensor	10	179	0.2400	0.638600	0.6386
4sensor	10	179	0.2500	0.621100	0.6211
4sensor	10	179	0.2600	0.605200	0.6052
4sensor	10	179	0.2700	0.589600	0.5896
4sensor	10	179	0.2800	0.573500	0.5735
4sensor	10	179	0.2900	0.554900	0.5549
4sensor	10	179	0.3000	0.537800	0.5378
4sensor	10	179	0.3100	0.521600	0.5216
4sensor	10	179	0.3200	0.502500	0.5025
4sensor	10	179	0.3300	0.486000	0.4860
4sensor	10	179	0.3400	0.470600	0.4706
4sensor	10	179	0.3500	0.455300	0.4553
4sensor	10	179	0.3600	0.436000	0.4360
4sensor	10	179	0.3700	0.416300	0.4163
4sensor	10	179	0.3800	0.399000	0.3990
4sensor	10	179	0.3900	0.382400	0.3824
4sensor	10	179	0.4000	0.365700	0.3657
4sensor	10	179	0.4100	0.347000	0.3470
4sensor	10	179	0.4200	0.328300	0.3283
4sensor	10	179	0.4300	0.313900	0.3139
4sensor	10	179	0.4400	0.296400	0.2954
4sensor	10	179	0.4500	0.274900	0.2739
4sensor	10	179	0.4600	0.256100	0.2551
4sensor	10	179	0.4700	0.240400	0.2394
4sensor	10	179	0.4800	0.223800	0.2218
4sensor	10	179	0.4900	0.210100	0.2061
4sensor	10	179	0.5000	0.193500	0.1895
4sensor	10	179	0.5100	0.180600	0.1766
4sensor	10	179	0.5200	0.166900	0.1609
4sensor	10	179	0.5300	0.151900	0.1449
4sensor	10	179	0.5400	0.141200	0.1322
4sensor	10	179	0.5500	0.130600	0.1196
4sensor	10	179	0.5600	0.121000	0.1070
4sensor	10	179	0.5700	0.111300	0.0953
4sensor	10	179	0.5800	0.103200	0.0832
4sensor	10	179	0.5900	0.095800	0.0738
4sensor	10	179	0.6000	0.092300	0.0643
4sensor	10	179	0.6100	0.091700	0.0567
4sensor	10	179	0.6200	0.087700	0.0487
4sensor	10	179	0.6300	0.091100	0.0421
4sensor	10	179	0.6400	0.085800	0.0358
4sensor	10	179	0.6500	0.081800	0.0298
4sensor	10	179	0.6600	0.085700	0.0247
4sensor	10	179	0.6700	0.089300	0.0203
4sensor	10	179	0.6800	0.094400	0.0174
4sensor	10	179	0.6900	0.101300	0.0143
4sensor	10	179	0.7000	0.103600	0.0116
4sensor	10	179	0.7100	0.108900	0.0099
4sensor	10	179	0.7200	0.114600	0.0086
4sensor	10	179	0.7300	0.117900	0.0069
4sensor	10	179	0.7400	0.122600	0.0056
4sensor	10	179	0.7500	0.126300	0.0043
4sensor	10	179	0.7600	0.128600	0.0036
4sensor	10	179	0.7700	0.131200	0.0032
4sensor	10	179	0.7800	0.131900	0.0029
4sensor	10	179	0.7900	0.134100	0.0021
4sensor	10	179	0.8000	0.136500	0.0015
4sensor	10	179	0.8100	0.137300	0.0013
4sensor	10	179	0.8200	0.137100	0.0011
4sensor	10	179	0.8300	0.137900	0.0009
4sensor	10	179	0.8400	0.139700	0.0007
4sensor	10	179	0.8500	0.139300	0.0003
4sensor	10	179	0.8600	0.139200	0.0002
4sensor	10	179	0.8700	0.143000	0.0000
4sensor	10	179	0.8800	0.143000	0.0000
4sensor	10	179	0.8900	0.144000	0.0000
4sensor	10	179	0.9000	0.144000	0.0000
4sensor	10	179	0.9100	0.144000	0.0000
4sensor	10	179	0.9200	0.144000	0.0000
4sensor	10	179	0.9300	0.144000	0.0000
4sensor	10	179	0.9400	0.144000	0.0000
4sensor	10	179	0.9500	0.144000	0.0000
4sensor	10	179	0.9600	0.144000	0.0000
4sensor	10	179	0.9700	0.144000	0.0000
4sensor	10	179	0.9800	0.144000	0.0000
4sensor	10	179	0.9900	0.144000	0.0000
4sensor	10	179	1.0000	0.144000	0.0000
4sensor	100	179	0.0100	0.981700	0.9817
4sensor	100	179	0.0200	0.967100	0.9671
4sensor	100	179	0.0300	0.951900	0.9519
4sensor	100	179	0.0400	0.936400	0.9364
4sensor	100	179	0.0500	0.920700	0.9207
4sensor	100	179	0.0600	0.903700	0.9037
4sensor	100	179	0.0700	0.889000	0.8890
4sensor	100	179	0.0800	0.874900	0.8749
4sensor	100	179	0.0900	0.860400	0.8604
4sensor	100	179	0.1000	0.846000	0.8460
4sensor	100	179	0.1100	0.833200	0.8332
4sensor	100	179	0.1200	0.817200	0.8172
4sensor	100	179	0.1300	0.801300	0.8013
4sensor	100	179	0.1400	0.787100	0.7871
4sensor	100	179	0.1500	0.772700	0.7727
4sensor	100	179	0.1600	0.758300	0.7583
4sensor	100	179	0.1700	0.744300	0.7443
4sensor	100	179	0.1800	0.728800	0.7288
4sensor	100	179	0.1900	0.714800	0.7148
4sensor	100	179	0.2000	0.699900	0.6999
4sensor	100	179	0.2100	0.685400	0.6854
4sensor	100	179	0.2200	0.671100	0.6711
4sensor	100	179	0.2300	0.653800	0.6538
4sensor	100	179	0.2400	0.638600	0.6386
4sensor	100	179	0.2500	0.621100	0.6211
4sensor	100	179	0.2600	0.605200	0.6052
4sensor	100	179	0.2700	0.589600	0.5896
4sensor	100	179	0.2800	0.573500	0.5735
4sensor	100	179	0.2900	0.554900	0.5549
4sensor	100	179	0.3000	0.537800	0.5378
4sensor	100	179	0.3100	0.521600	0.5216
4sensor	100	179	0.3200	0.502500	0.5025
4sensor	100	179	0.3300	0.486000	0.4860
4sensor	100	179	0.3400	0.470600	0.4706
4sensor	100	179	0.3500	0.455300	0.4553
4sensor	100	179	0.3600	0.436000	0.4360
4sensor	100	179	0.3700	0.416300	0.4163
4sensor	100	179	0.3800	0.399000	0.3990
4sensor	100	179	0.3900	0.382400	0.3824
4sensor	100	179	0.4000	0.365700	0.3657
4sensor	100	179	0.4100	0.347000	0.3470
4sensor	100	179	0.4200	0.328300	0.3283
4sensor	100	179	0.4300	0.313900	0.3139
4sensor	100	179	0.4400	0.305400	0.2954
4sensor	100	179	0.4500	0.283900	0.2739
4sensor	100	179	0.4600	0.265100	0.2551
4sensor	100	179	0.4700	0.249400	0.2394
4sensor	100	179	0.4800	0.241800	0.2218
4sensor	100	179	0.4900	0.246100	0.2061
4sensor	100	179	0.5000	0.229500	0.1895
4sensor	100	179	0.5100	0.216600	0.1766
4sensor	100	179	0.5200	0.220900	0.1609
4sensor	100	179	0.5300	0.214900	0.1449
4sensor	100	179	0.5400	0.222200	0.1322
4sensor	100	179	0.5500	0.229600	0.1196
4sensor	100	179	0.5600	0.247000	0.1070
4sensor	100	179	0.5700	0.255300	0.0953
4sensor	100	179	0.5800	0.283200	0.0832
4sensor	100	179	0.5900	0.293800	0.0738
4sensor	100	179	0.6000	0.344300	0.0643
4sensor	100	179	0.6100	0.406700	0.0567
4sensor	100	179	0.6200	0.438700	0.0487
4sensor	100	179	0.6300	0.532100	0.0421
4sensor	100	179	0.6400	0.535800	0.0358
4sensor	100	179	0.6500	0.549800	0.0298
4sensor	100	179	0.6600	0.634700	0.0247
4sensor	100	179	0.6700	0.710300	0.0203
4sensor	100	179	0.6800	0.787400	0.0174
4sensor	100	179	0.6900	0.884300	0.0143
4sensor	100	179	0.7000	0.931600	0.0116
4sensor	100	179	0.7100	0.999900	0.0099
4sensor	100	179	0.7200	1.068600	0.0086
4sensor	100	179	0.7300	1.116900	0.0069
4sensor	100	179	0.7400	1.175600	0.0056
4sensor	100	179	0.7500	1.224300	0.0043
4sensor	100	179	0.7600	1.253600	0.0036
4sensor	100	179	0.7700	1.283200	0.0032
4sensor	100	179	0.7800	1.292900	0.0029
4sensor	100	179	0.7900	1.322100	0.0021
4sensor	100	179	0.8000	1.351500	0.0015
4sensor	100	179	0.8100	1.361300	0.0013
4sensor	100	179	0.8200	1.361100	0.0011
4sensor	100	179	0.8300	1.370900	0.0009
4sensor	100	179	0.8400	1.390700	0.0007
4sensor	100	179	0.8500	1.390300	0.0003
4sensor	100	179	0.8600	1.390200	0.0002
4sensor	100	179	0.8700	1.430000	0.0000
4sensor	100	179	0.8800	1.430000	0.0000
4sensor	100	179	0.8900	1.440000	0.0000
4sensor	100	179	0.9000	1.440000	0.0000
4sensor	100	179	0.9100	1.440000	0.0000
4sensor	100	179	0.9200	1.440000	0.0000
4sensor	100	179	0.9300	1.440000	0.0000
4sensor	100	179	0.9400	1.440000	0.0000
4sensor	100	179	0.9500	1.440000	0.0000
4sensor	100	179	0.9600	1.440000	0.0000
4sensor	100	179	0.9700	1.440000	0.0000
4sensor	100	179	0.9800	1.440000	0.0000
4sensor	100	179	0.9900	1.440000	0.0000
4sensor	100	179	1.0000	1.440000	0.0000
4sensor	1000	179	0.0100	0.981700	0.9817
4sensor	1000	179	0.0200	0.967100	0.9671
4sensor	1000	179	0.0300	0.951900	0.9519
4sensor	1000	179	0.0400	0.936400	0.9364
4sensor	1000	179	0.0500	0.920700	0.9207
4sensor	1000	179	0.0600	0.903700	0.9037
4sensor	1000	179	0.0700	0.889000	0.8890
4sensor	1000	179	0.0800	0.874900	0.8749
4sensor	1000	179	0.0900	0.860400	0.8604
4sensor	1000	179	0.1000	0.846000	0.8460
4sensor	1000	179	0.1100	0.833200	0.8332
4sensor	1000	179	0.1200	0.817200	0.8172
4sensor	1000	179	0.1300	0.801300	0.8013
4sensor	1000	179	0.1400	0.787100	0.7871
4sensor	1000	179	0.1500	0.772700	0.7727
4sensor	1000	179	0.1600	0.758300	0.7583
4sensor	1000	179	0.1700	0.744300	0.7443
4sensor	1000	179	0.1800	0.728800	0.7288
4sensor	1000	179	0.1900	0.714800	0.7148
4sensor	1000	179	0.2000	0.699900	0.6999
4sensor	1000	179	0.2100	0.685400	0.6854
4sensor	1000	179	0.2200	0.671100	0.6711
4sensor	1000	179	0.2300	0.653800	0.6538
4sensor	1000	179	0.2400	0.638600	0.6386
4sensor	1000	179	0.2500	0.621100	0.6211
4sensor	1000	179	0.2600	0.605200	0.6052
4sensor	1000	179	0.2700	0.589600	0.5896
4sensor	1000	179	0.2800	0.573500	0.5735
4sensor	1000	179	0.2900	0.554900	0.5549
4sensor	1000	179	0.3000	0.537800	0.5378
4sensor	1000	179	0.3100	0.521600	0.5216
4sensor	1000	179	0.3200	0.502500	0.5025
4sensor	1000	179	0.3300	0.486000	0.4860
4sensor	1000	179	0.3400	0.470600	0.4706
4sensor	1000	179	0.3500	0.455300	0.4553
4sensor	1000	179	0.3600	0.436000	0.4360
4sensor	1000	179	0.3700	0.416300	0.4163
4sensor	1000	179	0.3800	0.399000	0.3990
4sensor	1000	179	0.3900	0.382400	0.3824
4sensor	1000	179	0.4000	0.365700	0.3657
4sensor	1000	179	0.4100	0.347000	0.3470
4sensor	1000	179	0.4200	0.328300	0.3283
4sensor	1000	179	0.4300	0.313900	0.3139
4sensor	1000	179	0.4400	0.395400	0.2954
4sensor	1000	179	0.4500	0.373900	0.2739
4sensor	1000	179	0.4600	0.355100	0.2551
4sensor	1000	179	0.4700	0.339400	0.2394
4sensor	1000	179	0.4800	0.421800	0.2218
4sensor	1000	179	0.4900	0.606100	0.2061
4sensor	1000	179	0.5000	0.589500	0.1895
4sensor	1000	179	0.5100	0.576600	0.1766
4sensor	1000	179	0.5200	0.760900	0.1609
4sensor	1000	179	0.5300	0.844900	0.1449
4sensor	1000	179	0.5400	1.032200	0.1322
4sensor	1000	179	0.5500	1.219600	0.1196
4sensor	1000	179	0.5600	1.507000	0.1070
4sensor	1000	179	0.5700	1.695300	0.0953
4sensor	1000	179	0.5800	2.083200	0.0832
4sensor	1000	179	0.5900	2.273800	0.0738
4sensor	1000	179	0.6000	2.864300	0.0643
4sensor	1000	179	0.6100	3.556700	0.0567
4sensor	1000	179	0.6200	3.948700	0.0487
4sensor	1000	179	0.6300	4.942100	0.0421
4sensor	1000	179	0.6400	5.035800	0.0358
4sensor	1000	179	0.6500	5.229800	0.0298
4sensor	1000	179	0.6600	6.124700	0.0247
4sensor	1000	179	0.6700	6.920300	0.0203
4sensor	1000	179	0.6800	7.717400	0.0174
4sensor	1000	179	0.6900	8.714300	0.0143
4sensor	1000	179	0.7000	9.211600	0.0116
4sensor	1000	179	0.7100	9.909900	0.0099
4sensor	1000	179	0.7200	10.608600	0.0086
4sensor	1000	179	0.7300	11.106900	0.0069
4sensor	1000	179	0.7400	11.705600	0.0056
4sensor	1000	179	0.7500	12.204300	0.0043
4sensor	1000	179	0.7600	12.503600	0.0036
4sensor	1000	179	0.7700	12.803200	0.0032
4sensor	1000	179	0.7800	12.902900	0.0029
4sensor	1000	179	0.7900	13.202100	0.0021
4sensor	1000	179	0.8000	13.501500	0.0015
4sensor	1000	179	0.8100	13.601300	0.0013
4sensor	1000	179	0.8200	13.601100	0.0011
4sensor	1000	179	0.8300	13.700900	0.0009
4sensor	1000	179	0.8400	13.900700	0.0007
4sensor	1000	179	0.8500	13.900300	0.0003
4sensor	1000	179	0.8600	13.900200	0.0002
4sensor	1000	179	0.8700	14.300000	0.0000
4sensor	1000	179	0.8800	14.300000	0.0000
4sensor	1000	179	0.8900	14.400000	0.0000
4sensor	1000	179	0.9000	14.400000	0.0000
4sensor	1000	179	0.9100	14.400000	0.0000
4sensor	1000	179	0.9200	14.400000	0.0000
4sensor	1000	179	0.9300	14.400000	0.0000
4sensor	1000	179	0.9400	14.400000	0.0000
4sensor	1000	179	0.9500	14.400000	0.0000
4sensor	1000	179	0.9600	14.400000	0.0000
4sensor	1000	179	0.9700	14.400000	0.0000
4sensor	1000	179	0.9800	14.400000	0.0000
4sensor	1000	179	0.9900	14.400000	0.0000
4sensor	1000	179	1.0000	14.400000	0.0000
4sensor	1	316	0.0100	0.980900	0.9809
4sensor	1	316	0.0200	0.969800	0.9698
4sensor	1	316	0.0300	0.955600	0.9556
4sensor	1	316	0.0400	0.940900	0.9409
4sensor	1	316	0.0500	0.925100	0.9251
4sensor	1	316	0.0600	0.908800	0.9088
4sensor	1	316	0.0700	0.890300	0.8903
4sensor	1	316	0.0800	0.873500	0.8735
4sensor	1	316	0.0900	0.856300	0.8563
4sensor	1	316	0.1000	0.838100	0.8381
4sensor	1	316	0.1100	0.823500	0.8235
4sensor	1	316	0.1200	0.809200	0.8092
4sensor	1	316	0.1300	0.794000	0.7940
4sensor	1	316	0.1400	0.780100	0.7801
4sensor	1	316	0.1500	0.765700	0.7657
4sensor	1	316	0.1600	0.752500	0.7525
4sensor	1	316	0.1700	0.736300	0.7363
4sensor	1	316	0.1800	0.720700	0.7207
4sensor	1	316	0.1900	0.705900	0.7059
4sensor	1	316	0.2000	0.691600	0.6916
4sensor	1	316	0.2100	0.676000	0.6760
4sensor	1	316	0.2200	0.660300	0.6603
4sensor	1	316	0.2300	0.645600	0.6456
4sensor	1	316	0.2400	0.629600	0.6296
4sensor	1	316	0.2500	0.612000	0.6120
4sensor	1	316	0.2600	0.595900	0.5959
4sensor	1	316	0.2700	0.580700	0.5807
4sensor	1	316	0.2800	0.562600	0.5626
4sensor	1	316	0.2900	0.545900	0.5459
4sensor	1	316	0.3000	0.529700	0.5297
4sensor	1	316	0.3100	0.512300	0.5123
4sensor	1	316	0.3200	0.496800	0.4968
4sensor	1	316	0.3300	0.480300	0.4803
4sensor	1	316	0.3400	0.460700	0.4607
4sensor	1	316	0.3500	0.444800	0.4448
4sensor	1	316	0.3600	0.428400	0.4284
4sensor	1	316	0.3700	0.413500	0.4135
4sensor	1	316	0.3800	0.396700	0.3967
4sensor	1	316	0.3900	0.382200	0.3822
4sensor	1	316	0.4000	0.365000	0.3650
4sensor	1	316	0.4100	0.347700	0.3476
4sensor	1	316	0.4200	0.329300	0.3292
4sensor	1	316	0.4300	0.313900	0.3138
4sensor	1	316	0.4400	0.300000	0.2999
4sensor	1	316	0.4500	0.282000	0.2819
4sensor	1	316	0.4600	0.267300	0.2672
4sensor	1	316	0.4700	0.249400	0.2493
4sensor	1	316	0.4800	0.232900	0.2328
4sensor	1	316	0.4900	0.217300	0.2172
4sensor	1	316	0.5000	0.202600	0.2022
4sensor	1	316	0.5100	0.189000	0.1883
4sensor	1	316	0.5200	0.173500	0.1728
4sensor	1	316	0.5300	0.158200	0.1575
4sensor	1	316	0.5400	0.145400	0.1446
4sensor	1	316	0.5500	0.131000	0.1300
4sensor	1	316	0.5600	0.116900	0.1156
4sensor	1	316	0.5700	0.104100	0.1025
4sensor	1	316	0.5800	0.092900	0.0910
4sensor	1	316	0.5900	0.081700	0.0795
4sensor	1	316	0.6000	0.071800	0.0693
4sensor	1	316	0.6100	0.063700	0.0604
4sensor	1	316	0.6200	0.056400	0.0525
4sensor	1	316	0.6300	0.048600	0.0443
4sensor	1	316	0.6400	0.042500	0.0375
4sensor	1	316	0.6500	0.036400	0.0310
4sensor	1	316	0.6600	0.030100	0.0244
4sensor	1	316	0.6700	0.026400	0.0200
4sensor	1	316	0.6800	0.024200	0.0167
4sensor	1	316	0.6900	0.022700	0.0145
4sensor	1	316	0.7000	0.021300	0.0122
4sensor	1	316	0.7100	0.019800	0.0103
4sensor	1	316	0.7200	0.018500	0.0084
4sensor	1	316	0.7300	0.017700	0.0068
4sensor	1	316	0.7400	0.016900	0.0056
4sensor	1	316	0.7500	0.016900	0.0047
4sensor	1	316	0.7600	0.016100	0.0037
4sensor	1	316	0.7700	0.015900	0.0031
4sensor	1	316	0.7800	0.015400	0.0023
4sensor	1	316	0.7900	0.014800	0.0015
4sensor	1	316	0.8000	0.014900	0.0014
4sensor	1	316	0.8100	0.014500	0.0010
4sensor	1	316	0.8200	0.014100	0.0006
4sensor	1	316	0.8300	0.014100	0.0005
4sensor	1	316	0.8400	0.014500	0.0005
4sensor	1	316	0.8500	0.014500	0.0004
4sensor	1	316	0.8600	0.014400	0.0002
4sensor	1	316	0.8700	0.014400	0.0002
4sensor	1	316	0.8800	0.014300	0.0001
4sensor	1	316	0.8900	0.014500	0.0001
4sensor	1	316	0.9000	0.014400	0.0000
4sensor	1	316	0.9100	0.014400	0.0000
4sensor	1	316	0.9200	0.014400	0.0000
4sensor	1	316	0.9300	0.014400	0.0000
4sensor	1	316	0.9400	0.014400	0.0000
4sensor	1	316	0.9500	0.014400	0.0000
4sensor	1	316	0.9600	0.014400	0.0000
4sensor	1	316	0.9700	0.014400	0.0000
4sensor	1	316	0.9800	0.014400	0.0000
4sensor	1	316	0.9900	0.014400	0.0000
4sensor	1	316	1.0000	0.014400	0.0000
4sensor	10	316	0.0100	0.980900	0.9809
4sensor	10	316	0.0200	0.969800	0.9698
4sensor	10	316	0.0300	0.955600	0.9556
4sensor	10	316	0.0400	0.940900	0.9409
4sensor	10	316	0.0500	0.925100	0.9251
4sensor	10	316	0.0600	0.908800	0.9088
4sensor	10	316	0.0700	0.890300	0.8903
4sensor	10	316	0.0800	0.873500	0.8735
4sensor	10	316	0.0900	0.856300	0.8563
4sensor	10	316	0.1000	0.838100	0.8381
4sensor	10	316	0.1100	0.823500	0.8235
4sensor	10	316	0.1200	0.809200	0.8092
4sensor	10	316	0.1300	0.794000	0.7940
4sensor	10	316	0.1400	0.780100	0.7801
4sensor	10	316	0.1500	0.765700	0.7657
4sensor	10	316	0.1600	0.752500	0.7525
4sensor	10	316	0.1700	0.736300	0.7363
4sensor	10	316	0.1800	0.720700	0.7207
4sensor	10	316	0.1900	0.705900	0.7059
4sensor	10	316	0.2000	0.691600	0.6916
4sensor	10	316	0.2100	0.676000	0.6760
4sensor	10	316	0.2200	0.660300	0.6603
4sensor	10	316	0.2300	0.645600	0.6456
4sensor	10	316	0.2400	0.629600	0.6296
4sensor	10	316	0.2500	0.612000	0.6120
4sensor	10	316	0.2600	0.595900	0.5959
4sensor	10	316	0.2700	0.580700	0.5807
4sensor	10	316	0.2800	0.562600	0.5626
4sensor	10	316	0.2900	0.545900	0.5459
4sensor	10	316	0.3000	0.529700	0.5297
4sensor	10	316	0.3100	0.512300	0.5123
4sensor	10	316	0.3200	0.496800	0.4968
4sensor	10	316	0.3300	0.480300	0.4803
4sensor	10	316	0.3400	0.460700	0.4607
4sensor	10	316	0.3500	0.444800	0.4448
4sensor	10	316	0.3600	0.428400	0.4284
4sensor	10	316	0.3700	0.413500	0.4135
4sensor	10	316	0.3800	0.396700	0.3967
4sensor	10	316	0.3900	0.382200	0.3822
4sensor	10	316	0.4000	0.365000	0.3650
4sensor	10	316	0.4100	0.348600	0.3476
4sensor	10	316	0.4200	0.330200	0.3292
4sensor	10	316	0.4300	0.314800	0.3138
4sensor	10	316	0.4400	0.300900	0.2999
4sensor	10	316	0.4500	0.282900	0.2819
4sensor	10	316	0.4600	0.268200	0.2672
4sensor	10	316	0.4700	0.250300	0.2493
4sensor	10	316	0.4800	0.233800	0.2328
4sensor	10	316	0.4900	0.218200	0.2172
4sensor	10	316	0.5000	0.206200	0.2022
4sensor	10	316	0.5100	0.195300	0.1883
4sensor	10	316	0.5200	0.179800	0.1728
4sensor	10	316	0.5300	0.164500	0.1575
4sensor	10	316	0.5400	0.152600	0.1446
4sensor	10	316	0.5500	0.140000	0.1300
4sensor	10	316	0.5600	0.128600	0.1156
4sensor	10	316	0.5700	0.118500	0.1025
4sensor	10	316	0.5800	0.110000	0.0910
4sensor	10	316	0.5900	0.101500	0.0795
4sensor	10	316	0.6000	0.094300	0.0693
4sensor	10	316	0.6100	0.093400	0.0604
4sensor	10	316	0.6200	0.091500	0.0525
4sensor	10	316	0.6300	0.087300	0.0443
4sensor	10	316	0.6400	0.087500	0.0375
4sensor	10	316	0.6500	0.085000	0.0310
4sensor	10	316	0.6600	0.081400	0.0244
4sensor	10	316	0.6700	0.084000	0.0200
4sensor	10	316	0.6800	0.091700	0.0167
4sensor	10	316	0.6900	0.096500	0.0145
4sensor	10	316	0.7000	0.103200	0.0122
4sensor	10	316	0.7100	0.105300	0.0103
4sensor	10	316	0.7200	0.109400	0.0084
4sensor	10	316	0.7300	0.115800	0.0068
4sensor	10	316	0.7400	0.118600	0.0056
4sensor	10	316	0.7500	0.126700	0.0047
4sensor	10	316	0.7600	0.127700	0.0037
4sensor	10	316	0.7700	0.131100	0.0031
4sensor	10	316	0.7800	0.133300	0.0023
4sensor	10	316	0.7900	0.134500	0.0015
4sensor	10	316	0.8000	0.136400	0.0014
4sensor	10	316	0.8100	0.136000	0.0010
4sensor	10	316	0.8200	0.135600	0.0006
4sensor	10	316	0.8300	0.136500	0.0005
4sensor	10	316	0.8400	0.140500	0.0005
4sensor	10	316	0.8500	0.141400	0.0004
4sensor	10	316	0.8600	0.142200	0.0002
4sensor	10	316	0.8700	0.142200	0.0002
4sensor	10	316	0.8800	0.142100	0.0001
4sensor	10	316	0.8900	0.144100	0.0001
4sensor	10	316	0.9000	0.144000	0.0000
4sensor	10	316	0.9100	0.144000	0.0000
4sensor	10	316	0.9200	0.144000	0.0000
4sensor	10	316	0.9300	0.144000	0.0000
4sensor	10	316	0.9400	0.144000	0.0000
4sensor	10	316	0.9500	0.144000	0.0000
4sensor	10	316	0.9600	0.144000	0.0000
4sensor	10	316	0.9700	0.144000	0.0000
4sensor	10	316	0.9800	0.144000	0.0000
4sensor	10	316	0.9900	0.144000	0.0000
4sensor	10	316	1.0000	0.144000	0.0000
4sensor	100	316	0.0100	0.980900	0.9809
4sensor	100	316	0.0200	0.969800	0.9698
4sensor	100	316	0.0300	0.955600	0.9556
4sensor	100	316	0.0400	0.940900	0.9409
4sensor	100	316	0.0500	0.925100	0.9251
4sensor	100	316	0.0600	0.908800	0.9088
4sensor	100	316	0.0700	0.890300	0.8903
4sensor	100	316	0.0800	0.873500	0.8735
4sensor	100	316	0.0900	0.856300	0.8563
4sensor	100	316	0.1000	0.838100	0.8381
4sensor	100	316	0.1100	0.823500	0.8235
4sensor	100	316	0.1200	0.809200	0.8092
4sensor	100	316	0.1300	0.794000	0.7940
4sensor	100	316	0.1400	0.780100	0.7801
4sensor	100	316	0.1500	0.765700	0.7657
4sensor	100	316	0.1600	0.752500	0.7525
4sensor	100	316	0.1700	0.736300	0.7363
4sensor	100	316	0.1800	0.720700	0.7207
4sensor	100	316	0.1900	0.705900	0.7059
4sensor	100	316	0.2000	0.691600	0.6916
4sensor	100	316	0.2100	0.676000	0.6760
4sensor	100	316	0.2200	0.660300	0.6603
4sensor	100	316	0.2300	0.645600	0.6456
4sensor	100	316	0.2400	0.629600	0.6296
4sensor	100	316	0.2500	0.612000	0.6120
4sensor	100	316	0.2600	0.595900	0.5959
4sensor	100	316	0.2700	0.580700	0.5807
4sensor	100	316	0.2800	0.562600	0.5626
4sensor	100	316	0.2900	0.545900	0.5459
4sensor	100	316	0.3000	0.529700	0.5297
4sensor	100	316	0.3100	0.512300	0.5123
4sensor	100	316	0.3200	0.496800	0.4968
4sensor	100	316	0.3300	0.480300	0.4803
4sensor	100	316	0.3400	0.460700	0.4607
4sensor	100	316	0.3500	0.444800	0.4448
4sensor	100	316	0.3600	0.428400	0.4284
4sensor	100	316	0.3700	0.413500	0.4135
4sensor	100	316	0.3800	0.396700	0.3967
4sensor	100	316	0.3900	0.382200	0.3822
4sensor	100	316	0.4000	0.365000	0.3650
4sensor	100	316	0.4100	0.357600	0.3476
4sensor	100	316	0.4200	0.339200	0.3292
4sensor	100	316	0.4300	0.323800	0.3138
4sensor	100	316	0.4400	0.309900	0.2999
4sensor	100	316	0.4500	0.291900	0.2819
4sensor	100	316	0.4600	0.277200	0.2672
4sensor	100	316	0.4700	0.259300	0.2493
4sensor	100	316	0.4800	0.242800	0.2328
4sensor	100	316	0.4900	0.227200	0.2172
4sensor	100	316	0.5000	0.242200	0.2022
4sensor	100	316	0.5100	0.258300	0.1883
4sensor	100	316	0.5200	0.242800	0.1728
4sensor	100	316	0.5300	0.227500	0.1575
4sensor	100	316	0.5400	0.224600	0.1446
4sensor	100	316	0.5500	0.230000	0.1300
4sensor	100	316	0.5600	0.245600	0.1156
4sensor	100	316	0.5700	0.262500	0.1025
4sensor	100	316	0.5800	0.281000	0.0910
4sensor	100	316	0.5900	0.299500	0.0795
4sensor	100	316	0.6000	0.319300	0.0693
4sensor	100	316	0.6100	0.390400	0.0604
4sensor	100	316	0.6200	0.442500	0.0525
4sensor	100	316	0.6300	0.474300	0.0443
4sensor	100	316	0.6400	0.537500	0.0375
4sensor	100	316	0.6500	0.571000	0.0310
4sensor	100	316	0.6600	0.594400	0.0244
4sensor	100	316	0.6700	0.660000	0.0200
4sensor	100	316	0.6800	0.766700	0.0167
4sensor	100	316	0.6900	0.834500	0.0145
4sensor	100	316	0.7000	0.922200	0.0122
4sensor	100	316	0.7100	0.960300	0.0103
4sensor	100	316	0.7200	1.018400	0.0084
4sensor	100	316	0.7300	1.096800	0.0068
4sensor	100	316	0.7400	1.135600	0.0056
4sensor	100	316	0.7500	1.224700	0.0047
4sensor	100	316	0.7600	1.243700	0.0037
4sensor	100	316	0.7700	1.283100	0.0031
4sensor	100	316	0.7800	1.312300	0.0023
4sensor	100	316	0.7900	1.331500	0.0015
4sensor	100	316	0.8000	1.351400	0.0014
4sensor	100	316	0.8100	1.351000	0.0010
4sensor	100	316	0.8200	1.350600	0.0006
4sensor	100	316	0.8300	1.360500	0.0005
4sensor	100	316	0.8400	1.400500	0.0005
4sensor	100	316	0.8500	1.410400	0.0004
4sensor	100	316	0.8600	1.420200	0.0002
4sensor	100	316	0.8700	1.420200	0.0002
4sensor	100	316	0.8800	1.420100	0.0001
4sensor	100	316	0.8900	1.440100	0.0001
4sensor	100	316	0.9000	1.440000	0.0000
4sensor	100	316	0.9100	1.440000	0.0000
4sensor	100	316	0.9200	1.440000	0.0000
4sensor	100	316	0.9300	1.440000	0.0000
4sensor	100	316	0.9400	1.440000	0.0000
4sensor	100	316	0.9500	1.440000	0.0000
4sensor	100	316	0.9600	1.440000	0.0000
4sensor	100	316	0.9700	1.440000	0.0000
4sensor	100	316	0.9800	1.440000	0.0000
4sensor	100	316	0.9900	1.440000	0.0000
4sensor	100	316	1.0000	1.440000	0.0000
4sensor	1000	316	0.0100	0.980900	0.9809
4sensor	1000	316	0.0200	0.969800	0.9698
4sensor	1000	316	0.0300	0.955600	0.9556
4sensor	1000	316	0.0400	0.940900	0.9409
4sensor	1000	316	0.0500	0.925100	0.9251
4sensor	1000	316	0.0600	0.908800	0.9088
4sensor	1000	316	0.0700	0.890300	0.8903
4sensor	1000	316	0.0800	0.873500	0.8735
4sensor	1000	316	0.0900	0.856300	0.8563
4sensor	1000	316	0.1000	0.838100	0.8381
4sensor	1000	316	0.1100	0.823500	0.8235
4sensor	1000	316	0.1200	0.809200	0.8092
4sensor	1000	316	0.1300	0.794000	0.7940
4sensor	1000	316	0.1400	0.780100	0.7801
4sensor	1000	316	0.1500	0.765700	0.7657
4sensor	1000	316	0.1600	0.752500	0.7525
4sensor	1000	316	0.1700	0.736300	0.7363
4sensor	1000	316	0.1800	0.720700	0.7207
4sensor	1000	316	0.1900	0.705900	0.7059
4sensor	1000	316	0.2000	0.691600	0.6916
4sensor	1000	316	0.2100	0.676000	0.6760
4sensor	1000	316	0.2200	0.660300	0.6603
4sensor	1000	316	0.2300	0.645600	0.6456
4sensor	1000	316	0.2400	0.629600	0.6296
4sensor	1000	316	0.2500	0.612000	0.6120
4sensor	1000	316	0.2600	0.595900	0.5959
4sensor	1000	316	0.2700	0.580700	0.5807
4sensor	1000	316	0.2800	0.562600	0.5626
4sensor	1000	316	0.2900	0.545900	0.5459
4sensor	1000	316	0.3000	0.529700	0.5297
4sensor	1000	316	0.3100	0.512300	0.5123
4sensor	1000	316	0.3200	0.496800	0.4968
4sensor	1000	316	0.3300	0.480300	0.4803
4sensor	1000	316	0.3400	0.460700	0.4607
4sensor	1000	316	0.3500	0.444800	0.4448
4sensor	1000	316	0.3600	0.428400	0.4284
4sensor	1000	316	0.3700	0.413500	0.4135
4sensor	1000	316	0.3800	0.396700	0.3967
4sensor	1000	316	0.3900	0.382200	0.3822
4sensor	1000	316	0.4000	0.365000	0.3650
4sensor	1000	316	0.4100	0.447600	0.3476
4sensor	1000	316	0.4200	0.429200	0.3292
4sensor	1000	316	0.4300	0.413800	0.3138
4sensor	1000	316	0.4400	0.399900	0.2999
4sensor	1000	316	0.4500	0.381900	0.2819
4sensor	1000	316	0.4600	0.367200	0.2672
4sensor	1000	316	0.4700	0.349300	0.2493
4sensor	1000	316	0.4800	0.332800	0.2328
4sensor	1000	316	0.4900	0.317200	0.2172
4sensor	1000	316	0.5000	0.602200	0.2022
4sensor	1000	316	0.5100	0.888300	0.1883
4sensor	1000	316	0.5200	0.872800	0.1728
4sensor	1000	316	0.5300	0.857500	0.1575
4sensor	1000	316	0.5400	0.944600	0.1446
4sensor	1000	316	0.5500	1.130000	0.1300
4sensor	1000	316	0.5600	1.415600	0.1156
4sensor	1000	316	0.5700	1.702500	0.1025
4sensor	1000	316	0.5800	1.991000	0.0910
4sensor	1000	316	0.5900	2.279500	0.0795
4sensor	1000	316	0.6000	2.569300	0.0693
4sensor	1000	316	0.6100	3.360400	0.0604
4sensor	1000	316	0.6200	3.952500	0.0525
4sensor	1000	316	0.6300	4.344300	0.0443
4sensor	1000	316	0.6400	5.037500	0.0375
4sensor	1000	316	0.6500	5.431000	0.0310
4sensor	1000	316	0.6600	5.724400	0.0244
4sensor	1000	316	0.6700	6.420000	0.0200
4sensor	1000	316	0.6800	7.516700	0.0167
4sensor	1000	316	0.6900	8.214500	0.0145
4sensor	1000	316	0.7000	9.112200	0.0122
4sensor	1000	316	0.7100	9.510300	0.0103
4sensor	1000	316	0.7200	10.108400	0.0084
4sensor	1000	316	0.7300	10.906800	0.0068
4sensor	1000	316	0.7400	11.305600	0.0056
4sensor	1000	316	0.7500	12.204700	0.0047
4sensor	1000	316	0.7600	12.403700	0.0037
4sensor	1000	316	0.7700	12.803100	0.0031
4sensor	1000	316	0.7800	13.102300	0.0023
4sensor	1000	316	0.7900	13.301500	0.0015
4sensor	1000	316	0.8000	13.501400	0.0014
4sensor	1000	316	0.8100	13.501000	0.0010
4sensor	1000	316	0.8200	13.500600	0.0006
4sensor	1000	316	0.8300	13.600500	0.0005
4sensor	1000	316	0.8400	14.000500	0.0005
4sensor	1000	316	0.8500	14.100400	0.0004
4sensor	1000	316	0.8600	14.200200	0.0002
4sensor	1000	316	0.8700	14.200200	0.0002
4sensor	1000	316	0.8800	14.200100	0.0001
4sensor	1000	316	0.8900	14.400100	0.0001
4sensor	1000	316	0.9000	14.400000	0.0000
4sensor	1000	316	0.9100	14.400000	0.0000
4sensor	1000	316	0.9200	14.400000	0.0000
4sensor	1000	316	0.9300	14.400000	0.0000
4sensor	1000	316	0.9400	14.400000	0.0000
4sensor	1000	316	0.9500	14.400000	0.0000
4sensor	1000	316	0.9600	14.400000	0.0000
4sensor	1000	316	0.9700	14.400000	0.0000
4sensor	1000	316	0.9800	14.400000	0.0000
4sensor	1000	316	0.9900	14.400000	0.0000
4sensor	1000	316	1.0000	14.400000	0.0000
4sensor	1	453	0.0100	0.981100	0.9811
4sensor	1	453	0.0200	0.969200	0.9692
4sensor	1	453	0.0300	0.954400	0.9544
4sensor	1	453	0.0400	0.938300	0.9383
4sensor	1	453	0.0500	0.923300	0.9233
4sensor	1	453	0.0600	0.908500	0.9085
4sensor	1	453	0.0700	0.891400	0.8914
4sensor	1	453	0.0800	0.875600	0.8756
4sensor	1	453	0.0900	0.858400	0.8584
4sensor	1	453	0.1000	0.844500	0.8445
4sensor	1	453	0.1100	0.828000	0.8280
4sensor	1	453	0.1200	0.813400	0.8134
4sensor	1	453	0.1300	0.798000	0.7980
4sensor	1	453	0.1400	0.782700	0.7827
4sensor	1	453	0.1500	0.767100	0.7671
4sensor	1	453	0.1600	0.749900	0.7499
4sensor	1	453	0.1700	0.735500	0.7355
4sensor	1	453	0.1800	0.719600	0.7196
4sensor	1	453	0.1900	0.703000	0.7030
4sensor	1	453	0.2000	0.687500	0.6875
4sensor	1	453	0.2100	0.672200	0.6722
4sensor	1	453	0.2200	0.655100	0.6551
4sensor	1	453	0.2300	0.641100	0.6411
4sensor	1	453	0.2400	0.625500	0.6255
4sensor	1	453	0.2500	0.609900	0.6099
4sensor	1	453	0.2600	0.592700	0.5927
4sensor	1	453	0.2700	0.577400	0.5774
4sensor	1	453	0.2800	0.558200	0.5582
4sensor	1	453	0.2900	0.541900	0.5419
4sensor	1	453	0.3000	0.525800	0.5258
4sensor	1	453	0.3100	0.508600	0.5086
4sensor	1	453	0.3200	0.491200	0.4912
4sensor	1	453	0.3300	0.475800	0.4758
4sensor	1	453	0.3400	0.459800	0.4598
4sensor	1	453	0.3500	0.444700	0.4447
4sensor	1	453	0.3600	0.429900	0.4299
4sensor	1	453	0.3700	0.413300	0.4133
4sensor	1	453	0.3800	0.395200	0.3952
4sensor	1	453	0.3900	0.377100	0.3771
4sensor	1	453	0.4000	0.362000	0.3620
4sensor	1	453	0.4100	0.345500	0.3455
4sensor	1	453	0.4200	0.330400	0.3304
4sensor	1	453	0.4300	0.312400	0.3124
4sensor	1	453	0.4400	0.296100	0.2961
4sensor	1	453	0.4500	0.278000	0.2780
4sensor	1	453	0.4600	0.261700	0.2617
4sensor	1	453	0.4700	0.245400	0.2453
4sensor	1	453	0.4800	0.232000	0.2317
4sensor	1	453	0.4900	0.217500	0.2171
4sensor	1	453	0.5000	0.203200	0.2027
4sensor	1	453	0.5100	0.188200	0.1875
4sensor	1	453	0.5200	0.173800	0.1731
4sensor	1	453	0.5300	0.159200	0.1585
4sensor	1	453	0.5400	0.145400	0.1445
4sensor	1	453	0.5500	0.131100	0.1301
4sensor	1	453	0.5600	0.118600	0.1172
4sensor	1	453	0.5700	0.106000	0.1044
4sensor	1	453	0.5800	0.093600	0.0913
4sensor	1	453	0.5900	0.082000	0.0794
4sensor	1	453	0.6000	0.070900	0.0683
4sensor	1	453	0.6100	0.061200	0.0582
4sensor	1	453	0.6200	0.053800	0.0505
4sensor	1	453	0.6300	0.046800	0.0425
4sensor	1	453	0.6400	0.040300	0.0353
4sensor	1	453	0.6500	0.034800	0.0290
4sensor	1	453	0.6600	0.031000	0.0246
4sensor	1	453	0.6700	0.027000	0.0201
4sensor	1	453	0.6800	0.024000	0.0166
4sensor	1	453	0.6900	0.022800	0.0145
4sensor	1	453	0.7000	0.021400	0.0118
4sensor	1	453	0.7100	0.020300	0.0100
4sensor	1	453	0.7200	0.018900	0.0081
4sensor	1	453	0.7300	0.018100	0.0068
4sensor	1	453	0.7400	0.017600	0.0061
4sensor	1	453	0.7500	0.017100	0.0052
4sensor	1	453	0.7600	0.017200	0.0046
4sensor	1	453	0.7700	0.016500	0.0039
4sensor	1	453	0.7800	0.016100	0.0032
4sensor	1	453	0.7900	0.015500	0.0024
4sensor	1	453	0.8000	0.015600	0.0023
4sensor	1	453	0.8100	0.015200	0.0018
4sensor	1	453	0.8200	0.014800	0.0013
4sensor	1	453	0.8300	0.014400	0.0009
4sensor	1	453	0.8400	0.014200	0.0006
4sensor	1	453	0.8500	0.014100	0.0004
4sensor	1	453	0.8600	0.014100	0.0002
4sensor	1	453	0.8700	0.014200	0.0001
4sensor	1	453	0.8800	0.014300	0.0001
4sensor	1	453	0.8900	0.014400	0.0001
4sensor	1	453	0.9000	0.014400	0.0001
4sensor	1	453	0.9100	0.014400	0.0000
4sensor	1	453	0.9200	0.014400	0.0000
4sensor	1	453	0.9300	0.014400	0.0000
4sensor	1	453	0.9400	0.014400	0.0000
4sensor	1	453	0.9500	0.014400	0.0000
4sensor	1	453	0.9600	0.014400	0.0000
4sensor	1	453	0.9700	0.014400	0.0000
4sensor	1	453	0.9800	0.014400	0.0000
4sensor	1	453	0.9900	0.014400	0.0000
4sensor	1	453	1.0000	0.014400	0.0000
4sensor	10	453	0.0100	0.981100	0.9811
4sensor	10	453	0.0200	0.969200	0.9692
4sensor	10	453	0.0300	0.954400	0.9544
4sensor	10	453	0.0400	0.938300	0.9383
4sensor	10	453	0.0500	0.923300	0.9233
4sensor	10	453	0.0600	0.908500	0.9085
4sensor	10	453	0.0700	0.891400	0.8914
4sensor	10	453	0.0800	0.875600	0.8756
4sensor	10	453	0.0900	0.858400	0.8584
4sensor	10	453	0.1000	0.844500	0.8445
4sensor	10	453	0.1100	0.828000	0.8280
4sensor	10	453	0.1200	0.813400	0.8134
4sensor	10	453	0.1300	0.798000	0.7980
4sensor	10	453	0.1400	0.782700	0.7827
4sensor	10	453	0.1500	0.767100	0.7671
4sensor	10	453	0.1600	0.749900	0.7499
4sensor	10	453	0.1700	0.735500	0.7355
4sensor	10	453	0.1800	0.719600	0.7196
4sensor	10	453	0.1900	0.703000	0.7030
4sensor	10	453	0.2000	0.687500	0.6875
4sensor	10	453	0.2100	0.672200	0.6722
4sensor	10	453	0.2200	0.655100	0.6551
4sensor	10	453	0.2300	0.641100	0.6411
4sensor	10	453	0.2400	0.625500	0.6255
4sensor	10	453	0.2500	0.609900	0.6099
4sensor	10	453	0.2600	0.592700	0.5927
4sensor	10	453	0.2700	0.577400	0.5774
4sensor	10	453	0.2800	0.558200	0.5582
4sensor	10	453	0.2900	0.541900	0.5419
4sensor	10	453	0.3000	0.525800	0.5258
4sensor	10	453	0.3100	0.508600	0.5086
4sensor	10	453	0.3200	0.491200	0.4912
4sensor	10	453	0.3300	0.475800	0.4758
4sensor	10	453	0.3400	0.459800	0.4598
4sensor	10	453	0.3500	0.444700	0.4447
4sensor	10	453	0.3600	0.429900	0.4299
4sensor	10	453	0.3700	0.413300	0.4133
4sensor	10	453	0.3800	0.395200	0.3952
4sensor	10	453	0.3900	0.377100	0.3771
4sensor	10	453	0.4000	0.362000	0.3620
4sensor	10	453	0.4100	0.345500	0.3455
4sensor	10	453	0.4200	0.330400	0.3304
4sensor	10	453	0.4300	0.312400	0.3124
4sensor	10	453	0.4400	0.296100	0.2961
4sensor	10	453	0.4500	0.278000	0.2780
4sensor	10	453	0.4600	0.261700	0.2617
4sensor	10	453	0.4700	0.246300	0.2453
4sensor	10	453	0.4800	0.234700	0.2317
4sensor	10	453	0.4900	0.221100	0.2171
4sensor	10	453	0.5000	0.207700	0.2027
4sensor	10	453	0.5100	0.194500	0.1875
4sensor	10	453	0.5200	0.180100	0.1731
4sensor	10	453	0.5300	0.165500	0.1585
4sensor	10	453	0.5400	0.153500	0.1445
4sensor	10	453	0.5500	0.140100	0.1301
4sensor	10	453	0.5600	0.131200	0.1172
4sensor	10	453	0.5700	0.120400	0.1044
4sensor	10	453	0.5800	0.114300	0.0913
4sensor	10	453	0.5900	0.105400	0.0794
4sensor	10	453	0.6000	0.094300	0.0683
4sensor	10	453	0.6100	0.088200	0.0582
4sensor	10	453	0.6200	0.083500	0.0505
4sensor	10	453	0.6300	0.085500	0.0425
4sensor	10	453	0.6400	0.085300	0.0353
4sensor	10	453	0.6500	0.087000	0.0290
4sensor	10	453	0.6600	0.088600	0.0246
4sensor	10	453	0.6700	0.089100	0.0201
4sensor	10	453	0.6800	0.090600	0.0166
4sensor	10	453	0.6900	0.097500	0.0145
4sensor	10	453	0.7000	0.107800	0.0118
4sensor	10	453	0.7100	0.113000	0.0100
4sensor	10	453	0.7200	0.116100	0.0081
4sensor	10	453	0.7300	0.119800	0.0068
4sensor	10	453	0.7400	0.121100	0.0061
4sensor	10	453	0.7500	0.124200	0.0052
4sensor	10	453	0.7600	0.130600	0.0046
4sensor	10	453	0.7700	0.129900	0.0039
4sensor	10	453	0.7800	0.132200	0.0032
4sensor	10	453	0.7900	0.133400	0.0024
4sensor	10	453	0.8000	0.135300	0.0023
4sensor	10	453	0.8100	0.135800	0.0018
4sensor	10	453	0.8200	0.136300	0.0013
4sensor	10	453	0.8300	0.135900	0.0009
4sensor	10	453	0.8400	0.136600	0.0006
4sensor	10	453	0.8500	0.137400	0.0004
4sensor	10	453	0.8600	0.139200	0.0002
4sensor	10	453	0.8700	0.141100	0.0001
4sensor	10	453	0.8800	0.142100	0.0001
4sensor	10	453	0.8900	0.143100	0.0001
4sensor	10	453	0.9000	0.143100	0.0001
4sensor	10	453	0.9100	0.144000	0.0000
4sensor	10	453	0.9200	0.144000	0.0000
4sensor	10	453	0.9300	0.144000	0.0000
4sensor	10	453	0.9400	0.144000	0.0000
4sensor	10	453	0.9500	0.144000	0.0000
4sensor	10	453	0.9600	0.144000	0.0000
4sensor	10	453	0.9700	0.144000	0.0000
4sensor	10	453	0.9800	0.144000	0.0000
4sensor	10	453	0.9900	0.144000	0.0000
4sensor	10	453	1.0000	0.144000	0.0000
4sensor	100	453	0.0100	0.981100	0.9811
4sensor	100	453	0.0200	0.969200	0.9692
4sensor	100	453	0.0300	0.954400	0.9544
4sensor	100	453	0.0400	0.938300	0.9383
4sensor	100	453	0.0500	0.923300	0.9233
4sensor	100	453	0.0600	0.908500	0.9085
4sensor	100	453	0.0700	0.891400	0.8914
4sensor	100	453	0.0800	0.875600	0.8756
4sensor	100	453	0.0900	0.858400	0.8584
4sensor	100	453	0.1000	0.844500	0.8445
4sensor	100	453	0.1100	0.828000	0.8280
4sensor	100	453	0.1200	0.813400	0.8134
4sensor	100	453	0.1300	0.798000	0.7980
4sensor	100	453	0.1400	0.782700	0.7827
4sensor	100	453	0.1500	0.767100	0.7671
4sensor	100	453	0.1600	0.749900	0.7499
4sensor	100	453	0.1700	0.735500	0.7355
4sensor	100	453	0.1800	0.719600	0.7196
4sensor	100	453	0.1900	0.703000	0.7030
4sensor	100	453	0.2000	0.687500	0.6875
4sensor	100	453	0.2100	0.672200	0.6722
4sensor	100	453	0.2200	0.655100	0.6551
4sensor	100	453	0.2300	0.641100	0.6411
4sensor	100	453	0.2400	0.625500	0.6255
4sensor	100	453	0.2500	0.609900	0.6099
4sensor	100	453	0.2600	0.592700	0.5927
4sensor	100	453	0.2700	0.577400	0.5774
4sensor	100	453	0.2800	0.558200	0.5582
4sensor	100	453	0.2900	0.541900	0.5419
4sensor	100	453	0.3000	0.525800	0.5258
4sensor	100	453	0.3100	0.508600	0.5086
4sensor	100	453	0.3200	0.491200	0.4912
4sensor	100	453	0.3300	0.475800	0.4758
4sensor	100	453	0.3400	0.459800	0.4598
4sensor	100	453	0.3500	0.444700	0.4447
4sensor	100	453	0.3600	0.429900	0.4299
4sensor	100	453	0.3700	0.413300	0.4133
4sensor	100	453	0.3800	0.395200	0.3952
4sensor	100	453	0.3900	0.377100	0.3771
4sensor	100	453	0.4000	0.362000	0.3620
4sensor	100	453	0.4100	0.345500	0.3455
4sensor	100	453	0.4200	0.330400	0.3304
4sensor	100	453	0.4300	0.312400	0.3124
4sensor	100	453	0.4400	0.296100	0.2961
4sensor	100	453	0.4500	0.278000	0.2780
4sensor	100	453	0.4600	0.261700	0.2617
4sensor	100	453	0.4700	0.255300	0.2453
4sensor	100	453	0.4800	0.261700	0.2317
4sensor	100	453	0.4900	0.257100	0.2171
4sensor	100	453	0.5000	0.252700	0.2027
4sensor	100	453	0.5100	0.257500	0.1875
4sensor	100	453	0.5200	0.243100	0.1731
4sensor	100	453	0.5300	0.228500	0.1585
4sensor	100	453	0.5400	0.234500	0.1445
4sensor	100	453	0.5500	0.230100	0.1301
4sensor	100	453	0.5600	0.257200	0.1172
4sensor	100	453	0.5700	0.264400	0.1044
4sensor	100	453	0.5800	0.321300	0.0913
4sensor	100	453	0.5900	0.339400	0.0794
4sensor	100	453	0.6000	0.328300	0.0683
4sensor	100	453	0.6100	0.358200	0.0582
4sensor	100	453	0.6200	0.380500	0.0505
4sensor	100	453	0.6300	0.472500	0.0425
4sensor	100	453	0.6400	0.535300	0.0353
4sensor	100	453	0.6500	0.609000	0.0290
4sensor	100	453	0.6600	0.664600	0.0246
4sensor	100	453	0.6700	0.710100	0.0201
4sensor	100	453	0.6800	0.756600	0.0166
4sensor	100	453	0.6900	0.844500	0.0145
4sensor	100	453	0.7000	0.971800	0.0118
4sensor	100	453	0.7100	1.040000	0.0100
4sensor	100	453	0.7200	1.088100	0.0081
4sensor	100	453	0.7300	1.136800	0.0068
4sensor	100	453	0.7400	1.156100	0.0061
4sensor	100	453	0.7500	1.195200	0.0052
4sensor	100	453	0.7600	1.264600	0.0046
4sensor	100	453	0.7700	1.263900	0.0039
4sensor	100	453	0.7800	1.293200	0.0032
4sensor	100	453	0.7900	1.312400	0.0024
4sensor	100	453	0.8000	1.332300	0.0023
4sensor	100	453	0.8100	1.341800	0.0018
4sensor	100	453	0.8200	1.351300	0.0013
4sensor	100	453	0.8300	1.350900	0.0009
4sensor	100	453	0.8400	1.360600	0.0006
4sensor	100	453	0.8500	1.370400	0.0004
4sensor	100	453	0.8600	1.390200	0.0002
4sensor	100	453	0.8700	1.410100	0.0001
4sensor	100	453	0.8800	1.420100	0.0001
4sensor	100	453	0.8900	1.430100	0.0001
4sensor	100	453	0.9000	1.430100	0.0001
4sensor	100	453	0.9100	1.440000	0.0000
4sensor	100	453	0.9200	1.440000	0.0000
4sensor	100	453	0.9300	1.440000	0.0000
4sensor	100	453	0.9400	1.440000	0.0000
4sensor	100	453	0.9500	1.440000	0.0000
4sensor	100	453	0.9600	1.440000	0.0000
4sensor	100	453	0.9700	1.440000	0.0000
4sensor	100	453	0.9800	1.440000	0.0000
4sensor	100	453	0.9900	1.440000	0.0000
4sensor	100	453	1.0000	1.440000	0.0000
4sensor	1000	453	0.0100	0.981100	0.9811
4sensor	1000	453	0.0200	0.969200	0.9692
4sensor	1000	453	0.0300	0.954400	0.9544
4sensor	1000	453	0.0400	0.938300	0.9383
4sensor	1000	453	0.0500	0.923300	0.9233
4sensor	1000	453	0.0600	0.908500	0.9085
4sensor	1000	453	0.0700	0.891400	0.8914
4sensor	1000	453	0.0800	0.875600	0.8756
4sensor	1000	453	0.0900	0.858400	0.8584
4sensor	1000	453	0.1000	0.844500	0.8445
4sensor	1000	453	0.1100	0.828000	0.8280
4sensor	1000	453	0.1200	0.813400	0.8134
4sensor	1000	453	0.1300	0.798000	0.7980
4sensor	1000	453	0.1400	0.782700	0.7827
4sensor	1000	453	0.1500	0.767100	0.7671
4sensor	1000	453	0.1600	0.749900	0.7499
4sensor	1000	453	0.1700	0.735500	0.7355
4sensor	1000	453	0.1800	0.719600	0.7196
4sensor	1000	453	0.1900	0.703000	0.7030
4sensor	1000	453	0.2000	0.687500	0.6875
4sensor	1000	453	0.2100	0.672200	0.6722
4sensor	1000	453	0.2200	0.655100	0.6551
4sensor	1000	453	0.2300	0.641100	0.6411
4sensor	1000	453	0.2400	0.625500	0.6255
4sensor	1000	453	0.2500	0.609900	0.6099
4sensor	1000	453	0.2600	0.592700	0.5927
4sensor	1000	453	0.2700	0.577400	0.5774
4sensor	1000	453	0.2800	0.558200	0.5582
4sensor	1000	453	0.2900	0.541900	0.5419
4sensor	1000	453	0.3000	0.525800	0.5258
4sensor	1000	453	0.3100	0.508600	0.5086
4sensor	1000	453	0.3200	0.491200	0.4912
4sensor	1000	453	0.3300	0.475800	0.4758
4sensor	1000	453	0.3400	0.459800	0.4598
4sensor	1000	453	0.3500	0.444700	0.4447
4sensor	1000	453	0.3600	0.429900	0.4299
4sensor	1000	453	0.3700	0.413300	0.4133
4sensor	1000	453	0.3800	0.395200	0.3952
4sensor	1000	453	0.3900	0.377100	0.3771
4sensor	1000	453	0.4000	0.362000	0.3620
4sensor	1000	453	0.4100	0.345500	0.3455
4sensor	1000	453	0.4200	0.330400	0.3304
4sensor	1000	453	0.4300	0.312400	0.3124
4sensor	1000	453	0.4400	0.296100	0.2961
4sensor	1000	453	0.4500	0.278000	0.2780
4sensor	1000	453	0.4600	0.261700	0.2617
4sensor	1000	453	0.4700	0.345300	0.2453
4sensor	1000	453	0.4800	0.531700	0.2317
4sensor	1000	453	0.4900	0.617100	0.2171
4sensor	1000	453	0.5000	0.702700	0.2027
4sensor	1000	453	0.5100	0.887500	0.1875
4sensor	1000	453	0.5200	0.873100	0.1731
4sensor	1000	453	0.5300	0.858500	0.1585
4sensor	1000	453	0.5400	1.044500	0.1445
4sensor	1000	453	0.5500	1.130100	0.1301
4sensor	1000	453	0.5600	1.517200	0.1172
4sensor	1000	453	0.5700	1.704400	0.1044
4sensor	1000	453	0.5800	2.391300	0.0913
4sensor	1000	453	0.5900	2.679400	0.0794
4sensor	1000	453	0.6000	2.668300	0.0683
4sensor	1000	453	0.6100	3.058200	0.0582
4sensor	1000	453	0.6200	3.350500	0.0505
4sensor	1000	453	0.6300	4.342500	0.0425
4sensor	1000	453	0.6400	5.035300	0.0353
4sensor	1000	453	0.6500	5.829000	0.0290
4sensor	1000	453	0.6600	6.424600	0.0246
4sensor	1000	453	0.6700	6.920100	0.0201
4sensor	1000	453	0.6800	7.416600	0.0166
4sensor	1000	453	0.6900	8.314500	0.0145
4sensor	1000	453	0.7000	9.611800	0.0118
4sensor	1000	453	0.7100	10.310000	0.0100
4sensor	1000	453	0.7200	10.808100	0.0081
4sensor	1000	453	0.7300	11.306800	0.0068
4sensor	1000	453	0.7400	11.506100	0.0061
4sensor	1000	453	0.7500	11.905200	0.0052
4sensor	1000	453	0.7600	12.604600	0.0046
4sensor	1000	453	0.7700	12.603900	0.0039
4sensor	1000	453	0.7800	12.903200	0.0032
4sensor	1000	453	0.7900	13.102400	0.0024
4sensor	1000	453	0.8000	13.302300	0.0023
4sensor	1000	453	0.8100	13.401800	0.0018
4sensor	1000	453	0.8200	13.501300	0.0013
4sensor	1000	453	0.8300	13.500900	0.0009
4sensor	1000	453	0.8400	13.600600	0.0006
4sensor	1000	453	0.8500	13.700400	0.0004
4sensor	1000	453	0.8600	13.900200	0.0002
4sensor	1000	453	0.8700	14.100100	0.0001
4sensor	1000	453	0.8800	14.200100	0.0001
4sensor	1000	453	0.8900	14.300100	0.0001
4sensor	1000	453	0.9000	14.300100	0.0001
4sensor	1000	453	0.9100	14.400000	0.0000
4sensor	1000	453	0.9200	14.400000	0.0000
4sensor	1000	453	0.9300	14.400000	0.0000
4sensor	1000	453	0.9400	14.400000	0.0000
4sensor	1000	453	0.9500	14.400000	0.0000
4sensor	1000	453	0.9600	14.400000	0.0000
4sensor	1000	453	0.9700	14.400000	0.0000
4sensor	1000	453	0.9800	14.400000	0.0000
4sensor	1000	453	0.9900	14.400000	0.0000
4sensor	1000	453	1.0000	14.400000	0.0000
4sensor	1	590	0.0100	0.982100	0.9821
4sensor	1	590	0.0200	0.969600	0.9696
4sensor	1	590	0.0300	0.954800	0.9548
4sensor	1	590	0.0400	0.940200	0.9402
4sensor	1	590	0.0500	0.925200	0.9252
4sensor	1	590	0.0600	0.909600	0.9096
4sensor	1	590	0.0700	0.893300	0.8933
4sensor	1	590	0.0800	0.876800	0.8768
4sensor	1	590	0.0900	0.859400	0.8594
4sensor	1	590	0.1000	0.843700	0.8437
4sensor	1	590	0.1100	0.829700	0.8297
4sensor	1	590	0.1200	0.815800	0.8158
4sensor	1	590	0.1300	0.802500	0.8025
4sensor	1	590	0.1400	0.786700	0.7867
4sensor	1	590	0.1500	0.773400	0.7734
4sensor	1	590	0.1600	0.760400	0.7604
4sensor	1	590	0.1700	0.745200	0.7452
4sensor	1	590	0.1800	0.731500	0.7315
4sensor	1	590	0.1900	0.715200	0.7152
4sensor	1	590	0.2000	0.698800	0.6988
4sensor	1	590	0.2100	0.682700	0.6827
4sensor	1	590	0.2200	0.664700	0.6647
4sensor	1	590	0.2300	0.646600	0.6466
4sensor	1	590	0.2400	0.628700	0.6287
4sensor	1	590	0.2500	0.609300	0.6093
4sensor	1	590	0.2600	0.592700	0.5927
4sensor	1	590	0.2700	0.575800	0.5758
4sensor	1	590	0.2800	0.558400	0.5584
4sensor	1	590	0.2900	0.539100	0.5391
4sensor	1	590	0.3000	0.522700	0.5227
4sensor	1	590	0.3100	0.507000	0.5070
4sensor	1	590	0.3200	0.491600	0.4916
4sensor	1	590	0.3300	0.476000	0.4760
4sensor	1	590	0.3400	0.457900	0.4579
4sensor	1	590	0.3500	0.439900	0.4399
4sensor	1	590	0.3600	0.424500	0.4245
4sensor	1	590	0.3700	0.407300	0.4073
4sensor	1	590	0.3800	0.389600	0.3896
4sensor	1	590	0.3900	0.373500	0.3735
4sensor	1	590	0.4000	0.355600	0.3556
4sensor	1	590	0.4100	0.337000	0.3370
4sensor	1	590	0.4200	0.318900	0.3189
4sensor	1	590	0.4300	0.301900	0.3019
4sensor	1	590	0.4400	0.285400	0.2854
4sensor	1	590	0.4500	0.266400	0.2663
4sensor	1	590	0.4600	0.250300	0.2502
4sensor	1	590	0.4700	0.234600	0.2345
4sensor	1	590	0.4800	0.216300	0.2161
4sensor	1	590	0.4900	0.203400	0.2032
4sensor	1	590	0.5000	0.187300	0.1871
4sensor	1	590	0.5100	0.172600	0.1721
4sensor	1	590	0.5200	0.158100	0.1573
4sensor	1	590	0.5300	0.144400	0.1436
4sensor	1	590	0.5400	0.130700	0.1299
4sensor	1	590	0.5500	0.117100	0.1162
4sensor	1	590	0.5600	0.104600	0.1034
4sensor	1	590	0.5700	0.093600	0.0921
4sensor	1	590	0.5800	0.084200	0.0824
4sensor	1	590	0.5900	0.075400	0.0735
4sensor	1	590	0.6000	0.068000	0.0657
4sensor	1	590	0.6100	0.058500	0.0560
4sensor	1	590	0.6200	0.050200	0.0471
4sensor	1	590	0.6300	0.044600	0.0405
4sensor	1	590	0.6400	0.038400	0.0336
4sensor	1	590	0.6500	0.033800	0.0279
4sensor	1	590	0.6600	0.029700	0.0232
4sensor	1	590	0.6700	0.026400	0.0195
4sensor	1	590	0.6800	0.023600	0.0164
4sensor	1	590	0.6900	0.020800	0.0130
4sensor	1	590	0.7000	0.019900	0.0111
4sensor	1	590	0.7100	0.019000	0.0095
4sensor	1	590	0.7200	0.018700	0.0083
4sensor	1	590	0.7300	0.017200	0.0063
4sensor	1	590	0.7400	0.016400	0.0052
4sensor	1	590	0.7500	0.016600	0.0046
4sensor	1	590	0.7600	0.015800	0.0034
4sensor	1	590	0.7700	0.015900	0.0033
4sensor	1	590	0.7800	0.015600	0.0028
4sensor	1	590	0.7900	0.014900	0.0020
4sensor	1	590	0.8000	0.014800	0.0017
4sensor	1	590	0.8100	0.014700	0.0015
4sensor	1	590	0.8200	0.015100	0.0014
4sensor	1	590	0.8300	0.014600	0.0008
4sensor	1	590	0.8400	0.014600	0.0007
4sensor	1	590	0.8500	0.014600	0.0007
4sensor	1	590	0.8600	0.014600	0.0006
4sensor	1	590	0.8700	0.014500	0.0004
4sensor	1	590	0.8800	0.014300	0.0001
4sensor	1	590	0.8900	0.014300	0.0001
4sensor	1	590	0.9000	0.014200	0.0000
4sensor	1	590	0.9100	0.014200	0.0000
4sensor	1	590	0.9200	0.014400	0.0000
4sensor	1	590	0.9300	0.014400	0.0000
4sensor	1	590	0.9400	0.014400	0.0000
4sensor	1	590	0.9500	0.014400	0.0000
4sensor	1	590	0.9600	0.014400	0.0000
4sensor	1	590	0.9700	0.014400	0.0000
4sensor	1	590	0.9800	0.014400	0.0000
4sensor	1	590	0.9900	0.014400	0.0000
4sensor	1	590	1.0000	0.014400	0.0000
4sensor	10	590	0.0100	0.982100	0.9821
4sensor	10	590	0.0200	0.969600	0.9696
4sensor	10	590	0.0300	0.954800	0.9548
4sensor	10	590	0.0400	0.940200	0.9402
4sensor	10	590	0.0500	0.925200	0.9252
4sensor	10	590	0.0600	0.909600	0.9096
4sensor	10	590	0.0700	0.893300	0.8933
4sensor	10	590	0.0800	0.876800	0.8768
4sensor	10	590	0.0900	0.859400	0.8594
4sensor	10	590	0.1000	0.843700	0.8437
4sensor	10	590	0.1100	0.829700	0.8297
4sensor	10	590	0.1200	0.815800	0.8158
4sensor	10	590	0.1300	0.802500	0.8025
4sensor	10	590	0.1400	0.786700	0.7867
4sensor	10	590	0.1500	0.773400	0.7734
4sensor	10	590	0.1600	0.760400	0.7604
4sensor	10	590	0.1700	0.745200	0.7452
4sensor	10	590	0.1800	0.731500	0.7315
4sensor	10	590	0.1900	0.715200	0.7152
4sensor	10	590	0.2000	0.698800	0.6988
4sensor	10	590	0.2100	0.682700	0.6827
4sensor	10	590	0.2200	0.664700	0.6647
4sensor	10	590	0.2300	0.646600	0.6466
4sensor	10	590	0.2400	0.628700	0.6287
4sensor	10	590	0.2500	0.609300	0.6093
4sensor	10	590	0.2600	0.592700	0.5927
4sensor	10	590	0.2700	0.575800	0.5758
4sensor	10	590	0.2800	0.558400	0.5584
4sensor	10	590	0.2900	0.539100	0.5391
4sensor	10	590	0.3000	0.522700	0.5227
4sensor	10	590	0.3100	0.507000	0.5070
4sensor	10	590	0.3200	0.491600	0.4916
4sensor	10	590	0.3300	0.476000	0.4760
4sensor	10	590	0.3400	0.457900	0.4579
4sensor	10	590	0.3500	0.439900	0.4399
4sensor	10	590	0.3600	0.424500	0.4245
4sensor	10	590	0.3700	0.407300	0.4073
4sensor	10	590	0.3800	0.389600	0.3896
4sensor	10	590	0.3900	0.373500	0.3735
4sensor	10	590	0.4000	0.355600	0.3556
4sensor	10	590	0.4100	0.337000	0.3370
4sensor	10	590	0.4200	0.318900	0.3189
4sensor	10	590	0.4300	0.301900	0.3019
4sensor	10	590	0.4400	0.285400	0.2854
4sensor	10	590	0.4500	0.267300	0.2663
4sensor	10	590	0.4600	0.251200	0.2502
4sensor	10	590	0.4700	0.235500	0.2345
4sensor	10	590	0.4800	0.218100	0.2161
4sensor	10	590	0.4900	0.205200	0.2032
4sensor	10	590	0.5000	0.189100	0.1871
4sensor	10	590	0.5100	0.177100	0.1721
4sensor	10	590	0.5200	0.165300	0.1573
4sensor	10	590	0.5300	0.151600	0.1436
4sensor	10	590	0.5400	0.137900	0.1299
4sensor	10	590	0.5500	0.125200	0.1162
4sensor	10	590	0.5600	0.115400	0.1034
4sensor	10	590	0.5700	0.107100	0.0921
4sensor	10	590	0.5800	0.100400	0.0824
4sensor	10	590	0.5900	0.092500	0.0735
4sensor	10	590	0.6000	0.088700	0.0657
4sensor	10	590	0.6100	0.081000	0.0560
4sensor	10	590	0.6200	0.078100	0.0471
4sensor	10	590	0.6300	0.081500	0.0405
4sensor	10	590	0.6400	0.081600	0.0336
4sensor	10	590	0.6500	0.086900	0.0279
4sensor	10	590	0.6600	0.088200	0.0232
4sensor	10	590	0.6700	0.088500	0.0195
4sensor	10	590	0.6800	0.088400	0.0164
4sensor	10	590	0.6900	0.091000	0.0130
4sensor	10	590	0.7000	0.099100	0.0111
4sensor	10	590	0.7100	0.104500	0.0095
4sensor	10	590	0.7200	0.112300	0.0083
4sensor	10	590	0.7300	0.115300	0.0063
4sensor	10	590	0.7400	0.117200	0.0052
4sensor	10	590	0.7500	0.124600	0.0046
4sensor	10	590	0.7600	0.127400	0.0034
4sensor	10	590	0.7700	0.129300	0.0033
4sensor	10	590	0.7800	0.130800	0.0028
4sensor	10	590	0.7900	0.131000	0.0020
4sensor	10	590	0.8000	0.132700	0.0017
4sensor	10	590	0.8100	0.133500	0.0015
4sensor	10	590	0.8200	0.138400	0.0014
4sensor	10	590	0.8300	0.138800	0.0008
4sensor	10	590	0.8400	0.139700	0.0007
4sensor	10	590	0.8500	0.139700	0.0007
4sensor	10	590	0.8600	0.140600	0.0006
4sensor	10	590	0.8700	0.141400	0.0004
4sensor	10	590	0.8800	0.142100	0.0001
4sensor	10	590	0.8900	0.142100	0.0001
4sensor	10	590	0.9000	0.142000	0.0000
4sensor	10	590	0.9100	0.142000	0.0000
4sensor	10	590	0.9200	0.144000	0.0000
4sensor	10	590	0.9300	0.144000	0.0000
4sensor	10	590	0.9400	0.144000	0.0000
4sensor	10	590	0.9500	0.144000	0.0000
4sensor	10	590	0.9600	0.144000	0.0000
4sensor	10	590	0.9700	0.144000	0.0000
4sensor	10	590	0.9800	0.144000	0.0000
4sensor	10	590	0.9900	0.144000	0.0000
4sensor	10	590	1.0000	0.144000	0.0000
4sensor	100	590	0.0100	0.982100	0.9821
4sensor	100	590	0.0200	0.969600	0.9696
4sensor	100	590	0.0300	0.954800	0.9548
4sensor	100	590	0.0400	0.940200	0.9402
4sensor	100	590	0.0500	0.925200	0.9252
4sensor	100	590	0.0600	0.909600	0.9096
4sensor	100	590	0.0700	0.893300	0.8933
4sensor	100	590	0.0800	0.876800	0.8768
4sensor	100	590	0.0900	0.859400	0.8594
4sensor	100	590	0.1000	0.843700	0.8437
4sensor	100	590	0.1100	0.829700	0.8297
4sensor	100	590	0.1200	0.815800	0.8158
4sensor	100	590	0.1300	0.802500	0.8025
4sensor	100	590	0.1400	0.786700	0.7867
4sensor	100	590	0.1500	0.773400	0.7734
4sensor	100	590	0.1600	0.760400	0.7604
4sensor	100	590	0.1700	0.745200	0.7452
4sensor	100	590	0.1800	0.731500	0.7315
4sensor	100	590	0.1900	0.715200	0.7152
4sensor	100	590	0.2000	0.698800	0.6988
4sensor	100	590	0.2100	0.682700	0.6827
4sensor	100	590	0.2200	0.664700	0.6647
4sensor	100	590	0.2300	0.646600	0.6466
4sensor	100	590	0.2400	0.628700	0.6287
4sensor	100	590	0.2500	0.609300	0.6093
4sensor	100	590	0.2600	0.592700	0.5927
4sensor	100	590	0.2700	0.575800	0.5758
4sensor	100	590	0.2800	0.558400	0.5584
4sensor	100	590	0.2900	0.539100	0.5391
4sensor	100	590	0.3000	0.522700	0.5227
4sensor	100	590	0.3100	0.507000	0.5070
4sensor	100	590	0.3200	0.491600	0.4916
4sensor	100	590	0.3300	0.476000	0.4760
4sensor	100	590	0.3400	0.457900	0.4579
4sensor	100	590	0.3500	0.439900	0.4399
4sensor	100	590	0.3600	0.424500	0.4245
4sensor	100	590	0.3700	0.407300	0.4073
4sensor	100	590	0.3800	0.389600	0.3896
4sensor	100	590	0.3900	0.373500	0.3735
4sensor	100	590	0.4000	0.355600	0.3556
4sensor	100	590	0.4100	0.337000	0.3370
4sensor	100	590	0.4200	0.318900	0.3189
4sensor	100	590	0.4300	0.301900	0.3019
4sensor	100	590	0.4400	0.285400	0.2854
4sensor	100	590	0.4500	0.276300	0.2663
4sensor	100	590	0.4600	0.260200	0.2502
4sensor	100	590	0.4700	0.244500	0.2345
4sensor	100	590	0.4800	0.236100	0.2161
4sensor	100	590	0.4900	0.223200	0.2032
4sensor	100	590	0.5000	0.207100	0.1871
4sensor	100	590	0.5100	0.222100	0.1721
4sensor	100	590	0.5200	0.237300	0.1573
4sensor	100	590	0.5300	0.223600	0.1436
4sensor	100	590	0.5400	0.209900	0.1299
4sensor	100	590	0.5500	0.206200	0.1162
4sensor	100	590	0.5600	0.223400	0.1034
4sensor	100	590	0.5700	0.242100	0.0921
4sensor	100	590	0.5800	0.262400	0.0824
4sensor	100	590	0.5900	0.263500	0.0735
4sensor	100	590	0.6000	0.295700	0.0657
4sensor	100	590	0.6100	0.306000	0.0560
4sensor	100	590	0.6200	0.357100	0.0471
4sensor	100	590	0.6300	0.450500	0.0405
4sensor	100	590	0.6400	0.513600	0.0336
4sensor	100	590	0.6500	0.617900	0.0279
4sensor	100	590	0.6600	0.673200	0.0232
4sensor	100	590	0.6700	0.709500	0.0195
4sensor	100	590	0.6800	0.736400	0.0164
4sensor	100	590	0.6900	0.793000	0.0130
4sensor	100	590	0.7000	0.891100	0.0111
4sensor	100	590	0.7100	0.959500	0.0095
4sensor	100	590	0.7200	1.048300	0.0083
4sensor	100	590	0.7300	1.096300	0.0063
4sensor	100	590	0.7400	1.125200	0.0052
4sensor	100	590	0.7500	1.204600	0.0046
4sensor	100	590	0.7600	1.243400	0.0034
4sensor	100	590	0.7700	1.263300	0.0033
4sensor	100	590	0.7800	1.282800	0.0028
4sensor	100	590	0.7900	1.292000	0.0020
4sensor	100	590	0.8000	1.311700	0.0017
4sensor	100	590	0.8100	1.321500	0.0015
4sensor	100	590	0.8200	1.371400	0.0014
4sensor	100	590	0.8300	1.380800	0.0008
4sensor	100	590	0.8400	1.390700	0.0007
4sensor	100	590	0.8500	1.390700	0.0007
4sensor	100	590	0.8600	1.400600	0.0006
4sensor	100	590	0.8700	1.410400	0.0004
4sensor	100	590	0.8800	1.420100	0.0001
4sensor	100	590	0.8900	1.420100	0.0001
4sensor	100	590	0.9000	1.420000	0.0000
4sensor	100	590	0.9100	1.420000	0.0000
4sensor	100	590	0.9200	1.440000	0.0000
4sensor	100	590	0.9300	1.440000	0.0000
4sensor	100	590	0.9400	1.440000	0.0000
4sensor	100	590	0.9500	1.440000	0.0000
4sensor	100	590	0.9600	1.440000	0.0000
4sensor	100	590	0.9700	1.440000	0.0000
4sensor	100	590	0.9800	1.440000	0.0000
4sensor	100	590	0.9900	1.440000	0.0000
4sensor	100	590	1.0000	1.440000	0.0000
4sensor	1000	590	0.0100	0.982100	0.9821
4sensor	1000	590	0.0200	0.969600	0.9696
4sensor	1000	590	0.0300	0.954800	0.9548
4sensor	1000	590	0.0400	0.940200	0.9402
4sensor	1000	590	0.0500	0.925200	0.9252
4sensor	1000	590	0.0600	0.909600	0.9096
4sensor	1000	590	0.0700	0.893300	0.8933
4sensor	1000	590	0.0800	0.876800	0.8768
4sensor	1000	590	0.0900	0.859400	0.8594
4sensor	1000	590	0.1000	0.843700	0.8437
4sensor	1000	590	0.1100	0.829700	0.8297
4sensor	1000	590	0.1200	0.815800	0.8158
4sensor	1000	590	0.1300	0.802500	0.8025
4sensor	1000	590	0.1400	0.786700	0.7867
4sensor	1000	590	0.1500	0.773400	0.7734
4sensor	1000	590	0.1600	0.760400	0.7604
4sensor	1000	590	0.1700	0.745200	0.7452
4sensor	1000	590	0.1800	0.731500	0.7315
4sensor	1000	590	0.1900	0.715200	0.7152
4sensor	1000	590	0.2000	0.698800	0.6988
4sensor	1000	590	0.2100	0.682700	0.6827
4sensor	1000	590	0.2200	0.664700	0.6647
4sensor	1000	590	0.2300	0.646600	0.6466
4sensor	1000	590	0.2400	0.628700	0.6287
4sensor	1000	590	0.2500	0.609300	0.6093
4sensor	1000	590	0.2600	0.592700	0.5927
4sensor	1000	590	0.2700	0.575800	0.5758
4sensor	1000	590	0.2800	0.558400	0.5584
4sensor	1000	590	0.2900	0.539100	0.5391
4sensor	1000	590	0.3000	0.522700	0.5227
4sensor	1000	590	0.3100	0.507000	0.5070
4sensor	1000	590	0.3200	0.491600	0.4916
4sensor	1000	590	0.3300	0.476000	0.4760
4sensor	1000	590	0.3400	0.457900	0.4579
4sensor	1000	590	0.3500	0.439900	0.4399
4sensor	1000	590	0.3600	0.424500	0.4245
4sensor	1000	590	0.3700	0.407300	0.4073
4sensor	1000	590	0.3800	0.389600	0.3896
4sensor	1000	590	0.3900	0.373500	0.3735
4sensor	1000	590	0.4000	0.355600	0.3556
4sensor	1000	590	0.4100	0.337000	0.3370
4sensor	1000	590	0.4200	0.318900	0.3189
4sensor	1000	590	0.4300	0.301900	0.3019
4sensor	1000	590	0.4400	0.285400	0.2854
4sensor	1000	590	0.4500	0.366300	0.2663
4sensor	1000	590	0.4600	0.350200	0.2502
4sensor	1000	590	0.4700	0.334500	0.2345
4sensor	1000	590	0.4800	0.416100	0.2161
4sensor	1000	590	0.4900	0.403200	0.2032
4sensor	1000	590	0.5000	0.387100	0.1871
4sensor	1000	590	0.5100	0.672100	0.1721
4sensor	1000	590	0.5200	0.957300	0.1573
4sensor	1000	590	0.5300	0.943600	0.1436
4sensor	1000	590	0.5400	0.929900	0.1299
4sensor	1000	590	0.5500	1.016200	0.1162
4sensor	1000	590	0.5600	1.303400	0.1034
4sensor	1000	590	0.5700	1.592100	0.0921
4sensor	1000	590	0.5800	1.882400	0.0824
4sensor	1000	590	0.5900	1.973500	0.0735
4sensor	1000	590	0.6000	2.365700	0.0657
4sensor	1000	590	0.6100	2.556000	0.0560
4sensor	1000	590	0.6200	3.147100	0.0471
4sensor	1000	590	0.6300	4.140500	0.0405
4sensor	1000	590	0.6400	4.833600	0.0336
4sensor	1000	590	0.6500	5.927900	0.0279
4sensor	1000	590	0.6600	6.523200	0.0232
4sensor	1000	590	0.6700	6.919500	0.0195
4sensor	1000	590	0.6800	7.216400	0.0164
4sensor	1000	590	0.6900	7.813000	0.0130
4sensor	1000	590	0.7000	8.811100	0.0111
4sensor	1000	590	0.7100	9.509500	0.0095
4sensor	1000	590	0.7200	10.408300	0.0083
4sensor	1000	590	0.7300	10.906300	0.0063
4sensor	1000	590	0.7400	11.205200	0.0052
4sensor	1000	590	0.7500	12.004600	0.0046
4sensor	1000	590	0.7600	12.403400	0.0034
4sensor	1000	590	0.7700	12.603300	0.0033
4sensor	1000	590	0.7800	12.802800	0.0028
4sensor	1000	590	0.7900	12.902000	0.0020
4sensor	1000	590	0.8000	13.101700	0.0017
4sensor	1000	590	0.8100	13.201500	0.0015
4sensor	1000	590	0.8200	13.701400	0.0014
4sensor	1000	590	0.8300	13.800800	0.0008
4sensor	1000	590	0.8400	13.900700	0.0007
4sensor	1000	590	0.8500	13.900700	0.0007
4sensor	1000	590	0.8600	14.000600	0.0006
4sensor	1000	590	0.8700	14.100400	0.0004
4sensor	1000	590	0.8800	14.200100	0.0001
4sensor	1000	590	0.8900	14.200100	0.0001
4sensor	1000	590	0.9000	14.200000	0.0000
4sensor	1000	590	0.9100	14.200000	0.0000
4sensor	1000	590	0.9200	14.400000	0.0000
4sensor	1000	590	0.9300	14.400000	0.0000
4sensor	1000	590	0.9400	14.400000	0.0000
4sensor	1000	590	0.9500	14.400000	0.0000
4sensor	1000	590	0.9600	14.400000	0.0000
4sensor	1000	590	0.9700	14.400000	0.0000
4sensor	1000	590	0.9800	14.400000	0.0000
4sensor	1000	590	0.9900	14.400000	0.0000
4sensor	1000	590	1.0000	14.400000	0.0000
