{
  "description": "Paired GSM8K held-out test: base Qwen3-8B vs GRPO LoRA (5 seeds)",
  "base_file": "reports/final/gsm8k_base_control_200.json",
  "seed_files": [
    "reports/final/gsm8k_heldout_seed042.json",
    "reports/final/gsm8k_heldout_seed137.json",
    "reports/final/gsm8k_heldout_seed256.json",
    "reports/final/gsm8k_heldout_seed512.json",
    "reports/final/gsm8k_heldout_seed999.json"
  ],
  "per_seed": [
    {
      "label": "gsm8k_heldout_seed042",
      "n": 200,
      "base_acc": 0.82,
      "grpo_acc": 0.83,
      "delta": 0.010000000000000009,
      "boot_ci_95": [
        -0.040000000000000036,
        0.06000000000000005
      ],
      "contingency": {
        "both_correct": 151,
        "base_correct_grpo_wrong": 13,
        "base_wrong_grpo_correct": 15,
        "both_wrong": 21
      },
      "mcnemar_b01": 15,
      "mcnemar_b10": 13,
      "mcnemar_exact_p": 0.8505540192127228,
      "mcnemar_chi2_cc": 0.03571428571428571,
      "mcnemar_chi2_p": 0.8501067391385259
    },
    {
      "label": "gsm8k_heldout_seed137",
      "n": 200,
      "base_acc": 0.82,
      "grpo_acc": 0.825,
      "delta": 0.0050000000000000044,
      "boot_ci_95": [
        -0.04999999999999993,
        0.05999999999999994
      ],
      "contingency": {
        "both_correct": 149,
        "base_correct_grpo_wrong": 15,
        "base_wrong_grpo_correct": 16,
        "both_wrong": 20
      },
      "mcnemar_b01": 16,
      "mcnemar_b10": 15,
      "mcnemar_exact_p": 1.0,
      "mcnemar_chi2_cc": 0.0,
      "mcnemar_chi2_p": 1.0
    },
    {
      "label": "gsm8k_heldout_seed256",
      "n": 200,
      "base_acc": 0.82,
      "grpo_acc": 0.805,
      "delta": -0.014999999999999902,
      "boot_ci_95": [
        -0.06999999999999995,
        0.040000000000000036
      ],
      "contingency": {
        "both_correct": 145,
        "base_correct_grpo_wrong": 19,
        "base_wrong_grpo_correct": 16,
        "both_wrong": 20
      },
      "mcnemar_b01": 16,
      "mcnemar_b10": 19,
      "mcnemar_exact_p": 0.7358788008568808,
      "mcnemar_chi2_cc": 0.11428571428571428,
      "mcnemar_chi2_p": 0.7353166906373406
    },
    {
      "label": "gsm8k_heldout_seed512",
      "n": 200,
      "base_acc": 0.82,
      "grpo_acc": 0.84,
      "delta": 0.020000000000000018,
      "boot_ci_95": [
        -0.030000000000000027,
        0.06999999999999995
      ],
      "contingency": {
        "both_correct": 152,
        "base_correct_grpo_wrong": 12,
        "base_wrong_grpo_correct": 16,
        "both_wrong": 20
      },
      "mcnemar_b01": 16,
      "mcnemar_b10": 12,
      "mcnemar_exact_p": 0.5715881884098053,
      "mcnemar_chi2_cc": 0.32142857142857145,
      "mcnemar_chi2_p": 0.5707503880581739
    },
    {
      "label": "gsm8k_heldout_seed999",
      "n": 200,
      "base_acc": 0.82,
      "grpo_acc": 0.865,
      "delta": 0.04500000000000004,
      "boot_ci_95": [
        0.0,
        0.08999999999999997
      ],
      "contingency": {
        "both_correct": 157,
        "base_correct_grpo_wrong": 7,
        "base_wrong_grpo_correct": 16,
        "both_wrong": 20
      },
      "mcnemar_b01": 16,
      "mcnemar_b10": 7,
      "mcnemar_exact_p": 0.0931396484375,
      "mcnemar_chi2_cc": 2.782608695652174,
      "mcnemar_chi2_p": 0.0952928380234566
    }
  ],
  "majority_vote_5seeds": {
    "label": "grpo_majority_vote_5seeds",
    "n": 200,
    "base_acc": 0.82,
    "grpo_acc": 0.875,
    "delta": 0.05500000000000005,
    "boot_ci_95": [
      0.010000000000000009,
      0.09999999999999998
    ],
    "contingency": {
      "both_correct": 158,
      "base_correct_grpo_wrong": 6,
      "base_wrong_grpo_correct": 17,
      "both_wrong": 19
    },
    "mcnemar_b01": 17,
    "mcnemar_b10": 6,
    "mcnemar_exact_p": 0.03468966484069824,
    "mcnemar_chi2_cc": 4.3478260869565215,
    "mcnemar_chi2_p": 0.03705621856411895
  },
  "continuous_mean_indicator_paired_t": {
    "n": 200,
    "mean_delta_indicator": 0.013000000000000005,
    "std_error": 0.021175386299300967,
    "t_stat": 0.6139203231645014,
    "p_two_sided_normal_approx": 0.5392679797200541
  }
}
