method,step,prompt_idx,k,p_hat,step_zvf,oracle_g,oracle_dY,oracle_active,oracle_score,C0_fixed_G8_G,C1_zvf_triage_G,C2_dualformer_G,C3_hybrid_G,C5_isog_y090_G,C0_fixed_G8_dY,C1_zvf_triage_dY,C2_dualformer_dY,C3_hybrid_dY,C5_isog_y090_dY
aero,0.0,0.0,8.0,1.0,0.6875,8.0,0.0,False,0.0,8.0,8.0,8.0,8.0,8.0,0.0,0.0,0.0,0.0,0.0
aero,0.0,1.0,5.0,0.625,0.6875,10.0,0.014524189755320549,True,0.0072620948776602745,8.0,8.0,4.0,8.0,6.0,0.0,0.0,-0.1486891508102417,0.0,-0.03871142864227295
aero,0.0,2.0,8.0,1.0,0.6875,8.0,0.0,False,0.0,8.0,8.0,8.0,8.0,8.0,0.0,0.0,0.0,0.0,0.0
aero,0.0,3.0,8.0,1.0,0.6875,8.0,0.0,False,0.0,8.0,8.0,8.0,8.0,8.0,0.0,0.0,0.0,0.0,0.0
aero,0.0,4.0,8.0,1.0,0.6875,8.0,0.0,False,0.0,8.0,8.0,8.0,8.0,8.0,0.0,0.0,0.0,0.0,0.0
aero,0.0,5.0,8.0,1.0,0.6875,8.0,0.0,False,0.0,8.0,8.0,8.0,8.0,8.0,0.0,0.0,0.0,0.0,0.0
aero,0.0,6.0,8.0,1.0,0.6875,8.0,0.0,False,0.0,8.0,8.0,8.0,8.0,8.0,0.0,0.0,0.0,0.0,0.0
aero,0.0,7.0,7.0,0.875,0.6875,10.0,0.08053339831531048,True,0.04026669915765524,8.0,8.0,2.0,8.0,24.0,0.0,0.0,-0.4376410245895386,0.0,0.3030400716467391
aero,0.0,8.0,8.0,1.0,0.6875,8.0,0.0,False,0.0,8.0,8.0,8.0,8.0,8.0,0.0,0.0,0.0,0.0,0.0
aero,0.0,9.0,1.0,0.125,0.6875,10.0,0.08053339831531048,True,0.04026669915765524,8.0,8.0,16.0,8.0,24.0,0.0,0.0,0.22554188838920908,0.0,0.3030400716467391
aero,0.0,10.0,7.0,0.875,0.6875,10.0,0.08053339831531048,True,0.04026669915765524,8.0,8.0,2.0,8.0,24.0,0.0,0.0,-0.4376410245895386,0.0,0.3030400716467391
aero,0.0,11.0,1.0,0.125,0.6875,10.0,0.08053339831531048,True,0.04026669915765524,8.0,8.0,16.0,8.0,24.0,0.0,0.0,0.22554188838920908,0.0,0.3030400716467391
aero,0.0,12.0,8.0,1.0,0.6875,8.0,0.0,False,0.0,8.0,8.0,8.0,8.0,8.0,0.0,0.0,0.0,0.0,0.0
aero,0.0,13.0,8.0,1.0,0.6875,8.0,0.0,False,0.0,8.0,8.0,8.0,8.0,8.0,0.0,0.0,0.0,0.0,0.0
aero,0.0,14.0,0.0,0.0,0.6875,8.0,0.0,False,0.0,8.0,8.0,8.0,8.0,8.0,0.0,0.0,0.0,0.0,0.0
aero,0.0,15.0,8.0,1.0,0.6875,8.0,0.0,False,0.0,8.0,8.0,8.0,8.0,8.0,0.0,0.0,0.0,0.0,0.0
aero,1.0,0.0,5.0,0.625,0.6875,10.0,0.014524189755320549,True,0.0072620948776602745,8.0,8.0,4.0,8.0,6.0,0.0,0.0,-0.1486891508102417,0.0,-0.03871142864227295
aero,1.0,1.0,5.0,0.625,0.6875,10.0,0.014524189755320549,True,0.0072620948776602745,8.0,8.0,4.0,8.0,6.0,0.0,0.0,-0.1486891508102417,0.0,-0.03871142864227295
aero,1.0,2.0,4.0,0.5,0.6875,10.0,0.005859375,True,0.0029296875,8.0,8.0,8.0,8.0,6.0,0.0,0.0,0.0,0.0,-0.0234375
aero,1.0,3.0,8.0,1.0,0.6875,8.0,0.0,False,0.0,8.0,8.0,8.0,8.0,8.0,0.0,0.0,0.0,0.0,0.0
aero,1.0,4.0,8.0,1.0,0.6875,8.0,0.0,False,0.0,8.0,8.0,8.0,8.0,8.0,0.0,0.0,0.0,0.0,0.0
aero,1.0,5.0,8.0,1.0,0.6875,8.0,0.0,False,0.0,8.0,8.0,8.0,8.0,8.0,0.0,0.0,0.0,0.0,0.0
aero,1.0,6.0,8.0,1.0,0.6875,8.0,0.0,False,0.0,8.0,8.0,8.0,8.0,8.0,0.0,0.0,0.0,0.0,0.0
aero,1.0,7.0,8.0,1.0,0.6875,8.0,0.0,False,0.0,8.0,8.0,8.0,8.0,8.0,0.0,0.0,0.0,0.0,0.0
aero,1.0,8.0,8.0,1.0,0.6875,8.0,0.0,False,0.0,8.0,8.0,8.0,8.0,8.0,0.0,0.0,0.0,0.0,0.0
aero,1.0,9.0,5.0,0.625,0.6875,10.0,0.014524189755320549,True,0.0072620948776602745,8.0,8.0,4.0,8.0,6.0,0.0,0.0,-0.1486891508102417,0.0,-0.03871142864227295
aero,1.0,10.0,8.0,1.0,0.6875,8.0,0.0,False,0.0,8.0,8.0,8.0,8.0,8.0,0.0,0.0,0.0,0.0,0.0
aero,1.0,11.0,8.0,1.0,0.6875,8.0,0.0,False,0.0,8.0,8.0,8.0,8.0,8.0,0.0,0.0,0.0,0.0,0.0
aero,1.0,12.0,8.0,1.0,0.6875,8.0,0.0,False,0.0,8.0,8.0,8.0,8.0,8.0,0.0,0.0,0.0,0.0,0.0
aero,1.0,13.0,6.0,0.75,0.6875,10.0,0.04381370544433594,True,0.02190685272216797,8.0,8.0,4.0,8.0,10.0,0.0,0.0,-0.220184326171875,0.0,0.04381370544433594
aero,1.0,14.0,8.0,1.0,0.6875,8.0,0.0,False,0.0,8.0,8.0,8.0,8.0,8.0,0.0,0.0,0.0,0.0,0.0
aero,1.0,15.0,0.0,0.0,0.6875,8.0,0.0,False,0.0,8.0,8.0,8.0,8.0,8.0,0.0,0.0,0.0,0.0,0.0
aero,2.0,0.0,8.0,1.0,0.8125,8.0,0.0,False,0.0,8.0,16.0,8.0,16.0,8.0,0.0,0.0,0.0,0.0,0.0
aero,2.0,1.0,8.0,1.0,0.8125,8.0,0.0,False,0.0,8.0,16.0,8.0,16.0,8.0,0.0,0.0,0.0,0.0,0.0
aero,2.0,2.0,8.0,1.0,0.8125,8.0,0.0,False,0.0,8.0,16.0,8.0,16.0,8.0,0.0,0.0,0.0,0.0,0.0
aero,2.0,3.0,8.0,1.0,0.8125,8.0,0.0,False,0.0,8.0,16.0,8.0,16.0,8.0,0.0,0.0,0.0,0.0,0.0
aero,2.0,4.0,7.0,0.875,0.8125,10.0,0.08053339831531048,True,0.04026669915765524,8.0,16.0,2.0,16.0,24.0,0.0,0.22554188838920908,-0.4376410245895386,0.22554188838920908,0.3030400716467391
aero,2.0,5.0,7.0,0.875,0.8125,10.0,0.08053339831531048,True,0.04026669915765524,8.0,16.0,2.0,16.0,24.0,0.0,0.22554188838920908,-0.4376410245895386,0.22554188838920908,0.3030400716467391
aero,2.0,6.0,0.0,0.0,0.8125,8.0,0.0,False,0.0,8.0,16.0,8.0,16.0,8.0,0.0,0.0,0.0,0.0,0.0
aero,2.0,7.0,8.0,1.0,0.8125,8.0,0.0,False,0.0,8.0,16.0,8.0,16.0,8.0,0.0,0.0,0.0,0.0,0.0
aero,2.0,8.0,8.0,1.0,0.8125,8.0,0.0,False,0.0,8.0,16.0,8.0,16.0,8.0,0.0,0.0,0.0,0.0,0.0
aero,2.0,9.0,1.0,0.125,0.8125,10.0,0.08053339831531048,True,0.04026669915765524,8.0,16.0,16.0,16.0,24.0,0.0,0.22554188838920908,0.22554188838920908,0.22554188838920908,0.3030400716467391
aero,2.0,10.0,8.0,1.0,0.8125,8.0,0.0,False,0.0,8.0,16.0,8.0,16.0,8.0,0.0,0.0,0.0,0.0,0.0
aero,2.0,11.0,8.0,1.0,0.8125,8.0,0.0,False,0.0,8.0,16.0,8.0,16.0,8.0,0.0,0.0,0.0,0.0,0.0
aero,2.0,12.0,8.0,1.0,0.8125,8.0,0.0,False,0.0,8.0,16.0,8.0,16.0,8.0,0.0,0.0,0.0,0.0,0.0
aero,2.0,13.0,8.0,1.0,0.8125,8.0,0.0,False,0.0,8.0,16.0,8.0,16.0,8.0,0.0,0.0,0.0,0.0,0.0
aero,2.0,14.0,8.0,1.0,0.8125,8.0,0.0,False,0.0,8.0,16.0,8.0,16.0,8.0,0.0,0.0,0.0,0.0,0.0
aero,2.0,15.0,8.0,1.0,0.8125,8.0,0.0,False,0.0,8.0,16.0,8.0,16.0,8.0,0.0,0.0,0.0,0.0,0.0
aero,3.0,0.0,5.0,0.625,0.6875,10.0,0.014524189755320549,True,0.0072620948776602745,8.0,8.0,4.0,8.0,6.0,0.0,0.0,-0.1486891508102417,0.0,-0.03871142864227295
aero,3.0,1.0,8.0,1.0,0.6875,8.0,0.0,False,0.0,8.0,8.0,8.0,8.0,8.0,0.0,0.0,0.0,0.0,0.0
aero,3.0,2.0,8.0,1.0,0.6875,8.0,0.0,False,0.0,8.0,8.0,8.0,8.0,8.0,0.0,0.0,0.0,0.0,0.0
aero,3.0,3.0,8.0,1.0,0.6875,8.0,0.0,False,0.0,8.0,8.0,8.0,8.0,8.0,0.0,0.0,0.0,0.0,0.0
aero,3.0,4.0,0.0,0.0,0.6875,8.0,0.0,False,0.0,8.0,8.0,8.0,8.0,8.0,0.0,0.0,0.0,0.0,0.0
aero,3.0,5.0,8.0,1.0,0.6875,8.0,0.0,False,0.0,8.0,8.0,8.0,8.0,8.0,0.0,0.0,0.0,0.0,0.0
aero,3.0,6.0,6.0,0.75,0.6875,10.0,0.04381370544433594,True,0.02190685272216797,8.0,8.0,4.0,8.0,10.0,0.0,0.0,-0.220184326171875,0.0,0.04381370544433594
aero,3.0,7.0,8.0,1.0,0.6875,8.0,0.0,False,0.0,8.0,8.0,8.0,8.0,8.0,0.0,0.0,0.0,0.0,0.0
aero,3.0,8.0,0.0,0.0,0.6875,8.0,0.0,False,0.0,8.0,8.0,8.0,8.0,8.0,0.0,0.0,0.0,0.0,0.0
aero,3.0,9.0,7.0,0.875,0.6875,10.0,0.08053339831531048,True,0.04026669915765524,8.0,8.0,2.0,8.0,24.0,0.0,0.0,-0.4376410245895386,0.0,0.3030400716467391
aero,3.0,10.0,8.0,1.0,0.6875,8.0,0.0,False,0.0,8.0,8.0,8.0,8.0,8.0,0.0,0.0,0.0,0.0,0.0
aero,3.0,11.0,8.0,1.0,0.6875,8.0,0.0,False,0.0,8.0,8.0,8.0,8.0,8.0,0.0,0.0,0.0,0.0,0.0
aero,3.0,12.0,8.0,1.0,0.6875,8.0,0.0,False,0.0,8.0,8.0,8.0,8.0,8.0,0.0,0.0,0.0,0.0,0.0
aero,3.0,13.0,5.0,0.625,0.6875,10.0,0.014524189755320549,True,0.0072620948776602745,8.0,8.0,4.0,8.0,6.0,0.0,0.0,-0.1486891508102417,0.0,-0.03871142864227295
aero,3.0,14.0,2.0,0.25,0.6875,10.0,0.04381370544433594,True,0.02190685272216797,8.0,8.0,16.0,8.0,10.0,0.0,0.0,0.09010557783767581,0.0,0.04381370544433594
aero,3.0,15.0,8.0,1.0,0.6875,8.0,0.0,False,0.0,8.0,8.0,8.0,8.0,8.0,0.0,0.0,0.0,0.0,0.0
aero,4.0,0.0,8.0,1.0,0.75,8.0,0.0,False,0.0,8.0,16.0,8.0,16.0,8.0,0.0,0.0,0.0,0.0,0.0
aero,4.0,1.0,6.0,0.75,0.75,10.0,0.04381370544433594,True,0.02190685272216797,8.0,16.0,4.0,16.0,10.0,0.0,0.09010557783767581,-0.220184326171875,0.09010557783767581,0.04381370544433594
aero,4.0,2.0,0.0,0.0,0.75,8.0,0.0,False,0.0,8.0,16.0,8.0,16.0,8.0,0.0,0.0,0.0,0.0,0.0
aero,4.0,3.0,4.0,0.5,0.75,10.0,0.005859375,True,0.0029296875,8.0,16.0,8.0,16.0,6.0,0.0,0.007781982421875,0.0,0.007781982421875,-0.0234375
aero,4.0,4.0,8.0,1.0,0.75,8.0,0.0,False,0.0,8.0,16.0,8.0,16.0,8.0,0.0,0.0,0.0,0.0,0.0
aero,4.0,5.0,8.0,1.0,0.75,8.0,0.0,False,0.0,8.0,16.0,8.0,16.0,8.0,0.0,0.0,0.0,0.0,0.0
aero,4.0,6.0,8.0,1.0,0.75,8.0,0.0,False,0.0,8.0,16.0,8.0,16.0,8.0,0.0,0.0,0.0,0.0,0.0
aero,4.0,7.0,8.0,1.0,0.75,8.0,0.0,False,0.0,8.0,16.0,8.0,16.0,8.0,0.0,0.0,0.0,0.0,0.0
aero,4.0,8.0,8.0,1.0,0.75,8.0,0.0,False,0.0,8.0,16.0,8.0,16.0,8.0,0.0,0.0,0.0,0.0,0.0
aero,4.0,9.0,8.0,1.0,0.75,8.0,0.0,False,0.0,8.0,16.0,8.0,16.0,8.0,0.0,0.0,0.0,0.0,0.0
aero,4.0,10.0,8.0,1.0,0.75,8.0,0.0,False,0.0,8.0,16.0,8.0,16.0,8.0,0.0,0.0,0.0,0.0,0.0
aero,4.0,11.0,8.0,1.0,0.75,8.0,0.0,False,0.0,8.0,16.0,8.0,16.0,8.0,0.0,0.0,0.0,0.0,0.0
aero,4.0,12.0,8.0,1.0,0.75,8.0,0.0,False,0.0,8.0,16.0,8.0,16.0,8.0,0.0,0.0,0.0,0.0,0.0
aero,4.0,13.0,4.0,0.5,0.75,10.0,0.005859375,True,0.0029296875,8.0,16.0,8.0,16.0,6.0,0.0,0.007781982421875,0.0,0.007781982421875,-0.0234375
aero,4.0,14.0,8.0,1.0,0.75,8.0,0.0,False,0.0,8.0,16.0,8.0,16.0,8.0,0.0,0.0,0.0,0.0,0.0
aero,4.0,15.0,4.0,0.5,0.75,10.0,0.005859375,True,0.0029296875,8.0,16.0,8.0,16.0,6.0,0.0,0.007781982421875,0.0,0.007781982421875,-0.0234375
aero,5.0,0.0,8.0,1.0,0.5625,8.0,0.0,False,0.0,8.0,8.0,8.0,8.0,8.0,0.0,0.0,0.0,0.0,0.0
aero,5.0,1.0,0.0,0.0,0.5625,8.0,0.0,False,0.0,8.0,8.0,8.0,8.0,8.0,0.0,0.0,0.0,0.0,0.0
aero,5.0,2.0,6.0,0.75,0.5625,10.0,0.04381370544433594,True,0.02190685272216797,8.0,8.0,4.0,8.0,10.0,0.0,0.0,-0.220184326171875,0.0,0.04381370544433594
aero,5.0,3.0,6.0,0.75,0.5625,10.0,0.04381370544433594,True,0.02190685272216797,8.0,8.0,4.0,8.0,10.0,0.0,0.0,-0.220184326171875,0.0,0.04381370544433594
aero,5.0,4.0,8.0,1.0,0.5625,8.0,0.0,False,0.0,8.0,8.0,8.0,8.0,8.0,0.0,0.0,0.0,0.0,0.0
aero,5.0,5.0,8.0,1.0,0.5625,8.0,0.0,False,0.0,8.0,8.0,8.0,8.0,8.0,0.0,0.0,0.0,0.0,0.0
aero,5.0,6.0,1.0,0.125,0.5625,10.0,0.08053339831531048,True,0.04026669915765524,8.0,8.0,16.0,8.0,24.0,0.0,0.0,0.22554188838920908,0.0,0.3030400716467391
aero,5.0,7.0,2.0,0.25,0.5625,10.0,0.04381370544433594,True,0.02190685272216797,8.0,8.0,16.0,8.0,10.0,0.0,0.0,0.09010557783767581,0.0,0.04381370544433594
aero,5.0,8.0,7.0,0.875,0.5625,10.0,0.08053339831531048,True,0.04026669915765524,8.0,8.0,2.0,8.0,24.0,0.0,0.0,-0.4376410245895386,0.0,0.3030400716467391
aero,5.0,9.0,8.0,1.0,0.5625,8.0,0.0,False,0.0,8.0,8.0,8.0,8.0,8.0,0.0,0.0,0.0,0.0,0.0
aero,5.0,10.0,3.0,0.375,0.5625,10.0,0.014524189755320549,True,0.0072620948776602745,8.0,8.0,8.0,8.0,6.0,0.0,0.0,0.0,0.0,-0.03871142864227295
aero,5.0,11.0,0.0,0.0,0.5625,8.0,0.0,False,0.0,8.0,8.0,8.0,8.0,8.0,0.0,0.0,0.0,0.0,0.0
aero,5.0,12.0,8.0,1.0,0.5625,8.0,0.0,False,0.0,8.0,8.0,8.0,8.0,8.0,0.0,0.0,0.0,0.0,0.0
aero,5.0,13.0,8.0,1.0,0.5625,8.0,0.0,False,0.0,8.0,8.0,8.0,8.0,8.0,0.0,0.0,0.0,0.0,0.0
aero,5.0,14.0,8.0,1.0,0.5625,8.0,0.0,False,0.0,8.0,8.0,8.0,8.0,8.0,0.0,0.0,0.0,0.0,0.0
aero,5.0,15.0,1.0,0.125,0.5625,10.0,0.08053339831531048,True,0.04026669915765524,8.0,8.0,16.0,8.0,24.0,0.0,0.0,0.22554188838920908,0.0,0.3030400716467391
aero,6.0,0.0,8.0,1.0,0.75,8.0,0.0,False,0.0,8.0,16.0,8.0,16.0,8.0,0.0,0.0,0.0,0.0,0.0
aero,6.0,1.0,5.0,0.625,0.75,10.0,0.014524189755320549,True,0.0072620948776602745,8.0,16.0,4.0,16.0,6.0,0.0,0.023131876420841024,-0.1486891508102417,0.023131876420841024,-0.03871142864227295
aero,6.0,2.0,8.0,1.0,0.75,8.0,0.0,False,0.0,8.0,16.0,8.0,16.0,8.0,0.0,0.0,0.0,0.0,0.0
aero,6.0,3.0,0.0,0.0,0.75,8.0,0.0,False,0.0,8.0,16.0,8.0,16.0,8.0,0.0,0.0,0.0,0.0,0.0
aero,6.0,4.0,2.0,0.25,0.75,10.0,0.04381370544433594,True,0.02190685272216797,8.0,16.0,16.0,16.0,10.0,0.0,0.09010557783767581,0.09010557783767581,0.09010557783767581,0.04381370544433594
aero,6.0,5.0,8.0,1.0,0.75,8.0,0.0,False,0.0,8.0,16.0,8.0,16.0,8.0,0.0,0.0,0.0,0.0,0.0
aero,6.0,6.0,8.0,1.0,0.75,8.0,0.0,False,0.0,8.0,16.0,8.0,16.0,8.0,0.0,0.0,0.0,0.0,0.0
aero,6.0,7.0,8.0,1.0,0.75,8.0,0.0,False,0.0,8.0,16.0,8.0,16.0,8.0,0.0,0.0,0.0,0.0,0.0
aero,6.0,8.0,8.0,1.0,0.75,8.0,0.0,False,0.0,8.0,16.0,8.0,16.0,8.0,0.0,0.0,0.0,0.0,0.0
aero,6.0,9.0,8.0,1.0,0.75,8.0,0.0,False,0.0,8.0,16.0,8.0,16.0,8.0,0.0,0.0,0.0,0.0,0.0
aero,6.0,10.0,6.0,0.75,0.75,10.0,0.04381370544433594,True,0.02190685272216797,8.0,16.0,4.0,16.0,10.0,0.0,0.09010557783767581,-0.220184326171875,0.09010557783767581,0.04381370544433594
aero,6.0,11.0,8.0,1.0,0.75,8.0,0.0,False,0.0,8.0,16.0,8.0,16.0,8.0,0.0,0.0,0.0,0.0,0.0
aero,6.0,12.0,8.0,1.0,0.75,8.0,0.0,False,0.0,8.0,16.0,8.0,16.0,8.0,0.0,0.0,0.0,0.0,0.0
aero,6.0,13.0,0.0,0.0,0.75,8.0,0.0,False,0.0,8.0,16.0,8.0,16.0,8.0,0.0,0.0,0.0,0.0,0.0
aero,6.0,14.0,2.0,0.25,0.75,10.0,0.04381370544433594,True,0.02190685272216797,8.0,16.0,16.0,16.0,10.0,0.0,0.09010557783767581,0.09010557783767581,0.09010557783767581,0.04381370544433594
aero,6.0,15.0,8.0,1.0,0.75,8.0,0.0,False,0.0,8.0,16.0,8.0,16.0,8.0,0.0,0.0,0.0,0.0,0.0
aero,7.0,0.0,8.0,1.0,0.625,8.0,0.0,False,0.0,8.0,8.0,8.0,8.0,8.0,0.0,0.0,0.0,0.0,0.0
aero,7.0,1.0,7.0,0.875,0.625,10.0,0.08053339831531048,True,0.04026669915765524,8.0,8.0,2.0,8.0,24.0,0.0,0.0,-0.4376410245895386,0.0,0.3030400716467391
aero,7.0,2.0,0.0,0.0,0.625,8.0,0.0,False,0.0,8.0,8.0,8.0,8.0,8.0,0.0,0.0,0.0,0.0,0.0
aero,7.0,3.0,8.0,1.0,0.625,8.0,0.0,False,0.0,8.0,8.0,8.0,8.0,8.0,0.0,0.0,0.0,0.0,0.0
aero,7.0,4.0,0.0,0.0,0.625,8.0,0.0,False,0.0,8.0,8.0,8.0,8.0,8.0,0.0,0.0,0.0,0.0,0.0
aero,7.0,5.0,7.0,0.875,0.625,10.0,0.08053339831531048,True,0.04026669915765524,8.0,8.0,2.0,8.0,24.0,0.0,0.0,-0.4376410245895386,0.0,0.3030400716467391
aero,7.0,6.0,8.0,1.0,0.625,8.0,0.0,False,0.0,8.0,8.0,8.0,8.0,8.0,0.0,0.0,0.0,0.0,0.0
aero,7.0,7.0,8.0,1.0,0.625,8.0,0.0,False,0.0,8.0,8.0,8.0,8.0,8.0,0.0,0.0,0.0,0.0,0.0
aero,7.0,8.0,3.0,0.375,0.625,10.0,0.014524189755320549,True,0.0072620948776602745,8.0,8.0,8.0,8.0,6.0,0.0,0.0,0.0,0.0,-0.03871142864227295
aero,7.0,9.0,8.0,1.0,0.625,8.0,0.0,False,0.0,8.0,8.0,8.0,8.0,8.0,0.0,0.0,0.0,0.0,0.0
aero,7.0,10.0,8.0,1.0,0.625,8.0,0.0,False,0.0,8.0,8.0,8.0,8.0,8.0,0.0,0.0,0.0,0.0,0.0
aero,7.0,11.0,8.0,1.0,0.625,8.0,0.0,False,0.0,8.0,8.0,8.0,8.0,8.0,0.0,0.0,0.0,0.0,0.0
aero,7.0,12.0,4.0,0.5,0.625,10.0,0.005859375,True,0.0029296875,8.0,8.0,8.0,8.0,6.0,0.0,0.0,0.0,0.0,-0.0234375
aero,7.0,13.0,5.0,0.625,0.625,10.0,0.014524189755320549,True,0.0072620948776602745,8.0,8.0,4.0,8.0,6.0,0.0,0.0,-0.1486891508102417,0.0,-0.03871142864227295
aero,7.0,14.0,8.0,1.0,0.625,8.0,0.0,False,0.0,8.0,8.0,8.0,8.0,8.0,0.0,0.0,0.0,0.0,0.0
aero,7.0,15.0,1.0,0.125,0.625,10.0,0.08053339831531048,True,0.04026669915765524,8.0,8.0,16.0,8.0,24.0,0.0,0.0,0.22554188838920908,0.0,0.3030400716467391
aero,8.0,0.0,8.0,1.0,0.6875,8.0,0.0,False,0.0,8.0,8.0,8.0,8.0,8.0,0.0,0.0,0.0,0.0,0.0
aero,8.0,1.0,8.0,1.0,0.6875,8.0,0.0,False,0.0,8.0,8.0,8.0,8.0,8.0,0.0,0.0,0.0,0.0,0.0
aero,8.0,2.0,8.0,1.0,0.6875,8.0,0.0,False,0.0,8.0,8.0,8.0,8.0,8.0,0.0,0.0,0.0,0.0,0.0
aero,8.0,3.0,4.0,0.5,0.6875,10.0,0.005859375,True,0.0029296875,8.0,8.0,8.0,8.0,6.0,0.0,0.0,0.0,0.0,-0.0234375
aero,8.0,4.0,8.0,1.0,0.6875,8.0,0.0,False,0.0,8.0,8.0,8.0,8.0,8.0,0.0,0.0,0.0,0.0,0.0
aero,8.0,5.0,8.0,1.0,0.6875,8.0,0.0,False,0.0,8.0,8.0,8.0,8.0,8.0,0.0,0.0,0.0,0.0,0.0
aero,8.0,6.0,8.0,1.0,0.6875,8.0,0.0,False,0.0,8.0,8.0,8.0,8.0,8.0,0.0,0.0,0.0,0.0,0.0
aero,8.0,7.0,3.0,0.375,0.6875,10.0,0.014524189755320549,True,0.0072620948776602745,8.0,8.0,8.0,8.0,6.0,0.0,0.0,0.0,0.0,-0.03871142864227295
aero,8.0,8.0,8.0,1.0,0.6875,8.0,0.0,False,0.0,8.0,8.0,8.0,8.0,8.0,0.0,0.0,0.0,0.0,0.0
aero,8.0,9.0,3.0,0.375,0.6875,10.0,0.014524189755320549,True,0.0072620948776602745,8.0,8.0,8.0,8.0,6.0,0.0,0.0,0.0,0.0,-0.03871142864227295
aero,8.0,10.0,8.0,1.0,0.6875,8.0,0.0,False,0.0,8.0,8.0,8.0,8.0,8.0,0.0,0.0,0.0,0.0,0.0
aero,8.0,11.0,8.0,1.0,0.6875,8.0,0.0,False,0.0,8.0,8.0,8.0,8.0,8.0,0.0,0.0,0.0,0.0,0.0
aero,8.0,12.0,0.0,0.0,0.6875,8.0,0.0,False,0.0,8.0,8.0,8.0,8.0,8.0,0.0,0.0,0.0,0.0,0.0
aero,8.0,13.0,2.0,0.25,0.6875,10.0,0.04381370544433594,True,0.02190685272216797,8.0,8.0,16.0,8.0,10.0,0.0,0.0,0.09010557783767581,0.0,0.04381370544433594
aero,8.0,14.0,4.0,0.5,0.6875,10.0,0.005859375,True,0.0029296875,8.0,8.0,8.0,8.0,6.0,0.0,0.0,0.0,0.0,-0.0234375
aero,8.0,15.0,8.0,1.0,0.6875,8.0,0.0,False,0.0,8.0,8.0,8.0,8.0,8.0,0.0,0.0,0.0,0.0,0.0
aero,9.0,0.0,8.0,1.0,0.625,8.0,0.0,False,0.0,8.0,8.0,8.0,8.0,8.0,0.0,0.0,0.0,0.0,0.0
aero,9.0,1.0,8.0,1.0,0.625,8.0,0.0,False,0.0,8.0,8.0,8.0,8.0,8.0,0.0,0.0,0.0,0.0,0.0
aero,9.0,2.0,8.0,1.0,0.625,8.0,0.0,False,0.0,8.0,8.0,8.0,8.0,8.0,0.0,0.0,0.0,0.0,0.0
aero,9.0,3.0,5.0,0.625,0.625,10.0,0.014524189755320549,True,0.0072620948776602745,8.0,8.0,4.0,8.0,6.0,0.0,0.0,-0.1486891508102417,0.0,-0.03871142864227295
aero,9.0,4.0,8.0,1.0,0.625,8.0,0.0,False,0.0,8.0,8.0,8.0,8.0,8.0,0.0,0.0,0.0,0.0,0.0
aero,9.0,5.0,8.0,1.0,0.625,8.0,0.0,False,0.0,8.0,8.0,8.0,8.0,8.0,0.0,0.0,0.0,0.0,0.0
aero,9.0,6.0,7.0,0.875,0.625,10.0,0.08053339831531048,True,0.04026669915765524,8.0,8.0,2.0,8.0,24.0,0.0,0.0,-0.4376410245895386,0.0,0.3030400716467391
aero,9.0,7.0,8.0,1.0,0.625,8.0,0.0,False,0.0,8.0,8.0,8.0,8.0,8.0,0.0,0.0,0.0,0.0,0.0
aero,9.0,8.0,3.0,0.375,0.625,10.0,0.014524189755320549,True,0.0072620948776602745,8.0,8.0,8.0,8.0,6.0,0.0,0.0,0.0,0.0,-0.03871142864227295
aero,9.0,9.0,8.0,1.0,0.625,8.0,0.0,False,0.0,8.0,8.0,8.0,8.0,8.0,0.0,0.0,0.0,0.0,0.0
aero,9.0,10.0,8.0,1.0,0.625,8.0,0.0,False,0.0,8.0,8.0,8.0,8.0,8.0,0.0,0.0,0.0,0.0,0.0
aero,9.0,11.0,2.0,0.25,0.625,10.0,0.04381370544433594,True,0.02190685272216797,8.0,8.0,16.0,8.0,10.0,0.0,0.0,0.09010557783767581,0.0,0.04381370544433594
aero,9.0,12.0,7.0,0.875,0.625,10.0,0.08053339831531048,True,0.04026669915765524,8.0,8.0,2.0,8.0,24.0,0.0,0.0,-0.4376410245895386,0.0,0.3030400716467391
aero,9.0,13.0,8.0,1.0,0.625,8.0,0.0,False,0.0,8.0,8.0,8.0,8.0,8.0,0.0,0.0,0.0,0.0,0.0
aero,9.0,14.0,6.0,0.75,0.625,10.0,0.04381370544433594,True,0.02190685272216797,8.0,8.0,4.0,8.0,10.0,0.0,0.0,-0.220184326171875,0.0,0.04381370544433594
aero,9.0,15.0,8.0,1.0,0.625,8.0,0.0,False,0.0,8.0,8.0,8.0,8.0,8.0,0.0,0.0,0.0,0.0,0.0
aero,10.0,0.0,8.0,1.0,0.75,8.0,0.0,False,0.0,8.0,16.0,8.0,16.0,8.0,0.0,0.0,0.0,0.0,0.0
aero,10.0,1.0,8.0,1.0,0.75,8.0,0.0,False,0.0,8.0,16.0,8.0,16.0,8.0,0.0,0.0,0.0,0.0,0.0
aero,10.0,2.0,7.0,0.875,0.75,10.0,0.08053339831531048,True,0.04026669915765524,8.0,16.0,2.0,16.0,24.0,0.0,0.22554188838920908,-0.4376410245895386,0.22554188838920908,0.3030400716467391
aero,10.0,3.0,8.0,1.0,0.75,8.0,0.0,False,0.0,8.0,16.0,8.0,16.0,8.0,0.0,0.0,0.0,0.0,0.0
aero,10.0,4.0,8.0,1.0,0.75,8.0,0.0,False,0.0,8.0,16.0,8.0,16.0,8.0,0.0,0.0,0.0,0.0,0.0
aero,10.0,5.0,8.0,1.0,0.75,8.0,0.0,False,0.0,8.0,16.0,8.0,16.0,8.0,0.0,0.0,0.0,0.0,0.0
aero,10.0,6.0,6.0,0.75,0.75,10.0,0.04381370544433594,True,0.02190685272216797,8.0,16.0,4.0,16.0,10.0,0.0,0.09010557783767581,-0.220184326171875,0.09010557783767581,0.04381370544433594
aero,10.0,7.0,2.0,0.25,0.75,10.0,0.04381370544433594,True,0.02190685272216797,8.0,16.0,16.0,16.0,10.0,0.0,0.09010557783767581,0.09010557783767581,0.09010557783767581,0.04381370544433594
aero,10.0,8.0,8.0,1.0,0.75,8.0,0.0,False,0.0,8.0,16.0,8.0,16.0,8.0,0.0,0.0,0.0,0.0,0.0
aero,10.0,9.0,0.0,0.0,0.75,8.0,0.0,False,0.0,8.0,16.0,8.0,16.0,8.0,0.0,0.0,0.0,0.0,0.0
aero,10.0,10.0,8.0,1.0,0.75,8.0,0.0,False,0.0,8.0,16.0,8.0,16.0,8.0,0.0,0.0,0.0,0.0,0.0
aero,10.0,11.0,8.0,1.0,0.75,8.0,0.0,False,0.0,8.0,16.0,8.0,16.0,8.0,0.0,0.0,0.0,0.0,0.0
aero,10.0,12.0,8.0,1.0,0.75,8.0,0.0,False,0.0,8.0,16.0,8.0,16.0,8.0,0.0,0.0,0.0,0.0,0.0
aero,10.0,13.0,8.0,1.0,0.75,8.0,0.0,False,0.0,8.0,16.0,8.0,16.0,8.0,0.0,0.0,0.0,0.0,0.0
aero,10.0,14.0,6.0,0.75,0.75,10.0,0.04381370544433594,True,0.02190685272216797,8.0,16.0,4.0,16.0,10.0,0.0,0.09010557783767581,-0.220184326171875,0.09010557783767581,0.04381370544433594
aero,10.0,15.0,8.0,1.0,0.75,8.0,0.0,False,0.0,8.0,16.0,8.0,16.0,8.0,0.0,0.0,0.0,0.0,0.0
aero,11.0,0.0,8.0,1.0,0.5625,8.0,0.0,False,0.0,8.0,8.0,8.0,8.0,8.0,0.0,0.0,0.0,0.0,0.0
aero,11.0,1.0,2.0,0.25,0.5625,10.0,0.04381370544433594,True,0.02190685272216797,8.0,8.0,16.0,8.0,10.0,0.0,0.0,0.09010557783767581,0.0,0.04381370544433594
aero,11.0,2.0,8.0,1.0,0.5625,8.0,0.0,False,0.0,8.0,8.0,8.0,8.0,8.0,0.0,0.0,0.0,0.0,0.0
aero,11.0,3.0,8.0,1.0,0.5625,8.0,0.0,False,0.0,8.0,8.0,8.0,8.0,8.0,0.0,0.0,0.0,0.0,0.0
aero,11.0,4.0,8.0,1.0,0.5625,8.0,0.0,False,0.0,8.0,8.0,8.0,8.0,8.0,0.0,0.0,0.0,0.0,0.0
aero,11.0,5.0,6.0,0.75,0.5625,10.0,0.04381370544433594,True,0.02190685272216797,8.0,8.0,4.0,8.0,10.0,0.0,0.0,-0.220184326171875,0.0,0.04381370544433594
aero,11.0,6.0,8.0,1.0,0.5625,8.0,0.0,False,0.0,8.0,8.0,8.0,8.0,8.0,0.0,0.0,0.0,0.0,0.0
aero,11.0,7.0,4.0,0.5,0.5625,10.0,0.005859375,True,0.0029296875,8.0,8.0,8.0,8.0,6.0,0.0,0.0,0.0,0.0,-0.0234375
aero,11.0,8.0,8.0,1.0,0.5625,8.0,0.0,False,0.0,8.0,8.0,8.0,8.0,8.0,0.0,0.0,0.0,0.0,0.0
aero,11.0,9.0,4.0,0.5,0.5625,10.0,0.005859375,True,0.0029296875,8.0,8.0,8.0,8.0,6.0,0.0,0.0,0.0,0.0,-0.0234375
aero,11.0,10.0,8.0,1.0,0.5625,8.0,0.0,False,0.0,8.0,8.0,8.0,8.0,8.0,0.0,0.0,0.0,0.0,0.0
aero,11.0,11.0,8.0,1.0,0.5625,8.0,0.0,False,0.0,8.0,8.0,8.0,8.0,8.0,0.0,0.0,0.0,0.0,0.0
aero,11.0,12.0,2.0,0.25,0.5625,10.0,0.04381370544433594,True,0.02190685272216797,8.0,8.0,16.0,8.0,10.0,0.0,0.0,0.09010557783767581,0.0,0.04381370544433594
aero,11.0,13.0,1.0,0.125,0.5625,10.0,0.08053339831531048,True,0.04026669915765524,8.0,8.0,16.0,8.0,24.0,0.0,0.0,0.22554188838920908,0.0,0.3030400716467391
aero,11.0,14.0,6.0,0.75,0.5625,10.0,0.04381370544433594,True,0.02190685272216797,8.0,8.0,4.0,8.0,10.0,0.0,0.0,-0.220184326171875,0.0,0.04381370544433594
aero,11.0,15.0,8.0,1.0,0.5625,8.0,0.0,False,0.0,8.0,8.0,8.0,8.0,8.0,0.0,0.0,0.0,0.0,0.0
aero,12.0,0.0,8.0,1.0,0.6875,8.0,0.0,False,0.0,8.0,8.0,8.0,8.0,8.0,0.0,0.0,0.0,0.0,0.0
aero,12.0,1.0,6.0,0.75,0.6875,10.0,0.04381370544433594,True,0.02190685272216797,8.0,8.0,4.0,8.0,10.0,0.0,0.0,-0.220184326171875,0.0,0.04381370544433594
aero,12.0,2.0,3.0,0.375,0.6875,10.0,0.014524189755320549,True,0.0072620948776602745,8.0,8.0,8.0,8.0,6.0,0.0,0.0,0.0,0.0,-0.03871142864227295
aero,12.0,3.0,8.0,1.0,0.6875,8.0,0.0,False,0.0,8.0,8.0,8.0,8.0,8.0,0.0,0.0,0.0,0.0,0.0
aero,12.0,4.0,8.0,1.0,0.6875,8.0,0.0,False,0.0,8.0,8.0,8.0,8.0,8.0,0.0,0.0,0.0,0.0,0.0
aero,12.0,5.0,8.0,1.0,0.6875,8.0,0.0,False,0.0,8.0,8.0,8.0,8.0,8.0,0.0,0.0,0.0,0.0,0.0
aero,12.0,6.0,8.0,1.0,0.6875,8.0,0.0,False,0.0,8.0,8.0,8.0,8.0,8.0,0.0,0.0,0.0,0.0,0.0
aero,12.0,7.0,7.0,0.875,0.6875,10.0,0.08053339831531048,True,0.04026669915765524,8.0,8.0,2.0,8.0,24.0,0.0,0.0,-0.4376410245895386,0.0,0.3030400716467391
aero,12.0,8.0,8.0,1.0,0.6875,8.0,0.0,False,0.0,8.0,8.0,8.0,8.0,8.0,0.0,0.0,0.0,0.0,0.0
aero,12.0,9.0,8.0,1.0,0.6875,8.0,0.0,False,0.0,8.0,8.0,8.0,8.0,8.0,0.0,0.0,0.0,0.0,0.0
aero,12.0,10.0,2.0,0.25,0.6875,10.0,0.04381370544433594,True,0.02190685272216797,8.0,8.0,16.0,8.0,10.0,0.0,0.0,0.09010557783767581,0.0,0.04381370544433594
aero,12.0,11.0,5.0,0.625,0.6875,10.0,0.014524189755320549,True,0.0072620948776602745,8.0,8.0,4.0,8.0,6.0,0.0,0.0,-0.1486891508102417,0.0,-0.03871142864227295
aero,12.0,12.0,8.0,1.0,0.6875,8.0,0.0,False,0.0,8.0,8.0,8.0,8.0,8.0,0.0,0.0,0.0,0.0,0.0
aero,12.0,13.0,8.0,1.0,0.6875,8.0,0.0,False,0.0,8.0,8.0,8.0,8.0,8.0,0.0,0.0,0.0,0.0,0.0
aero,12.0,14.0,8.0,1.0,0.6875,8.0,0.0,False,0.0,8.0,8.0,8.0,8.0,8.0,0.0,0.0,0.0,0.0,0.0
aero,12.0,15.0,8.0,1.0,0.6875,8.0,0.0,False,0.0,8.0,8.0,8.0,8.0,8.0,0.0,0.0,0.0,0.0,0.0
aero,13.0,0.0,8.0,1.0,0.5625,8.0,0.0,False,0.0,8.0,8.0,8.0,8.0,8.0,0.0,0.0,0.0,0.0,0.0
aero,13.0,1.0,8.0,1.0,0.5625,8.0,0.0,False,0.0,8.0,8.0,8.0,8.0,8.0,0.0,0.0,0.0,0.0,0.0
aero,13.0,2.0,8.0,1.0,0.5625,8.0,0.0,False,0.0,8.0,8.0,8.0,8.0,8.0,0.0,0.0,0.0,0.0,0.0
aero,13.0,3.0,8.0,1.0,0.5625,8.0,0.0,False,0.0,8.0,8.0,8.0,8.0,8.0,0.0,0.0,0.0,0.0,0.0
aero,13.0,4.0,2.0,0.25,0.5625,10.0,0.04381370544433594,True,0.02190685272216797,8.0,8.0,16.0,8.0,10.0,0.0,0.0,0.09010557783767581,0.0,0.04381370544433594
aero,13.0,5.0,4.0,0.5,0.5625,10.0,0.005859375,True,0.0029296875,8.0,8.0,8.0,8.0,6.0,0.0,0.0,0.0,0.0,-0.0234375
aero,13.0,6.0,8.0,1.0,0.5625,8.0,0.0,False,0.0,8.0,8.0,8.0,8.0,8.0,0.0,0.0,0.0,0.0,0.0
aero,13.0,7.0,8.0,1.0,0.5625,8.0,0.0,False,0.0,8.0,8.0,8.0,8.0,8.0,0.0,0.0,0.0,0.0,0.0
aero,13.0,8.0,4.0,0.5,0.5625,10.0,0.005859375,True,0.0029296875,8.0,8.0,8.0,8.0,6.0,0.0,0.0,0.0,0.0,-0.0234375
aero,13.0,9.0,8.0,1.0,0.5625,8.0,0.0,False,0.0,8.0,8.0,8.0,8.0,8.0,0.0,0.0,0.0,0.0,0.0
aero,13.0,10.0,6.0,0.75,0.5625,10.0,0.04381370544433594,True,0.02190685272216797,8.0,8.0,4.0,8.0,10.0,0.0,0.0,-0.220184326171875,0.0,0.04381370544433594
aero,13.0,11.0,4.0,0.5,0.5625,10.0,0.005859375,True,0.0029296875,8.0,8.0,8.0,8.0,6.0,0.0,0.0,0.0,0.0,-0.0234375
aero,13.0,12.0,4.0,0.5,0.5625,10.0,0.005859375,True,0.0029296875,8.0,8.0,8.0,8.0,6.0,0.0,0.0,0.0,0.0,-0.0234375
aero,13.0,13.0,3.0,0.375,0.5625,10.0,0.014524189755320549,True,0.0072620948776602745,8.0,8.0,8.0,8.0,6.0,0.0,0.0,0.0,0.0,-0.03871142864227295
aero,13.0,14.0,0.0,0.0,0.5625,8.0,0.0,False,0.0,8.0,8.0,8.0,8.0,8.0,0.0,0.0,0.0,0.0,0.0
aero,13.0,15.0,8.0,1.0,0.5625,8.0,0.0,False,0.0,8.0,8.0,8.0,8.0,8.0,0.0,0.0,0.0,0.0,0.0
aero,14.0,0.0,8.0,1.0,0.75,8.0,0.0,False,0.0,8.0,16.0,8.0,16.0,8.0,0.0,0.0,0.0,0.0,0.0
aero,14.0,1.0,8.0,1.0,0.75,8.0,0.0,False,0.0,8.0,16.0,8.0,16.0,8.0,0.0,0.0,0.0,0.0,0.0
aero,14.0,2.0,8.0,1.0,0.75,8.0,0.0,False,0.0,8.0,16.0,8.0,16.0,8.0,0.0,0.0,0.0,0.0,0.0
aero,14.0,3.0,8.0,1.0,0.75,8.0,0.0,False,0.0,8.0,16.0,8.0,16.0,8.0,0.0,0.0,0.0,0.0,0.0
aero,14.0,4.0,8.0,1.0,0.75,8.0,0.0,False,0.0,8.0,16.0,8.0,16.0,8.0,0.0,0.0,0.0,0.0,0.0
aero,14.0,5.0,8.0,1.0,0.75,8.0,0.0,False,0.0,8.0,16.0,8.0,16.0,8.0,0.0,0.0,0.0,0.0,0.0
aero,14.0,6.0,8.0,1.0,0.75,8.0,0.0,False,0.0,8.0,16.0,8.0,16.0,8.0,0.0,0.0,0.0,0.0,0.0
aero,14.0,7.0,7.0,0.875,0.75,10.0,0.08053339831531048,True,0.04026669915765524,8.0,16.0,2.0,16.0,24.0,0.0,0.22554188838920908,-0.4376410245895386,0.22554188838920908,0.3030400716467391
aero,14.0,8.0,8.0,1.0,0.75,8.0,0.0,False,0.0,8.0,16.0,8.0,16.0,8.0,0.0,0.0,0.0,0.0,0.0
aero,14.0,9.0,4.0,0.5,0.75,10.0,0.005859375,True,0.0029296875,8.0,16.0,8.0,16.0,6.0,0.0,0.007781982421875,0.0,0.007781982421875,-0.0234375
aero,14.0,10.0,8.0,1.0,0.75,8.0,0.0,False,0.0,8.0,16.0,8.0,16.0,8.0,0.0,0.0,0.0,0.0,0.0
aero,14.0,11.0,7.0,0.875,0.75,10.0,0.08053339831531048,True,0.04026669915765524,8.0,16.0,2.0,16.0,24.0,0.0,0.22554188838920908,-0.4376410245895386,0.22554188838920908,0.3030400716467391
aero,14.0,12.0,8.0,1.0,0.75,8.0,0.0,False,0.0,8.0,16.0,8.0,16.0,8.0,0.0,0.0,0.0,0.0,0.0
aero,14.0,13.0,8.0,1.0,0.75,8.0,0.0,False,0.0,8.0,16.0,8.0,16.0,8.0,0.0,0.0,0.0,0.0,0.0
aero,14.0,14.0,4.0,0.5,0.75,10.0,0.005859375,True,0.0029296875,8.0,16.0,8.0,16.0,6.0,0.0,0.007781982421875,0.0,0.007781982421875,-0.0234375
aero,14.0,15.0,8.0,1.0,0.75,8.0,0.0,False,0.0,8.0,16.0,8.0,16.0,8.0,0.0,0.0,0.0,0.0,0.0
aero,15.0,0.0,8.0,1.0,0.8125,8.0,0.0,False,0.0,8.0,16.0,8.0,16.0,8.0,0.0,0.0,0.0,0.0,0.0
aero,15.0,1.0,3.0,0.375,0.8125,10.0,0.014524189755320549,True,0.0072620948776602745,8.0,16.0,8.0,16.0,6.0,0.0,0.023131876420841024,0.0,0.023131876420841024,-0.03871142864227295
aero,15.0,2.0,8.0,1.0,0.8125,8.0,0.0,False,0.0,8.0,16.0,8.0,16.0,8.0,0.0,0.0,0.0,0.0,0.0
aero,15.0,3.0,8.0,1.0,0.8125,8.0,0.0,False,0.0,8.0,16.0,8.0,16.0,8.0,0.0,0.0,0.0,0.0,0.0
aero,15.0,4.0,1.0,0.125,0.8125,10.0,0.08053339831531048,True,0.04026669915765524,8.0,16.0,16.0,16.0,24.0,0.0,0.22554188838920908,0.22554188838920908,0.22554188838920908,0.3030400716467391
aero,15.0,5.0,8.0,1.0,0.8125,8.0,0.0,False,0.0,8.0,16.0,8.0,16.0,8.0,0.0,0.0,0.0,0.0,0.0
aero,15.0,6.0,5.0,0.625,0.8125,10.0,0.014524189755320549,True,0.0072620948776602745,8.0,16.0,4.0,16.0,6.0,0.0,0.023131876420841024,-0.1486891508102417,0.023131876420841024,-0.03871142864227295
aero,15.0,7.0,8.0,1.0,0.8125,8.0,0.0,False,0.0,8.0,16.0,8.0,16.0,8.0,0.0,0.0,0.0,0.0,0.0
aero,15.0,8.0,8.0,1.0,0.8125,8.0,0.0,False,0.0,8.0,16.0,8.0,16.0,8.0,0.0,0.0,0.0,0.0,0.0
aero,15.0,9.0,8.0,1.0,0.8125,8.0,0.0,False,0.0,8.0,16.0,8.0,16.0,8.0,0.0,0.0,0.0,0.0,0.0
aero,15.0,10.0,8.0,1.0,0.8125,8.0,0.0,False,0.0,8.0,16.0,8.0,16.0,8.0,0.0,0.0,0.0,0.0,0.0
aero,15.0,11.0,8.0,1.0,0.8125,8.0,0.0,False,0.0,8.0,16.0,8.0,16.0,8.0,0.0,0.0,0.0,0.0,0.0
aero,15.0,12.0,8.0,1.0,0.8125,8.0,0.0,False,0.0,8.0,16.0,8.0,16.0,8.0,0.0,0.0,0.0,0.0,0.0
aero,15.0,13.0,8.0,1.0,0.8125,8.0,0.0,False,0.0,8.0,16.0,8.0,16.0,8.0,0.0,0.0,0.0,0.0,0.0
aero,15.0,14.0,8.0,1.0,0.8125,8.0,0.0,False,0.0,8.0,16.0,8.0,16.0,8.0,0.0,0.0,0.0,0.0,0.0
aero,15.0,15.0,8.0,1.0,0.8125,8.0,0.0,False,0.0,8.0,16.0,8.0,16.0,8.0,0.0,0.0,0.0,0.0,0.0
aero,16.0,0.0,8.0,1.0,0.5625,8.0,0.0,False,0.0,8.0,8.0,8.0,8.0,8.0,0.0,0.0,0.0,0.0,0.0
aero,16.0,1.0,8.0,1.0,0.5625,8.0,0.0,False,0.0,8.0,8.0,8.0,8.0,8.0,0.0,0.0,0.0,0.0,0.0
aero,16.0,2.0,1.0,0.125,0.5625,10.0,0.08053339831531048,True,0.04026669915765524,8.0,8.0,16.0,8.0,24.0,0.0,0.0,0.22554188838920908,0.0,0.3030400716467391
aero,16.0,3.0,0.0,0.0,0.5625,8.0,0.0,False,0.0,8.0,8.0,8.0,8.0,8.0,0.0,0.0,0.0,0.0,0.0
aero,16.0,4.0,8.0,1.0,0.5625,8.0,0.0,False,0.0,8.0,8.0,8.0,8.0,8.0,0.0,0.0,0.0,0.0,0.0
aero,16.0,5.0,8.0,1.0,0.5625,8.0,0.0,False,0.0,8.0,8.0,8.0,8.0,8.0,0.0,0.0,0.0,0.0,0.0
aero,16.0,6.0,8.0,1.0,0.5625,8.0,0.0,False,0.0,8.0,8.0,8.0,8.0,8.0,0.0,0.0,0.0,0.0,0.0
aero,16.0,7.0,4.0,0.5,0.5625,10.0,0.005859375,True,0.0029296875,8.0,8.0,8.0,8.0,6.0,0.0,0.0,0.0,0.0,-0.0234375
aero,16.0,8.0,2.0,0.25,0.5625,10.0,0.04381370544433594,True,0.02190685272216797,8.0,8.0,16.0,8.0,10.0,0.0,0.0,0.09010557783767581,0.0,0.04381370544433594
aero,16.0,9.0,6.0,0.75,0.5625,10.0,0.04381370544433594,True,0.02190685272216797,8.0,8.0,4.0,8.0,10.0,0.0,0.0,-0.220184326171875,0.0,0.04381370544433594
aero,16.0,10.0,8.0,1.0,0.5625,8.0,0.0,False,0.0,8.0,8.0,8.0,8.0,8.0,0.0,0.0,0.0,0.0,0.0
aero,16.0,11.0,4.0,0.5,0.5625,10.0,0.005859375,True,0.0029296875,8.0,8.0,8.0,8.0,6.0,0.0,0.0,0.0,0.0,-0.0234375
aero,16.0,12.0,8.0,1.0,0.5625,8.0,0.0,False,0.0,8.0,8.0,8.0,8.0,8.0,0.0,0.0,0.0,0.0,0.0
aero,16.0,13.0,7.0,0.875,0.5625,10.0,0.08053339831531048,True,0.04026669915765524,8.0,8.0,2.0,8.0,24.0,0.0,0.0,-0.4376410245895386,0.0,0.3030400716467391
aero,16.0,14.0,4.0,0.5,0.5625,10.0,0.005859375,True,0.0029296875,8.0,8.0,8.0,8.0,6.0,0.0,0.0,0.0,0.0,-0.0234375
aero,16.0,15.0,8.0,1.0,0.5625,8.0,0.0,False,0.0,8.0,8.0,8.0,8.0,8.0,0.0,0.0,0.0,0.0,0.0
aero,17.0,0.0,8.0,1.0,0.5625,8.0,0.0,False,0.0,8.0,8.0,8.0,8.0,8.0,0.0,0.0,0.0,0.0,0.0
aero,17.0,1.0,8.0,1.0,0.5625,8.0,0.0,False,0.0,8.0,8.0,8.0,8.0,8.0,0.0,0.0,0.0,0.0,0.0
aero,17.0,2.0,8.0,1.0,0.5625,8.0,0.0,False,0.0,8.0,8.0,8.0,8.0,8.0,0.0,0.0,0.0,0.0,0.0
aero,17.0,3.0,7.0,0.875,0.5625,10.0,0.08053339831531048,True,0.04026669915765524,8.0,8.0,2.0,8.0,24.0,0.0,0.0,-0.4376410245895386,0.0,0.3030400716467391
aero,17.0,4.0,8.0,1.0,0.5625,8.0,0.0,False,0.0,8.0,8.0,8.0,8.0,8.0,0.0,0.0,0.0,0.0,0.0
aero,17.0,5.0,8.0,1.0,0.5625,8.0,0.0,False,0.0,8.0,8.0,8.0,8.0,8.0,0.0,0.0,0.0,0.0,0.0
aero,17.0,6.0,8.0,1.0,0.5625,8.0,0.0,False,0.0,8.0,8.0,8.0,8.0,8.0,0.0,0.0,0.0,0.0,0.0
aero,17.0,7.0,4.0,0.5,0.5625,10.0,0.005859375,True,0.0029296875,8.0,8.0,8.0,8.0,6.0,0.0,0.0,0.0,0.0,-0.0234375
aero,17.0,8.0,4.0,0.5,0.5625,10.0,0.005859375,True,0.0029296875,8.0,8.0,8.0,8.0,6.0,0.0,0.0,0.0,0.0,-0.0234375
aero,17.0,9.0,0.0,0.0,0.5625,8.0,0.0,False,0.0,8.0,8.0,8.0,8.0,8.0,0.0,0.0,0.0,0.0,0.0
aero,17.0,10.0,6.0,0.75,0.5625,10.0,0.04381370544433594,True,0.02190685272216797,8.0,8.0,4.0,8.0,10.0,0.0,0.0,-0.220184326171875,0.0,0.04381370544433594
aero,17.0,11.0,8.0,1.0,0.5625,8.0,0.0,False,0.0,8.0,8.0,8.0,8.0,8.0,0.0,0.0,0.0,0.0,0.0
aero,17.0,12.0,8.0,1.0,0.5625,8.0,0.0,False,0.0,8.0,8.0,8.0,8.0,8.0,0.0,0.0,0.0,0.0,0.0
aero,17.0,13.0,3.0,0.375,0.5625,10.0,0.014524189755320549,True,0.0072620948776602745,8.0,8.0,8.0,8.0,6.0,0.0,0.0,0.0,0.0,-0.03871142864227295
aero,17.0,14.0,5.0,0.625,0.5625,10.0,0.014524189755320549,True,0.0072620948776602745,8.0,8.0,4.0,8.0,6.0,0.0,0.0,-0.1486891508102417,0.0,-0.03871142864227295
aero,17.0,15.0,7.0,0.875,0.5625,10.0,0.08053339831531048,True,0.04026669915765524,8.0,8.0,2.0,8.0,24.0,0.0,0.0,-0.4376410245895386,0.0,0.3030400716467391
aero,18.0,0.0,6.0,0.75,0.625,10.0,0.04381370544433594,True,0.02190685272216797,8.0,8.0,4.0,8.0,10.0,0.0,0.0,-0.220184326171875,0.0,0.04381370544433594
aero,18.0,1.0,7.0,0.875,0.625,10.0,0.08053339831531048,True,0.04026669915765524,8.0,8.0,2.0,8.0,24.0,0.0,0.0,-0.4376410245895386,0.0,0.3030400716467391
aero,18.0,2.0,8.0,1.0,0.625,8.0,0.0,False,0.0,8.0,8.0,8.0,8.0,8.0,0.0,0.0,0.0,0.0,0.0
aero,18.0,3.0,4.0,0.5,0.625,10.0,0.005859375,True,0.0029296875,8.0,8.0,8.0,8.0,6.0,0.0,0.0,0.0,0.0,-0.0234375
aero,18.0,4.0,6.0,0.75,0.625,10.0,0.04381370544433594,True,0.02190685272216797,8.0,8.0,4.0,8.0,10.0,0.0,0.0,-0.220184326171875,0.0,0.04381370544433594
aero,18.0,5.0,0.0,0.0,0.625,8.0,0.0,False,0.0,8.0,8.0,8.0,8.0,8.0,0.0,0.0,0.0,0.0,0.0
aero,18.0,6.0,8.0,1.0,0.625,8.0,0.0,False,0.0,8.0,8.0,8.0,8.0,8.0,0.0,0.0,0.0,0.0,0.0
aero,18.0,7.0,8.0,1.0,0.625,8.0,0.0,False,0.0,8.0,8.0,8.0,8.0,8.0,0.0,0.0,0.0,0.0,0.0
aero,18.0,8.0,0.0,0.0,0.625,8.0,0.0,False,0.0,8.0,8.0,8.0,8.0,8.0,0.0,0.0,0.0,0.0,0.0
aero,18.0,9.0,8.0,1.0,0.625,8.0,0.0,False,0.0,8.0,8.0,8.0,8.0,8.0,0.0,0.0,0.0,0.0,0.0
aero,18.0,10.0,7.0,0.875,0.625,10.0,0.08053339831531048,True,0.04026669915765524,8.0,8.0,2.0,8.0,24.0,0.0,0.0,-0.4376410245895386,0.0,0.3030400716467391
aero,18.0,11.0,8.0,1.0,0.625,8.0,0.0,False,0.0,8.0,8.0,8.0,8.0,8.0,0.0,0.0,0.0,0.0,0.0
aero,18.0,12.0,8.0,1.0,0.625,8.0,0.0,False,0.0,8.0,8.0,8.0,8.0,8.0,0.0,0.0,0.0,0.0,0.0
aero,18.0,13.0,4.0,0.5,0.625,10.0,0.005859375,True,0.0029296875,8.0,8.0,8.0,8.0,6.0,0.0,0.0,0.0,0.0,-0.0234375
aero,18.0,14.0,0.0,0.0,0.625,8.0,0.0,False,0.0,8.0,8.0,8.0,8.0,8.0,0.0,0.0,0.0,0.0,0.0
aero,18.0,15.0,8.0,1.0,0.625,8.0,0.0,False,0.0,8.0,8.0,8.0,8.0,8.0,0.0,0.0,0.0,0.0,0.0
aero,19.0,0.0,8.0,1.0,0.625,8.0,0.0,False,0.0,8.0,8.0,8.0,8.0,8.0,0.0,0.0,0.0,0.0,0.0
aero,19.0,1.0,6.0,0.75,0.625,10.0,0.04381370544433594,True,0.02190685272216797,8.0,8.0,4.0,8.0,10.0,0.0,0.0,-0.220184326171875,0.0,0.04381370544433594
aero,19.0,2.0,8.0,1.0,0.625,8.0,0.0,False,0.0,8.0,8.0,8.0,8.0,8.0,0.0,0.0,0.0,0.0,0.0
aero,19.0,3.0,8.0,1.0,0.625,8.0,0.0,False,0.0,8.0,8.0,8.0,8.0,8.0,0.0,0.0,0.0,0.0,0.0
aero,19.0,4.0,8.0,1.0,0.625,8.0,0.0,False,0.0,8.0,8.0,8.0,8.0,8.0,0.0,0.0,0.0,0.0,0.0
aero,19.0,5.0,5.0,0.625,0.625,10.0,0.014524189755320549,True,0.0072620948776602745,8.0,8.0,4.0,8.0,6.0,0.0,0.0,-0.1486891508102417,0.0,-0.03871142864227295
aero,19.0,6.0,8.0,1.0,0.625,8.0,0.0,False,0.0,8.0,8.0,8.0,8.0,8.0,0.0,0.0,0.0,0.0,0.0
aero,19.0,7.0,0.0,0.0,0.625,8.0,0.0,False,0.0,8.0,8.0,8.0,8.0,8.0,0.0,0.0,0.0,0.0,0.0
aero,19.0,8.0,6.0,0.75,0.625,10.0,0.04381370544433594,True,0.02190685272216797,8.0,8.0,4.0,8.0,10.0,0.0,0.0,-0.220184326171875,0.0,0.04381370544433594
aero,19.0,9.0,8.0,1.0,0.625,8.0,0.0,False,0.0,8.0,8.0,8.0,8.0,8.0,0.0,0.0,0.0,0.0,0.0
aero,19.0,10.0,6.0,0.75,0.625,10.0,0.04381370544433594,True,0.02190685272216797,8.0,8.0,4.0,8.0,10.0,0.0,0.0,-0.220184326171875,0.0,0.04381370544433594
aero,19.0,11.0,8.0,1.0,0.625,8.0,0.0,False,0.0,8.0,8.0,8.0,8.0,8.0,0.0,0.0,0.0,0.0,0.0
aero,19.0,12.0,8.0,1.0,0.625,8.0,0.0,False,0.0,8.0,8.0,8.0,8.0,8.0,0.0,0.0,0.0,0.0,0.0
aero,19.0,13.0,4.0,0.5,0.625,10.0,0.005859375,True,0.0029296875,8.0,8.0,8.0,8.0,6.0,0.0,0.0,0.0,0.0,-0.0234375
aero,19.0,14.0,1.0,0.125,0.625,10.0,0.08053339831531048,True,0.04026669915765524,8.0,8.0,16.0,8.0,24.0,0.0,0.0,0.22554188838920908,0.0,0.3030400716467391
aero,19.0,15.0,8.0,1.0,0.625,8.0,0.0,False,0.0,8.0,8.0,8.0,8.0,8.0,0.0,0.0,0.0,0.0,0.0
aero,20.0,0.0,8.0,1.0,0.625,8.0,0.0,False,0.0,8.0,8.0,8.0,8.0,8.0,0.0,0.0,0.0,0.0,0.0
aero,20.0,1.0,8.0,1.0,0.625,8.0,0.0,False,0.0,8.0,8.0,8.0,8.0,8.0,0.0,0.0,0.0,0.0,0.0
aero,20.0,2.0,8.0,1.0,0.625,8.0,0.0,False,0.0,8.0,8.0,8.0,8.0,8.0,0.0,0.0,0.0,0.0,0.0
aero,20.0,3.0,7.0,0.875,0.625,10.0,0.08053339831531048,True,0.04026669915765524,8.0,8.0,2.0,8.0,24.0,0.0,0.0,-0.4376410245895386,0.0,0.3030400716467391
aero,20.0,4.0,8.0,1.0,0.625,8.0,0.0,False,0.0,8.0,8.0,8.0,8.0,8.0,0.0,0.0,0.0,0.0,0.0
aero,20.0,5.0,8.0,1.0,0.625,8.0,0.0,False,0.0,8.0,8.0,8.0,8.0,8.0,0.0,0.0,0.0,0.0,0.0
aero,20.0,6.0,8.0,1.0,0.625,8.0,0.0,False,0.0,8.0,8.0,8.0,8.0,8.0,0.0,0.0,0.0,0.0,0.0
aero,20.0,7.0,8.0,1.0,0.625,8.0,0.0,False,0.0,8.0,8.0,8.0,8.0,8.0,0.0,0.0,0.0,0.0,0.0
aero,20.0,8.0,8.0,1.0,0.625,8.0,0.0,False,0.0,8.0,8.0,8.0,8.0,8.0,0.0,0.0,0.0,0.0,0.0
aero,20.0,9.0,8.0,1.0,0.625,8.0,0.0,False,0.0,8.0,8.0,8.0,8.0,8.0,0.0,0.0,0.0,0.0,0.0
aero,20.0,10.0,4.0,0.5,0.625,10.0,0.005859375,True,0.0029296875,8.0,8.0,8.0,8.0,6.0,0.0,0.0,0.0,0.0,-0.0234375
aero,20.0,11.0,7.0,0.875,0.625,10.0,0.08053339831531048,True,0.04026669915765524,8.0,8.0,2.0,8.0,24.0,0.0,0.0,-0.4376410245895386,0.0,0.3030400716467391
aero,20.0,12.0,1.0,0.125,0.625,10.0,0.08053339831531048,True,0.04026669915765524,8.0,8.0,16.0,8.0,24.0,0.0,0.0,0.22554188838920908,0.0,0.3030400716467391
aero,20.0,13.0,8.0,1.0,0.625,8.0,0.0,False,0.0,8.0,8.0,8.0,8.0,8.0,0.0,0.0,0.0,0.0,0.0
aero,20.0,14.0,4.0,0.5,0.625,10.0,0.005859375,True,0.0029296875,8.0,8.0,8.0,8.0,6.0,0.0,0.0,0.0,0.0,-0.0234375
aero,20.0,15.0,3.0,0.375,0.625,10.0,0.014524189755320549,True,0.0072620948776602745,8.0,8.0,8.0,8.0,6.0,0.0,0.0,0.0,0.0,-0.03871142864227295
aero,21.0,0.0,8.0,1.0,0.8125,8.0,0.0,False,0.0,8.0,16.0,8.0,16.0,8.0,0.0,0.0,0.0,0.0,0.0
aero,21.0,1.0,8.0,1.0,0.8125,8.0,0.0,False,0.0,8.0,16.0,8.0,16.0,8.0,0.0,0.0,0.0,0.0,0.0
aero,21.0,2.0,8.0,1.0,0.8125,8.0,0.0,False,0.0,8.0,16.0,8.0,16.0,8.0,0.0,0.0,0.0,0.0,0.0
aero,21.0,3.0,8.0,1.0,0.8125,8.0,0.0,False,0.0,8.0,16.0,8.0,16.0,8.0,0.0,0.0,0.0,0.0,0.0
aero,21.0,4.0,8.0,1.0,0.8125,8.0,0.0,False,0.0,8.0,16.0,8.0,16.0,8.0,0.0,0.0,0.0,0.0,0.0
aero,21.0,5.0,8.0,1.0,0.8125,8.0,0.0,False,0.0,8.0,16.0,8.0,16.0,8.0,0.0,0.0,0.0,0.0,0.0
aero,21.0,6.0,8.0,1.0,0.8125,8.0,0.0,False,0.0,8.0,16.0,8.0,16.0,8.0,0.0,0.0,0.0,0.0,0.0
aero,21.0,7.0,1.0,0.125,0.8125,10.0,0.08053339831531048,True,0.04026669915765524,8.0,16.0,16.0,16.0,24.0,0.0,0.22554188838920908,0.22554188838920908,0.22554188838920908,0.3030400716467391
aero,21.0,8.0,8.0,1.0,0.8125,8.0,0.0,False,0.0,8.0,16.0,8.0,16.0,8.0,0.0,0.0,0.0,0.0,0.0
aero,21.0,9.0,8.0,1.0,0.8125,8.0,0.0,False,0.0,8.0,16.0,8.0,16.0,8.0,0.0,0.0,0.0,0.0,0.0
aero,21.0,10.0,8.0,1.0,0.8125,8.0,0.0,False,0.0,8.0,16.0,8.0,16.0,8.0,0.0,0.0,0.0,0.0,0.0
aero,21.0,11.0,4.0,0.5,0.8125,10.0,0.005859375,True,0.0029296875,8.0,16.0,8.0,16.0,6.0,0.0,0.007781982421875,0.0,0.007781982421875,-0.0234375
aero,21.0,12.0,7.0,0.875,0.8125,10.0,0.08053339831531048,True,0.04026669915765524,8.0,16.0,2.0,16.0,24.0,0.0,0.22554188838920908,-0.4376410245895386,0.22554188838920908,0.3030400716467391
aero,21.0,13.0,8.0,1.0,0.8125,8.0,0.0,False,0.0,8.0,16.0,8.0,16.0,8.0,0.0,0.0,0.0,0.0,0.0
aero,21.0,14.0,8.0,1.0,0.8125,8.0,0.0,False,0.0,8.0,16.0,8.0,16.0,8.0,0.0,0.0,0.0,0.0,0.0
aero,21.0,15.0,8.0,1.0,0.8125,8.0,0.0,False,0.0,8.0,16.0,8.0,16.0,8.0,0.0,0.0,0.0,0.0,0.0
aero,22.0,0.0,8.0,1.0,0.6875,8.0,0.0,False,0.0,8.0,8.0,8.0,8.0,8.0,0.0,0.0,0.0,0.0,0.0
aero,22.0,1.0,7.0,0.875,0.6875,10.0,0.08053339831531048,True,0.04026669915765524,8.0,8.0,2.0,8.0,24.0,0.0,0.0,-0.4376410245895386,0.0,0.3030400716467391
aero,22.0,2.0,8.0,1.0,0.6875,8.0,0.0,False,0.0,8.0,8.0,8.0,8.0,8.0,0.0,0.0,0.0,0.0,0.0
aero,22.0,3.0,7.0,0.875,0.6875,10.0,0.08053339831531048,True,0.04026669915765524,8.0,8.0,2.0,8.0,24.0,0.0,0.0,-0.4376410245895386,0.0,0.3030400716467391
aero,22.0,4.0,5.0,0.625,0.6875,10.0,0.014524189755320549,True,0.0072620948776602745,8.0,8.0,4.0,8.0,6.0,0.0,0.0,-0.1486891508102417,0.0,-0.03871142864227295
aero,22.0,5.0,8.0,1.0,0.6875,8.0,0.0,False,0.0,8.0,8.0,8.0,8.0,8.0,0.0,0.0,0.0,0.0,0.0
aero,22.0,6.0,8.0,1.0,0.6875,8.0,0.0,False,0.0,8.0,8.0,8.0,8.0,8.0,0.0,0.0,0.0,0.0,0.0
aero,22.0,7.0,8.0,1.0,0.6875,8.0,0.0,False,0.0,8.0,8.0,8.0,8.0,8.0,0.0,0.0,0.0,0.0,0.0
aero,22.0,8.0,1.0,0.125,0.6875,10.0,0.08053339831531048,True,0.04026669915765524,8.0,8.0,16.0,8.0,24.0,0.0,0.0,0.22554188838920908,0.0,0.3030400716467391
aero,22.0,9.0,8.0,1.0,0.6875,8.0,0.0,False,0.0,8.0,8.0,8.0,8.0,8.0,0.0,0.0,0.0,0.0,0.0
aero,22.0,10.0,8.0,1.0,0.6875,8.0,0.0,False,0.0,8.0,8.0,8.0,8.0,8.0,0.0,0.0,0.0,0.0,0.0
aero,22.0,11.0,7.0,0.875,0.6875,10.0,0.08053339831531048,True,0.04026669915765524,8.0,8.0,2.0,8.0,24.0,0.0,0.0,-0.4376410245895386,0.0,0.3030400716467391
aero,22.0,12.0,8.0,1.0,0.6875,8.0,0.0,False,0.0,8.0,8.0,8.0,8.0,8.0,0.0,0.0,0.0,0.0,0.0
aero,22.0,13.0,8.0,1.0,0.6875,8.0,0.0,False,0.0,8.0,8.0,8.0,8.0,8.0,0.0,0.0,0.0,0.0,0.0
aero,22.0,14.0,8.0,1.0,0.6875,8.0,0.0,False,0.0,8.0,8.0,8.0,8.0,8.0,0.0,0.0,0.0,0.0,0.0
aero,22.0,15.0,8.0,1.0,0.6875,8.0,0.0,False,0.0,8.0,8.0,8.0,8.0,8.0,0.0,0.0,0.0,0.0,0.0
aero,23.0,0.0,7.0,0.875,0.8125,10.0,0.08053339831531048,True,0.04026669915765524,8.0,16.0,2.0,16.0,24.0,0.0,0.22554188838920908,-0.4376410245895386,0.22554188838920908,0.3030400716467391
aero,23.0,1.0,8.0,1.0,0.8125,8.0,0.0,False,0.0,8.0,16.0,8.0,16.0,8.0,0.0,0.0,0.0,0.0,0.0
aero,23.0,2.0,8.0,1.0,0.8125,8.0,0.0,False,0.0,8.0,16.0,8.0,16.0,8.0,0.0,0.0,0.0,0.0,0.0
aero,23.0,3.0,6.0,0.75,0.8125,10.0,0.04381370544433594,True,0.02190685272216797,8.0,16.0,4.0,16.0,10.0,0.0,0.09010557783767581,-0.220184326171875,0.09010557783767581,0.04381370544433594
aero,23.0,4.0,8.0,1.0,0.8125,8.0,0.0,False,0.0,8.0,16.0,8.0,16.0,8.0,0.0,0.0,0.0,0.0,0.0
aero,23.0,5.0,8.0,1.0,0.8125,8.0,0.0,False,0.0,8.0,16.0,8.0,16.0,8.0,0.0,0.0,0.0,0.0,0.0
aero,23.0,6.0,2.0,0.25,0.8125,10.0,0.04381370544433594,True,0.02190685272216797,8.0,16.0,16.0,16.0,10.0,0.0,0.09010557783767581,0.09010557783767581,0.09010557783767581,0.04381370544433594
aero,23.0,7.0,8.0,1.0,0.8125,8.0,0.0,False,0.0,8.0,16.0,8.0,16.0,8.0,0.0,0.0,0.0,0.0,0.0
aero,23.0,8.0,8.0,1.0,0.8125,8.0,0.0,False,0.0,8.0,16.0,8.0,16.0,8.0,0.0,0.0,0.0,0.0,0.0
aero,23.0,9.0,8.0,1.0,0.8125,8.0,0.0,False,0.0,8.0,16.0,8.0,16.0,8.0,0.0,0.0,0.0,0.0,0.0
aero,23.0,10.0,8.0,1.0,0.8125,8.0,0.0,False,0.0,8.0,16.0,8.0,16.0,8.0,0.0,0.0,0.0,0.0,0.0
aero,23.0,11.0,8.0,1.0,0.8125,8.0,0.0,False,0.0,8.0,16.0,8.0,16.0,8.0,0.0,0.0,0.0,0.0,0.0
aero,23.0,12.0,8.0,1.0,0.8125,8.0,0.0,False,0.0,8.0,16.0,8.0,16.0,8.0,0.0,0.0,0.0,0.0,0.0
aero,23.0,13.0,8.0,1.0,0.8125,8.0,0.0,False,0.0,8.0,16.0,8.0,16.0,8.0,0.0,0.0,0.0,0.0,0.0
aero,23.0,14.0,8.0,1.0,0.8125,8.0,0.0,False,0.0,8.0,16.0,8.0,16.0,8.0,0.0,0.0,0.0,0.0,0.0
aero,23.0,15.0,0.0,0.0,0.8125,8.0,0.0,False,0.0,8.0,16.0,8.0,16.0,8.0,0.0,0.0,0.0,0.0,0.0
aero,24.0,0.0,7.0,0.875,0.8125,10.0,0.08053339831531048,True,0.04026669915765524,8.0,16.0,2.0,16.0,24.0,0.0,0.22554188838920908,-0.4376410245895386,0.22554188838920908,0.3030400716467391
aero,24.0,1.0,8.0,1.0,0.8125,8.0,0.0,False,0.0,8.0,16.0,8.0,16.0,8.0,0.0,0.0,0.0,0.0,0.0
aero,24.0,2.0,8.0,1.0,0.8125,8.0,0.0,False,0.0,8.0,16.0,8.0,16.0,8.0,0.0,0.0,0.0,0.0,0.0
aero,24.0,3.0,8.0,1.0,0.8125,8.0,0.0,False,0.0,8.0,16.0,8.0,16.0,8.0,0.0,0.0,0.0,0.0,0.0
aero,24.0,4.0,1.0,0.125,0.8125,10.0,0.08053339831531048,True,0.04026669915765524,8.0,16.0,16.0,16.0,24.0,0.0,0.22554188838920908,0.22554188838920908,0.22554188838920908,0.3030400716467391
aero,24.0,5.0,8.0,1.0,0.8125,8.0,0.0,False,0.0,8.0,16.0,8.0,16.0,8.0,0.0,0.0,0.0,0.0,0.0
aero,24.0,6.0,8.0,1.0,0.8125,8.0,0.0,False,0.0,8.0,16.0,8.0,16.0,8.0,0.0,0.0,0.0,0.0,0.0
aero,24.0,7.0,8.0,1.0,0.8125,8.0,0.0,False,0.0,8.0,16.0,8.0,16.0,8.0,0.0,0.0,0.0,0.0,0.0
aero,24.0,8.0,8.0,1.0,0.8125,8.0,0.0,False,0.0,8.0,16.0,8.0,16.0,8.0,0.0,0.0,0.0,0.0,0.0
aero,24.0,9.0,7.0,0.875,0.8125,10.0,0.08053339831531048,True,0.04026669915765524,8.0,16.0,2.0,16.0,24.0,0.0,0.22554188838920908,-0.4376410245895386,0.22554188838920908,0.3030400716467391
aero,24.0,10.0,8.0,1.0,0.8125,8.0,0.0,False,0.0,8.0,16.0,8.0,16.0,8.0,0.0,0.0,0.0,0.0,0.0
aero,24.0,11.0,8.0,1.0,0.8125,8.0,0.0,False,0.0,8.0,16.0,8.0,16.0,8.0,0.0,0.0,0.0,0.0,0.0
aero,24.0,12.0,8.0,1.0,0.8125,8.0,0.0,False,0.0,8.0,16.0,8.0,16.0,8.0,0.0,0.0,0.0,0.0,0.0
aero,24.0,13.0,8.0,1.0,0.8125,8.0,0.0,False,0.0,8.0,16.0,8.0,16.0,8.0,0.0,0.0,0.0,0.0,0.0
aero,24.0,14.0,8.0,1.0,0.8125,8.0,0.0,False,0.0,8.0,16.0,8.0,16.0,8.0,0.0,0.0,0.0,0.0,0.0
aero,24.0,15.0,8.0,1.0,0.8125,8.0,0.0,False,0.0,8.0,16.0,8.0,16.0,8.0,0.0,0.0,0.0,0.0,0.0
aero,25.0,0.0,8.0,1.0,0.6875,8.0,0.0,False,0.0,8.0,8.0,8.0,8.0,8.0,0.0,0.0,0.0,0.0,0.0
aero,25.0,1.0,8.0,1.0,0.6875,8.0,0.0,False,0.0,8.0,8.0,8.0,8.0,8.0,0.0,0.0,0.0,0.0,0.0
aero,25.0,2.0,3.0,0.375,0.6875,10.0,0.014524189755320549,True,0.0072620948776602745,8.0,8.0,8.0,8.0,6.0,0.0,0.0,0.0,0.0,-0.03871142864227295
aero,25.0,3.0,8.0,1.0,0.6875,8.0,0.0,False,0.0,8.0,8.0,8.0,8.0,8.0,0.0,0.0,0.0,0.0,0.0
aero,25.0,4.0,8.0,1.0,0.6875,8.0,0.0,False,0.0,8.0,8.0,8.0,8.0,8.0,0.0,0.0,0.0,0.0,0.0
aero,25.0,5.0,8.0,1.0,0.6875,8.0,0.0,False,0.0,8.0,8.0,8.0,8.0,8.0,0.0,0.0,0.0,0.0,0.0
aero,25.0,6.0,0.0,0.0,0.6875,8.0,0.0,False,0.0,8.0,8.0,8.0,8.0,8.0,0.0,0.0,0.0,0.0,0.0
aero,25.0,7.0,8.0,1.0,0.6875,8.0,0.0,False,0.0,8.0,8.0,8.0,8.0,8.0,0.0,0.0,0.0,0.0,0.0
aero,25.0,8.0,8.0,1.0,0.6875,8.0,0.0,False,0.0,8.0,8.0,8.0,8.0,8.0,0.0,0.0,0.0,0.0,0.0
aero,25.0,9.0,8.0,1.0,0.6875,8.0,0.0,False,0.0,8.0,8.0,8.0,8.0,8.0,0.0,0.0,0.0,0.0,0.0
aero,25.0,10.0,6.0,0.75,0.6875,10.0,0.04381370544433594,True,0.02190685272216797,8.0,8.0,4.0,8.0,10.0,0.0,0.0,-0.220184326171875,0.0,0.04381370544433594
aero,25.0,11.0,8.0,1.0,0.6875,8.0,0.0,False,0.0,8.0,8.0,8.0,8.0,8.0,0.0,0.0,0.0,0.0,0.0
aero,25.0,12.0,2.0,0.25,0.6875,10.0,0.04381370544433594,True,0.02190685272216797,8.0,8.0,16.0,8.0,10.0,0.0,0.0,0.09010557783767581,0.0,0.04381370544433594
aero,25.0,13.0,7.0,0.875,0.6875,10.0,0.08053339831531048,True,0.04026669915765524,8.0,8.0,2.0,8.0,24.0,0.0,0.0,-0.4376410245895386,0.0,0.3030400716467391
aero,25.0,14.0,8.0,1.0,0.6875,8.0,0.0,False,0.0,8.0,8.0,8.0,8.0,8.0,0.0,0.0,0.0,0.0,0.0
aero,25.0,15.0,7.0,0.875,0.6875,10.0,0.08053339831531048,True,0.04026669915765524,8.0,8.0,2.0,8.0,24.0,0.0,0.0,-0.4376410245895386,0.0,0.3030400716467391
aero,26.0,0.0,8.0,1.0,0.875,8.0,0.0,False,0.0,8.0,16.0,8.0,16.0,8.0,0.0,0.0,0.0,0.0,0.0
aero,26.0,1.0,8.0,1.0,0.875,8.0,0.0,False,0.0,8.0,16.0,8.0,16.0,8.0,0.0,0.0,0.0,0.0,0.0
aero,26.0,2.0,8.0,1.0,0.875,8.0,0.0,False,0.0,8.0,16.0,8.0,16.0,8.0,0.0,0.0,0.0,0.0,0.0
aero,26.0,3.0,0.0,0.0,0.875,8.0,0.0,False,0.0,8.0,16.0,8.0,16.0,8.0,0.0,0.0,0.0,0.0,0.0
aero,26.0,4.0,6.0,0.75,0.875,10.0,0.04381370544433594,True,0.02190685272216797,8.0,16.0,4.0,16.0,10.0,0.0,0.09010557783767581,-0.220184326171875,0.09010557783767581,0.04381370544433594
aero,26.0,5.0,0.0,0.0,0.875,8.0,0.0,False,0.0,8.0,16.0,8.0,16.0,8.0,0.0,0.0,0.0,0.0,0.0
aero,26.0,6.0,8.0,1.0,0.875,8.0,0.0,False,0.0,8.0,16.0,8.0,16.0,8.0,0.0,0.0,0.0,0.0,0.0
aero,26.0,7.0,3.0,0.375,0.875,10.0,0.014524189755320549,True,0.0072620948776602745,8.0,16.0,8.0,16.0,6.0,0.0,0.023131876420841024,0.0,0.023131876420841024,-0.03871142864227295
aero,26.0,8.0,8.0,1.0,0.875,8.0,0.0,False,0.0,8.0,16.0,8.0,16.0,8.0,0.0,0.0,0.0,0.0,0.0
aero,26.0,9.0,8.0,1.0,0.875,8.0,0.0,False,0.0,8.0,16.0,8.0,16.0,8.0,0.0,0.0,0.0,0.0,0.0
aero,26.0,10.0,8.0,1.0,0.875,8.0,0.0,False,0.0,8.0,16.0,8.0,16.0,8.0,0.0,0.0,0.0,0.0,0.0
aero,26.0,11.0,8.0,1.0,0.875,8.0,0.0,False,0.0,8.0,16.0,8.0,16.0,8.0,0.0,0.0,0.0,0.0,0.0
aero,26.0,12.0,8.0,1.0,0.875,8.0,0.0,False,0.0,8.0,16.0,8.0,16.0,8.0,0.0,0.0,0.0,0.0,0.0
aero,26.0,13.0,8.0,1.0,0.875,8.0,0.0,False,0.0,8.0,16.0,8.0,16.0,8.0,0.0,0.0,0.0,0.0,0.0
aero,26.0,14.0,8.0,1.0,0.875,8.0,0.0,False,0.0,8.0,16.0,8.0,16.0,8.0,0.0,0.0,0.0,0.0,0.0
aero,26.0,15.0,8.0,1.0,0.875,8.0,0.0,False,0.0,8.0,16.0,8.0,16.0,8.0,0.0,0.0,0.0,0.0,0.0
aero,27.0,0.0,8.0,1.0,0.9375,8.0,0.0,False,0.0,8.0,16.0,8.0,8.0,8.0,0.0,0.0,0.0,0.0,0.0
aero,27.0,1.0,8.0,1.0,0.9375,8.0,0.0,False,0.0,8.0,16.0,8.0,8.0,8.0,0.0,0.0,0.0,0.0,0.0
aero,27.0,2.0,8.0,1.0,0.9375,8.0,0.0,False,0.0,8.0,16.0,8.0,8.0,8.0,0.0,0.0,0.0,0.0,0.0
aero,27.0,3.0,8.0,1.0,0.9375,8.0,0.0,False,0.0,8.0,16.0,8.0,8.0,8.0,0.0,0.0,0.0,0.0,0.0
aero,27.0,4.0,8.0,1.0,0.9375,8.0,0.0,False,0.0,8.0,16.0,8.0,8.0,8.0,0.0,0.0,0.0,0.0,0.0
aero,27.0,5.0,8.0,1.0,0.9375,8.0,0.0,False,0.0,8.0,16.0,8.0,8.0,8.0,0.0,0.0,0.0,0.0,0.0
aero,27.0,6.0,8.0,1.0,0.9375,8.0,0.0,False,0.0,8.0,16.0,8.0,8.0,8.0,0.0,0.0,0.0,0.0,0.0
aero,27.0,7.0,8.0,1.0,0.9375,8.0,0.0,False,0.0,8.0,16.0,8.0,8.0,8.0,0.0,0.0,0.0,0.0,0.0
aero,27.0,8.0,8.0,1.0,0.9375,8.0,0.0,False,0.0,8.0,16.0,8.0,8.0,8.0,0.0,0.0,0.0,0.0,0.0
aero,27.0,9.0,8.0,1.0,0.9375,8.0,0.0,False,0.0,8.0,16.0,8.0,8.0,8.0,0.0,0.0,0.0,0.0,0.0
aero,27.0,10.0,8.0,1.0,0.9375,8.0,0.0,False,0.0,8.0,16.0,8.0,8.0,8.0,0.0,0.0,0.0,0.0,0.0
aero,27.0,11.0,8.0,1.0,0.9375,8.0,0.0,False,0.0,8.0,16.0,8.0,8.0,8.0,0.0,0.0,0.0,0.0,0.0
aero,27.0,12.0,8.0,1.0,0.9375,8.0,0.0,False,0.0,8.0,16.0,8.0,8.0,8.0,0.0,0.0,0.0,0.0,0.0
aero,27.0,13.0,8.0,1.0,0.9375,8.0,0.0,False,0.0,8.0,16.0,8.0,8.0,8.0,0.0,0.0,0.0,0.0,0.0
aero,27.0,14.0,5.0,0.625,0.9375,10.0,0.014524189755320549,True,0.0072620948776602745,8.0,16.0,4.0,8.0,6.0,0.0,0.023131876420841024,-0.1486891508102417,0.0,-0.03871142864227295
aero,27.0,15.0,8.0,1.0,0.9375,8.0,0.0,False,0.0,8.0,16.0,8.0,8.0,8.0,0.0,0.0,0.0,0.0,0.0
aero,28.0,0.0,8.0,1.0,0.8125,8.0,0.0,False,0.0,8.0,16.0,8.0,16.0,8.0,0.0,0.0,0.0,0.0,0.0
aero,28.0,1.0,8.0,1.0,0.8125,8.0,0.0,False,0.0,8.0,16.0,8.0,16.0,8.0,0.0,0.0,0.0,0.0,0.0
aero,28.0,2.0,8.0,1.0,0.8125,8.0,0.0,False,0.0,8.0,16.0,8.0,16.0,8.0,0.0,0.0,0.0,0.0,0.0
aero,28.0,3.0,8.0,1.0,0.8125,8.0,0.0,False,0.0,8.0,16.0,8.0,16.0,8.0,0.0,0.0,0.0,0.0,0.0
aero,28.0,4.0,8.0,1.0,0.8125,8.0,0.0,False,0.0,8.0,16.0,8.0,16.0,8.0,0.0,0.0,0.0,0.0,0.0
aero,28.0,5.0,8.0,1.0,0.8125,8.0,0.0,False,0.0,8.0,16.0,8.0,16.0,8.0,0.0,0.0,0.0,0.0,0.0
aero,28.0,6.0,8.0,1.0,0.8125,8.0,0.0,False,0.0,8.0,16.0,8.0,16.0,8.0,0.0,0.0,0.0,0.0,0.0
aero,28.0,7.0,8.0,1.0,0.8125,8.0,0.0,False,0.0,8.0,16.0,8.0,16.0,8.0,0.0,0.0,0.0,0.0,0.0
aero,28.0,8.0,8.0,1.0,0.8125,8.0,0.0,False,0.0,8.0,16.0,8.0,16.0,8.0,0.0,0.0,0.0,0.0,0.0
aero,28.0,9.0,8.0,1.0,0.8125,8.0,0.0,False,0.0,8.0,16.0,8.0,16.0,8.0,0.0,0.0,0.0,0.0,0.0
aero,28.0,10.0,8.0,1.0,0.8125,8.0,0.0,False,0.0,8.0,16.0,8.0,16.0,8.0,0.0,0.0,0.0,0.0,0.0
aero,28.0,11.0,8.0,1.0,0.8125,8.0,0.0,False,0.0,8.0,16.0,8.0,16.0,8.0,0.0,0.0,0.0,0.0,0.0
aero,28.0,12.0,7.0,0.875,0.8125,10.0,0.08053339831531048,True,0.04026669915765524,8.0,16.0,2.0,16.0,24.0,0.0,0.22554188838920908,-0.4376410245895386,0.22554188838920908,0.3030400716467391
aero,28.0,13.0,1.0,0.125,0.8125,10.0,0.08053339831531048,True,0.04026669915765524,8.0,16.0,16.0,16.0,24.0,0.0,0.22554188838920908,0.22554188838920908,0.22554188838920908,0.3030400716467391
aero,28.0,14.0,4.0,0.5,0.8125,10.0,0.005859375,True,0.0029296875,8.0,16.0,8.0,16.0,6.0,0.0,0.007781982421875,0.0,0.007781982421875,-0.0234375
aero,28.0,15.0,8.0,1.0,0.8125,8.0,0.0,False,0.0,8.0,16.0,8.0,16.0,8.0,0.0,0.0,0.0,0.0,0.0
aero,29.0,0.0,8.0,1.0,0.875,8.0,0.0,False,0.0,8.0,16.0,8.0,16.0,8.0,0.0,0.0,0.0,0.0,0.0
aero,29.0,1.0,8.0,1.0,0.875,8.0,0.0,False,0.0,8.0,16.0,8.0,16.0,8.0,0.0,0.0,0.0,0.0,0.0
aero,29.0,2.0,8.0,1.0,0.875,8.0,0.0,False,0.0,8.0,16.0,8.0,16.0,8.0,0.0,0.0,0.0,0.0,0.0
aero,29.0,3.0,8.0,1.0,0.875,8.0,0.0,False,0.0,8.0,16.0,8.0,16.0,8.0,0.0,0.0,0.0,0.0,0.0
aero,29.0,4.0,2.0,0.25,0.875,10.0,0.04381370544433594,True,0.02190685272216797,8.0,16.0,16.0,16.0,10.0,0.0,0.09010557783767581,0.09010557783767581,0.09010557783767581,0.04381370544433594
aero,29.0,5.0,8.0,1.0,0.875,8.0,0.0,False,0.0,8.0,16.0,8.0,16.0,8.0,0.0,0.0,0.0,0.0,0.0
aero,29.0,6.0,8.0,1.0,0.875,8.0,0.0,False,0.0,8.0,16.0,8.0,16.0,8.0,0.0,0.0,0.0,0.0,0.0
aero,29.0,7.0,8.0,1.0,0.875,8.0,0.0,False,0.0,8.0,16.0,8.0,16.0,8.0,0.0,0.0,0.0,0.0,0.0
aero,29.0,8.0,8.0,1.0,0.875,8.0,0.0,False,0.0,8.0,16.0,8.0,16.0,8.0,0.0,0.0,0.0,0.0,0.0
aero,29.0,9.0,6.0,0.75,0.875,10.0,0.04381370544433594,True,0.02190685272216797,8.0,16.0,4.0,16.0,10.0,0.0,0.09010557783767581,-0.220184326171875,0.09010557783767581,0.04381370544433594
aero,29.0,10.0,8.0,1.0,0.875,8.0,0.0,False,0.0,8.0,16.0,8.0,16.0,8.0,0.0,0.0,0.0,0.0,0.0
aero,29.0,11.0,8.0,1.0,0.875,8.0,0.0,False,0.0,8.0,16.0,8.0,16.0,8.0,0.0,0.0,0.0,0.0,0.0
aero,29.0,12.0,8.0,1.0,0.875,8.0,0.0,False,0.0,8.0,16.0,8.0,16.0,8.0,0.0,0.0,0.0,0.0,0.0
aero,29.0,13.0,8.0,1.0,0.875,8.0,0.0,False,0.0,8.0,16.0,8.0,16.0,8.0,0.0,0.0,0.0,0.0,0.0
aero,29.0,14.0,8.0,1.0,0.875,8.0,0.0,False,0.0,8.0,16.0,8.0,16.0,8.0,0.0,0.0,0.0,0.0,0.0
aero,29.0,15.0,8.0,1.0,0.875,8.0,0.0,False,0.0,8.0,16.0,8.0,16.0,8.0,0.0,0.0,0.0,0.0,0.0
aero,30.0,0.0,8.0,1.0,0.8125,8.0,0.0,False,0.0,8.0,16.0,8.0,16.0,8.0,0.0,0.0,0.0,0.0,0.0
aero,30.0,1.0,8.0,1.0,0.8125,8.0,0.0,False,0.0,8.0,16.0,8.0,16.0,8.0,0.0,0.0,0.0,0.0,0.0
aero,30.0,2.0,8.0,1.0,0.8125,8.0,0.0,False,0.0,8.0,16.0,8.0,16.0,8.0,0.0,0.0,0.0,0.0,0.0
aero,30.0,3.0,8.0,1.0,0.8125,8.0,0.0,False,0.0,8.0,16.0,8.0,16.0,8.0,0.0,0.0,0.0,0.0,0.0
aero,30.0,4.0,8.0,1.0,0.8125,8.0,0.0,False,0.0,8.0,16.0,8.0,16.0,8.0,0.0,0.0,0.0,0.0,0.0
aero,30.0,5.0,8.0,1.0,0.8125,8.0,0.0,False,0.0,8.0,16.0,8.0,16.0,8.0,0.0,0.0,0.0,0.0,0.0
aero,30.0,6.0,8.0,1.0,0.8125,8.0,0.0,False,0.0,8.0,16.0,8.0,16.0,8.0,0.0,0.0,0.0,0.0,0.0
aero,30.0,7.0,8.0,1.0,0.8125,8.0,0.0,False,0.0,8.0,16.0,8.0,16.0,8.0,0.0,0.0,0.0,0.0,0.0
aero,30.0,8.0,7.0,0.875,0.8125,10.0,0.08053339831531048,True,0.04026669915765524,8.0,16.0,2.0,16.0,24.0,0.0,0.22554188838920908,-0.4376410245895386,0.22554188838920908,0.3030400716467391
aero,30.0,9.0,8.0,1.0,0.8125,8.0,0.0,False,0.0,8.0,16.0,8.0,16.0,8.0,0.0,0.0,0.0,0.0,0.0
aero,30.0,10.0,7.0,0.875,0.8125,10.0,0.08053339831531048,True,0.04026669915765524,8.0,16.0,2.0,16.0,24.0,0.0,0.22554188838920908,-0.4376410245895386,0.22554188838920908,0.3030400716467391
aero,30.0,11.0,8.0,1.0,0.8125,8.0,0.0,False,0.0,8.0,16.0,8.0,16.0,8.0,0.0,0.0,0.0,0.0,0.0
aero,30.0,12.0,8.0,1.0,0.8125,8.0,0.0,False,0.0,8.0,16.0,8.0,16.0,8.0,0.0,0.0,0.0,0.0,0.0
aero,30.0,13.0,8.0,1.0,0.8125,8.0,0.0,False,0.0,8.0,16.0,8.0,16.0,8.0,0.0,0.0,0.0,0.0,0.0
aero,30.0,14.0,8.0,1.0,0.8125,8.0,0.0,False,0.0,8.0,16.0,8.0,16.0,8.0,0.0,0.0,0.0,0.0,0.0
aero,30.0,15.0,2.0,0.25,0.8125,10.0,0.04381370544433594,True,0.02190685272216797,8.0,16.0,16.0,16.0,10.0,0.0,0.09010557783767581,0.09010557783767581,0.09010557783767581,0.04381370544433594
aero,31.0,0.0,8.0,1.0,0.8125,8.0,0.0,False,0.0,8.0,16.0,8.0,16.0,8.0,0.0,0.0,0.0,0.0,0.0
aero,31.0,1.0,0.0,0.0,0.8125,8.0,0.0,False,0.0,8.0,16.0,8.0,16.0,8.0,0.0,0.0,0.0,0.0,0.0
aero,31.0,2.0,8.0,1.0,0.8125,8.0,0.0,False,0.0,8.0,16.0,8.0,16.0,8.0,0.0,0.0,0.0,0.0,0.0
aero,31.0,3.0,8.0,1.0,0.8125,8.0,0.0,False,0.0,8.0,16.0,8.0,16.0,8.0,0.0,0.0,0.0,0.0,0.0
aero,31.0,4.0,8.0,1.0,0.8125,8.0,0.0,False,0.0,8.0,16.0,8.0,16.0,8.0,0.0,0.0,0.0,0.0,0.0
aero,31.0,5.0,8.0,1.0,0.8125,8.0,0.0,False,0.0,8.0,16.0,8.0,16.0,8.0,0.0,0.0,0.0,0.0,0.0
aero,31.0,6.0,7.0,0.875,0.8125,10.0,0.08053339831531048,True,0.04026669915765524,8.0,16.0,2.0,16.0,24.0,0.0,0.22554188838920908,-0.4376410245895386,0.22554188838920908,0.3030400716467391
aero,31.0,7.0,6.0,0.75,0.8125,10.0,0.04381370544433594,True,0.02190685272216797,8.0,16.0,4.0,16.0,10.0,0.0,0.09010557783767581,-0.220184326171875,0.09010557783767581,0.04381370544433594
aero,31.0,8.0,8.0,1.0,0.8125,8.0,0.0,False,0.0,8.0,16.0,8.0,16.0,8.0,0.0,0.0,0.0,0.0,0.0
aero,31.0,9.0,8.0,1.0,0.8125,8.0,0.0,False,0.0,8.0,16.0,8.0,16.0,8.0,0.0,0.0,0.0,0.0,0.0
aero,31.0,10.0,8.0,1.0,0.8125,8.0,0.0,False,0.0,8.0,16.0,8.0,16.0,8.0,0.0,0.0,0.0,0.0,0.0
aero,31.0,11.0,8.0,1.0,0.8125,8.0,0.0,False,0.0,8.0,16.0,8.0,16.0,8.0,0.0,0.0,0.0,0.0,0.0
aero,31.0,12.0,7.0,0.875,0.8125,10.0,0.08053339831531048,True,0.04026669915765524,8.0,16.0,2.0,16.0,24.0,0.0,0.22554188838920908,-0.4376410245895386,0.22554188838920908,0.3030400716467391
aero,31.0,13.0,8.0,1.0,0.8125,8.0,0.0,False,0.0,8.0,16.0,8.0,16.0,8.0,0.0,0.0,0.0,0.0,0.0
aero,31.0,14.0,8.0,1.0,0.8125,8.0,0.0,False,0.0,8.0,16.0,8.0,16.0,8.0,0.0,0.0,0.0,0.0,0.0
aero,31.0,15.0,8.0,1.0,0.8125,8.0,0.0,False,0.0,8.0,16.0,8.0,16.0,8.0,0.0,0.0,0.0,0.0,0.0
aero,32.0,0.0,8.0,1.0,0.75,8.0,0.0,False,0.0,8.0,16.0,8.0,16.0,8.0,0.0,0.0,0.0,0.0,0.0
aero,32.0,1.0,7.0,0.875,0.75,10.0,0.08053339831531048,True,0.04026669915765524,8.0,16.0,2.0,16.0,24.0,0.0,0.22554188838920908,-0.4376410245895386,0.22554188838920908,0.3030400716467391
aero,32.0,2.0,8.0,1.0,0.75,8.0,0.0,False,0.0,8.0,16.0,8.0,16.0,8.0,0.0,0.0,0.0,0.0,0.0
aero,32.0,3.0,8.0,1.0,0.75,8.0,0.0,False,0.0,8.0,16.0,8.0,16.0,8.0,0.0,0.0,0.0,0.0,0.0
aero,32.0,4.0,8.0,1.0,0.75,8.0,0.0,False,0.0,8.0,16.0,8.0,16.0,8.0,0.0,0.0,0.0,0.0,0.0
aero,32.0,5.0,8.0,1.0,0.75,8.0,0.0,False,0.0,8.0,16.0,8.0,16.0,8.0,0.0,0.0,0.0,0.0,0.0
aero,32.0,6.0,8.0,1.0,0.75,8.0,0.0,False,0.0,8.0,16.0,8.0,16.0,8.0,0.0,0.0,0.0,0.0,0.0
aero,32.0,7.0,8.0,1.0,0.75,8.0,0.0,False,0.0,8.0,16.0,8.0,16.0,8.0,0.0,0.0,0.0,0.0,0.0
aero,32.0,8.0,8.0,1.0,0.75,8.0,0.0,False,0.0,8.0,16.0,8.0,16.0,8.0,0.0,0.0,0.0,0.0,0.0
aero,32.0,9.0,4.0,0.5,0.75,10.0,0.005859375,True,0.0029296875,8.0,16.0,8.0,16.0,6.0,0.0,0.007781982421875,0.0,0.007781982421875,-0.0234375
aero,32.0,10.0,8.0,1.0,0.75,8.0,0.0,False,0.0,8.0,16.0,8.0,16.0,8.0,0.0,0.0,0.0,0.0,0.0
aero,32.0,11.0,3.0,0.375,0.75,10.0,0.014524189755320549,True,0.0072620948776602745,8.0,16.0,8.0,16.0,6.0,0.0,0.023131876420841024,0.0,0.023131876420841024,-0.03871142864227295
aero,32.0,12.0,8.0,1.0,0.75,8.0,0.0,False,0.0,8.0,16.0,8.0,16.0,8.0,0.0,0.0,0.0,0.0,0.0
aero,32.0,13.0,8.0,1.0,0.75,8.0,0.0,False,0.0,8.0,16.0,8.0,16.0,8.0,0.0,0.0,0.0,0.0,0.0
aero,32.0,14.0,2.0,0.25,0.75,10.0,0.04381370544433594,True,0.02190685272216797,8.0,16.0,16.0,16.0,10.0,0.0,0.09010557783767581,0.09010557783767581,0.09010557783767581,0.04381370544433594
aero,32.0,15.0,8.0,1.0,0.75,8.0,0.0,False,0.0,8.0,16.0,8.0,16.0,8.0,0.0,0.0,0.0,0.0,0.0
aero,33.0,0.0,6.0,0.75,0.625,10.0,0.04381370544433594,True,0.02190685272216797,8.0,8.0,4.0,8.0,10.0,0.0,0.0,-0.220184326171875,0.0,0.04381370544433594
aero,33.0,1.0,5.0,0.625,0.625,10.0,0.014524189755320549,True,0.0072620948776602745,8.0,8.0,4.0,8.0,6.0,0.0,0.0,-0.1486891508102417,0.0,-0.03871142864227295
aero,33.0,2.0,5.0,0.625,0.625,10.0,0.014524189755320549,True,0.0072620948776602745,8.0,8.0,4.0,8.0,6.0,0.0,0.0,-0.1486891508102417,0.0,-0.03871142864227295
aero,33.0,3.0,8.0,1.0,0.625,8.0,0.0,False,0.0,8.0,8.0,8.0,8.0,8.0,0.0,0.0,0.0,0.0,0.0
aero,33.0,4.0,8.0,1.0,0.625,8.0,0.0,False,0.0,8.0,8.0,8.0,8.0,8.0,0.0,0.0,0.0,0.0,0.0
aero,33.0,5.0,8.0,1.0,0.625,8.0,0.0,False,0.0,8.0,8.0,8.0,8.0,8.0,0.0,0.0,0.0,0.0,0.0
aero,33.0,6.0,8.0,1.0,0.625,8.0,0.0,False,0.0,8.0,8.0,8.0,8.0,8.0,0.0,0.0,0.0,0.0,0.0
aero,33.0,7.0,8.0,1.0,0.625,8.0,0.0,False,0.0,8.0,8.0,8.0,8.0,8.0,0.0,0.0,0.0,0.0,0.0
aero,33.0,8.0,8.0,1.0,0.625,8.0,0.0,False,0.0,8.0,8.0,8.0,8.0,8.0,0.0,0.0,0.0,0.0,0.0
aero,33.0,9.0,7.0,0.875,0.625,10.0,0.08053339831531048,True,0.04026669915765524,8.0,8.0,2.0,8.0,24.0,0.0,0.0,-0.4376410245895386,0.0,0.3030400716467391
aero,33.0,10.0,8.0,1.0,0.625,8.0,0.0,False,0.0,8.0,8.0,8.0,8.0,8.0,0.0,0.0,0.0,0.0,0.0
aero,33.0,11.0,8.0,1.0,0.625,8.0,0.0,False,0.0,8.0,8.0,8.0,8.0,8.0,0.0,0.0,0.0,0.0,0.0
aero,33.0,12.0,8.0,1.0,0.625,8.0,0.0,False,0.0,8.0,8.0,8.0,8.0,8.0,0.0,0.0,0.0,0.0,0.0
aero,33.0,13.0,7.0,0.875,0.625,10.0,0.08053339831531048,True,0.04026669915765524,8.0,8.0,2.0,8.0,24.0,0.0,0.0,-0.4376410245895386,0.0,0.3030400716467391
aero,33.0,14.0,8.0,1.0,0.625,8.0,0.0,False,0.0,8.0,8.0,8.0,8.0,8.0,0.0,0.0,0.0,0.0,0.0
aero,33.0,15.0,1.0,0.125,0.625,10.0,0.08053339831531048,True,0.04026669915765524,8.0,8.0,16.0,8.0,24.0,0.0,0.0,0.22554188838920908,0.0,0.3030400716467391
aero,34.0,0.0,8.0,1.0,0.875,8.0,0.0,False,0.0,8.0,16.0,8.0,16.0,8.0,0.0,0.0,0.0,0.0,0.0
aero,34.0,1.0,8.0,1.0,0.875,8.0,0.0,False,0.0,8.0,16.0,8.0,16.0,8.0,0.0,0.0,0.0,0.0,0.0
aero,34.0,2.0,8.0,1.0,0.875,8.0,0.0,False,0.0,8.0,16.0,8.0,16.0,8.0,0.0,0.0,0.0,0.0,0.0
aero,34.0,3.0,8.0,1.0,0.875,8.0,0.0,False,0.0,8.0,16.0,8.0,16.0,8.0,0.0,0.0,0.0,0.0,0.0
aero,34.0,4.0,7.0,0.875,0.875,10.0,0.08053339831531048,True,0.04026669915765524,8.0,16.0,2.0,16.0,24.0,0.0,0.22554188838920908,-0.4376410245895386,0.22554188838920908,0.3030400716467391
aero,34.0,5.0,8.0,1.0,0.875,8.0,0.0,False,0.0,8.0,16.0,8.0,16.0,8.0,0.0,0.0,0.0,0.0,0.0
aero,34.0,6.0,0.0,0.0,0.875,8.0,0.0,False,0.0,8.0,16.0,8.0,16.0,8.0,0.0,0.0,0.0,0.0,0.0
aero,34.0,7.0,8.0,1.0,0.875,8.0,0.0,False,0.0,8.0,16.0,8.0,16.0,8.0,0.0,0.0,0.0,0.0,0.0
aero,34.0,8.0,8.0,1.0,0.875,8.0,0.0,False,0.0,8.0,16.0,8.0,16.0,8.0,0.0,0.0,0.0,0.0,0.0
aero,34.0,9.0,3.0,0.375,0.875,10.0,0.014524189755320549,True,0.0072620948776602745,8.0,16.0,8.0,16.0,6.0,0.0,0.023131876420841024,0.0,0.023131876420841024,-0.03871142864227295
aero,34.0,10.0,8.0,1.0,0.875,8.0,0.0,False,0.0,8.0,16.0,8.0,16.0,8.0,0.0,0.0,0.0,0.0,0.0
aero,34.0,11.0,8.0,1.0,0.875,8.0,0.0,False,0.0,8.0,16.0,8.0,16.0,8.0,0.0,0.0,0.0,0.0,0.0
aero,34.0,12.0,8.0,1.0,0.875,8.0,0.0,False,0.0,8.0,16.0,8.0,16.0,8.0,0.0,0.0,0.0,0.0,0.0
aero,34.0,13.0,8.0,1.0,0.875,8.0,0.0,False,0.0,8.0,16.0,8.0,16.0,8.0,0.0,0.0,0.0,0.0,0.0
aero,34.0,14.0,8.0,1.0,0.875,8.0,0.0,False,0.0,8.0,16.0,8.0,16.0,8.0,0.0,0.0,0.0,0.0,0.0
aero,34.0,15.0,8.0,1.0,0.875,8.0,0.0,False,0.0,8.0,16.0,8.0,16.0,8.0,0.0,0.0,0.0,0.0,0.0
aero,35.0,0.0,7.0,0.875,0.8125,10.0,0.08053339831531048,True,0.04026669915765524,8.0,16.0,2.0,16.0,24.0,0.0,0.22554188838920908,-0.4376410245895386,0.22554188838920908,0.3030400716467391
aero,35.0,1.0,8.0,1.0,0.8125,8.0,0.0,False,0.0,8.0,16.0,8.0,16.0,8.0,0.0,0.0,0.0,0.0,0.0
aero,35.0,2.0,8.0,1.0,0.8125,8.0,0.0,False,0.0,8.0,16.0,8.0,16.0,8.0,0.0,0.0,0.0,0.0,0.0
aero,35.0,3.0,8.0,1.0,0.8125,8.0,0.0,False,0.0,8.0,16.0,8.0,16.0,8.0,0.0,0.0,0.0,0.0,0.0
aero,35.0,4.0,0.0,0.0,0.8125,8.0,0.0,False,0.0,8.0,16.0,8.0,16.0,8.0,0.0,0.0,0.0,0.0,0.0
aero,35.0,5.0,8.0,1.0,0.8125,8.0,0.0,False,0.0,8.0,16.0,8.0,16.0,8.0,0.0,0.0,0.0,0.0,0.0
aero,35.0,6.0,8.0,1.0,0.8125,8.0,0.0,False,0.0,8.0,16.0,8.0,16.0,8.0,0.0,0.0,0.0,0.0,0.0
aero,35.0,7.0,6.0,0.75,0.8125,10.0,0.04381370544433594,True,0.02190685272216797,8.0,16.0,4.0,16.0,10.0,0.0,0.09010557783767581,-0.220184326171875,0.09010557783767581,0.04381370544433594
aero,35.0,8.0,0.0,0.0,0.8125,8.0,0.0,False,0.0,8.0,16.0,8.0,16.0,8.0,0.0,0.0,0.0,0.0,0.0
aero,35.0,9.0,8.0,1.0,0.8125,8.0,0.0,False,0.0,8.0,16.0,8.0,16.0,8.0,0.0,0.0,0.0,0.0,0.0
aero,35.0,10.0,8.0,1.0,0.8125,8.0,0.0,False,0.0,8.0,16.0,8.0,16.0,8.0,0.0,0.0,0.0,0.0,0.0
aero,35.0,11.0,8.0,1.0,0.8125,8.0,0.0,False,0.0,8.0,16.0,8.0,16.0,8.0,0.0,0.0,0.0,0.0,0.0
aero,35.0,12.0,8.0,1.0,0.8125,8.0,0.0,False,0.0,8.0,16.0,8.0,16.0,8.0,0.0,0.0,0.0,0.0,0.0
aero,35.0,13.0,8.0,1.0,0.8125,8.0,0.0,False,0.0,8.0,16.0,8.0,16.0,8.0,0.0,0.0,0.0,0.0,0.0
aero,35.0,14.0,4.0,0.5,0.8125,10.0,0.005859375,True,0.0029296875,8.0,16.0,8.0,16.0,6.0,0.0,0.007781982421875,0.0,0.007781982421875,-0.0234375
aero,35.0,15.0,8.0,1.0,0.8125,8.0,0.0,False,0.0,8.0,16.0,8.0,16.0,8.0,0.0,0.0,0.0,0.0,0.0
aero,36.0,0.0,6.0,0.75,0.8125,10.0,0.04381370544433594,True,0.02190685272216797,8.0,16.0,4.0,16.0,10.0,0.0,0.09010557783767581,-0.220184326171875,0.09010557783767581,0.04381370544433594
aero,36.0,1.0,8.0,1.0,0.8125,8.0,0.0,False,0.0,8.0,16.0,8.0,16.0,8.0,0.0,0.0,0.0,0.0,0.0
aero,36.0,2.0,0.0,0.0,0.8125,8.0,0.0,False,0.0,8.0,16.0,8.0,16.0,8.0,0.0,0.0,0.0,0.0,0.0
aero,36.0,3.0,6.0,0.75,0.8125,10.0,0.04381370544433594,True,0.02190685272216797,8.0,16.0,4.0,16.0,10.0,0.0,0.09010557783767581,-0.220184326171875,0.09010557783767581,0.04381370544433594
aero,36.0,4.0,8.0,1.0,0.8125,8.0,0.0,False,0.0,8.0,16.0,8.0,16.0,8.0,0.0,0.0,0.0,0.0,0.0
aero,36.0,5.0,8.0,1.0,0.8125,8.0,0.0,False,0.0,8.0,16.0,8.0,16.0,8.0,0.0,0.0,0.0,0.0,0.0
aero,36.0,6.0,8.0,1.0,0.8125,8.0,0.0,False,0.0,8.0,16.0,8.0,16.0,8.0,0.0,0.0,0.0,0.0,0.0
aero,36.0,7.0,8.0,1.0,0.8125,8.0,0.0,False,0.0,8.0,16.0,8.0,16.0,8.0,0.0,0.0,0.0,0.0,0.0
aero,36.0,8.0,8.0,1.0,0.8125,8.0,0.0,False,0.0,8.0,16.0,8.0,16.0,8.0,0.0,0.0,0.0,0.0,0.0
aero,36.0,9.0,8.0,1.0,0.8125,8.0,0.0,False,0.0,8.0,16.0,8.0,16.0,8.0,0.0,0.0,0.0,0.0,0.0
aero,36.0,10.0,8.0,1.0,0.8125,8.0,0.0,False,0.0,8.0,16.0,8.0,16.0,8.0,0.0,0.0,0.0,0.0,0.0
aero,36.0,11.0,8.0,1.0,0.8125,8.0,0.0,False,0.0,8.0,16.0,8.0,16.0,8.0,0.0,0.0,0.0,0.0,0.0
aero,36.0,12.0,8.0,1.0,0.8125,8.0,0.0,False,0.0,8.0,16.0,8.0,16.0,8.0,0.0,0.0,0.0,0.0,0.0
aero,36.0,13.0,8.0,1.0,0.8125,8.0,0.0,False,0.0,8.0,16.0,8.0,16.0,8.0,0.0,0.0,0.0,0.0,0.0
aero,36.0,14.0,8.0,1.0,0.8125,8.0,0.0,False,0.0,8.0,16.0,8.0,16.0,8.0,0.0,0.0,0.0,0.0,0.0
aero,36.0,15.0,7.0,0.875,0.8125,10.0,0.08053339831531048,True,0.04026669915765524,8.0,16.0,2.0,16.0,24.0,0.0,0.22554188838920908,-0.4376410245895386,0.22554188838920908,0.3030400716467391
aero,37.0,0.0,8.0,1.0,0.6875,8.0,0.0,False,0.0,8.0,8.0,8.0,8.0,8.0,0.0,0.0,0.0,0.0,0.0
aero,37.0,1.0,0.0,0.0,0.6875,8.0,0.0,False,0.0,8.0,8.0,8.0,8.0,8.0,0.0,0.0,0.0,0.0,0.0
aero,37.0,2.0,7.0,0.875,0.6875,10.0,0.08053339831531048,True,0.04026669915765524,8.0,8.0,2.0,8.0,24.0,0.0,0.0,-0.4376410245895386,0.0,0.3030400716467391
aero,37.0,3.0,8.0,1.0,0.6875,8.0,0.0,False,0.0,8.0,8.0,8.0,8.0,8.0,0.0,0.0,0.0,0.0,0.0
aero,37.0,4.0,8.0,1.0,0.6875,8.0,0.0,False,0.0,8.0,8.0,8.0,8.0,8.0,0.0,0.0,0.0,0.0,0.0
aero,37.0,5.0,8.0,1.0,0.6875,8.0,0.0,False,0.0,8.0,8.0,8.0,8.0,8.0,0.0,0.0,0.0,0.0,0.0
aero,37.0,6.0,1.0,0.125,0.6875,10.0,0.08053339831531048,True,0.04026669915765524,8.0,8.0,16.0,8.0,24.0,0.0,0.0,0.22554188838920908,0.0,0.3030400716467391
aero,37.0,7.0,5.0,0.625,0.6875,10.0,0.014524189755320549,True,0.0072620948776602745,8.0,8.0,4.0,8.0,6.0,0.0,0.0,-0.1486891508102417,0.0,-0.03871142864227295
aero,37.0,8.0,8.0,1.0,0.6875,8.0,0.0,False,0.0,8.0,8.0,8.0,8.0,8.0,0.0,0.0,0.0,0.0,0.0
aero,37.0,9.0,8.0,1.0,0.6875,8.0,0.0,False,0.0,8.0,8.0,8.0,8.0,8.0,0.0,0.0,0.0,0.0,0.0
aero,37.0,10.0,4.0,0.5,0.6875,10.0,0.005859375,True,0.0029296875,8.0,8.0,8.0,8.0,6.0,0.0,0.0,0.0,0.0,-0.0234375
aero,37.0,11.0,0.0,0.0,0.6875,8.0,0.0,False,0.0,8.0,8.0,8.0,8.0,8.0,0.0,0.0,0.0,0.0,0.0
aero,37.0,12.0,8.0,1.0,0.6875,8.0,0.0,False,0.0,8.0,8.0,8.0,8.0,8.0,0.0,0.0,0.0,0.0,0.0
aero,37.0,13.0,8.0,1.0,0.6875,8.0,0.0,False,0.0,8.0,8.0,8.0,8.0,8.0,0.0,0.0,0.0,0.0,0.0
aero,37.0,14.0,8.0,1.0,0.6875,8.0,0.0,False,0.0,8.0,8.0,8.0,8.0,8.0,0.0,0.0,0.0,0.0,0.0
aero,37.0,15.0,1.0,0.125,0.6875,10.0,0.08053339831531048,True,0.04026669915765524,8.0,8.0,16.0,8.0,24.0,0.0,0.0,0.22554188838920908,0.0,0.3030400716467391
aero,38.0,0.0,8.0,1.0,0.6875,8.0,0.0,False,0.0,8.0,8.0,8.0,8.0,8.0,0.0,0.0,0.0,0.0,0.0
aero,38.0,1.0,7.0,0.875,0.6875,10.0,0.08053339831531048,True,0.04026669915765524,8.0,8.0,2.0,8.0,24.0,0.0,0.0,-0.4376410245895386,0.0,0.3030400716467391
aero,38.0,2.0,8.0,1.0,0.6875,8.0,0.0,False,0.0,8.0,8.0,8.0,8.0,8.0,0.0,0.0,0.0,0.0,0.0
aero,38.0,3.0,1.0,0.125,0.6875,10.0,0.08053339831531048,True,0.04026669915765524,8.0,8.0,16.0,8.0,24.0,0.0,0.0,0.22554188838920908,0.0,0.3030400716467391
aero,38.0,4.0,4.0,0.5,0.6875,10.0,0.005859375,True,0.0029296875,8.0,8.0,8.0,8.0,6.0,0.0,0.0,0.0,0.0,-0.0234375
aero,38.0,5.0,8.0,1.0,0.6875,8.0,0.0,False,0.0,8.0,8.0,8.0,8.0,8.0,0.0,0.0,0.0,0.0,0.0
aero,38.0,6.0,8.0,1.0,0.6875,8.0,0.0,False,0.0,8.0,8.0,8.0,8.0,8.0,0.0,0.0,0.0,0.0,0.0
aero,38.0,7.0,8.0,1.0,0.6875,8.0,0.0,False,0.0,8.0,8.0,8.0,8.0,8.0,0.0,0.0,0.0,0.0,0.0
aero,38.0,8.0,8.0,1.0,0.6875,8.0,0.0,False,0.0,8.0,8.0,8.0,8.0,8.0,0.0,0.0,0.0,0.0,0.0
aero,38.0,9.0,8.0,1.0,0.6875,8.0,0.0,False,0.0,8.0,8.0,8.0,8.0,8.0,0.0,0.0,0.0,0.0,0.0
aero,38.0,10.0,7.0,0.875,0.6875,10.0,0.08053339831531048,True,0.04026669915765524,8.0,8.0,2.0,8.0,24.0,0.0,0.0,-0.4376410245895386,0.0,0.3030400716467391
aero,38.0,11.0,8.0,1.0,0.6875,8.0,0.0,False,0.0,8.0,8.0,8.0,8.0,8.0,0.0,0.0,0.0,0.0,0.0
aero,38.0,12.0,8.0,1.0,0.6875,8.0,0.0,False,0.0,8.0,8.0,8.0,8.0,8.0,0.0,0.0,0.0,0.0,0.0
aero,38.0,13.0,0.0,0.0,0.6875,8.0,0.0,False,0.0,8.0,8.0,8.0,8.0,8.0,0.0,0.0,0.0,0.0,0.0
aero,38.0,14.0,4.0,0.5,0.6875,10.0,0.005859375,True,0.0029296875,8.0,8.0,8.0,8.0,6.0,0.0,0.0,0.0,0.0,-0.0234375
aero,38.0,15.0,8.0,1.0,0.6875,8.0,0.0,False,0.0,8.0,8.0,8.0,8.0,8.0,0.0,0.0,0.0,0.0,0.0
aero,39.0,0.0,8.0,1.0,0.625,8.0,0.0,False,0.0,8.0,8.0,8.0,8.0,8.0,0.0,0.0,0.0,0.0,0.0
aero,39.0,1.0,8.0,1.0,0.625,8.0,0.0,False,0.0,8.0,8.0,8.0,8.0,8.0,0.0,0.0,0.0,0.0,0.0
aero,39.0,2.0,1.0,0.125,0.625,10.0,0.08053339831531048,True,0.04026669915765524,8.0,8.0,16.0,8.0,24.0,0.0,0.0,0.22554188838920908,0.0,0.3030400716467391
aero,39.0,3.0,8.0,1.0,0.625,8.0,0.0,False,0.0,8.0,8.0,8.0,8.0,8.0,0.0,0.0,0.0,0.0,0.0
aero,39.0,4.0,0.0,0.0,0.625,8.0,0.0,False,0.0,8.0,8.0,8.0,8.0,8.0,0.0,0.0,0.0,0.0,0.0
aero,39.0,5.0,7.0,0.875,0.625,10.0,0.08053339831531048,True,0.04026669915765524,8.0,8.0,2.0,8.0,24.0,0.0,0.0,-0.4376410245895386,0.0,0.3030400716467391
aero,39.0,6.0,8.0,1.0,0.625,8.0,0.0,False,0.0,8.0,8.0,8.0,8.0,8.0,0.0,0.0,0.0,0.0,0.0
aero,39.0,7.0,8.0,1.0,0.625,8.0,0.0,False,0.0,8.0,8.0,8.0,8.0,8.0,0.0,0.0,0.0,0.0,0.0
aero,39.0,8.0,3.0,0.375,0.625,10.0,0.014524189755320549,True,0.0072620948776602745,8.0,8.0,8.0,8.0,6.0,0.0,0.0,0.0,0.0,-0.03871142864227295
aero,39.0,9.0,8.0,1.0,0.625,8.0,0.0,False,0.0,8.0,8.0,8.0,8.0,8.0,0.0,0.0,0.0,0.0,0.0
aero,39.0,10.0,8.0,1.0,0.625,8.0,0.0,False,0.0,8.0,8.0,8.0,8.0,8.0,0.0,0.0,0.0,0.0,0.0
aero,39.0,11.0,7.0,0.875,0.625,10.0,0.08053339831531048,True,0.04026669915765524,8.0,8.0,2.0,8.0,24.0,0.0,0.0,-0.4376410245895386,0.0,0.3030400716467391
aero,39.0,12.0,8.0,1.0,0.625,8.0,0.0,False,0.0,8.0,8.0,8.0,8.0,8.0,0.0,0.0,0.0,0.0,0.0
aero,39.0,13.0,7.0,0.875,0.625,10.0,0.08053339831531048,True,0.04026669915765524,8.0,8.0,2.0,8.0,24.0,0.0,0.0,-0.4376410245895386,0.0,0.3030400716467391
aero,39.0,14.0,8.0,1.0,0.625,8.0,0.0,False,0.0,8.0,8.0,8.0,8.0,8.0,0.0,0.0,0.0,0.0,0.0
aero,39.0,15.0,1.0,0.125,0.625,10.0,0.08053339831531048,True,0.04026669915765524,8.0,8.0,16.0,8.0,24.0,0.0,0.0,0.22554188838920908,0.0,0.3030400716467391
areal,0.0,0.0,8.0,1.0,0.6875,8.0,0.0,False,0.0,8.0,8.0,8.0,8.0,8.0,0.0,0.0,0.0,0.0,0.0
areal,0.0,1.0,7.0,0.875,0.6875,10.0,0.08053339831531048,True,0.04026669915765524,8.0,8.0,2.0,8.0,24.0,0.0,0.0,-0.4376410245895386,0.0,0.3030400716467391
areal,0.0,2.0,8.0,1.0,0.6875,8.0,0.0,False,0.0,8.0,8.0,8.0,8.0,8.0,0.0,0.0,0.0,0.0,0.0
areal,0.0,3.0,8.0,1.0,0.6875,8.0,0.0,False,0.0,8.0,8.0,8.0,8.0,8.0,0.0,0.0,0.0,0.0,0.0
areal,0.0,4.0,8.0,1.0,0.6875,8.0,0.0,False,0.0,8.0,8.0,8.0,8.0,8.0,0.0,0.0,0.0,0.0,0.0
areal,0.0,5.0,8.0,1.0,0.6875,8.0,0.0,False,0.0,8.0,8.0,8.0,8.0,8.0,0.0,0.0,0.0,0.0,0.0
areal,0.0,6.0,8.0,1.0,0.6875,8.0,0.0,False,0.0,8.0,8.0,8.0,8.0,8.0,0.0,0.0,0.0,0.0,0.0
areal,0.0,7.0,8.0,1.0,0.6875,8.0,0.0,False,0.0,8.0,8.0,8.0,8.0,8.0,0.0,0.0,0.0,0.0,0.0
areal,0.0,8.0,8.0,1.0,0.6875,8.0,0.0,False,0.0,8.0,8.0,8.0,8.0,8.0,0.0,0.0,0.0,0.0,0.0
areal,0.0,9.0,2.0,0.25,0.6875,10.0,0.04381370544433594,True,0.02190685272216797,8.0,8.0,16.0,8.0,10.0,0.0,0.0,0.09010557783767581,0.0,0.04381370544433594
areal,0.0,10.0,7.0,0.875,0.6875,10.0,0.08053339831531048,True,0.04026669915765524,8.0,8.0,2.0,8.0,24.0,0.0,0.0,-0.4376410245895386,0.0,0.3030400716467391
areal,0.0,11.0,3.0,0.375,0.6875,10.0,0.014524189755320549,True,0.0072620948776602745,8.0,8.0,8.0,8.0,6.0,0.0,0.0,0.0,0.0,-0.03871142864227295
areal,0.0,12.0,8.0,1.0,0.6875,8.0,0.0,False,0.0,8.0,8.0,8.0,8.0,8.0,0.0,0.0,0.0,0.0,0.0
areal,0.0,13.0,8.0,1.0,0.6875,8.0,0.0,False,0.0,8.0,8.0,8.0,8.0,8.0,0.0,0.0,0.0,0.0,0.0
areal,0.0,14.0,3.0,0.375,0.6875,10.0,0.014524189755320549,True,0.0072620948776602745,8.0,8.0,8.0,8.0,6.0,0.0,0.0,0.0,0.0,-0.03871142864227295
areal,0.0,15.0,8.0,1.0,0.6875,8.0,0.0,False,0.0,8.0,8.0,8.0,8.0,8.0,0.0,0.0,0.0,0.0,0.0
areal,1.0,0.0,7.0,0.875,0.5,10.0,0.08053339831531048,True,0.04026669915765524,8.0,8.0,2.0,8.0,24.0,0.0,0.0,-0.4376410245895386,0.0,0.3030400716467391
areal,1.0,1.0,4.0,0.5,0.5,10.0,0.005859375,True,0.0029296875,8.0,8.0,8.0,8.0,6.0,0.0,0.0,0.0,0.0,-0.0234375
areal,1.0,2.0,6.0,0.75,0.5,10.0,0.04381370544433594,True,0.02190685272216797,8.0,8.0,4.0,8.0,10.0,0.0,0.0,-0.220184326171875,0.0,0.04381370544433594
areal,1.0,3.0,8.0,1.0,0.5,8.0,0.0,False,0.0,8.0,8.0,8.0,8.0,8.0,0.0,0.0,0.0,0.0,0.0
areal,1.0,4.0,8.0,1.0,0.5,8.0,0.0,False,0.0,8.0,8.0,8.0,8.0,8.0,0.0,0.0,0.0,0.0,0.0
areal,1.0,5.0,8.0,1.0,0.5,8.0,0.0,False,0.0,8.0,8.0,8.0,8.0,8.0,0.0,0.0,0.0,0.0,0.0
areal,1.0,6.0,8.0,1.0,0.5,8.0,0.0,False,0.0,8.0,8.0,8.0,8.0,8.0,0.0,0.0,0.0,0.0,0.0
areal,1.0,7.0,7.0,0.875,0.5,10.0,0.08053339831531048,True,0.04026669915765524,8.0,8.0,2.0,8.0,24.0,0.0,0.0,-0.4376410245895386,0.0,0.3030400716467391
areal,1.0,8.0,8.0,1.0,0.5,8.0,0.0,False,0.0,8.0,8.0,8.0,8.0,8.0,0.0,0.0,0.0,0.0,0.0
areal,1.0,9.0,4.0,0.5,0.5,10.0,0.005859375,True,0.0029296875,8.0,8.0,8.0,8.0,6.0,0.0,0.0,0.0,0.0,-0.0234375
areal,1.0,10.0,7.0,0.875,0.5,10.0,0.08053339831531048,True,0.04026669915765524,8.0,8.0,2.0,8.0,24.0,0.0,0.0,-0.4376410245895386,0.0,0.3030400716467391
areal,1.0,11.0,8.0,1.0,0.5,8.0,0.0,False,0.0,8.0,8.0,8.0,8.0,8.0,0.0,0.0,0.0,0.0,0.0
areal,1.0,12.0,8.0,1.0,0.5,8.0,0.0,False,0.0,8.0,8.0,8.0,8.0,8.0,0.0,0.0,0.0,0.0,0.0
areal,1.0,13.0,6.0,0.75,0.5,10.0,0.04381370544433594,True,0.02190685272216797,8.0,8.0,4.0,8.0,10.0,0.0,0.0,-0.220184326171875,0.0,0.04381370544433594
areal,1.0,14.0,8.0,1.0,0.5,8.0,0.0,False,0.0,8.0,8.0,8.0,8.0,8.0,0.0,0.0,0.0,0.0,0.0
areal,1.0,15.0,4.0,0.5,0.5,10.0,0.005859375,True,0.0029296875,8.0,8.0,8.0,8.0,6.0,0.0,0.0,0.0,0.0,-0.0234375
areal,2.0,0.0,7.0,0.875,0.6875,10.0,0.08053339831531048,True,0.04026669915765524,8.0,8.0,2.0,8.0,24.0,0.0,0.0,-0.4376410245895386,0.0,0.3030400716467391
areal,2.0,1.0,8.0,1.0,0.6875,8.0,0.0,False,0.0,8.0,8.0,8.0,8.0,8.0,0.0,0.0,0.0,0.0,0.0
areal,2.0,2.0,7.0,0.875,0.6875,10.0,0.08053339831531048,True,0.04026669915765524,8.0,8.0,2.0,8.0,24.0,0.0,0.0,-0.4376410245895386,0.0,0.3030400716467391
areal,2.0,3.0,8.0,1.0,0.6875,8.0,0.0,False,0.0,8.0,8.0,8.0,8.0,8.0,0.0,0.0,0.0,0.0,0.0
areal,2.0,4.0,4.0,0.5,0.6875,10.0,0.005859375,True,0.0029296875,8.0,8.0,8.0,8.0,6.0,0.0,0.0,0.0,0.0,-0.0234375
areal,2.0,5.0,8.0,1.0,0.6875,8.0,0.0,False,0.0,8.0,8.0,8.0,8.0,8.0,0.0,0.0,0.0,0.0,0.0
areal,2.0,6.0,0.0,0.0,0.6875,8.0,0.0,False,0.0,8.0,8.0,8.0,8.0,8.0,0.0,0.0,0.0,0.0,0.0
areal,2.0,7.0,8.0,1.0,0.6875,8.0,0.0,False,0.0,8.0,8.0,8.0,8.0,8.0,0.0,0.0,0.0,0.0,0.0
areal,2.0,8.0,8.0,1.0,0.6875,8.0,0.0,False,0.0,8.0,8.0,8.0,8.0,8.0,0.0,0.0,0.0,0.0,0.0
areal,2.0,9.0,0.0,0.0,0.6875,8.0,0.0,False,0.0,8.0,8.0,8.0,8.0,8.0,0.0,0.0,0.0,0.0,0.0
areal,2.0,10.0,7.0,0.875,0.6875,10.0,0.08053339831531048,True,0.04026669915765524,8.0,8.0,2.0,8.0,24.0,0.0,0.0,-0.4376410245895386,0.0,0.3030400716467391
areal,2.0,11.0,8.0,1.0,0.6875,8.0,0.0,False,0.0,8.0,8.0,8.0,8.0,8.0,0.0,0.0,0.0,0.0,0.0
areal,2.0,12.0,8.0,1.0,0.6875,8.0,0.0,False,0.0,8.0,8.0,8.0,8.0,8.0,0.0,0.0,0.0,0.0,0.0
areal,2.0,13.0,8.0,1.0,0.6875,8.0,0.0,False,0.0,8.0,8.0,8.0,8.0,8.0,0.0,0.0,0.0,0.0,0.0
areal,2.0,14.0,7.0,0.875,0.6875,10.0,0.08053339831531048,True,0.04026669915765524,8.0,8.0,2.0,8.0,24.0,0.0,0.0,-0.4376410245895386,0.0,0.3030400716467391
areal,2.0,15.0,8.0,1.0,0.6875,8.0,0.0,False,0.0,8.0,8.0,8.0,8.0,8.0,0.0,0.0,0.0,0.0,0.0
areal,3.0,0.0,5.0,0.625,0.6875,10.0,0.014524189755320549,True,0.0072620948776602745,8.0,8.0,4.0,8.0,6.0,0.0,0.0,-0.1486891508102417,0.0,-0.03871142864227295
areal,3.0,1.0,8.0,1.0,0.6875,8.0,0.0,False,0.0,8.0,8.0,8.0,8.0,8.0,0.0,0.0,0.0,0.0,0.0
areal,3.0,2.0,8.0,1.0,0.6875,8.0,0.0,False,0.0,8.0,8.0,8.0,8.0,8.0,0.0,0.0,0.0,0.0,0.0
areal,3.0,3.0,5.0,0.625,0.6875,10.0,0.014524189755320549,True,0.0072620948776602745,8.0,8.0,4.0,8.0,6.0,0.0,0.0,-0.1486891508102417,0.0,-0.03871142864227295
areal,3.0,4.0,0.0,0.0,0.6875,8.0,0.0,False,0.0,8.0,8.0,8.0,8.0,8.0,0.0,0.0,0.0,0.0,0.0
areal,3.0,5.0,8.0,1.0,0.6875,8.0,0.0,False,0.0,8.0,8.0,8.0,8.0,8.0,0.0,0.0,0.0,0.0,0.0
areal,3.0,6.0,6.0,0.75,0.6875,10.0,0.04381370544433594,True,0.02190685272216797,8.0,8.0,4.0,8.0,10.0,0.0,0.0,-0.220184326171875,0.0,0.04381370544433594
areal,3.0,7.0,8.0,1.0,0.6875,8.0,0.0,False,0.0,8.0,8.0,8.0,8.0,8.0,0.0,0.0,0.0,0.0,0.0
areal,3.0,8.0,0.0,0.0,0.6875,8.0,0.0,False,0.0,8.0,8.0,8.0,8.0,8.0,0.0,0.0,0.0,0.0,0.0
areal,3.0,9.0,8.0,1.0,0.6875,8.0,0.0,False,0.0,8.0,8.0,8.0,8.0,8.0,0.0,0.0,0.0,0.0,0.0
areal,3.0,10.0,8.0,1.0,0.6875,8.0,0.0,False,0.0,8.0,8.0,8.0,8.0,8.0,0.0,0.0,0.0,0.0,0.0
areal,3.0,11.0,8.0,1.0,0.6875,8.0,0.0,False,0.0,8.0,8.0,8.0,8.0,8.0,0.0,0.0,0.0,0.0,0.0
areal,3.0,12.0,8.0,1.0,0.6875,8.0,0.0,False,0.0,8.0,8.0,8.0,8.0,8.0,0.0,0.0,0.0,0.0,0.0
areal,3.0,13.0,6.0,0.75,0.6875,10.0,0.04381370544433594,True,0.02190685272216797,8.0,8.0,4.0,8.0,10.0,0.0,0.0,-0.220184326171875,0.0,0.04381370544433594
areal,3.0,14.0,1.0,0.125,0.6875,10.0,0.08053339831531048,True,0.04026669915765524,8.0,8.0,16.0,8.0,24.0,0.0,0.0,0.22554188838920908,0.0,0.3030400716467391
areal,3.0,15.0,8.0,1.0,0.6875,8.0,0.0,False,0.0,8.0,8.0,8.0,8.0,8.0,0.0,0.0,0.0,0.0,0.0
areal,4.0,0.0,7.0,0.875,0.5,10.0,0.08053339831531048,True,0.04026669915765524,8.0,8.0,2.0,8.0,24.0,0.0,0.0,-0.4376410245895386,0.0,0.3030400716467391
areal,4.0,1.0,7.0,0.875,0.5,10.0,0.08053339831531048,True,0.04026669915765524,8.0,8.0,2.0,8.0,24.0,0.0,0.0,-0.4376410245895386,0.0,0.3030400716467391
areal,4.0,2.0,1.0,0.125,0.5,10.0,0.08053339831531048,True,0.04026669915765524,8.0,8.0,16.0,8.0,24.0,0.0,0.0,0.22554188838920908,0.0,0.3030400716467391
areal,4.0,3.0,2.0,0.25,0.5,10.0,0.04381370544433594,True,0.02190685272216797,8.0,8.0,16.0,8.0,10.0,0.0,0.0,0.09010557783767581,0.0,0.04381370544433594
areal,4.0,4.0,8.0,1.0,0.5,8.0,0.0,False,0.0,8.0,8.0,8.0,8.0,8.0,0.0,0.0,0.0,0.0,0.0
areal,4.0,5.0,7.0,0.875,0.5,10.0,0.08053339831531048,True,0.04026669915765524,8.0,8.0,2.0,8.0,24.0,0.0,0.0,-0.4376410245895386,0.0,0.3030400716467391
areal,4.0,6.0,8.0,1.0,0.5,8.0,0.0,False,0.0,8.0,8.0,8.0,8.0,8.0,0.0,0.0,0.0,0.0,0.0
areal,4.0,7.0,7.0,0.875,0.5,10.0,0.08053339831531048,True,0.04026669915765524,8.0,8.0,2.0,8.0,24.0,0.0,0.0,-0.4376410245895386,0.0,0.3030400716467391
areal,4.0,8.0,8.0,1.0,0.5,8.0,0.0,False,0.0,8.0,8.0,8.0,8.0,8.0,0.0,0.0,0.0,0.0,0.0
areal,4.0,9.0,8.0,1.0,0.5,8.0,0.0,False,0.0,8.0,8.0,8.0,8.0,8.0,0.0,0.0,0.0,0.0,0.0
areal,4.0,10.0,8.0,1.0,0.5,8.0,0.0,False,0.0,8.0,8.0,8.0,8.0,8.0,0.0,0.0,0.0,0.0,0.0
areal,4.0,11.0,8.0,1.0,0.5,8.0,0.0,False,0.0,8.0,8.0,8.0,8.0,8.0,0.0,0.0,0.0,0.0,0.0
areal,4.0,12.0,8.0,1.0,0.5,8.0,0.0,False,0.0,8.0,8.0,8.0,8.0,8.0,0.0,0.0,0.0,0.0,0.0
areal,4.0,13.0,4.0,0.5,0.5,10.0,0.005859375,True,0.0029296875,8.0,8.0,8.0,8.0,6.0,0.0,0.0,0.0,0.0,-0.0234375
areal,4.0,14.0,8.0,1.0,0.5,8.0,0.0,False,0.0,8.0,8.0,8.0,8.0,8.0,0.0,0.0,0.0,0.0,0.0
areal,4.0,15.0,7.0,0.875,0.5,10.0,0.08053339831531048,True,0.04026669915765524,8.0,8.0,2.0,8.0,24.0,0.0,0.0,-0.4376410245895386,0.0,0.3030400716467391
areal,5.0,0.0,8.0,1.0,0.75,8.0,0.0,False,0.0,8.0,16.0,8.0,16.0,8.0,0.0,0.0,0.0,0.0,0.0
areal,5.0,1.0,0.0,0.0,0.75,8.0,0.0,False,0.0,8.0,16.0,8.0,16.0,8.0,0.0,0.0,0.0,0.0,0.0
areal,5.0,2.0,7.0,0.875,0.75,10.0,0.08053339831531048,True,0.04026669915765524,8.0,16.0,2.0,16.0,24.0,0.0,0.22554188838920908,-0.4376410245895386,0.22554188838920908,0.3030400716467391
areal,5.0,3.0,8.0,1.0,0.75,8.0,0.0,False,0.0,8.0,16.0,8.0,16.0,8.0,0.0,0.0,0.0,0.0,0.0
areal,5.0,4.0,8.0,1.0,0.75,8.0,0.0,False,0.0,8.0,16.0,8.0,16.0,8.0,0.0,0.0,0.0,0.0,0.0
areal,5.0,5.0,8.0,1.0,0.75,8.0,0.0,False,0.0,8.0,16.0,8.0,16.0,8.0,0.0,0.0,0.0,0.0,0.0
areal,5.0,6.0,0.0,0.0,0.75,8.0,0.0,False,0.0,8.0,16.0,8.0,16.0,8.0,0.0,0.0,0.0,0.0,0.0
areal,5.0,7.0,3.0,0.375,0.75,10.0,0.014524189755320549,True,0.0072620948776602745,8.0,16.0,8.0,16.0,6.0,0.0,0.023131876420841024,0.0,0.023131876420841024,-0.03871142864227295
areal,5.0,8.0,7.0,0.875,0.75,10.0,0.08053339831531048,True,0.04026669915765524,8.0,16.0,2.0,16.0,24.0,0.0,0.22554188838920908,-0.4376410245895386,0.22554188838920908,0.3030400716467391
areal,5.0,9.0,8.0,1.0,0.75,8.0,0.0,False,0.0,8.0,16.0,8.0,16.0,8.0,0.0,0.0,0.0,0.0,0.0
areal,5.0,10.0,3.0,0.375,0.75,10.0,0.014524189755320549,True,0.0072620948776602745,8.0,16.0,8.0,16.0,6.0,0.0,0.023131876420841024,0.0,0.023131876420841024,-0.03871142864227295
areal,5.0,11.0,0.0,0.0,0.75,8.0,0.0,False,0.0,8.0,16.0,8.0,16.0,8.0,0.0,0.0,0.0,0.0,0.0
areal,5.0,12.0,8.0,1.0,0.75,8.0,0.0,False,0.0,8.0,16.0,8.0,16.0,8.0,0.0,0.0,0.0,0.0,0.0
areal,5.0,13.0,8.0,1.0,0.75,8.0,0.0,False,0.0,8.0,16.0,8.0,16.0,8.0,0.0,0.0,0.0,0.0,0.0
areal,5.0,14.0,8.0,1.0,0.75,8.0,0.0,False,0.0,8.0,16.0,8.0,16.0,8.0,0.0,0.0,0.0,0.0,0.0
areal,5.0,15.0,0.0,0.0,0.75,8.0,0.0,False,0.0,8.0,16.0,8.0,16.0,8.0,0.0,0.0,0.0,0.0,0.0
areal,6.0,0.0,8.0,1.0,0.6875,8.0,0.0,False,0.0,8.0,8.0,8.0,8.0,8.0,0.0,0.0,0.0,0.0,0.0
areal,6.0,1.0,7.0,0.875,0.6875,10.0,0.08053339831531048,True,0.04026669915765524,8.0,8.0,2.0,8.0,24.0,0.0,0.0,-0.4376410245895386,0.0,0.3030400716467391
areal,6.0,2.0,8.0,1.0,0.6875,8.0,0.0,False,0.0,8.0,8.0,8.0,8.0,8.0,0.0,0.0,0.0,0.0,0.0
areal,6.0,3.0,1.0,0.125,0.6875,10.0,0.08053339831531048,True,0.04026669915765524,8.0,8.0,16.0,8.0,24.0,0.0,0.0,0.22554188838920908,0.0,0.3030400716467391
areal,6.0,4.0,5.0,0.625,0.6875,10.0,0.014524189755320549,True,0.0072620948776602745,8.0,8.0,4.0,8.0,6.0,0.0,0.0,-0.1486891508102417,0.0,-0.03871142864227295
areal,6.0,5.0,8.0,1.0,0.6875,8.0,0.0,False,0.0,8.0,8.0,8.0,8.0,8.0,0.0,0.0,0.0,0.0,0.0
areal,6.0,6.0,8.0,1.0,0.6875,8.0,0.0,False,0.0,8.0,8.0,8.0,8.0,8.0,0.0,0.0,0.0,0.0,0.0
areal,6.0,7.0,8.0,1.0,0.6875,8.0,0.0,False,0.0,8.0,8.0,8.0,8.0,8.0,0.0,0.0,0.0,0.0,0.0
areal,6.0,8.0,8.0,1.0,0.6875,8.0,0.0,False,0.0,8.0,8.0,8.0,8.0,8.0,0.0,0.0,0.0,0.0,0.0
areal,6.0,9.0,8.0,1.0,0.6875,8.0,0.0,False,0.0,8.0,8.0,8.0,8.0,8.0,0.0,0.0,0.0,0.0,0.0
areal,6.0,10.0,7.0,0.875,0.6875,10.0,0.08053339831531048,True,0.04026669915765524,8.0,8.0,2.0,8.0,24.0,0.0,0.0,-0.4376410245895386,0.0,0.3030400716467391
areal,6.0,11.0,8.0,1.0,0.6875,8.0,0.0,False,0.0,8.0,8.0,8.0,8.0,8.0,0.0,0.0,0.0,0.0,0.0
areal,6.0,12.0,8.0,1.0,0.6875,8.0,0.0,False,0.0,8.0,8.0,8.0,8.0,8.0,0.0,0.0,0.0,0.0,0.0
areal,6.0,13.0,0.0,0.0,0.6875,8.0,0.0,False,0.0,8.0,8.0,8.0,8.0,8.0,0.0,0.0,0.0,0.0,0.0
areal,6.0,14.0,5.0,0.625,0.6875,10.0,0.014524189755320549,True,0.0072620948776602745,8.0,8.0,4.0,8.0,6.0,0.0,0.0,-0.1486891508102417,0.0,-0.03871142864227295
areal,6.0,15.0,8.0,1.0,0.6875,8.0,0.0,False,0.0,8.0,8.0,8.0,8.0,8.0,0.0,0.0,0.0,0.0,0.0
areal,7.0,0.0,8.0,1.0,0.875,8.0,0.0,False,0.0,8.0,16.0,8.0,16.0,8.0,0.0,0.0,0.0,0.0,0.0
areal,7.0,1.0,8.0,1.0,0.875,8.0,0.0,False,0.0,8.0,16.0,8.0,16.0,8.0,0.0,0.0,0.0,0.0,0.0
areal,7.0,2.0,0.0,0.0,0.875,8.0,0.0,False,0.0,8.0,16.0,8.0,16.0,8.0,0.0,0.0,0.0,0.0,0.0
areal,7.0,3.0,8.0,1.0,0.875,8.0,0.0,False,0.0,8.0,16.0,8.0,16.0,8.0,0.0,0.0,0.0,0.0,0.0
areal,7.0,4.0,0.0,0.0,0.875,8.0,0.0,False,0.0,8.0,16.0,8.0,16.0,8.0,0.0,0.0,0.0,0.0,0.0
areal,7.0,5.0,8.0,1.0,0.875,8.0,0.0,False,0.0,8.0,16.0,8.0,16.0,8.0,0.0,0.0,0.0,0.0,0.0
areal,7.0,6.0,8.0,1.0,0.875,8.0,0.0,False,0.0,8.0,16.0,8.0,16.0,8.0,0.0,0.0,0.0,0.0,0.0
areal,7.0,7.0,8.0,1.0,0.875,8.0,0.0,False,0.0,8.0,16.0,8.0,16.0,8.0,0.0,0.0,0.0,0.0,0.0
areal,7.0,8.0,1.0,0.125,0.875,10.0,0.08053339831531048,True,0.04026669915765524,8.0,16.0,16.0,16.0,24.0,0.0,0.22554188838920908,0.22554188838920908,0.22554188838920908,0.3030400716467391
areal,7.0,9.0,8.0,1.0,0.875,8.0,0.0,False,0.0,8.0,16.0,8.0,16.0,8.0,0.0,0.0,0.0,0.0,0.0
areal,7.0,10.0,8.0,1.0,0.875,8.0,0.0,False,0.0,8.0,16.0,8.0,16.0,8.0,0.0,0.0,0.0,0.0,0.0
areal,7.0,11.0,8.0,1.0,0.875,8.0,0.0,False,0.0,8.0,16.0,8.0,16.0,8.0,0.0,0.0,0.0,0.0,0.0
areal,7.0,12.0,8.0,1.0,0.875,8.0,0.0,False,0.0,8.0,16.0,8.0,16.0,8.0,0.0,0.0,0.0,0.0,0.0
areal,7.0,13.0,7.0,0.875,0.875,10.0,0.08053339831531048,True,0.04026669915765524,8.0,16.0,2.0,16.0,24.0,0.0,0.22554188838920908,-0.4376410245895386,0.22554188838920908,0.3030400716467391
areal,7.0,14.0,8.0,1.0,0.875,8.0,0.0,False,0.0,8.0,16.0,8.0,16.0,8.0,0.0,0.0,0.0,0.0,0.0
areal,7.0,15.0,0.0,0.0,0.875,8.0,0.0,False,0.0,8.0,16.0,8.0,16.0,8.0,0.0,0.0,0.0,0.0,0.0
areal,8.0,0.0,8.0,1.0,0.625,8.0,0.0,False,0.0,8.0,8.0,8.0,8.0,8.0,0.0,0.0,0.0,0.0,0.0
areal,8.0,1.0,8.0,1.0,0.625,8.0,0.0,False,0.0,8.0,8.0,8.0,8.0,8.0,0.0,0.0,0.0,0.0,0.0
areal,8.0,2.0,8.0,1.0,0.625,8.0,0.0,False,0.0,8.0,8.0,8.0,8.0,8.0,0.0,0.0,0.0,0.0,0.0
areal,8.0,3.0,3.0,0.375,0.625,10.0,0.014524189755320549,True,0.0072620948776602745,8.0,8.0,8.0,8.0,6.0,0.0,0.0,0.0,0.0,-0.03871142864227295
areal,8.0,4.0,8.0,1.0,0.625,8.0,0.0,False,0.0,8.0,8.0,8.0,8.0,8.0,0.0,0.0,0.0,0.0,0.0
areal,8.0,5.0,7.0,0.875,0.625,10.0,0.08053339831531048,True,0.04026669915765524,8.0,8.0,2.0,8.0,24.0,0.0,0.0,-0.4376410245895386,0.0,0.3030400716467391
areal,8.0,6.0,8.0,1.0,0.625,8.0,0.0,False,0.0,8.0,8.0,8.0,8.0,8.0,0.0,0.0,0.0,0.0,0.0
areal,8.0,7.0,3.0,0.375,0.625,10.0,0.014524189755320549,True,0.0072620948776602745,8.0,8.0,8.0,8.0,6.0,0.0,0.0,0.0,0.0,-0.03871142864227295
areal,8.0,8.0,8.0,1.0,0.625,8.0,0.0,False,0.0,8.0,8.0,8.0,8.0,8.0,0.0,0.0,0.0,0.0,0.0
areal,8.0,9.0,1.0,0.125,0.625,10.0,0.08053339831531048,True,0.04026669915765524,8.0,8.0,16.0,8.0,24.0,0.0,0.0,0.22554188838920908,0.0,0.3030400716467391
areal,8.0,10.0,8.0,1.0,0.625,8.0,0.0,False,0.0,8.0,8.0,8.0,8.0,8.0,0.0,0.0,0.0,0.0,0.0
areal,8.0,11.0,8.0,1.0,0.625,8.0,0.0,False,0.0,8.0,8.0,8.0,8.0,8.0,0.0,0.0,0.0,0.0,0.0
areal,8.0,12.0,0.0,0.0,0.625,8.0,0.0,False,0.0,8.0,8.0,8.0,8.0,8.0,0.0,0.0,0.0,0.0,0.0
areal,8.0,13.0,4.0,0.5,0.625,10.0,0.005859375,True,0.0029296875,8.0,8.0,8.0,8.0,6.0,0.0,0.0,0.0,0.0,-0.0234375
areal,8.0,14.0,6.0,0.75,0.625,10.0,0.04381370544433594,True,0.02190685272216797,8.0,8.0,4.0,8.0,10.0,0.0,0.0,-0.220184326171875,0.0,0.04381370544433594
areal,8.0,15.0,8.0,1.0,0.625,8.0,0.0,False,0.0,8.0,8.0,8.0,8.0,8.0,0.0,0.0,0.0,0.0,0.0
areal,9.0,0.0,8.0,1.0,0.6875,8.0,0.0,False,0.0,8.0,8.0,8.0,8.0,8.0,0.0,0.0,0.0,0.0,0.0
areal,9.0,1.0,8.0,1.0,0.6875,8.0,0.0,False,0.0,8.0,8.0,8.0,8.0,8.0,0.0,0.0,0.0,0.0,0.0
areal,9.0,2.0,8.0,1.0,0.6875,8.0,0.0,False,0.0,8.0,8.0,8.0,8.0,8.0,0.0,0.0,0.0,0.0,0.0
areal,9.0,3.0,5.0,0.625,0.6875,10.0,0.014524189755320549,True,0.0072620948776602745,8.0,8.0,4.0,8.0,6.0,0.0,0.0,-0.1486891508102417,0.0,-0.03871142864227295
areal,9.0,4.0,8.0,1.0,0.6875,8.0,0.0,False,0.0,8.0,8.0,8.0,8.0,8.0,0.0,0.0,0.0,0.0,0.0
areal,9.0,5.0,7.0,0.875,0.6875,10.0,0.08053339831531048,True,0.04026669915765524,8.0,8.0,2.0,8.0,24.0,0.0,0.0,-0.4376410245895386,0.0,0.3030400716467391
areal,9.0,6.0,8.0,1.0,0.6875,8.0,0.0,False,0.0,8.0,8.0,8.0,8.0,8.0,0.0,0.0,0.0,0.0,0.0
areal,9.0,7.0,8.0,1.0,0.6875,8.0,0.0,False,0.0,8.0,8.0,8.0,8.0,8.0,0.0,0.0,0.0,0.0,0.0
areal,9.0,8.0,2.0,0.25,0.6875,10.0,0.04381370544433594,True,0.02190685272216797,8.0,8.0,16.0,8.0,10.0,0.0,0.0,0.09010557783767581,0.0,0.04381370544433594
areal,9.0,9.0,8.0,1.0,0.6875,8.0,0.0,False,0.0,8.0,8.0,8.0,8.0,8.0,0.0,0.0,0.0,0.0,0.0
areal,9.0,10.0,8.0,1.0,0.6875,8.0,0.0,False,0.0,8.0,8.0,8.0,8.0,8.0,0.0,0.0,0.0,0.0,0.0
areal,9.0,11.0,3.0,0.375,0.6875,10.0,0.014524189755320549,True,0.0072620948776602745,8.0,8.0,8.0,8.0,6.0,0.0,0.0,0.0,0.0,-0.03871142864227295
areal,9.0,12.0,8.0,1.0,0.6875,8.0,0.0,False,0.0,8.0,8.0,8.0,8.0,8.0,0.0,0.0,0.0,0.0,0.0
areal,9.0,13.0,8.0,1.0,0.6875,8.0,0.0,False,0.0,8.0,8.0,8.0,8.0,8.0,0.0,0.0,0.0,0.0,0.0
areal,9.0,14.0,5.0,0.625,0.6875,10.0,0.014524189755320549,True,0.0072620948776602745,8.0,8.0,4.0,8.0,6.0,0.0,0.0,-0.1486891508102417,0.0,-0.03871142864227295
areal,9.0,15.0,8.0,1.0,0.6875,8.0,0.0,False,0.0,8.0,8.0,8.0,8.0,8.0,0.0,0.0,0.0,0.0,0.0
areal,10.0,0.0,8.0,1.0,0.6875,8.0,0.0,False,0.0,8.0,8.0,8.0,8.0,8.0,0.0,0.0,0.0,0.0,0.0
areal,10.0,1.0,8.0,1.0,0.6875,8.0,0.0,False,0.0,8.0,8.0,8.0,8.0,8.0,0.0,0.0,0.0,0.0,0.0
areal,10.0,2.0,8.0,1.0,0.6875,8.0,0.0,False,0.0,8.0,8.0,8.0,8.0,8.0,0.0,0.0,0.0,0.0,0.0
areal,10.0,3.0,8.0,1.0,0.6875,8.0,0.0,False,0.0,8.0,8.0,8.0,8.0,8.0,0.0,0.0,0.0,0.0,0.0
areal,10.0,4.0,7.0,0.875,0.6875,10.0,0.08053339831531048,True,0.04026669915765524,8.0,8.0,2.0,8.0,24.0,0.0,0.0,-0.4376410245895386,0.0,0.3030400716467391
areal,10.0,5.0,8.0,1.0,0.6875,8.0,0.0,False,0.0,8.0,8.0,8.0,8.0,8.0,0.0,0.0,0.0,0.0,0.0
areal,10.0,6.0,7.0,0.875,0.6875,10.0,0.08053339831531048,True,0.04026669915765524,8.0,8.0,2.0,8.0,24.0,0.0,0.0,-0.4376410245895386,0.0,0.3030400716467391
areal,10.0,7.0,3.0,0.375,0.6875,10.0,0.014524189755320549,True,0.0072620948776602745,8.0,8.0,8.0,8.0,6.0,0.0,0.0,0.0,0.0,-0.03871142864227295
areal,10.0,8.0,8.0,1.0,0.6875,8.0,0.0,False,0.0,8.0,8.0,8.0,8.0,8.0,0.0,0.0,0.0,0.0,0.0
areal,10.0,9.0,1.0,0.125,0.6875,10.0,0.08053339831531048,True,0.04026669915765524,8.0,8.0,16.0,8.0,24.0,0.0,0.0,0.22554188838920908,0.0,0.3030400716467391
areal,10.0,10.0,8.0,1.0,0.6875,8.0,0.0,False,0.0,8.0,8.0,8.0,8.0,8.0,0.0,0.0,0.0,0.0,0.0
areal,10.0,11.0,8.0,1.0,0.6875,8.0,0.0,False,0.0,8.0,8.0,8.0,8.0,8.0,0.0,0.0,0.0,0.0,0.0
areal,10.0,12.0,8.0,1.0,0.6875,8.0,0.0,False,0.0,8.0,8.0,8.0,8.0,8.0,0.0,0.0,0.0,0.0,0.0
areal,10.0,13.0,8.0,1.0,0.6875,8.0,0.0,False,0.0,8.0,8.0,8.0,8.0,8.0,0.0,0.0,0.0,0.0,0.0
areal,10.0,14.0,7.0,0.875,0.6875,10.0,0.08053339831531048,True,0.04026669915765524,8.0,8.0,2.0,8.0,24.0,0.0,0.0,-0.4376410245895386,0.0,0.3030400716467391
areal,10.0,15.0,8.0,1.0,0.6875,8.0,0.0,False,0.0,8.0,8.0,8.0,8.0,8.0,0.0,0.0,0.0,0.0,0.0
areal,11.0,0.0,8.0,1.0,0.5,8.0,0.0,False,0.0,8.0,8.0,8.0,8.0,8.0,0.0,0.0,0.0,0.0,0.0
areal,11.0,1.0,1.0,0.125,0.5,10.0,0.08053339831531048,True,0.04026669915765524,8.0,8.0,16.0,8.0,24.0,0.0,0.0,0.22554188838920908,0.0,0.3030400716467391
areal,11.0,2.0,8.0,1.0,0.5,8.0,0.0,False,0.0,8.0,8.0,8.0,8.0,8.0,0.0,0.0,0.0,0.0,0.0
areal,11.0,3.0,7.0,0.875,0.5,10.0,0.08053339831531048,True,0.04026669915765524,8.0,8.0,2.0,8.0,24.0,0.0,0.0,-0.4376410245895386,0.0,0.3030400716467391
areal,11.0,4.0,8.0,1.0,0.5,8.0,0.0,False,0.0,8.0,8.0,8.0,8.0,8.0,0.0,0.0,0.0,0.0,0.0
areal,11.0,5.0,6.0,0.75,0.5,10.0,0.04381370544433594,True,0.02190685272216797,8.0,8.0,4.0,8.0,10.0,0.0,0.0,-0.220184326171875,0.0,0.04381370544433594
areal,11.0,6.0,8.0,1.0,0.5,8.0,0.0,False,0.0,8.0,8.0,8.0,8.0,8.0,0.0,0.0,0.0,0.0,0.0
areal,11.0,7.0,3.0,0.375,0.5,10.0,0.014524189755320549,True,0.0072620948776602745,8.0,8.0,8.0,8.0,6.0,0.0,0.0,0.0,0.0,-0.03871142864227295
areal,11.0,8.0,8.0,1.0,0.5,8.0,0.0,False,0.0,8.0,8.0,8.0,8.0,8.0,0.0,0.0,0.0,0.0,0.0
areal,11.0,9.0,7.0,0.875,0.5,10.0,0.08053339831531048,True,0.04026669915765524,8.0,8.0,2.0,8.0,24.0,0.0,0.0,-0.4376410245895386,0.0,0.3030400716467391
areal,11.0,10.0,7.0,0.875,0.5,10.0,0.08053339831531048,True,0.04026669915765524,8.0,8.0,2.0,8.0,24.0,0.0,0.0,-0.4376410245895386,0.0,0.3030400716467391
areal,11.0,11.0,8.0,1.0,0.5,8.0,0.0,False,0.0,8.0,8.0,8.0,8.0,8.0,0.0,0.0,0.0,0.0,0.0
areal,11.0,12.0,2.0,0.25,0.5,10.0,0.04381370544433594,True,0.02190685272216797,8.0,8.0,16.0,8.0,10.0,0.0,0.0,0.09010557783767581,0.0,0.04381370544433594
areal,11.0,13.0,0.0,0.0,0.5,8.0,0.0,False,0.0,8.0,8.0,8.0,8.0,8.0,0.0,0.0,0.0,0.0,0.0
areal,11.0,14.0,5.0,0.625,0.5,10.0,0.014524189755320549,True,0.0072620948776602745,8.0,8.0,4.0,8.0,6.0,0.0,0.0,-0.1486891508102417,0.0,-0.03871142864227295
areal,11.0,15.0,8.0,1.0,0.5,8.0,0.0,False,0.0,8.0,8.0,8.0,8.0,8.0,0.0,0.0,0.0,0.0,0.0
areal,12.0,0.0,8.0,1.0,0.8125,8.0,0.0,False,0.0,8.0,16.0,8.0,16.0,8.0,0.0,0.0,0.0,0.0,0.0
areal,12.0,1.0,8.0,1.0,0.8125,8.0,0.0,False,0.0,8.0,16.0,8.0,16.0,8.0,0.0,0.0,0.0,0.0,0.0
areal,12.0,2.0,5.0,0.625,0.8125,10.0,0.014524189755320549,True,0.0072620948776602745,8.0,16.0,4.0,16.0,6.0,0.0,0.023131876420841024,-0.1486891508102417,0.023131876420841024,-0.03871142864227295
areal,12.0,3.0,8.0,1.0,0.8125,8.0,0.0,False,0.0,8.0,16.0,8.0,16.0,8.0,0.0,0.0,0.0,0.0,0.0
areal,12.0,4.0,8.0,1.0,0.8125,8.0,0.0,False,0.0,8.0,16.0,8.0,16.0,8.0,0.0,0.0,0.0,0.0,0.0
areal,12.0,5.0,8.0,1.0,0.8125,8.0,0.0,False,0.0,8.0,16.0,8.0,16.0,8.0,0.0,0.0,0.0,0.0,0.0
areal,12.0,6.0,8.0,1.0,0.8125,8.0,0.0,False,0.0,8.0,16.0,8.0,16.0,8.0,0.0,0.0,0.0,0.0,0.0
areal,12.0,7.0,8.0,1.0,0.8125,8.0,0.0,False,0.0,8.0,16.0,8.0,16.0,8.0,0.0,0.0,0.0,0.0,0.0
areal,12.0,8.0,8.0,1.0,0.8125,8.0,0.0,False,0.0,8.0,16.0,8.0,16.0,8.0,0.0,0.0,0.0,0.0,0.0
areal,12.0,9.0,8.0,1.0,0.8125,8.0,0.0,False,0.0,8.0,16.0,8.0,16.0,8.0,0.0,0.0,0.0,0.0,0.0
areal,12.0,10.0,5.0,0.625,0.8125,10.0,0.014524189755320549,True,0.0072620948776602745,8.0,16.0,4.0,16.0,6.0,0.0,0.023131876420841024,-0.1486891508102417,0.023131876420841024,-0.03871142864227295
areal,12.0,11.0,3.0,0.375,0.8125,10.0,0.014524189755320549,True,0.0072620948776602745,8.0,16.0,8.0,16.0,6.0,0.0,0.023131876420841024,0.0,0.023131876420841024,-0.03871142864227295
areal,12.0,12.0,8.0,1.0,0.8125,8.0,0.0,False,0.0,8.0,16.0,8.0,16.0,8.0,0.0,0.0,0.0,0.0,0.0
areal,12.0,13.0,8.0,1.0,0.8125,8.0,0.0,False,0.0,8.0,16.0,8.0,16.0,8.0,0.0,0.0,0.0,0.0,0.0
areal,12.0,14.0,8.0,1.0,0.8125,8.0,0.0,False,0.0,8.0,16.0,8.0,16.0,8.0,0.0,0.0,0.0,0.0,0.0
areal,12.0,15.0,8.0,1.0,0.8125,8.0,0.0,False,0.0,8.0,16.0,8.0,16.0,8.0,0.0,0.0,0.0,0.0,0.0
areal,13.0,0.0,8.0,1.0,0.5625,8.0,0.0,False,0.0,8.0,8.0,8.0,8.0,8.0,0.0,0.0,0.0,0.0,0.0
areal,13.0,1.0,8.0,1.0,0.5625,8.0,0.0,False,0.0,8.0,8.0,8.0,8.0,8.0,0.0,0.0,0.0,0.0,0.0
areal,13.0,2.0,8.0,1.0,0.5625,8.0,0.0,False,0.0,8.0,8.0,8.0,8.0,8.0,0.0,0.0,0.0,0.0,0.0
areal,13.0,3.0,8.0,1.0,0.5625,8.0,0.0,False,0.0,8.0,8.0,8.0,8.0,8.0,0.0,0.0,0.0,0.0,0.0
areal,13.0,4.0,3.0,0.375,0.5625,10.0,0.014524189755320549,True,0.0072620948776602745,8.0,8.0,8.0,8.0,6.0,0.0,0.0,0.0,0.0,-0.03871142864227295
areal,13.0,5.0,6.0,0.75,0.5625,10.0,0.04381370544433594,True,0.02190685272216797,8.0,8.0,4.0,8.0,10.0,0.0,0.0,-0.220184326171875,0.0,0.04381370544433594
areal,13.0,6.0,8.0,1.0,0.5625,8.0,0.0,False,0.0,8.0,8.0,8.0,8.0,8.0,0.0,0.0,0.0,0.0,0.0
areal,13.0,7.0,8.0,1.0,0.5625,8.0,0.0,False,0.0,8.0,8.0,8.0,8.0,8.0,0.0,0.0,0.0,0.0,0.0
areal,13.0,8.0,2.0,0.25,0.5625,10.0,0.04381370544433594,True,0.02190685272216797,8.0,8.0,16.0,8.0,10.0,0.0,0.0,0.09010557783767581,0.0,0.04381370544433594
areal,13.0,9.0,8.0,1.0,0.5625,8.0,0.0,False,0.0,8.0,8.0,8.0,8.0,8.0,0.0,0.0,0.0,0.0,0.0
areal,13.0,10.0,5.0,0.625,0.5625,10.0,0.014524189755320549,True,0.0072620948776602745,8.0,8.0,4.0,8.0,6.0,0.0,0.0,-0.1486891508102417,0.0,-0.03871142864227295
areal,13.0,11.0,5.0,0.625,0.5625,10.0,0.014524189755320549,True,0.0072620948776602745,8.0,8.0,4.0,8.0,6.0,0.0,0.0,-0.1486891508102417,0.0,-0.03871142864227295
areal,13.0,12.0,5.0,0.625,0.5625,10.0,0.014524189755320549,True,0.0072620948776602745,8.0,8.0,4.0,8.0,6.0,0.0,0.0,-0.1486891508102417,0.0,-0.03871142864227295
areal,13.0,13.0,2.0,0.25,0.5625,10.0,0.04381370544433594,True,0.02190685272216797,8.0,8.0,16.0,8.0,10.0,0.0,0.0,0.09010557783767581,0.0,0.04381370544433594
areal,13.0,14.0,0.0,0.0,0.5625,8.0,0.0,False,0.0,8.0,8.0,8.0,8.0,8.0,0.0,0.0,0.0,0.0,0.0
areal,13.0,15.0,8.0,1.0,0.5625,8.0,0.0,False,0.0,8.0,8.0,8.0,8.0,8.0,0.0,0.0,0.0,0.0,0.0
areal,14.0,0.0,7.0,0.875,0.6875,10.0,0.08053339831531048,True,0.04026669915765524,8.0,8.0,2.0,8.0,24.0,0.0,0.0,-0.4376410245895386,0.0,0.3030400716467391
areal,14.0,1.0,8.0,1.0,0.6875,8.0,0.0,False,0.0,8.0,8.0,8.0,8.0,8.0,0.0,0.0,0.0,0.0,0.0
areal,14.0,2.0,8.0,1.0,0.6875,8.0,0.0,False,0.0,8.0,8.0,8.0,8.0,8.0,0.0,0.0,0.0,0.0,0.0
areal,14.0,3.0,8.0,1.0,0.6875,8.0,0.0,False,0.0,8.0,8.0,8.0,8.0,8.0,0.0,0.0,0.0,0.0,0.0
areal,14.0,4.0,8.0,1.0,0.6875,8.0,0.0,False,0.0,8.0,8.0,8.0,8.0,8.0,0.0,0.0,0.0,0.0,0.0
areal,14.0,5.0,8.0,1.0,0.6875,8.0,0.0,False,0.0,8.0,8.0,8.0,8.0,8.0,0.0,0.0,0.0,0.0,0.0
areal,14.0,6.0,8.0,1.0,0.6875,8.0,0.0,False,0.0,8.0,8.0,8.0,8.0,8.0,0.0,0.0,0.0,0.0,0.0
areal,14.0,7.0,8.0,1.0,0.6875,8.0,0.0,False,0.0,8.0,8.0,8.0,8.0,8.0,0.0,0.0,0.0,0.0,0.0
areal,14.0,8.0,8.0,1.0,0.6875,8.0,0.0,False,0.0,8.0,8.0,8.0,8.0,8.0,0.0,0.0,0.0,0.0,0.0
areal,14.0,9.0,4.0,0.5,0.6875,10.0,0.005859375,True,0.0029296875,8.0,8.0,8.0,8.0,6.0,0.0,0.0,0.0,0.0,-0.0234375
areal,14.0,10.0,8.0,1.0,0.6875,8.0,0.0,False,0.0,8.0,8.0,8.0,8.0,8.0,0.0,0.0,0.0,0.0,0.0
areal,14.0,11.0,6.0,0.75,0.6875,10.0,0.04381370544433594,True,0.02190685272216797,8.0,8.0,4.0,8.0,10.0,0.0,0.0,-0.220184326171875,0.0,0.04381370544433594
areal,14.0,12.0,8.0,1.0,0.6875,8.0,0.0,False,0.0,8.0,8.0,8.0,8.0,8.0,0.0,0.0,0.0,0.0,0.0
areal,14.0,13.0,7.0,0.875,0.6875,10.0,0.08053339831531048,True,0.04026669915765524,8.0,8.0,2.0,8.0,24.0,0.0,0.0,-0.4376410245895386,0.0,0.3030400716467391
areal,14.0,14.0,2.0,0.25,0.6875,10.0,0.04381370544433594,True,0.02190685272216797,8.0,8.0,16.0,8.0,10.0,0.0,0.0,0.09010557783767581,0.0,0.04381370544433594
areal,14.0,15.0,8.0,1.0,0.6875,8.0,0.0,False,0.0,8.0,8.0,8.0,8.0,8.0,0.0,0.0,0.0,0.0,0.0
areal,15.0,0.0,8.0,1.0,0.6875,8.0,0.0,False,0.0,8.0,8.0,8.0,8.0,8.0,0.0,0.0,0.0,0.0,0.0
areal,15.0,1.0,1.0,0.125,0.6875,10.0,0.08053339831531048,True,0.04026669915765524,8.0,8.0,16.0,8.0,24.0,0.0,0.0,0.22554188838920908,0.0,0.3030400716467391
areal,15.0,2.0,8.0,1.0,0.6875,8.0,0.0,False,0.0,8.0,8.0,8.0,8.0,8.0,0.0,0.0,0.0,0.0,0.0
areal,15.0,3.0,8.0,1.0,0.6875,8.0,0.0,False,0.0,8.0,8.0,8.0,8.0,8.0,0.0,0.0,0.0,0.0,0.0
areal,15.0,4.0,0.0,0.0,0.6875,8.0,0.0,False,0.0,8.0,8.0,8.0,8.0,8.0,0.0,0.0,0.0,0.0,0.0
areal,15.0,5.0,8.0,1.0,0.6875,8.0,0.0,False,0.0,8.0,8.0,8.0,8.0,8.0,0.0,0.0,0.0,0.0,0.0
areal,15.0,6.0,5.0,0.625,0.6875,10.0,0.014524189755320549,True,0.0072620948776602745,8.0,8.0,4.0,8.0,6.0,0.0,0.0,-0.1486891508102417,0.0,-0.03871142864227295
areal,15.0,7.0,7.0,0.875,0.6875,10.0,0.08053339831531048,True,0.04026669915765524,8.0,8.0,2.0,8.0,24.0,0.0,0.0,-0.4376410245895386,0.0,0.3030400716467391
areal,15.0,8.0,8.0,1.0,0.6875,8.0,0.0,False,0.0,8.0,8.0,8.0,8.0,8.0,0.0,0.0,0.0,0.0,0.0
areal,15.0,9.0,8.0,1.0,0.6875,8.0,0.0,False,0.0,8.0,8.0,8.0,8.0,8.0,0.0,0.0,0.0,0.0,0.0
areal,15.0,10.0,7.0,0.875,0.6875,10.0,0.08053339831531048,True,0.04026669915765524,8.0,8.0,2.0,8.0,24.0,0.0,0.0,-0.4376410245895386,0.0,0.3030400716467391
areal,15.0,11.0,7.0,0.875,0.6875,10.0,0.08053339831531048,True,0.04026669915765524,8.0,8.0,2.0,8.0,24.0,0.0,0.0,-0.4376410245895386,0.0,0.3030400716467391
areal,15.0,12.0,8.0,1.0,0.6875,8.0,0.0,False,0.0,8.0,8.0,8.0,8.0,8.0,0.0,0.0,0.0,0.0,0.0
areal,15.0,13.0,8.0,1.0,0.6875,8.0,0.0,False,0.0,8.0,8.0,8.0,8.0,8.0,0.0,0.0,0.0,0.0,0.0
areal,15.0,14.0,8.0,1.0,0.6875,8.0,0.0,False,0.0,8.0,8.0,8.0,8.0,8.0,0.0,0.0,0.0,0.0,0.0
areal,15.0,15.0,8.0,1.0,0.6875,8.0,0.0,False,0.0,8.0,8.0,8.0,8.0,8.0,0.0,0.0,0.0,0.0,0.0
areal,16.0,0.0,8.0,1.0,0.625,8.0,0.0,False,0.0,8.0,8.0,8.0,8.0,8.0,0.0,0.0,0.0,0.0,0.0
areal,16.0,1.0,8.0,1.0,0.625,8.0,0.0,False,0.0,8.0,8.0,8.0,8.0,8.0,0.0,0.0,0.0,0.0,0.0
areal,16.0,2.0,0.0,0.0,0.625,8.0,0.0,False,0.0,8.0,8.0,8.0,8.0,8.0,0.0,0.0,0.0,0.0,0.0
areal,16.0,3.0,0.0,0.0,0.625,8.0,0.0,False,0.0,8.0,8.0,8.0,8.0,8.0,0.0,0.0,0.0,0.0,0.0
areal,16.0,4.0,8.0,1.0,0.625,8.0,0.0,False,0.0,8.0,8.0,8.0,8.0,8.0,0.0,0.0,0.0,0.0,0.0
areal,16.0,5.0,8.0,1.0,0.625,8.0,0.0,False,0.0,8.0,8.0,8.0,8.0,8.0,0.0,0.0,0.0,0.0,0.0
areal,16.0,6.0,8.0,1.0,0.625,8.0,0.0,False,0.0,8.0,8.0,8.0,8.0,8.0,0.0,0.0,0.0,0.0,0.0
areal,16.0,7.0,7.0,0.875,0.625,10.0,0.08053339831531048,True,0.04026669915765524,8.0,8.0,2.0,8.0,24.0,0.0,0.0,-0.4376410245895386,0.0,0.3030400716467391
areal,16.0,8.0,2.0,0.25,0.625,10.0,0.04381370544433594,True,0.02190685272216797,8.0,8.0,16.0,8.0,10.0,0.0,0.0,0.09010557783767581,0.0,0.04381370544433594
areal,16.0,9.0,6.0,0.75,0.625,10.0,0.04381370544433594,True,0.02190685272216797,8.0,8.0,4.0,8.0,10.0,0.0,0.0,-0.220184326171875,0.0,0.04381370544433594
areal,16.0,10.0,8.0,1.0,0.625,8.0,0.0,False,0.0,8.0,8.0,8.0,8.0,8.0,0.0,0.0,0.0,0.0,0.0
areal,16.0,11.0,7.0,0.875,0.625,10.0,0.08053339831531048,True,0.04026669915765524,8.0,8.0,2.0,8.0,24.0,0.0,0.0,-0.4376410245895386,0.0,0.3030400716467391
areal,16.0,12.0,8.0,1.0,0.625,8.0,0.0,False,0.0,8.0,8.0,8.0,8.0,8.0,0.0,0.0,0.0,0.0,0.0
areal,16.0,13.0,7.0,0.875,0.625,10.0,0.08053339831531048,True,0.04026669915765524,8.0,8.0,2.0,8.0,24.0,0.0,0.0,-0.4376410245895386,0.0,0.3030400716467391
areal,16.0,14.0,3.0,0.375,0.625,10.0,0.014524189755320549,True,0.0072620948776602745,8.0,8.0,8.0,8.0,6.0,0.0,0.0,0.0,0.0,-0.03871142864227295
areal,16.0,15.0,8.0,1.0,0.625,8.0,0.0,False,0.0,8.0,8.0,8.0,8.0,8.0,0.0,0.0,0.0,0.0,0.0
areal,17.0,0.0,7.0,0.875,0.5,10.0,0.08053339831531048,True,0.04026669915765524,8.0,8.0,2.0,8.0,24.0,0.0,0.0,-0.4376410245895386,0.0,0.3030400716467391
areal,17.0,1.0,6.0,0.75,0.5,10.0,0.04381370544433594,True,0.02190685272216797,8.0,8.0,4.0,8.0,10.0,0.0,0.0,-0.220184326171875,0.0,0.04381370544433594
areal,17.0,2.0,8.0,1.0,0.5,8.0,0.0,False,0.0,8.0,8.0,8.0,8.0,8.0,0.0,0.0,0.0,0.0,0.0
areal,17.0,3.0,8.0,1.0,0.5,8.0,0.0,False,0.0,8.0,8.0,8.0,8.0,8.0,0.0,0.0,0.0,0.0,0.0
areal,17.0,4.0,8.0,1.0,0.5,8.0,0.0,False,0.0,8.0,8.0,8.0,8.0,8.0,0.0,0.0,0.0,0.0,0.0
areal,17.0,5.0,8.0,1.0,0.5,8.0,0.0,False,0.0,8.0,8.0,8.0,8.0,8.0,0.0,0.0,0.0,0.0,0.0
areal,17.0,6.0,8.0,1.0,0.5,8.0,0.0,False,0.0,8.0,8.0,8.0,8.0,8.0,0.0,0.0,0.0,0.0,0.0
areal,17.0,7.0,5.0,0.625,0.5,10.0,0.014524189755320549,True,0.0072620948776602745,8.0,8.0,4.0,8.0,6.0,0.0,0.0,-0.1486891508102417,0.0,-0.03871142864227295
areal,17.0,8.0,7.0,0.875,0.5,10.0,0.08053339831531048,True,0.04026669915765524,8.0,8.0,2.0,8.0,24.0,0.0,0.0,-0.4376410245895386,0.0,0.3030400716467391
areal,17.0,9.0,0.0,0.0,0.5,8.0,0.0,False,0.0,8.0,8.0,8.0,8.0,8.0,0.0,0.0,0.0,0.0,0.0
areal,17.0,10.0,5.0,0.625,0.5,10.0,0.014524189755320549,True,0.0072620948776602745,8.0,8.0,4.0,8.0,6.0,0.0,0.0,-0.1486891508102417,0.0,-0.03871142864227295
areal,17.0,11.0,8.0,1.0,0.5,8.0,0.0,False,0.0,8.0,8.0,8.0,8.0,8.0,0.0,0.0,0.0,0.0,0.0
areal,17.0,12.0,8.0,1.0,0.5,8.0,0.0,False,0.0,8.0,8.0,8.0,8.0,8.0,0.0,0.0,0.0,0.0,0.0
areal,17.0,13.0,4.0,0.5,0.5,10.0,0.005859375,True,0.0029296875,8.0,8.0,8.0,8.0,6.0,0.0,0.0,0.0,0.0,-0.0234375
areal,17.0,14.0,4.0,0.5,0.5,10.0,0.005859375,True,0.0029296875,8.0,8.0,8.0,8.0,6.0,0.0,0.0,0.0,0.0,-0.0234375
areal,17.0,15.0,7.0,0.875,0.5,10.0,0.08053339831531048,True,0.04026669915765524,8.0,8.0,2.0,8.0,24.0,0.0,0.0,-0.4376410245895386,0.0,0.3030400716467391
areal,18.0,0.0,7.0,0.875,0.5625,10.0,0.08053339831531048,True,0.04026669915765524,8.0,8.0,2.0,8.0,24.0,0.0,0.0,-0.4376410245895386,0.0,0.3030400716467391
areal,18.0,1.0,8.0,1.0,0.5625,8.0,0.0,False,0.0,8.0,8.0,8.0,8.0,8.0,0.0,0.0,0.0,0.0,0.0
areal,18.0,2.0,7.0,0.875,0.5625,10.0,0.08053339831531048,True,0.04026669915765524,8.0,8.0,2.0,8.0,24.0,0.0,0.0,-0.4376410245895386,0.0,0.3030400716467391
areal,18.0,3.0,4.0,0.5,0.5625,10.0,0.005859375,True,0.0029296875,8.0,8.0,8.0,8.0,6.0,0.0,0.0,0.0,0.0,-0.0234375
areal,18.0,4.0,5.0,0.625,0.5625,10.0,0.014524189755320549,True,0.0072620948776602745,8.0,8.0,4.0,8.0,6.0,0.0,0.0,-0.1486891508102417,0.0,-0.03871142864227295
areal,18.0,5.0,0.0,0.0,0.5625,8.0,0.0,False,0.0,8.0,8.0,8.0,8.0,8.0,0.0,0.0,0.0,0.0,0.0
areal,18.0,6.0,8.0,1.0,0.5625,8.0,0.0,False,0.0,8.0,8.0,8.0,8.0,8.0,0.0,0.0,0.0,0.0,0.0
areal,18.0,7.0,8.0,1.0,0.5625,8.0,0.0,False,0.0,8.0,8.0,8.0,8.0,8.0,0.0,0.0,0.0,0.0,0.0
areal,18.0,8.0,0.0,0.0,0.5625,8.0,0.0,False,0.0,8.0,8.0,8.0,8.0,8.0,0.0,0.0,0.0,0.0,0.0
areal,18.0,9.0,8.0,1.0,0.5625,8.0,0.0,False,0.0,8.0,8.0,8.0,8.0,8.0,0.0,0.0,0.0,0.0,0.0
areal,18.0,10.0,5.0,0.625,0.5625,10.0,0.014524189755320549,True,0.0072620948776602745,8.0,8.0,4.0,8.0,6.0,0.0,0.0,-0.1486891508102417,0.0,-0.03871142864227295
areal,18.0,11.0,8.0,1.0,0.5625,8.0,0.0,False,0.0,8.0,8.0,8.0,8.0,8.0,0.0,0.0,0.0,0.0,0.0
areal,18.0,12.0,7.0,0.875,0.5625,10.0,0.08053339831531048,True,0.04026669915765524,8.0,8.0,2.0,8.0,24.0,0.0,0.0,-0.4376410245895386,0.0,0.3030400716467391
areal,18.0,13.0,2.0,0.25,0.5625,10.0,0.04381370544433594,True,0.02190685272216797,8.0,8.0,16.0,8.0,10.0,0.0,0.0,0.09010557783767581,0.0,0.04381370544433594
areal,18.0,14.0,0.0,0.0,0.5625,8.0,0.0,False,0.0,8.0,8.0,8.0,8.0,8.0,0.0,0.0,0.0,0.0,0.0
areal,18.0,15.0,8.0,1.0,0.5625,8.0,0.0,False,0.0,8.0,8.0,8.0,8.0,8.0,0.0,0.0,0.0,0.0,0.0
areal,19.0,0.0,8.0,1.0,0.75,8.0,0.0,False,0.0,8.0,16.0,8.0,16.0,8.0,0.0,0.0,0.0,0.0,0.0
areal,19.0,1.0,6.0,0.75,0.75,10.0,0.04381370544433594,True,0.02190685272216797,8.0,16.0,4.0,16.0,10.0,0.0,0.09010557783767581,-0.220184326171875,0.09010557783767581,0.04381370544433594
areal,19.0,2.0,8.0,1.0,0.75,8.0,0.0,False,0.0,8.0,16.0,8.0,16.0,8.0,0.0,0.0,0.0,0.0,0.0
areal,19.0,3.0,8.0,1.0,0.75,8.0,0.0,False,0.0,8.0,16.0,8.0,16.0,8.0,0.0,0.0,0.0,0.0,0.0
areal,19.0,4.0,8.0,1.0,0.75,8.0,0.0,False,0.0,8.0,16.0,8.0,16.0,8.0,0.0,0.0,0.0,0.0,0.0
areal,19.0,5.0,2.0,0.25,0.75,10.0,0.04381370544433594,True,0.02190685272216797,8.0,16.0,16.0,16.0,10.0,0.0,0.09010557783767581,0.09010557783767581,0.09010557783767581,0.04381370544433594
areal,19.0,6.0,8.0,1.0,0.75,8.0,0.0,False,0.0,8.0,16.0,8.0,16.0,8.0,0.0,0.0,0.0,0.0,0.0
areal,19.0,7.0,0.0,0.0,0.75,8.0,0.0,False,0.0,8.0,16.0,8.0,16.0,8.0,0.0,0.0,0.0,0.0,0.0
areal,19.0,8.0,4.0,0.5,0.75,10.0,0.005859375,True,0.0029296875,8.0,16.0,8.0,16.0,6.0,0.0,0.007781982421875,0.0,0.007781982421875,-0.0234375
areal,19.0,9.0,8.0,1.0,0.75,8.0,0.0,False,0.0,8.0,16.0,8.0,16.0,8.0,0.0,0.0,0.0,0.0,0.0
areal,19.0,10.0,8.0,1.0,0.75,8.0,0.0,False,0.0,8.0,16.0,8.0,16.0,8.0,0.0,0.0,0.0,0.0,0.0
areal,19.0,11.0,8.0,1.0,0.75,8.0,0.0,False,0.0,8.0,16.0,8.0,16.0,8.0,0.0,0.0,0.0,0.0,0.0
areal,19.0,12.0,8.0,1.0,0.75,8.0,0.0,False,0.0,8.0,16.0,8.0,16.0,8.0,0.0,0.0,0.0,0.0,0.0
areal,19.0,13.0,4.0,0.5,0.75,10.0,0.005859375,True,0.0029296875,8.0,16.0,8.0,16.0,6.0,0.0,0.007781982421875,0.0,0.007781982421875,-0.0234375
areal,19.0,14.0,0.0,0.0,0.75,8.0,0.0,False,0.0,8.0,16.0,8.0,16.0,8.0,0.0,0.0,0.0,0.0,0.0
areal,19.0,15.0,8.0,1.0,0.75,8.0,0.0,False,0.0,8.0,16.0,8.0,16.0,8.0,0.0,0.0,0.0,0.0,0.0
areal,20.0,0.0,8.0,1.0,0.6875,8.0,0.0,False,0.0,8.0,8.0,8.0,8.0,8.0,0.0,0.0,0.0,0.0,0.0
areal,20.0,1.0,8.0,1.0,0.6875,8.0,0.0,False,0.0,8.0,8.0,8.0,8.0,8.0,0.0,0.0,0.0,0.0,0.0
areal,20.0,2.0,8.0,1.0,0.6875,8.0,0.0,False,0.0,8.0,8.0,8.0,8.0,8.0,0.0,0.0,0.0,0.0,0.0
areal,20.0,3.0,8.0,1.0,0.6875,8.0,0.0,False,0.0,8.0,8.0,8.0,8.0,8.0,0.0,0.0,0.0,0.0,0.0
areal,20.0,4.0,8.0,1.0,0.6875,8.0,0.0,False,0.0,8.0,8.0,8.0,8.0,8.0,0.0,0.0,0.0,0.0,0.0
areal,20.0,5.0,8.0,1.0,0.6875,8.0,0.0,False,0.0,8.0,8.0,8.0,8.0,8.0,0.0,0.0,0.0,0.0,0.0
areal,20.0,6.0,8.0,1.0,0.6875,8.0,0.0,False,0.0,8.0,8.0,8.0,8.0,8.0,0.0,0.0,0.0,0.0,0.0
areal,20.0,7.0,8.0,1.0,0.6875,8.0,0.0,False,0.0,8.0,8.0,8.0,8.0,8.0,0.0,0.0,0.0,0.0,0.0
areal,20.0,8.0,8.0,1.0,0.6875,8.0,0.0,False,0.0,8.0,8.0,8.0,8.0,8.0,0.0,0.0,0.0,0.0,0.0
areal,20.0,9.0,8.0,1.0,0.6875,8.0,0.0,False,0.0,8.0,8.0,8.0,8.0,8.0,0.0,0.0,0.0,0.0,0.0
areal,20.0,10.0,4.0,0.5,0.6875,10.0,0.005859375,True,0.0029296875,8.0,8.0,8.0,8.0,6.0,0.0,0.0,0.0,0.0,-0.0234375
areal,20.0,11.0,4.0,0.5,0.6875,10.0,0.005859375,True,0.0029296875,8.0,8.0,8.0,8.0,6.0,0.0,0.0,0.0,0.0,-0.0234375
areal,20.0,12.0,4.0,0.5,0.6875,10.0,0.005859375,True,0.0029296875,8.0,8.0,8.0,8.0,6.0,0.0,0.0,0.0,0.0,-0.0234375
areal,20.0,13.0,8.0,1.0,0.6875,8.0,0.0,False,0.0,8.0,8.0,8.0,8.0,8.0,0.0,0.0,0.0,0.0,0.0
areal,20.0,14.0,6.0,0.75,0.6875,10.0,0.04381370544433594,True,0.02190685272216797,8.0,8.0,4.0,8.0,10.0,0.0,0.0,-0.220184326171875,0.0,0.04381370544433594
areal,20.0,15.0,2.0,0.25,0.6875,10.0,0.04381370544433594,True,0.02190685272216797,8.0,8.0,16.0,8.0,10.0,0.0,0.0,0.09010557783767581,0.0,0.04381370544433594
areal,21.0,0.0,8.0,1.0,0.6875,8.0,0.0,False,0.0,8.0,8.0,8.0,8.0,8.0,0.0,0.0,0.0,0.0,0.0
areal,21.0,1.0,8.0,1.0,0.6875,8.0,0.0,False,0.0,8.0,8.0,8.0,8.0,8.0,0.0,0.0,0.0,0.0,0.0
areal,21.0,2.0,7.0,0.875,0.6875,10.0,0.08053339831531048,True,0.04026669915765524,8.0,8.0,2.0,8.0,24.0,0.0,0.0,-0.4376410245895386,0.0,0.3030400716467391
areal,21.0,3.0,8.0,1.0,0.6875,8.0,0.0,False,0.0,8.0,8.0,8.0,8.0,8.0,0.0,0.0,0.0,0.0,0.0
areal,21.0,4.0,8.0,1.0,0.6875,8.0,0.0,False,0.0,8.0,8.0,8.0,8.0,8.0,0.0,0.0,0.0,0.0,0.0
areal,21.0,5.0,8.0,1.0,0.6875,8.0,0.0,False,0.0,8.0,8.0,8.0,8.0,8.0,0.0,0.0,0.0,0.0,0.0
areal,21.0,6.0,8.0,1.0,0.6875,8.0,0.0,False,0.0,8.0,8.0,8.0,8.0,8.0,0.0,0.0,0.0,0.0,0.0
areal,21.0,7.0,1.0,0.125,0.6875,10.0,0.08053339831531048,True,0.04026669915765524,8.0,8.0,16.0,8.0,24.0,0.0,0.0,0.22554188838920908,0.0,0.3030400716467391
areal,21.0,8.0,7.0,0.875,0.6875,10.0,0.08053339831531048,True,0.04026669915765524,8.0,8.0,2.0,8.0,24.0,0.0,0.0,-0.4376410245895386,0.0,0.3030400716467391
areal,21.0,9.0,8.0,1.0,0.6875,8.0,0.0,False,0.0,8.0,8.0,8.0,8.0,8.0,0.0,0.0,0.0,0.0,0.0
areal,21.0,10.0,8.0,1.0,0.6875,8.0,0.0,False,0.0,8.0,8.0,8.0,8.0,8.0,0.0,0.0,0.0,0.0,0.0
areal,21.0,11.0,1.0,0.125,0.6875,10.0,0.08053339831531048,True,0.04026669915765524,8.0,8.0,16.0,8.0,24.0,0.0,0.0,0.22554188838920908,0.0,0.3030400716467391
areal,21.0,12.0,4.0,0.5,0.6875,10.0,0.005859375,True,0.0029296875,8.0,8.0,8.0,8.0,6.0,0.0,0.0,0.0,0.0,-0.0234375
areal,21.0,13.0,8.0,1.0,0.6875,8.0,0.0,False,0.0,8.0,8.0,8.0,8.0,8.0,0.0,0.0,0.0,0.0,0.0
areal,21.0,14.0,8.0,1.0,0.6875,8.0,0.0,False,0.0,8.0,8.0,8.0,8.0,8.0,0.0,0.0,0.0,0.0,0.0
areal,21.0,15.0,8.0,1.0,0.6875,8.0,0.0,False,0.0,8.0,8.0,8.0,8.0,8.0,0.0,0.0,0.0,0.0,0.0
areal,22.0,0.0,8.0,1.0,0.8125,8.0,0.0,False,0.0,8.0,16.0,8.0,16.0,8.0,0.0,0.0,0.0,0.0,0.0
areal,22.0,1.0,8.0,1.0,0.8125,8.0,0.0,False,0.0,8.0,16.0,8.0,16.0,8.0,0.0,0.0,0.0,0.0,0.0
areal,22.0,2.0,8.0,1.0,0.8125,8.0,0.0,False,0.0,8.0,16.0,8.0,16.0,8.0,0.0,0.0,0.0,0.0,0.0
areal,22.0,3.0,7.0,0.875,0.8125,10.0,0.08053339831531048,True,0.04026669915765524,8.0,16.0,2.0,16.0,24.0,0.0,0.22554188838920908,-0.4376410245895386,0.22554188838920908,0.3030400716467391
areal,22.0,4.0,4.0,0.5,0.8125,10.0,0.005859375,True,0.0029296875,8.0,16.0,8.0,16.0,6.0,0.0,0.007781982421875,0.0,0.007781982421875,-0.0234375
areal,22.0,5.0,8.0,1.0,0.8125,8.0,0.0,False,0.0,8.0,16.0,8.0,16.0,8.0,0.0,0.0,0.0,0.0,0.0
areal,22.0,6.0,8.0,1.0,0.8125,8.0,0.0,False,0.0,8.0,16.0,8.0,16.0,8.0,0.0,0.0,0.0,0.0,0.0
areal,22.0,7.0,8.0,1.0,0.8125,8.0,0.0,False,0.0,8.0,16.0,8.0,16.0,8.0,0.0,0.0,0.0,0.0,0.0
areal,22.0,8.0,1.0,0.125,0.8125,10.0,0.08053339831531048,True,0.04026669915765524,8.0,16.0,16.0,16.0,24.0,0.0,0.22554188838920908,0.22554188838920908,0.22554188838920908,0.3030400716467391
areal,22.0,9.0,8.0,1.0,0.8125,8.0,0.0,False,0.0,8.0,16.0,8.0,16.0,8.0,0.0,0.0,0.0,0.0,0.0
areal,22.0,10.0,8.0,1.0,0.8125,8.0,0.0,False,0.0,8.0,16.0,8.0,16.0,8.0,0.0,0.0,0.0,0.0,0.0
areal,22.0,11.0,8.0,1.0,0.8125,8.0,0.0,False,0.0,8.0,16.0,8.0,16.0,8.0,0.0,0.0,0.0,0.0,0.0
areal,22.0,12.0,8.0,1.0,0.8125,8.0,0.0,False,0.0,8.0,16.0,8.0,16.0,8.0,0.0,0.0,0.0,0.0,0.0
areal,22.0,13.0,8.0,1.0,0.8125,8.0,0.0,False,0.0,8.0,16.0,8.0,16.0,8.0,0.0,0.0,0.0,0.0,0.0
areal,22.0,14.0,8.0,1.0,0.8125,8.0,0.0,False,0.0,8.0,16.0,8.0,16.0,8.0,0.0,0.0,0.0,0.0,0.0
areal,22.0,15.0,8.0,1.0,0.8125,8.0,0.0,False,0.0,8.0,16.0,8.0,16.0,8.0,0.0,0.0,0.0,0.0,0.0
areal,23.0,0.0,8.0,1.0,0.8125,8.0,0.0,False,0.0,8.0,16.0,8.0,16.0,8.0,0.0,0.0,0.0,0.0,0.0
areal,23.0,1.0,8.0,1.0,0.8125,8.0,0.0,False,0.0,8.0,16.0,8.0,16.0,8.0,0.0,0.0,0.0,0.0,0.0
areal,23.0,2.0,8.0,1.0,0.8125,8.0,0.0,False,0.0,8.0,16.0,8.0,16.0,8.0,0.0,0.0,0.0,0.0,0.0
areal,23.0,3.0,7.0,0.875,0.8125,10.0,0.08053339831531048,True,0.04026669915765524,8.0,16.0,2.0,16.0,24.0,0.0,0.22554188838920908,-0.4376410245895386,0.22554188838920908,0.3030400716467391
areal,23.0,4.0,6.0,0.75,0.8125,10.0,0.04381370544433594,True,0.02190685272216797,8.0,16.0,4.0,16.0,10.0,0.0,0.09010557783767581,-0.220184326171875,0.09010557783767581,0.04381370544433594
areal,23.0,5.0,8.0,1.0,0.8125,8.0,0.0,False,0.0,8.0,16.0,8.0,16.0,8.0,0.0,0.0,0.0,0.0,0.0
areal,23.0,6.0,3.0,0.375,0.8125,10.0,0.014524189755320549,True,0.0072620948776602745,8.0,16.0,8.0,16.0,6.0,0.0,0.023131876420841024,0.0,0.023131876420841024,-0.03871142864227295
areal,23.0,7.0,8.0,1.0,0.8125,8.0,0.0,False,0.0,8.0,16.0,8.0,16.0,8.0,0.0,0.0,0.0,0.0,0.0
areal,23.0,8.0,8.0,1.0,0.8125,8.0,0.0,False,0.0,8.0,16.0,8.0,16.0,8.0,0.0,0.0,0.0,0.0,0.0
areal,23.0,9.0,8.0,1.0,0.8125,8.0,0.0,False,0.0,8.0,16.0,8.0,16.0,8.0,0.0,0.0,0.0,0.0,0.0
areal,23.0,10.0,8.0,1.0,0.8125,8.0,0.0,False,0.0,8.0,16.0,8.0,16.0,8.0,0.0,0.0,0.0,0.0,0.0
areal,23.0,11.0,8.0,1.0,0.8125,8.0,0.0,False,0.0,8.0,16.0,8.0,16.0,8.0,0.0,0.0,0.0,0.0,0.0
areal,23.0,12.0,8.0,1.0,0.8125,8.0,0.0,False,0.0,8.0,16.0,8.0,16.0,8.0,0.0,0.0,0.0,0.0,0.0
areal,23.0,13.0,8.0,1.0,0.8125,8.0,0.0,False,0.0,8.0,16.0,8.0,16.0,8.0,0.0,0.0,0.0,0.0,0.0
areal,23.0,14.0,8.0,1.0,0.8125,8.0,0.0,False,0.0,8.0,16.0,8.0,16.0,8.0,0.0,0.0,0.0,0.0,0.0
areal,23.0,15.0,0.0,0.0,0.8125,8.0,0.0,False,0.0,8.0,16.0,8.0,16.0,8.0,0.0,0.0,0.0,0.0,0.0
areal,24.0,0.0,6.0,0.75,0.875,10.0,0.04381370544433594,True,0.02190685272216797,8.0,16.0,4.0,16.0,10.0,0.0,0.09010557783767581,-0.220184326171875,0.09010557783767581,0.04381370544433594
areal,24.0,1.0,8.0,1.0,0.875,8.0,0.0,False,0.0,8.0,16.0,8.0,16.0,8.0,0.0,0.0,0.0,0.0,0.0
areal,24.0,2.0,8.0,1.0,0.875,8.0,0.0,False,0.0,8.0,16.0,8.0,16.0,8.0,0.0,0.0,0.0,0.0,0.0
areal,24.0,3.0,8.0,1.0,0.875,8.0,0.0,False,0.0,8.0,16.0,8.0,16.0,8.0,0.0,0.0,0.0,0.0,0.0
areal,24.0,4.0,1.0,0.125,0.875,10.0,0.08053339831531048,True,0.04026669915765524,8.0,16.0,16.0,16.0,24.0,0.0,0.22554188838920908,0.22554188838920908,0.22554188838920908,0.3030400716467391
areal,24.0,5.0,8.0,1.0,0.875,8.0,0.0,False,0.0,8.0,16.0,8.0,16.0,8.0,0.0,0.0,0.0,0.0,0.0
areal,24.0,6.0,8.0,1.0,0.875,8.0,0.0,False,0.0,8.0,16.0,8.0,16.0,8.0,0.0,0.0,0.0,0.0,0.0
areal,24.0,7.0,8.0,1.0,0.875,8.0,0.0,False,0.0,8.0,16.0,8.0,16.0,8.0,0.0,0.0,0.0,0.0,0.0
areal,24.0,8.0,8.0,1.0,0.875,8.0,0.0,False,0.0,8.0,16.0,8.0,16.0,8.0,0.0,0.0,0.0,0.0,0.0
areal,24.0,9.0,8.0,1.0,0.875,8.0,0.0,False,0.0,8.0,16.0,8.0,16.0,8.0,0.0,0.0,0.0,0.0,0.0
areal,24.0,10.0,8.0,1.0,0.875,8.0,0.0,False,0.0,8.0,16.0,8.0,16.0,8.0,0.0,0.0,0.0,0.0,0.0
areal,24.0,11.0,8.0,1.0,0.875,8.0,0.0,False,0.0,8.0,16.0,8.0,16.0,8.0,0.0,0.0,0.0,0.0,0.0
areal,24.0,12.0,8.0,1.0,0.875,8.0,0.0,False,0.0,8.0,16.0,8.0,16.0,8.0,0.0,0.0,0.0,0.0,0.0
areal,24.0,13.0,8.0,1.0,0.875,8.0,0.0,False,0.0,8.0,16.0,8.0,16.0,8.0,0.0,0.0,0.0,0.0,0.0
areal,24.0,14.0,8.0,1.0,0.875,8.0,0.0,False,0.0,8.0,16.0,8.0,16.0,8.0,0.0,0.0,0.0,0.0,0.0
areal,24.0,15.0,8.0,1.0,0.875,8.0,0.0,False,0.0,8.0,16.0,8.0,16.0,8.0,0.0,0.0,0.0,0.0,0.0
areal,25.0,0.0,8.0,1.0,0.625,8.0,0.0,False,0.0,8.0,8.0,8.0,8.0,8.0,0.0,0.0,0.0,0.0,0.0
areal,25.0,1.0,8.0,1.0,0.625,8.0,0.0,False,0.0,8.0,8.0,8.0,8.0,8.0,0.0,0.0,0.0,0.0,0.0
areal,25.0,2.0,5.0,0.625,0.625,10.0,0.014524189755320549,True,0.0072620948776602745,8.0,8.0,4.0,8.0,6.0,0.0,0.0,-0.1486891508102417,0.0,-0.03871142864227295
areal,25.0,3.0,8.0,1.0,0.625,8.0,0.0,False,0.0,8.0,8.0,8.0,8.0,8.0,0.0,0.0,0.0,0.0,0.0
areal,25.0,4.0,8.0,1.0,0.625,8.0,0.0,False,0.0,8.0,8.0,8.0,8.0,8.0,0.0,0.0,0.0,0.0,0.0
areal,25.0,5.0,8.0,1.0,0.625,8.0,0.0,False,0.0,8.0,8.0,8.0,8.0,8.0,0.0,0.0,0.0,0.0,0.0
areal,25.0,6.0,3.0,0.375,0.625,10.0,0.014524189755320549,True,0.0072620948776602745,8.0,8.0,8.0,8.0,6.0,0.0,0.0,0.0,0.0,-0.03871142864227295
areal,25.0,7.0,8.0,1.0,0.625,8.0,0.0,False,0.0,8.0,8.0,8.0,8.0,8.0,0.0,0.0,0.0,0.0,0.0
areal,25.0,8.0,8.0,1.0,0.625,8.0,0.0,False,0.0,8.0,8.0,8.0,8.0,8.0,0.0,0.0,0.0,0.0,0.0
areal,25.0,9.0,8.0,1.0,0.625,8.0,0.0,False,0.0,8.0,8.0,8.0,8.0,8.0,0.0,0.0,0.0,0.0,0.0
areal,25.0,10.0,6.0,0.75,0.625,10.0,0.04381370544433594,True,0.02190685272216797,8.0,8.0,4.0,8.0,10.0,0.0,0.0,-0.220184326171875,0.0,0.04381370544433594
areal,25.0,11.0,8.0,1.0,0.625,8.0,0.0,False,0.0,8.0,8.0,8.0,8.0,8.0,0.0,0.0,0.0,0.0,0.0
areal,25.0,12.0,2.0,0.25,0.625,10.0,0.04381370544433594,True,0.02190685272216797,8.0,8.0,16.0,8.0,10.0,0.0,0.0,0.09010557783767581,0.0,0.04381370544433594
areal,25.0,13.0,5.0,0.625,0.625,10.0,0.014524189755320549,True,0.0072620948776602745,8.0,8.0,4.0,8.0,6.0,0.0,0.0,-0.1486891508102417,0.0,-0.03871142864227295
areal,25.0,14.0,8.0,1.0,0.625,8.0,0.0,False,0.0,8.0,8.0,8.0,8.0,8.0,0.0,0.0,0.0,0.0,0.0
areal,25.0,15.0,5.0,0.625,0.625,10.0,0.014524189755320549,True,0.0072620948776602745,8.0,8.0,4.0,8.0,6.0,0.0,0.0,-0.1486891508102417,0.0,-0.03871142864227295
areal,26.0,0.0,8.0,1.0,0.875,8.0,0.0,False,0.0,8.0,16.0,8.0,16.0,8.0,0.0,0.0,0.0,0.0,0.0
areal,26.0,1.0,8.0,1.0,0.875,8.0,0.0,False,0.0,8.0,16.0,8.0,16.0,8.0,0.0,0.0,0.0,0.0,0.0
areal,26.0,2.0,8.0,1.0,0.875,8.0,0.0,False,0.0,8.0,16.0,8.0,16.0,8.0,0.0,0.0,0.0,0.0,0.0
areal,26.0,3.0,0.0,0.0,0.875,8.0,0.0,False,0.0,8.0,16.0,8.0,16.0,8.0,0.0,0.0,0.0,0.0,0.0
areal,26.0,4.0,5.0,0.625,0.875,10.0,0.014524189755320549,True,0.0072620948776602745,8.0,16.0,4.0,16.0,6.0,0.0,0.023131876420841024,-0.1486891508102417,0.023131876420841024,-0.03871142864227295
areal,26.0,5.0,0.0,0.0,0.875,8.0,0.0,False,0.0,8.0,16.0,8.0,16.0,8.0,0.0,0.0,0.0,0.0,0.0
areal,26.0,6.0,8.0,1.0,0.875,8.0,0.0,False,0.0,8.0,16.0,8.0,16.0,8.0,0.0,0.0,0.0,0.0,0.0
areal,26.0,7.0,6.0,0.75,0.875,10.0,0.04381370544433594,True,0.02190685272216797,8.0,16.0,4.0,16.0,10.0,0.0,0.09010557783767581,-0.220184326171875,0.09010557783767581,0.04381370544433594
areal,26.0,8.0,8.0,1.0,0.875,8.0,0.0,False,0.0,8.0,16.0,8.0,16.0,8.0,0.0,0.0,0.0,0.0,0.0
areal,26.0,9.0,8.0,1.0,0.875,8.0,0.0,False,0.0,8.0,16.0,8.0,16.0,8.0,0.0,0.0,0.0,0.0,0.0
areal,26.0,10.0,8.0,1.0,0.875,8.0,0.0,False,0.0,8.0,16.0,8.0,16.0,8.0,0.0,0.0,0.0,0.0,0.0
areal,26.0,11.0,8.0,1.0,0.875,8.0,0.0,False,0.0,8.0,16.0,8.0,16.0,8.0,0.0,0.0,0.0,0.0,0.0
areal,26.0,12.0,8.0,1.0,0.875,8.0,0.0,False,0.0,8.0,16.0,8.0,16.0,8.0,0.0,0.0,0.0,0.0,0.0
areal,26.0,13.0,8.0,1.0,0.875,8.0,0.0,False,0.0,8.0,16.0,8.0,16.0,8.0,0.0,0.0,0.0,0.0,0.0
areal,26.0,14.0,8.0,1.0,0.875,8.0,0.0,False,0.0,8.0,16.0,8.0,16.0,8.0,0.0,0.0,0.0,0.0,0.0
areal,26.0,15.0,8.0,1.0,0.875,8.0,0.0,False,0.0,8.0,16.0,8.0,16.0,8.0,0.0,0.0,0.0,0.0,0.0
areal,27.0,0.0,8.0,1.0,0.9375,8.0,0.0,False,0.0,8.0,16.0,8.0,8.0,8.0,0.0,0.0,0.0,0.0,0.0
areal,27.0,1.0,8.0,1.0,0.9375,8.0,0.0,False,0.0,8.0,16.0,8.0,8.0,8.0,0.0,0.0,0.0,0.0,0.0
areal,27.0,2.0,8.0,1.0,0.9375,8.0,0.0,False,0.0,8.0,16.0,8.0,8.0,8.0,0.0,0.0,0.0,0.0,0.0
areal,27.0,3.0,8.0,1.0,0.9375,8.0,0.0,False,0.0,8.0,16.0,8.0,8.0,8.0,0.0,0.0,0.0,0.0,0.0
areal,27.0,4.0,8.0,1.0,0.9375,8.0,0.0,False,0.0,8.0,16.0,8.0,8.0,8.0,0.0,0.0,0.0,0.0,0.0
areal,27.0,5.0,8.0,1.0,0.9375,8.0,0.0,False,0.0,8.0,16.0,8.0,8.0,8.0,0.0,0.0,0.0,0.0,0.0
areal,27.0,6.0,8.0,1.0,0.9375,8.0,0.0,False,0.0,8.0,16.0,8.0,8.0,8.0,0.0,0.0,0.0,0.0,0.0
areal,27.0,7.0,8.0,1.0,0.9375,8.0,0.0,False,0.0,8.0,16.0,8.0,8.0,8.0,0.0,0.0,0.0,0.0,0.0
areal,27.0,8.0,8.0,1.0,0.9375,8.0,0.0,False,0.0,8.0,16.0,8.0,8.0,8.0,0.0,0.0,0.0,0.0,0.0
areal,27.0,9.0,8.0,1.0,0.9375,8.0,0.0,False,0.0,8.0,16.0,8.0,8.0,8.0,0.0,0.0,0.0,0.0,0.0
areal,27.0,10.0,8.0,1.0,0.9375,8.0,0.0,False,0.0,8.0,16.0,8.0,8.0,8.0,0.0,0.0,0.0,0.0,0.0
areal,27.0,11.0,8.0,1.0,0.9375,8.0,0.0,False,0.0,8.0,16.0,8.0,8.0,8.0,0.0,0.0,0.0,0.0,0.0
areal,27.0,12.0,8.0,1.0,0.9375,8.0,0.0,False,0.0,8.0,16.0,8.0,8.0,8.0,0.0,0.0,0.0,0.0,0.0
areal,27.0,13.0,8.0,1.0,0.9375,8.0,0.0,False,0.0,8.0,16.0,8.0,8.0,8.0,0.0,0.0,0.0,0.0,0.0
areal,27.0,14.0,2.0,0.25,0.9375,10.0,0.04381370544433594,True,0.02190685272216797,8.0,16.0,16.0,8.0,10.0,0.0,0.09010557783767581,0.09010557783767581,0.0,0.04381370544433594
areal,27.0,15.0,8.0,1.0,0.9375,8.0,0.0,False,0.0,8.0,16.0,8.0,8.0,8.0,0.0,0.0,0.0,0.0,0.0
areal,28.0,0.0,8.0,1.0,0.875,8.0,0.0,False,0.0,8.0,16.0,8.0,16.0,8.0,0.0,0.0,0.0,0.0,0.0
areal,28.0,1.0,7.0,0.875,0.875,10.0,0.08053339831531048,True,0.04026669915765524,8.0,16.0,2.0,16.0,24.0,0.0,0.22554188838920908,-0.4376410245895386,0.22554188838920908,0.3030400716467391
areal,28.0,2.0,8.0,1.0,0.875,8.0,0.0,False,0.0,8.0,16.0,8.0,16.0,8.0,0.0,0.0,0.0,0.0,0.0
areal,28.0,3.0,8.0,1.0,0.875,8.0,0.0,False,0.0,8.0,16.0,8.0,16.0,8.0,0.0,0.0,0.0,0.0,0.0
areal,28.0,4.0,8.0,1.0,0.875,8.0,0.0,False,0.0,8.0,16.0,8.0,16.0,8.0,0.0,0.0,0.0,0.0,0.0
areal,28.0,5.0,8.0,1.0,0.875,8.0,0.0,False,0.0,8.0,16.0,8.0,16.0,8.0,0.0,0.0,0.0,0.0,0.0
areal,28.0,6.0,8.0,1.0,0.875,8.0,0.0,False,0.0,8.0,16.0,8.0,16.0,8.0,0.0,0.0,0.0,0.0,0.0
areal,28.0,7.0,8.0,1.0,0.875,8.0,0.0,False,0.0,8.0,16.0,8.0,16.0,8.0,0.0,0.0,0.0,0.0,0.0
areal,28.0,8.0,8.0,1.0,0.875,8.0,0.0,False,0.0,8.0,16.0,8.0,16.0,8.0,0.0,0.0,0.0,0.0,0.0
areal,28.0,9.0,8.0,1.0,0.875,8.0,0.0,False,0.0,8.0,16.0,8.0,16.0,8.0,0.0,0.0,0.0,0.0,0.0
areal,28.0,10.0,8.0,1.0,0.875,8.0,0.0,False,0.0,8.0,16.0,8.0,16.0,8.0,0.0,0.0,0.0,0.0,0.0
areal,28.0,11.0,8.0,1.0,0.875,8.0,0.0,False,0.0,8.0,16.0,8.0,16.0,8.0,0.0,0.0,0.0,0.0,0.0
areal,28.0,12.0,8.0,1.0,0.875,8.0,0.0,False,0.0,8.0,16.0,8.0,16.0,8.0,0.0,0.0,0.0,0.0,0.0
areal,28.0,13.0,0.0,0.0,0.875,8.0,0.0,False,0.0,8.0,16.0,8.0,16.0,8.0,0.0,0.0,0.0,0.0,0.0
areal,28.0,14.0,5.0,0.625,0.875,10.0,0.014524189755320549,True,0.0072620948776602745,8.0,16.0,4.0,16.0,6.0,0.0,0.023131876420841024,-0.1486891508102417,0.023131876420841024,-0.03871142864227295
areal,28.0,15.0,8.0,1.0,0.875,8.0,0.0,False,0.0,8.0,16.0,8.0,16.0,8.0,0.0,0.0,0.0,0.0,0.0
areal,29.0,0.0,8.0,1.0,0.8125,8.0,0.0,False,0.0,8.0,16.0,8.0,16.0,8.0,0.0,0.0,0.0,0.0,0.0
areal,29.0,1.0,7.0,0.875,0.8125,10.0,0.08053339831531048,True,0.04026669915765524,8.0,16.0,2.0,16.0,24.0,0.0,0.22554188838920908,-0.4376410245895386,0.22554188838920908,0.3030400716467391
areal,29.0,2.0,8.0,1.0,0.8125,8.0,0.0,False,0.0,8.0,16.0,8.0,16.0,8.0,0.0,0.0,0.0,0.0,0.0
areal,29.0,3.0,8.0,1.0,0.8125,8.0,0.0,False,0.0,8.0,16.0,8.0,16.0,8.0,0.0,0.0,0.0,0.0,0.0
areal,29.0,4.0,4.0,0.5,0.8125,10.0,0.005859375,True,0.0029296875,8.0,16.0,8.0,16.0,6.0,0.0,0.007781982421875,0.0,0.007781982421875,-0.0234375
areal,29.0,5.0,8.0,1.0,0.8125,8.0,0.0,False,0.0,8.0,16.0,8.0,16.0,8.0,0.0,0.0,0.0,0.0,0.0
areal,29.0,6.0,8.0,1.0,0.8125,8.0,0.0,False,0.0,8.0,16.0,8.0,16.0,8.0,0.0,0.0,0.0,0.0,0.0
areal,29.0,7.0,8.0,1.0,0.8125,8.0,0.0,False,0.0,8.0,16.0,8.0,16.0,8.0,0.0,0.0,0.0,0.0,0.0
areal,29.0,8.0,8.0,1.0,0.8125,8.0,0.0,False,0.0,8.0,16.0,8.0,16.0,8.0,0.0,0.0,0.0,0.0,0.0
areal,29.0,9.0,7.0,0.875,0.8125,10.0,0.08053339831531048,True,0.04026669915765524,8.0,16.0,2.0,16.0,24.0,0.0,0.22554188838920908,-0.4376410245895386,0.22554188838920908,0.3030400716467391
areal,29.0,10.0,8.0,1.0,0.8125,8.0,0.0,False,0.0,8.0,16.0,8.0,16.0,8.0,0.0,0.0,0.0,0.0,0.0
areal,29.0,11.0,8.0,1.0,0.8125,8.0,0.0,False,0.0,8.0,16.0,8.0,16.0,8.0,0.0,0.0,0.0,0.0,0.0
areal,29.0,12.0,8.0,1.0,0.8125,8.0,0.0,False,0.0,8.0,16.0,8.0,16.0,8.0,0.0,0.0,0.0,0.0,0.0
areal,29.0,13.0,8.0,1.0,0.8125,8.0,0.0,False,0.0,8.0,16.0,8.0,16.0,8.0,0.0,0.0,0.0,0.0,0.0
areal,29.0,14.0,8.0,1.0,0.8125,8.0,0.0,False,0.0,8.0,16.0,8.0,16.0,8.0,0.0,0.0,0.0,0.0,0.0
areal,29.0,15.0,8.0,1.0,0.8125,8.0,0.0,False,0.0,8.0,16.0,8.0,16.0,8.0,0.0,0.0,0.0,0.0,0.0
areal,30.0,0.0,8.0,1.0,0.75,8.0,0.0,False,0.0,8.0,16.0,8.0,16.0,8.0,0.0,0.0,0.0,0.0,0.0
areal,30.0,1.0,8.0,1.0,0.75,8.0,0.0,False,0.0,8.0,16.0,8.0,16.0,8.0,0.0,0.0,0.0,0.0,0.0
areal,30.0,2.0,8.0,1.0,0.75,8.0,0.0,False,0.0,8.0,16.0,8.0,16.0,8.0,0.0,0.0,0.0,0.0,0.0
areal,30.0,3.0,8.0,1.0,0.75,8.0,0.0,False,0.0,8.0,16.0,8.0,16.0,8.0,0.0,0.0,0.0,0.0,0.0
areal,30.0,4.0,5.0,0.625,0.75,10.0,0.014524189755320549,True,0.0072620948776602745,8.0,16.0,4.0,16.0,6.0,0.0,0.023131876420841024,-0.1486891508102417,0.023131876420841024,-0.03871142864227295
areal,30.0,5.0,8.0,1.0,0.75,8.0,0.0,False,0.0,8.0,16.0,8.0,16.0,8.0,0.0,0.0,0.0,0.0,0.0
areal,30.0,6.0,8.0,1.0,0.75,8.0,0.0,False,0.0,8.0,16.0,8.0,16.0,8.0,0.0,0.0,0.0,0.0,0.0
areal,30.0,7.0,8.0,1.0,0.75,8.0,0.0,False,0.0,8.0,16.0,8.0,16.0,8.0,0.0,0.0,0.0,0.0,0.0
areal,30.0,8.0,7.0,0.875,0.75,10.0,0.08053339831531048,True,0.04026669915765524,8.0,16.0,2.0,16.0,24.0,0.0,0.22554188838920908,-0.4376410245895386,0.22554188838920908,0.3030400716467391
areal,30.0,9.0,8.0,1.0,0.75,8.0,0.0,False,0.0,8.0,16.0,8.0,16.0,8.0,0.0,0.0,0.0,0.0,0.0
areal,30.0,10.0,8.0,1.0,0.75,8.0,0.0,False,0.0,8.0,16.0,8.0,16.0,8.0,0.0,0.0,0.0,0.0,0.0
areal,30.0,11.0,8.0,1.0,0.75,8.0,0.0,False,0.0,8.0,16.0,8.0,16.0,8.0,0.0,0.0,0.0,0.0,0.0
areal,30.0,12.0,7.0,0.875,0.75,10.0,0.08053339831531048,True,0.04026669915765524,8.0,16.0,2.0,16.0,24.0,0.0,0.22554188838920908,-0.4376410245895386,0.22554188838920908,0.3030400716467391
areal,30.0,13.0,8.0,1.0,0.75,8.0,0.0,False,0.0,8.0,16.0,8.0,16.0,8.0,0.0,0.0,0.0,0.0,0.0
areal,30.0,14.0,8.0,1.0,0.75,8.0,0.0,False,0.0,8.0,16.0,8.0,16.0,8.0,0.0,0.0,0.0,0.0,0.0
areal,30.0,15.0,2.0,0.25,0.75,10.0,0.04381370544433594,True,0.02190685272216797,8.0,16.0,16.0,16.0,10.0,0.0,0.09010557783767581,0.09010557783767581,0.09010557783767581,0.04381370544433594
areal,31.0,0.0,8.0,1.0,0.5625,8.0,0.0,False,0.0,8.0,8.0,8.0,8.0,8.0,0.0,0.0,0.0,0.0,0.0
areal,31.0,1.0,0.0,0.0,0.5625,8.0,0.0,False,0.0,8.0,8.0,8.0,8.0,8.0,0.0,0.0,0.0,0.0,0.0
areal,31.0,2.0,7.0,0.875,0.5625,10.0,0.08053339831531048,True,0.04026669915765524,8.0,8.0,2.0,8.0,24.0,0.0,0.0,-0.4376410245895386,0.0,0.3030400716467391
areal,31.0,3.0,8.0,1.0,0.5625,8.0,0.0,False,0.0,8.0,8.0,8.0,8.0,8.0,0.0,0.0,0.0,0.0,0.0
areal,31.0,4.0,8.0,1.0,0.5625,8.0,0.0,False,0.0,8.0,8.0,8.0,8.0,8.0,0.0,0.0,0.0,0.0,0.0
areal,31.0,5.0,7.0,0.875,0.5625,10.0,0.08053339831531048,True,0.04026669915765524,8.0,8.0,2.0,8.0,24.0,0.0,0.0,-0.4376410245895386,0.0,0.3030400716467391
areal,31.0,6.0,7.0,0.875,0.5625,10.0,0.08053339831531048,True,0.04026669915765524,8.0,8.0,2.0,8.0,24.0,0.0,0.0,-0.4376410245895386,0.0,0.3030400716467391
areal,31.0,7.0,7.0,0.875,0.5625,10.0,0.08053339831531048,True,0.04026669915765524,8.0,8.0,2.0,8.0,24.0,0.0,0.0,-0.4376410245895386,0.0,0.3030400716467391
areal,31.0,8.0,8.0,1.0,0.5625,8.0,0.0,False,0.0,8.0,8.0,8.0,8.0,8.0,0.0,0.0,0.0,0.0,0.0
areal,31.0,9.0,7.0,0.875,0.5625,10.0,0.08053339831531048,True,0.04026669915765524,8.0,8.0,2.0,8.0,24.0,0.0,0.0,-0.4376410245895386,0.0,0.3030400716467391
areal,31.0,10.0,8.0,1.0,0.5625,8.0,0.0,False,0.0,8.0,8.0,8.0,8.0,8.0,0.0,0.0,0.0,0.0,0.0
areal,31.0,11.0,8.0,1.0,0.5625,8.0,0.0,False,0.0,8.0,8.0,8.0,8.0,8.0,0.0,0.0,0.0,0.0,0.0
areal,31.0,12.0,6.0,0.75,0.5625,10.0,0.04381370544433594,True,0.02190685272216797,8.0,8.0,4.0,8.0,10.0,0.0,0.0,-0.220184326171875,0.0,0.04381370544433594
areal,31.0,13.0,7.0,0.875,0.5625,10.0,0.08053339831531048,True,0.04026669915765524,8.0,8.0,2.0,8.0,24.0,0.0,0.0,-0.4376410245895386,0.0,0.3030400716467391
areal,31.0,14.0,8.0,1.0,0.5625,8.0,0.0,False,0.0,8.0,8.0,8.0,8.0,8.0,0.0,0.0,0.0,0.0,0.0
areal,31.0,15.0,8.0,1.0,0.5625,8.0,0.0,False,0.0,8.0,8.0,8.0,8.0,8.0,0.0,0.0,0.0,0.0,0.0
areal,32.0,0.0,8.0,1.0,0.75,8.0,0.0,False,0.0,8.0,16.0,8.0,16.0,8.0,0.0,0.0,0.0,0.0,0.0
areal,32.0,1.0,8.0,1.0,0.75,8.0,0.0,False,0.0,8.0,16.0,8.0,16.0,8.0,0.0,0.0,0.0,0.0,0.0
areal,32.0,2.0,8.0,1.0,0.75,8.0,0.0,False,0.0,8.0,16.0,8.0,16.0,8.0,0.0,0.0,0.0,0.0,0.0
areal,32.0,3.0,8.0,1.0,0.75,8.0,0.0,False,0.0,8.0,16.0,8.0,16.0,8.0,0.0,0.0,0.0,0.0,0.0
areal,32.0,4.0,7.0,0.875,0.75,10.0,0.08053339831531048,True,0.04026669915765524,8.0,16.0,2.0,16.0,24.0,0.0,0.22554188838920908,-0.4376410245895386,0.22554188838920908,0.3030400716467391
areal,32.0,5.0,8.0,1.0,0.75,8.0,0.0,False,0.0,8.0,16.0,8.0,16.0,8.0,0.0,0.0,0.0,0.0,0.0
areal,32.0,6.0,8.0,1.0,0.75,8.0,0.0,False,0.0,8.0,16.0,8.0,16.0,8.0,0.0,0.0,0.0,0.0,0.0
areal,32.0,7.0,8.0,1.0,0.75,8.0,0.0,False,0.0,8.0,16.0,8.0,16.0,8.0,0.0,0.0,0.0,0.0,0.0
areal,32.0,8.0,8.0,1.0,0.75,8.0,0.0,False,0.0,8.0,16.0,8.0,16.0,8.0,0.0,0.0,0.0,0.0,0.0
areal,32.0,9.0,5.0,0.625,0.75,10.0,0.014524189755320549,True,0.0072620948776602745,8.0,16.0,4.0,16.0,6.0,0.0,0.023131876420841024,-0.1486891508102417,0.023131876420841024,-0.03871142864227295
areal,32.0,10.0,8.0,1.0,0.75,8.0,0.0,False,0.0,8.0,16.0,8.0,16.0,8.0,0.0,0.0,0.0,0.0,0.0
areal,32.0,11.0,5.0,0.625,0.75,10.0,0.014524189755320549,True,0.0072620948776602745,8.0,16.0,4.0,16.0,6.0,0.0,0.023131876420841024,-0.1486891508102417,0.023131876420841024,-0.03871142864227295
areal,32.0,12.0,8.0,1.0,0.75,8.0,0.0,False,0.0,8.0,16.0,8.0,16.0,8.0,0.0,0.0,0.0,0.0,0.0
areal,32.0,13.0,8.0,1.0,0.75,8.0,0.0,False,0.0,8.0,16.0,8.0,16.0,8.0,0.0,0.0,0.0,0.0,0.0
areal,32.0,14.0,2.0,0.25,0.75,10.0,0.04381370544433594,True,0.02190685272216797,8.0,16.0,16.0,16.0,10.0,0.0,0.09010557783767581,0.09010557783767581,0.09010557783767581,0.04381370544433594
areal,32.0,15.0,8.0,1.0,0.75,8.0,0.0,False,0.0,8.0,16.0,8.0,16.0,8.0,0.0,0.0,0.0,0.0,0.0
areal,33.0,0.0,7.0,0.875,0.625,10.0,0.08053339831531048,True,0.04026669915765524,8.0,8.0,2.0,8.0,24.0,0.0,0.0,-0.4376410245895386,0.0,0.3030400716467391
areal,33.0,1.0,5.0,0.625,0.625,10.0,0.014524189755320549,True,0.0072620948776602745,8.0,8.0,4.0,8.0,6.0,0.0,0.0,-0.1486891508102417,0.0,-0.03871142864227295
areal,33.0,2.0,4.0,0.5,0.625,10.0,0.005859375,True,0.0029296875,8.0,8.0,8.0,8.0,6.0,0.0,0.0,0.0,0.0,-0.0234375
areal,33.0,3.0,8.0,1.0,0.625,8.0,0.0,False,0.0,8.0,8.0,8.0,8.0,8.0,0.0,0.0,0.0,0.0,0.0
areal,33.0,4.0,8.0,1.0,0.625,8.0,0.0,False,0.0,8.0,8.0,8.0,8.0,8.0,0.0,0.0,0.0,0.0,0.0
areal,33.0,5.0,8.0,1.0,0.625,8.0,0.0,False,0.0,8.0,8.0,8.0,8.0,8.0,0.0,0.0,0.0,0.0,0.0
areal,33.0,6.0,8.0,1.0,0.625,8.0,0.0,False,0.0,8.0,8.0,8.0,8.0,8.0,0.0,0.0,0.0,0.0,0.0
areal,33.0,7.0,8.0,1.0,0.625,8.0,0.0,False,0.0,8.0,8.0,8.0,8.0,8.0,0.0,0.0,0.0,0.0,0.0
areal,33.0,8.0,8.0,1.0,0.625,8.0,0.0,False,0.0,8.0,8.0,8.0,8.0,8.0,0.0,0.0,0.0,0.0,0.0
areal,33.0,9.0,7.0,0.875,0.625,10.0,0.08053339831531048,True,0.04026669915765524,8.0,8.0,2.0,8.0,24.0,0.0,0.0,-0.4376410245895386,0.0,0.3030400716467391
areal,33.0,10.0,8.0,1.0,0.625,8.0,0.0,False,0.0,8.0,8.0,8.0,8.0,8.0,0.0,0.0,0.0,0.0,0.0
areal,33.0,11.0,8.0,1.0,0.625,8.0,0.0,False,0.0,8.0,8.0,8.0,8.0,8.0,0.0,0.0,0.0,0.0,0.0
areal,33.0,12.0,8.0,1.0,0.625,8.0,0.0,False,0.0,8.0,8.0,8.0,8.0,8.0,0.0,0.0,0.0,0.0,0.0
areal,33.0,13.0,7.0,0.875,0.625,10.0,0.08053339831531048,True,0.04026669915765524,8.0,8.0,2.0,8.0,24.0,0.0,0.0,-0.4376410245895386,0.0,0.3030400716467391
areal,33.0,14.0,8.0,1.0,0.625,8.0,0.0,False,0.0,8.0,8.0,8.0,8.0,8.0,0.0,0.0,0.0,0.0,0.0
areal,33.0,15.0,2.0,0.25,0.625,10.0,0.04381370544433594,True,0.02190685272216797,8.0,8.0,16.0,8.0,10.0,0.0,0.0,0.09010557783767581,0.0,0.04381370544433594
areal,34.0,0.0,7.0,0.875,0.6875,10.0,0.08053339831531048,True,0.04026669915765524,8.0,8.0,2.0,8.0,24.0,0.0,0.0,-0.4376410245895386,0.0,0.3030400716467391
areal,34.0,1.0,8.0,1.0,0.6875,8.0,0.0,False,0.0,8.0,8.0,8.0,8.0,8.0,0.0,0.0,0.0,0.0,0.0
areal,34.0,2.0,8.0,1.0,0.6875,8.0,0.0,False,0.0,8.0,8.0,8.0,8.0,8.0,0.0,0.0,0.0,0.0,0.0
areal,34.0,3.0,8.0,1.0,0.6875,8.0,0.0,False,0.0,8.0,8.0,8.0,8.0,8.0,0.0,0.0,0.0,0.0,0.0
areal,34.0,4.0,7.0,0.875,0.6875,10.0,0.08053339831531048,True,0.04026669915765524,8.0,8.0,2.0,8.0,24.0,0.0,0.0,-0.4376410245895386,0.0,0.3030400716467391
areal,34.0,5.0,7.0,0.875,0.6875,10.0,0.08053339831531048,True,0.04026669915765524,8.0,8.0,2.0,8.0,24.0,0.0,0.0,-0.4376410245895386,0.0,0.3030400716467391
areal,34.0,6.0,0.0,0.0,0.6875,8.0,0.0,False,0.0,8.0,8.0,8.0,8.0,8.0,0.0,0.0,0.0,0.0,0.0
areal,34.0,7.0,8.0,1.0,0.6875,8.0,0.0,False,0.0,8.0,8.0,8.0,8.0,8.0,0.0,0.0,0.0,0.0,0.0
areal,34.0,8.0,8.0,1.0,0.6875,8.0,0.0,False,0.0,8.0,8.0,8.0,8.0,8.0,0.0,0.0,0.0,0.0,0.0
areal,34.0,9.0,2.0,0.25,0.6875,10.0,0.04381370544433594,True,0.02190685272216797,8.0,8.0,16.0,8.0,10.0,0.0,0.0,0.09010557783767581,0.0,0.04381370544433594
areal,34.0,10.0,8.0,1.0,0.6875,8.0,0.0,False,0.0,8.0,8.0,8.0,8.0,8.0,0.0,0.0,0.0,0.0,0.0
areal,34.0,11.0,8.0,1.0,0.6875,8.0,0.0,False,0.0,8.0,8.0,8.0,8.0,8.0,0.0,0.0,0.0,0.0,0.0
areal,34.0,12.0,8.0,1.0,0.6875,8.0,0.0,False,0.0,8.0,8.0,8.0,8.0,8.0,0.0,0.0,0.0,0.0,0.0
areal,34.0,13.0,8.0,1.0,0.6875,8.0,0.0,False,0.0,8.0,8.0,8.0,8.0,8.0,0.0,0.0,0.0,0.0,0.0
areal,34.0,14.0,7.0,0.875,0.6875,10.0,0.08053339831531048,True,0.04026669915765524,8.0,8.0,2.0,8.0,24.0,0.0,0.0,-0.4376410245895386,0.0,0.3030400716467391
areal,34.0,15.0,8.0,1.0,0.6875,8.0,0.0,False,0.0,8.0,8.0,8.0,8.0,8.0,0.0,0.0,0.0,0.0,0.0
areal,35.0,0.0,8.0,1.0,0.8125,8.0,0.0,False,0.0,8.0,16.0,8.0,16.0,8.0,0.0,0.0,0.0,0.0,0.0
areal,35.0,1.0,8.0,1.0,0.8125,8.0,0.0,False,0.0,8.0,16.0,8.0,16.0,8.0,0.0,0.0,0.0,0.0,0.0
areal,35.0,2.0,8.0,1.0,0.8125,8.0,0.0,False,0.0,8.0,16.0,8.0,16.0,8.0,0.0,0.0,0.0,0.0,0.0
areal,35.0,3.0,8.0,1.0,0.8125,8.0,0.0,False,0.0,8.0,16.0,8.0,16.0,8.0,0.0,0.0,0.0,0.0,0.0
areal,35.0,4.0,0.0,0.0,0.8125,8.0,0.0,False,0.0,8.0,16.0,8.0,16.0,8.0,0.0,0.0,0.0,0.0,0.0
areal,35.0,5.0,8.0,1.0,0.8125,8.0,0.0,False,0.0,8.0,16.0,8.0,16.0,8.0,0.0,0.0,0.0,0.0,0.0
areal,35.0,6.0,7.0,0.875,0.8125,10.0,0.08053339831531048,True,0.04026669915765524,8.0,16.0,2.0,16.0,24.0,0.0,0.22554188838920908,-0.4376410245895386,0.22554188838920908,0.3030400716467391
areal,35.0,7.0,8.0,1.0,0.8125,8.0,0.0,False,0.0,8.0,16.0,8.0,16.0,8.0,0.0,0.0,0.0,0.0,0.0
areal,35.0,8.0,0.0,0.0,0.8125,8.0,0.0,False,0.0,8.0,16.0,8.0,16.0,8.0,0.0,0.0,0.0,0.0,0.0
areal,35.0,9.0,7.0,0.875,0.8125,10.0,0.08053339831531048,True,0.04026669915765524,8.0,16.0,2.0,16.0,24.0,0.0,0.22554188838920908,-0.4376410245895386,0.22554188838920908,0.3030400716467391
areal,35.0,10.0,8.0,1.0,0.8125,8.0,0.0,False,0.0,8.0,16.0,8.0,16.0,8.0,0.0,0.0,0.0,0.0,0.0
areal,35.0,11.0,8.0,1.0,0.8125,8.0,0.0,False,0.0,8.0,16.0,8.0,16.0,8.0,0.0,0.0,0.0,0.0,0.0
areal,35.0,12.0,8.0,1.0,0.8125,8.0,0.0,False,0.0,8.0,16.0,8.0,16.0,8.0,0.0,0.0,0.0,0.0,0.0
areal,35.0,13.0,8.0,1.0,0.8125,8.0,0.0,False,0.0,8.0,16.0,8.0,16.0,8.0,0.0,0.0,0.0,0.0,0.0
areal,35.0,14.0,6.0,0.75,0.8125,10.0,0.04381370544433594,True,0.02190685272216797,8.0,16.0,4.0,16.0,10.0,0.0,0.09010557783767581,-0.220184326171875,0.09010557783767581,0.04381370544433594
areal,35.0,15.0,8.0,1.0,0.8125,8.0,0.0,False,0.0,8.0,16.0,8.0,16.0,8.0,0.0,0.0,0.0,0.0,0.0
areal,36.0,0.0,5.0,0.625,0.75,10.0,0.014524189755320549,True,0.0072620948776602745,8.0,16.0,4.0,16.0,6.0,0.0,0.023131876420841024,-0.1486891508102417,0.023131876420841024,-0.03871142864227295
areal,36.0,1.0,8.0,1.0,0.75,8.0,0.0,False,0.0,8.0,16.0,8.0,16.0,8.0,0.0,0.0,0.0,0.0,0.0
areal,36.0,2.0,1.0,0.125,0.75,10.0,0.08053339831531048,True,0.04026669915765524,8.0,16.0,16.0,16.0,24.0,0.0,0.22554188838920908,0.22554188838920908,0.22554188838920908,0.3030400716467391
areal,36.0,3.0,6.0,0.75,0.75,10.0,0.04381370544433594,True,0.02190685272216797,8.0,16.0,4.0,16.0,10.0,0.0,0.09010557783767581,-0.220184326171875,0.09010557783767581,0.04381370544433594
areal,36.0,4.0,8.0,1.0,0.75,8.0,0.0,False,0.0,8.0,16.0,8.0,16.0,8.0,0.0,0.0,0.0,0.0,0.0
areal,36.0,5.0,8.0,1.0,0.75,8.0,0.0,False,0.0,8.0,16.0,8.0,16.0,8.0,0.0,0.0,0.0,0.0,0.0
areal,36.0,6.0,8.0,1.0,0.75,8.0,0.0,False,0.0,8.0,16.0,8.0,16.0,8.0,0.0,0.0,0.0,0.0,0.0
areal,36.0,7.0,8.0,1.0,0.75,8.0,0.0,False,0.0,8.0,16.0,8.0,16.0,8.0,0.0,0.0,0.0,0.0,0.0
areal,36.0,8.0,8.0,1.0,0.75,8.0,0.0,False,0.0,8.0,16.0,8.0,16.0,8.0,0.0,0.0,0.0,0.0,0.0
areal,36.0,9.0,8.0,1.0,0.75,8.0,0.0,False,0.0,8.0,16.0,8.0,16.0,8.0,0.0,0.0,0.0,0.0,0.0
areal,36.0,10.0,8.0,1.0,0.75,8.0,0.0,False,0.0,8.0,16.0,8.0,16.0,8.0,0.0,0.0,0.0,0.0,0.0
areal,36.0,11.0,8.0,1.0,0.75,8.0,0.0,False,0.0,8.0,16.0,8.0,16.0,8.0,0.0,0.0,0.0,0.0,0.0
areal,36.0,12.0,8.0,1.0,0.75,8.0,0.0,False,0.0,8.0,16.0,8.0,16.0,8.0,0.0,0.0,0.0,0.0,0.0
areal,36.0,13.0,7.0,0.875,0.75,10.0,0.08053339831531048,True,0.04026669915765524,8.0,16.0,2.0,16.0,24.0,0.0,0.22554188838920908,-0.4376410245895386,0.22554188838920908,0.3030400716467391
areal,36.0,14.0,8.0,1.0,0.75,8.0,0.0,False,0.0,8.0,16.0,8.0,16.0,8.0,0.0,0.0,0.0,0.0,0.0
areal,36.0,15.0,8.0,1.0,0.75,8.0,0.0,False,0.0,8.0,16.0,8.0,16.0,8.0,0.0,0.0,0.0,0.0,0.0
areal,37.0,0.0,8.0,1.0,0.6875,8.0,0.0,False,0.0,8.0,8.0,8.0,8.0,8.0,0.0,0.0,0.0,0.0,0.0
areal,37.0,1.0,0.0,0.0,0.6875,8.0,0.0,False,0.0,8.0,8.0,8.0,8.0,8.0,0.0,0.0,0.0,0.0,0.0
areal,37.0,2.0,6.0,0.75,0.6875,10.0,0.04381370544433594,True,0.02190685272216797,8.0,8.0,4.0,8.0,10.0,0.0,0.0,-0.220184326171875,0.0,0.04381370544433594
areal,37.0,3.0,8.0,1.0,0.6875,8.0,0.0,False,0.0,8.0,8.0,8.0,8.0,8.0,0.0,0.0,0.0,0.0,0.0
areal,37.0,4.0,8.0,1.0,0.6875,8.0,0.0,False,0.0,8.0,8.0,8.0,8.0,8.0,0.0,0.0,0.0,0.0,0.0
areal,37.0,5.0,8.0,1.0,0.6875,8.0,0.0,False,0.0,8.0,8.0,8.0,8.0,8.0,0.0,0.0,0.0,0.0,0.0
areal,37.0,6.0,1.0,0.125,0.6875,10.0,0.08053339831531048,True,0.04026669915765524,8.0,8.0,16.0,8.0,24.0,0.0,0.0,0.22554188838920908,0.0,0.3030400716467391
areal,37.0,7.0,4.0,0.5,0.6875,10.0,0.005859375,True,0.0029296875,8.0,8.0,8.0,8.0,6.0,0.0,0.0,0.0,0.0,-0.0234375
areal,37.0,8.0,7.0,0.875,0.6875,10.0,0.08053339831531048,True,0.04026669915765524,8.0,8.0,2.0,8.0,24.0,0.0,0.0,-0.4376410245895386,0.0,0.3030400716467391
areal,37.0,9.0,8.0,1.0,0.6875,8.0,0.0,False,0.0,8.0,8.0,8.0,8.0,8.0,0.0,0.0,0.0,0.0,0.0
areal,37.0,10.0,4.0,0.5,0.6875,10.0,0.005859375,True,0.0029296875,8.0,8.0,8.0,8.0,6.0,0.0,0.0,0.0,0.0,-0.0234375
areal,37.0,11.0,0.0,0.0,0.6875,8.0,0.0,False,0.0,8.0,8.0,8.0,8.0,8.0,0.0,0.0,0.0,0.0,0.0
areal,37.0,12.0,8.0,1.0,0.6875,8.0,0.0,False,0.0,8.0,8.0,8.0,8.0,8.0,0.0,0.0,0.0,0.0,0.0
areal,37.0,13.0,8.0,1.0,0.6875,8.0,0.0,False,0.0,8.0,8.0,8.0,8.0,8.0,0.0,0.0,0.0,0.0,0.0
areal,37.0,14.0,8.0,1.0,0.6875,8.0,0.0,False,0.0,8.0,8.0,8.0,8.0,8.0,0.0,0.0,0.0,0.0,0.0
areal,37.0,15.0,0.0,0.0,0.6875,8.0,0.0,False,0.0,8.0,8.0,8.0,8.0,8.0,0.0,0.0,0.0,0.0,0.0
areal,38.0,0.0,8.0,1.0,0.8125,8.0,0.0,False,0.0,8.0,16.0,8.0,16.0,8.0,0.0,0.0,0.0,0.0,0.0
areal,38.0,1.0,8.0,1.0,0.8125,8.0,0.0,False,0.0,8.0,16.0,8.0,16.0,8.0,0.0,0.0,0.0,0.0,0.0
areal,38.0,2.0,8.0,1.0,0.8125,8.0,0.0,False,0.0,8.0,16.0,8.0,16.0,8.0,0.0,0.0,0.0,0.0,0.0
areal,38.0,3.0,0.0,0.0,0.8125,8.0,0.0,False,0.0,8.0,16.0,8.0,16.0,8.0,0.0,0.0,0.0,0.0,0.0
areal,38.0,4.0,3.0,0.375,0.8125,10.0,0.014524189755320549,True,0.0072620948776602745,8.0,16.0,8.0,16.0,6.0,0.0,0.023131876420841024,0.0,0.023131876420841024,-0.03871142864227295
areal,38.0,5.0,8.0,1.0,0.8125,8.0,0.0,False,0.0,8.0,16.0,8.0,16.0,8.0,0.0,0.0,0.0,0.0,0.0
areal,38.0,6.0,8.0,1.0,0.8125,8.0,0.0,False,0.0,8.0,16.0,8.0,16.0,8.0,0.0,0.0,0.0,0.0,0.0
areal,38.0,7.0,8.0,1.0,0.8125,8.0,0.0,False,0.0,8.0,16.0,8.0,16.0,8.0,0.0,0.0,0.0,0.0,0.0
areal,38.0,8.0,8.0,1.0,0.8125,8.0,0.0,False,0.0,8.0,16.0,8.0,16.0,8.0,0.0,0.0,0.0,0.0,0.0
areal,38.0,9.0,8.0,1.0,0.8125,8.0,0.0,False,0.0,8.0,16.0,8.0,16.0,8.0,0.0,0.0,0.0,0.0,0.0
areal,38.0,10.0,7.0,0.875,0.8125,10.0,0.08053339831531048,True,0.04026669915765524,8.0,16.0,2.0,16.0,24.0,0.0,0.22554188838920908,-0.4376410245895386,0.22554188838920908,0.3030400716467391
areal,38.0,11.0,8.0,1.0,0.8125,8.0,0.0,False,0.0,8.0,16.0,8.0,16.0,8.0,0.0,0.0,0.0,0.0,0.0
areal,38.0,12.0,8.0,1.0,0.8125,8.0,0.0,False,0.0,8.0,16.0,8.0,16.0,8.0,0.0,0.0,0.0,0.0,0.0
areal,38.0,13.0,0.0,0.0,0.8125,8.0,0.0,False,0.0,8.0,16.0,8.0,16.0,8.0,0.0,0.0,0.0,0.0,0.0
areal,38.0,14.0,2.0,0.25,0.8125,10.0,0.04381370544433594,True,0.02190685272216797,8.0,16.0,16.0,16.0,10.0,0.0,0.09010557783767581,0.09010557783767581,0.09010557783767581,0.04381370544433594
areal,38.0,15.0,8.0,1.0,0.8125,8.0,0.0,False,0.0,8.0,16.0,8.0,16.0,8.0,0.0,0.0,0.0,0.0,0.0
areal,39.0,0.0,8.0,1.0,0.75,8.0,0.0,False,0.0,8.0,16.0,8.0,16.0,8.0,0.0,0.0,0.0,0.0,0.0
areal,39.0,1.0,8.0,1.0,0.75,8.0,0.0,False,0.0,8.0,16.0,8.0,16.0,8.0,0.0,0.0,0.0,0.0,0.0
areal,39.0,2.0,2.0,0.25,0.75,10.0,0.04381370544433594,True,0.02190685272216797,8.0,16.0,16.0,16.0,10.0,0.0,0.09010557783767581,0.09010557783767581,0.09010557783767581,0.04381370544433594
areal,39.0,3.0,8.0,1.0,0.75,8.0,0.0,False,0.0,8.0,16.0,8.0,16.0,8.0,0.0,0.0,0.0,0.0,0.0
areal,39.0,4.0,1.0,0.125,0.75,10.0,0.08053339831531048,True,0.04026669915765524,8.0,16.0,16.0,16.0,24.0,0.0,0.22554188838920908,0.22554188838920908,0.22554188838920908,0.3030400716467391
areal,39.0,5.0,8.0,1.0,0.75,8.0,0.0,False,0.0,8.0,16.0,8.0,16.0,8.0,0.0,0.0,0.0,0.0,0.0
areal,39.0,6.0,8.0,1.0,0.75,8.0,0.0,False,0.0,8.0,16.0,8.0,16.0,8.0,0.0,0.0,0.0,0.0,0.0
areal,39.0,7.0,8.0,1.0,0.75,8.0,0.0,False,0.0,8.0,16.0,8.0,16.0,8.0,0.0,0.0,0.0,0.0,0.0
areal,39.0,8.0,5.0,0.625,0.75,10.0,0.014524189755320549,True,0.0072620948776602745,8.0,16.0,4.0,16.0,6.0,0.0,0.023131876420841024,-0.1486891508102417,0.023131876420841024,-0.03871142864227295
areal,39.0,9.0,8.0,1.0,0.75,8.0,0.0,False,0.0,8.0,16.0,8.0,16.0,8.0,0.0,0.0,0.0,0.0,0.0
areal,39.0,10.0,8.0,1.0,0.75,8.0,0.0,False,0.0,8.0,16.0,8.0,16.0,8.0,0.0,0.0,0.0,0.0,0.0
areal,39.0,11.0,8.0,1.0,0.75,8.0,0.0,False,0.0,8.0,16.0,8.0,16.0,8.0,0.0,0.0,0.0,0.0,0.0
areal,39.0,12.0,8.0,1.0,0.75,8.0,0.0,False,0.0,8.0,16.0,8.0,16.0,8.0,0.0,0.0,0.0,0.0,0.0
areal,39.0,13.0,6.0,0.75,0.75,10.0,0.04381370544433594,True,0.02190685272216797,8.0,16.0,4.0,16.0,10.0,0.0,0.09010557783767581,-0.220184326171875,0.09010557783767581,0.04381370544433594
areal,39.0,14.0,8.0,1.0,0.75,8.0,0.0,False,0.0,8.0,16.0,8.0,16.0,8.0,0.0,0.0,0.0,0.0,0.0
areal,39.0,15.0,0.0,0.0,0.75,8.0,0.0,False,0.0,8.0,16.0,8.0,16.0,8.0,0.0,0.0,0.0,0.0,0.0
gift,0.0,0.0,8.0,1.0,0.75,8.0,0.0,False,0.0,8.0,16.0,8.0,16.0,8.0,0.0,0.0,0.0,0.0,0.0
gift,0.0,1.0,4.0,0.5,0.75,10.0,0.005859375,True,0.0029296875,8.0,16.0,8.0,16.0,6.0,0.0,0.007781982421875,0.0,0.007781982421875,-0.0234375
gift,0.0,2.0,8.0,1.0,0.75,8.0,0.0,False,0.0,8.0,16.0,8.0,16.0,8.0,0.0,0.0,0.0,0.0,0.0
gift,0.0,3.0,8.0,1.0,0.75,8.0,0.0,False,0.0,8.0,16.0,8.0,16.0,8.0,0.0,0.0,0.0,0.0,0.0
gift,0.0,4.0,8.0,1.0,0.75,8.0,0.0,False,0.0,8.0,16.0,8.0,16.0,8.0,0.0,0.0,0.0,0.0,0.0
gift,0.0,5.0,8.0,1.0,0.75,8.0,0.0,False,0.0,8.0,16.0,8.0,16.0,8.0,0.0,0.0,0.0,0.0,0.0
gift,0.0,6.0,8.0,1.0,0.75,8.0,0.0,False,0.0,8.0,16.0,8.0,16.0,8.0,0.0,0.0,0.0,0.0,0.0
gift,0.0,7.0,8.0,1.0,0.75,8.0,0.0,False,0.0,8.0,16.0,8.0,16.0,8.0,0.0,0.0,0.0,0.0,0.0
gift,0.0,8.0,8.0,1.0,0.75,8.0,0.0,False,0.0,8.0,16.0,8.0,16.0,8.0,0.0,0.0,0.0,0.0,0.0
gift,0.0,9.0,2.0,0.25,0.75,10.0,0.04381370544433594,True,0.02190685272216797,8.0,16.0,16.0,16.0,10.0,0.0,0.09010557783767581,0.09010557783767581,0.09010557783767581,0.04381370544433594
gift,0.0,10.0,6.0,0.75,0.75,10.0,0.04381370544433594,True,0.02190685272216797,8.0,16.0,4.0,16.0,10.0,0.0,0.09010557783767581,-0.220184326171875,0.09010557783767581,0.04381370544433594
gift,0.0,11.0,5.0,0.625,0.75,10.0,0.014524189755320549,True,0.0072620948776602745,8.0,16.0,4.0,16.0,6.0,0.0,0.023131876420841024,-0.1486891508102417,0.023131876420841024,-0.03871142864227295
gift,0.0,12.0,8.0,1.0,0.75,8.0,0.0,False,0.0,8.0,16.0,8.0,16.0,8.0,0.0,0.0,0.0,0.0,0.0
gift,0.0,13.0,8.0,1.0,0.75,8.0,0.0,False,0.0,8.0,16.0,8.0,16.0,8.0,0.0,0.0,0.0,0.0,0.0
gift,0.0,14.0,0.0,0.0,0.75,8.0,0.0,False,0.0,8.0,16.0,8.0,16.0,8.0,0.0,0.0,0.0,0.0,0.0
gift,0.0,15.0,8.0,1.0,0.75,8.0,0.0,False,0.0,8.0,16.0,8.0,16.0,8.0,0.0,0.0,0.0,0.0,0.0
gift,1.0,0.0,8.0,1.0,0.5625,8.0,0.0,False,0.0,8.0,8.0,8.0,8.0,8.0,0.0,0.0,0.0,0.0,0.0
gift,1.0,1.0,4.0,0.5,0.5625,10.0,0.005859375,True,0.0029296875,8.0,8.0,8.0,8.0,6.0,0.0,0.0,0.0,0.0,-0.0234375
gift,1.0,2.0,2.0,0.25,0.5625,10.0,0.04381370544433594,True,0.02190685272216797,8.0,8.0,16.0,8.0,10.0,0.0,0.0,0.09010557783767581,0.0,0.04381370544433594
gift,1.0,3.0,8.0,1.0,0.5625,8.0,0.0,False,0.0,8.0,8.0,8.0,8.0,8.0,0.0,0.0,0.0,0.0,0.0
gift,1.0,4.0,8.0,1.0,0.5625,8.0,0.0,False,0.0,8.0,8.0,8.0,8.0,8.0,0.0,0.0,0.0,0.0,0.0
gift,1.0,5.0,8.0,1.0,0.5625,8.0,0.0,False,0.0,8.0,8.0,8.0,8.0,8.0,0.0,0.0,0.0,0.0,0.0
gift,1.0,6.0,8.0,1.0,0.5625,8.0,0.0,False,0.0,8.0,8.0,8.0,8.0,8.0,0.0,0.0,0.0,0.0,0.0
gift,1.0,7.0,7.0,0.875,0.5625,10.0,0.08053339831531048,True,0.04026669915765524,8.0,8.0,2.0,8.0,24.0,0.0,0.0,-0.4376410245895386,0.0,0.3030400716467391
gift,1.0,8.0,8.0,1.0,0.5625,8.0,0.0,False,0.0,8.0,8.0,8.0,8.0,8.0,0.0,0.0,0.0,0.0,0.0
gift,1.0,9.0,6.0,0.75,0.5625,10.0,0.04381370544433594,True,0.02190685272216797,8.0,8.0,4.0,8.0,10.0,0.0,0.0,-0.220184326171875,0.0,0.04381370544433594
gift,1.0,10.0,7.0,0.875,0.5625,10.0,0.08053339831531048,True,0.04026669915765524,8.0,8.0,2.0,8.0,24.0,0.0,0.0,-0.4376410245895386,0.0,0.3030400716467391
gift,1.0,11.0,8.0,1.0,0.5625,8.0,0.0,False,0.0,8.0,8.0,8.0,8.0,8.0,0.0,0.0,0.0,0.0,0.0
gift,1.0,12.0,8.0,1.0,0.5625,8.0,0.0,False,0.0,8.0,8.0,8.0,8.0,8.0,0.0,0.0,0.0,0.0,0.0
gift,1.0,13.0,4.0,0.5,0.5625,10.0,0.005859375,True,0.0029296875,8.0,8.0,8.0,8.0,6.0,0.0,0.0,0.0,0.0,-0.0234375
gift,1.0,14.0,8.0,1.0,0.5625,8.0,0.0,False,0.0,8.0,8.0,8.0,8.0,8.0,0.0,0.0,0.0,0.0,0.0
gift,1.0,15.0,1.0,0.125,0.5625,10.0,0.08053339831531048,True,0.04026669915765524,8.0,8.0,16.0,8.0,24.0,0.0,0.0,0.22554188838920908,0.0,0.3030400716467391
gift,2.0,0.0,7.0,0.875,0.6875,10.0,0.08053339831531048,True,0.04026669915765524,8.0,8.0,2.0,8.0,24.0,0.0,0.0,-0.4376410245895386,0.0,0.3030400716467391
gift,2.0,1.0,8.0,1.0,0.6875,8.0,0.0,False,0.0,8.0,8.0,8.0,8.0,8.0,0.0,0.0,0.0,0.0,0.0
gift,2.0,2.0,7.0,0.875,0.6875,10.0,0.08053339831531048,True,0.04026669915765524,8.0,8.0,2.0,8.0,24.0,0.0,0.0,-0.4376410245895386,0.0,0.3030400716467391
gift,2.0,3.0,8.0,1.0,0.6875,8.0,0.0,False,0.0,8.0,8.0,8.0,8.0,8.0,0.0,0.0,0.0,0.0,0.0
gift,2.0,4.0,7.0,0.875,0.6875,10.0,0.08053339831531048,True,0.04026669915765524,8.0,8.0,2.0,8.0,24.0,0.0,0.0,-0.4376410245895386,0.0,0.3030400716467391
gift,2.0,5.0,7.0,0.875,0.6875,10.0,0.08053339831531048,True,0.04026669915765524,8.0,8.0,2.0,8.0,24.0,0.0,0.0,-0.4376410245895386,0.0,0.3030400716467391
gift,2.0,6.0,0.0,0.0,0.6875,8.0,0.0,False,0.0,8.0,8.0,8.0,8.0,8.0,0.0,0.0,0.0,0.0,0.0
gift,2.0,7.0,8.0,1.0,0.6875,8.0,0.0,False,0.0,8.0,8.0,8.0,8.0,8.0,0.0,0.0,0.0,0.0,0.0
gift,2.0,8.0,8.0,1.0,0.6875,8.0,0.0,False,0.0,8.0,8.0,8.0,8.0,8.0,0.0,0.0,0.0,0.0,0.0
gift,2.0,9.0,1.0,0.125,0.6875,10.0,0.08053339831531048,True,0.04026669915765524,8.0,8.0,16.0,8.0,24.0,0.0,0.0,0.22554188838920908,0.0,0.3030400716467391
gift,2.0,10.0,8.0,1.0,0.6875,8.0,0.0,False,0.0,8.0,8.0,8.0,8.0,8.0,0.0,0.0,0.0,0.0,0.0
gift,2.0,11.0,8.0,1.0,0.6875,8.0,0.0,False,0.0,8.0,8.0,8.0,8.0,8.0,0.0,0.0,0.0,0.0,0.0
gift,2.0,12.0,8.0,1.0,0.6875,8.0,0.0,False,0.0,8.0,8.0,8.0,8.0,8.0,0.0,0.0,0.0,0.0,0.0
gift,2.0,13.0,8.0,1.0,0.6875,8.0,0.0,False,0.0,8.0,8.0,8.0,8.0,8.0,0.0,0.0,0.0,0.0,0.0
gift,2.0,14.0,8.0,1.0,0.6875,8.0,0.0,False,0.0,8.0,8.0,8.0,8.0,8.0,0.0,0.0,0.0,0.0,0.0
gift,2.0,15.0,8.0,1.0,0.6875,8.0,0.0,False,0.0,8.0,8.0,8.0,8.0,8.0,0.0,0.0,0.0,0.0,0.0
gift,3.0,0.0,6.0,0.75,0.5625,10.0,0.04381370544433594,True,0.02190685272216797,8.0,8.0,4.0,8.0,10.0,0.0,0.0,-0.220184326171875,0.0,0.04381370544433594
gift,3.0,1.0,8.0,1.0,0.5625,8.0,0.0,False,0.0,8.0,8.0,8.0,8.0,8.0,0.0,0.0,0.0,0.0,0.0
gift,3.0,2.0,8.0,1.0,0.5625,8.0,0.0,False,0.0,8.0,8.0,8.0,8.0,8.0,0.0,0.0,0.0,0.0,0.0
gift,3.0,3.0,6.0,0.75,0.5625,10.0,0.04381370544433594,True,0.02190685272216797,8.0,8.0,4.0,8.0,10.0,0.0,0.0,-0.220184326171875,0.0,0.04381370544433594
gift,3.0,4.0,0.0,0.0,0.5625,8.0,0.0,False,0.0,8.0,8.0,8.0,8.0,8.0,0.0,0.0,0.0,0.0,0.0
gift,3.0,5.0,8.0,1.0,0.5625,8.0,0.0,False,0.0,8.0,8.0,8.0,8.0,8.0,0.0,0.0,0.0,0.0,0.0
gift,3.0,6.0,7.0,0.875,0.5625,10.0,0.08053339831531048,True,0.04026669915765524,8.0,8.0,2.0,8.0,24.0,0.0,0.0,-0.4376410245895386,0.0,0.3030400716467391
gift,3.0,7.0,8.0,1.0,0.5625,8.0,0.0,False,0.0,8.0,8.0,8.0,8.0,8.0,0.0,0.0,0.0,0.0,0.0
gift,3.0,8.0,0.0,0.0,0.5625,8.0,0.0,False,0.0,8.0,8.0,8.0,8.0,8.0,0.0,0.0,0.0,0.0,0.0
gift,3.0,9.0,7.0,0.875,0.5625,10.0,0.08053339831531048,True,0.04026669915765524,8.0,8.0,2.0,8.0,24.0,0.0,0.0,-0.4376410245895386,0.0,0.3030400716467391
gift,3.0,10.0,8.0,1.0,0.5625,8.0,0.0,False,0.0,8.0,8.0,8.0,8.0,8.0,0.0,0.0,0.0,0.0,0.0
gift,3.0,11.0,7.0,0.875,0.5625,10.0,0.08053339831531048,True,0.04026669915765524,8.0,8.0,2.0,8.0,24.0,0.0,0.0,-0.4376410245895386,0.0,0.3030400716467391
gift,3.0,12.0,8.0,1.0,0.5625,8.0,0.0,False,0.0,8.0,8.0,8.0,8.0,8.0,0.0,0.0,0.0,0.0,0.0
gift,3.0,13.0,6.0,0.75,0.5625,10.0,0.04381370544433594,True,0.02190685272216797,8.0,8.0,4.0,8.0,10.0,0.0,0.0,-0.220184326171875,0.0,0.04381370544433594
gift,3.0,14.0,2.0,0.25,0.5625,10.0,0.04381370544433594,True,0.02190685272216797,8.0,8.0,16.0,8.0,10.0,0.0,0.0,0.09010557783767581,0.0,0.04381370544433594
gift,3.0,15.0,8.0,1.0,0.5625,8.0,0.0,False,0.0,8.0,8.0,8.0,8.0,8.0,0.0,0.0,0.0,0.0,0.0
gift,4.0,0.0,7.0,0.875,0.6875,10.0,0.08053339831531048,True,0.04026669915765524,8.0,8.0,2.0,8.0,24.0,0.0,0.0,-0.4376410245895386,0.0,0.3030400716467391
gift,4.0,1.0,6.0,0.75,0.6875,10.0,0.04381370544433594,True,0.02190685272216797,8.0,8.0,4.0,8.0,10.0,0.0,0.0,-0.220184326171875,0.0,0.04381370544433594
gift,4.0,2.0,0.0,0.0,0.6875,8.0,0.0,False,0.0,8.0,8.0,8.0,8.0,8.0,0.0,0.0,0.0,0.0,0.0
gift,4.0,3.0,5.0,0.625,0.6875,10.0,0.014524189755320549,True,0.0072620948776602745,8.0,8.0,4.0,8.0,6.0,0.0,0.0,-0.1486891508102417,0.0,-0.03871142864227295
gift,4.0,4.0,8.0,1.0,0.6875,8.0,0.0,False,0.0,8.0,8.0,8.0,8.0,8.0,0.0,0.0,0.0,0.0,0.0
gift,4.0,5.0,8.0,1.0,0.6875,8.0,0.0,False,0.0,8.0,8.0,8.0,8.0,8.0,0.0,0.0,0.0,0.0,0.0
gift,4.0,6.0,8.0,1.0,0.6875,8.0,0.0,False,0.0,8.0,8.0,8.0,8.0,8.0,0.0,0.0,0.0,0.0,0.0
gift,4.0,7.0,8.0,1.0,0.6875,8.0,0.0,False,0.0,8.0,8.0,8.0,8.0,8.0,0.0,0.0,0.0,0.0,0.0
gift,4.0,8.0,8.0,1.0,0.6875,8.0,0.0,False,0.0,8.0,8.0,8.0,8.0,8.0,0.0,0.0,0.0,0.0,0.0
gift,4.0,9.0,8.0,1.0,0.6875,8.0,0.0,False,0.0,8.0,8.0,8.0,8.0,8.0,0.0,0.0,0.0,0.0,0.0
gift,4.0,10.0,8.0,1.0,0.6875,8.0,0.0,False,0.0,8.0,8.0,8.0,8.0,8.0,0.0,0.0,0.0,0.0,0.0
gift,4.0,11.0,8.0,1.0,0.6875,8.0,0.0,False,0.0,8.0,8.0,8.0,8.0,8.0,0.0,0.0,0.0,0.0,0.0
gift,4.0,12.0,8.0,1.0,0.6875,8.0,0.0,False,0.0,8.0,8.0,8.0,8.0,8.0,0.0,0.0,0.0,0.0,0.0
gift,4.0,13.0,6.0,0.75,0.6875,10.0,0.04381370544433594,True,0.02190685272216797,8.0,8.0,4.0,8.0,10.0,0.0,0.0,-0.220184326171875,0.0,0.04381370544433594
gift,4.0,14.0,8.0,1.0,0.6875,8.0,0.0,False,0.0,8.0,8.0,8.0,8.0,8.0,0.0,0.0,0.0,0.0,0.0
gift,4.0,15.0,7.0,0.875,0.6875,10.0,0.08053339831531048,True,0.04026669915765524,8.0,8.0,2.0,8.0,24.0,0.0,0.0,-0.4376410245895386,0.0,0.3030400716467391
gift,5.0,0.0,8.0,1.0,0.625,8.0,0.0,False,0.0,8.0,8.0,8.0,8.0,8.0,0.0,0.0,0.0,0.0,0.0
gift,5.0,1.0,0.0,0.0,0.625,8.0,0.0,False,0.0,8.0,8.0,8.0,8.0,8.0,0.0,0.0,0.0,0.0,0.0
gift,5.0,2.0,5.0,0.625,0.625,10.0,0.014524189755320549,True,0.0072620948776602745,8.0,8.0,4.0,8.0,6.0,0.0,0.0,-0.1486891508102417,0.0,-0.03871142864227295
gift,5.0,3.0,8.0,1.0,0.625,8.0,0.0,False,0.0,8.0,8.0,8.0,8.0,8.0,0.0,0.0,0.0,0.0,0.0
gift,5.0,4.0,8.0,1.0,0.625,8.0,0.0,False,0.0,8.0,8.0,8.0,8.0,8.0,0.0,0.0,0.0,0.0,0.0
gift,5.0,5.0,8.0,1.0,0.625,8.0,0.0,False,0.0,8.0,8.0,8.0,8.0,8.0,0.0,0.0,0.0,0.0,0.0
gift,5.0,6.0,1.0,0.125,0.625,10.0,0.08053339831531048,True,0.04026669915765524,8.0,8.0,16.0,8.0,24.0,0.0,0.0,0.22554188838920908,0.0,0.3030400716467391
gift,5.0,7.0,1.0,0.125,0.625,10.0,0.08053339831531048,True,0.04026669915765524,8.0,8.0,16.0,8.0,24.0,0.0,0.0,0.22554188838920908,0.0,0.3030400716467391
gift,5.0,8.0,7.0,0.875,0.625,10.0,0.08053339831531048,True,0.04026669915765524,8.0,8.0,2.0,8.0,24.0,0.0,0.0,-0.4376410245895386,0.0,0.3030400716467391
gift,5.0,9.0,8.0,1.0,0.625,8.0,0.0,False,0.0,8.0,8.0,8.0,8.0,8.0,0.0,0.0,0.0,0.0,0.0
gift,5.0,10.0,1.0,0.125,0.625,10.0,0.08053339831531048,True,0.04026669915765524,8.0,8.0,16.0,8.0,24.0,0.0,0.0,0.22554188838920908,0.0,0.3030400716467391
gift,5.0,11.0,1.0,0.125,0.625,10.0,0.08053339831531048,True,0.04026669915765524,8.0,8.0,16.0,8.0,24.0,0.0,0.0,0.22554188838920908,0.0,0.3030400716467391
gift,5.0,12.0,8.0,1.0,0.625,8.0,0.0,False,0.0,8.0,8.0,8.0,8.0,8.0,0.0,0.0,0.0,0.0,0.0
gift,5.0,13.0,8.0,1.0,0.625,8.0,0.0,False,0.0,8.0,8.0,8.0,8.0,8.0,0.0,0.0,0.0,0.0,0.0
gift,5.0,14.0,8.0,1.0,0.625,8.0,0.0,False,0.0,8.0,8.0,8.0,8.0,8.0,0.0,0.0,0.0,0.0,0.0
gift,5.0,15.0,0.0,0.0,0.625,8.0,0.0,False,0.0,8.0,8.0,8.0,8.0,8.0,0.0,0.0,0.0,0.0,0.0
gift,6.0,0.0,8.0,1.0,0.75,8.0,0.0,False,0.0,8.0,16.0,8.0,16.0,8.0,0.0,0.0,0.0,0.0,0.0
gift,6.0,1.0,6.0,0.75,0.75,10.0,0.04381370544433594,True,0.02190685272216797,8.0,16.0,4.0,16.0,10.0,0.0,0.09010557783767581,-0.220184326171875,0.09010557783767581,0.04381370544433594
gift,6.0,2.0,8.0,1.0,0.75,8.0,0.0,False,0.0,8.0,16.0,8.0,16.0,8.0,0.0,0.0,0.0,0.0,0.0
gift,6.0,3.0,0.0,0.0,0.75,8.0,0.0,False,0.0,8.0,16.0,8.0,16.0,8.0,0.0,0.0,0.0,0.0,0.0
gift,6.0,4.0,5.0,0.625,0.75,10.0,0.014524189755320549,True,0.0072620948776602745,8.0,16.0,4.0,16.0,6.0,0.0,0.023131876420841024,-0.1486891508102417,0.023131876420841024,-0.03871142864227295
gift,6.0,5.0,8.0,1.0,0.75,8.0,0.0,False,0.0,8.0,16.0,8.0,16.0,8.0,0.0,0.0,0.0,0.0,0.0
gift,6.0,6.0,8.0,1.0,0.75,8.0,0.0,False,0.0,8.0,16.0,8.0,16.0,8.0,0.0,0.0,0.0,0.0,0.0
gift,6.0,7.0,8.0,1.0,0.75,8.0,0.0,False,0.0,8.0,16.0,8.0,16.0,8.0,0.0,0.0,0.0,0.0,0.0
gift,6.0,8.0,8.0,1.0,0.75,8.0,0.0,False,0.0,8.0,16.0,8.0,16.0,8.0,0.0,0.0,0.0,0.0,0.0
gift,6.0,9.0,8.0,1.0,0.75,8.0,0.0,False,0.0,8.0,16.0,8.0,16.0,8.0,0.0,0.0,0.0,0.0,0.0
gift,6.0,10.0,7.0,0.875,0.75,10.0,0.08053339831531048,True,0.04026669915765524,8.0,16.0,2.0,16.0,24.0,0.0,0.22554188838920908,-0.4376410245895386,0.22554188838920908,0.3030400716467391
gift,6.0,11.0,8.0,1.0,0.75,8.0,0.0,False,0.0,8.0,16.0,8.0,16.0,8.0,0.0,0.0,0.0,0.0,0.0
gift,6.0,12.0,8.0,1.0,0.75,8.0,0.0,False,0.0,8.0,16.0,8.0,16.0,8.0,0.0,0.0,0.0,0.0,0.0
gift,6.0,13.0,0.0,0.0,0.75,8.0,0.0,False,0.0,8.0,16.0,8.0,16.0,8.0,0.0,0.0,0.0,0.0,0.0
gift,6.0,14.0,3.0,0.375,0.75,10.0,0.014524189755320549,True,0.0072620948776602745,8.0,16.0,8.0,16.0,6.0,0.0,0.023131876420841024,0.0,0.023131876420841024,-0.03871142864227295
gift,6.0,15.0,8.0,1.0,0.75,8.0,0.0,False,0.0,8.0,16.0,8.0,16.0,8.0,0.0,0.0,0.0,0.0,0.0
gift,7.0,0.0,8.0,1.0,0.6875,8.0,0.0,False,0.0,8.0,8.0,8.0,8.0,8.0,0.0,0.0,0.0,0.0,0.0
gift,7.0,1.0,8.0,1.0,0.6875,8.0,0.0,False,0.0,8.0,8.0,8.0,8.0,8.0,0.0,0.0,0.0,0.0,0.0
gift,7.0,2.0,0.0,0.0,0.6875,8.0,0.0,False,0.0,8.0,8.0,8.0,8.0,8.0,0.0,0.0,0.0,0.0,0.0
gift,7.0,3.0,8.0,1.0,0.6875,8.0,0.0,False,0.0,8.0,8.0,8.0,8.0,8.0,0.0,0.0,0.0,0.0,0.0
gift,7.0,4.0,1.0,0.125,0.6875,10.0,0.08053339831531048,True,0.04026669915765524,8.0,8.0,16.0,8.0,24.0,0.0,0.0,0.22554188838920908,0.0,0.3030400716467391
gift,7.0,5.0,6.0,0.75,0.6875,10.0,0.04381370544433594,True,0.02190685272216797,8.0,8.0,4.0,8.0,10.0,0.0,0.0,-0.220184326171875,0.0,0.04381370544433594
gift,7.0,6.0,8.0,1.0,0.6875,8.0,0.0,False,0.0,8.0,8.0,8.0,8.0,8.0,0.0,0.0,0.0,0.0,0.0
gift,7.0,7.0,8.0,1.0,0.6875,8.0,0.0,False,0.0,8.0,8.0,8.0,8.0,8.0,0.0,0.0,0.0,0.0,0.0
gift,7.0,8.0,0.0,0.0,0.6875,8.0,0.0,False,0.0,8.0,8.0,8.0,8.0,8.0,0.0,0.0,0.0,0.0,0.0
gift,7.0,9.0,8.0,1.0,0.6875,8.0,0.0,False,0.0,8.0,8.0,8.0,8.0,8.0,0.0,0.0,0.0,0.0,0.0
gift,7.0,10.0,8.0,1.0,0.6875,8.0,0.0,False,0.0,8.0,8.0,8.0,8.0,8.0,0.0,0.0,0.0,0.0,0.0
gift,7.0,11.0,8.0,1.0,0.6875,8.0,0.0,False,0.0,8.0,8.0,8.0,8.0,8.0,0.0,0.0,0.0,0.0,0.0
gift,7.0,12.0,7.0,0.875,0.6875,10.0,0.08053339831531048,True,0.04026669915765524,8.0,8.0,2.0,8.0,24.0,0.0,0.0,-0.4376410245895386,0.0,0.3030400716467391
gift,7.0,13.0,6.0,0.75,0.6875,10.0,0.04381370544433594,True,0.02190685272216797,8.0,8.0,4.0,8.0,10.0,0.0,0.0,-0.220184326171875,0.0,0.04381370544433594
gift,7.0,14.0,8.0,1.0,0.6875,8.0,0.0,False,0.0,8.0,8.0,8.0,8.0,8.0,0.0,0.0,0.0,0.0,0.0
gift,7.0,15.0,1.0,0.125,0.6875,10.0,0.08053339831531048,True,0.04026669915765524,8.0,8.0,16.0,8.0,24.0,0.0,0.0,0.22554188838920908,0.0,0.3030400716467391
gift,8.0,0.0,8.0,1.0,0.625,8.0,0.0,False,0.0,8.0,8.0,8.0,8.0,8.0,0.0,0.0,0.0,0.0,0.0
gift,8.0,1.0,8.0,1.0,0.625,8.0,0.0,False,0.0,8.0,8.0,8.0,8.0,8.0,0.0,0.0,0.0,0.0,0.0
gift,8.0,2.0,8.0,1.0,0.625,8.0,0.0,False,0.0,8.0,8.0,8.0,8.0,8.0,0.0,0.0,0.0,0.0,0.0
gift,8.0,3.0,2.0,0.25,0.625,10.0,0.04381370544433594,True,0.02190685272216797,8.0,8.0,16.0,8.0,10.0,0.0,0.0,0.09010557783767581,0.0,0.04381370544433594
gift,8.0,4.0,8.0,1.0,0.625,8.0,0.0,False,0.0,8.0,8.0,8.0,8.0,8.0,0.0,0.0,0.0,0.0,0.0
gift,8.0,5.0,7.0,0.875,0.625,10.0,0.08053339831531048,True,0.04026669915765524,8.0,8.0,2.0,8.0,24.0,0.0,0.0,-0.4376410245895386,0.0,0.3030400716467391
gift,8.0,6.0,8.0,1.0,0.625,8.0,0.0,False,0.0,8.0,8.0,8.0,8.0,8.0,0.0,0.0,0.0,0.0,0.0
gift,8.0,7.0,2.0,0.25,0.625,10.0,0.04381370544433594,True,0.02190685272216797,8.0,8.0,16.0,8.0,10.0,0.0,0.0,0.09010557783767581,0.0,0.04381370544433594
gift,8.0,8.0,8.0,1.0,0.625,8.0,0.0,False,0.0,8.0,8.0,8.0,8.0,8.0,0.0,0.0,0.0,0.0,0.0
gift,8.0,9.0,4.0,0.5,0.625,10.0,0.005859375,True,0.0029296875,8.0,8.0,8.0,8.0,6.0,0.0,0.0,0.0,0.0,-0.0234375
gift,8.0,10.0,8.0,1.0,0.625,8.0,0.0,False,0.0,8.0,8.0,8.0,8.0,8.0,0.0,0.0,0.0,0.0,0.0
gift,8.0,11.0,7.0,0.875,0.625,10.0,0.08053339831531048,True,0.04026669915765524,8.0,8.0,2.0,8.0,24.0,0.0,0.0,-0.4376410245895386,0.0,0.3030400716467391
gift,8.0,12.0,0.0,0.0,0.625,8.0,0.0,False,0.0,8.0,8.0,8.0,8.0,8.0,0.0,0.0,0.0,0.0,0.0
gift,8.0,13.0,0.0,0.0,0.625,8.0,0.0,False,0.0,8.0,8.0,8.0,8.0,8.0,0.0,0.0,0.0,0.0,0.0
gift,8.0,14.0,5.0,0.625,0.625,10.0,0.014524189755320549,True,0.0072620948776602745,8.0,8.0,4.0,8.0,6.0,0.0,0.0,-0.1486891508102417,0.0,-0.03871142864227295
gift,8.0,15.0,8.0,1.0,0.625,8.0,0.0,False,0.0,8.0,8.0,8.0,8.0,8.0,0.0,0.0,0.0,0.0,0.0
gift,9.0,0.0,8.0,1.0,0.625,8.0,0.0,False,0.0,8.0,8.0,8.0,8.0,8.0,0.0,0.0,0.0,0.0,0.0
gift,9.0,1.0,8.0,1.0,0.625,8.0,0.0,False,0.0,8.0,8.0,8.0,8.0,8.0,0.0,0.0,0.0,0.0,0.0
gift,9.0,2.0,8.0,1.0,0.625,8.0,0.0,False,0.0,8.0,8.0,8.0,8.0,8.0,0.0,0.0,0.0,0.0,0.0
gift,9.0,3.0,7.0,0.875,0.625,10.0,0.08053339831531048,True,0.04026669915765524,8.0,8.0,2.0,8.0,24.0,0.0,0.0,-0.4376410245895386,0.0,0.3030400716467391
gift,9.0,4.0,8.0,1.0,0.625,8.0,0.0,False,0.0,8.0,8.0,8.0,8.0,8.0,0.0,0.0,0.0,0.0,0.0
gift,9.0,5.0,6.0,0.75,0.625,10.0,0.04381370544433594,True,0.02190685272216797,8.0,8.0,4.0,8.0,10.0,0.0,0.0,-0.220184326171875,0.0,0.04381370544433594
gift,9.0,6.0,7.0,0.875,0.625,10.0,0.08053339831531048,True,0.04026669915765524,8.0,8.0,2.0,8.0,24.0,0.0,0.0,-0.4376410245895386,0.0,0.3030400716467391
gift,9.0,7.0,8.0,1.0,0.625,8.0,0.0,False,0.0,8.0,8.0,8.0,8.0,8.0,0.0,0.0,0.0,0.0,0.0
gift,9.0,8.0,1.0,0.125,0.625,10.0,0.08053339831531048,True,0.04026669915765524,8.0,8.0,16.0,8.0,24.0,0.0,0.0,0.22554188838920908,0.0,0.3030400716467391
gift,9.0,9.0,8.0,1.0,0.625,8.0,0.0,False,0.0,8.0,8.0,8.0,8.0,8.0,0.0,0.0,0.0,0.0,0.0
gift,9.0,10.0,8.0,1.0,0.625,8.0,0.0,False,0.0,8.0,8.0,8.0,8.0,8.0,0.0,0.0,0.0,0.0,0.0
gift,9.0,11.0,5.0,0.625,0.625,10.0,0.014524189755320549,True,0.0072620948776602745,8.0,8.0,4.0,8.0,6.0,0.0,0.0,-0.1486891508102417,0.0,-0.03871142864227295
gift,9.0,12.0,8.0,1.0,0.625,8.0,0.0,False,0.0,8.0,8.0,8.0,8.0,8.0,0.0,0.0,0.0,0.0,0.0
gift,9.0,13.0,8.0,1.0,0.625,8.0,0.0,False,0.0,8.0,8.0,8.0,8.0,8.0,0.0,0.0,0.0,0.0,0.0
gift,9.0,14.0,7.0,0.875,0.625,10.0,0.08053339831531048,True,0.04026669915765524,8.0,8.0,2.0,8.0,24.0,0.0,0.0,-0.4376410245895386,0.0,0.3030400716467391
gift,9.0,15.0,8.0,1.0,0.625,8.0,0.0,False,0.0,8.0,8.0,8.0,8.0,8.0,0.0,0.0,0.0,0.0,0.0
gift,10.0,0.0,8.0,1.0,0.75,8.0,0.0,False,0.0,8.0,16.0,8.0,16.0,8.0,0.0,0.0,0.0,0.0,0.0
gift,10.0,1.0,8.0,1.0,0.75,8.0,0.0,False,0.0,8.0,16.0,8.0,16.0,8.0,0.0,0.0,0.0,0.0,0.0
gift,10.0,2.0,8.0,1.0,0.75,8.0,0.0,False,0.0,8.0,16.0,8.0,16.0,8.0,0.0,0.0,0.0,0.0,0.0
gift,10.0,3.0,8.0,1.0,0.75,8.0,0.0,False,0.0,8.0,16.0,8.0,16.0,8.0,0.0,0.0,0.0,0.0,0.0
gift,10.0,4.0,7.0,0.875,0.75,10.0,0.08053339831531048,True,0.04026669915765524,8.0,16.0,2.0,16.0,24.0,0.0,0.22554188838920908,-0.4376410245895386,0.22554188838920908,0.3030400716467391
gift,10.0,5.0,8.0,1.0,0.75,8.0,0.0,False,0.0,8.0,16.0,8.0,16.0,8.0,0.0,0.0,0.0,0.0,0.0
gift,10.0,6.0,7.0,0.875,0.75,10.0,0.08053339831531048,True,0.04026669915765524,8.0,16.0,2.0,16.0,24.0,0.0,0.22554188838920908,-0.4376410245895386,0.22554188838920908,0.3030400716467391
gift,10.0,7.0,4.0,0.5,0.75,10.0,0.005859375,True,0.0029296875,8.0,16.0,8.0,16.0,6.0,0.0,0.007781982421875,0.0,0.007781982421875,-0.0234375
gift,10.0,8.0,8.0,1.0,0.75,8.0,0.0,False,0.0,8.0,16.0,8.0,16.0,8.0,0.0,0.0,0.0,0.0,0.0
gift,10.0,9.0,0.0,0.0,0.75,8.0,0.0,False,0.0,8.0,16.0,8.0,16.0,8.0,0.0,0.0,0.0,0.0,0.0
gift,10.0,10.0,8.0,1.0,0.75,8.0,0.0,False,0.0,8.0,16.0,8.0,16.0,8.0,0.0,0.0,0.0,0.0,0.0
gift,10.0,11.0,8.0,1.0,0.75,8.0,0.0,False,0.0,8.0,16.0,8.0,16.0,8.0,0.0,0.0,0.0,0.0,0.0
gift,10.0,12.0,8.0,1.0,0.75,8.0,0.0,False,0.0,8.0,16.0,8.0,16.0,8.0,0.0,0.0,0.0,0.0,0.0
gift,10.0,13.0,8.0,1.0,0.75,8.0,0.0,False,0.0,8.0,16.0,8.0,16.0,8.0,0.0,0.0,0.0,0.0,0.0
gift,10.0,14.0,7.0,0.875,0.75,10.0,0.08053339831531048,True,0.04026669915765524,8.0,16.0,2.0,16.0,24.0,0.0,0.22554188838920908,-0.4376410245895386,0.22554188838920908,0.3030400716467391
gift,10.0,15.0,8.0,1.0,0.75,8.0,0.0,False,0.0,8.0,16.0,8.0,16.0,8.0,0.0,0.0,0.0,0.0,0.0
gift,11.0,0.0,8.0,1.0,0.625,8.0,0.0,False,0.0,8.0,8.0,8.0,8.0,8.0,0.0,0.0,0.0,0.0,0.0
gift,11.0,1.0,1.0,0.125,0.625,10.0,0.08053339831531048,True,0.04026669915765524,8.0,8.0,16.0,8.0,24.0,0.0,0.0,0.22554188838920908,0.0,0.3030400716467391
gift,11.0,2.0,8.0,1.0,0.625,8.0,0.0,False,0.0,8.0,8.0,8.0,8.0,8.0,0.0,0.0,0.0,0.0,0.0
gift,11.0,3.0,8.0,1.0,0.625,8.0,0.0,False,0.0,8.0,8.0,8.0,8.0,8.0,0.0,0.0,0.0,0.0,0.0
gift,11.0,4.0,8.0,1.0,0.625,8.0,0.0,False,0.0,8.0,8.0,8.0,8.0,8.0,0.0,0.0,0.0,0.0,0.0
gift,11.0,5.0,6.0,0.75,0.625,10.0,0.04381370544433594,True,0.02190685272216797,8.0,8.0,4.0,8.0,10.0,0.0,0.0,-0.220184326171875,0.0,0.04381370544433594
gift,11.0,6.0,8.0,1.0,0.625,8.0,0.0,False,0.0,8.0,8.0,8.0,8.0,8.0,0.0,0.0,0.0,0.0,0.0
gift,11.0,7.0,4.0,0.5,0.625,10.0,0.005859375,True,0.0029296875,8.0,8.0,8.0,8.0,6.0,0.0,0.0,0.0,0.0,-0.0234375
gift,11.0,8.0,8.0,1.0,0.625,8.0,0.0,False,0.0,8.0,8.0,8.0,8.0,8.0,0.0,0.0,0.0,0.0,0.0
gift,11.0,9.0,6.0,0.75,0.625,10.0,0.04381370544433594,True,0.02190685272216797,8.0,8.0,4.0,8.0,10.0,0.0,0.0,-0.220184326171875,0.0,0.04381370544433594
gift,11.0,10.0,8.0,1.0,0.625,8.0,0.0,False,0.0,8.0,8.0,8.0,8.0,8.0,0.0,0.0,0.0,0.0,0.0
gift,11.0,11.0,8.0,1.0,0.625,8.0,0.0,False,0.0,8.0,8.0,8.0,8.0,8.0,0.0,0.0,0.0,0.0,0.0
gift,11.0,12.0,2.0,0.25,0.625,10.0,0.04381370544433594,True,0.02190685272216797,8.0,8.0,16.0,8.0,10.0,0.0,0.0,0.09010557783767581,0.0,0.04381370544433594
gift,11.0,13.0,0.0,0.0,0.625,8.0,0.0,False,0.0,8.0,8.0,8.0,8.0,8.0,0.0,0.0,0.0,0.0,0.0
gift,11.0,14.0,6.0,0.75,0.625,10.0,0.04381370544433594,True,0.02190685272216797,8.0,8.0,4.0,8.0,10.0,0.0,0.0,-0.220184326171875,0.0,0.04381370544433594
gift,11.0,15.0,8.0,1.0,0.625,8.0,0.0,False,0.0,8.0,8.0,8.0,8.0,8.0,0.0,0.0,0.0,0.0,0.0
gift,12.0,0.0,8.0,1.0,0.75,8.0,0.0,False,0.0,8.0,16.0,8.0,16.0,8.0,0.0,0.0,0.0,0.0,0.0
gift,12.0,1.0,8.0,1.0,0.75,8.0,0.0,False,0.0,8.0,16.0,8.0,16.0,8.0,0.0,0.0,0.0,0.0,0.0
gift,12.0,2.0,6.0,0.75,0.75,10.0,0.04381370544433594,True,0.02190685272216797,8.0,16.0,4.0,16.0,10.0,0.0,0.09010557783767581,-0.220184326171875,0.09010557783767581,0.04381370544433594
gift,12.0,3.0,8.0,1.0,0.75,8.0,0.0,False,0.0,8.0,16.0,8.0,16.0,8.0,0.0,0.0,0.0,0.0,0.0
gift,12.0,4.0,8.0,1.0,0.75,8.0,0.0,False,0.0,8.0,16.0,8.0,16.0,8.0,0.0,0.0,0.0,0.0,0.0
gift,12.0,5.0,8.0,1.0,0.75,8.0,0.0,False,0.0,8.0,16.0,8.0,16.0,8.0,0.0,0.0,0.0,0.0,0.0
gift,12.0,6.0,8.0,1.0,0.75,8.0,0.0,False,0.0,8.0,16.0,8.0,16.0,8.0,0.0,0.0,0.0,0.0,0.0
gift,12.0,7.0,8.0,1.0,0.75,8.0,0.0,False,0.0,8.0,16.0,8.0,16.0,8.0,0.0,0.0,0.0,0.0,0.0
gift,12.0,8.0,8.0,1.0,0.75,8.0,0.0,False,0.0,8.0,16.0,8.0,16.0,8.0,0.0,0.0,0.0,0.0,0.0
gift,12.0,9.0,7.0,0.875,0.75,10.0,0.08053339831531048,True,0.04026669915765524,8.0,16.0,2.0,16.0,24.0,0.0,0.22554188838920908,-0.4376410245895386,0.22554188838920908,0.3030400716467391
gift,12.0,10.0,6.0,0.75,0.75,10.0,0.04381370544433594,True,0.02190685272216797,8.0,16.0,4.0,16.0,10.0,0.0,0.09010557783767581,-0.220184326171875,0.09010557783767581,0.04381370544433594
gift,12.0,11.0,5.0,0.625,0.75,10.0,0.014524189755320549,True,0.0072620948776602745,8.0,16.0,4.0,16.0,6.0,0.0,0.023131876420841024,-0.1486891508102417,0.023131876420841024,-0.03871142864227295
gift,12.0,12.0,8.0,1.0,0.75,8.0,0.0,False,0.0,8.0,16.0,8.0,16.0,8.0,0.0,0.0,0.0,0.0,0.0
gift,12.0,13.0,8.0,1.0,0.75,8.0,0.0,False,0.0,8.0,16.0,8.0,16.0,8.0,0.0,0.0,0.0,0.0,0.0
gift,12.0,14.0,8.0,1.0,0.75,8.0,0.0,False,0.0,8.0,16.0,8.0,16.0,8.0,0.0,0.0,0.0,0.0,0.0
gift,12.0,15.0,8.0,1.0,0.75,8.0,0.0,False,0.0,8.0,16.0,8.0,16.0,8.0,0.0,0.0,0.0,0.0,0.0
gift,13.0,0.0,8.0,1.0,0.5625,8.0,0.0,False,0.0,8.0,8.0,8.0,8.0,8.0,0.0,0.0,0.0,0.0,0.0
gift,13.0,1.0,8.0,1.0,0.5625,8.0,0.0,False,0.0,8.0,8.0,8.0,8.0,8.0,0.0,0.0,0.0,0.0,0.0
gift,13.0,2.0,8.0,1.0,0.5625,8.0,0.0,False,0.0,8.0,8.0,8.0,8.0,8.0,0.0,0.0,0.0,0.0,0.0
gift,13.0,3.0,8.0,1.0,0.5625,8.0,0.0,False,0.0,8.0,8.0,8.0,8.0,8.0,0.0,0.0,0.0,0.0,0.0
gift,13.0,4.0,5.0,0.625,0.5625,10.0,0.014524189755320549,True,0.0072620948776602745,8.0,8.0,4.0,8.0,6.0,0.0,0.0,-0.1486891508102417,0.0,-0.03871142864227295
gift,13.0,5.0,7.0,0.875,0.5625,10.0,0.08053339831531048,True,0.04026669915765524,8.0,8.0,2.0,8.0,24.0,0.0,0.0,-0.4376410245895386,0.0,0.3030400716467391
gift,13.0,6.0,8.0,1.0,0.5625,8.0,0.0,False,0.0,8.0,8.0,8.0,8.0,8.0,0.0,0.0,0.0,0.0,0.0
gift,13.0,7.0,8.0,1.0,0.5625,8.0,0.0,False,0.0,8.0,8.0,8.0,8.0,8.0,0.0,0.0,0.0,0.0,0.0
gift,13.0,8.0,3.0,0.375,0.5625,10.0,0.014524189755320549,True,0.0072620948776602745,8.0,8.0,8.0,8.0,6.0,0.0,0.0,0.0,0.0,-0.03871142864227295
gift,13.0,9.0,8.0,1.0,0.5625,8.0,0.0,False,0.0,8.0,8.0,8.0,8.0,8.0,0.0,0.0,0.0,0.0,0.0
gift,13.0,10.0,4.0,0.5,0.5625,10.0,0.005859375,True,0.0029296875,8.0,8.0,8.0,8.0,6.0,0.0,0.0,0.0,0.0,-0.0234375
gift,13.0,11.0,4.0,0.5,0.5625,10.0,0.005859375,True,0.0029296875,8.0,8.0,8.0,8.0,6.0,0.0,0.0,0.0,0.0,-0.0234375
gift,13.0,12.0,2.0,0.25,0.5625,10.0,0.04381370544433594,True,0.02190685272216797,8.0,8.0,16.0,8.0,10.0,0.0,0.0,0.09010557783767581,0.0,0.04381370544433594
gift,13.0,13.0,2.0,0.25,0.5625,10.0,0.04381370544433594,True,0.02190685272216797,8.0,8.0,16.0,8.0,10.0,0.0,0.0,0.09010557783767581,0.0,0.04381370544433594
gift,13.0,14.0,0.0,0.0,0.5625,8.0,0.0,False,0.0,8.0,8.0,8.0,8.0,8.0,0.0,0.0,0.0,0.0,0.0
gift,13.0,15.0,8.0,1.0,0.5625,8.0,0.0,False,0.0,8.0,8.0,8.0,8.0,8.0,0.0,0.0,0.0,0.0,0.0
gift,14.0,0.0,8.0,1.0,0.8125,8.0,0.0,False,0.0,8.0,16.0,8.0,16.0,8.0,0.0,0.0,0.0,0.0,0.0
gift,14.0,1.0,8.0,1.0,0.8125,8.0,0.0,False,0.0,8.0,16.0,8.0,16.0,8.0,0.0,0.0,0.0,0.0,0.0
gift,14.0,2.0,8.0,1.0,0.8125,8.0,0.0,False,0.0,8.0,16.0,8.0,16.0,8.0,0.0,0.0,0.0,0.0,0.0
gift,14.0,3.0,8.0,1.0,0.8125,8.0,0.0,False,0.0,8.0,16.0,8.0,16.0,8.0,0.0,0.0,0.0,0.0,0.0
gift,14.0,4.0,8.0,1.0,0.8125,8.0,0.0,False,0.0,8.0,16.0,8.0,16.0,8.0,0.0,0.0,0.0,0.0,0.0
gift,14.0,5.0,8.0,1.0,0.8125,8.0,0.0,False,0.0,8.0,16.0,8.0,16.0,8.0,0.0,0.0,0.0,0.0,0.0
gift,14.0,6.0,8.0,1.0,0.8125,8.0,0.0,False,0.0,8.0,16.0,8.0,16.0,8.0,0.0,0.0,0.0,0.0,0.0
gift,14.0,7.0,8.0,1.0,0.8125,8.0,0.0,False,0.0,8.0,16.0,8.0,16.0,8.0,0.0,0.0,0.0,0.0,0.0
gift,14.0,8.0,8.0,1.0,0.8125,8.0,0.0,False,0.0,8.0,16.0,8.0,16.0,8.0,0.0,0.0,0.0,0.0,0.0
gift,14.0,9.0,5.0,0.625,0.8125,10.0,0.014524189755320549,True,0.0072620948776602745,8.0,16.0,4.0,16.0,6.0,0.0,0.023131876420841024,-0.1486891508102417,0.023131876420841024,-0.03871142864227295
gift,14.0,10.0,8.0,1.0,0.8125,8.0,0.0,False,0.0,8.0,16.0,8.0,16.0,8.0,0.0,0.0,0.0,0.0,0.0
gift,14.0,11.0,7.0,0.875,0.8125,10.0,0.08053339831531048,True,0.04026669915765524,8.0,16.0,2.0,16.0,24.0,0.0,0.22554188838920908,-0.4376410245895386,0.22554188838920908,0.3030400716467391
gift,14.0,12.0,8.0,1.0,0.8125,8.0,0.0,False,0.0,8.0,16.0,8.0,16.0,8.0,0.0,0.0,0.0,0.0,0.0
gift,14.0,13.0,8.0,1.0,0.8125,8.0,0.0,False,0.0,8.0,16.0,8.0,16.0,8.0,0.0,0.0,0.0,0.0,0.0
gift,14.0,14.0,4.0,0.5,0.8125,10.0,0.005859375,True,0.0029296875,8.0,16.0,8.0,16.0,6.0,0.0,0.007781982421875,0.0,0.007781982421875,-0.0234375
gift,14.0,15.0,8.0,1.0,0.8125,8.0,0.0,False,0.0,8.0,16.0,8.0,16.0,8.0,0.0,0.0,0.0,0.0,0.0
gift,15.0,0.0,8.0,1.0,0.625,8.0,0.0,False,0.0,8.0,8.0,8.0,8.0,8.0,0.0,0.0,0.0,0.0,0.0
gift,15.0,1.0,1.0,0.125,0.625,10.0,0.08053339831531048,True,0.04026669915765524,8.0,8.0,16.0,8.0,24.0,0.0,0.0,0.22554188838920908,0.0,0.3030400716467391
gift,15.0,2.0,7.0,0.875,0.625,10.0,0.08053339831531048,True,0.04026669915765524,8.0,8.0,2.0,8.0,24.0,0.0,0.0,-0.4376410245895386,0.0,0.3030400716467391
gift,15.0,3.0,8.0,1.0,0.625,8.0,0.0,False,0.0,8.0,8.0,8.0,8.0,8.0,0.0,0.0,0.0,0.0,0.0
gift,15.0,4.0,3.0,0.375,0.625,10.0,0.014524189755320549,True,0.0072620948776602745,8.0,8.0,8.0,8.0,6.0,0.0,0.0,0.0,0.0,-0.03871142864227295
gift,15.0,5.0,8.0,1.0,0.625,8.0,0.0,False,0.0,8.0,8.0,8.0,8.0,8.0,0.0,0.0,0.0,0.0,0.0
gift,15.0,6.0,4.0,0.5,0.625,10.0,0.005859375,True,0.0029296875,8.0,8.0,8.0,8.0,6.0,0.0,0.0,0.0,0.0,-0.0234375
gift,15.0,7.0,7.0,0.875,0.625,10.0,0.08053339831531048,True,0.04026669915765524,8.0,8.0,2.0,8.0,24.0,0.0,0.0,-0.4376410245895386,0.0,0.3030400716467391
gift,15.0,8.0,8.0,1.0,0.625,8.0,0.0,False,0.0,8.0,8.0,8.0,8.0,8.0,0.0,0.0,0.0,0.0,0.0
gift,15.0,9.0,8.0,1.0,0.625,8.0,0.0,False,0.0,8.0,8.0,8.0,8.0,8.0,0.0,0.0,0.0,0.0,0.0
gift,15.0,10.0,6.0,0.75,0.625,10.0,0.04381370544433594,True,0.02190685272216797,8.0,8.0,4.0,8.0,10.0,0.0,0.0,-0.220184326171875,0.0,0.04381370544433594
gift,15.0,11.0,8.0,1.0,0.625,8.0,0.0,False,0.0,8.0,8.0,8.0,8.0,8.0,0.0,0.0,0.0,0.0,0.0
gift,15.0,12.0,8.0,1.0,0.625,8.0,0.0,False,0.0,8.0,8.0,8.0,8.0,8.0,0.0,0.0,0.0,0.0,0.0
gift,15.0,13.0,8.0,1.0,0.625,8.0,0.0,False,0.0,8.0,8.0,8.0,8.0,8.0,0.0,0.0,0.0,0.0,0.0
gift,15.0,14.0,8.0,1.0,0.625,8.0,0.0,False,0.0,8.0,8.0,8.0,8.0,8.0,0.0,0.0,0.0,0.0,0.0
gift,15.0,15.0,8.0,1.0,0.625,8.0,0.0,False,0.0,8.0,8.0,8.0,8.0,8.0,0.0,0.0,0.0,0.0,0.0
gift,16.0,0.0,8.0,1.0,0.625,8.0,0.0,False,0.0,8.0,8.0,8.0,8.0,8.0,0.0,0.0,0.0,0.0,0.0
gift,16.0,1.0,8.0,1.0,0.625,8.0,0.0,False,0.0,8.0,8.0,8.0,8.0,8.0,0.0,0.0,0.0,0.0,0.0
gift,16.0,2.0,0.0,0.0,0.625,8.0,0.0,False,0.0,8.0,8.0,8.0,8.0,8.0,0.0,0.0,0.0,0.0,0.0
gift,16.0,3.0,0.0,0.0,0.625,8.0,0.0,False,0.0,8.0,8.0,8.0,8.0,8.0,0.0,0.0,0.0,0.0,0.0
gift,16.0,4.0,8.0,1.0,0.625,8.0,0.0,False,0.0,8.0,8.0,8.0,8.0,8.0,0.0,0.0,0.0,0.0,0.0
gift,16.0,5.0,8.0,1.0,0.625,8.0,0.0,False,0.0,8.0,8.0,8.0,8.0,8.0,0.0,0.0,0.0,0.0,0.0
gift,16.0,6.0,8.0,1.0,0.625,8.0,0.0,False,0.0,8.0,8.0,8.0,8.0,8.0,0.0,0.0,0.0,0.0,0.0
gift,16.0,7.0,6.0,0.75,0.625,10.0,0.04381370544433594,True,0.02190685272216797,8.0,8.0,4.0,8.0,10.0,0.0,0.0,-0.220184326171875,0.0,0.04381370544433594
gift,16.0,8.0,2.0,0.25,0.625,10.0,0.04381370544433594,True,0.02190685272216797,8.0,8.0,16.0,8.0,10.0,0.0,0.0,0.09010557783767581,0.0,0.04381370544433594
gift,16.0,9.0,7.0,0.875,0.625,10.0,0.08053339831531048,True,0.04026669915765524,8.0,8.0,2.0,8.0,24.0,0.0,0.0,-0.4376410245895386,0.0,0.3030400716467391
gift,16.0,10.0,8.0,1.0,0.625,8.0,0.0,False,0.0,8.0,8.0,8.0,8.0,8.0,0.0,0.0,0.0,0.0,0.0
gift,16.0,11.0,6.0,0.75,0.625,10.0,0.04381370544433594,True,0.02190685272216797,8.0,8.0,4.0,8.0,10.0,0.0,0.0,-0.220184326171875,0.0,0.04381370544433594
gift,16.0,12.0,8.0,1.0,0.625,8.0,0.0,False,0.0,8.0,8.0,8.0,8.0,8.0,0.0,0.0,0.0,0.0,0.0
gift,16.0,13.0,7.0,0.875,0.625,10.0,0.08053339831531048,True,0.04026669915765524,8.0,8.0,2.0,8.0,24.0,0.0,0.0,-0.4376410245895386,0.0,0.3030400716467391
gift,16.0,14.0,3.0,0.375,0.625,10.0,0.014524189755320549,True,0.0072620948776602745,8.0,8.0,8.0,8.0,6.0,0.0,0.0,0.0,0.0,-0.03871142864227295
gift,16.0,15.0,8.0,1.0,0.625,8.0,0.0,False,0.0,8.0,8.0,8.0,8.0,8.0,0.0,0.0,0.0,0.0,0.0
gift,17.0,0.0,8.0,1.0,0.75,8.0,0.0,False,0.0,8.0,16.0,8.0,16.0,8.0,0.0,0.0,0.0,0.0,0.0
gift,17.0,1.0,8.0,1.0,0.75,8.0,0.0,False,0.0,8.0,16.0,8.0,16.0,8.0,0.0,0.0,0.0,0.0,0.0
gift,17.0,2.0,8.0,1.0,0.75,8.0,0.0,False,0.0,8.0,16.0,8.0,16.0,8.0,0.0,0.0,0.0,0.0,0.0
gift,17.0,3.0,8.0,1.0,0.75,8.0,0.0,False,0.0,8.0,16.0,8.0,16.0,8.0,0.0,0.0,0.0,0.0,0.0
gift,17.0,4.0,8.0,1.0,0.75,8.0,0.0,False,0.0,8.0,16.0,8.0,16.0,8.0,0.0,0.0,0.0,0.0,0.0
gift,17.0,5.0,8.0,1.0,0.75,8.0,0.0,False,0.0,8.0,16.0,8.0,16.0,8.0,0.0,0.0,0.0,0.0,0.0
gift,17.0,6.0,8.0,1.0,0.75,8.0,0.0,False,0.0,8.0,16.0,8.0,16.0,8.0,0.0,0.0,0.0,0.0,0.0
gift,17.0,7.0,4.0,0.5,0.75,10.0,0.005859375,True,0.0029296875,8.0,16.0,8.0,16.0,6.0,0.0,0.007781982421875,0.0,0.007781982421875,-0.0234375
gift,17.0,8.0,8.0,1.0,0.75,8.0,0.0,False,0.0,8.0,16.0,8.0,16.0,8.0,0.0,0.0,0.0,0.0,0.0
gift,17.0,9.0,0.0,0.0,0.75,8.0,0.0,False,0.0,8.0,16.0,8.0,16.0,8.0,0.0,0.0,0.0,0.0,0.0
gift,17.0,10.0,8.0,1.0,0.75,8.0,0.0,False,0.0,8.0,16.0,8.0,16.0,8.0,0.0,0.0,0.0,0.0,0.0
gift,17.0,11.0,8.0,1.0,0.75,8.0,0.0,False,0.0,8.0,16.0,8.0,16.0,8.0,0.0,0.0,0.0,0.0,0.0
gift,17.0,12.0,8.0,1.0,0.75,8.0,0.0,False,0.0,8.0,16.0,8.0,16.0,8.0,0.0,0.0,0.0,0.0,0.0
gift,17.0,13.0,4.0,0.5,0.75,10.0,0.005859375,True,0.0029296875,8.0,16.0,8.0,16.0,6.0,0.0,0.007781982421875,0.0,0.007781982421875,-0.0234375
gift,17.0,14.0,4.0,0.5,0.75,10.0,0.005859375,True,0.0029296875,8.0,16.0,8.0,16.0,6.0,0.0,0.007781982421875,0.0,0.007781982421875,-0.0234375
gift,17.0,15.0,4.0,0.5,0.75,10.0,0.005859375,True,0.0029296875,8.0,16.0,8.0,16.0,6.0,0.0,0.007781982421875,0.0,0.007781982421875,-0.0234375
gift,18.0,0.0,6.0,0.75,0.625,10.0,0.04381370544433594,True,0.02190685272216797,8.0,8.0,4.0,8.0,10.0,0.0,0.0,-0.220184326171875,0.0,0.04381370544433594
gift,18.0,1.0,8.0,1.0,0.625,8.0,0.0,False,0.0,8.0,8.0,8.0,8.0,8.0,0.0,0.0,0.0,0.0,0.0
gift,18.0,2.0,7.0,0.875,0.625,10.0,0.08053339831531048,True,0.04026669915765524,8.0,8.0,2.0,8.0,24.0,0.0,0.0,-0.4376410245895386,0.0,0.3030400716467391
gift,18.0,3.0,5.0,0.625,0.625,10.0,0.014524189755320549,True,0.0072620948776602745,8.0,8.0,4.0,8.0,6.0,0.0,0.0,-0.1486891508102417,0.0,-0.03871142864227295
gift,18.0,4.0,7.0,0.875,0.625,10.0,0.08053339831531048,True,0.04026669915765524,8.0,8.0,2.0,8.0,24.0,0.0,0.0,-0.4376410245895386,0.0,0.3030400716467391
gift,18.0,5.0,0.0,0.0,0.625,8.0,0.0,False,0.0,8.0,8.0,8.0,8.0,8.0,0.0,0.0,0.0,0.0,0.0
gift,18.0,6.0,8.0,1.0,0.625,8.0,0.0,False,0.0,8.0,8.0,8.0,8.0,8.0,0.0,0.0,0.0,0.0,0.0
gift,18.0,7.0,8.0,1.0,0.625,8.0,0.0,False,0.0,8.0,8.0,8.0,8.0,8.0,0.0,0.0,0.0,0.0,0.0
gift,18.0,8.0,0.0,0.0,0.625,8.0,0.0,False,0.0,8.0,8.0,8.0,8.0,8.0,0.0,0.0,0.0,0.0,0.0
gift,18.0,9.0,8.0,1.0,0.625,8.0,0.0,False,0.0,8.0,8.0,8.0,8.0,8.0,0.0,0.0,0.0,0.0,0.0
gift,18.0,10.0,5.0,0.625,0.625,10.0,0.014524189755320549,True,0.0072620948776602745,8.0,8.0,4.0,8.0,6.0,0.0,0.0,-0.1486891508102417,0.0,-0.03871142864227295
gift,18.0,11.0,8.0,1.0,0.625,8.0,0.0,False,0.0,8.0,8.0,8.0,8.0,8.0,0.0,0.0,0.0,0.0,0.0
gift,18.0,12.0,8.0,1.0,0.625,8.0,0.0,False,0.0,8.0,8.0,8.0,8.0,8.0,0.0,0.0,0.0,0.0,0.0
gift,18.0,13.0,4.0,0.5,0.625,10.0,0.005859375,True,0.0029296875,8.0,8.0,8.0,8.0,6.0,0.0,0.0,0.0,0.0,-0.0234375
gift,18.0,14.0,0.0,0.0,0.625,8.0,0.0,False,0.0,8.0,8.0,8.0,8.0,8.0,0.0,0.0,0.0,0.0,0.0
gift,18.0,15.0,8.0,1.0,0.625,8.0,0.0,False,0.0,8.0,8.0,8.0,8.0,8.0,0.0,0.0,0.0,0.0,0.0
gift,19.0,0.0,8.0,1.0,0.75,8.0,0.0,False,0.0,8.0,16.0,8.0,16.0,8.0,0.0,0.0,0.0,0.0,0.0
gift,19.0,1.0,8.0,1.0,0.75,8.0,0.0,False,0.0,8.0,16.0,8.0,16.0,8.0,0.0,0.0,0.0,0.0,0.0
gift,19.0,2.0,8.0,1.0,0.75,8.0,0.0,False,0.0,8.0,16.0,8.0,16.0,8.0,0.0,0.0,0.0,0.0,0.0
gift,19.0,3.0,8.0,1.0,0.75,8.0,0.0,False,0.0,8.0,16.0,8.0,16.0,8.0,0.0,0.0,0.0,0.0,0.0
gift,19.0,4.0,8.0,1.0,0.75,8.0,0.0,False,0.0,8.0,16.0,8.0,16.0,8.0,0.0,0.0,0.0,0.0,0.0
gift,19.0,5.0,7.0,0.875,0.75,10.0,0.08053339831531048,True,0.04026669915765524,8.0,16.0,2.0,16.0,24.0,0.0,0.22554188838920908,-0.4376410245895386,0.22554188838920908,0.3030400716467391
gift,19.0,6.0,8.0,1.0,0.75,8.0,0.0,False,0.0,8.0,16.0,8.0,16.0,8.0,0.0,0.0,0.0,0.0,0.0
gift,19.0,7.0,0.0,0.0,0.75,8.0,0.0,False,0.0,8.0,16.0,8.0,16.0,8.0,0.0,0.0,0.0,0.0,0.0
gift,19.0,8.0,7.0,0.875,0.75,10.0,0.08053339831531048,True,0.04026669915765524,8.0,16.0,2.0,16.0,24.0,0.0,0.22554188838920908,-0.4376410245895386,0.22554188838920908,0.3030400716467391
gift,19.0,9.0,8.0,1.0,0.75,8.0,0.0,False,0.0,8.0,16.0,8.0,16.0,8.0,0.0,0.0,0.0,0.0,0.0
gift,19.0,10.0,8.0,1.0,0.75,8.0,0.0,False,0.0,8.0,16.0,8.0,16.0,8.0,0.0,0.0,0.0,0.0,0.0
gift,19.0,11.0,8.0,1.0,0.75,8.0,0.0,False,0.0,8.0,16.0,8.0,16.0,8.0,0.0,0.0,0.0,0.0,0.0
gift,19.0,12.0,8.0,1.0,0.75,8.0,0.0,False,0.0,8.0,16.0,8.0,16.0,8.0,0.0,0.0,0.0,0.0,0.0
gift,19.0,13.0,4.0,0.5,0.75,10.0,0.005859375,True,0.0029296875,8.0,16.0,8.0,16.0,6.0,0.0,0.007781982421875,0.0,0.007781982421875,-0.0234375
gift,19.0,14.0,2.0,0.25,0.75,10.0,0.04381370544433594,True,0.02190685272216797,8.0,16.0,16.0,16.0,10.0,0.0,0.09010557783767581,0.09010557783767581,0.09010557783767581,0.04381370544433594
gift,19.0,15.0,8.0,1.0,0.75,8.0,0.0,False,0.0,8.0,16.0,8.0,16.0,8.0,0.0,0.0,0.0,0.0,0.0
gift,20.0,0.0,8.0,1.0,0.6875,8.0,0.0,False,0.0,8.0,8.0,8.0,8.0,8.0,0.0,0.0,0.0,0.0,0.0
gift,20.0,1.0,8.0,1.0,0.6875,8.0,0.0,False,0.0,8.0,8.0,8.0,8.0,8.0,0.0,0.0,0.0,0.0,0.0
gift,20.0,2.0,8.0,1.0,0.6875,8.0,0.0,False,0.0,8.0,8.0,8.0,8.0,8.0,0.0,0.0,0.0,0.0,0.0
gift,20.0,3.0,8.0,1.0,0.6875,8.0,0.0,False,0.0,8.0,8.0,8.0,8.0,8.0,0.0,0.0,0.0,0.0,0.0
gift,20.0,4.0,8.0,1.0,0.6875,8.0,0.0,False,0.0,8.0,8.0,8.0,8.0,8.0,0.0,0.0,0.0,0.0,0.0
gift,20.0,5.0,8.0,1.0,0.6875,8.0,0.0,False,0.0,8.0,8.0,8.0,8.0,8.0,0.0,0.0,0.0,0.0,0.0
gift,20.0,6.0,8.0,1.0,0.6875,8.0,0.0,False,0.0,8.0,8.0,8.0,8.0,8.0,0.0,0.0,0.0,0.0,0.0
gift,20.0,7.0,8.0,1.0,0.6875,8.0,0.0,False,0.0,8.0,8.0,8.0,8.0,8.0,0.0,0.0,0.0,0.0,0.0
gift,20.0,8.0,8.0,1.0,0.6875,8.0,0.0,False,0.0,8.0,8.0,8.0,8.0,8.0,0.0,0.0,0.0,0.0,0.0
gift,20.0,9.0,8.0,1.0,0.6875,8.0,0.0,False,0.0,8.0,8.0,8.0,8.0,8.0,0.0,0.0,0.0,0.0,0.0
gift,20.0,10.0,2.0,0.25,0.6875,10.0,0.04381370544433594,True,0.02190685272216797,8.0,8.0,16.0,8.0,10.0,0.0,0.0,0.09010557783767581,0.0,0.04381370544433594
gift,20.0,11.0,8.0,1.0,0.6875,8.0,0.0,False,0.0,8.0,8.0,8.0,8.0,8.0,0.0,0.0,0.0,0.0,0.0
gift,20.0,12.0,1.0,0.125,0.6875,10.0,0.08053339831531048,True,0.04026669915765524,8.0,8.0,16.0,8.0,24.0,0.0,0.0,0.22554188838920908,0.0,0.3030400716467391
gift,20.0,13.0,7.0,0.875,0.6875,10.0,0.08053339831531048,True,0.04026669915765524,8.0,8.0,2.0,8.0,24.0,0.0,0.0,-0.4376410245895386,0.0,0.3030400716467391
gift,20.0,14.0,4.0,0.5,0.6875,10.0,0.005859375,True,0.0029296875,8.0,8.0,8.0,8.0,6.0,0.0,0.0,0.0,0.0,-0.0234375
gift,20.0,15.0,4.0,0.5,0.6875,10.0,0.005859375,True,0.0029296875,8.0,8.0,8.0,8.0,6.0,0.0,0.0,0.0,0.0,-0.0234375
gift,21.0,0.0,6.0,0.75,0.75,10.0,0.04381370544433594,True,0.02190685272216797,8.0,16.0,4.0,16.0,10.0,0.0,0.09010557783767581,-0.220184326171875,0.09010557783767581,0.04381370544433594
gift,21.0,1.0,8.0,1.0,0.75,8.0,0.0,False,0.0,8.0,16.0,8.0,16.0,8.0,0.0,0.0,0.0,0.0,0.0
gift,21.0,2.0,8.0,1.0,0.75,8.0,0.0,False,0.0,8.0,16.0,8.0,16.0,8.0,0.0,0.0,0.0,0.0,0.0
gift,21.0,3.0,8.0,1.0,0.75,8.0,0.0,False,0.0,8.0,16.0,8.0,16.0,8.0,0.0,0.0,0.0,0.0,0.0
gift,21.0,4.0,8.0,1.0,0.75,8.0,0.0,False,0.0,8.0,16.0,8.0,16.0,8.0,0.0,0.0,0.0,0.0,0.0
gift,21.0,5.0,8.0,1.0,0.75,8.0,0.0,False,0.0,8.0,16.0,8.0,16.0,8.0,0.0,0.0,0.0,0.0,0.0
gift,21.0,6.0,8.0,1.0,0.75,8.0,0.0,False,0.0,8.0,16.0,8.0,16.0,8.0,0.0,0.0,0.0,0.0,0.0
gift,21.0,7.0,5.0,0.625,0.75,10.0,0.014524189755320549,True,0.0072620948776602745,8.0,16.0,4.0,16.0,6.0,0.0,0.023131876420841024,-0.1486891508102417,0.023131876420841024,-0.03871142864227295
gift,21.0,8.0,8.0,1.0,0.75,8.0,0.0,False,0.0,8.0,16.0,8.0,16.0,8.0,0.0,0.0,0.0,0.0,0.0
gift,21.0,9.0,8.0,1.0,0.75,8.0,0.0,False,0.0,8.0,16.0,8.0,16.0,8.0,0.0,0.0,0.0,0.0,0.0
gift,21.0,10.0,8.0,1.0,0.75,8.0,0.0,False,0.0,8.0,16.0,8.0,16.0,8.0,0.0,0.0,0.0,0.0,0.0
gift,21.0,11.0,1.0,0.125,0.75,10.0,0.08053339831531048,True,0.04026669915765524,8.0,16.0,16.0,16.0,24.0,0.0,0.22554188838920908,0.22554188838920908,0.22554188838920908,0.3030400716467391
gift,21.0,12.0,3.0,0.375,0.75,10.0,0.014524189755320549,True,0.0072620948776602745,8.0,16.0,8.0,16.0,6.0,0.0,0.023131876420841024,0.0,0.023131876420841024,-0.03871142864227295
gift,21.0,13.0,8.0,1.0,0.75,8.0,0.0,False,0.0,8.0,16.0,8.0,16.0,8.0,0.0,0.0,0.0,0.0,0.0
gift,21.0,14.0,8.0,1.0,0.75,8.0,0.0,False,0.0,8.0,16.0,8.0,16.0,8.0,0.0,0.0,0.0,0.0,0.0
gift,21.0,15.0,8.0,1.0,0.75,8.0,0.0,False,0.0,8.0,16.0,8.0,16.0,8.0,0.0,0.0,0.0,0.0,0.0
gift,22.0,0.0,8.0,1.0,0.875,8.0,0.0,False,0.0,8.0,16.0,8.0,16.0,8.0,0.0,0.0,0.0,0.0,0.0
gift,22.0,1.0,8.0,1.0,0.875,8.0,0.0,False,0.0,8.0,16.0,8.0,16.0,8.0,0.0,0.0,0.0,0.0,0.0
gift,22.0,2.0,8.0,1.0,0.875,8.0,0.0,False,0.0,8.0,16.0,8.0,16.0,8.0,0.0,0.0,0.0,0.0,0.0
gift,22.0,3.0,8.0,1.0,0.875,8.0,0.0,False,0.0,8.0,16.0,8.0,16.0,8.0,0.0,0.0,0.0,0.0,0.0
gift,22.0,4.0,3.0,0.375,0.875,10.0,0.014524189755320549,True,0.0072620948776602745,8.0,16.0,8.0,16.0,6.0,0.0,0.023131876420841024,0.0,0.023131876420841024,-0.03871142864227295
gift,22.0,5.0,8.0,1.0,0.875,8.0,0.0,False,0.0,8.0,16.0,8.0,16.0,8.0,0.0,0.0,0.0,0.0,0.0
gift,22.0,6.0,8.0,1.0,0.875,8.0,0.0,False,0.0,8.0,16.0,8.0,16.0,8.0,0.0,0.0,0.0,0.0,0.0
gift,22.0,7.0,8.0,1.0,0.875,8.0,0.0,False,0.0,8.0,16.0,8.0,16.0,8.0,0.0,0.0,0.0,0.0,0.0
gift,22.0,8.0,0.0,0.0,0.875,8.0,0.0,False,0.0,8.0,16.0,8.0,16.0,8.0,0.0,0.0,0.0,0.0,0.0
gift,22.0,9.0,8.0,1.0,0.875,8.0,0.0,False,0.0,8.0,16.0,8.0,16.0,8.0,0.0,0.0,0.0,0.0,0.0
gift,22.0,10.0,8.0,1.0,0.875,8.0,0.0,False,0.0,8.0,16.0,8.0,16.0,8.0,0.0,0.0,0.0,0.0,0.0
gift,22.0,11.0,8.0,1.0,0.875,8.0,0.0,False,0.0,8.0,16.0,8.0,16.0,8.0,0.0,0.0,0.0,0.0,0.0
gift,22.0,12.0,7.0,0.875,0.875,10.0,0.08053339831531048,True,0.04026669915765524,8.0,16.0,2.0,16.0,24.0,0.0,0.22554188838920908,-0.4376410245895386,0.22554188838920908,0.3030400716467391
gift,22.0,13.0,8.0,1.0,0.875,8.0,0.0,False,0.0,8.0,16.0,8.0,16.0,8.0,0.0,0.0,0.0,0.0,0.0
gift,22.0,14.0,8.0,1.0,0.875,8.0,0.0,False,0.0,8.0,16.0,8.0,16.0,8.0,0.0,0.0,0.0,0.0,0.0
gift,22.0,15.0,8.0,1.0,0.875,8.0,0.0,False,0.0,8.0,16.0,8.0,16.0,8.0,0.0,0.0,0.0,0.0,0.0
gift,23.0,0.0,8.0,1.0,0.875,8.0,0.0,False,0.0,8.0,16.0,8.0,16.0,8.0,0.0,0.0,0.0,0.0,0.0
gift,23.0,1.0,8.0,1.0,0.875,8.0,0.0,False,0.0,8.0,16.0,8.0,16.0,8.0,0.0,0.0,0.0,0.0,0.0
gift,23.0,2.0,8.0,1.0,0.875,8.0,0.0,False,0.0,8.0,16.0,8.0,16.0,8.0,0.0,0.0,0.0,0.0,0.0
gift,23.0,3.0,7.0,0.875,0.875,10.0,0.08053339831531048,True,0.04026669915765524,8.0,16.0,2.0,16.0,24.0,0.0,0.22554188838920908,-0.4376410245895386,0.22554188838920908,0.3030400716467391
gift,23.0,4.0,8.0,1.0,0.875,8.0,0.0,False,0.0,8.0,16.0,8.0,16.0,8.0,0.0,0.0,0.0,0.0,0.0
gift,23.0,5.0,8.0,1.0,0.875,8.0,0.0,False,0.0,8.0,16.0,8.0,16.0,8.0,0.0,0.0,0.0,0.0,0.0
gift,23.0,6.0,3.0,0.375,0.875,10.0,0.014524189755320549,True,0.0072620948776602745,8.0,16.0,8.0,16.0,6.0,0.0,0.023131876420841024,0.0,0.023131876420841024,-0.03871142864227295
gift,23.0,7.0,8.0,1.0,0.875,8.0,0.0,False,0.0,8.0,16.0,8.0,16.0,8.0,0.0,0.0,0.0,0.0,0.0
gift,23.0,8.0,8.0,1.0,0.875,8.0,0.0,False,0.0,8.0,16.0,8.0,16.0,8.0,0.0,0.0,0.0,0.0,0.0
gift,23.0,9.0,8.0,1.0,0.875,8.0,0.0,False,0.0,8.0,16.0,8.0,16.0,8.0,0.0,0.0,0.0,0.0,0.0
gift,23.0,10.0,8.0,1.0,0.875,8.0,0.0,False,0.0,8.0,16.0,8.0,16.0,8.0,0.0,0.0,0.0,0.0,0.0
gift,23.0,11.0,8.0,1.0,0.875,8.0,0.0,False,0.0,8.0,16.0,8.0,16.0,8.0,0.0,0.0,0.0,0.0,0.0
gift,23.0,12.0,8.0,1.0,0.875,8.0,0.0,False,0.0,8.0,16.0,8.0,16.0,8.0,0.0,0.0,0.0,0.0,0.0
gift,23.0,13.0,8.0,1.0,0.875,8.0,0.0,False,0.0,8.0,16.0,8.0,16.0,8.0,0.0,0.0,0.0,0.0,0.0
gift,23.0,14.0,8.0,1.0,0.875,8.0,0.0,False,0.0,8.0,16.0,8.0,16.0,8.0,0.0,0.0,0.0,0.0,0.0
gift,23.0,15.0,0.0,0.0,0.875,8.0,0.0,False,0.0,8.0,16.0,8.0,16.0,8.0,0.0,0.0,0.0,0.0,0.0
gift,24.0,0.0,8.0,1.0,0.875,8.0,0.0,False,0.0,8.0,16.0,8.0,16.0,8.0,0.0,0.0,0.0,0.0,0.0
gift,24.0,1.0,8.0,1.0,0.875,8.0,0.0,False,0.0,8.0,16.0,8.0,16.0,8.0,0.0,0.0,0.0,0.0,0.0
gift,24.0,2.0,8.0,1.0,0.875,8.0,0.0,False,0.0,8.0,16.0,8.0,16.0,8.0,0.0,0.0,0.0,0.0,0.0
gift,24.0,3.0,8.0,1.0,0.875,8.0,0.0,False,0.0,8.0,16.0,8.0,16.0,8.0,0.0,0.0,0.0,0.0,0.0
gift,24.0,4.0,1.0,0.125,0.875,10.0,0.08053339831531048,True,0.04026669915765524,8.0,16.0,16.0,16.0,24.0,0.0,0.22554188838920908,0.22554188838920908,0.22554188838920908,0.3030400716467391
gift,24.0,5.0,8.0,1.0,0.875,8.0,0.0,False,0.0,8.0,16.0,8.0,16.0,8.0,0.0,0.0,0.0,0.0,0.0
gift,24.0,6.0,8.0,1.0,0.875,8.0,0.0,False,0.0,8.0,16.0,8.0,16.0,8.0,0.0,0.0,0.0,0.0,0.0
gift,24.0,7.0,8.0,1.0,0.875,8.0,0.0,False,0.0,8.0,16.0,8.0,16.0,8.0,0.0,0.0,0.0,0.0,0.0
gift,24.0,8.0,7.0,0.875,0.875,10.0,0.08053339831531048,True,0.04026669915765524,8.0,16.0,2.0,16.0,24.0,0.0,0.22554188838920908,-0.4376410245895386,0.22554188838920908,0.3030400716467391
gift,24.0,9.0,8.0,1.0,0.875,8.0,0.0,False,0.0,8.0,16.0,8.0,16.0,8.0,0.0,0.0,0.0,0.0,0.0
gift,24.0,10.0,8.0,1.0,0.875,8.0,0.0,False,0.0,8.0,16.0,8.0,16.0,8.0,0.0,0.0,0.0,0.0,0.0
gift,24.0,11.0,8.0,1.0,0.875,8.0,0.0,False,0.0,8.0,16.0,8.0,16.0,8.0,0.0,0.0,0.0,0.0,0.0
gift,24.0,12.0,8.0,1.0,0.875,8.0,0.0,False,0.0,8.0,16.0,8.0,16.0,8.0,0.0,0.0,0.0,0.0,0.0
gift,24.0,13.0,8.0,1.0,0.875,8.0,0.0,False,0.0,8.0,16.0,8.0,16.0,8.0,0.0,0.0,0.0,0.0,0.0
gift,24.0,14.0,8.0,1.0,0.875,8.0,0.0,False,0.0,8.0,16.0,8.0,16.0,8.0,0.0,0.0,0.0,0.0,0.0
gift,24.0,15.0,8.0,1.0,0.875,8.0,0.0,False,0.0,8.0,16.0,8.0,16.0,8.0,0.0,0.0,0.0,0.0,0.0
gift,25.0,0.0,8.0,1.0,0.75,8.0,0.0,False,0.0,8.0,16.0,8.0,16.0,8.0,0.0,0.0,0.0,0.0,0.0
gift,25.0,1.0,8.0,1.0,0.75,8.0,0.0,False,0.0,8.0,16.0,8.0,16.0,8.0,0.0,0.0,0.0,0.0,0.0
gift,25.0,2.0,4.0,0.5,0.75,10.0,0.005859375,True,0.0029296875,8.0,16.0,8.0,16.0,6.0,0.0,0.007781982421875,0.0,0.007781982421875,-0.0234375
gift,25.0,3.0,8.0,1.0,0.75,8.0,0.0,False,0.0,8.0,16.0,8.0,16.0,8.0,0.0,0.0,0.0,0.0,0.0
gift,25.0,4.0,8.0,1.0,0.75,8.0,0.0,False,0.0,8.0,16.0,8.0,16.0,8.0,0.0,0.0,0.0,0.0,0.0
gift,25.0,5.0,8.0,1.0,0.75,8.0,0.0,False,0.0,8.0,16.0,8.0,16.0,8.0,0.0,0.0,0.0,0.0,0.0
gift,25.0,6.0,0.0,0.0,0.75,8.0,0.0,False,0.0,8.0,16.0,8.0,16.0,8.0,0.0,0.0,0.0,0.0,0.0
gift,25.0,7.0,8.0,1.0,0.75,8.0,0.0,False,0.0,8.0,16.0,8.0,16.0,8.0,0.0,0.0,0.0,0.0,0.0
gift,25.0,8.0,8.0,1.0,0.75,8.0,0.0,False,0.0,8.0,16.0,8.0,16.0,8.0,0.0,0.0,0.0,0.0,0.0
gift,25.0,9.0,8.0,1.0,0.75,8.0,0.0,False,0.0,8.0,16.0,8.0,16.0,8.0,0.0,0.0,0.0,0.0,0.0
gift,25.0,10.0,8.0,1.0,0.75,8.0,0.0,False,0.0,8.0,16.0,8.0,16.0,8.0,0.0,0.0,0.0,0.0,0.0
gift,25.0,11.0,8.0,1.0,0.75,8.0,0.0,False,0.0,8.0,16.0,8.0,16.0,8.0,0.0,0.0,0.0,0.0,0.0
gift,25.0,12.0,6.0,0.75,0.75,10.0,0.04381370544433594,True,0.02190685272216797,8.0,16.0,4.0,16.0,10.0,0.0,0.09010557783767581,-0.220184326171875,0.09010557783767581,0.04381370544433594
gift,25.0,13.0,5.0,0.625,0.75,10.0,0.014524189755320549,True,0.0072620948776602745,8.0,16.0,4.0,16.0,6.0,0.0,0.023131876420841024,-0.1486891508102417,0.023131876420841024,-0.03871142864227295
gift,25.0,14.0,8.0,1.0,0.75,8.0,0.0,False,0.0,8.0,16.0,8.0,16.0,8.0,0.0,0.0,0.0,0.0,0.0
gift,25.0,15.0,6.0,0.75,0.75,10.0,0.04381370544433594,True,0.02190685272216797,8.0,16.0,4.0,16.0,10.0,0.0,0.09010557783767581,-0.220184326171875,0.09010557783767581,0.04381370544433594
gift,26.0,0.0,8.0,1.0,0.8125,8.0,0.0,False,0.0,8.0,16.0,8.0,16.0,8.0,0.0,0.0,0.0,0.0,0.0
gift,26.0,1.0,8.0,1.0,0.8125,8.0,0.0,False,0.0,8.0,16.0,8.0,16.0,8.0,0.0,0.0,0.0,0.0,0.0
gift,26.0,2.0,8.0,1.0,0.8125,8.0,0.0,False,0.0,8.0,16.0,8.0,16.0,8.0,0.0,0.0,0.0,0.0,0.0
gift,26.0,3.0,1.0,0.125,0.8125,10.0,0.08053339831531048,True,0.04026669915765524,8.0,16.0,16.0,16.0,24.0,0.0,0.22554188838920908,0.22554188838920908,0.22554188838920908,0.3030400716467391
gift,26.0,4.0,8.0,1.0,0.8125,8.0,0.0,False,0.0,8.0,16.0,8.0,16.0,8.0,0.0,0.0,0.0,0.0,0.0
gift,26.0,5.0,3.0,0.375,0.8125,10.0,0.014524189755320549,True,0.0072620948776602745,8.0,16.0,8.0,16.0,6.0,0.0,0.023131876420841024,0.0,0.023131876420841024,-0.03871142864227295
gift,26.0,6.0,8.0,1.0,0.8125,8.0,0.0,False,0.0,8.0,16.0,8.0,16.0,8.0,0.0,0.0,0.0,0.0,0.0
gift,26.0,7.0,7.0,0.875,0.8125,10.0,0.08053339831531048,True,0.04026669915765524,8.0,16.0,2.0,16.0,24.0,0.0,0.22554188838920908,-0.4376410245895386,0.22554188838920908,0.3030400716467391
gift,26.0,8.0,8.0,1.0,0.8125,8.0,0.0,False,0.0,8.0,16.0,8.0,16.0,8.0,0.0,0.0,0.0,0.0,0.0
gift,26.0,9.0,8.0,1.0,0.8125,8.0,0.0,False,0.0,8.0,16.0,8.0,16.0,8.0,0.0,0.0,0.0,0.0,0.0
gift,26.0,10.0,8.0,1.0,0.8125,8.0,0.0,False,0.0,8.0,16.0,8.0,16.0,8.0,0.0,0.0,0.0,0.0,0.0
gift,26.0,11.0,8.0,1.0,0.8125,8.0,0.0,False,0.0,8.0,16.0,8.0,16.0,8.0,0.0,0.0,0.0,0.0,0.0
gift,26.0,12.0,8.0,1.0,0.8125,8.0,0.0,False,0.0,8.0,16.0,8.0,16.0,8.0,0.0,0.0,0.0,0.0,0.0
gift,26.0,13.0,8.0,1.0,0.8125,8.0,0.0,False,0.0,8.0,16.0,8.0,16.0,8.0,0.0,0.0,0.0,0.0,0.0
gift,26.0,14.0,8.0,1.0,0.8125,8.0,0.0,False,0.0,8.0,16.0,8.0,16.0,8.0,0.0,0.0,0.0,0.0,0.0
gift,26.0,15.0,8.0,1.0,0.8125,8.0,0.0,False,0.0,8.0,16.0,8.0,16.0,8.0,0.0,0.0,0.0,0.0,0.0
gift,27.0,0.0,8.0,1.0,0.9375,8.0,0.0,False,0.0,8.0,16.0,8.0,8.0,8.0,0.0,0.0,0.0,0.0,0.0
gift,27.0,1.0,8.0,1.0,0.9375,8.0,0.0,False,0.0,8.0,16.0,8.0,8.0,8.0,0.0,0.0,0.0,0.0,0.0
gift,27.0,2.0,8.0,1.0,0.9375,8.0,0.0,False,0.0,8.0,16.0,8.0,8.0,8.0,0.0,0.0,0.0,0.0,0.0
gift,27.0,3.0,8.0,1.0,0.9375,8.0,0.0,False,0.0,8.0,16.0,8.0,8.0,8.0,0.0,0.0,0.0,0.0,0.0
gift,27.0,4.0,8.0,1.0,0.9375,8.0,0.0,False,0.0,8.0,16.0,8.0,8.0,8.0,0.0,0.0,0.0,0.0,0.0
gift,27.0,5.0,8.0,1.0,0.9375,8.0,0.0,False,0.0,8.0,16.0,8.0,8.0,8.0,0.0,0.0,0.0,0.0,0.0
gift,27.0,6.0,8.0,1.0,0.9375,8.0,0.0,False,0.0,8.0,16.0,8.0,8.0,8.0,0.0,0.0,0.0,0.0,0.0
gift,27.0,7.0,8.0,1.0,0.9375,8.0,0.0,False,0.0,8.0,16.0,8.0,8.0,8.0,0.0,0.0,0.0,0.0,0.0
gift,27.0,8.0,8.0,1.0,0.9375,8.0,0.0,False,0.0,8.0,16.0,8.0,8.0,8.0,0.0,0.0,0.0,0.0,0.0
gift,27.0,9.0,8.0,1.0,0.9375,8.0,0.0,False,0.0,8.0,16.0,8.0,8.0,8.0,0.0,0.0,0.0,0.0,0.0
gift,27.0,10.0,8.0,1.0,0.9375,8.0,0.0,False,0.0,8.0,16.0,8.0,8.0,8.0,0.0,0.0,0.0,0.0,0.0
gift,27.0,11.0,8.0,1.0,0.9375,8.0,0.0,False,0.0,8.0,16.0,8.0,8.0,8.0,0.0,0.0,0.0,0.0,0.0
gift,27.0,12.0,8.0,1.0,0.9375,8.0,0.0,False,0.0,8.0,16.0,8.0,8.0,8.0,0.0,0.0,0.0,0.0,0.0
gift,27.0,13.0,8.0,1.0,0.9375,8.0,0.0,False,0.0,8.0,16.0,8.0,8.0,8.0,0.0,0.0,0.0,0.0,0.0
gift,27.0,14.0,2.0,0.25,0.9375,10.0,0.04381370544433594,True,0.02190685272216797,8.0,16.0,16.0,8.0,10.0,0.0,0.09010557783767581,0.09010557783767581,0.0,0.04381370544433594
gift,27.0,15.0,8.0,1.0,0.9375,8.0,0.0,False,0.0,8.0,16.0,8.0,8.0,8.0,0.0,0.0,0.0,0.0,0.0
gift,28.0,0.0,8.0,1.0,0.875,8.0,0.0,False,0.0,8.0,16.0,8.0,16.0,8.0,0.0,0.0,0.0,0.0,0.0
gift,28.0,1.0,8.0,1.0,0.875,8.0,0.0,False,0.0,8.0,16.0,8.0,16.0,8.0,0.0,0.0,0.0,0.0,0.0
gift,28.0,2.0,8.0,1.0,0.875,8.0,0.0,False,0.0,8.0,16.0,8.0,16.0,8.0,0.0,0.0,0.0,0.0,0.0
gift,28.0,3.0,8.0,1.0,0.875,8.0,0.0,False,0.0,8.0,16.0,8.0,16.0,8.0,0.0,0.0,0.0,0.0,0.0
gift,28.0,4.0,8.0,1.0,0.875,8.0,0.0,False,0.0,8.0,16.0,8.0,16.0,8.0,0.0,0.0,0.0,0.0,0.0
gift,28.0,5.0,8.0,1.0,0.875,8.0,0.0,False,0.0,8.0,16.0,8.0,16.0,8.0,0.0,0.0,0.0,0.0,0.0
gift,28.0,6.0,8.0,1.0,0.875,8.0,0.0,False,0.0,8.0,16.0,8.0,16.0,8.0,0.0,0.0,0.0,0.0,0.0
gift,28.0,7.0,8.0,1.0,0.875,8.0,0.0,False,0.0,8.0,16.0,8.0,16.0,8.0,0.0,0.0,0.0,0.0,0.0
gift,28.0,8.0,8.0,1.0,0.875,8.0,0.0,False,0.0,8.0,16.0,8.0,16.0,8.0,0.0,0.0,0.0,0.0,0.0
gift,28.0,9.0,8.0,1.0,0.875,8.0,0.0,False,0.0,8.0,16.0,8.0,16.0,8.0,0.0,0.0,0.0,0.0,0.0
gift,28.0,10.0,8.0,1.0,0.875,8.0,0.0,False,0.0,8.0,16.0,8.0,16.0,8.0,0.0,0.0,0.0,0.0,0.0
gift,28.0,11.0,8.0,1.0,0.875,8.0,0.0,False,0.0,8.0,16.0,8.0,16.0,8.0,0.0,0.0,0.0,0.0,0.0
gift,28.0,12.0,6.0,0.75,0.875,10.0,0.04381370544433594,True,0.02190685272216797,8.0,16.0,4.0,16.0,10.0,0.0,0.09010557783767581,-0.220184326171875,0.09010557783767581,0.04381370544433594
gift,28.0,13.0,1.0,0.125,0.875,10.0,0.08053339831531048,True,0.04026669915765524,8.0,16.0,16.0,16.0,24.0,0.0,0.22554188838920908,0.22554188838920908,0.22554188838920908,0.3030400716467391
gift,28.0,14.0,8.0,1.0,0.875,8.0,0.0,False,0.0,8.0,16.0,8.0,16.0,8.0,0.0,0.0,0.0,0.0,0.0
gift,28.0,15.0,8.0,1.0,0.875,8.0,0.0,False,0.0,8.0,16.0,8.0,16.0,8.0,0.0,0.0,0.0,0.0,0.0
gift,29.0,0.0,8.0,1.0,0.9375,8.0,0.0,False,0.0,8.0,16.0,8.0,8.0,8.0,0.0,0.0,0.0,0.0,0.0
gift,29.0,1.0,8.0,1.0,0.9375,8.0,0.0,False,0.0,8.0,16.0,8.0,8.0,8.0,0.0,0.0,0.0,0.0,0.0
gift,29.0,2.0,8.0,1.0,0.9375,8.0,0.0,False,0.0,8.0,16.0,8.0,8.0,8.0,0.0,0.0,0.0,0.0,0.0
gift,29.0,3.0,8.0,1.0,0.9375,8.0,0.0,False,0.0,8.0,16.0,8.0,8.0,8.0,0.0,0.0,0.0,0.0,0.0
gift,29.0,4.0,3.0,0.375,0.9375,10.0,0.014524189755320549,True,0.0072620948776602745,8.0,16.0,8.0,8.0,6.0,0.0,0.023131876420841024,0.0,0.0,-0.03871142864227295
gift,29.0,5.0,8.0,1.0,0.9375,8.0,0.0,False,0.0,8.0,16.0,8.0,8.0,8.0,0.0,0.0,0.0,0.0,0.0
gift,29.0,6.0,8.0,1.0,0.9375,8.0,0.0,False,0.0,8.0,16.0,8.0,8.0,8.0,0.0,0.0,0.0,0.0,0.0
gift,29.0,7.0,8.0,1.0,0.9375,8.0,0.0,False,0.0,8.0,16.0,8.0,8.0,8.0,0.0,0.0,0.0,0.0,0.0
gift,29.0,8.0,8.0,1.0,0.9375,8.0,0.0,False,0.0,8.0,16.0,8.0,8.0,8.0,0.0,0.0,0.0,0.0,0.0
gift,29.0,9.0,8.0,1.0,0.9375,8.0,0.0,False,0.0,8.0,16.0,8.0,8.0,8.0,0.0,0.0,0.0,0.0,0.0
gift,29.0,10.0,8.0,1.0,0.9375,8.0,0.0,False,0.0,8.0,16.0,8.0,8.0,8.0,0.0,0.0,0.0,0.0,0.0
gift,29.0,11.0,8.0,1.0,0.9375,8.0,0.0,False,0.0,8.0,16.0,8.0,8.0,8.0,0.0,0.0,0.0,0.0,0.0
gift,29.0,12.0,8.0,1.0,0.9375,8.0,0.0,False,0.0,8.0,16.0,8.0,8.0,8.0,0.0,0.0,0.0,0.0,0.0
gift,29.0,13.0,8.0,1.0,0.9375,8.0,0.0,False,0.0,8.0,16.0,8.0,8.0,8.0,0.0,0.0,0.0,0.0,0.0
gift,29.0,14.0,8.0,1.0,0.9375,8.0,0.0,False,0.0,8.0,16.0,8.0,8.0,8.0,0.0,0.0,0.0,0.0,0.0
gift,29.0,15.0,8.0,1.0,0.9375,8.0,0.0,False,0.0,8.0,16.0,8.0,8.0,8.0,0.0,0.0,0.0,0.0,0.0
gift,30.0,0.0,8.0,1.0,0.875,8.0,0.0,False,0.0,8.0,16.0,8.0,16.0,8.0,0.0,0.0,0.0,0.0,0.0
gift,30.0,1.0,8.0,1.0,0.875,8.0,0.0,False,0.0,8.0,16.0,8.0,16.0,8.0,0.0,0.0,0.0,0.0,0.0
gift,30.0,2.0,8.0,1.0,0.875,8.0,0.0,False,0.0,8.0,16.0,8.0,16.0,8.0,0.0,0.0,0.0,0.0,0.0
gift,30.0,3.0,8.0,1.0,0.875,8.0,0.0,False,0.0,8.0,16.0,8.0,16.0,8.0,0.0,0.0,0.0,0.0,0.0
gift,30.0,4.0,4.0,0.5,0.875,10.0,0.005859375,True,0.0029296875,8.0,16.0,8.0,16.0,6.0,0.0,0.007781982421875,0.0,0.007781982421875,-0.0234375
gift,30.0,5.0,8.0,1.0,0.875,8.0,0.0,False,0.0,8.0,16.0,8.0,16.0,8.0,0.0,0.0,0.0,0.0,0.0
gift,30.0,6.0,8.0,1.0,0.875,8.0,0.0,False,0.0,8.0,16.0,8.0,16.0,8.0,0.0,0.0,0.0,0.0,0.0
gift,30.0,7.0,8.0,1.0,0.875,8.0,0.0,False,0.0,8.0,16.0,8.0,16.0,8.0,0.0,0.0,0.0,0.0,0.0
gift,30.0,8.0,8.0,1.0,0.875,8.0,0.0,False,0.0,8.0,16.0,8.0,16.0,8.0,0.0,0.0,0.0,0.0,0.0
gift,30.0,9.0,8.0,1.0,0.875,8.0,0.0,False,0.0,8.0,16.0,8.0,16.0,8.0,0.0,0.0,0.0,0.0,0.0
gift,30.0,10.0,8.0,1.0,0.875,8.0,0.0,False,0.0,8.0,16.0,8.0,16.0,8.0,0.0,0.0,0.0,0.0,0.0
gift,30.0,11.0,8.0,1.0,0.875,8.0,0.0,False,0.0,8.0,16.0,8.0,16.0,8.0,0.0,0.0,0.0,0.0,0.0
gift,30.0,12.0,8.0,1.0,0.875,8.0,0.0,False,0.0,8.0,16.0,8.0,16.0,8.0,0.0,0.0,0.0,0.0,0.0
gift,30.0,13.0,8.0,1.0,0.875,8.0,0.0,False,0.0,8.0,16.0,8.0,16.0,8.0,0.0,0.0,0.0,0.0,0.0
gift,30.0,14.0,8.0,1.0,0.875,8.0,0.0,False,0.0,8.0,16.0,8.0,16.0,8.0,0.0,0.0,0.0,0.0,0.0
gift,30.0,15.0,2.0,0.25,0.875,10.0,0.04381370544433594,True,0.02190685272216797,8.0,16.0,16.0,16.0,10.0,0.0,0.09010557783767581,0.09010557783767581,0.09010557783767581,0.04381370544433594
gift,31.0,0.0,8.0,1.0,0.9375,8.0,0.0,False,0.0,8.0,16.0,8.0,8.0,8.0,0.0,0.0,0.0,0.0,0.0
gift,31.0,1.0,0.0,0.0,0.9375,8.0,0.0,False,0.0,8.0,16.0,8.0,8.0,8.0,0.0,0.0,0.0,0.0,0.0
gift,31.0,2.0,8.0,1.0,0.9375,8.0,0.0,False,0.0,8.0,16.0,8.0,8.0,8.0,0.0,0.0,0.0,0.0,0.0
gift,31.0,3.0,8.0,1.0,0.9375,8.0,0.0,False,0.0,8.0,16.0,8.0,8.0,8.0,0.0,0.0,0.0,0.0,0.0
gift,31.0,4.0,8.0,1.0,0.9375,8.0,0.0,False,0.0,8.0,16.0,8.0,8.0,8.0,0.0,0.0,0.0,0.0,0.0
gift,31.0,5.0,8.0,1.0,0.9375,8.0,0.0,False,0.0,8.0,16.0,8.0,8.0,8.0,0.0,0.0,0.0,0.0,0.0
gift,31.0,6.0,8.0,1.0,0.9375,8.0,0.0,False,0.0,8.0,16.0,8.0,8.0,8.0,0.0,0.0,0.0,0.0,0.0
gift,31.0,7.0,8.0,1.0,0.9375,8.0,0.0,False,0.0,8.0,16.0,8.0,8.0,8.0,0.0,0.0,0.0,0.0,0.0
gift,31.0,8.0,8.0,1.0,0.9375,8.0,0.0,False,0.0,8.0,16.0,8.0,8.0,8.0,0.0,0.0,0.0,0.0,0.0
gift,31.0,9.0,8.0,1.0,0.9375,8.0,0.0,False,0.0,8.0,16.0,8.0,8.0,8.0,0.0,0.0,0.0,0.0,0.0
gift,31.0,10.0,8.0,1.0,0.9375,8.0,0.0,False,0.0,8.0,16.0,8.0,8.0,8.0,0.0,0.0,0.0,0.0,0.0
gift,31.0,11.0,8.0,1.0,0.9375,8.0,0.0,False,0.0,8.0,16.0,8.0,8.0,8.0,0.0,0.0,0.0,0.0,0.0
gift,31.0,12.0,7.0,0.875,0.9375,10.0,0.08053339831531048,True,0.04026669915765524,8.0,16.0,2.0,8.0,24.0,0.0,0.22554188838920908,-0.4376410245895386,0.0,0.3030400716467391
gift,31.0,13.0,8.0,1.0,0.9375,8.0,0.0,False,0.0,8.0,16.0,8.0,8.0,8.0,0.0,0.0,0.0,0.0,0.0
gift,31.0,14.0,8.0,1.0,0.9375,8.0,0.0,False,0.0,8.0,16.0,8.0,8.0,8.0,0.0,0.0,0.0,0.0,0.0
gift,31.0,15.0,8.0,1.0,0.9375,8.0,0.0,False,0.0,8.0,16.0,8.0,8.0,8.0,0.0,0.0,0.0,0.0,0.0
gift,32.0,0.0,8.0,1.0,0.75,8.0,0.0,False,0.0,8.0,16.0,8.0,16.0,8.0,0.0,0.0,0.0,0.0,0.0
gift,32.0,1.0,5.0,0.625,0.75,10.0,0.014524189755320549,True,0.0072620948776602745,8.0,16.0,4.0,16.0,6.0,0.0,0.023131876420841024,-0.1486891508102417,0.023131876420841024,-0.03871142864227295
gift,32.0,2.0,8.0,1.0,0.75,8.0,0.0,False,0.0,8.0,16.0,8.0,16.0,8.0,0.0,0.0,0.0,0.0,0.0
gift,32.0,3.0,8.0,1.0,0.75,8.0,0.0,False,0.0,8.0,16.0,8.0,16.0,8.0,0.0,0.0,0.0,0.0,0.0
gift,32.0,4.0,8.0,1.0,0.75,8.0,0.0,False,0.0,8.0,16.0,8.0,16.0,8.0,0.0,0.0,0.0,0.0,0.0
gift,32.0,5.0,8.0,1.0,0.75,8.0,0.0,False,0.0,8.0,16.0,8.0,16.0,8.0,0.0,0.0,0.0,0.0,0.0
gift,32.0,6.0,8.0,1.0,0.75,8.0,0.0,False,0.0,8.0,16.0,8.0,16.0,8.0,0.0,0.0,0.0,0.0,0.0
gift,32.0,7.0,8.0,1.0,0.75,8.0,0.0,False,0.0,8.0,16.0,8.0,16.0,8.0,0.0,0.0,0.0,0.0,0.0
gift,32.0,8.0,8.0,1.0,0.75,8.0,0.0,False,0.0,8.0,16.0,8.0,16.0,8.0,0.0,0.0,0.0,0.0,0.0
gift,32.0,9.0,5.0,0.625,0.75,10.0,0.014524189755320549,True,0.0072620948776602745,8.0,16.0,4.0,16.0,6.0,0.0,0.023131876420841024,-0.1486891508102417,0.023131876420841024,-0.03871142864227295
gift,32.0,10.0,8.0,1.0,0.75,8.0,0.0,False,0.0,8.0,16.0,8.0,16.0,8.0,0.0,0.0,0.0,0.0,0.0
gift,32.0,11.0,1.0,0.125,0.75,10.0,0.08053339831531048,True,0.04026669915765524,8.0,16.0,16.0,16.0,24.0,0.0,0.22554188838920908,0.22554188838920908,0.22554188838920908,0.3030400716467391
gift,32.0,12.0,8.0,1.0,0.75,8.0,0.0,False,0.0,8.0,16.0,8.0,16.0,8.0,0.0,0.0,0.0,0.0,0.0
gift,32.0,13.0,8.0,1.0,0.75,8.0,0.0,False,0.0,8.0,16.0,8.0,16.0,8.0,0.0,0.0,0.0,0.0,0.0
gift,32.0,14.0,1.0,0.125,0.75,10.0,0.08053339831531048,True,0.04026669915765524,8.0,16.0,16.0,16.0,24.0,0.0,0.22554188838920908,0.22554188838920908,0.22554188838920908,0.3030400716467391
gift,32.0,15.0,8.0,1.0,0.75,8.0,0.0,False,0.0,8.0,16.0,8.0,16.0,8.0,0.0,0.0,0.0,0.0,0.0
gift,33.0,0.0,8.0,1.0,0.9375,8.0,0.0,False,0.0,8.0,16.0,8.0,8.0,8.0,0.0,0.0,0.0,0.0,0.0
gift,33.0,1.0,8.0,1.0,0.9375,8.0,0.0,False,0.0,8.0,16.0,8.0,8.0,8.0,0.0,0.0,0.0,0.0,0.0
gift,33.0,2.0,8.0,1.0,0.9375,8.0,0.0,False,0.0,8.0,16.0,8.0,8.0,8.0,0.0,0.0,0.0,0.0,0.0
gift,33.0,3.0,8.0,1.0,0.9375,8.0,0.0,False,0.0,8.0,16.0,8.0,8.0,8.0,0.0,0.0,0.0,0.0,0.0
gift,33.0,4.0,8.0,1.0,0.9375,8.0,0.0,False,0.0,8.0,16.0,8.0,8.0,8.0,0.0,0.0,0.0,0.0,0.0
gift,33.0,5.0,8.0,1.0,0.9375,8.0,0.0,False,0.0,8.0,16.0,8.0,8.0,8.0,0.0,0.0,0.0,0.0,0.0
gift,33.0,6.0,8.0,1.0,0.9375,8.0,0.0,False,0.0,8.0,16.0,8.0,8.0,8.0,0.0,0.0,0.0,0.0,0.0
gift,33.0,7.0,7.0,0.875,0.9375,10.0,0.08053339831531048,True,0.04026669915765524,8.0,16.0,2.0,8.0,24.0,0.0,0.22554188838920908,-0.4376410245895386,0.0,0.3030400716467391
gift,33.0,8.0,8.0,1.0,0.9375,8.0,0.0,False,0.0,8.0,16.0,8.0,8.0,8.0,0.0,0.0,0.0,0.0,0.0
gift,33.0,9.0,8.0,1.0,0.9375,8.0,0.0,False,0.0,8.0,16.0,8.0,8.0,8.0,0.0,0.0,0.0,0.0,0.0
gift,33.0,10.0,8.0,1.0,0.9375,8.0,0.0,False,0.0,8.0,16.0,8.0,8.0,8.0,0.0,0.0,0.0,0.0,0.0
gift,33.0,11.0,8.0,1.0,0.9375,8.0,0.0,False,0.0,8.0,16.0,8.0,8.0,8.0,0.0,0.0,0.0,0.0,0.0
gift,33.0,12.0,8.0,1.0,0.9375,8.0,0.0,False,0.0,8.0,16.0,8.0,8.0,8.0,0.0,0.0,0.0,0.0,0.0
gift,33.0,13.0,8.0,1.0,0.9375,8.0,0.0,False,0.0,8.0,16.0,8.0,8.0,8.0,0.0,0.0,0.0,0.0,0.0
gift,33.0,14.0,8.0,1.0,0.9375,8.0,0.0,False,0.0,8.0,16.0,8.0,8.0,8.0,0.0,0.0,0.0,0.0,0.0
gift,33.0,15.0,0.0,0.0,0.9375,8.0,0.0,False,0.0,8.0,16.0,8.0,8.0,8.0,0.0,0.0,0.0,0.0,0.0
gift,34.0,0.0,8.0,1.0,1.0,8.0,0.0,False,0.0,8.0,16.0,8.0,8.0,8.0,0.0,0.0,0.0,0.0,0.0
gift,34.0,1.0,8.0,1.0,1.0,8.0,0.0,False,0.0,8.0,16.0,8.0,8.0,8.0,0.0,0.0,0.0,0.0,0.0
gift,34.0,2.0,8.0,1.0,1.0,8.0,0.0,False,0.0,8.0,16.0,8.0,8.0,8.0,0.0,0.0,0.0,0.0,0.0
gift,34.0,3.0,8.0,1.0,1.0,8.0,0.0,False,0.0,8.0,16.0,8.0,8.0,8.0,0.0,0.0,0.0,0.0,0.0
gift,34.0,4.0,8.0,1.0,1.0,8.0,0.0,False,0.0,8.0,16.0,8.0,8.0,8.0,0.0,0.0,0.0,0.0,0.0
gift,34.0,5.0,8.0,1.0,1.0,8.0,0.0,False,0.0,8.0,16.0,8.0,8.0,8.0,0.0,0.0,0.0,0.0,0.0
gift,34.0,6.0,0.0,0.0,1.0,8.0,0.0,False,0.0,8.0,16.0,8.0,8.0,8.0,0.0,0.0,0.0,0.0,0.0
gift,34.0,7.0,8.0,1.0,1.0,8.0,0.0,False,0.0,8.0,16.0,8.0,8.0,8.0,0.0,0.0,0.0,0.0,0.0
gift,34.0,8.0,8.0,1.0,1.0,8.0,0.0,False,0.0,8.0,16.0,8.0,8.0,8.0,0.0,0.0,0.0,0.0,0.0
gift,34.0,9.0,8.0,1.0,1.0,8.0,0.0,False,0.0,8.0,16.0,8.0,8.0,8.0,0.0,0.0,0.0,0.0,0.0
gift,34.0,10.0,8.0,1.0,1.0,8.0,0.0,False,0.0,8.0,16.0,8.0,8.0,8.0,0.0,0.0,0.0,0.0,0.0
gift,34.0,11.0,8.0,1.0,1.0,8.0,0.0,False,0.0,8.0,16.0,8.0,8.0,8.0,0.0,0.0,0.0,0.0,0.0
gift,34.0,12.0,8.0,1.0,1.0,8.0,0.0,False,0.0,8.0,16.0,8.0,8.0,8.0,0.0,0.0,0.0,0.0,0.0
gift,34.0,13.0,8.0,1.0,1.0,8.0,0.0,False,0.0,8.0,16.0,8.0,8.0,8.0,0.0,0.0,0.0,0.0,0.0
gift,34.0,14.0,8.0,1.0,1.0,8.0,0.0,False,0.0,8.0,16.0,8.0,8.0,8.0,0.0,0.0,0.0,0.0,0.0
gift,34.0,15.0,8.0,1.0,1.0,8.0,0.0,False,0.0,8.0,16.0,8.0,8.0,8.0,0.0,0.0,0.0,0.0,0.0
gift,35.0,0.0,8.0,1.0,0.9375,8.0,0.0,False,0.0,8.0,16.0,8.0,8.0,8.0,0.0,0.0,0.0,0.0,0.0
gift,35.0,1.0,8.0,1.0,0.9375,8.0,0.0,False,0.0,8.0,16.0,8.0,8.0,8.0,0.0,0.0,0.0,0.0,0.0
gift,35.0,2.0,8.0,1.0,0.9375,8.0,0.0,False,0.0,8.0,16.0,8.0,8.0,8.0,0.0,0.0,0.0,0.0,0.0
gift,35.0,3.0,8.0,1.0,0.9375,8.0,0.0,False,0.0,8.0,16.0,8.0,8.0,8.0,0.0,0.0,0.0,0.0,0.0
gift,35.0,4.0,0.0,0.0,0.9375,8.0,0.0,False,0.0,8.0,16.0,8.0,8.0,8.0,0.0,0.0,0.0,0.0,0.0
gift,35.0,5.0,8.0,1.0,0.9375,8.0,0.0,False,0.0,8.0,16.0,8.0,8.0,8.0,0.0,0.0,0.0,0.0,0.0
gift,35.0,6.0,8.0,1.0,0.9375,8.0,0.0,False,0.0,8.0,16.0,8.0,8.0,8.0,0.0,0.0,0.0,0.0,0.0
gift,35.0,7.0,8.0,1.0,0.9375,8.0,0.0,False,0.0,8.0,16.0,8.0,8.0,8.0,0.0,0.0,0.0,0.0,0.0
gift,35.0,8.0,0.0,0.0,0.9375,8.0,0.0,False,0.0,8.0,16.0,8.0,8.0,8.0,0.0,0.0,0.0,0.0,0.0
gift,35.0,9.0,8.0,1.0,0.9375,8.0,0.0,False,0.0,8.0,16.0,8.0,8.0,8.0,0.0,0.0,0.0,0.0,0.0
gift,35.0,10.0,8.0,1.0,0.9375,8.0,0.0,False,0.0,8.0,16.0,8.0,8.0,8.0,0.0,0.0,0.0,0.0,0.0
gift,35.0,11.0,8.0,1.0,0.9375,8.0,0.0,False,0.0,8.0,16.0,8.0,8.0,8.0,0.0,0.0,0.0,0.0,0.0
gift,35.0,12.0,8.0,1.0,0.9375,8.0,0.0,False,0.0,8.0,16.0,8.0,8.0,8.0,0.0,0.0,0.0,0.0,0.0
gift,35.0,13.0,8.0,1.0,0.9375,8.0,0.0,False,0.0,8.0,16.0,8.0,8.0,8.0,0.0,0.0,0.0,0.0,0.0
gift,35.0,14.0,1.0,0.125,0.9375,10.0,0.08053339831531048,True,0.04026669915765524,8.0,16.0,16.0,8.0,24.0,0.0,0.22554188838920908,0.22554188838920908,0.0,0.3030400716467391
gift,35.0,15.0,8.0,1.0,0.9375,8.0,0.0,False,0.0,8.0,16.0,8.0,8.0,8.0,0.0,0.0,0.0,0.0,0.0
gift,36.0,0.0,4.0,0.5,0.9375,10.0,0.005859375,True,0.0029296875,8.0,16.0,8.0,8.0,6.0,0.0,0.007781982421875,0.0,0.0,-0.0234375
gift,36.0,1.0,8.0,1.0,0.9375,8.0,0.0,False,0.0,8.0,16.0,8.0,8.0,8.0,0.0,0.0,0.0,0.0,0.0
gift,36.0,2.0,0.0,0.0,0.9375,8.0,0.0,False,0.0,8.0,16.0,8.0,8.0,8.0,0.0,0.0,0.0,0.0,0.0
gift,36.0,3.0,8.0,1.0,0.9375,8.0,0.0,False,0.0,8.0,16.0,8.0,8.0,8.0,0.0,0.0,0.0,0.0,0.0
gift,36.0,4.0,8.0,1.0,0.9375,8.0,0.0,False,0.0,8.0,16.0,8.0,8.0,8.0,0.0,0.0,0.0,0.0,0.0
gift,36.0,5.0,8.0,1.0,0.9375,8.0,0.0,False,0.0,8.0,16.0,8.0,8.0,8.0,0.0,0.0,0.0,0.0,0.0
gift,36.0,6.0,8.0,1.0,0.9375,8.0,0.0,False,0.0,8.0,16.0,8.0,8.0,8.0,0.0,0.0,0.0,0.0,0.0
gift,36.0,7.0,8.0,1.0,0.9375,8.0,0.0,False,0.0,8.0,16.0,8.0,8.0,8.0,0.0,0.0,0.0,0.0,0.0
gift,36.0,8.0,8.0,1.0,0.9375,8.0,0.0,False,0.0,8.0,16.0,8.0,8.0,8.0,0.0,0.0,0.0,0.0,0.0
gift,36.0,9.0,8.0,1.0,0.9375,8.0,0.0,False,0.0,8.0,16.0,8.0,8.0,8.0,0.0,0.0,0.0,0.0,0.0
gift,36.0,10.0,8.0,1.0,0.9375,8.0,0.0,False,0.0,8.0,16.0,8.0,8.0,8.0,0.0,0.0,0.0,0.0,0.0
gift,36.0,11.0,8.0,1.0,0.9375,8.0,0.0,False,0.0,8.0,16.0,8.0,8.0,8.0,0.0,0.0,0.0,0.0,0.0
gift,36.0,12.0,8.0,1.0,0.9375,8.0,0.0,False,0.0,8.0,16.0,8.0,8.0,8.0,0.0,0.0,0.0,0.0,0.0
gift,36.0,13.0,8.0,1.0,0.9375,8.0,0.0,False,0.0,8.0,16.0,8.0,8.0,8.0,0.0,0.0,0.0,0.0,0.0
gift,36.0,14.0,8.0,1.0,0.9375,8.0,0.0,False,0.0,8.0,16.0,8.0,8.0,8.0,0.0,0.0,0.0,0.0,0.0
gift,36.0,15.0,8.0,1.0,0.9375,8.0,0.0,False,0.0,8.0,16.0,8.0,8.0,8.0,0.0,0.0,0.0,0.0,0.0
gift,37.0,0.0,8.0,1.0,0.875,8.0,0.0,False,0.0,8.0,16.0,8.0,16.0,8.0,0.0,0.0,0.0,0.0,0.0
gift,37.0,1.0,0.0,0.0,0.875,8.0,0.0,False,0.0,8.0,16.0,8.0,16.0,8.0,0.0,0.0,0.0,0.0,0.0
gift,37.0,2.0,5.0,0.625,0.875,10.0,0.014524189755320549,True,0.0072620948776602745,8.0,16.0,4.0,16.0,6.0,0.0,0.023131876420841024,-0.1486891508102417,0.023131876420841024,-0.03871142864227295
gift,37.0,3.0,8.0,1.0,0.875,8.0,0.0,False,0.0,8.0,16.0,8.0,16.0,8.0,0.0,0.0,0.0,0.0,0.0
gift,37.0,4.0,8.0,1.0,0.875,8.0,0.0,False,0.0,8.0,16.0,8.0,16.0,8.0,0.0,0.0,0.0,0.0,0.0
gift,37.0,5.0,8.0,1.0,0.875,8.0,0.0,False,0.0,8.0,16.0,8.0,16.0,8.0,0.0,0.0,0.0,0.0,0.0
gift,37.0,6.0,8.0,1.0,0.875,8.0,0.0,False,0.0,8.0,16.0,8.0,16.0,8.0,0.0,0.0,0.0,0.0,0.0
gift,37.0,7.0,7.0,0.875,0.875,10.0,0.08053339831531048,True,0.04026669915765524,8.0,16.0,2.0,16.0,24.0,0.0,0.22554188838920908,-0.4376410245895386,0.22554188838920908,0.3030400716467391
gift,37.0,8.0,8.0,1.0,0.875,8.0,0.0,False,0.0,8.0,16.0,8.0,16.0,8.0,0.0,0.0,0.0,0.0,0.0
gift,37.0,9.0,8.0,1.0,0.875,8.0,0.0,False,0.0,8.0,16.0,8.0,16.0,8.0,0.0,0.0,0.0,0.0,0.0
gift,37.0,10.0,8.0,1.0,0.875,8.0,0.0,False,0.0,8.0,16.0,8.0,16.0,8.0,0.0,0.0,0.0,0.0,0.0
gift,37.0,11.0,0.0,0.0,0.875,8.0,0.0,False,0.0,8.0,16.0,8.0,16.0,8.0,0.0,0.0,0.0,0.0,0.0
gift,37.0,12.0,8.0,1.0,0.875,8.0,0.0,False,0.0,8.0,16.0,8.0,16.0,8.0,0.0,0.0,0.0,0.0,0.0
gift,37.0,13.0,8.0,1.0,0.875,8.0,0.0,False,0.0,8.0,16.0,8.0,16.0,8.0,0.0,0.0,0.0,0.0,0.0
gift,37.0,14.0,8.0,1.0,0.875,8.0,0.0,False,0.0,8.0,16.0,8.0,16.0,8.0,0.0,0.0,0.0,0.0,0.0
gift,37.0,15.0,0.0,0.0,0.875,8.0,0.0,False,0.0,8.0,16.0,8.0,16.0,8.0,0.0,0.0,0.0,0.0,0.0
gift,38.0,0.0,8.0,1.0,0.9375,8.0,0.0,False,0.0,8.0,16.0,8.0,8.0,8.0,0.0,0.0,0.0,0.0,0.0
gift,38.0,1.0,8.0,1.0,0.9375,8.0,0.0,False,0.0,8.0,16.0,8.0,8.0,8.0,0.0,0.0,0.0,0.0,0.0
gift,38.0,2.0,8.0,1.0,0.9375,8.0,0.0,False,0.0,8.0,16.0,8.0,8.0,8.0,0.0,0.0,0.0,0.0,0.0
gift,38.0,3.0,0.0,0.0,0.9375,8.0,0.0,False,0.0,8.0,16.0,8.0,8.0,8.0,0.0,0.0,0.0,0.0,0.0
gift,38.0,4.0,3.0,0.375,0.9375,10.0,0.014524189755320549,True,0.0072620948776602745,8.0,16.0,8.0,8.0,6.0,0.0,0.023131876420841024,0.0,0.0,-0.03871142864227295
gift,38.0,5.0,8.0,1.0,0.9375,8.0,0.0,False,0.0,8.0,16.0,8.0,8.0,8.0,0.0,0.0,0.0,0.0,0.0
gift,38.0,6.0,8.0,1.0,0.9375,8.0,0.0,False,0.0,8.0,16.0,8.0,8.0,8.0,0.0,0.0,0.0,0.0,0.0
gift,38.0,7.0,8.0,1.0,0.9375,8.0,0.0,False,0.0,8.0,16.0,8.0,8.0,8.0,0.0,0.0,0.0,0.0,0.0
gift,38.0,8.0,8.0,1.0,0.9375,8.0,0.0,False,0.0,8.0,16.0,8.0,8.0,8.0,0.0,0.0,0.0,0.0,0.0
gift,38.0,9.0,8.0,1.0,0.9375,8.0,0.0,False,0.0,8.0,16.0,8.0,8.0,8.0,0.0,0.0,0.0,0.0,0.0
gift,38.0,10.0,8.0,1.0,0.9375,8.0,0.0,False,0.0,8.0,16.0,8.0,8.0,8.0,0.0,0.0,0.0,0.0,0.0
gift,38.0,11.0,8.0,1.0,0.9375,8.0,0.0,False,0.0,8.0,16.0,8.0,8.0,8.0,0.0,0.0,0.0,0.0,0.0
gift,38.0,12.0,8.0,1.0,0.9375,8.0,0.0,False,0.0,8.0,16.0,8.0,8.0,8.0,0.0,0.0,0.0,0.0,0.0
gift,38.0,13.0,0.0,0.0,0.9375,8.0,0.0,False,0.0,8.0,16.0,8.0,8.0,8.0,0.0,0.0,0.0,0.0,0.0
gift,38.0,14.0,8.0,1.0,0.9375,8.0,0.0,False,0.0,8.0,16.0,8.0,8.0,8.0,0.0,0.0,0.0,0.0,0.0
gift,38.0,15.0,8.0,1.0,0.9375,8.0,0.0,False,0.0,8.0,16.0,8.0,8.0,8.0,0.0,0.0,0.0,0.0,0.0
gift,39.0,0.0,8.0,1.0,0.8125,8.0,0.0,False,0.0,8.0,16.0,8.0,16.0,8.0,0.0,0.0,0.0,0.0,0.0
gift,39.0,1.0,8.0,1.0,0.8125,8.0,0.0,False,0.0,8.0,16.0,8.0,16.0,8.0,0.0,0.0,0.0,0.0,0.0
gift,39.0,2.0,4.0,0.5,0.8125,10.0,0.005859375,True,0.0029296875,8.0,16.0,8.0,16.0,6.0,0.0,0.007781982421875,0.0,0.007781982421875,-0.0234375
gift,39.0,3.0,8.0,1.0,0.8125,8.0,0.0,False,0.0,8.0,16.0,8.0,16.0,8.0,0.0,0.0,0.0,0.0,0.0
gift,39.0,4.0,6.0,0.75,0.8125,10.0,0.04381370544433594,True,0.02190685272216797,8.0,16.0,4.0,16.0,10.0,0.0,0.09010557783767581,-0.220184326171875,0.09010557783767581,0.04381370544433594
gift,39.0,5.0,8.0,1.0,0.8125,8.0,0.0,False,0.0,8.0,16.0,8.0,16.0,8.0,0.0,0.0,0.0,0.0,0.0
gift,39.0,6.0,8.0,1.0,0.8125,8.0,0.0,False,0.0,8.0,16.0,8.0,16.0,8.0,0.0,0.0,0.0,0.0,0.0
gift,39.0,7.0,8.0,1.0,0.8125,8.0,0.0,False,0.0,8.0,16.0,8.0,16.0,8.0,0.0,0.0,0.0,0.0,0.0
gift,39.0,8.0,5.0,0.625,0.8125,10.0,0.014524189755320549,True,0.0072620948776602745,8.0,16.0,4.0,16.0,6.0,0.0,0.023131876420841024,-0.1486891508102417,0.023131876420841024,-0.03871142864227295
gift,39.0,9.0,8.0,1.0,0.8125,8.0,0.0,False,0.0,8.0,16.0,8.0,16.0,8.0,0.0,0.0,0.0,0.0,0.0
gift,39.0,10.0,8.0,1.0,0.8125,8.0,0.0,False,0.0,8.0,16.0,8.0,16.0,8.0,0.0,0.0,0.0,0.0,0.0
gift,39.0,11.0,8.0,1.0,0.8125,8.0,0.0,False,0.0,8.0,16.0,8.0,16.0,8.0,0.0,0.0,0.0,0.0,0.0
gift,39.0,12.0,8.0,1.0,0.8125,8.0,0.0,False,0.0,8.0,16.0,8.0,16.0,8.0,0.0,0.0,0.0,0.0,0.0
gift,39.0,13.0,8.0,1.0,0.8125,8.0,0.0,False,0.0,8.0,16.0,8.0,16.0,8.0,0.0,0.0,0.0,0.0,0.0
gift,39.0,14.0,8.0,1.0,0.8125,8.0,0.0,False,0.0,8.0,16.0,8.0,16.0,8.0,0.0,0.0,0.0,0.0,0.0
gift,39.0,15.0,0.0,0.0,0.8125,8.0,0.0,False,0.0,8.0,16.0,8.0,16.0,8.0,0.0,0.0,0.0,0.0,0.0
grpo,0.0,0.0,8.0,1.0,0.6875,8.0,0.0,False,0.0,8.0,8.0,8.0,8.0,8.0,0.0,0.0,0.0,0.0,0.0
grpo,0.0,1.0,6.0,0.75,0.6875,10.0,0.04381370544433594,True,0.02190685272216797,8.0,8.0,4.0,8.0,10.0,0.0,0.0,-0.220184326171875,0.0,0.04381370544433594
grpo,0.0,2.0,8.0,1.0,0.6875,8.0,0.0,False,0.0,8.0,8.0,8.0,8.0,8.0,0.0,0.0,0.0,0.0,0.0
grpo,0.0,3.0,8.0,1.0,0.6875,8.0,0.0,False,0.0,8.0,8.0,8.0,8.0,8.0,0.0,0.0,0.0,0.0,0.0
grpo,0.0,4.0,8.0,1.0,0.6875,8.0,0.0,False,0.0,8.0,8.0,8.0,8.0,8.0,0.0,0.0,0.0,0.0,0.0
grpo,0.0,5.0,8.0,1.0,0.6875,8.0,0.0,False,0.0,8.0,8.0,8.0,8.0,8.0,0.0,0.0,0.0,0.0,0.0
grpo,0.0,6.0,8.0,1.0,0.6875,8.0,0.0,False,0.0,8.0,8.0,8.0,8.0,8.0,0.0,0.0,0.0,0.0,0.0
grpo,0.0,7.0,8.0,1.0,0.6875,8.0,0.0,False,0.0,8.0,8.0,8.0,8.0,8.0,0.0,0.0,0.0,0.0,0.0
grpo,0.0,8.0,8.0,1.0,0.6875,8.0,0.0,False,0.0,8.0,8.0,8.0,8.0,8.0,0.0,0.0,0.0,0.0,0.0
grpo,0.0,9.0,1.0,0.125,0.6875,10.0,0.08053339831531048,True,0.04026669915765524,8.0,8.0,16.0,8.0,24.0,0.0,0.0,0.22554188838920908,0.0,0.3030400716467391
grpo,0.0,10.0,7.0,0.875,0.6875,10.0,0.08053339831531048,True,0.04026669915765524,8.0,8.0,2.0,8.0,24.0,0.0,0.0,-0.4376410245895386,0.0,0.3030400716467391
grpo,0.0,11.0,1.0,0.125,0.6875,10.0,0.08053339831531048,True,0.04026669915765524,8.0,8.0,16.0,8.0,24.0,0.0,0.0,0.22554188838920908,0.0,0.3030400716467391
grpo,0.0,12.0,8.0,1.0,0.6875,8.0,0.0,False,0.0,8.0,8.0,8.0,8.0,8.0,0.0,0.0,0.0,0.0,0.0
grpo,0.0,13.0,8.0,1.0,0.6875,8.0,0.0,False,0.0,8.0,8.0,8.0,8.0,8.0,0.0,0.0,0.0,0.0,0.0
grpo,0.0,14.0,1.0,0.125,0.6875,10.0,0.08053339831531048,True,0.04026669915765524,8.0,8.0,16.0,8.0,24.0,0.0,0.0,0.22554188838920908,0.0,0.3030400716467391
grpo,0.0,15.0,8.0,1.0,0.6875,8.0,0.0,False,0.0,8.0,8.0,8.0,8.0,8.0,0.0,0.0,0.0,0.0,0.0
grpo,1.0,0.0,7.0,0.875,0.5,10.0,0.08053339831531048,True,0.04026669915765524,8.0,8.0,2.0,8.0,24.0,0.0,0.0,-0.4376410245895386,0.0,0.3030400716467391
grpo,1.0,1.0,2.0,0.25,0.5,10.0,0.04381370544433594,True,0.02190685272216797,8.0,8.0,16.0,8.0,10.0,0.0,0.0,0.09010557783767581,0.0,0.04381370544433594
grpo,1.0,2.0,4.0,0.5,0.5,10.0,0.005859375,True,0.0029296875,8.0,8.0,8.0,8.0,6.0,0.0,0.0,0.0,0.0,-0.0234375
grpo,1.0,3.0,8.0,1.0,0.5,8.0,0.0,False,0.0,8.0,8.0,8.0,8.0,8.0,0.0,0.0,0.0,0.0,0.0
grpo,1.0,4.0,8.0,1.0,0.5,8.0,0.0,False,0.0,8.0,8.0,8.0,8.0,8.0,0.0,0.0,0.0,0.0,0.0
grpo,1.0,5.0,8.0,1.0,0.5,8.0,0.0,False,0.0,8.0,8.0,8.0,8.0,8.0,0.0,0.0,0.0,0.0,0.0
grpo,1.0,6.0,8.0,1.0,0.5,8.0,0.0,False,0.0,8.0,8.0,8.0,8.0,8.0,0.0,0.0,0.0,0.0,0.0
grpo,1.0,7.0,7.0,0.875,0.5,10.0,0.08053339831531048,True,0.04026669915765524,8.0,8.0,2.0,8.0,24.0,0.0,0.0,-0.4376410245895386,0.0,0.3030400716467391
grpo,1.0,8.0,8.0,1.0,0.5,8.0,0.0,False,0.0,8.0,8.0,8.0,8.0,8.0,0.0,0.0,0.0,0.0,0.0
grpo,1.0,9.0,7.0,0.875,0.5,10.0,0.08053339831531048,True,0.04026669915765524,8.0,8.0,2.0,8.0,24.0,0.0,0.0,-0.4376410245895386,0.0,0.3030400716467391
grpo,1.0,10.0,6.0,0.75,0.5,10.0,0.04381370544433594,True,0.02190685272216797,8.0,8.0,4.0,8.0,10.0,0.0,0.0,-0.220184326171875,0.0,0.04381370544433594
grpo,1.0,11.0,8.0,1.0,0.5,8.0,0.0,False,0.0,8.0,8.0,8.0,8.0,8.0,0.0,0.0,0.0,0.0,0.0
grpo,1.0,12.0,8.0,1.0,0.5,8.0,0.0,False,0.0,8.0,8.0,8.0,8.0,8.0,0.0,0.0,0.0,0.0,0.0
grpo,1.0,13.0,4.0,0.5,0.5,10.0,0.005859375,True,0.0029296875,8.0,8.0,8.0,8.0,6.0,0.0,0.0,0.0,0.0,-0.0234375
grpo,1.0,14.0,8.0,1.0,0.5,8.0,0.0,False,0.0,8.0,8.0,8.0,8.0,8.0,0.0,0.0,0.0,0.0,0.0
grpo,1.0,15.0,4.0,0.5,0.5,10.0,0.005859375,True,0.0029296875,8.0,8.0,8.0,8.0,6.0,0.0,0.0,0.0,0.0,-0.0234375
grpo,2.0,0.0,6.0,0.75,0.6875,10.0,0.04381370544433594,True,0.02190685272216797,8.0,8.0,4.0,8.0,10.0,0.0,0.0,-0.220184326171875,0.0,0.04381370544433594
grpo,2.0,1.0,8.0,1.0,0.6875,8.0,0.0,False,0.0,8.0,8.0,8.0,8.0,8.0,0.0,0.0,0.0,0.0,0.0
grpo,2.0,2.0,7.0,0.875,0.6875,10.0,0.08053339831531048,True,0.04026669915765524,8.0,8.0,2.0,8.0,24.0,0.0,0.0,-0.4376410245895386,0.0,0.3030400716467391
grpo,2.0,3.0,8.0,1.0,0.6875,8.0,0.0,False,0.0,8.0,8.0,8.0,8.0,8.0,0.0,0.0,0.0,0.0,0.0
grpo,2.0,4.0,4.0,0.5,0.6875,10.0,0.005859375,True,0.0029296875,8.0,8.0,8.0,8.0,6.0,0.0,0.0,0.0,0.0,-0.0234375
grpo,2.0,5.0,8.0,1.0,0.6875,8.0,0.0,False,0.0,8.0,8.0,8.0,8.0,8.0,0.0,0.0,0.0,0.0,0.0
grpo,2.0,6.0,0.0,0.0,0.6875,8.0,0.0,False,0.0,8.0,8.0,8.0,8.0,8.0,0.0,0.0,0.0,0.0,0.0
grpo,2.0,7.0,8.0,1.0,0.6875,8.0,0.0,False,0.0,8.0,8.0,8.0,8.0,8.0,0.0,0.0,0.0,0.0,0.0
grpo,2.0,8.0,8.0,1.0,0.6875,8.0,0.0,False,0.0,8.0,8.0,8.0,8.0,8.0,0.0,0.0,0.0,0.0,0.0
grpo,2.0,9.0,2.0,0.25,0.6875,10.0,0.04381370544433594,True,0.02190685272216797,8.0,8.0,16.0,8.0,10.0,0.0,0.0,0.09010557783767581,0.0,0.04381370544433594
grpo,2.0,10.0,8.0,1.0,0.6875,8.0,0.0,False,0.0,8.0,8.0,8.0,8.0,8.0,0.0,0.0,0.0,0.0,0.0
grpo,2.0,11.0,8.0,1.0,0.6875,8.0,0.0,False,0.0,8.0,8.0,8.0,8.0,8.0,0.0,0.0,0.0,0.0,0.0
grpo,2.0,12.0,7.0,0.875,0.6875,10.0,0.08053339831531048,True,0.04026669915765524,8.0,8.0,2.0,8.0,24.0,0.0,0.0,-0.4376410245895386,0.0,0.3030400716467391
grpo,2.0,13.0,8.0,1.0,0.6875,8.0,0.0,False,0.0,8.0,8.0,8.0,8.0,8.0,0.0,0.0,0.0,0.0,0.0
grpo,2.0,14.0,8.0,1.0,0.6875,8.0,0.0,False,0.0,8.0,8.0,8.0,8.0,8.0,0.0,0.0,0.0,0.0,0.0
grpo,2.0,15.0,8.0,1.0,0.6875,8.0,0.0,False,0.0,8.0,8.0,8.0,8.0,8.0,0.0,0.0,0.0,0.0,0.0
grpo,3.0,0.0,8.0,1.0,0.75,8.0,0.0,False,0.0,8.0,16.0,8.0,16.0,8.0,0.0,0.0,0.0,0.0,0.0
grpo,3.0,1.0,8.0,1.0,0.75,8.0,0.0,False,0.0,8.0,16.0,8.0,16.0,8.0,0.0,0.0,0.0,0.0,0.0
grpo,3.0,2.0,8.0,1.0,0.75,8.0,0.0,False,0.0,8.0,16.0,8.0,16.0,8.0,0.0,0.0,0.0,0.0,0.0
grpo,3.0,3.0,7.0,0.875,0.75,10.0,0.08053339831531048,True,0.04026669915765524,8.0,16.0,2.0,16.0,24.0,0.0,0.22554188838920908,-0.4376410245895386,0.22554188838920908,0.3030400716467391
grpo,3.0,4.0,0.0,0.0,0.75,8.0,0.0,False,0.0,8.0,16.0,8.0,16.0,8.0,0.0,0.0,0.0,0.0,0.0
grpo,3.0,5.0,8.0,1.0,0.75,8.0,0.0,False,0.0,8.0,16.0,8.0,16.0,8.0,0.0,0.0,0.0,0.0,0.0
grpo,3.0,6.0,6.0,0.75,0.75,10.0,0.04381370544433594,True,0.02190685272216797,8.0,16.0,4.0,16.0,10.0,0.0,0.09010557783767581,-0.220184326171875,0.09010557783767581,0.04381370544433594
grpo,3.0,7.0,8.0,1.0,0.75,8.0,0.0,False,0.0,8.0,16.0,8.0,16.0,8.0,0.0,0.0,0.0,0.0,0.0
grpo,3.0,8.0,0.0,0.0,0.75,8.0,0.0,False,0.0,8.0,16.0,8.0,16.0,8.0,0.0,0.0,0.0,0.0,0.0
grpo,3.0,9.0,8.0,1.0,0.75,8.0,0.0,False,0.0,8.0,16.0,8.0,16.0,8.0,0.0,0.0,0.0,0.0,0.0
grpo,3.0,10.0,8.0,1.0,0.75,8.0,0.0,False,0.0,8.0,16.0,8.0,16.0,8.0,0.0,0.0,0.0,0.0,0.0
grpo,3.0,11.0,8.0,1.0,0.75,8.0,0.0,False,0.0,8.0,16.0,8.0,16.0,8.0,0.0,0.0,0.0,0.0,0.0
grpo,3.0,12.0,8.0,1.0,0.75,8.0,0.0,False,0.0,8.0,16.0,8.0,16.0,8.0,0.0,0.0,0.0,0.0,0.0
grpo,3.0,13.0,7.0,0.875,0.75,10.0,0.08053339831531048,True,0.04026669915765524,8.0,16.0,2.0,16.0,24.0,0.0,0.22554188838920908,-0.4376410245895386,0.22554188838920908,0.3030400716467391
grpo,3.0,14.0,2.0,0.25,0.75,10.0,0.04381370544433594,True,0.02190685272216797,8.0,16.0,16.0,16.0,10.0,0.0,0.09010557783767581,0.09010557783767581,0.09010557783767581,0.04381370544433594
grpo,3.0,15.0,8.0,1.0,0.75,8.0,0.0,False,0.0,8.0,16.0,8.0,16.0,8.0,0.0,0.0,0.0,0.0,0.0
grpo,4.0,0.0,6.0,0.75,0.6875,10.0,0.04381370544433594,True,0.02190685272216797,8.0,8.0,4.0,8.0,10.0,0.0,0.0,-0.220184326171875,0.0,0.04381370544433594
grpo,4.0,1.0,6.0,0.75,0.6875,10.0,0.04381370544433594,True,0.02190685272216797,8.0,8.0,4.0,8.0,10.0,0.0,0.0,-0.220184326171875,0.0,0.04381370544433594
grpo,4.0,2.0,0.0,0.0,0.6875,8.0,0.0,False,0.0,8.0,8.0,8.0,8.0,8.0,0.0,0.0,0.0,0.0,0.0
grpo,4.0,3.0,1.0,0.125,0.6875,10.0,0.08053339831531048,True,0.04026669915765524,8.0,8.0,16.0,8.0,24.0,0.0,0.0,0.22554188838920908,0.0,0.3030400716467391
grpo,4.0,4.0,8.0,1.0,0.6875,8.0,0.0,False,0.0,8.0,8.0,8.0,8.0,8.0,0.0,0.0,0.0,0.0,0.0
grpo,4.0,5.0,8.0,1.0,0.6875,8.0,0.0,False,0.0,8.0,8.0,8.0,8.0,8.0,0.0,0.0,0.0,0.0,0.0
grpo,4.0,6.0,8.0,1.0,0.6875,8.0,0.0,False,0.0,8.0,8.0,8.0,8.0,8.0,0.0,0.0,0.0,0.0,0.0
grpo,4.0,7.0,8.0,1.0,0.6875,8.0,0.0,False,0.0,8.0,8.0,8.0,8.0,8.0,0.0,0.0,0.0,0.0,0.0
grpo,4.0,8.0,8.0,1.0,0.6875,8.0,0.0,False,0.0,8.0,8.0,8.0,8.0,8.0,0.0,0.0,0.0,0.0,0.0
grpo,4.0,9.0,8.0,1.0,0.6875,8.0,0.0,False,0.0,8.0,8.0,8.0,8.0,8.0,0.0,0.0,0.0,0.0,0.0
grpo,4.0,10.0,8.0,1.0,0.6875,8.0,0.0,False,0.0,8.0,8.0,8.0,8.0,8.0,0.0,0.0,0.0,0.0,0.0
grpo,4.0,11.0,8.0,1.0,0.6875,8.0,0.0,False,0.0,8.0,8.0,8.0,8.0,8.0,0.0,0.0,0.0,0.0,0.0
grpo,4.0,12.0,8.0,1.0,0.6875,8.0,0.0,False,0.0,8.0,8.0,8.0,8.0,8.0,0.0,0.0,0.0,0.0,0.0
grpo,4.0,13.0,6.0,0.75,0.6875,10.0,0.04381370544433594,True,0.02190685272216797,8.0,8.0,4.0,8.0,10.0,0.0,0.0,-0.220184326171875,0.0,0.04381370544433594
grpo,4.0,14.0,8.0,1.0,0.6875,8.0,0.0,False,0.0,8.0,8.0,8.0,8.0,8.0,0.0,0.0,0.0,0.0,0.0
grpo,4.0,15.0,4.0,0.5,0.6875,10.0,0.005859375,True,0.0029296875,8.0,8.0,8.0,8.0,6.0,0.0,0.0,0.0,0.0,-0.0234375
grpo,5.0,0.0,8.0,1.0,0.6875,8.0,0.0,False,0.0,8.0,8.0,8.0,8.0,8.0,0.0,0.0,0.0,0.0,0.0
grpo,5.0,1.0,1.0,0.125,0.6875,10.0,0.08053339831531048,True,0.04026669915765524,8.0,8.0,16.0,8.0,24.0,0.0,0.0,0.22554188838920908,0.0,0.3030400716467391
grpo,5.0,2.0,6.0,0.75,0.6875,10.0,0.04381370544433594,True,0.02190685272216797,8.0,8.0,4.0,8.0,10.0,0.0,0.0,-0.220184326171875,0.0,0.04381370544433594
grpo,5.0,3.0,8.0,1.0,0.6875,8.0,0.0,False,0.0,8.0,8.0,8.0,8.0,8.0,0.0,0.0,0.0,0.0,0.0
grpo,5.0,4.0,8.0,1.0,0.6875,8.0,0.0,False,0.0,8.0,8.0,8.0,8.0,8.0,0.0,0.0,0.0,0.0,0.0
grpo,5.0,5.0,8.0,1.0,0.6875,8.0,0.0,False,0.0,8.0,8.0,8.0,8.0,8.0,0.0,0.0,0.0,0.0,0.0
grpo,5.0,6.0,1.0,0.125,0.6875,10.0,0.08053339831531048,True,0.04026669915765524,8.0,8.0,16.0,8.0,24.0,0.0,0.0,0.22554188838920908,0.0,0.3030400716467391
grpo,5.0,7.0,4.0,0.5,0.6875,10.0,0.005859375,True,0.0029296875,8.0,8.0,8.0,8.0,6.0,0.0,0.0,0.0,0.0,-0.0234375
grpo,5.0,8.0,8.0,1.0,0.6875,8.0,0.0,False,0.0,8.0,8.0,8.0,8.0,8.0,0.0,0.0,0.0,0.0,0.0
grpo,5.0,9.0,8.0,1.0,0.6875,8.0,0.0,False,0.0,8.0,8.0,8.0,8.0,8.0,0.0,0.0,0.0,0.0,0.0
grpo,5.0,10.0,4.0,0.5,0.6875,10.0,0.005859375,True,0.0029296875,8.0,8.0,8.0,8.0,6.0,0.0,0.0,0.0,0.0,-0.0234375
grpo,5.0,11.0,0.0,0.0,0.6875,8.0,0.0,False,0.0,8.0,8.0,8.0,8.0,8.0,0.0,0.0,0.0,0.0,0.0
grpo,5.0,12.0,8.0,1.0,0.6875,8.0,0.0,False,0.0,8.0,8.0,8.0,8.0,8.0,0.0,0.0,0.0,0.0,0.0
grpo,5.0,13.0,8.0,1.0,0.6875,8.0,0.0,False,0.0,8.0,8.0,8.0,8.0,8.0,0.0,0.0,0.0,0.0,0.0
grpo,5.0,14.0,8.0,1.0,0.6875,8.0,0.0,False,0.0,8.0,8.0,8.0,8.0,8.0,0.0,0.0,0.0,0.0,0.0
grpo,5.0,15.0,0.0,0.0,0.6875,8.0,0.0,False,0.0,8.0,8.0,8.0,8.0,8.0,0.0,0.0,0.0,0.0,0.0
grpo,6.0,0.0,8.0,1.0,0.8125,8.0,0.0,False,0.0,8.0,16.0,8.0,16.0,8.0,0.0,0.0,0.0,0.0,0.0
grpo,6.0,1.0,8.0,1.0,0.8125,8.0,0.0,False,0.0,8.0,16.0,8.0,16.0,8.0,0.0,0.0,0.0,0.0,0.0
grpo,6.0,2.0,8.0,1.0,0.8125,8.0,0.0,False,0.0,8.0,16.0,8.0,16.0,8.0,0.0,0.0,0.0,0.0,0.0
grpo,6.0,3.0,0.0,0.0,0.8125,8.0,0.0,False,0.0,8.0,16.0,8.0,16.0,8.0,0.0,0.0,0.0,0.0,0.0
grpo,6.0,4.0,2.0,0.25,0.8125,10.0,0.04381370544433594,True,0.02190685272216797,8.0,16.0,16.0,16.0,10.0,0.0,0.09010557783767581,0.09010557783767581,0.09010557783767581,0.04381370544433594
grpo,6.0,5.0,8.0,1.0,0.8125,8.0,0.0,False,0.0,8.0,16.0,8.0,16.0,8.0,0.0,0.0,0.0,0.0,0.0
grpo,6.0,6.0,7.0,0.875,0.8125,10.0,0.08053339831531048,True,0.04026669915765524,8.0,16.0,2.0,16.0,24.0,0.0,0.22554188838920908,-0.4376410245895386,0.22554188838920908,0.3030400716467391
grpo,6.0,7.0,8.0,1.0,0.8125,8.0,0.0,False,0.0,8.0,16.0,8.0,16.0,8.0,0.0,0.0,0.0,0.0,0.0
grpo,6.0,8.0,8.0,1.0,0.8125,8.0,0.0,False,0.0,8.0,16.0,8.0,16.0,8.0,0.0,0.0,0.0,0.0,0.0
grpo,6.0,9.0,8.0,1.0,0.8125,8.0,0.0,False,0.0,8.0,16.0,8.0,16.0,8.0,0.0,0.0,0.0,0.0,0.0
grpo,6.0,10.0,8.0,1.0,0.8125,8.0,0.0,False,0.0,8.0,16.0,8.0,16.0,8.0,0.0,0.0,0.0,0.0,0.0
grpo,6.0,11.0,8.0,1.0,0.8125,8.0,0.0,False,0.0,8.0,16.0,8.0,16.0,8.0,0.0,0.0,0.0,0.0,0.0
grpo,6.0,12.0,8.0,1.0,0.8125,8.0,0.0,False,0.0,8.0,16.0,8.0,16.0,8.0,0.0,0.0,0.0,0.0,0.0
grpo,6.0,13.0,0.0,0.0,0.8125,8.0,0.0,False,0.0,8.0,16.0,8.0,16.0,8.0,0.0,0.0,0.0,0.0,0.0
grpo,6.0,14.0,5.0,0.625,0.8125,10.0,0.014524189755320549,True,0.0072620948776602745,8.0,16.0,4.0,16.0,6.0,0.0,0.023131876420841024,-0.1486891508102417,0.023131876420841024,-0.03871142864227295
grpo,6.0,15.0,8.0,1.0,0.8125,8.0,0.0,False,0.0,8.0,16.0,8.0,16.0,8.0,0.0,0.0,0.0,0.0,0.0
grpo,7.0,0.0,8.0,1.0,0.6875,8.0,0.0,False,0.0,8.0,8.0,8.0,8.0,8.0,0.0,0.0,0.0,0.0,0.0
grpo,7.0,1.0,8.0,1.0,0.6875,8.0,0.0,False,0.0,8.0,8.0,8.0,8.0,8.0,0.0,0.0,0.0,0.0,0.0
grpo,7.0,2.0,0.0,0.0,0.6875,8.0,0.0,False,0.0,8.0,8.0,8.0,8.0,8.0,0.0,0.0,0.0,0.0,0.0
grpo,7.0,3.0,8.0,1.0,0.6875,8.0,0.0,False,0.0,8.0,8.0,8.0,8.0,8.0,0.0,0.0,0.0,0.0,0.0
grpo,7.0,4.0,1.0,0.125,0.6875,10.0,0.08053339831531048,True,0.04026669915765524,8.0,8.0,16.0,8.0,24.0,0.0,0.0,0.22554188838920908,0.0,0.3030400716467391
grpo,7.0,5.0,6.0,0.75,0.6875,10.0,0.04381370544433594,True,0.02190685272216797,8.0,8.0,4.0,8.0,10.0,0.0,0.0,-0.220184326171875,0.0,0.04381370544433594
grpo,7.0,6.0,8.0,1.0,0.6875,8.0,0.0,False,0.0,8.0,8.0,8.0,8.0,8.0,0.0,0.0,0.0,0.0,0.0
grpo,7.0,7.0,8.0,1.0,0.6875,8.0,0.0,False,0.0,8.0,8.0,8.0,8.0,8.0,0.0,0.0,0.0,0.0,0.0
grpo,7.0,8.0,1.0,0.125,0.6875,10.0,0.08053339831531048,True,0.04026669915765524,8.0,8.0,16.0,8.0,24.0,0.0,0.0,0.22554188838920908,0.0,0.3030400716467391
grpo,7.0,9.0,8.0,1.0,0.6875,8.0,0.0,False,0.0,8.0,8.0,8.0,8.0,8.0,0.0,0.0,0.0,0.0,0.0
grpo,7.0,10.0,8.0,1.0,0.6875,8.0,0.0,False,0.0,8.0,8.0,8.0,8.0,8.0,0.0,0.0,0.0,0.0,0.0
grpo,7.0,11.0,8.0,1.0,0.6875,8.0,0.0,False,0.0,8.0,8.0,8.0,8.0,8.0,0.0,0.0,0.0,0.0,0.0
grpo,7.0,12.0,7.0,0.875,0.6875,10.0,0.08053339831531048,True,0.04026669915765524,8.0,8.0,2.0,8.0,24.0,0.0,0.0,-0.4376410245895386,0.0,0.3030400716467391
grpo,7.0,13.0,4.0,0.5,0.6875,10.0,0.005859375,True,0.0029296875,8.0,8.0,8.0,8.0,6.0,0.0,0.0,0.0,0.0,-0.0234375
grpo,7.0,14.0,8.0,1.0,0.6875,8.0,0.0,False,0.0,8.0,8.0,8.0,8.0,8.0,0.0,0.0,0.0,0.0,0.0
grpo,7.0,15.0,0.0,0.0,0.6875,8.0,0.0,False,0.0,8.0,8.0,8.0,8.0,8.0,0.0,0.0,0.0,0.0,0.0
grpo,8.0,0.0,8.0,1.0,0.5625,8.0,0.0,False,0.0,8.0,8.0,8.0,8.0,8.0,0.0,0.0,0.0,0.0,0.0
grpo,8.0,1.0,8.0,1.0,0.5625,8.0,0.0,False,0.0,8.0,8.0,8.0,8.0,8.0,0.0,0.0,0.0,0.0,0.0
grpo,8.0,2.0,8.0,1.0,0.5625,8.0,0.0,False,0.0,8.0,8.0,8.0,8.0,8.0,0.0,0.0,0.0,0.0,0.0
grpo,8.0,3.0,5.0,0.625,0.5625,10.0,0.014524189755320549,True,0.0072620948776602745,8.0,8.0,4.0,8.0,6.0,0.0,0.0,-0.1486891508102417,0.0,-0.03871142864227295
grpo,8.0,4.0,8.0,1.0,0.5625,8.0,0.0,False,0.0,8.0,8.0,8.0,8.0,8.0,0.0,0.0,0.0,0.0,0.0
grpo,8.0,5.0,7.0,0.875,0.5625,10.0,0.08053339831531048,True,0.04026669915765524,8.0,8.0,2.0,8.0,24.0,0.0,0.0,-0.4376410245895386,0.0,0.3030400716467391
grpo,8.0,6.0,8.0,1.0,0.5625,8.0,0.0,False,0.0,8.0,8.0,8.0,8.0,8.0,0.0,0.0,0.0,0.0,0.0
grpo,8.0,7.0,2.0,0.25,0.5625,10.0,0.04381370544433594,True,0.02190685272216797,8.0,8.0,16.0,8.0,10.0,0.0,0.0,0.09010557783767581,0.0,0.04381370544433594
grpo,8.0,8.0,8.0,1.0,0.5625,8.0,0.0,False,0.0,8.0,8.0,8.0,8.0,8.0,0.0,0.0,0.0,0.0,0.0
grpo,8.0,9.0,1.0,0.125,0.5625,10.0,0.08053339831531048,True,0.04026669915765524,8.0,8.0,16.0,8.0,24.0,0.0,0.0,0.22554188838920908,0.0,0.3030400716467391
grpo,8.0,10.0,8.0,1.0,0.5625,8.0,0.0,False,0.0,8.0,8.0,8.0,8.0,8.0,0.0,0.0,0.0,0.0,0.0
grpo,8.0,11.0,8.0,1.0,0.5625,8.0,0.0,False,0.0,8.0,8.0,8.0,8.0,8.0,0.0,0.0,0.0,0.0,0.0
grpo,8.0,12.0,1.0,0.125,0.5625,10.0,0.08053339831531048,True,0.04026669915765524,8.0,8.0,16.0,8.0,24.0,0.0,0.0,0.22554188838920908,0.0,0.3030400716467391
grpo,8.0,13.0,3.0,0.375,0.5625,10.0,0.014524189755320549,True,0.0072620948776602745,8.0,8.0,8.0,8.0,6.0,0.0,0.0,0.0,0.0,-0.03871142864227295
grpo,8.0,14.0,2.0,0.25,0.5625,10.0,0.04381370544433594,True,0.02190685272216797,8.0,8.0,16.0,8.0,10.0,0.0,0.0,0.09010557783767581,0.0,0.04381370544433594
grpo,8.0,15.0,8.0,1.0,0.5625,8.0,0.0,False,0.0,8.0,8.0,8.0,8.0,8.0,0.0,0.0,0.0,0.0,0.0
grpo,9.0,0.0,8.0,1.0,0.6875,8.0,0.0,False,0.0,8.0,8.0,8.0,8.0,8.0,0.0,0.0,0.0,0.0,0.0
grpo,9.0,1.0,8.0,1.0,0.6875,8.0,0.0,False,0.0,8.0,8.0,8.0,8.0,8.0,0.0,0.0,0.0,0.0,0.0
grpo,9.0,2.0,8.0,1.0,0.6875,8.0,0.0,False,0.0,8.0,8.0,8.0,8.0,8.0,0.0,0.0,0.0,0.0,0.0
grpo,9.0,3.0,6.0,0.75,0.6875,10.0,0.04381370544433594,True,0.02190685272216797,8.0,8.0,4.0,8.0,10.0,0.0,0.0,-0.220184326171875,0.0,0.04381370544433594
grpo,9.0,4.0,8.0,1.0,0.6875,8.0,0.0,False,0.0,8.0,8.0,8.0,8.0,8.0,0.0,0.0,0.0,0.0,0.0
grpo,9.0,5.0,7.0,0.875,0.6875,10.0,0.08053339831531048,True,0.04026669915765524,8.0,8.0,2.0,8.0,24.0,0.0,0.0,-0.4376410245895386,0.0,0.3030400716467391
grpo,9.0,6.0,8.0,1.0,0.6875,8.0,0.0,False,0.0,8.0,8.0,8.0,8.0,8.0,0.0,0.0,0.0,0.0,0.0
grpo,9.0,7.0,8.0,1.0,0.6875,8.0,0.0,False,0.0,8.0,8.0,8.0,8.0,8.0,0.0,0.0,0.0,0.0,0.0
grpo,9.0,8.0,5.0,0.625,0.6875,10.0,0.014524189755320549,True,0.0072620948776602745,8.0,8.0,4.0,8.0,6.0,0.0,0.0,-0.1486891508102417,0.0,-0.03871142864227295
grpo,9.0,9.0,8.0,1.0,0.6875,8.0,0.0,False,0.0,8.0,8.0,8.0,8.0,8.0,0.0,0.0,0.0,0.0,0.0
grpo,9.0,10.0,8.0,1.0,0.6875,8.0,0.0,False,0.0,8.0,8.0,8.0,8.0,8.0,0.0,0.0,0.0,0.0,0.0
grpo,9.0,11.0,1.0,0.125,0.6875,10.0,0.08053339831531048,True,0.04026669915765524,8.0,8.0,16.0,8.0,24.0,0.0,0.0,0.22554188838920908,0.0,0.3030400716467391
grpo,9.0,12.0,8.0,1.0,0.6875,8.0,0.0,False,0.0,8.0,8.0,8.0,8.0,8.0,0.0,0.0,0.0,0.0,0.0
grpo,9.0,13.0,8.0,1.0,0.6875,8.0,0.0,False,0.0,8.0,8.0,8.0,8.0,8.0,0.0,0.0,0.0,0.0,0.0
grpo,9.0,14.0,6.0,0.75,0.6875,10.0,0.04381370544433594,True,0.02190685272216797,8.0,8.0,4.0,8.0,10.0,0.0,0.0,-0.220184326171875,0.0,0.04381370544433594
grpo,9.0,15.0,8.0,1.0,0.6875,8.0,0.0,False,0.0,8.0,8.0,8.0,8.0,8.0,0.0,0.0,0.0,0.0,0.0
grpo,10.0,0.0,8.0,1.0,0.6875,8.0,0.0,False,0.0,8.0,8.0,8.0,8.0,8.0,0.0,0.0,0.0,0.0,0.0
grpo,10.0,1.0,8.0,1.0,0.6875,8.0,0.0,False,0.0,8.0,8.0,8.0,8.0,8.0,0.0,0.0,0.0,0.0,0.0
grpo,10.0,2.0,8.0,1.0,0.6875,8.0,0.0,False,0.0,8.0,8.0,8.0,8.0,8.0,0.0,0.0,0.0,0.0,0.0
grpo,10.0,3.0,8.0,1.0,0.6875,8.0,0.0,False,0.0,8.0,8.0,8.0,8.0,8.0,0.0,0.0,0.0,0.0,0.0
grpo,10.0,4.0,7.0,0.875,0.6875,10.0,0.08053339831531048,True,0.04026669915765524,8.0,8.0,2.0,8.0,24.0,0.0,0.0,-0.4376410245895386,0.0,0.3030400716467391
grpo,10.0,5.0,8.0,1.0,0.6875,8.0,0.0,False,0.0,8.0,8.0,8.0,8.0,8.0,0.0,0.0,0.0,0.0,0.0
grpo,10.0,6.0,8.0,1.0,0.6875,8.0,0.0,False,0.0,8.0,8.0,8.0,8.0,8.0,0.0,0.0,0.0,0.0,0.0
grpo,10.0,7.0,3.0,0.375,0.6875,10.0,0.014524189755320549,True,0.0072620948776602745,8.0,8.0,8.0,8.0,6.0,0.0,0.0,0.0,0.0,-0.03871142864227295
grpo,10.0,8.0,7.0,0.875,0.6875,10.0,0.08053339831531048,True,0.04026669915765524,8.0,8.0,2.0,8.0,24.0,0.0,0.0,-0.4376410245895386,0.0,0.3030400716467391
grpo,10.0,9.0,2.0,0.25,0.6875,10.0,0.04381370544433594,True,0.02190685272216797,8.0,8.0,16.0,8.0,10.0,0.0,0.0,0.09010557783767581,0.0,0.04381370544433594
grpo,10.0,10.0,8.0,1.0,0.6875,8.0,0.0,False,0.0,8.0,8.0,8.0,8.0,8.0,0.0,0.0,0.0,0.0,0.0
grpo,10.0,11.0,8.0,1.0,0.6875,8.0,0.0,False,0.0,8.0,8.0,8.0,8.0,8.0,0.0,0.0,0.0,0.0,0.0
grpo,10.0,12.0,8.0,1.0,0.6875,8.0,0.0,False,0.0,8.0,8.0,8.0,8.0,8.0,0.0,0.0,0.0,0.0,0.0
grpo,10.0,13.0,8.0,1.0,0.6875,8.0,0.0,False,0.0,8.0,8.0,8.0,8.0,8.0,0.0,0.0,0.0,0.0,0.0
grpo,10.0,14.0,6.0,0.75,0.6875,10.0,0.04381370544433594,True,0.02190685272216797,8.0,8.0,4.0,8.0,10.0,0.0,0.0,-0.220184326171875,0.0,0.04381370544433594
grpo,10.0,15.0,8.0,1.0,0.6875,8.0,0.0,False,0.0,8.0,8.0,8.0,8.0,8.0,0.0,0.0,0.0,0.0,0.0
grpo,11.0,0.0,8.0,1.0,0.6875,8.0,0.0,False,0.0,8.0,8.0,8.0,8.0,8.0,0.0,0.0,0.0,0.0,0.0
grpo,11.0,1.0,0.0,0.0,0.6875,8.0,0.0,False,0.0,8.0,8.0,8.0,8.0,8.0,0.0,0.0,0.0,0.0,0.0
grpo,11.0,2.0,8.0,1.0,0.6875,8.0,0.0,False,0.0,8.0,8.0,8.0,8.0,8.0,0.0,0.0,0.0,0.0,0.0
grpo,11.0,3.0,8.0,1.0,0.6875,8.0,0.0,False,0.0,8.0,8.0,8.0,8.0,8.0,0.0,0.0,0.0,0.0,0.0
grpo,11.0,4.0,8.0,1.0,0.6875,8.0,0.0,False,0.0,8.0,8.0,8.0,8.0,8.0,0.0,0.0,0.0,0.0,0.0
grpo,11.0,5.0,4.0,0.5,0.6875,10.0,0.005859375,True,0.0029296875,8.0,8.0,8.0,8.0,6.0,0.0,0.0,0.0,0.0,-0.0234375
grpo,11.0,6.0,8.0,1.0,0.6875,8.0,0.0,False,0.0,8.0,8.0,8.0,8.0,8.0,0.0,0.0,0.0,0.0,0.0
grpo,11.0,7.0,6.0,0.75,0.6875,10.0,0.04381370544433594,True,0.02190685272216797,8.0,8.0,4.0,8.0,10.0,0.0,0.0,-0.220184326171875,0.0,0.04381370544433594
grpo,11.0,8.0,7.0,0.875,0.6875,10.0,0.08053339831531048,True,0.04026669915765524,8.0,8.0,2.0,8.0,24.0,0.0,0.0,-0.4376410245895386,0.0,0.3030400716467391
grpo,11.0,9.0,4.0,0.5,0.6875,10.0,0.005859375,True,0.0029296875,8.0,8.0,8.0,8.0,6.0,0.0,0.0,0.0,0.0,-0.0234375
grpo,11.0,10.0,8.0,1.0,0.6875,8.0,0.0,False,0.0,8.0,8.0,8.0,8.0,8.0,0.0,0.0,0.0,0.0,0.0
grpo,11.0,11.0,8.0,1.0,0.6875,8.0,0.0,False,0.0,8.0,8.0,8.0,8.0,8.0,0.0,0.0,0.0,0.0,0.0
grpo,11.0,12.0,0.0,0.0,0.6875,8.0,0.0,False,0.0,8.0,8.0,8.0,8.0,8.0,0.0,0.0,0.0,0.0,0.0
grpo,11.0,13.0,0.0,0.0,0.6875,8.0,0.0,False,0.0,8.0,8.0,8.0,8.0,8.0,0.0,0.0,0.0,0.0,0.0
grpo,11.0,14.0,7.0,0.875,0.6875,10.0,0.08053339831531048,True,0.04026669915765524,8.0,8.0,2.0,8.0,24.0,0.0,0.0,-0.4376410245895386,0.0,0.3030400716467391
grpo,11.0,15.0,8.0,1.0,0.6875,8.0,0.0,False,0.0,8.0,8.0,8.0,8.0,8.0,0.0,0.0,0.0,0.0,0.0
grpo,12.0,0.0,8.0,1.0,0.8125,8.0,0.0,False,0.0,8.0,16.0,8.0,16.0,8.0,0.0,0.0,0.0,0.0,0.0
grpo,12.0,1.0,8.0,1.0,0.8125,8.0,0.0,False,0.0,8.0,16.0,8.0,16.0,8.0,0.0,0.0,0.0,0.0,0.0
grpo,12.0,2.0,6.0,0.75,0.8125,10.0,0.04381370544433594,True,0.02190685272216797,8.0,16.0,4.0,16.0,10.0,0.0,0.09010557783767581,-0.220184326171875,0.09010557783767581,0.04381370544433594
grpo,12.0,3.0,8.0,1.0,0.8125,8.0,0.0,False,0.0,8.0,16.0,8.0,16.0,8.0,0.0,0.0,0.0,0.0,0.0
grpo,12.0,4.0,8.0,1.0,0.8125,8.0,0.0,False,0.0,8.0,16.0,8.0,16.0,8.0,0.0,0.0,0.0,0.0,0.0
grpo,12.0,5.0,8.0,1.0,0.8125,8.0,0.0,False,0.0,8.0,16.0,8.0,16.0,8.0,0.0,0.0,0.0,0.0,0.0
grpo,12.0,6.0,8.0,1.0,0.8125,8.0,0.0,False,0.0,8.0,16.0,8.0,16.0,8.0,0.0,0.0,0.0,0.0,0.0
grpo,12.0,7.0,8.0,1.0,0.8125,8.0,0.0,False,0.0,8.0,16.0,8.0,16.0,8.0,0.0,0.0,0.0,0.0,0.0
grpo,12.0,8.0,8.0,1.0,0.8125,8.0,0.0,False,0.0,8.0,16.0,8.0,16.0,8.0,0.0,0.0,0.0,0.0,0.0
grpo,12.0,9.0,8.0,1.0,0.8125,8.0,0.0,False,0.0,8.0,16.0,8.0,16.0,8.0,0.0,0.0,0.0,0.0,0.0
grpo,12.0,10.0,5.0,0.625,0.8125,10.0,0.014524189755320549,True,0.0072620948776602745,8.0,16.0,4.0,16.0,6.0,0.0,0.023131876420841024,-0.1486891508102417,0.023131876420841024,-0.03871142864227295
grpo,12.0,11.0,6.0,0.75,0.8125,10.0,0.04381370544433594,True,0.02190685272216797,8.0,16.0,4.0,16.0,10.0,0.0,0.09010557783767581,-0.220184326171875,0.09010557783767581,0.04381370544433594
grpo,12.0,12.0,8.0,1.0,0.8125,8.0,0.0,False,0.0,8.0,16.0,8.0,16.0,8.0,0.0,0.0,0.0,0.0,0.0
grpo,12.0,13.0,8.0,1.0,0.8125,8.0,0.0,False,0.0,8.0,16.0,8.0,16.0,8.0,0.0,0.0,0.0,0.0,0.0
grpo,12.0,14.0,8.0,1.0,0.8125,8.0,0.0,False,0.0,8.0,16.0,8.0,16.0,8.0,0.0,0.0,0.0,0.0,0.0
grpo,12.0,15.0,8.0,1.0,0.8125,8.0,0.0,False,0.0,8.0,16.0,8.0,16.0,8.0,0.0,0.0,0.0,0.0,0.0
grpo,13.0,0.0,8.0,1.0,0.5625,8.0,0.0,False,0.0,8.0,8.0,8.0,8.0,8.0,0.0,0.0,0.0,0.0,0.0
grpo,13.0,1.0,8.0,1.0,0.5625,8.0,0.0,False,0.0,8.0,8.0,8.0,8.0,8.0,0.0,0.0,0.0,0.0,0.0
grpo,13.0,2.0,7.0,0.875,0.5625,10.0,0.08053339831531048,True,0.04026669915765524,8.0,8.0,2.0,8.0,24.0,0.0,0.0,-0.4376410245895386,0.0,0.3030400716467391
grpo,13.0,3.0,8.0,1.0,0.5625,8.0,0.0,False,0.0,8.0,8.0,8.0,8.0,8.0,0.0,0.0,0.0,0.0,0.0
grpo,13.0,4.0,8.0,1.0,0.5625,8.0,0.0,False,0.0,8.0,8.0,8.0,8.0,8.0,0.0,0.0,0.0,0.0,0.0
grpo,13.0,5.0,7.0,0.875,0.5625,10.0,0.08053339831531048,True,0.04026669915765524,8.0,8.0,2.0,8.0,24.0,0.0,0.0,-0.4376410245895386,0.0,0.3030400716467391
grpo,13.0,6.0,8.0,1.0,0.5625,8.0,0.0,False,0.0,8.0,8.0,8.0,8.0,8.0,0.0,0.0,0.0,0.0,0.0
grpo,13.0,7.0,8.0,1.0,0.5625,8.0,0.0,False,0.0,8.0,8.0,8.0,8.0,8.0,0.0,0.0,0.0,0.0,0.0
grpo,13.0,8.0,2.0,0.25,0.5625,10.0,0.04381370544433594,True,0.02190685272216797,8.0,8.0,16.0,8.0,10.0,0.0,0.0,0.09010557783767581,0.0,0.04381370544433594
grpo,13.0,9.0,8.0,1.0,0.5625,8.0,0.0,False,0.0,8.0,8.0,8.0,8.0,8.0,0.0,0.0,0.0,0.0,0.0
grpo,13.0,10.0,7.0,0.875,0.5625,10.0,0.08053339831531048,True,0.04026669915765524,8.0,8.0,2.0,8.0,24.0,0.0,0.0,-0.4376410245895386,0.0,0.3030400716467391
grpo,13.0,11.0,5.0,0.625,0.5625,10.0,0.014524189755320549,True,0.0072620948776602745,8.0,8.0,4.0,8.0,6.0,0.0,0.0,-0.1486891508102417,0.0,-0.03871142864227295
grpo,13.0,12.0,4.0,0.5,0.5625,10.0,0.005859375,True,0.0029296875,8.0,8.0,8.0,8.0,6.0,0.0,0.0,0.0,0.0,-0.0234375
grpo,13.0,13.0,0.0,0.0,0.5625,8.0,0.0,False,0.0,8.0,8.0,8.0,8.0,8.0,0.0,0.0,0.0,0.0,0.0
grpo,13.0,14.0,0.0,0.0,0.5625,8.0,0.0,False,0.0,8.0,8.0,8.0,8.0,8.0,0.0,0.0,0.0,0.0,0.0
grpo,13.0,15.0,7.0,0.875,0.5625,10.0,0.08053339831531048,True,0.04026669915765524,8.0,8.0,2.0,8.0,24.0,0.0,0.0,-0.4376410245895386,0.0,0.3030400716467391
grpo,14.0,0.0,6.0,0.75,0.75,10.0,0.04381370544433594,True,0.02190685272216797,8.0,16.0,4.0,16.0,10.0,0.0,0.09010557783767581,-0.220184326171875,0.09010557783767581,0.04381370544433594
grpo,14.0,1.0,8.0,1.0,0.75,8.0,0.0,False,0.0,8.0,16.0,8.0,16.0,8.0,0.0,0.0,0.0,0.0,0.0
grpo,14.0,2.0,8.0,1.0,0.75,8.0,0.0,False,0.0,8.0,16.0,8.0,16.0,8.0,0.0,0.0,0.0,0.0,0.0
grpo,14.0,3.0,8.0,1.0,0.75,8.0,0.0,False,0.0,8.0,16.0,8.0,16.0,8.0,0.0,0.0,0.0,0.0,0.0
grpo,14.0,4.0,8.0,1.0,0.75,8.0,0.0,False,0.0,8.0,16.0,8.0,16.0,8.0,0.0,0.0,0.0,0.0,0.0
grpo,14.0,5.0,8.0,1.0,0.75,8.0,0.0,False,0.0,8.0,16.0,8.0,16.0,8.0,0.0,0.0,0.0,0.0,0.0
grpo,14.0,6.0,8.0,1.0,0.75,8.0,0.0,False,0.0,8.0,16.0,8.0,16.0,8.0,0.0,0.0,0.0,0.0,0.0
grpo,14.0,7.0,8.0,1.0,0.75,8.0,0.0,False,0.0,8.0,16.0,8.0,16.0,8.0,0.0,0.0,0.0,0.0,0.0
grpo,14.0,8.0,7.0,0.875,0.75,10.0,0.08053339831531048,True,0.04026669915765524,8.0,16.0,2.0,16.0,24.0,0.0,0.22554188838920908,-0.4376410245895386,0.22554188838920908,0.3030400716467391
grpo,14.0,9.0,4.0,0.5,0.75,10.0,0.005859375,True,0.0029296875,8.0,16.0,8.0,16.0,6.0,0.0,0.007781982421875,0.0,0.007781982421875,-0.0234375
grpo,14.0,10.0,8.0,1.0,0.75,8.0,0.0,False,0.0,8.0,16.0,8.0,16.0,8.0,0.0,0.0,0.0,0.0,0.0
grpo,14.0,11.0,7.0,0.875,0.75,10.0,0.08053339831531048,True,0.04026669915765524,8.0,16.0,2.0,16.0,24.0,0.0,0.22554188838920908,-0.4376410245895386,0.22554188838920908,0.3030400716467391
grpo,14.0,12.0,8.0,1.0,0.75,8.0,0.0,False,0.0,8.0,16.0,8.0,16.0,8.0,0.0,0.0,0.0,0.0,0.0
grpo,14.0,13.0,8.0,1.0,0.75,8.0,0.0,False,0.0,8.0,16.0,8.0,16.0,8.0,0.0,0.0,0.0,0.0,0.0
grpo,14.0,14.0,0.0,0.0,0.75,8.0,0.0,False,0.0,8.0,16.0,8.0,16.0,8.0,0.0,0.0,0.0,0.0,0.0
grpo,14.0,15.0,8.0,1.0,0.75,8.0,0.0,False,0.0,8.0,16.0,8.0,16.0,8.0,0.0,0.0,0.0,0.0,0.0
grpo,15.0,0.0,8.0,1.0,0.75,8.0,0.0,False,0.0,8.0,16.0,8.0,16.0,8.0,0.0,0.0,0.0,0.0,0.0
grpo,15.0,1.0,5.0,0.625,0.75,10.0,0.014524189755320549,True,0.0072620948776602745,8.0,16.0,4.0,16.0,6.0,0.0,0.023131876420841024,-0.1486891508102417,0.023131876420841024,-0.03871142864227295
grpo,15.0,2.0,8.0,1.0,0.75,8.0,0.0,False,0.0,8.0,16.0,8.0,16.0,8.0,0.0,0.0,0.0,0.0,0.0
grpo,15.0,3.0,8.0,1.0,0.75,8.0,0.0,False,0.0,8.0,16.0,8.0,16.0,8.0,0.0,0.0,0.0,0.0,0.0
grpo,15.0,4.0,1.0,0.125,0.75,10.0,0.08053339831531048,True,0.04026669915765524,8.0,16.0,16.0,16.0,24.0,0.0,0.22554188838920908,0.22554188838920908,0.22554188838920908,0.3030400716467391
grpo,15.0,5.0,8.0,1.0,0.75,8.0,0.0,False,0.0,8.0,16.0,8.0,16.0,8.0,0.0,0.0,0.0,0.0,0.0
grpo,15.0,6.0,3.0,0.375,0.75,10.0,0.014524189755320549,True,0.0072620948776602745,8.0,16.0,8.0,16.0,6.0,0.0,0.023131876420841024,0.0,0.023131876420841024,-0.03871142864227295
grpo,15.0,7.0,8.0,1.0,0.75,8.0,0.0,False,0.0,8.0,16.0,8.0,16.0,8.0,0.0,0.0,0.0,0.0,0.0
grpo,15.0,8.0,8.0,1.0,0.75,8.0,0.0,False,0.0,8.0,16.0,8.0,16.0,8.0,0.0,0.0,0.0,0.0,0.0
grpo,15.0,9.0,8.0,1.0,0.75,8.0,0.0,False,0.0,8.0,16.0,8.0,16.0,8.0,0.0,0.0,0.0,0.0,0.0
grpo,15.0,10.0,4.0,0.5,0.75,10.0,0.005859375,True,0.0029296875,8.0,16.0,8.0,16.0,6.0,0.0,0.007781982421875,0.0,0.007781982421875,-0.0234375
grpo,15.0,11.0,8.0,1.0,0.75,8.0,0.0,False,0.0,8.0,16.0,8.0,16.0,8.0,0.0,0.0,0.0,0.0,0.0
grpo,15.0,12.0,8.0,1.0,0.75,8.0,0.0,False,0.0,8.0,16.0,8.0,16.0,8.0,0.0,0.0,0.0,0.0,0.0
grpo,15.0,13.0,8.0,1.0,0.75,8.0,0.0,False,0.0,8.0,16.0,8.0,16.0,8.0,0.0,0.0,0.0,0.0,0.0
grpo,15.0,14.0,8.0,1.0,0.75,8.0,0.0,False,0.0,8.0,16.0,8.0,16.0,8.0,0.0,0.0,0.0,0.0,0.0
grpo,15.0,15.0,8.0,1.0,0.75,8.0,0.0,False,0.0,8.0,16.0,8.0,16.0,8.0,0.0,0.0,0.0,0.0,0.0
grpo,16.0,0.0,8.0,1.0,0.625,8.0,0.0,False,0.0,8.0,8.0,8.0,8.0,8.0,0.0,0.0,0.0,0.0,0.0
grpo,16.0,1.0,8.0,1.0,0.625,8.0,0.0,False,0.0,8.0,8.0,8.0,8.0,8.0,0.0,0.0,0.0,0.0,0.0
grpo,16.0,2.0,0.0,0.0,0.625,8.0,0.0,False,0.0,8.0,8.0,8.0,8.0,8.0,0.0,0.0,0.0,0.0,0.0
grpo,16.0,3.0,0.0,0.0,0.625,8.0,0.0,False,0.0,8.0,8.0,8.0,8.0,8.0,0.0,0.0,0.0,0.0,0.0
grpo,16.0,4.0,8.0,1.0,0.625,8.0,0.0,False,0.0,8.0,8.0,8.0,8.0,8.0,0.0,0.0,0.0,0.0,0.0
grpo,16.0,5.0,8.0,1.0,0.625,8.0,0.0,False,0.0,8.0,8.0,8.0,8.0,8.0,0.0,0.0,0.0,0.0,0.0
grpo,16.0,6.0,8.0,1.0,0.625,8.0,0.0,False,0.0,8.0,8.0,8.0,8.0,8.0,0.0,0.0,0.0,0.0,0.0
grpo,16.0,7.0,5.0,0.625,0.625,10.0,0.014524189755320549,True,0.0072620948776602745,8.0,8.0,4.0,8.0,6.0,0.0,0.0,-0.1486891508102417,0.0,-0.03871142864227295
grpo,16.0,8.0,2.0,0.25,0.625,10.0,0.04381370544433594,True,0.02190685272216797,8.0,8.0,16.0,8.0,10.0,0.0,0.0,0.09010557783767581,0.0,0.04381370544433594
grpo,16.0,9.0,7.0,0.875,0.625,10.0,0.08053339831531048,True,0.04026669915765524,8.0,8.0,2.0,8.0,24.0,0.0,0.0,-0.4376410245895386,0.0,0.3030400716467391
grpo,16.0,10.0,8.0,1.0,0.625,8.0,0.0,False,0.0,8.0,8.0,8.0,8.0,8.0,0.0,0.0,0.0,0.0,0.0
grpo,16.0,11.0,5.0,0.625,0.625,10.0,0.014524189755320549,True,0.0072620948776602745,8.0,8.0,4.0,8.0,6.0,0.0,0.0,-0.1486891508102417,0.0,-0.03871142864227295
grpo,16.0,12.0,8.0,1.0,0.625,8.0,0.0,False,0.0,8.0,8.0,8.0,8.0,8.0,0.0,0.0,0.0,0.0,0.0
grpo,16.0,13.0,6.0,0.75,0.625,10.0,0.04381370544433594,True,0.02190685272216797,8.0,8.0,4.0,8.0,10.0,0.0,0.0,-0.220184326171875,0.0,0.04381370544433594
grpo,16.0,14.0,5.0,0.625,0.625,10.0,0.014524189755320549,True,0.0072620948776602745,8.0,8.0,4.0,8.0,6.0,0.0,0.0,-0.1486891508102417,0.0,-0.03871142864227295
grpo,16.0,15.0,8.0,1.0,0.625,8.0,0.0,False,0.0,8.0,8.0,8.0,8.0,8.0,0.0,0.0,0.0,0.0,0.0
grpo,17.0,0.0,8.0,1.0,0.5,8.0,0.0,False,0.0,8.0,8.0,8.0,8.0,8.0,0.0,0.0,0.0,0.0,0.0
grpo,17.0,1.0,7.0,0.875,0.5,10.0,0.08053339831531048,True,0.04026669915765524,8.0,8.0,2.0,8.0,24.0,0.0,0.0,-0.4376410245895386,0.0,0.3030400716467391
grpo,17.0,2.0,8.0,1.0,0.5,8.0,0.0,False,0.0,8.0,8.0,8.0,8.0,8.0,0.0,0.0,0.0,0.0,0.0
grpo,17.0,3.0,8.0,1.0,0.5,8.0,0.0,False,0.0,8.0,8.0,8.0,8.0,8.0,0.0,0.0,0.0,0.0,0.0
grpo,17.0,4.0,8.0,1.0,0.5,8.0,0.0,False,0.0,8.0,8.0,8.0,8.0,8.0,0.0,0.0,0.0,0.0,0.0
grpo,17.0,5.0,8.0,1.0,0.5,8.0,0.0,False,0.0,8.0,8.0,8.0,8.0,8.0,0.0,0.0,0.0,0.0,0.0
grpo,17.0,6.0,8.0,1.0,0.5,8.0,0.0,False,0.0,8.0,8.0,8.0,8.0,8.0,0.0,0.0,0.0,0.0,0.0
grpo,17.0,7.0,5.0,0.625,0.5,10.0,0.014524189755320549,True,0.0072620948776602745,8.0,8.0,4.0,8.0,6.0,0.0,0.0,-0.1486891508102417,0.0,-0.03871142864227295
grpo,17.0,8.0,6.0,0.75,0.5,10.0,0.04381370544433594,True,0.02190685272216797,8.0,8.0,4.0,8.0,10.0,0.0,0.0,-0.220184326171875,0.0,0.04381370544433594
grpo,17.0,9.0,2.0,0.25,0.5,10.0,0.04381370544433594,True,0.02190685272216797,8.0,8.0,16.0,8.0,10.0,0.0,0.0,0.09010557783767581,0.0,0.04381370544433594
grpo,17.0,10.0,6.0,0.75,0.5,10.0,0.04381370544433594,True,0.02190685272216797,8.0,8.0,4.0,8.0,10.0,0.0,0.0,-0.220184326171875,0.0,0.04381370544433594
grpo,17.0,11.0,8.0,1.0,0.5,8.0,0.0,False,0.0,8.0,8.0,8.0,8.0,8.0,0.0,0.0,0.0,0.0,0.0
grpo,17.0,12.0,8.0,1.0,0.5,8.0,0.0,False,0.0,8.0,8.0,8.0,8.0,8.0,0.0,0.0,0.0,0.0,0.0
grpo,17.0,13.0,4.0,0.5,0.5,10.0,0.005859375,True,0.0029296875,8.0,8.0,8.0,8.0,6.0,0.0,0.0,0.0,0.0,-0.0234375
grpo,17.0,14.0,7.0,0.875,0.5,10.0,0.08053339831531048,True,0.04026669915765524,8.0,8.0,2.0,8.0,24.0,0.0,0.0,-0.4376410245895386,0.0,0.3030400716467391
grpo,17.0,15.0,7.0,0.875,0.5,10.0,0.08053339831531048,True,0.04026669915765524,8.0,8.0,2.0,8.0,24.0,0.0,0.0,-0.4376410245895386,0.0,0.3030400716467391
grpo,18.0,0.0,4.0,0.5,0.5625,10.0,0.005859375,True,0.0029296875,8.0,8.0,8.0,8.0,6.0,0.0,0.0,0.0,0.0,-0.0234375
grpo,18.0,1.0,5.0,0.625,0.5625,10.0,0.014524189755320549,True,0.0072620948776602745,8.0,8.0,4.0,8.0,6.0,0.0,0.0,-0.1486891508102417,0.0,-0.03871142864227295
grpo,18.0,2.0,8.0,1.0,0.5625,8.0,0.0,False,0.0,8.0,8.0,8.0,8.0,8.0,0.0,0.0,0.0,0.0,0.0
grpo,18.0,3.0,3.0,0.375,0.5625,10.0,0.014524189755320549,True,0.0072620948776602745,8.0,8.0,8.0,8.0,6.0,0.0,0.0,0.0,0.0,-0.03871142864227295
grpo,18.0,4.0,6.0,0.75,0.5625,10.0,0.04381370544433594,True,0.02190685272216797,8.0,8.0,4.0,8.0,10.0,0.0,0.0,-0.220184326171875,0.0,0.04381370544433594
grpo,18.0,5.0,0.0,0.0,0.5625,8.0,0.0,False,0.0,8.0,8.0,8.0,8.0,8.0,0.0,0.0,0.0,0.0,0.0
grpo,18.0,6.0,8.0,1.0,0.5625,8.0,0.0,False,0.0,8.0,8.0,8.0,8.0,8.0,0.0,0.0,0.0,0.0,0.0
grpo,18.0,7.0,8.0,1.0,0.5625,8.0,0.0,False,0.0,8.0,8.0,8.0,8.0,8.0,0.0,0.0,0.0,0.0,0.0
grpo,18.0,8.0,0.0,0.0,0.5625,8.0,0.0,False,0.0,8.0,8.0,8.0,8.0,8.0,0.0,0.0,0.0,0.0,0.0
grpo,18.0,9.0,8.0,1.0,0.5625,8.0,0.0,False,0.0,8.0,8.0,8.0,8.0,8.0,0.0,0.0,0.0,0.0,0.0
grpo,18.0,10.0,5.0,0.625,0.5625,10.0,0.014524189755320549,True,0.0072620948776602745,8.0,8.0,4.0,8.0,6.0,0.0,0.0,-0.1486891508102417,0.0,-0.03871142864227295
grpo,18.0,11.0,6.0,0.75,0.5625,10.0,0.04381370544433594,True,0.02190685272216797,8.0,8.0,4.0,8.0,10.0,0.0,0.0,-0.220184326171875,0.0,0.04381370544433594
grpo,18.0,12.0,8.0,1.0,0.5625,8.0,0.0,False,0.0,8.0,8.0,8.0,8.0,8.0,0.0,0.0,0.0,0.0,0.0
grpo,18.0,13.0,6.0,0.75,0.5625,10.0,0.04381370544433594,True,0.02190685272216797,8.0,8.0,4.0,8.0,10.0,0.0,0.0,-0.220184326171875,0.0,0.04381370544433594
grpo,18.0,14.0,0.0,0.0,0.5625,8.0,0.0,False,0.0,8.0,8.0,8.0,8.0,8.0,0.0,0.0,0.0,0.0,0.0
grpo,18.0,15.0,8.0,1.0,0.5625,8.0,0.0,False,0.0,8.0,8.0,8.0,8.0,8.0,0.0,0.0,0.0,0.0,0.0
grpo,19.0,0.0,8.0,1.0,0.625,8.0,0.0,False,0.0,8.0,8.0,8.0,8.0,8.0,0.0,0.0,0.0,0.0,0.0
grpo,19.0,1.0,7.0,0.875,0.625,10.0,0.08053339831531048,True,0.04026669915765524,8.0,8.0,2.0,8.0,24.0,0.0,0.0,-0.4376410245895386,0.0,0.3030400716467391
grpo,19.0,2.0,8.0,1.0,0.625,8.0,0.0,False,0.0,8.0,8.0,8.0,8.0,8.0,0.0,0.0,0.0,0.0,0.0
grpo,19.0,3.0,8.0,1.0,0.625,8.0,0.0,False,0.0,8.0,8.0,8.0,8.0,8.0,0.0,0.0,0.0,0.0,0.0
grpo,19.0,4.0,8.0,1.0,0.625,8.0,0.0,False,0.0,8.0,8.0,8.0,8.0,8.0,0.0,0.0,0.0,0.0,0.0
grpo,19.0,5.0,3.0,0.375,0.625,10.0,0.014524189755320549,True,0.0072620948776602745,8.0,8.0,8.0,8.0,6.0,0.0,0.0,0.0,0.0,-0.03871142864227295
grpo,19.0,6.0,8.0,1.0,0.625,8.0,0.0,False,0.0,8.0,8.0,8.0,8.0,8.0,0.0,0.0,0.0,0.0,0.0
grpo,19.0,7.0,0.0,0.0,0.625,8.0,0.0,False,0.0,8.0,8.0,8.0,8.0,8.0,0.0,0.0,0.0,0.0,0.0
grpo,19.0,8.0,7.0,0.875,0.625,10.0,0.08053339831531048,True,0.04026669915765524,8.0,8.0,2.0,8.0,24.0,0.0,0.0,-0.4376410245895386,0.0,0.3030400716467391
grpo,19.0,9.0,8.0,1.0,0.625,8.0,0.0,False,0.0,8.0,8.0,8.0,8.0,8.0,0.0,0.0,0.0,0.0,0.0
grpo,19.0,10.0,7.0,0.875,0.625,10.0,0.08053339831531048,True,0.04026669915765524,8.0,8.0,2.0,8.0,24.0,0.0,0.0,-0.4376410245895386,0.0,0.3030400716467391
grpo,19.0,11.0,8.0,1.0,0.625,8.0,0.0,False,0.0,8.0,8.0,8.0,8.0,8.0,0.0,0.0,0.0,0.0,0.0
grpo,19.0,12.0,8.0,1.0,0.625,8.0,0.0,False,0.0,8.0,8.0,8.0,8.0,8.0,0.0,0.0,0.0,0.0,0.0
grpo,19.0,13.0,3.0,0.375,0.625,10.0,0.014524189755320549,True,0.0072620948776602745,8.0,8.0,8.0,8.0,6.0,0.0,0.0,0.0,0.0,-0.03871142864227295
grpo,19.0,14.0,1.0,0.125,0.625,10.0,0.08053339831531048,True,0.04026669915765524,8.0,8.0,16.0,8.0,24.0,0.0,0.0,0.22554188838920908,0.0,0.3030400716467391
grpo,19.0,15.0,8.0,1.0,0.625,8.0,0.0,False,0.0,8.0,8.0,8.0,8.0,8.0,0.0,0.0,0.0,0.0,0.0
grpo,20.0,0.0,8.0,1.0,0.625,8.0,0.0,False,0.0,8.0,8.0,8.0,8.0,8.0,0.0,0.0,0.0,0.0,0.0
grpo,20.0,1.0,8.0,1.0,0.625,8.0,0.0,False,0.0,8.0,8.0,8.0,8.0,8.0,0.0,0.0,0.0,0.0,0.0
grpo,20.0,2.0,8.0,1.0,0.625,8.0,0.0,False,0.0,8.0,8.0,8.0,8.0,8.0,0.0,0.0,0.0,0.0,0.0
grpo,20.0,3.0,8.0,1.0,0.625,8.0,0.0,False,0.0,8.0,8.0,8.0,8.0,8.0,0.0,0.0,0.0,0.0,0.0
grpo,20.0,4.0,8.0,1.0,0.625,8.0,0.0,False,0.0,8.0,8.0,8.0,8.0,8.0,0.0,0.0,0.0,0.0,0.0
grpo,20.0,5.0,7.0,0.875,0.625,10.0,0.08053339831531048,True,0.04026669915765524,8.0,8.0,2.0,8.0,24.0,0.0,0.0,-0.4376410245895386,0.0,0.3030400716467391
grpo,20.0,6.0,8.0,1.0,0.625,8.0,0.0,False,0.0,8.0,8.0,8.0,8.0,8.0,0.0,0.0,0.0,0.0,0.0
grpo,20.0,7.0,8.0,1.0,0.625,8.0,0.0,False,0.0,8.0,8.0,8.0,8.0,8.0,0.0,0.0,0.0,0.0,0.0
grpo,20.0,8.0,8.0,1.0,0.625,8.0,0.0,False,0.0,8.0,8.0,8.0,8.0,8.0,0.0,0.0,0.0,0.0,0.0
grpo,20.0,9.0,8.0,1.0,0.625,8.0,0.0,False,0.0,8.0,8.0,8.0,8.0,8.0,0.0,0.0,0.0,0.0,0.0
grpo,20.0,10.0,4.0,0.5,0.625,10.0,0.005859375,True,0.0029296875,8.0,8.0,8.0,8.0,6.0,0.0,0.0,0.0,0.0,-0.0234375
grpo,20.0,11.0,6.0,0.75,0.625,10.0,0.04381370544433594,True,0.02190685272216797,8.0,8.0,4.0,8.0,10.0,0.0,0.0,-0.220184326171875,0.0,0.04381370544433594
grpo,20.0,12.0,2.0,0.25,0.625,10.0,0.04381370544433594,True,0.02190685272216797,8.0,8.0,16.0,8.0,10.0,0.0,0.0,0.09010557783767581,0.0,0.04381370544433594
grpo,20.0,13.0,8.0,1.0,0.625,8.0,0.0,False,0.0,8.0,8.0,8.0,8.0,8.0,0.0,0.0,0.0,0.0,0.0
grpo,20.0,14.0,2.0,0.25,0.625,10.0,0.04381370544433594,True,0.02190685272216797,8.0,8.0,16.0,8.0,10.0,0.0,0.0,0.09010557783767581,0.0,0.04381370544433594
grpo,20.0,15.0,5.0,0.625,0.625,10.0,0.014524189755320549,True,0.0072620948776602745,8.0,8.0,4.0,8.0,6.0,0.0,0.0,-0.1486891508102417,0.0,-0.03871142864227295
grpo,21.0,0.0,7.0,0.875,0.75,10.0,0.08053339831531048,True,0.04026669915765524,8.0,16.0,2.0,16.0,24.0,0.0,0.22554188838920908,-0.4376410245895386,0.22554188838920908,0.3030400716467391
grpo,21.0,1.0,8.0,1.0,0.75,8.0,0.0,False,0.0,8.0,16.0,8.0,16.0,8.0,0.0,0.0,0.0,0.0,0.0
grpo,21.0,2.0,8.0,1.0,0.75,8.0,0.0,False,0.0,8.0,16.0,8.0,16.0,8.0,0.0,0.0,0.0,0.0,0.0
grpo,21.0,3.0,8.0,1.0,0.75,8.0,0.0,False,0.0,8.0,16.0,8.0,16.0,8.0,0.0,0.0,0.0,0.0,0.0
grpo,21.0,4.0,8.0,1.0,0.75,8.0,0.0,False,0.0,8.0,16.0,8.0,16.0,8.0,0.0,0.0,0.0,0.0,0.0
grpo,21.0,5.0,8.0,1.0,0.75,8.0,0.0,False,0.0,8.0,16.0,8.0,16.0,8.0,0.0,0.0,0.0,0.0,0.0
grpo,21.0,6.0,8.0,1.0,0.75,8.0,0.0,False,0.0,8.0,16.0,8.0,16.0,8.0,0.0,0.0,0.0,0.0,0.0
grpo,21.0,7.0,3.0,0.375,0.75,10.0,0.014524189755320549,True,0.0072620948776602745,8.0,16.0,8.0,16.0,6.0,0.0,0.023131876420841024,0.0,0.023131876420841024,-0.03871142864227295
grpo,21.0,8.0,8.0,1.0,0.75,8.0,0.0,False,0.0,8.0,16.0,8.0,16.0,8.0,0.0,0.0,0.0,0.0,0.0
grpo,21.0,9.0,8.0,1.0,0.75,8.0,0.0,False,0.0,8.0,16.0,8.0,16.0,8.0,0.0,0.0,0.0,0.0,0.0
grpo,21.0,10.0,8.0,1.0,0.75,8.0,0.0,False,0.0,8.0,16.0,8.0,16.0,8.0,0.0,0.0,0.0,0.0,0.0
grpo,21.0,11.0,0.0,0.0,0.75,8.0,0.0,False,0.0,8.0,16.0,8.0,16.0,8.0,0.0,0.0,0.0,0.0,0.0
grpo,21.0,12.0,5.0,0.625,0.75,10.0,0.014524189755320549,True,0.0072620948776602745,8.0,16.0,4.0,16.0,6.0,0.0,0.023131876420841024,-0.1486891508102417,0.023131876420841024,-0.03871142864227295
grpo,21.0,13.0,8.0,1.0,0.75,8.0,0.0,False,0.0,8.0,16.0,8.0,16.0,8.0,0.0,0.0,0.0,0.0,0.0
grpo,21.0,14.0,7.0,0.875,0.75,10.0,0.08053339831531048,True,0.04026669915765524,8.0,16.0,2.0,16.0,24.0,0.0,0.22554188838920908,-0.4376410245895386,0.22554188838920908,0.3030400716467391
grpo,21.0,15.0,8.0,1.0,0.75,8.0,0.0,False,0.0,8.0,16.0,8.0,16.0,8.0,0.0,0.0,0.0,0.0,0.0
grpo,22.0,0.0,8.0,1.0,0.75,8.0,0.0,False,0.0,8.0,16.0,8.0,16.0,8.0,0.0,0.0,0.0,0.0,0.0
grpo,22.0,1.0,6.0,0.75,0.75,10.0,0.04381370544433594,True,0.02190685272216797,8.0,16.0,4.0,16.0,10.0,0.0,0.09010557783767581,-0.220184326171875,0.09010557783767581,0.04381370544433594
grpo,22.0,2.0,8.0,1.0,0.75,8.0,0.0,False,0.0,8.0,16.0,8.0,16.0,8.0,0.0,0.0,0.0,0.0,0.0
grpo,22.0,3.0,5.0,0.625,0.75,10.0,0.014524189755320549,True,0.0072620948776602745,8.0,16.0,4.0,16.0,6.0,0.0,0.023131876420841024,-0.1486891508102417,0.023131876420841024,-0.03871142864227295
grpo,22.0,4.0,5.0,0.625,0.75,10.0,0.014524189755320549,True,0.0072620948776602745,8.0,16.0,4.0,16.0,6.0,0.0,0.023131876420841024,-0.1486891508102417,0.023131876420841024,-0.03871142864227295
grpo,22.0,5.0,8.0,1.0,0.75,8.0,0.0,False,0.0,8.0,16.0,8.0,16.0,8.0,0.0,0.0,0.0,0.0,0.0
grpo,22.0,6.0,8.0,1.0,0.75,8.0,0.0,False,0.0,8.0,16.0,8.0,16.0,8.0,0.0,0.0,0.0,0.0,0.0
grpo,22.0,7.0,8.0,1.0,0.75,8.0,0.0,False,0.0,8.0,16.0,8.0,16.0,8.0,0.0,0.0,0.0,0.0,0.0
grpo,22.0,8.0,1.0,0.125,0.75,10.0,0.08053339831531048,True,0.04026669915765524,8.0,16.0,16.0,16.0,24.0,0.0,0.22554188838920908,0.22554188838920908,0.22554188838920908,0.3030400716467391
grpo,22.0,9.0,8.0,1.0,0.75,8.0,0.0,False,0.0,8.0,16.0,8.0,16.0,8.0,0.0,0.0,0.0,0.0,0.0
grpo,22.0,10.0,8.0,1.0,0.75,8.0,0.0,False,0.0,8.0,16.0,8.0,16.0,8.0,0.0,0.0,0.0,0.0,0.0
grpo,22.0,11.0,8.0,1.0,0.75,8.0,0.0,False,0.0,8.0,16.0,8.0,16.0,8.0,0.0,0.0,0.0,0.0,0.0
grpo,22.0,12.0,8.0,1.0,0.75,8.0,0.0,False,0.0,8.0,16.0,8.0,16.0,8.0,0.0,0.0,0.0,0.0,0.0
grpo,22.0,13.0,8.0,1.0,0.75,8.0,0.0,False,0.0,8.0,16.0,8.0,16.0,8.0,0.0,0.0,0.0,0.0,0.0
grpo,22.0,14.0,8.0,1.0,0.75,8.0,0.0,False,0.0,8.0,16.0,8.0,16.0,8.0,0.0,0.0,0.0,0.0,0.0
grpo,22.0,15.0,8.0,1.0,0.75,8.0,0.0,False,0.0,8.0,16.0,8.0,16.0,8.0,0.0,0.0,0.0,0.0,0.0
grpo,23.0,0.0,8.0,1.0,0.875,8.0,0.0,False,0.0,8.0,16.0,8.0,16.0,8.0,0.0,0.0,0.0,0.0,0.0
grpo,23.0,1.0,8.0,1.0,0.875,8.0,0.0,False,0.0,8.0,16.0,8.0,16.0,8.0,0.0,0.0,0.0,0.0,0.0
grpo,23.0,2.0,8.0,1.0,0.875,8.0,0.0,False,0.0,8.0,16.0,8.0,16.0,8.0,0.0,0.0,0.0,0.0,0.0
grpo,23.0,3.0,8.0,1.0,0.875,8.0,0.0,False,0.0,8.0,16.0,8.0,16.0,8.0,0.0,0.0,0.0,0.0,0.0
grpo,23.0,4.0,8.0,1.0,0.875,8.0,0.0,False,0.0,8.0,16.0,8.0,16.0,8.0,0.0,0.0,0.0,0.0,0.0
grpo,23.0,5.0,8.0,1.0,0.875,8.0,0.0,False,0.0,8.0,16.0,8.0,16.0,8.0,0.0,0.0,0.0,0.0,0.0
grpo,23.0,6.0,2.0,0.25,0.875,10.0,0.04381370544433594,True,0.02190685272216797,8.0,16.0,16.0,16.0,10.0,0.0,0.09010557783767581,0.09010557783767581,0.09010557783767581,0.04381370544433594
grpo,23.0,7.0,8.0,1.0,0.875,8.0,0.0,False,0.0,8.0,16.0,8.0,16.0,8.0,0.0,0.0,0.0,0.0,0.0
grpo,23.0,8.0,8.0,1.0,0.875,8.0,0.0,False,0.0,8.0,16.0,8.0,16.0,8.0,0.0,0.0,0.0,0.0,0.0
grpo,23.0,9.0,8.0,1.0,0.875,8.0,0.0,False,0.0,8.0,16.0,8.0,16.0,8.0,0.0,0.0,0.0,0.0,0.0
grpo,23.0,10.0,7.0,0.875,0.875,10.0,0.08053339831531048,True,0.04026669915765524,8.0,16.0,2.0,16.0,24.0,0.0,0.22554188838920908,-0.4376410245895386,0.22554188838920908,0.3030400716467391
grpo,23.0,11.0,8.0,1.0,0.875,8.0,0.0,False,0.0,8.0,16.0,8.0,16.0,8.0,0.0,0.0,0.0,0.0,0.0
grpo,23.0,12.0,8.0,1.0,0.875,8.0,0.0,False,0.0,8.0,16.0,8.0,16.0,8.0,0.0,0.0,0.0,0.0,0.0
grpo,23.0,13.0,8.0,1.0,0.875,8.0,0.0,False,0.0,8.0,16.0,8.0,16.0,8.0,0.0,0.0,0.0,0.0,0.0
grpo,23.0,14.0,8.0,1.0,0.875,8.0,0.0,False,0.0,8.0,16.0,8.0,16.0,8.0,0.0,0.0,0.0,0.0,0.0
grpo,23.0,15.0,0.0,0.0,0.875,8.0,0.0,False,0.0,8.0,16.0,8.0,16.0,8.0,0.0,0.0,0.0,0.0,0.0
grpo,24.0,0.0,7.0,0.875,0.8125,10.0,0.08053339831531048,True,0.04026669915765524,8.0,16.0,2.0,16.0,24.0,0.0,0.22554188838920908,-0.4376410245895386,0.22554188838920908,0.3030400716467391
grpo,24.0,1.0,8.0,1.0,0.8125,8.0,0.0,False,0.0,8.0,16.0,8.0,16.0,8.0,0.0,0.0,0.0,0.0,0.0
grpo,24.0,2.0,8.0,1.0,0.8125,8.0,0.0,False,0.0,8.0,16.0,8.0,16.0,8.0,0.0,0.0,0.0,0.0,0.0
grpo,24.0,3.0,8.0,1.0,0.8125,8.0,0.0,False,0.0,8.0,16.0,8.0,16.0,8.0,0.0,0.0,0.0,0.0,0.0
grpo,24.0,4.0,1.0,0.125,0.8125,10.0,0.08053339831531048,True,0.04026669915765524,8.0,16.0,16.0,16.0,24.0,0.0,0.22554188838920908,0.22554188838920908,0.22554188838920908,0.3030400716467391
grpo,24.0,5.0,8.0,1.0,0.8125,8.0,0.0,False,0.0,8.0,16.0,8.0,16.0,8.0,0.0,0.0,0.0,0.0,0.0
grpo,24.0,6.0,8.0,1.0,0.8125,8.0,0.0,False,0.0,8.0,16.0,8.0,16.0,8.0,0.0,0.0,0.0,0.0,0.0
grpo,24.0,7.0,8.0,1.0,0.8125,8.0,0.0,False,0.0,8.0,16.0,8.0,16.0,8.0,0.0,0.0,0.0,0.0,0.0
grpo,24.0,8.0,8.0,1.0,0.8125,8.0,0.0,False,0.0,8.0,16.0,8.0,16.0,8.0,0.0,0.0,0.0,0.0,0.0
grpo,24.0,9.0,8.0,1.0,0.8125,8.0,0.0,False,0.0,8.0,16.0,8.0,16.0,8.0,0.0,0.0,0.0,0.0,0.0
grpo,24.0,10.0,8.0,1.0,0.8125,8.0,0.0,False,0.0,8.0,16.0,8.0,16.0,8.0,0.0,0.0,0.0,0.0,0.0
grpo,24.0,11.0,8.0,1.0,0.8125,8.0,0.0,False,0.0,8.0,16.0,8.0,16.0,8.0,0.0,0.0,0.0,0.0,0.0
grpo,24.0,12.0,7.0,0.875,0.8125,10.0,0.08053339831531048,True,0.04026669915765524,8.0,16.0,2.0,16.0,24.0,0.0,0.22554188838920908,-0.4376410245895386,0.22554188838920908,0.3030400716467391
grpo,24.0,13.0,8.0,1.0,0.8125,8.0,0.0,False,0.0,8.0,16.0,8.0,16.0,8.0,0.0,0.0,0.0,0.0,0.0
grpo,24.0,14.0,8.0,1.0,0.8125,8.0,0.0,False,0.0,8.0,16.0,8.0,16.0,8.0,0.0,0.0,0.0,0.0,0.0
grpo,24.0,15.0,8.0,1.0,0.8125,8.0,0.0,False,0.0,8.0,16.0,8.0,16.0,8.0,0.0,0.0,0.0,0.0,0.0
grpo,25.0,0.0,8.0,1.0,0.5625,8.0,0.0,False,0.0,8.0,8.0,8.0,8.0,8.0,0.0,0.0,0.0,0.0,0.0
grpo,25.0,1.0,8.0,1.0,0.5625,8.0,0.0,False,0.0,8.0,8.0,8.0,8.0,8.0,0.0,0.0,0.0,0.0,0.0
grpo,25.0,2.0,4.0,0.5,0.5625,10.0,0.005859375,True,0.0029296875,8.0,8.0,8.0,8.0,6.0,0.0,0.0,0.0,0.0,-0.0234375
grpo,25.0,3.0,8.0,1.0,0.5625,8.0,0.0,False,0.0,8.0,8.0,8.0,8.0,8.0,0.0,0.0,0.0,0.0,0.0
grpo,25.0,4.0,8.0,1.0,0.5625,8.0,0.0,False,0.0,8.0,8.0,8.0,8.0,8.0,0.0,0.0,0.0,0.0,0.0
grpo,25.0,5.0,8.0,1.0,0.5625,8.0,0.0,False,0.0,8.0,8.0,8.0,8.0,8.0,0.0,0.0,0.0,0.0,0.0
grpo,25.0,6.0,2.0,0.25,0.5625,10.0,0.04381370544433594,True,0.02190685272216797,8.0,8.0,16.0,8.0,10.0,0.0,0.0,0.09010557783767581,0.0,0.04381370544433594
grpo,25.0,7.0,8.0,1.0,0.5625,8.0,0.0,False,0.0,8.0,8.0,8.0,8.0,8.0,0.0,0.0,0.0,0.0,0.0
grpo,25.0,8.0,8.0,1.0,0.5625,8.0,0.0,False,0.0,8.0,8.0,8.0,8.0,8.0,0.0,0.0,0.0,0.0,0.0
grpo,25.0,9.0,8.0,1.0,0.5625,8.0,0.0,False,0.0,8.0,8.0,8.0,8.0,8.0,0.0,0.0,0.0,0.0,0.0
grpo,25.0,10.0,5.0,0.625,0.5625,10.0,0.014524189755320549,True,0.0072620948776602745,8.0,8.0,4.0,8.0,6.0,0.0,0.0,-0.1486891508102417,0.0,-0.03871142864227295
grpo,25.0,11.0,8.0,1.0,0.5625,8.0,0.0,False,0.0,8.0,8.0,8.0,8.0,8.0,0.0,0.0,0.0,0.0,0.0
grpo,25.0,12.0,1.0,0.125,0.5625,10.0,0.08053339831531048,True,0.04026669915765524,8.0,8.0,16.0,8.0,24.0,0.0,0.0,0.22554188838920908,0.0,0.3030400716467391
grpo,25.0,13.0,3.0,0.375,0.5625,10.0,0.014524189755320549,True,0.0072620948776602745,8.0,8.0,8.0,8.0,6.0,0.0,0.0,0.0,0.0,-0.03871142864227295
grpo,25.0,14.0,7.0,0.875,0.5625,10.0,0.08053339831531048,True,0.04026669915765524,8.0,8.0,2.0,8.0,24.0,0.0,0.0,-0.4376410245895386,0.0,0.3030400716467391
grpo,25.0,15.0,7.0,0.875,0.5625,10.0,0.08053339831531048,True,0.04026669915765524,8.0,8.0,2.0,8.0,24.0,0.0,0.0,-0.4376410245895386,0.0,0.3030400716467391
grpo,26.0,0.0,8.0,1.0,0.8125,8.0,0.0,False,0.0,8.0,16.0,8.0,16.0,8.0,0.0,0.0,0.0,0.0,0.0
grpo,26.0,1.0,8.0,1.0,0.8125,8.0,0.0,False,0.0,8.0,16.0,8.0,16.0,8.0,0.0,0.0,0.0,0.0,0.0
grpo,26.0,2.0,8.0,1.0,0.8125,8.0,0.0,False,0.0,8.0,16.0,8.0,16.0,8.0,0.0,0.0,0.0,0.0,0.0
grpo,26.0,3.0,0.0,0.0,0.8125,8.0,0.0,False,0.0,8.0,16.0,8.0,16.0,8.0,0.0,0.0,0.0,0.0,0.0
grpo,26.0,4.0,7.0,0.875,0.8125,10.0,0.08053339831531048,True,0.04026669915765524,8.0,16.0,2.0,16.0,24.0,0.0,0.22554188838920908,-0.4376410245895386,0.22554188838920908,0.3030400716467391
grpo,26.0,5.0,2.0,0.25,0.8125,10.0,0.04381370544433594,True,0.02190685272216797,8.0,16.0,16.0,16.0,10.0,0.0,0.09010557783767581,0.09010557783767581,0.09010557783767581,0.04381370544433594
grpo,26.0,6.0,8.0,1.0,0.8125,8.0,0.0,False,0.0,8.0,16.0,8.0,16.0,8.0,0.0,0.0,0.0,0.0,0.0
grpo,26.0,7.0,7.0,0.875,0.8125,10.0,0.08053339831531048,True,0.04026669915765524,8.0,16.0,2.0,16.0,24.0,0.0,0.22554188838920908,-0.4376410245895386,0.22554188838920908,0.3030400716467391
grpo,26.0,8.0,8.0,1.0,0.8125,8.0,0.0,False,0.0,8.0,16.0,8.0,16.0,8.0,0.0,0.0,0.0,0.0,0.0
grpo,26.0,9.0,8.0,1.0,0.8125,8.0,0.0,False,0.0,8.0,16.0,8.0,16.0,8.0,0.0,0.0,0.0,0.0,0.0
grpo,26.0,10.0,8.0,1.0,0.8125,8.0,0.0,False,0.0,8.0,16.0,8.0,16.0,8.0,0.0,0.0,0.0,0.0,0.0
grpo,26.0,11.0,8.0,1.0,0.8125,8.0,0.0,False,0.0,8.0,16.0,8.0,16.0,8.0,0.0,0.0,0.0,0.0,0.0
grpo,26.0,12.0,8.0,1.0,0.8125,8.0,0.0,False,0.0,8.0,16.0,8.0,16.0,8.0,0.0,0.0,0.0,0.0,0.0
grpo,26.0,13.0,8.0,1.0,0.8125,8.0,0.0,False,0.0,8.0,16.0,8.0,16.0,8.0,0.0,0.0,0.0,0.0,0.0
grpo,26.0,14.0,8.0,1.0,0.8125,8.0,0.0,False,0.0,8.0,16.0,8.0,16.0,8.0,0.0,0.0,0.0,0.0,0.0
grpo,26.0,15.0,8.0,1.0,0.8125,8.0,0.0,False,0.0,8.0,16.0,8.0,16.0,8.0,0.0,0.0,0.0,0.0,0.0
grpo,27.0,0.0,8.0,1.0,0.9375,8.0,0.0,False,0.0,8.0,16.0,8.0,8.0,8.0,0.0,0.0,0.0,0.0,0.0
grpo,27.0,1.0,8.0,1.0,0.9375,8.0,0.0,False,0.0,8.0,16.0,8.0,8.0,8.0,0.0,0.0,0.0,0.0,0.0
grpo,27.0,2.0,8.0,1.0,0.9375,8.0,0.0,False,0.0,8.0,16.0,8.0,8.0,8.0,0.0,0.0,0.0,0.0,0.0
grpo,27.0,3.0,8.0,1.0,0.9375,8.0,0.0,False,0.0,8.0,16.0,8.0,8.0,8.0,0.0,0.0,0.0,0.0,0.0
grpo,27.0,4.0,8.0,1.0,0.9375,8.0,0.0,False,0.0,8.0,16.0,8.0,8.0,8.0,0.0,0.0,0.0,0.0,0.0
grpo,27.0,5.0,8.0,1.0,0.9375,8.0,0.0,False,0.0,8.0,16.0,8.0,8.0,8.0,0.0,0.0,0.0,0.0,0.0
grpo,27.0,6.0,8.0,1.0,0.9375,8.0,0.0,False,0.0,8.0,16.0,8.0,8.0,8.0,0.0,0.0,0.0,0.0,0.0
grpo,27.0,7.0,8.0,1.0,0.9375,8.0,0.0,False,0.0,8.0,16.0,8.0,8.0,8.0,0.0,0.0,0.0,0.0,0.0
grpo,27.0,8.0,8.0,1.0,0.9375,8.0,0.0,False,0.0,8.0,16.0,8.0,8.0,8.0,0.0,0.0,0.0,0.0,0.0
grpo,27.0,9.0,8.0,1.0,0.9375,8.0,0.0,False,0.0,8.0,16.0,8.0,8.0,8.0,0.0,0.0,0.0,0.0,0.0
grpo,27.0,10.0,8.0,1.0,0.9375,8.0,0.0,False,0.0,8.0,16.0,8.0,8.0,8.0,0.0,0.0,0.0,0.0,0.0
grpo,27.0,11.0,8.0,1.0,0.9375,8.0,0.0,False,0.0,8.0,16.0,8.0,8.0,8.0,0.0,0.0,0.0,0.0,0.0
grpo,27.0,12.0,8.0,1.0,0.9375,8.0,0.0,False,0.0,8.0,16.0,8.0,8.0,8.0,0.0,0.0,0.0,0.0,0.0
grpo,27.0,13.0,8.0,1.0,0.9375,8.0,0.0,False,0.0,8.0,16.0,8.0,8.0,8.0,0.0,0.0,0.0,0.0,0.0
grpo,27.0,14.0,4.0,0.5,0.9375,10.0,0.005859375,True,0.0029296875,8.0,16.0,8.0,8.0,6.0,0.0,0.007781982421875,0.0,0.0,-0.0234375
grpo,27.0,15.0,8.0,1.0,0.9375,8.0,0.0,False,0.0,8.0,16.0,8.0,8.0,8.0,0.0,0.0,0.0,0.0,0.0
grpo,28.0,0.0,7.0,0.875,0.8125,10.0,0.08053339831531048,True,0.04026669915765524,8.0,16.0,2.0,16.0,24.0,0.0,0.22554188838920908,-0.4376410245895386,0.22554188838920908,0.3030400716467391
grpo,28.0,1.0,8.0,1.0,0.8125,8.0,0.0,False,0.0,8.0,16.0,8.0,16.0,8.0,0.0,0.0,0.0,0.0,0.0
grpo,28.0,2.0,8.0,1.0,0.8125,8.0,0.0,False,0.0,8.0,16.0,8.0,16.0,8.0,0.0,0.0,0.0,0.0,0.0
grpo,28.0,3.0,8.0,1.0,0.8125,8.0,0.0,False,0.0,8.0,16.0,8.0,16.0,8.0,0.0,0.0,0.0,0.0,0.0
grpo,28.0,4.0,8.0,1.0,0.8125,8.0,0.0,False,0.0,8.0,16.0,8.0,16.0,8.0,0.0,0.0,0.0,0.0,0.0
grpo,28.0,5.0,8.0,1.0,0.8125,8.0,0.0,False,0.0,8.0,16.0,8.0,16.0,8.0,0.0,0.0,0.0,0.0,0.0
grpo,28.0,6.0,8.0,1.0,0.8125,8.0,0.0,False,0.0,8.0,16.0,8.0,16.0,8.0,0.0,0.0,0.0,0.0,0.0
grpo,28.0,7.0,8.0,1.0,0.8125,8.0,0.0,False,0.0,8.0,16.0,8.0,16.0,8.0,0.0,0.0,0.0,0.0,0.0
grpo,28.0,8.0,8.0,1.0,0.8125,8.0,0.0,False,0.0,8.0,16.0,8.0,16.0,8.0,0.0,0.0,0.0,0.0,0.0
grpo,28.0,9.0,8.0,1.0,0.8125,8.0,0.0,False,0.0,8.0,16.0,8.0,16.0,8.0,0.0,0.0,0.0,0.0,0.0
grpo,28.0,10.0,8.0,1.0,0.8125,8.0,0.0,False,0.0,8.0,16.0,8.0,16.0,8.0,0.0,0.0,0.0,0.0,0.0
grpo,28.0,11.0,8.0,1.0,0.8125,8.0,0.0,False,0.0,8.0,16.0,8.0,16.0,8.0,0.0,0.0,0.0,0.0,0.0
grpo,28.0,12.0,7.0,0.875,0.8125,10.0,0.08053339831531048,True,0.04026669915765524,8.0,16.0,2.0,16.0,24.0,0.0,0.22554188838920908,-0.4376410245895386,0.22554188838920908,0.3030400716467391
grpo,28.0,13.0,0.0,0.0,0.8125,8.0,0.0,False,0.0,8.0,16.0,8.0,16.0,8.0,0.0,0.0,0.0,0.0,0.0
grpo,28.0,14.0,5.0,0.625,0.8125,10.0,0.014524189755320549,True,0.0072620948776602745,8.0,16.0,4.0,16.0,6.0,0.0,0.023131876420841024,-0.1486891508102417,0.023131876420841024,-0.03871142864227295
grpo,28.0,15.0,8.0,1.0,0.8125,8.0,0.0,False,0.0,8.0,16.0,8.0,16.0,8.0,0.0,0.0,0.0,0.0,0.0
grpo,29.0,0.0,8.0,1.0,0.8125,8.0,0.0,False,0.0,8.0,16.0,8.0,16.0,8.0,0.0,0.0,0.0,0.0,0.0
grpo,29.0,1.0,8.0,1.0,0.8125,8.0,0.0,False,0.0,8.0,16.0,8.0,16.0,8.0,0.0,0.0,0.0,0.0,0.0
grpo,29.0,2.0,8.0,1.0,0.8125,8.0,0.0,False,0.0,8.0,16.0,8.0,16.0,8.0,0.0,0.0,0.0,0.0,0.0
grpo,29.0,3.0,8.0,1.0,0.8125,8.0,0.0,False,0.0,8.0,16.0,8.0,16.0,8.0,0.0,0.0,0.0,0.0,0.0
grpo,29.0,4.0,4.0,0.5,0.8125,10.0,0.005859375,True,0.0029296875,8.0,16.0,8.0,16.0,6.0,0.0,0.007781982421875,0.0,0.007781982421875,-0.0234375
grpo,29.0,5.0,8.0,1.0,0.8125,8.0,0.0,False,0.0,8.0,16.0,8.0,16.0,8.0,0.0,0.0,0.0,0.0,0.0
grpo,29.0,6.0,8.0,1.0,0.8125,8.0,0.0,False,0.0,8.0,16.0,8.0,16.0,8.0,0.0,0.0,0.0,0.0,0.0
grpo,29.0,7.0,8.0,1.0,0.8125,8.0,0.0,False,0.0,8.0,16.0,8.0,16.0,8.0,0.0,0.0,0.0,0.0,0.0
grpo,29.0,8.0,8.0,1.0,0.8125,8.0,0.0,False,0.0,8.0,16.0,8.0,16.0,8.0,0.0,0.0,0.0,0.0,0.0
grpo,29.0,9.0,7.0,0.875,0.8125,10.0,0.08053339831531048,True,0.04026669915765524,8.0,16.0,2.0,16.0,24.0,0.0,0.22554188838920908,-0.4376410245895386,0.22554188838920908,0.3030400716467391
grpo,29.0,10.0,8.0,1.0,0.8125,8.0,0.0,False,0.0,8.0,16.0,8.0,16.0,8.0,0.0,0.0,0.0,0.0,0.0
grpo,29.0,11.0,8.0,1.0,0.8125,8.0,0.0,False,0.0,8.0,16.0,8.0,16.0,8.0,0.0,0.0,0.0,0.0,0.0
grpo,29.0,12.0,8.0,1.0,0.8125,8.0,0.0,False,0.0,8.0,16.0,8.0,16.0,8.0,0.0,0.0,0.0,0.0,0.0
grpo,29.0,13.0,7.0,0.875,0.8125,10.0,0.08053339831531048,True,0.04026669915765524,8.0,16.0,2.0,16.0,24.0,0.0,0.22554188838920908,-0.4376410245895386,0.22554188838920908,0.3030400716467391
grpo,29.0,14.0,8.0,1.0,0.8125,8.0,0.0,False,0.0,8.0,16.0,8.0,16.0,8.0,0.0,0.0,0.0,0.0,0.0
grpo,29.0,15.0,8.0,1.0,0.8125,8.0,0.0,False,0.0,8.0,16.0,8.0,16.0,8.0,0.0,0.0,0.0,0.0,0.0
grpo,30.0,0.0,8.0,1.0,0.8125,8.0,0.0,False,0.0,8.0,16.0,8.0,16.0,8.0,0.0,0.0,0.0,0.0,0.0
grpo,30.0,1.0,8.0,1.0,0.8125,8.0,0.0,False,0.0,8.0,16.0,8.0,16.0,8.0,0.0,0.0,0.0,0.0,0.0
grpo,30.0,2.0,8.0,1.0,0.8125,8.0,0.0,False,0.0,8.0,16.0,8.0,16.0,8.0,0.0,0.0,0.0,0.0,0.0
grpo,30.0,3.0,8.0,1.0,0.8125,8.0,0.0,False,0.0,8.0,16.0,8.0,16.0,8.0,0.0,0.0,0.0,0.0,0.0
grpo,30.0,4.0,8.0,1.0,0.8125,8.0,0.0,False,0.0,8.0,16.0,8.0,16.0,8.0,0.0,0.0,0.0,0.0,0.0
grpo,30.0,5.0,8.0,1.0,0.8125,8.0,0.0,False,0.0,8.0,16.0,8.0,16.0,8.0,0.0,0.0,0.0,0.0,0.0
grpo,30.0,6.0,8.0,1.0,0.8125,8.0,0.0,False,0.0,8.0,16.0,8.0,16.0,8.0,0.0,0.0,0.0,0.0,0.0
grpo,30.0,7.0,8.0,1.0,0.8125,8.0,0.0,False,0.0,8.0,16.0,8.0,16.0,8.0,0.0,0.0,0.0,0.0,0.0
grpo,30.0,8.0,8.0,1.0,0.8125,8.0,0.0,False,0.0,8.0,16.0,8.0,16.0,8.0,0.0,0.0,0.0,0.0,0.0
grpo,30.0,9.0,8.0,1.0,0.8125,8.0,0.0,False,0.0,8.0,16.0,8.0,16.0,8.0,0.0,0.0,0.0,0.0,0.0
grpo,30.0,10.0,7.0,0.875,0.8125,10.0,0.08053339831531048,True,0.04026669915765524,8.0,16.0,2.0,16.0,24.0,0.0,0.22554188838920908,-0.4376410245895386,0.22554188838920908,0.3030400716467391
grpo,30.0,11.0,8.0,1.0,0.8125,8.0,0.0,False,0.0,8.0,16.0,8.0,16.0,8.0,0.0,0.0,0.0,0.0,0.0
grpo,30.0,12.0,8.0,1.0,0.8125,8.0,0.0,False,0.0,8.0,16.0,8.0,16.0,8.0,0.0,0.0,0.0,0.0,0.0
grpo,30.0,13.0,7.0,0.875,0.8125,10.0,0.08053339831531048,True,0.04026669915765524,8.0,16.0,2.0,16.0,24.0,0.0,0.22554188838920908,-0.4376410245895386,0.22554188838920908,0.3030400716467391
grpo,30.0,14.0,8.0,1.0,0.8125,8.0,0.0,False,0.0,8.0,16.0,8.0,16.0,8.0,0.0,0.0,0.0,0.0,0.0
grpo,30.0,15.0,2.0,0.25,0.8125,10.0,0.04381370544433594,True,0.02190685272216797,8.0,16.0,16.0,16.0,10.0,0.0,0.09010557783767581,0.09010557783767581,0.09010557783767581,0.04381370544433594
grpo,31.0,0.0,8.0,1.0,0.75,8.0,0.0,False,0.0,8.0,16.0,8.0,16.0,8.0,0.0,0.0,0.0,0.0,0.0
grpo,31.0,1.0,1.0,0.125,0.75,10.0,0.08053339831531048,True,0.04026669915765524,8.0,16.0,16.0,16.0,24.0,0.0,0.22554188838920908,0.22554188838920908,0.22554188838920908,0.3030400716467391
grpo,31.0,2.0,7.0,0.875,0.75,10.0,0.08053339831531048,True,0.04026669915765524,8.0,16.0,2.0,16.0,24.0,0.0,0.22554188838920908,-0.4376410245895386,0.22554188838920908,0.3030400716467391
grpo,31.0,3.0,8.0,1.0,0.75,8.0,0.0,False,0.0,8.0,16.0,8.0,16.0,8.0,0.0,0.0,0.0,0.0,0.0
grpo,31.0,4.0,8.0,1.0,0.75,8.0,0.0,False,0.0,8.0,16.0,8.0,16.0,8.0,0.0,0.0,0.0,0.0,0.0
grpo,31.0,5.0,8.0,1.0,0.75,8.0,0.0,False,0.0,8.0,16.0,8.0,16.0,8.0,0.0,0.0,0.0,0.0,0.0
grpo,31.0,6.0,8.0,1.0,0.75,8.0,0.0,False,0.0,8.0,16.0,8.0,16.0,8.0,0.0,0.0,0.0,0.0,0.0
grpo,31.0,7.0,8.0,1.0,0.75,8.0,0.0,False,0.0,8.0,16.0,8.0,16.0,8.0,0.0,0.0,0.0,0.0,0.0
grpo,31.0,8.0,8.0,1.0,0.75,8.0,0.0,False,0.0,8.0,16.0,8.0,16.0,8.0,0.0,0.0,0.0,0.0,0.0
grpo,31.0,9.0,8.0,1.0,0.75,8.0,0.0,False,0.0,8.0,16.0,8.0,16.0,8.0,0.0,0.0,0.0,0.0,0.0
grpo,31.0,10.0,8.0,1.0,0.75,8.0,0.0,False,0.0,8.0,16.0,8.0,16.0,8.0,0.0,0.0,0.0,0.0,0.0
grpo,31.0,11.0,8.0,1.0,0.75,8.0,0.0,False,0.0,8.0,16.0,8.0,16.0,8.0,0.0,0.0,0.0,0.0,0.0
grpo,31.0,12.0,7.0,0.875,0.75,10.0,0.08053339831531048,True,0.04026669915765524,8.0,16.0,2.0,16.0,24.0,0.0,0.22554188838920908,-0.4376410245895386,0.22554188838920908,0.3030400716467391
grpo,31.0,13.0,6.0,0.75,0.75,10.0,0.04381370544433594,True,0.02190685272216797,8.0,16.0,4.0,16.0,10.0,0.0,0.09010557783767581,-0.220184326171875,0.09010557783767581,0.04381370544433594
grpo,31.0,14.0,8.0,1.0,0.75,8.0,0.0,False,0.0,8.0,16.0,8.0,16.0,8.0,0.0,0.0,0.0,0.0,0.0
grpo,31.0,15.0,8.0,1.0,0.75,8.0,0.0,False,0.0,8.0,16.0,8.0,16.0,8.0,0.0,0.0,0.0,0.0,0.0
grpo,32.0,0.0,8.0,1.0,0.6875,8.0,0.0,False,0.0,8.0,8.0,8.0,8.0,8.0,0.0,0.0,0.0,0.0,0.0
grpo,32.0,1.0,6.0,0.75,0.6875,10.0,0.04381370544433594,True,0.02190685272216797,8.0,8.0,4.0,8.0,10.0,0.0,0.0,-0.220184326171875,0.0,0.04381370544433594
grpo,32.0,2.0,8.0,1.0,0.6875,8.0,0.0,False,0.0,8.0,8.0,8.0,8.0,8.0,0.0,0.0,0.0,0.0,0.0
grpo,32.0,3.0,8.0,1.0,0.6875,8.0,0.0,False,0.0,8.0,8.0,8.0,8.0,8.0,0.0,0.0,0.0,0.0,0.0
grpo,32.0,4.0,8.0,1.0,0.6875,8.0,0.0,False,0.0,8.0,8.0,8.0,8.0,8.0,0.0,0.0,0.0,0.0,0.0
grpo,32.0,5.0,8.0,1.0,0.6875,8.0,0.0,False,0.0,8.0,8.0,8.0,8.0,8.0,0.0,0.0,0.0,0.0,0.0
grpo,32.0,6.0,8.0,1.0,0.6875,8.0,0.0,False,0.0,8.0,8.0,8.0,8.0,8.0,0.0,0.0,0.0,0.0,0.0
grpo,32.0,7.0,8.0,1.0,0.6875,8.0,0.0,False,0.0,8.0,8.0,8.0,8.0,8.0,0.0,0.0,0.0,0.0,0.0
grpo,32.0,8.0,8.0,1.0,0.6875,8.0,0.0,False,0.0,8.0,8.0,8.0,8.0,8.0,0.0,0.0,0.0,0.0,0.0
grpo,32.0,9.0,4.0,0.5,0.6875,10.0,0.005859375,True,0.0029296875,8.0,8.0,8.0,8.0,6.0,0.0,0.0,0.0,0.0,-0.0234375
grpo,32.0,10.0,7.0,0.875,0.6875,10.0,0.08053339831531048,True,0.04026669915765524,8.0,8.0,2.0,8.0,24.0,0.0,0.0,-0.4376410245895386,0.0,0.3030400716467391
grpo,32.0,11.0,6.0,0.75,0.6875,10.0,0.04381370544433594,True,0.02190685272216797,8.0,8.0,4.0,8.0,10.0,0.0,0.0,-0.220184326171875,0.0,0.04381370544433594
grpo,32.0,12.0,8.0,1.0,0.6875,8.0,0.0,False,0.0,8.0,8.0,8.0,8.0,8.0,0.0,0.0,0.0,0.0,0.0
grpo,32.0,13.0,8.0,1.0,0.6875,8.0,0.0,False,0.0,8.0,8.0,8.0,8.0,8.0,0.0,0.0,0.0,0.0,0.0
grpo,32.0,14.0,3.0,0.375,0.6875,10.0,0.014524189755320549,True,0.0072620948776602745,8.0,8.0,8.0,8.0,6.0,0.0,0.0,0.0,0.0,-0.03871142864227295
grpo,32.0,15.0,8.0,1.0,0.6875,8.0,0.0,False,0.0,8.0,8.0,8.0,8.0,8.0,0.0,0.0,0.0,0.0,0.0
grpo,33.0,0.0,8.0,1.0,0.6875,8.0,0.0,False,0.0,8.0,8.0,8.0,8.0,8.0,0.0,0.0,0.0,0.0,0.0
grpo,33.0,1.0,7.0,0.875,0.6875,10.0,0.08053339831531048,True,0.04026669915765524,8.0,8.0,2.0,8.0,24.0,0.0,0.0,-0.4376410245895386,0.0,0.3030400716467391
grpo,33.0,2.0,5.0,0.625,0.6875,10.0,0.014524189755320549,True,0.0072620948776602745,8.0,8.0,4.0,8.0,6.0,0.0,0.0,-0.1486891508102417,0.0,-0.03871142864227295
grpo,33.0,3.0,8.0,1.0,0.6875,8.0,0.0,False,0.0,8.0,8.0,8.0,8.0,8.0,0.0,0.0,0.0,0.0,0.0
grpo,33.0,4.0,8.0,1.0,0.6875,8.0,0.0,False,0.0,8.0,8.0,8.0,8.0,8.0,0.0,0.0,0.0,0.0,0.0
grpo,33.0,5.0,8.0,1.0,0.6875,8.0,0.0,False,0.0,8.0,8.0,8.0,8.0,8.0,0.0,0.0,0.0,0.0,0.0
grpo,33.0,6.0,8.0,1.0,0.6875,8.0,0.0,False,0.0,8.0,8.0,8.0,8.0,8.0,0.0,0.0,0.0,0.0,0.0
grpo,33.0,7.0,7.0,0.875,0.6875,10.0,0.08053339831531048,True,0.04026669915765524,8.0,8.0,2.0,8.0,24.0,0.0,0.0,-0.4376410245895386,0.0,0.3030400716467391
grpo,33.0,8.0,8.0,1.0,0.6875,8.0,0.0,False,0.0,8.0,8.0,8.0,8.0,8.0,0.0,0.0,0.0,0.0,0.0
grpo,33.0,9.0,6.0,0.75,0.6875,10.0,0.04381370544433594,True,0.02190685272216797,8.0,8.0,4.0,8.0,10.0,0.0,0.0,-0.220184326171875,0.0,0.04381370544433594
grpo,33.0,10.0,8.0,1.0,0.6875,8.0,0.0,False,0.0,8.0,8.0,8.0,8.0,8.0,0.0,0.0,0.0,0.0,0.0
grpo,33.0,11.0,8.0,1.0,0.6875,8.0,0.0,False,0.0,8.0,8.0,8.0,8.0,8.0,0.0,0.0,0.0,0.0,0.0
grpo,33.0,12.0,8.0,1.0,0.6875,8.0,0.0,False,0.0,8.0,8.0,8.0,8.0,8.0,0.0,0.0,0.0,0.0,0.0
grpo,33.0,13.0,8.0,1.0,0.6875,8.0,0.0,False,0.0,8.0,8.0,8.0,8.0,8.0,0.0,0.0,0.0,0.0,0.0
grpo,33.0,14.0,7.0,0.875,0.6875,10.0,0.08053339831531048,True,0.04026669915765524,8.0,8.0,2.0,8.0,24.0,0.0,0.0,-0.4376410245895386,0.0,0.3030400716467391
grpo,33.0,15.0,0.0,0.0,0.6875,8.0,0.0,False,0.0,8.0,8.0,8.0,8.0,8.0,0.0,0.0,0.0,0.0,0.0
grpo,34.0,0.0,8.0,1.0,0.875,8.0,0.0,False,0.0,8.0,16.0,8.0,16.0,8.0,0.0,0.0,0.0,0.0,0.0
grpo,34.0,1.0,8.0,1.0,0.875,8.0,0.0,False,0.0,8.0,16.0,8.0,16.0,8.0,0.0,0.0,0.0,0.0,0.0
grpo,34.0,2.0,8.0,1.0,0.875,8.0,0.0,False,0.0,8.0,16.0,8.0,16.0,8.0,0.0,0.0,0.0,0.0,0.0
grpo,34.0,3.0,8.0,1.0,0.875,8.0,0.0,False,0.0,8.0,16.0,8.0,16.0,8.0,0.0,0.0,0.0,0.0,0.0
grpo,34.0,4.0,8.0,1.0,0.875,8.0,0.0,False,0.0,8.0,16.0,8.0,16.0,8.0,0.0,0.0,0.0,0.0,0.0
grpo,34.0,5.0,8.0,1.0,0.875,8.0,0.0,False,0.0,8.0,16.0,8.0,16.0,8.0,0.0,0.0,0.0,0.0,0.0
grpo,34.0,6.0,1.0,0.125,0.875,10.0,0.08053339831531048,True,0.04026669915765524,8.0,16.0,16.0,16.0,24.0,0.0,0.22554188838920908,0.22554188838920908,0.22554188838920908,0.3030400716467391
grpo,34.0,7.0,8.0,1.0,0.875,8.0,0.0,False,0.0,8.0,16.0,8.0,16.0,8.0,0.0,0.0,0.0,0.0,0.0
grpo,34.0,8.0,8.0,1.0,0.875,8.0,0.0,False,0.0,8.0,16.0,8.0,16.0,8.0,0.0,0.0,0.0,0.0,0.0
grpo,34.0,9.0,2.0,0.25,0.875,10.0,0.04381370544433594,True,0.02190685272216797,8.0,16.0,16.0,16.0,10.0,0.0,0.09010557783767581,0.09010557783767581,0.09010557783767581,0.04381370544433594
grpo,34.0,10.0,8.0,1.0,0.875,8.0,0.0,False,0.0,8.0,16.0,8.0,16.0,8.0,0.0,0.0,0.0,0.0,0.0
grpo,34.0,11.0,8.0,1.0,0.875,8.0,0.0,False,0.0,8.0,16.0,8.0,16.0,8.0,0.0,0.0,0.0,0.0,0.0
grpo,34.0,12.0,8.0,1.0,0.875,8.0,0.0,False,0.0,8.0,16.0,8.0,16.0,8.0,0.0,0.0,0.0,0.0,0.0
grpo,34.0,13.0,8.0,1.0,0.875,8.0,0.0,False,0.0,8.0,16.0,8.0,16.0,8.0,0.0,0.0,0.0,0.0,0.0
grpo,34.0,14.0,8.0,1.0,0.875,8.0,0.0,False,0.0,8.0,16.0,8.0,16.0,8.0,0.0,0.0,0.0,0.0,0.0
grpo,34.0,15.0,8.0,1.0,0.875,8.0,0.0,False,0.0,8.0,16.0,8.0,16.0,8.0,0.0,0.0,0.0,0.0,0.0
grpo,35.0,0.0,8.0,1.0,0.9375,8.0,0.0,False,0.0,8.0,16.0,8.0,8.0,8.0,0.0,0.0,0.0,0.0,0.0
grpo,35.0,1.0,8.0,1.0,0.9375,8.0,0.0,False,0.0,8.0,16.0,8.0,8.0,8.0,0.0,0.0,0.0,0.0,0.0
grpo,35.0,2.0,8.0,1.0,0.9375,8.0,0.0,False,0.0,8.0,16.0,8.0,8.0,8.0,0.0,0.0,0.0,0.0,0.0
grpo,35.0,3.0,8.0,1.0,0.9375,8.0,0.0,False,0.0,8.0,16.0,8.0,8.0,8.0,0.0,0.0,0.0,0.0,0.0
grpo,35.0,4.0,0.0,0.0,0.9375,8.0,0.0,False,0.0,8.0,16.0,8.0,8.0,8.0,0.0,0.0,0.0,0.0,0.0
grpo,35.0,5.0,8.0,1.0,0.9375,8.0,0.0,False,0.0,8.0,16.0,8.0,8.0,8.0,0.0,0.0,0.0,0.0,0.0
grpo,35.0,6.0,8.0,1.0,0.9375,8.0,0.0,False,0.0,8.0,16.0,8.0,8.0,8.0,0.0,0.0,0.0,0.0,0.0
grpo,35.0,7.0,8.0,1.0,0.9375,8.0,0.0,False,0.0,8.0,16.0,8.0,8.0,8.0,0.0,0.0,0.0,0.0,0.0
grpo,35.0,8.0,0.0,0.0,0.9375,8.0,0.0,False,0.0,8.0,16.0,8.0,8.0,8.0,0.0,0.0,0.0,0.0,0.0
grpo,35.0,9.0,8.0,1.0,0.9375,8.0,0.0,False,0.0,8.0,16.0,8.0,8.0,8.0,0.0,0.0,0.0,0.0,0.0
grpo,35.0,10.0,8.0,1.0,0.9375,8.0,0.0,False,0.0,8.0,16.0,8.0,8.0,8.0,0.0,0.0,0.0,0.0,0.0
grpo,35.0,11.0,8.0,1.0,0.9375,8.0,0.0,False,0.0,8.0,16.0,8.0,8.0,8.0,0.0,0.0,0.0,0.0,0.0
grpo,35.0,12.0,8.0,1.0,0.9375,8.0,0.0,False,0.0,8.0,16.0,8.0,8.0,8.0,0.0,0.0,0.0,0.0,0.0
grpo,35.0,13.0,8.0,1.0,0.9375,8.0,0.0,False,0.0,8.0,16.0,8.0,8.0,8.0,0.0,0.0,0.0,0.0,0.0
grpo,35.0,14.0,6.0,0.75,0.9375,10.0,0.04381370544433594,True,0.02190685272216797,8.0,16.0,4.0,8.0,10.0,0.0,0.09010557783767581,-0.220184326171875,0.0,0.04381370544433594
grpo,35.0,15.0,8.0,1.0,0.9375,8.0,0.0,False,0.0,8.0,16.0,8.0,8.0,8.0,0.0,0.0,0.0,0.0,0.0
grpo,36.0,0.0,8.0,1.0,0.8125,8.0,0.0,False,0.0,8.0,16.0,8.0,16.0,8.0,0.0,0.0,0.0,0.0,0.0
grpo,36.0,1.0,8.0,1.0,0.8125,8.0,0.0,False,0.0,8.0,16.0,8.0,16.0,8.0,0.0,0.0,0.0,0.0,0.0
grpo,36.0,2.0,0.0,0.0,0.8125,8.0,0.0,False,0.0,8.0,16.0,8.0,16.0,8.0,0.0,0.0,0.0,0.0,0.0
grpo,36.0,3.0,5.0,0.625,0.8125,10.0,0.014524189755320549,True,0.0072620948776602745,8.0,16.0,4.0,16.0,6.0,0.0,0.023131876420841024,-0.1486891508102417,0.023131876420841024,-0.03871142864227295
grpo,36.0,4.0,8.0,1.0,0.8125,8.0,0.0,False,0.0,8.0,16.0,8.0,16.0,8.0,0.0,0.0,0.0,0.0,0.0
grpo,36.0,5.0,8.0,1.0,0.8125,8.0,0.0,False,0.0,8.0,16.0,8.0,16.0,8.0,0.0,0.0,0.0,0.0,0.0
grpo,36.0,6.0,8.0,1.0,0.8125,8.0,0.0,False,0.0,8.0,16.0,8.0,16.0,8.0,0.0,0.0,0.0,0.0,0.0
grpo,36.0,7.0,8.0,1.0,0.8125,8.0,0.0,False,0.0,8.0,16.0,8.0,16.0,8.0,0.0,0.0,0.0,0.0,0.0
grpo,36.0,8.0,8.0,1.0,0.8125,8.0,0.0,False,0.0,8.0,16.0,8.0,16.0,8.0,0.0,0.0,0.0,0.0,0.0
grpo,36.0,9.0,8.0,1.0,0.8125,8.0,0.0,False,0.0,8.0,16.0,8.0,16.0,8.0,0.0,0.0,0.0,0.0,0.0
grpo,36.0,10.0,8.0,1.0,0.8125,8.0,0.0,False,0.0,8.0,16.0,8.0,16.0,8.0,0.0,0.0,0.0,0.0,0.0
grpo,36.0,11.0,7.0,0.875,0.8125,10.0,0.08053339831531048,True,0.04026669915765524,8.0,16.0,2.0,16.0,24.0,0.0,0.22554188838920908,-0.4376410245895386,0.22554188838920908,0.3030400716467391
grpo,36.0,12.0,8.0,1.0,0.8125,8.0,0.0,False,0.0,8.0,16.0,8.0,16.0,8.0,0.0,0.0,0.0,0.0,0.0
grpo,36.0,13.0,7.0,0.875,0.8125,10.0,0.08053339831531048,True,0.04026669915765524,8.0,16.0,2.0,16.0,24.0,0.0,0.22554188838920908,-0.4376410245895386,0.22554188838920908,0.3030400716467391
grpo,36.0,14.0,8.0,1.0,0.8125,8.0,0.0,False,0.0,8.0,16.0,8.0,16.0,8.0,0.0,0.0,0.0,0.0,0.0
grpo,36.0,15.0,8.0,1.0,0.8125,8.0,0.0,False,0.0,8.0,16.0,8.0,16.0,8.0,0.0,0.0,0.0,0.0,0.0
grpo,37.0,0.0,8.0,1.0,0.75,8.0,0.0,False,0.0,8.0,16.0,8.0,16.0,8.0,0.0,0.0,0.0,0.0,0.0
grpo,37.0,1.0,0.0,0.0,0.75,8.0,0.0,False,0.0,8.0,16.0,8.0,16.0,8.0,0.0,0.0,0.0,0.0,0.0
grpo,37.0,2.0,8.0,1.0,0.75,8.0,0.0,False,0.0,8.0,16.0,8.0,16.0,8.0,0.0,0.0,0.0,0.0,0.0
grpo,37.0,3.0,8.0,1.0,0.75,8.0,0.0,False,0.0,8.0,16.0,8.0,16.0,8.0,0.0,0.0,0.0,0.0,0.0
grpo,37.0,4.0,8.0,1.0,0.75,8.0,0.0,False,0.0,8.0,16.0,8.0,16.0,8.0,0.0,0.0,0.0,0.0,0.0
grpo,37.0,5.0,8.0,1.0,0.75,8.0,0.0,False,0.0,8.0,16.0,8.0,16.0,8.0,0.0,0.0,0.0,0.0,0.0
grpo,37.0,6.0,6.0,0.75,0.75,10.0,0.04381370544433594,True,0.02190685272216797,8.0,16.0,4.0,16.0,10.0,0.0,0.09010557783767581,-0.220184326171875,0.09010557783767581,0.04381370544433594
grpo,37.0,7.0,4.0,0.5,0.75,10.0,0.005859375,True,0.0029296875,8.0,16.0,8.0,16.0,6.0,0.0,0.007781982421875,0.0,0.007781982421875,-0.0234375
grpo,37.0,8.0,8.0,1.0,0.75,8.0,0.0,False,0.0,8.0,16.0,8.0,16.0,8.0,0.0,0.0,0.0,0.0,0.0
grpo,37.0,9.0,8.0,1.0,0.75,8.0,0.0,False,0.0,8.0,16.0,8.0,16.0,8.0,0.0,0.0,0.0,0.0,0.0
grpo,37.0,10.0,2.0,0.25,0.75,10.0,0.04381370544433594,True,0.02190685272216797,8.0,16.0,16.0,16.0,10.0,0.0,0.09010557783767581,0.09010557783767581,0.09010557783767581,0.04381370544433594
grpo,37.0,11.0,0.0,0.0,0.75,8.0,0.0,False,0.0,8.0,16.0,8.0,16.0,8.0,0.0,0.0,0.0,0.0,0.0
grpo,37.0,12.0,8.0,1.0,0.75,8.0,0.0,False,0.0,8.0,16.0,8.0,16.0,8.0,0.0,0.0,0.0,0.0,0.0
grpo,37.0,13.0,8.0,1.0,0.75,8.0,0.0,False,0.0,8.0,16.0,8.0,16.0,8.0,0.0,0.0,0.0,0.0,0.0
grpo,37.0,14.0,8.0,1.0,0.75,8.0,0.0,False,0.0,8.0,16.0,8.0,16.0,8.0,0.0,0.0,0.0,0.0,0.0
grpo,37.0,15.0,1.0,0.125,0.75,10.0,0.08053339831531048,True,0.04026669915765524,8.0,16.0,16.0,16.0,24.0,0.0,0.22554188838920908,0.22554188838920908,0.22554188838920908,0.3030400716467391
grpo,38.0,0.0,8.0,1.0,0.6875,8.0,0.0,False,0.0,8.0,8.0,8.0,8.0,8.0,0.0,0.0,0.0,0.0,0.0
grpo,38.0,1.0,7.0,0.875,0.6875,10.0,0.08053339831531048,True,0.04026669915765524,8.0,8.0,2.0,8.0,24.0,0.0,0.0,-0.4376410245895386,0.0,0.3030400716467391
grpo,38.0,2.0,8.0,1.0,0.6875,8.0,0.0,False,0.0,8.0,8.0,8.0,8.0,8.0,0.0,0.0,0.0,0.0,0.0
grpo,38.0,3.0,2.0,0.25,0.6875,10.0,0.04381370544433594,True,0.02190685272216797,8.0,8.0,16.0,8.0,10.0,0.0,0.0,0.09010557783767581,0.0,0.04381370544433594
grpo,38.0,4.0,2.0,0.25,0.6875,10.0,0.04381370544433594,True,0.02190685272216797,8.0,8.0,16.0,8.0,10.0,0.0,0.0,0.09010557783767581,0.0,0.04381370544433594
grpo,38.0,5.0,8.0,1.0,0.6875,8.0,0.0,False,0.0,8.0,8.0,8.0,8.0,8.0,0.0,0.0,0.0,0.0,0.0
grpo,38.0,6.0,8.0,1.0,0.6875,8.0,0.0,False,0.0,8.0,8.0,8.0,8.0,8.0,0.0,0.0,0.0,0.0,0.0
grpo,38.0,7.0,8.0,1.0,0.6875,8.0,0.0,False,0.0,8.0,8.0,8.0,8.0,8.0,0.0,0.0,0.0,0.0,0.0
grpo,38.0,8.0,8.0,1.0,0.6875,8.0,0.0,False,0.0,8.0,8.0,8.0,8.0,8.0,0.0,0.0,0.0,0.0,0.0
grpo,38.0,9.0,8.0,1.0,0.6875,8.0,0.0,False,0.0,8.0,8.0,8.0,8.0,8.0,0.0,0.0,0.0,0.0,0.0
grpo,38.0,10.0,7.0,0.875,0.6875,10.0,0.08053339831531048,True,0.04026669915765524,8.0,8.0,2.0,8.0,24.0,0.0,0.0,-0.4376410245895386,0.0,0.3030400716467391
grpo,38.0,11.0,8.0,1.0,0.6875,8.0,0.0,False,0.0,8.0,8.0,8.0,8.0,8.0,0.0,0.0,0.0,0.0,0.0
grpo,38.0,12.0,8.0,1.0,0.6875,8.0,0.0,False,0.0,8.0,8.0,8.0,8.0,8.0,0.0,0.0,0.0,0.0,0.0
grpo,38.0,13.0,0.0,0.0,0.6875,8.0,0.0,False,0.0,8.0,8.0,8.0,8.0,8.0,0.0,0.0,0.0,0.0,0.0
grpo,38.0,14.0,5.0,0.625,0.6875,10.0,0.014524189755320549,True,0.0072620948776602745,8.0,8.0,4.0,8.0,6.0,0.0,0.0,-0.1486891508102417,0.0,-0.03871142864227295
grpo,38.0,15.0,8.0,1.0,0.6875,8.0,0.0,False,0.0,8.0,8.0,8.0,8.0,8.0,0.0,0.0,0.0,0.0,0.0
grpo,39.0,0.0,8.0,1.0,0.75,8.0,0.0,False,0.0,8.0,16.0,8.0,16.0,8.0,0.0,0.0,0.0,0.0,0.0
grpo,39.0,1.0,8.0,1.0,0.75,8.0,0.0,False,0.0,8.0,16.0,8.0,16.0,8.0,0.0,0.0,0.0,0.0,0.0
grpo,39.0,2.0,3.0,0.375,0.75,10.0,0.014524189755320549,True,0.0072620948776602745,8.0,16.0,8.0,16.0,6.0,0.0,0.023131876420841024,0.0,0.023131876420841024,-0.03871142864227295
grpo,39.0,3.0,8.0,1.0,0.75,8.0,0.0,False,0.0,8.0,16.0,8.0,16.0,8.0,0.0,0.0,0.0,0.0,0.0
grpo,39.0,4.0,1.0,0.125,0.75,10.0,0.08053339831531048,True,0.04026669915765524,8.0,16.0,16.0,16.0,24.0,0.0,0.22554188838920908,0.22554188838920908,0.22554188838920908,0.3030400716467391
grpo,39.0,5.0,6.0,0.75,0.75,10.0,0.04381370544433594,True,0.02190685272216797,8.0,16.0,4.0,16.0,10.0,0.0,0.09010557783767581,-0.220184326171875,0.09010557783767581,0.04381370544433594
grpo,39.0,6.0,8.0,1.0,0.75,8.0,0.0,False,0.0,8.0,16.0,8.0,16.0,8.0,0.0,0.0,0.0,0.0,0.0
grpo,39.0,7.0,8.0,1.0,0.75,8.0,0.0,False,0.0,8.0,16.0,8.0,16.0,8.0,0.0,0.0,0.0,0.0,0.0
grpo,39.0,8.0,5.0,0.625,0.75,10.0,0.014524189755320549,True,0.0072620948776602745,8.0,16.0,4.0,16.0,6.0,0.0,0.023131876420841024,-0.1486891508102417,0.023131876420841024,-0.03871142864227295
grpo,39.0,9.0,8.0,1.0,0.75,8.0,0.0,False,0.0,8.0,16.0,8.0,16.0,8.0,0.0,0.0,0.0,0.0,0.0
grpo,39.0,10.0,8.0,1.0,0.75,8.0,0.0,False,0.0,8.0,16.0,8.0,16.0,8.0,0.0,0.0,0.0,0.0,0.0
grpo,39.0,11.0,8.0,1.0,0.75,8.0,0.0,False,0.0,8.0,16.0,8.0,16.0,8.0,0.0,0.0,0.0,0.0,0.0
grpo,39.0,12.0,8.0,1.0,0.75,8.0,0.0,False,0.0,8.0,16.0,8.0,16.0,8.0,0.0,0.0,0.0,0.0,0.0
grpo,39.0,13.0,8.0,1.0,0.75,8.0,0.0,False,0.0,8.0,16.0,8.0,16.0,8.0,0.0,0.0,0.0,0.0,0.0
grpo,39.0,14.0,8.0,1.0,0.75,8.0,0.0,False,0.0,8.0,16.0,8.0,16.0,8.0,0.0,0.0,0.0,0.0,0.0
grpo,39.0,15.0,0.0,0.0,0.75,8.0,0.0,False,0.0,8.0,16.0,8.0,16.0,8.0,0.0,0.0,0.0,0.0,0.0
