method	step	prompt	k	p_hat	regime	zvf_step	is_sat_band	g_baseline	g_zvf70	g_dual	g_hybrid	zvf_baseline	zvf_zvf70	zvf_dual	zvf_hybrid
grpo	0	0	8	1.0	saturated	0.6875	False	8	8	2	8	1.0	1.0	1.0	1.0
grpo	0	1	6	0.75	mid	0.6875	False	8	8	8	8	0.1001	0.1001	0.1001	0.1001
grpo	0	2	8	1.0	saturated	0.6875	False	8	8	2	8	1.0	1.0	1.0	1.0
grpo	0	3	8	1.0	saturated	0.6875	False	8	8	2	8	1.0	1.0	1.0	1.0
grpo	0	4	8	1.0	saturated	0.6875	False	8	8	2	8	1.0	1.0	1.0	1.0
grpo	0	5	8	1.0	saturated	0.6875	False	8	8	2	8	1.0	1.0	1.0	1.0
grpo	0	6	8	1.0	saturated	0.6875	False	8	8	2	8	1.0	1.0	1.0	1.0
grpo	0	7	8	1.0	saturated	0.6875	False	8	8	2	8	1.0	1.0	1.0	1.0
grpo	0	8	8	1.0	saturated	0.6875	False	8	8	2	8	1.0	1.0	1.0	1.0
grpo	0	9	1	0.125	boundary	0.6875	False	8	8	16	8	0.3436	0.3436	0.1181	0.3436
grpo	0	10	7	0.875	boundary	0.6875	False	8	8	4	8	0.3436	0.3436	0.5864	0.3436
grpo	0	11	1	0.125	boundary	0.6875	False	8	8	16	8	0.3436	0.3436	0.1181	0.3436
grpo	0	12	8	1.0	saturated	0.6875	False	8	8	2	8	1.0	1.0	1.0	1.0
grpo	0	13	8	1.0	saturated	0.6875	False	8	8	2	8	1.0	1.0	1.0	1.0
grpo	0	14	1	0.125	boundary	0.6875	False	8	8	16	8	0.3436	0.3436	0.1181	0.3436
grpo	0	15	8	1.0	saturated	0.6875	False	8	8	2	8	1.0	1.0	1.0	1.0
grpo	1	0	7	0.875	boundary	0.5	False	8	8	4	8	0.3436	0.3436	0.5864	0.3436
grpo	1	1	2	0.25	mid	0.5	False	8	8	16	8	0.1001	0.1001	0.01	0.1001
grpo	1	2	4	0.5	mid	0.5	False	8	8	16	8	0.0078	0.0078	0.0	0.0078
grpo	1	3	8	1.0	saturated	0.5	False	8	8	2	8	1.0	1.0	1.0	1.0
grpo	1	4	8	1.0	saturated	0.5	False	8	8	2	8	1.0	1.0	1.0	1.0
grpo	1	5	8	1.0	saturated	0.5	False	8	8	2	8	1.0	1.0	1.0	1.0
grpo	1	6	8	1.0	saturated	0.5	False	8	8	2	8	1.0	1.0	1.0	1.0
grpo	1	7	7	0.875	boundary	0.5	False	8	8	4	8	0.3436	0.3436	0.5864	0.3436
grpo	1	8	8	1.0	saturated	0.5	False	8	8	2	8	1.0	1.0	1.0	1.0
grpo	1	9	7	0.875	boundary	0.5	False	8	8	4	8	0.3436	0.3436	0.5864	0.3436
grpo	1	10	6	0.75	mid	0.5	False	8	8	8	8	0.1001	0.1001	0.1001	0.1001
grpo	1	11	8	1.0	saturated	0.5	False	8	8	2	8	1.0	1.0	1.0	1.0
grpo	1	12	8	1.0	saturated	0.5	False	8	8	2	8	1.0	1.0	1.0	1.0
grpo	1	13	4	0.5	mid	0.5	False	8	8	16	8	0.0078	0.0078	0.0	0.0078
grpo	1	14	8	1.0	saturated	0.5	False	8	8	2	8	1.0	1.0	1.0	1.0
grpo	1	15	4	0.5	mid	0.5	False	8	8	16	8	0.0078	0.0078	0.0	0.0078
grpo	2	0	6	0.75	mid	0.6875	False	8	8	8	8	0.1001	0.1001	0.1001	0.1001
grpo	2	1	8	1.0	saturated	0.6875	False	8	8	2	8	1.0	1.0	1.0	1.0
grpo	2	2	7	0.875	boundary	0.6875	False	8	8	4	8	0.3436	0.3436	0.5864	0.3436
grpo	2	3	8	1.0	saturated	0.6875	False	8	8	2	8	1.0	1.0	1.0	1.0
grpo	2	4	4	0.5	mid	0.6875	False	8	8	16	8	0.0078	0.0078	0.0	0.0078
grpo	2	5	8	1.0	saturated	0.6875	False	8	8	2	8	1.0	1.0	1.0	1.0
grpo	2	6	0	0.0	saturated	0.6875	False	8	8	16	8	1.0	1.0	1.0	1.0
grpo	2	7	8	1.0	saturated	0.6875	False	8	8	2	8	1.0	1.0	1.0	1.0
grpo	2	8	8	1.0	saturated	0.6875	False	8	8	2	8	1.0	1.0	1.0	1.0
grpo	2	9	2	0.25	mid	0.6875	False	8	8	16	8	0.1001	0.1001	0.01	0.1001
grpo	2	10	8	1.0	saturated	0.6875	False	8	8	2	8	1.0	1.0	1.0	1.0
grpo	2	11	8	1.0	saturated	0.6875	False	8	8	2	8	1.0	1.0	1.0	1.0
grpo	2	12	7	0.875	boundary	0.6875	False	8	8	4	8	0.3436	0.3436	0.5864	0.3436
grpo	2	13	8	1.0	saturated	0.6875	False	8	8	2	8	1.0	1.0	1.0	1.0
grpo	2	14	8	1.0	saturated	0.6875	False	8	8	2	8	1.0	1.0	1.0	1.0
grpo	2	15	8	1.0	saturated	0.6875	False	8	8	2	8	1.0	1.0	1.0	1.0
grpo	3	0	8	1.0	saturated	0.75	False	8	16	2	16	1.0	1.0	1.0	1.0
grpo	3	1	8	1.0	saturated	0.75	False	8	16	2	16	1.0	1.0	1.0	1.0
grpo	3	2	8	1.0	saturated	0.75	False	8	16	2	16	1.0	1.0	1.0	1.0
grpo	3	3	7	0.875	boundary	0.75	False	8	16	4	16	0.3436	0.1181	0.5864	0.1181
grpo	3	4	0	0.0	saturated	0.75	False	8	16	16	16	1.0	1.0	1.0	1.0
grpo	3	5	8	1.0	saturated	0.75	False	8	16	2	16	1.0	1.0	1.0	1.0
grpo	3	6	6	0.75	mid	0.75	False	8	16	8	16	0.1001	0.01	0.1001	0.01
grpo	3	7	8	1.0	saturated	0.75	False	8	16	2	16	1.0	1.0	1.0	1.0
grpo	3	8	0	0.0	saturated	0.75	False	8	16	16	16	1.0	1.0	1.0	1.0
grpo	3	9	8	1.0	saturated	0.75	False	8	16	2	16	1.0	1.0	1.0	1.0
grpo	3	10	8	1.0	saturated	0.75	False	8	16	2	16	1.0	1.0	1.0	1.0
grpo	3	11	8	1.0	saturated	0.75	False	8	16	2	16	1.0	1.0	1.0	1.0
grpo	3	12	8	1.0	saturated	0.75	False	8	16	2	16	1.0	1.0	1.0	1.0
grpo	3	13	7	0.875	boundary	0.75	False	8	16	4	16	0.3436	0.1181	0.5864	0.1181
grpo	3	14	2	0.25	mid	0.75	False	8	16	16	16	0.1001	0.01	0.01	0.01
grpo	3	15	8	1.0	saturated	0.75	False	8	16	2	16	1.0	1.0	1.0	1.0
grpo	4	0	6	0.75	mid	0.6875	False	8	8	8	8	0.1001	0.1001	0.1001	0.1001
grpo	4	1	6	0.75	mid	0.6875	False	8	8	8	8	0.1001	0.1001	0.1001	0.1001
grpo	4	2	0	0.0	saturated	0.6875	False	8	8	16	8	1.0	1.0	1.0	1.0
grpo	4	3	1	0.125	boundary	0.6875	False	8	8	16	8	0.3436	0.3436	0.1181	0.3436
grpo	4	4	8	1.0	saturated	0.6875	False	8	8	2	8	1.0	1.0	1.0	1.0
grpo	4	5	8	1.0	saturated	0.6875	False	8	8	2	8	1.0	1.0	1.0	1.0
grpo	4	6	8	1.0	saturated	0.6875	False	8	8	2	8	1.0	1.0	1.0	1.0
grpo	4	7	8	1.0	saturated	0.6875	False	8	8	2	8	1.0	1.0	1.0	1.0
grpo	4	8	8	1.0	saturated	0.6875	False	8	8	2	8	1.0	1.0	1.0	1.0
grpo	4	9	8	1.0	saturated	0.6875	False	8	8	2	8	1.0	1.0	1.0	1.0
grpo	4	10	8	1.0	saturated	0.6875	False	8	8	2	8	1.0	1.0	1.0	1.0
grpo	4	11	8	1.0	saturated	0.6875	False	8	8	2	8	1.0	1.0	1.0	1.0
grpo	4	12	8	1.0	saturated	0.6875	False	8	8	2	8	1.0	1.0	1.0	1.0
grpo	4	13	6	0.75	mid	0.6875	False	8	8	8	8	0.1001	0.1001	0.1001	0.1001
grpo	4	14	8	1.0	saturated	0.6875	False	8	8	2	8	1.0	1.0	1.0	1.0
grpo	4	15	4	0.5	mid	0.6875	False	8	8	16	8	0.0078	0.0078	0.0	0.0078
grpo	5	0	8	1.0	saturated	0.6875	False	8	8	2	8	1.0	1.0	1.0	1.0
grpo	5	1	1	0.125	boundary	0.6875	False	8	8	16	8	0.3436	0.3436	0.1181	0.3436
grpo	5	2	6	0.75	mid	0.6875	False	8	8	8	8	0.1001	0.1001	0.1001	0.1001
grpo	5	3	8	1.0	saturated	0.6875	False	8	8	2	8	1.0	1.0	1.0	1.0
grpo	5	4	8	1.0	saturated	0.6875	False	8	8	2	8	1.0	1.0	1.0	1.0
grpo	5	5	8	1.0	saturated	0.6875	False	8	8	2	8	1.0	1.0	1.0	1.0
grpo	5	6	1	0.125	boundary	0.6875	False	8	8	16	8	0.3436	0.3436	0.1181	0.3436
grpo	5	7	4	0.5	mid	0.6875	False	8	8	16	8	0.0078	0.0078	0.0	0.0078
grpo	5	8	8	1.0	saturated	0.6875	False	8	8	2	8	1.0	1.0	1.0	1.0
grpo	5	9	8	1.0	saturated	0.6875	False	8	8	2	8	1.0	1.0	1.0	1.0
grpo	5	10	4	0.5	mid	0.6875	False	8	8	16	8	0.0078	0.0078	0.0	0.0078
grpo	5	11	0	0.0	saturated	0.6875	False	8	8	16	8	1.0	1.0	1.0	1.0
grpo	5	12	8	1.0	saturated	0.6875	False	8	8	2	8	1.0	1.0	1.0	1.0
grpo	5	13	8	1.0	saturated	0.6875	False	8	8	2	8	1.0	1.0	1.0	1.0
grpo	5	14	8	1.0	saturated	0.6875	False	8	8	2	8	1.0	1.0	1.0	1.0
grpo	5	15	0	0.0	saturated	0.6875	False	8	8	16	8	1.0	1.0	1.0	1.0
grpo	6	0	8	1.0	saturated	0.8125	False	8	16	2	16	1.0	1.0	1.0	1.0
grpo	6	1	8	1.0	saturated	0.8125	False	8	16	2	16	1.0	1.0	1.0	1.0
grpo	6	2	8	1.0	saturated	0.8125	False	8	16	2	16	1.0	1.0	1.0	1.0
grpo	6	3	0	0.0	saturated	0.8125	False	8	16	16	16	1.0	1.0	1.0	1.0
grpo	6	4	2	0.25	mid	0.8125	False	8	16	16	16	0.1001	0.01	0.01	0.01
grpo	6	5	8	1.0	saturated	0.8125	False	8	16	2	16	1.0	1.0	1.0	1.0
grpo	6	6	7	0.875	boundary	0.8125	False	8	16	4	16	0.3436	0.1181	0.5864	0.1181
grpo	6	7	8	1.0	saturated	0.8125	False	8	16	2	16	1.0	1.0	1.0	1.0
grpo	6	8	8	1.0	saturated	0.8125	False	8	16	2	16	1.0	1.0	1.0	1.0
grpo	6	9	8	1.0	saturated	0.8125	False	8	16	2	16	1.0	1.0	1.0	1.0
grpo	6	10	8	1.0	saturated	0.8125	False	8	16	2	16	1.0	1.0	1.0	1.0
grpo	6	11	8	1.0	saturated	0.8125	False	8	16	2	16	1.0	1.0	1.0	1.0
grpo	6	12	8	1.0	saturated	0.8125	False	8	16	2	16	1.0	1.0	1.0	1.0
grpo	6	13	0	0.0	saturated	0.8125	False	8	16	16	16	1.0	1.0	1.0	1.0
grpo	6	14	5	0.625	mid	0.8125	False	8	16	16	16	0.0237	0.0005	0.0005	0.0005
grpo	6	15	8	1.0	saturated	0.8125	False	8	16	2	16	1.0	1.0	1.0	1.0
grpo	7	0	8	1.0	saturated	0.6875	False	8	8	2	8	1.0	1.0	1.0	1.0
grpo	7	1	8	1.0	saturated	0.6875	False	8	8	2	8	1.0	1.0	1.0	1.0
grpo	7	2	0	0.0	saturated	0.6875	False	8	8	16	8	1.0	1.0	1.0	1.0
grpo	7	3	8	1.0	saturated	0.6875	False	8	8	2	8	1.0	1.0	1.0	1.0
grpo	7	4	1	0.125	boundary	0.6875	False	8	8	16	8	0.3436	0.3436	0.1181	0.3436
grpo	7	5	6	0.75	mid	0.6875	False	8	8	8	8	0.1001	0.1001	0.1001	0.1001
grpo	7	6	8	1.0	saturated	0.6875	False	8	8	2	8	1.0	1.0	1.0	1.0
grpo	7	7	8	1.0	saturated	0.6875	False	8	8	2	8	1.0	1.0	1.0	1.0
grpo	7	8	1	0.125	boundary	0.6875	False	8	8	16	8	0.3436	0.3436	0.1181	0.3436
grpo	7	9	8	1.0	saturated	0.6875	False	8	8	2	8	1.0	1.0	1.0	1.0
grpo	7	10	8	1.0	saturated	0.6875	False	8	8	2	8	1.0	1.0	1.0	1.0
grpo	7	11	8	1.0	saturated	0.6875	False	8	8	2	8	1.0	1.0	1.0	1.0
grpo	7	12	7	0.875	boundary	0.6875	False	8	8	4	8	0.3436	0.3436	0.5864	0.3436
grpo	7	13	4	0.5	mid	0.6875	False	8	8	16	8	0.0078	0.0078	0.0	0.0078
grpo	7	14	8	1.0	saturated	0.6875	False	8	8	2	8	1.0	1.0	1.0	1.0
grpo	7	15	0	0.0	saturated	0.6875	False	8	8	16	8	1.0	1.0	1.0	1.0
grpo	8	0	8	1.0	saturated	0.5625	False	8	8	2	8	1.0	1.0	1.0	1.0
grpo	8	1	8	1.0	saturated	0.5625	False	8	8	2	8	1.0	1.0	1.0	1.0
grpo	8	2	8	1.0	saturated	0.5625	False	8	8	2	8	1.0	1.0	1.0	1.0
grpo	8	3	5	0.625	mid	0.5625	False	8	8	16	8	0.0237	0.0237	0.0005	0.0237
grpo	8	4	8	1.0	saturated	0.5625	False	8	8	2	8	1.0	1.0	1.0	1.0
grpo	8	5	7	0.875	boundary	0.5625	False	8	8	4	8	0.3436	0.3436	0.5864	0.3436
grpo	8	6	8	1.0	saturated	0.5625	False	8	8	2	8	1.0	1.0	1.0	1.0
grpo	8	7	2	0.25	mid	0.5625	False	8	8	16	8	0.1001	0.1001	0.01	0.1001
grpo	8	8	8	1.0	saturated	0.5625	False	8	8	2	8	1.0	1.0	1.0	1.0
grpo	8	9	1	0.125	boundary	0.5625	False	8	8	16	8	0.3436	0.3436	0.1181	0.3436
grpo	8	10	8	1.0	saturated	0.5625	False	8	8	2	8	1.0	1.0	1.0	1.0
grpo	8	11	8	1.0	saturated	0.5625	False	8	8	2	8	1.0	1.0	1.0	1.0
grpo	8	12	1	0.125	boundary	0.5625	False	8	8	16	8	0.3436	0.3436	0.1181	0.3436
grpo	8	13	3	0.375	mid	0.5625	False	8	8	16	8	0.0237	0.0237	0.0005	0.0237
grpo	8	14	2	0.25	mid	0.5625	False	8	8	16	8	0.1001	0.1001	0.01	0.1001
grpo	8	15	8	1.0	saturated	0.5625	False	8	8	2	8	1.0	1.0	1.0	1.0
grpo	9	0	8	1.0	saturated	0.6875	False	8	8	2	8	1.0	1.0	1.0	1.0
grpo	9	1	8	1.0	saturated	0.6875	False	8	8	2	8	1.0	1.0	1.0	1.0
grpo	9	2	8	1.0	saturated	0.6875	False	8	8	2	8	1.0	1.0	1.0	1.0
grpo	9	3	6	0.75	mid	0.6875	False	8	8	8	8	0.1001	0.1001	0.1001	0.1001
grpo	9	4	8	1.0	saturated	0.6875	False	8	8	2	8	1.0	1.0	1.0	1.0
grpo	9	5	7	0.875	boundary	0.6875	False	8	8	4	8	0.3436	0.3436	0.5864	0.3436
grpo	9	6	8	1.0	saturated	0.6875	False	8	8	2	8	1.0	1.0	1.0	1.0
grpo	9	7	8	1.0	saturated	0.6875	False	8	8	2	8	1.0	1.0	1.0	1.0
grpo	9	8	5	0.625	mid	0.6875	False	8	8	16	8	0.0237	0.0237	0.0005	0.0237
grpo	9	9	8	1.0	saturated	0.6875	False	8	8	2	8	1.0	1.0	1.0	1.0
grpo	9	10	8	1.0	saturated	0.6875	False	8	8	2	8	1.0	1.0	1.0	1.0
grpo	9	11	1	0.125	boundary	0.6875	False	8	8	16	8	0.3436	0.3436	0.1181	0.3436
grpo	9	12	8	1.0	saturated	0.6875	False	8	8	2	8	1.0	1.0	1.0	1.0
grpo	9	13	8	1.0	saturated	0.6875	False	8	8	2	8	1.0	1.0	1.0	1.0
grpo	9	14	6	0.75	mid	0.6875	False	8	8	8	8	0.1001	0.1001	0.1001	0.1001
grpo	9	15	8	1.0	saturated	0.6875	False	8	8	2	8	1.0	1.0	1.0	1.0
grpo	10	0	8	1.0	saturated	0.6875	False	8	8	2	8	1.0	1.0	1.0	1.0
grpo	10	1	8	1.0	saturated	0.6875	False	8	8	2	8	1.0	1.0	1.0	1.0
grpo	10	2	8	1.0	saturated	0.6875	False	8	8	2	8	1.0	1.0	1.0	1.0
grpo	10	3	8	1.0	saturated	0.6875	False	8	8	2	8	1.0	1.0	1.0	1.0
grpo	10	4	7	0.875	boundary	0.6875	False	8	8	4	8	0.3436	0.3436	0.5864	0.3436
grpo	10	5	8	1.0	saturated	0.6875	False	8	8	2	8	1.0	1.0	1.0	1.0
grpo	10	6	8	1.0	saturated	0.6875	False	8	8	2	8	1.0	1.0	1.0	1.0
grpo	10	7	3	0.375	mid	0.6875	False	8	8	16	8	0.0237	0.0237	0.0005	0.0237
grpo	10	8	7	0.875	boundary	0.6875	False	8	8	4	8	0.3436	0.3436	0.5864	0.3436
grpo	10	9	2	0.25	mid	0.6875	False	8	8	16	8	0.1001	0.1001	0.01	0.1001
grpo	10	10	8	1.0	saturated	0.6875	False	8	8	2	8	1.0	1.0	1.0	1.0
grpo	10	11	8	1.0	saturated	0.6875	False	8	8	2	8	1.0	1.0	1.0	1.0
grpo	10	12	8	1.0	saturated	0.6875	False	8	8	2	8	1.0	1.0	1.0	1.0
grpo	10	13	8	1.0	saturated	0.6875	False	8	8	2	8	1.0	1.0	1.0	1.0
grpo	10	14	6	0.75	mid	0.6875	False	8	8	8	8	0.1001	0.1001	0.1001	0.1001
grpo	10	15	8	1.0	saturated	0.6875	False	8	8	2	8	1.0	1.0	1.0	1.0
grpo	11	0	8	1.0	saturated	0.6875	False	8	8	2	8	1.0	1.0	1.0	1.0
grpo	11	1	0	0.0	saturated	0.6875	False	8	8	16	8	1.0	1.0	1.0	1.0
grpo	11	2	8	1.0	saturated	0.6875	False	8	8	2	8	1.0	1.0	1.0	1.0
grpo	11	3	8	1.0	saturated	0.6875	False	8	8	2	8	1.0	1.0	1.0	1.0
grpo	11	4	8	1.0	saturated	0.6875	False	8	8	2	8	1.0	1.0	1.0	1.0
grpo	11	5	4	0.5	mid	0.6875	False	8	8	16	8	0.0078	0.0078	0.0	0.0078
grpo	11	6	8	1.0	saturated	0.6875	False	8	8	2	8	1.0	1.0	1.0	1.0
grpo	11	7	6	0.75	mid	0.6875	False	8	8	8	8	0.1001	0.1001	0.1001	0.1001
grpo	11	8	7	0.875	boundary	0.6875	False	8	8	4	8	0.3436	0.3436	0.5864	0.3436
grpo	11	9	4	0.5	mid	0.6875	False	8	8	16	8	0.0078	0.0078	0.0	0.0078
grpo	11	10	8	1.0	saturated	0.6875	False	8	8	2	8	1.0	1.0	1.0	1.0
grpo	11	11	8	1.0	saturated	0.6875	False	8	8	2	8	1.0	1.0	1.0	1.0
grpo	11	12	0	0.0	saturated	0.6875	False	8	8	16	8	1.0	1.0	1.0	1.0
grpo	11	13	0	0.0	saturated	0.6875	False	8	8	16	8	1.0	1.0	1.0	1.0
grpo	11	14	7	0.875	boundary	0.6875	False	8	8	4	8	0.3436	0.3436	0.5864	0.3436
grpo	11	15	8	1.0	saturated	0.6875	False	8	8	2	8	1.0	1.0	1.0	1.0
grpo	12	0	8	1.0	saturated	0.8125	False	8	16	2	16	1.0	1.0	1.0	1.0
grpo	12	1	8	1.0	saturated	0.8125	False	8	16	2	16	1.0	1.0	1.0	1.0
grpo	12	2	6	0.75	mid	0.8125	False	8	16	8	16	0.1001	0.01	0.1001	0.01
grpo	12	3	8	1.0	saturated	0.8125	False	8	16	2	16	1.0	1.0	1.0	1.0
grpo	12	4	8	1.0	saturated	0.8125	False	8	16	2	16	1.0	1.0	1.0	1.0
grpo	12	5	8	1.0	saturated	0.8125	False	8	16	2	16	1.0	1.0	1.0	1.0
grpo	12	6	8	1.0	saturated	0.8125	False	8	16	2	16	1.0	1.0	1.0	1.0
grpo	12	7	8	1.0	saturated	0.8125	False	8	16	2	16	1.0	1.0	1.0	1.0
grpo	12	8	8	1.0	saturated	0.8125	False	8	16	2	16	1.0	1.0	1.0	1.0
grpo	12	9	8	1.0	saturated	0.8125	False	8	16	2	16	1.0	1.0	1.0	1.0
grpo	12	10	5	0.625	mid	0.8125	False	8	16	16	16	0.0237	0.0005	0.0005	0.0005
grpo	12	11	6	0.75	mid	0.8125	False	8	16	8	16	0.1001	0.01	0.1001	0.01
grpo	12	12	8	1.0	saturated	0.8125	False	8	16	2	16	1.0	1.0	1.0	1.0
grpo	12	13	8	1.0	saturated	0.8125	False	8	16	2	16	1.0	1.0	1.0	1.0
grpo	12	14	8	1.0	saturated	0.8125	False	8	16	2	16	1.0	1.0	1.0	1.0
grpo	12	15	8	1.0	saturated	0.8125	False	8	16	2	16	1.0	1.0	1.0	1.0
grpo	13	0	8	1.0	saturated	0.5625	False	8	8	2	8	1.0	1.0	1.0	1.0
grpo	13	1	8	1.0	saturated	0.5625	False	8	8	2	8	1.0	1.0	1.0	1.0
grpo	13	2	7	0.875	boundary	0.5625	False	8	8	4	8	0.3436	0.3436	0.5864	0.3436
grpo	13	3	8	1.0	saturated	0.5625	False	8	8	2	8	1.0	1.0	1.0	1.0
grpo	13	4	8	1.0	saturated	0.5625	False	8	8	2	8	1.0	1.0	1.0	1.0
grpo	13	5	7	0.875	boundary	0.5625	False	8	8	4	8	0.3436	0.3436	0.5864	0.3436
grpo	13	6	8	1.0	saturated	0.5625	False	8	8	2	8	1.0	1.0	1.0	1.0
grpo	13	7	8	1.0	saturated	0.5625	False	8	8	2	8	1.0	1.0	1.0	1.0
grpo	13	8	2	0.25	mid	0.5625	False	8	8	16	8	0.1001	0.1001	0.01	0.1001
grpo	13	9	8	1.0	saturated	0.5625	False	8	8	2	8	1.0	1.0	1.0	1.0
grpo	13	10	7	0.875	boundary	0.5625	False	8	8	4	8	0.3436	0.3436	0.5864	0.3436
grpo	13	11	5	0.625	mid	0.5625	False	8	8	16	8	0.0237	0.0237	0.0005	0.0237
grpo	13	12	4	0.5	mid	0.5625	False	8	8	16	8	0.0078	0.0078	0.0	0.0078
grpo	13	13	0	0.0	saturated	0.5625	False	8	8	16	8	1.0	1.0	1.0	1.0
grpo	13	14	0	0.0	saturated	0.5625	False	8	8	16	8	1.0	1.0	1.0	1.0
grpo	13	15	7	0.875	boundary	0.5625	False	8	8	4	8	0.3436	0.3436	0.5864	0.3436
grpo	14	0	6	0.75	mid	0.75	False	8	16	8	16	0.1001	0.01	0.1001	0.01
grpo	14	1	8	1.0	saturated	0.75	False	8	16	2	16	1.0	1.0	1.0	1.0
grpo	14	2	8	1.0	saturated	0.75	False	8	16	2	16	1.0	1.0	1.0	1.0
grpo	14	3	8	1.0	saturated	0.75	False	8	16	2	16	1.0	1.0	1.0	1.0
grpo	14	4	8	1.0	saturated	0.75	False	8	16	2	16	1.0	1.0	1.0	1.0
grpo	14	5	8	1.0	saturated	0.75	False	8	16	2	16	1.0	1.0	1.0	1.0
grpo	14	6	8	1.0	saturated	0.75	False	8	16	2	16	1.0	1.0	1.0	1.0
grpo	14	7	8	1.0	saturated	0.75	False	8	16	2	16	1.0	1.0	1.0	1.0
grpo	14	8	7	0.875	boundary	0.75	False	8	16	4	16	0.3436	0.1181	0.5864	0.1181
grpo	14	9	4	0.5	mid	0.75	False	8	16	16	16	0.0078	0.0	0.0	0.0
grpo	14	10	8	1.0	saturated	0.75	False	8	16	2	16	1.0	1.0	1.0	1.0
grpo	14	11	7	0.875	boundary	0.75	False	8	16	4	16	0.3436	0.1181	0.5864	0.1181
grpo	14	12	8	1.0	saturated	0.75	False	8	16	2	16	1.0	1.0	1.0	1.0
grpo	14	13	8	1.0	saturated	0.75	False	8	16	2	16	1.0	1.0	1.0	1.0
grpo	14	14	0	0.0	saturated	0.75	False	8	16	16	16	1.0	1.0	1.0	1.0
grpo	14	15	8	1.0	saturated	0.75	False	8	16	2	16	1.0	1.0	1.0	1.0
grpo	15	0	8	1.0	saturated	0.75	False	8	16	2	16	1.0	1.0	1.0	1.0
grpo	15	1	5	0.625	mid	0.75	False	8	16	16	16	0.0237	0.0005	0.0005	0.0005
grpo	15	2	8	1.0	saturated	0.75	False	8	16	2	16	1.0	1.0	1.0	1.0
grpo	15	3	8	1.0	saturated	0.75	False	8	16	2	16	1.0	1.0	1.0	1.0
grpo	15	4	1	0.125	boundary	0.75	False	8	16	16	16	0.3436	0.1181	0.1181	0.1181
grpo	15	5	8	1.0	saturated	0.75	False	8	16	2	16	1.0	1.0	1.0	1.0
grpo	15	6	3	0.375	mid	0.75	False	8	16	16	16	0.0237	0.0005	0.0005	0.0005
grpo	15	7	8	1.0	saturated	0.75	False	8	16	2	16	1.0	1.0	1.0	1.0
grpo	15	8	8	1.0	saturated	0.75	False	8	16	2	16	1.0	1.0	1.0	1.0
grpo	15	9	8	1.0	saturated	0.75	False	8	16	2	16	1.0	1.0	1.0	1.0
grpo	15	10	4	0.5	mid	0.75	False	8	16	16	16	0.0078	0.0	0.0	0.0
grpo	15	11	8	1.0	saturated	0.75	False	8	16	2	16	1.0	1.0	1.0	1.0
grpo	15	12	8	1.0	saturated	0.75	False	8	16	2	16	1.0	1.0	1.0	1.0
grpo	15	13	8	1.0	saturated	0.75	False	8	16	2	16	1.0	1.0	1.0	1.0
grpo	15	14	8	1.0	saturated	0.75	False	8	16	2	16	1.0	1.0	1.0	1.0
grpo	15	15	8	1.0	saturated	0.75	False	8	16	2	16	1.0	1.0	1.0	1.0
grpo	16	0	8	1.0	saturated	0.625	False	8	8	2	8	1.0	1.0	1.0	1.0
grpo	16	1	8	1.0	saturated	0.625	False	8	8	2	8	1.0	1.0	1.0	1.0
grpo	16	2	0	0.0	saturated	0.625	False	8	8	16	8	1.0	1.0	1.0	1.0
grpo	16	3	0	0.0	saturated	0.625	False	8	8	16	8	1.0	1.0	1.0	1.0
grpo	16	4	8	1.0	saturated	0.625	False	8	8	2	8	1.0	1.0	1.0	1.0
grpo	16	5	8	1.0	saturated	0.625	False	8	8	2	8	1.0	1.0	1.0	1.0
grpo	16	6	8	1.0	saturated	0.625	False	8	8	2	8	1.0	1.0	1.0	1.0
grpo	16	7	5	0.625	mid	0.625	False	8	8	16	8	0.0237	0.0237	0.0005	0.0237
grpo	16	8	2	0.25	mid	0.625	False	8	8	16	8	0.1001	0.1001	0.01	0.1001
grpo	16	9	7	0.875	boundary	0.625	False	8	8	4	8	0.3436	0.3436	0.5864	0.3436
grpo	16	10	8	1.0	saturated	0.625	False	8	8	2	8	1.0	1.0	1.0	1.0
grpo	16	11	5	0.625	mid	0.625	False	8	8	16	8	0.0237	0.0237	0.0005	0.0237
grpo	16	12	8	1.0	saturated	0.625	False	8	8	2	8	1.0	1.0	1.0	1.0
grpo	16	13	6	0.75	mid	0.625	False	8	8	8	8	0.1001	0.1001	0.1001	0.1001
grpo	16	14	5	0.625	mid	0.625	False	8	8	16	8	0.0237	0.0237	0.0005	0.0237
grpo	16	15	8	1.0	saturated	0.625	False	8	8	2	8	1.0	1.0	1.0	1.0
grpo	17	0	8	1.0	saturated	0.5	False	8	8	2	8	1.0	1.0	1.0	1.0
grpo	17	1	7	0.875	boundary	0.5	False	8	8	4	8	0.3436	0.3436	0.5864	0.3436
grpo	17	2	8	1.0	saturated	0.5	False	8	8	2	8	1.0	1.0	1.0	1.0
grpo	17	3	8	1.0	saturated	0.5	False	8	8	2	8	1.0	1.0	1.0	1.0
grpo	17	4	8	1.0	saturated	0.5	False	8	8	2	8	1.0	1.0	1.0	1.0
grpo	17	5	8	1.0	saturated	0.5	False	8	8	2	8	1.0	1.0	1.0	1.0
grpo	17	6	8	1.0	saturated	0.5	False	8	8	2	8	1.0	1.0	1.0	1.0
grpo	17	7	5	0.625	mid	0.5	False	8	8	16	8	0.0237	0.0237	0.0005	0.0237
grpo	17	8	6	0.75	mid	0.5	False	8	8	8	8	0.1001	0.1001	0.1001	0.1001
grpo	17	9	2	0.25	mid	0.5	False	8	8	16	8	0.1001	0.1001	0.01	0.1001
grpo	17	10	6	0.75	mid	0.5	False	8	8	8	8	0.1001	0.1001	0.1001	0.1001
grpo	17	11	8	1.0	saturated	0.5	False	8	8	2	8	1.0	1.0	1.0	1.0
grpo	17	12	8	1.0	saturated	0.5	False	8	8	2	8	1.0	1.0	1.0	1.0
grpo	17	13	4	0.5	mid	0.5	False	8	8	16	8	0.0078	0.0078	0.0	0.0078
grpo	17	14	7	0.875	boundary	0.5	False	8	8	4	8	0.3436	0.3436	0.5864	0.3436
grpo	17	15	7	0.875	boundary	0.5	False	8	8	4	8	0.3436	0.3436	0.5864	0.3436
grpo	18	0	4	0.5	mid	0.5625	False	8	8	16	8	0.0078	0.0078	0.0	0.0078
grpo	18	1	5	0.625	mid	0.5625	False	8	8	16	8	0.0237	0.0237	0.0005	0.0237
grpo	18	2	8	1.0	saturated	0.5625	False	8	8	2	8	1.0	1.0	1.0	1.0
grpo	18	3	3	0.375	mid	0.5625	False	8	8	16	8	0.0237	0.0237	0.0005	0.0237
grpo	18	4	6	0.75	mid	0.5625	False	8	8	8	8	0.1001	0.1001	0.1001	0.1001
grpo	18	5	0	0.0	saturated	0.5625	False	8	8	16	8	1.0	1.0	1.0	1.0
grpo	18	6	8	1.0	saturated	0.5625	False	8	8	2	8	1.0	1.0	1.0	1.0
grpo	18	7	8	1.0	saturated	0.5625	False	8	8	2	8	1.0	1.0	1.0	1.0
grpo	18	8	0	0.0	saturated	0.5625	False	8	8	16	8	1.0	1.0	1.0	1.0
grpo	18	9	8	1.0	saturated	0.5625	False	8	8	2	8	1.0	1.0	1.0	1.0
grpo	18	10	5	0.625	mid	0.5625	False	8	8	16	8	0.0237	0.0237	0.0005	0.0237
grpo	18	11	6	0.75	mid	0.5625	False	8	8	8	8	0.1001	0.1001	0.1001	0.1001
grpo	18	12	8	1.0	saturated	0.5625	False	8	8	2	8	1.0	1.0	1.0	1.0
grpo	18	13	6	0.75	mid	0.5625	False	8	8	8	8	0.1001	0.1001	0.1001	0.1001
grpo	18	14	0	0.0	saturated	0.5625	False	8	8	16	8	1.0	1.0	1.0	1.0
grpo	18	15	8	1.0	saturated	0.5625	False	8	8	2	8	1.0	1.0	1.0	1.0
grpo	19	0	8	1.0	saturated	0.625	False	8	8	2	8	1.0	1.0	1.0	1.0
grpo	19	1	7	0.875	boundary	0.625	False	8	8	4	8	0.3436	0.3436	0.5864	0.3436
grpo	19	2	8	1.0	saturated	0.625	False	8	8	2	8	1.0	1.0	1.0	1.0
grpo	19	3	8	1.0	saturated	0.625	False	8	8	2	8	1.0	1.0	1.0	1.0
grpo	19	4	8	1.0	saturated	0.625	False	8	8	2	8	1.0	1.0	1.0	1.0
grpo	19	5	3	0.375	mid	0.625	False	8	8	16	8	0.0237	0.0237	0.0005	0.0237
grpo	19	6	8	1.0	saturated	0.625	False	8	8	2	8	1.0	1.0	1.0	1.0
grpo	19	7	0	0.0	saturated	0.625	False	8	8	16	8	1.0	1.0	1.0	1.0
grpo	19	8	7	0.875	boundary	0.625	False	8	8	4	8	0.3436	0.3436	0.5864	0.3436
grpo	19	9	8	1.0	saturated	0.625	False	8	8	2	8	1.0	1.0	1.0	1.0
grpo	19	10	7	0.875	boundary	0.625	False	8	8	4	8	0.3436	0.3436	0.5864	0.3436
grpo	19	11	8	1.0	saturated	0.625	False	8	8	2	8	1.0	1.0	1.0	1.0
grpo	19	12	8	1.0	saturated	0.625	False	8	8	2	8	1.0	1.0	1.0	1.0
grpo	19	13	3	0.375	mid	0.625	False	8	8	16	8	0.0237	0.0237	0.0005	0.0237
grpo	19	14	1	0.125	boundary	0.625	False	8	8	16	8	0.3436	0.3436	0.1181	0.3436
grpo	19	15	8	1.0	saturated	0.625	False	8	8	2	8	1.0	1.0	1.0	1.0
grpo	20	0	8	1.0	saturated	0.625	False	8	8	2	8	1.0	1.0	1.0	1.0
grpo	20	1	8	1.0	saturated	0.625	False	8	8	2	8	1.0	1.0	1.0	1.0
grpo	20	2	8	1.0	saturated	0.625	False	8	8	2	8	1.0	1.0	1.0	1.0
grpo	20	3	8	1.0	saturated	0.625	False	8	8	2	8	1.0	1.0	1.0	1.0
grpo	20	4	8	1.0	saturated	0.625	False	8	8	2	8	1.0	1.0	1.0	1.0
grpo	20	5	7	0.875	boundary	0.625	False	8	8	4	8	0.3436	0.3436	0.5864	0.3436
grpo	20	6	8	1.0	saturated	0.625	False	8	8	2	8	1.0	1.0	1.0	1.0
grpo	20	7	8	1.0	saturated	0.625	False	8	8	2	8	1.0	1.0	1.0	1.0
grpo	20	8	8	1.0	saturated	0.625	False	8	8	2	8	1.0	1.0	1.0	1.0
grpo	20	9	8	1.0	saturated	0.625	False	8	8	2	8	1.0	1.0	1.0	1.0
grpo	20	10	4	0.5	mid	0.625	False	8	8	16	8	0.0078	0.0078	0.0	0.0078
grpo	20	11	6	0.75	mid	0.625	False	8	8	8	8	0.1001	0.1001	0.1001	0.1001
grpo	20	12	2	0.25	mid	0.625	False	8	8	16	8	0.1001	0.1001	0.01	0.1001
grpo	20	13	8	1.0	saturated	0.625	False	8	8	2	8	1.0	1.0	1.0	1.0
grpo	20	14	2	0.25	mid	0.625	False	8	8	16	8	0.1001	0.1001	0.01	0.1001
grpo	20	15	5	0.625	mid	0.625	False	8	8	16	8	0.0237	0.0237	0.0005	0.0237
grpo	21	0	7	0.875	boundary	0.75	False	8	16	4	16	0.3436	0.1181	0.5864	0.1181
grpo	21	1	8	1.0	saturated	0.75	False	8	16	2	16	1.0	1.0	1.0	1.0
grpo	21	2	8	1.0	saturated	0.75	False	8	16	2	16	1.0	1.0	1.0	1.0
grpo	21	3	8	1.0	saturated	0.75	False	8	16	2	16	1.0	1.0	1.0	1.0
grpo	21	4	8	1.0	saturated	0.75	False	8	16	2	16	1.0	1.0	1.0	1.0
grpo	21	5	8	1.0	saturated	0.75	False	8	16	2	16	1.0	1.0	1.0	1.0
grpo	21	6	8	1.0	saturated	0.75	False	8	16	2	16	1.0	1.0	1.0	1.0
grpo	21	7	3	0.375	mid	0.75	False	8	16	16	16	0.0237	0.0005	0.0005	0.0005
grpo	21	8	8	1.0	saturated	0.75	False	8	16	2	16	1.0	1.0	1.0	1.0
grpo	21	9	8	1.0	saturated	0.75	False	8	16	2	16	1.0	1.0	1.0	1.0
grpo	21	10	8	1.0	saturated	0.75	False	8	16	2	16	1.0	1.0	1.0	1.0
grpo	21	11	0	0.0	saturated	0.75	False	8	16	16	16	1.0	1.0	1.0	1.0
grpo	21	12	5	0.625	mid	0.75	False	8	16	16	16	0.0237	0.0005	0.0005	0.0005
grpo	21	13	8	1.0	saturated	0.75	False	8	16	2	16	1.0	1.0	1.0	1.0
grpo	21	14	7	0.875	boundary	0.75	False	8	16	4	16	0.3436	0.1181	0.5864	0.1181
grpo	21	15	8	1.0	saturated	0.75	False	8	16	2	16	1.0	1.0	1.0	1.0
grpo	22	0	8	1.0	saturated	0.75	False	8	16	2	16	1.0	1.0	1.0	1.0
grpo	22	1	6	0.75	mid	0.75	False	8	16	8	16	0.1001	0.01	0.1001	0.01
grpo	22	2	8	1.0	saturated	0.75	False	8	16	2	16	1.0	1.0	1.0	1.0
grpo	22	3	5	0.625	mid	0.75	False	8	16	16	16	0.0237	0.0005	0.0005	0.0005
grpo	22	4	5	0.625	mid	0.75	False	8	16	16	16	0.0237	0.0005	0.0005	0.0005
grpo	22	5	8	1.0	saturated	0.75	False	8	16	2	16	1.0	1.0	1.0	1.0
grpo	22	6	8	1.0	saturated	0.75	False	8	16	2	16	1.0	1.0	1.0	1.0
grpo	22	7	8	1.0	saturated	0.75	False	8	16	2	16	1.0	1.0	1.0	1.0
grpo	22	8	1	0.125	boundary	0.75	False	8	16	16	16	0.3436	0.1181	0.1181	0.1181
grpo	22	9	8	1.0	saturated	0.75	False	8	16	2	16	1.0	1.0	1.0	1.0
grpo	22	10	8	1.0	saturated	0.75	False	8	16	2	16	1.0	1.0	1.0	1.0
grpo	22	11	8	1.0	saturated	0.75	False	8	16	2	16	1.0	1.0	1.0	1.0
grpo	22	12	8	1.0	saturated	0.75	False	8	16	2	16	1.0	1.0	1.0	1.0
grpo	22	13	8	1.0	saturated	0.75	False	8	16	2	16	1.0	1.0	1.0	1.0
grpo	22	14	8	1.0	saturated	0.75	False	8	16	2	16	1.0	1.0	1.0	1.0
grpo	22	15	8	1.0	saturated	0.75	False	8	16	2	16	1.0	1.0	1.0	1.0
grpo	23	0	8	1.0	saturated	0.875	False	8	16	2	16	1.0	1.0	1.0	1.0
grpo	23	1	8	1.0	saturated	0.875	False	8	16	2	16	1.0	1.0	1.0	1.0
grpo	23	2	8	1.0	saturated	0.875	False	8	16	2	16	1.0	1.0	1.0	1.0
grpo	23	3	8	1.0	saturated	0.875	False	8	16	2	16	1.0	1.0	1.0	1.0
grpo	23	4	8	1.0	saturated	0.875	False	8	16	2	16	1.0	1.0	1.0	1.0
grpo	23	5	8	1.0	saturated	0.875	False	8	16	2	16	1.0	1.0	1.0	1.0
grpo	23	6	2	0.25	mid	0.875	False	8	16	16	16	0.1001	0.01	0.01	0.01
grpo	23	7	8	1.0	saturated	0.875	False	8	16	2	16	1.0	1.0	1.0	1.0
grpo	23	8	8	1.0	saturated	0.875	False	8	16	2	16	1.0	1.0	1.0	1.0
grpo	23	9	8	1.0	saturated	0.875	False	8	16	2	16	1.0	1.0	1.0	1.0
grpo	23	10	7	0.875	boundary	0.875	False	8	16	4	16	0.3436	0.1181	0.5864	0.1181
grpo	23	11	8	1.0	saturated	0.875	False	8	16	2	16	1.0	1.0	1.0	1.0
grpo	23	12	8	1.0	saturated	0.875	False	8	16	2	16	1.0	1.0	1.0	1.0
grpo	23	13	8	1.0	saturated	0.875	False	8	16	2	16	1.0	1.0	1.0	1.0
grpo	23	14	8	1.0	saturated	0.875	False	8	16	2	16	1.0	1.0	1.0	1.0
grpo	23	15	0	0.0	saturated	0.875	False	8	16	16	16	1.0	1.0	1.0	1.0
grpo	24	0	7	0.875	boundary	0.8125	False	8	16	4	16	0.3436	0.1181	0.5864	0.1181
grpo	24	1	8	1.0	saturated	0.8125	False	8	16	2	16	1.0	1.0	1.0	1.0
grpo	24	2	8	1.0	saturated	0.8125	False	8	16	2	16	1.0	1.0	1.0	1.0
grpo	24	3	8	1.0	saturated	0.8125	False	8	16	2	16	1.0	1.0	1.0	1.0
grpo	24	4	1	0.125	boundary	0.8125	False	8	16	16	16	0.3436	0.1181	0.1181	0.1181
grpo	24	5	8	1.0	saturated	0.8125	False	8	16	2	16	1.0	1.0	1.0	1.0
grpo	24	6	8	1.0	saturated	0.8125	False	8	16	2	16	1.0	1.0	1.0	1.0
grpo	24	7	8	1.0	saturated	0.8125	False	8	16	2	16	1.0	1.0	1.0	1.0
grpo	24	8	8	1.0	saturated	0.8125	False	8	16	2	16	1.0	1.0	1.0	1.0
grpo	24	9	8	1.0	saturated	0.8125	False	8	16	2	16	1.0	1.0	1.0	1.0
grpo	24	10	8	1.0	saturated	0.8125	False	8	16	2	16	1.0	1.0	1.0	1.0
grpo	24	11	8	1.0	saturated	0.8125	False	8	16	2	16	1.0	1.0	1.0	1.0
grpo	24	12	7	0.875	boundary	0.8125	False	8	16	4	16	0.3436	0.1181	0.5864	0.1181
grpo	24	13	8	1.0	saturated	0.8125	False	8	16	2	16	1.0	1.0	1.0	1.0
grpo	24	14	8	1.0	saturated	0.8125	False	8	16	2	16	1.0	1.0	1.0	1.0
grpo	24	15	8	1.0	saturated	0.8125	False	8	16	2	16	1.0	1.0	1.0	1.0
grpo	25	0	8	1.0	saturated	0.5625	False	8	8	2	8	1.0	1.0	1.0	1.0
grpo	25	1	8	1.0	saturated	0.5625	False	8	8	2	8	1.0	1.0	1.0	1.0
grpo	25	2	4	0.5	mid	0.5625	False	8	8	16	8	0.0078	0.0078	0.0	0.0078
grpo	25	3	8	1.0	saturated	0.5625	False	8	8	2	8	1.0	1.0	1.0	1.0
grpo	25	4	8	1.0	saturated	0.5625	False	8	8	2	8	1.0	1.0	1.0	1.0
grpo	25	5	8	1.0	saturated	0.5625	False	8	8	2	8	1.0	1.0	1.0	1.0
grpo	25	6	2	0.25	mid	0.5625	False	8	8	16	8	0.1001	0.1001	0.01	0.1001
grpo	25	7	8	1.0	saturated	0.5625	False	8	8	2	8	1.0	1.0	1.0	1.0
grpo	25	8	8	1.0	saturated	0.5625	False	8	8	2	8	1.0	1.0	1.0	1.0
grpo	25	9	8	1.0	saturated	0.5625	False	8	8	2	8	1.0	1.0	1.0	1.0
grpo	25	10	5	0.625	mid	0.5625	False	8	8	16	8	0.0237	0.0237	0.0005	0.0237
grpo	25	11	8	1.0	saturated	0.5625	False	8	8	2	8	1.0	1.0	1.0	1.0
grpo	25	12	1	0.125	boundary	0.5625	False	8	8	16	8	0.3436	0.3436	0.1181	0.3436
grpo	25	13	3	0.375	mid	0.5625	False	8	8	16	8	0.0237	0.0237	0.0005	0.0237
grpo	25	14	7	0.875	boundary	0.5625	False	8	8	4	8	0.3436	0.3436	0.5864	0.3436
grpo	25	15	7	0.875	boundary	0.5625	False	8	8	4	8	0.3436	0.3436	0.5864	0.3436
grpo	26	0	8	1.0	saturated	0.8125	False	8	16	2	16	1.0	1.0	1.0	1.0
grpo	26	1	8	1.0	saturated	0.8125	False	8	16	2	16	1.0	1.0	1.0	1.0
grpo	26	2	8	1.0	saturated	0.8125	False	8	16	2	16	1.0	1.0	1.0	1.0
grpo	26	3	0	0.0	saturated	0.8125	False	8	16	16	16	1.0	1.0	1.0	1.0
grpo	26	4	7	0.875	boundary	0.8125	False	8	16	4	16	0.3436	0.1181	0.5864	0.1181
grpo	26	5	2	0.25	mid	0.8125	False	8	16	16	16	0.1001	0.01	0.01	0.01
grpo	26	6	8	1.0	saturated	0.8125	False	8	16	2	16	1.0	1.0	1.0	1.0
grpo	26	7	7	0.875	boundary	0.8125	False	8	16	4	16	0.3436	0.1181	0.5864	0.1181
grpo	26	8	8	1.0	saturated	0.8125	False	8	16	2	16	1.0	1.0	1.0	1.0
grpo	26	9	8	1.0	saturated	0.8125	False	8	16	2	16	1.0	1.0	1.0	1.0
grpo	26	10	8	1.0	saturated	0.8125	False	8	16	2	16	1.0	1.0	1.0	1.0
grpo	26	11	8	1.0	saturated	0.8125	False	8	16	2	16	1.0	1.0	1.0	1.0
grpo	26	12	8	1.0	saturated	0.8125	False	8	16	2	16	1.0	1.0	1.0	1.0
grpo	26	13	8	1.0	saturated	0.8125	False	8	16	2	16	1.0	1.0	1.0	1.0
grpo	26	14	8	1.0	saturated	0.8125	False	8	16	2	16	1.0	1.0	1.0	1.0
grpo	26	15	8	1.0	saturated	0.8125	False	8	16	2	16	1.0	1.0	1.0	1.0
grpo	27	0	8	1.0	saturated	0.9375	True	8	16	2	4	1.0	1.0	1.0	1.0
grpo	27	1	8	1.0	saturated	0.9375	True	8	16	2	4	1.0	1.0	1.0	1.0
grpo	27	2	8	1.0	saturated	0.9375	True	8	16	2	4	1.0	1.0	1.0	1.0
grpo	27	3	8	1.0	saturated	0.9375	True	8	16	2	4	1.0	1.0	1.0	1.0
grpo	27	4	8	1.0	saturated	0.9375	True	8	16	2	4	1.0	1.0	1.0	1.0
grpo	27	5	8	1.0	saturated	0.9375	True	8	16	2	4	1.0	1.0	1.0	1.0
grpo	27	6	8	1.0	saturated	0.9375	True	8	16	2	4	1.0	1.0	1.0	1.0
grpo	27	7	8	1.0	saturated	0.9375	True	8	16	2	4	1.0	1.0	1.0	1.0
grpo	27	8	8	1.0	saturated	0.9375	True	8	16	2	4	1.0	1.0	1.0	1.0
grpo	27	9	8	1.0	saturated	0.9375	True	8	16	2	4	1.0	1.0	1.0	1.0
grpo	27	10	8	1.0	saturated	0.9375	True	8	16	2	4	1.0	1.0	1.0	1.0
grpo	27	11	8	1.0	saturated	0.9375	True	8	16	2	4	1.0	1.0	1.0	1.0
grpo	27	12	8	1.0	saturated	0.9375	True	8	16	2	4	1.0	1.0	1.0	1.0
grpo	27	13	8	1.0	saturated	0.9375	True	8	16	2	4	1.0	1.0	1.0	1.0
grpo	27	14	4	0.5	mid	0.9375	True	8	16	16	4	0.0078	0.0	0.0	0.125
grpo	27	15	8	1.0	saturated	0.9375	True	8	16	2	4	1.0	1.0	1.0	1.0
grpo	28	0	7	0.875	boundary	0.8125	False	8	16	4	16	0.3436	0.1181	0.5864	0.1181
grpo	28	1	8	1.0	saturated	0.8125	False	8	16	2	16	1.0	1.0	1.0	1.0
grpo	28	2	8	1.0	saturated	0.8125	False	8	16	2	16	1.0	1.0	1.0	1.0
grpo	28	3	8	1.0	saturated	0.8125	False	8	16	2	16	1.0	1.0	1.0	1.0
grpo	28	4	8	1.0	saturated	0.8125	False	8	16	2	16	1.0	1.0	1.0	1.0
grpo	28	5	8	1.0	saturated	0.8125	False	8	16	2	16	1.0	1.0	1.0	1.0
grpo	28	6	8	1.0	saturated	0.8125	False	8	16	2	16	1.0	1.0	1.0	1.0
grpo	28	7	8	1.0	saturated	0.8125	False	8	16	2	16	1.0	1.0	1.0	1.0
grpo	28	8	8	1.0	saturated	0.8125	False	8	16	2	16	1.0	1.0	1.0	1.0
grpo	28	9	8	1.0	saturated	0.8125	False	8	16	2	16	1.0	1.0	1.0	1.0
grpo	28	10	8	1.0	saturated	0.8125	False	8	16	2	16	1.0	1.0	1.0	1.0
grpo	28	11	8	1.0	saturated	0.8125	False	8	16	2	16	1.0	1.0	1.0	1.0
grpo	28	12	7	0.875	boundary	0.8125	False	8	16	4	16	0.3436	0.1181	0.5864	0.1181
grpo	28	13	0	0.0	saturated	0.8125	False	8	16	16	16	1.0	1.0	1.0	1.0
grpo	28	14	5	0.625	mid	0.8125	False	8	16	16	16	0.0237	0.0005	0.0005	0.0005
grpo	28	15	8	1.0	saturated	0.8125	False	8	16	2	16	1.0	1.0	1.0	1.0
grpo	29	0	8	1.0	saturated	0.8125	False	8	16	2	16	1.0	1.0	1.0	1.0
grpo	29	1	8	1.0	saturated	0.8125	False	8	16	2	16	1.0	1.0	1.0	1.0
grpo	29	2	8	1.0	saturated	0.8125	False	8	16	2	16	1.0	1.0	1.0	1.0
grpo	29	3	8	1.0	saturated	0.8125	False	8	16	2	16	1.0	1.0	1.0	1.0
grpo	29	4	4	0.5	mid	0.8125	False	8	16	16	16	0.0078	0.0	0.0	0.0
grpo	29	5	8	1.0	saturated	0.8125	False	8	16	2	16	1.0	1.0	1.0	1.0
grpo	29	6	8	1.0	saturated	0.8125	False	8	16	2	16	1.0	1.0	1.0	1.0
grpo	29	7	8	1.0	saturated	0.8125	False	8	16	2	16	1.0	1.0	1.0	1.0
grpo	29	8	8	1.0	saturated	0.8125	False	8	16	2	16	1.0	1.0	1.0	1.0
grpo	29	9	7	0.875	boundary	0.8125	False	8	16	4	16	0.3436	0.1181	0.5864	0.1181
grpo	29	10	8	1.0	saturated	0.8125	False	8	16	2	16	1.0	1.0	1.0	1.0
grpo	29	11	8	1.0	saturated	0.8125	False	8	16	2	16	1.0	1.0	1.0	1.0
grpo	29	12	8	1.0	saturated	0.8125	False	8	16	2	16	1.0	1.0	1.0	1.0
grpo	29	13	7	0.875	boundary	0.8125	False	8	16	4	16	0.3436	0.1181	0.5864	0.1181
grpo	29	14	8	1.0	saturated	0.8125	False	8	16	2	16	1.0	1.0	1.0	1.0
grpo	29	15	8	1.0	saturated	0.8125	False	8	16	2	16	1.0	1.0	1.0	1.0
grpo	30	0	8	1.0	saturated	0.8125	False	8	16	2	16	1.0	1.0	1.0	1.0
grpo	30	1	8	1.0	saturated	0.8125	False	8	16	2	16	1.0	1.0	1.0	1.0
grpo	30	2	8	1.0	saturated	0.8125	False	8	16	2	16	1.0	1.0	1.0	1.0
grpo	30	3	8	1.0	saturated	0.8125	False	8	16	2	16	1.0	1.0	1.0	1.0
grpo	30	4	8	1.0	saturated	0.8125	False	8	16	2	16	1.0	1.0	1.0	1.0
grpo	30	5	8	1.0	saturated	0.8125	False	8	16	2	16	1.0	1.0	1.0	1.0
grpo	30	6	8	1.0	saturated	0.8125	False	8	16	2	16	1.0	1.0	1.0	1.0
grpo	30	7	8	1.0	saturated	0.8125	False	8	16	2	16	1.0	1.0	1.0	1.0
grpo	30	8	8	1.0	saturated	0.8125	False	8	16	2	16	1.0	1.0	1.0	1.0
grpo	30	9	8	1.0	saturated	0.8125	False	8	16	2	16	1.0	1.0	1.0	1.0
grpo	30	10	7	0.875	boundary	0.8125	False	8	16	4	16	0.3436	0.1181	0.5864	0.1181
grpo	30	11	8	1.0	saturated	0.8125	False	8	16	2	16	1.0	1.0	1.0	1.0
grpo	30	12	8	1.0	saturated	0.8125	False	8	16	2	16	1.0	1.0	1.0	1.0
grpo	30	13	7	0.875	boundary	0.8125	False	8	16	4	16	0.3436	0.1181	0.5864	0.1181
grpo	30	14	8	1.0	saturated	0.8125	False	8	16	2	16	1.0	1.0	1.0	1.0
grpo	30	15	2	0.25	mid	0.8125	False	8	16	16	16	0.1001	0.01	0.01	0.01
grpo	31	0	8	1.0	saturated	0.75	False	8	16	2	16	1.0	1.0	1.0	1.0
grpo	31	1	1	0.125	boundary	0.75	False	8	16	16	16	0.3436	0.1181	0.1181	0.1181
grpo	31	2	7	0.875	boundary	0.75	False	8	16	4	16	0.3436	0.1181	0.5864	0.1181
grpo	31	3	8	1.0	saturated	0.75	False	8	16	2	16	1.0	1.0	1.0	1.0
grpo	31	4	8	1.0	saturated	0.75	False	8	16	2	16	1.0	1.0	1.0	1.0
grpo	31	5	8	1.0	saturated	0.75	False	8	16	2	16	1.0	1.0	1.0	1.0
grpo	31	6	8	1.0	saturated	0.75	False	8	16	2	16	1.0	1.0	1.0	1.0
grpo	31	7	8	1.0	saturated	0.75	False	8	16	2	16	1.0	1.0	1.0	1.0
grpo	31	8	8	1.0	saturated	0.75	False	8	16	2	16	1.0	1.0	1.0	1.0
grpo	31	9	8	1.0	saturated	0.75	False	8	16	2	16	1.0	1.0	1.0	1.0
grpo	31	10	8	1.0	saturated	0.75	False	8	16	2	16	1.0	1.0	1.0	1.0
grpo	31	11	8	1.0	saturated	0.75	False	8	16	2	16	1.0	1.0	1.0	1.0
grpo	31	12	7	0.875	boundary	0.75	False	8	16	4	16	0.3436	0.1181	0.5864	0.1181
grpo	31	13	6	0.75	mid	0.75	False	8	16	8	16	0.1001	0.01	0.1001	0.01
grpo	31	14	8	1.0	saturated	0.75	False	8	16	2	16	1.0	1.0	1.0	1.0
grpo	31	15	8	1.0	saturated	0.75	False	8	16	2	16	1.0	1.0	1.0	1.0
grpo	32	0	8	1.0	saturated	0.6875	False	8	8	2	8	1.0	1.0	1.0	1.0
grpo	32	1	6	0.75	mid	0.6875	False	8	8	8	8	0.1001	0.1001	0.1001	0.1001
grpo	32	2	8	1.0	saturated	0.6875	False	8	8	2	8	1.0	1.0	1.0	1.0
grpo	32	3	8	1.0	saturated	0.6875	False	8	8	2	8	1.0	1.0	1.0	1.0
grpo	32	4	8	1.0	saturated	0.6875	False	8	8	2	8	1.0	1.0	1.0	1.0
grpo	32	5	8	1.0	saturated	0.6875	False	8	8	2	8	1.0	1.0	1.0	1.0
grpo	32	6	8	1.0	saturated	0.6875	False	8	8	2	8	1.0	1.0	1.0	1.0
grpo	32	7	8	1.0	saturated	0.6875	False	8	8	2	8	1.0	1.0	1.0	1.0
grpo	32	8	8	1.0	saturated	0.6875	False	8	8	2	8	1.0	1.0	1.0	1.0
grpo	32	9	4	0.5	mid	0.6875	False	8	8	16	8	0.0078	0.0078	0.0	0.0078
grpo	32	10	7	0.875	boundary	0.6875	False	8	8	4	8	0.3436	0.3436	0.5864	0.3436
grpo	32	11	6	0.75	mid	0.6875	False	8	8	8	8	0.1001	0.1001	0.1001	0.1001
grpo	32	12	8	1.0	saturated	0.6875	False	8	8	2	8	1.0	1.0	1.0	1.0
grpo	32	13	8	1.0	saturated	0.6875	False	8	8	2	8	1.0	1.0	1.0	1.0
grpo	32	14	3	0.375	mid	0.6875	False	8	8	16	8	0.0237	0.0237	0.0005	0.0237
grpo	32	15	8	1.0	saturated	0.6875	False	8	8	2	8	1.0	1.0	1.0	1.0
grpo	33	0	8	1.0	saturated	0.6875	False	8	8	2	8	1.0	1.0	1.0	1.0
grpo	33	1	7	0.875	boundary	0.6875	False	8	8	4	8	0.3436	0.3436	0.5864	0.3436
grpo	33	2	5	0.625	mid	0.6875	False	8	8	16	8	0.0237	0.0237	0.0005	0.0237
grpo	33	3	8	1.0	saturated	0.6875	False	8	8	2	8	1.0	1.0	1.0	1.0
grpo	33	4	8	1.0	saturated	0.6875	False	8	8	2	8	1.0	1.0	1.0	1.0
grpo	33	5	8	1.0	saturated	0.6875	False	8	8	2	8	1.0	1.0	1.0	1.0
grpo	33	6	8	1.0	saturated	0.6875	False	8	8	2	8	1.0	1.0	1.0	1.0
grpo	33	7	7	0.875	boundary	0.6875	False	8	8	4	8	0.3436	0.3436	0.5864	0.3436
grpo	33	8	8	1.0	saturated	0.6875	False	8	8	2	8	1.0	1.0	1.0	1.0
grpo	33	9	6	0.75	mid	0.6875	False	8	8	8	8	0.1001	0.1001	0.1001	0.1001
grpo	33	10	8	1.0	saturated	0.6875	False	8	8	2	8	1.0	1.0	1.0	1.0
grpo	33	11	8	1.0	saturated	0.6875	False	8	8	2	8	1.0	1.0	1.0	1.0
grpo	33	12	8	1.0	saturated	0.6875	False	8	8	2	8	1.0	1.0	1.0	1.0
grpo	33	13	8	1.0	saturated	0.6875	False	8	8	2	8	1.0	1.0	1.0	1.0
grpo	33	14	7	0.875	boundary	0.6875	False	8	8	4	8	0.3436	0.3436	0.5864	0.3436
grpo	33	15	0	0.0	saturated	0.6875	False	8	8	16	8	1.0	1.0	1.0	1.0
grpo	34	0	8	1.0	saturated	0.875	False	8	16	2	16	1.0	1.0	1.0	1.0
grpo	34	1	8	1.0	saturated	0.875	False	8	16	2	16	1.0	1.0	1.0	1.0
grpo	34	2	8	1.0	saturated	0.875	False	8	16	2	16	1.0	1.0	1.0	1.0
grpo	34	3	8	1.0	saturated	0.875	False	8	16	2	16	1.0	1.0	1.0	1.0
grpo	34	4	8	1.0	saturated	0.875	False	8	16	2	16	1.0	1.0	1.0	1.0
grpo	34	5	8	1.0	saturated	0.875	False	8	16	2	16	1.0	1.0	1.0	1.0
grpo	34	6	1	0.125	boundary	0.875	False	8	16	16	16	0.3436	0.1181	0.1181	0.1181
grpo	34	7	8	1.0	saturated	0.875	False	8	16	2	16	1.0	1.0	1.0	1.0
grpo	34	8	8	1.0	saturated	0.875	False	8	16	2	16	1.0	1.0	1.0	1.0
grpo	34	9	2	0.25	mid	0.875	False	8	16	16	16	0.1001	0.01	0.01	0.01
grpo	34	10	8	1.0	saturated	0.875	False	8	16	2	16	1.0	1.0	1.0	1.0
grpo	34	11	8	1.0	saturated	0.875	False	8	16	2	16	1.0	1.0	1.0	1.0
grpo	34	12	8	1.0	saturated	0.875	False	8	16	2	16	1.0	1.0	1.0	1.0
grpo	34	13	8	1.0	saturated	0.875	False	8	16	2	16	1.0	1.0	1.0	1.0
grpo	34	14	8	1.0	saturated	0.875	False	8	16	2	16	1.0	1.0	1.0	1.0
grpo	34	15	8	1.0	saturated	0.875	False	8	16	2	16	1.0	1.0	1.0	1.0
grpo	35	0	8	1.0	saturated	0.9375	True	8	16	2	4	1.0	1.0	1.0	1.0
grpo	35	1	8	1.0	saturated	0.9375	True	8	16	2	4	1.0	1.0	1.0	1.0
grpo	35	2	8	1.0	saturated	0.9375	True	8	16	2	4	1.0	1.0	1.0	1.0
grpo	35	3	8	1.0	saturated	0.9375	True	8	16	2	4	1.0	1.0	1.0	1.0
grpo	35	4	0	0.0	saturated	0.9375	True	8	16	16	4	1.0	1.0	1.0	1.0
grpo	35	5	8	1.0	saturated	0.9375	True	8	16	2	4	1.0	1.0	1.0	1.0
grpo	35	6	8	1.0	saturated	0.9375	True	8	16	2	4	1.0	1.0	1.0	1.0
grpo	35	7	8	1.0	saturated	0.9375	True	8	16	2	4	1.0	1.0	1.0	1.0
grpo	35	8	0	0.0	saturated	0.9375	True	8	16	16	4	1.0	1.0	1.0	1.0
grpo	35	9	8	1.0	saturated	0.9375	True	8	16	2	4	1.0	1.0	1.0	1.0
grpo	35	10	8	1.0	saturated	0.9375	True	8	16	2	4	1.0	1.0	1.0	1.0
grpo	35	11	8	1.0	saturated	0.9375	True	8	16	2	4	1.0	1.0	1.0	1.0
grpo	35	12	8	1.0	saturated	0.9375	True	8	16	2	4	1.0	1.0	1.0	1.0
grpo	35	13	8	1.0	saturated	0.9375	True	8	16	2	4	1.0	1.0	1.0	1.0
grpo	35	14	6	0.75	mid	0.9375	True	8	16	8	4	0.1001	0.01	0.1001	0.3203
grpo	35	15	8	1.0	saturated	0.9375	True	8	16	2	4	1.0	1.0	1.0	1.0
grpo	36	0	8	1.0	saturated	0.8125	False	8	16	2	16	1.0	1.0	1.0	1.0
grpo	36	1	8	1.0	saturated	0.8125	False	8	16	2	16	1.0	1.0	1.0	1.0
grpo	36	2	0	0.0	saturated	0.8125	False	8	16	16	16	1.0	1.0	1.0	1.0
grpo	36	3	5	0.625	mid	0.8125	False	8	16	16	16	0.0237	0.0005	0.0005	0.0005
grpo	36	4	8	1.0	saturated	0.8125	False	8	16	2	16	1.0	1.0	1.0	1.0
grpo	36	5	8	1.0	saturated	0.8125	False	8	16	2	16	1.0	1.0	1.0	1.0
grpo	36	6	8	1.0	saturated	0.8125	False	8	16	2	16	1.0	1.0	1.0	1.0
grpo	36	7	8	1.0	saturated	0.8125	False	8	16	2	16	1.0	1.0	1.0	1.0
grpo	36	8	8	1.0	saturated	0.8125	False	8	16	2	16	1.0	1.0	1.0	1.0
grpo	36	9	8	1.0	saturated	0.8125	False	8	16	2	16	1.0	1.0	1.0	1.0
grpo	36	10	8	1.0	saturated	0.8125	False	8	16	2	16	1.0	1.0	1.0	1.0
grpo	36	11	7	0.875	boundary	0.8125	False	8	16	4	16	0.3436	0.1181	0.5864	0.1181
grpo	36	12	8	1.0	saturated	0.8125	False	8	16	2	16	1.0	1.0	1.0	1.0
grpo	36	13	7	0.875	boundary	0.8125	False	8	16	4	16	0.3436	0.1181	0.5864	0.1181
grpo	36	14	8	1.0	saturated	0.8125	False	8	16	2	16	1.0	1.0	1.0	1.0
grpo	36	15	8	1.0	saturated	0.8125	False	8	16	2	16	1.0	1.0	1.0	1.0
grpo	37	0	8	1.0	saturated	0.75	False	8	16	2	16	1.0	1.0	1.0	1.0
grpo	37	1	0	0.0	saturated	0.75	False	8	16	16	16	1.0	1.0	1.0	1.0
grpo	37	2	8	1.0	saturated	0.75	False	8	16	2	16	1.0	1.0	1.0	1.0
grpo	37	3	8	1.0	saturated	0.75	False	8	16	2	16	1.0	1.0	1.0	1.0
grpo	37	4	8	1.0	saturated	0.75	False	8	16	2	16	1.0	1.0	1.0	1.0
grpo	37	5	8	1.0	saturated	0.75	False	8	16	2	16	1.0	1.0	1.0	1.0
grpo	37	6	6	0.75	mid	0.75	False	8	16	8	16	0.1001	0.01	0.1001	0.01
grpo	37	7	4	0.5	mid	0.75	False	8	16	16	16	0.0078	0.0	0.0	0.0
grpo	37	8	8	1.0	saturated	0.75	False	8	16	2	16	1.0	1.0	1.0	1.0
grpo	37	9	8	1.0	saturated	0.75	False	8	16	2	16	1.0	1.0	1.0	1.0
grpo	37	10	2	0.25	mid	0.75	False	8	16	16	16	0.1001	0.01	0.01	0.01
grpo	37	11	0	0.0	saturated	0.75	False	8	16	16	16	1.0	1.0	1.0	1.0
grpo	37	12	8	1.0	saturated	0.75	False	8	16	2	16	1.0	1.0	1.0	1.0
grpo	37	13	8	1.0	saturated	0.75	False	8	16	2	16	1.0	1.0	1.0	1.0
grpo	37	14	8	1.0	saturated	0.75	False	8	16	2	16	1.0	1.0	1.0	1.0
grpo	37	15	1	0.125	boundary	0.75	False	8	16	16	16	0.3436	0.1181	0.1181	0.1181
grpo	38	0	8	1.0	saturated	0.6875	False	8	8	2	8	1.0	1.0	1.0	1.0
grpo	38	1	7	0.875	boundary	0.6875	False	8	8	4	8	0.3436	0.3436	0.5864	0.3436
grpo	38	2	8	1.0	saturated	0.6875	False	8	8	2	8	1.0	1.0	1.0	1.0
grpo	38	3	2	0.25	mid	0.6875	False	8	8	16	8	0.1001	0.1001	0.01	0.1001
grpo	38	4	2	0.25	mid	0.6875	False	8	8	16	8	0.1001	0.1001	0.01	0.1001
grpo	38	5	8	1.0	saturated	0.6875	False	8	8	2	8	1.0	1.0	1.0	1.0
grpo	38	6	8	1.0	saturated	0.6875	False	8	8	2	8	1.0	1.0	1.0	1.0
grpo	38	7	8	1.0	saturated	0.6875	False	8	8	2	8	1.0	1.0	1.0	1.0
grpo	38	8	8	1.0	saturated	0.6875	False	8	8	2	8	1.0	1.0	1.0	1.0
grpo	38	9	8	1.0	saturated	0.6875	False	8	8	2	8	1.0	1.0	1.0	1.0
grpo	38	10	7	0.875	boundary	0.6875	False	8	8	4	8	0.3436	0.3436	0.5864	0.3436
grpo	38	11	8	1.0	saturated	0.6875	False	8	8	2	8	1.0	1.0	1.0	1.0
grpo	38	12	8	1.0	saturated	0.6875	False	8	8	2	8	1.0	1.0	1.0	1.0
grpo	38	13	0	0.0	saturated	0.6875	False	8	8	16	8	1.0	1.0	1.0	1.0
grpo	38	14	5	0.625	mid	0.6875	False	8	8	16	8	0.0237	0.0237	0.0005	0.0237
grpo	38	15	8	1.0	saturated	0.6875	False	8	8	2	8	1.0	1.0	1.0	1.0
grpo	39	0	8	1.0	saturated	0.75	False	8	16	2	16	1.0	1.0	1.0	1.0
grpo	39	1	8	1.0	saturated	0.75	False	8	16	2	16	1.0	1.0	1.0	1.0
grpo	39	2	3	0.375	mid	0.75	False	8	16	16	16	0.0237	0.0005	0.0005	0.0005
grpo	39	3	8	1.0	saturated	0.75	False	8	16	2	16	1.0	1.0	1.0	1.0
grpo	39	4	1	0.125	boundary	0.75	False	8	16	16	16	0.3436	0.1181	0.1181	0.1181
grpo	39	5	6	0.75	mid	0.75	False	8	16	8	16	0.1001	0.01	0.1001	0.01
grpo	39	6	8	1.0	saturated	0.75	False	8	16	2	16	1.0	1.0	1.0	1.0
grpo	39	7	8	1.0	saturated	0.75	False	8	16	2	16	1.0	1.0	1.0	1.0
grpo	39	8	5	0.625	mid	0.75	False	8	16	16	16	0.0237	0.0005	0.0005	0.0005
grpo	39	9	8	1.0	saturated	0.75	False	8	16	2	16	1.0	1.0	1.0	1.0
grpo	39	10	8	1.0	saturated	0.75	False	8	16	2	16	1.0	1.0	1.0	1.0
grpo	39	11	8	1.0	saturated	0.75	False	8	16	2	16	1.0	1.0	1.0	1.0
grpo	39	12	8	1.0	saturated	0.75	False	8	16	2	16	1.0	1.0	1.0	1.0
grpo	39	13	8	1.0	saturated	0.75	False	8	16	2	16	1.0	1.0	1.0	1.0
grpo	39	14	8	1.0	saturated	0.75	False	8	16	2	16	1.0	1.0	1.0	1.0
grpo	39	15	0	0.0	saturated	0.75	False	8	16	16	16	1.0	1.0	1.0	1.0
aero	0	0	8	1.0	saturated	0.6875	False	8	8	2	8	1.0	1.0	1.0	1.0
aero	0	1	5	0.625	mid	0.6875	False	8	8	16	8	0.0237	0.0237	0.0005	0.0237
aero	0	2	8	1.0	saturated	0.6875	False	8	8	2	8	1.0	1.0	1.0	1.0
aero	0	3	8	1.0	saturated	0.6875	False	8	8	2	8	1.0	1.0	1.0	1.0
aero	0	4	8	1.0	saturated	0.6875	False	8	8	2	8	1.0	1.0	1.0	1.0
aero	0	5	8	1.0	saturated	0.6875	False	8	8	2	8	1.0	1.0	1.0	1.0
aero	0	6	8	1.0	saturated	0.6875	False	8	8	2	8	1.0	1.0	1.0	1.0
aero	0	7	7	0.875	boundary	0.6875	False	8	8	4	8	0.3436	0.3436	0.5864	0.3436
aero	0	8	8	1.0	saturated	0.6875	False	8	8	2	8	1.0	1.0	1.0	1.0
aero	0	9	1	0.125	boundary	0.6875	False	8	8	16	8	0.3436	0.3436	0.1181	0.3436
aero	0	10	7	0.875	boundary	0.6875	False	8	8	4	8	0.3436	0.3436	0.5864	0.3436
aero	0	11	1	0.125	boundary	0.6875	False	8	8	16	8	0.3436	0.3436	0.1181	0.3436
aero	0	12	8	1.0	saturated	0.6875	False	8	8	2	8	1.0	1.0	1.0	1.0
aero	0	13	8	1.0	saturated	0.6875	False	8	8	2	8	1.0	1.0	1.0	1.0
aero	0	14	0	0.0	saturated	0.6875	False	8	8	16	8	1.0	1.0	1.0	1.0
aero	0	15	8	1.0	saturated	0.6875	False	8	8	2	8	1.0	1.0	1.0	1.0
aero	1	0	5	0.625	mid	0.6875	False	8	8	16	8	0.0237	0.0237	0.0005	0.0237
aero	1	1	5	0.625	mid	0.6875	False	8	8	16	8	0.0237	0.0237	0.0005	0.0237
aero	1	2	4	0.5	mid	0.6875	False	8	8	16	8	0.0078	0.0078	0.0	0.0078
aero	1	3	8	1.0	saturated	0.6875	False	8	8	2	8	1.0	1.0	1.0	1.0
aero	1	4	8	1.0	saturated	0.6875	False	8	8	2	8	1.0	1.0	1.0	1.0
aero	1	5	8	1.0	saturated	0.6875	False	8	8	2	8	1.0	1.0	1.0	1.0
aero	1	6	8	1.0	saturated	0.6875	False	8	8	2	8	1.0	1.0	1.0	1.0
aero	1	7	8	1.0	saturated	0.6875	False	8	8	2	8	1.0	1.0	1.0	1.0
aero	1	8	8	1.0	saturated	0.6875	False	8	8	2	8	1.0	1.0	1.0	1.0
aero	1	9	5	0.625	mid	0.6875	False	8	8	16	8	0.0237	0.0237	0.0005	0.0237
aero	1	10	8	1.0	saturated	0.6875	False	8	8	2	8	1.0	1.0	1.0	1.0
aero	1	11	8	1.0	saturated	0.6875	False	8	8	2	8	1.0	1.0	1.0	1.0
aero	1	12	8	1.0	saturated	0.6875	False	8	8	2	8	1.0	1.0	1.0	1.0
aero	1	13	6	0.75	mid	0.6875	False	8	8	8	8	0.1001	0.1001	0.1001	0.1001
aero	1	14	8	1.0	saturated	0.6875	False	8	8	2	8	1.0	1.0	1.0	1.0
aero	1	15	0	0.0	saturated	0.6875	False	8	8	16	8	1.0	1.0	1.0	1.0
aero	2	0	8	1.0	saturated	0.8125	False	8	16	2	16	1.0	1.0	1.0	1.0
aero	2	1	8	1.0	saturated	0.8125	False	8	16	2	16	1.0	1.0	1.0	1.0
aero	2	2	8	1.0	saturated	0.8125	False	8	16	2	16	1.0	1.0	1.0	1.0
aero	2	3	8	1.0	saturated	0.8125	False	8	16	2	16	1.0	1.0	1.0	1.0
aero	2	4	7	0.875	boundary	0.8125	False	8	16	4	16	0.3436	0.1181	0.5864	0.1181
aero	2	5	7	0.875	boundary	0.8125	False	8	16	4	16	0.3436	0.1181	0.5864	0.1181
aero	2	6	0	0.0	saturated	0.8125	False	8	16	16	16	1.0	1.0	1.0	1.0
aero	2	7	8	1.0	saturated	0.8125	False	8	16	2	16	1.0	1.0	1.0	1.0
aero	2	8	8	1.0	saturated	0.8125	False	8	16	2	16	1.0	1.0	1.0	1.0
aero	2	9	1	0.125	boundary	0.8125	False	8	16	16	16	0.3436	0.1181	0.1181	0.1181
aero	2	10	8	1.0	saturated	0.8125	False	8	16	2	16	1.0	1.0	1.0	1.0
aero	2	11	8	1.0	saturated	0.8125	False	8	16	2	16	1.0	1.0	1.0	1.0
aero	2	12	8	1.0	saturated	0.8125	False	8	16	2	16	1.0	1.0	1.0	1.0
aero	2	13	8	1.0	saturated	0.8125	False	8	16	2	16	1.0	1.0	1.0	1.0
aero	2	14	8	1.0	saturated	0.8125	False	8	16	2	16	1.0	1.0	1.0	1.0
aero	2	15	8	1.0	saturated	0.8125	False	8	16	2	16	1.0	1.0	1.0	1.0
aero	3	0	5	0.625	mid	0.6875	False	8	8	16	8	0.0237	0.0237	0.0005	0.0237
aero	3	1	8	1.0	saturated	0.6875	False	8	8	2	8	1.0	1.0	1.0	1.0
aero	3	2	8	1.0	saturated	0.6875	False	8	8	2	8	1.0	1.0	1.0	1.0
aero	3	3	8	1.0	saturated	0.6875	False	8	8	2	8	1.0	1.0	1.0	1.0
aero	3	4	0	0.0	saturated	0.6875	False	8	8	16	8	1.0	1.0	1.0	1.0
aero	3	5	8	1.0	saturated	0.6875	False	8	8	2	8	1.0	1.0	1.0	1.0
aero	3	6	6	0.75	mid	0.6875	False	8	8	8	8	0.1001	0.1001	0.1001	0.1001
aero	3	7	8	1.0	saturated	0.6875	False	8	8	2	8	1.0	1.0	1.0	1.0
aero	3	8	0	0.0	saturated	0.6875	False	8	8	16	8	1.0	1.0	1.0	1.0
aero	3	9	7	0.875	boundary	0.6875	False	8	8	4	8	0.3436	0.3436	0.5864	0.3436
aero	3	10	8	1.0	saturated	0.6875	False	8	8	2	8	1.0	1.0	1.0	1.0
aero	3	11	8	1.0	saturated	0.6875	False	8	8	2	8	1.0	1.0	1.0	1.0
aero	3	12	8	1.0	saturated	0.6875	False	8	8	2	8	1.0	1.0	1.0	1.0
aero	3	13	5	0.625	mid	0.6875	False	8	8	16	8	0.0237	0.0237	0.0005	0.0237
aero	3	14	2	0.25	mid	0.6875	False	8	8	16	8	0.1001	0.1001	0.01	0.1001
aero	3	15	8	1.0	saturated	0.6875	False	8	8	2	8	1.0	1.0	1.0	1.0
aero	4	0	8	1.0	saturated	0.75	False	8	16	2	16	1.0	1.0	1.0	1.0
aero	4	1	6	0.75	mid	0.75	False	8	16	8	16	0.1001	0.01	0.1001	0.01
aero	4	2	0	0.0	saturated	0.75	False	8	16	16	16	1.0	1.0	1.0	1.0
aero	4	3	4	0.5	mid	0.75	False	8	16	16	16	0.0078	0.0	0.0	0.0
aero	4	4	8	1.0	saturated	0.75	False	8	16	2	16	1.0	1.0	1.0	1.0
aero	4	5	8	1.0	saturated	0.75	False	8	16	2	16	1.0	1.0	1.0	1.0
aero	4	6	8	1.0	saturated	0.75	False	8	16	2	16	1.0	1.0	1.0	1.0
aero	4	7	8	1.0	saturated	0.75	False	8	16	2	16	1.0	1.0	1.0	1.0
aero	4	8	8	1.0	saturated	0.75	False	8	16	2	16	1.0	1.0	1.0	1.0
aero	4	9	8	1.0	saturated	0.75	False	8	16	2	16	1.0	1.0	1.0	1.0
aero	4	10	8	1.0	saturated	0.75	False	8	16	2	16	1.0	1.0	1.0	1.0
aero	4	11	8	1.0	saturated	0.75	False	8	16	2	16	1.0	1.0	1.0	1.0
aero	4	12	8	1.0	saturated	0.75	False	8	16	2	16	1.0	1.0	1.0	1.0
aero	4	13	4	0.5	mid	0.75	False	8	16	16	16	0.0078	0.0	0.0	0.0
aero	4	14	8	1.0	saturated	0.75	False	8	16	2	16	1.0	1.0	1.0	1.0
aero	4	15	4	0.5	mid	0.75	False	8	16	16	16	0.0078	0.0	0.0	0.0
aero	5	0	8	1.0	saturated	0.5625	False	8	8	2	8	1.0	1.0	1.0	1.0
aero	5	1	0	0.0	saturated	0.5625	False	8	8	16	8	1.0	1.0	1.0	1.0
aero	5	2	6	0.75	mid	0.5625	False	8	8	8	8	0.1001	0.1001	0.1001	0.1001
aero	5	3	6	0.75	mid	0.5625	False	8	8	8	8	0.1001	0.1001	0.1001	0.1001
aero	5	4	8	1.0	saturated	0.5625	False	8	8	2	8	1.0	1.0	1.0	1.0
aero	5	5	8	1.0	saturated	0.5625	False	8	8	2	8	1.0	1.0	1.0	1.0
aero	5	6	1	0.125	boundary	0.5625	False	8	8	16	8	0.3436	0.3436	0.1181	0.3436
aero	5	7	2	0.25	mid	0.5625	False	8	8	16	8	0.1001	0.1001	0.01	0.1001
aero	5	8	7	0.875	boundary	0.5625	False	8	8	4	8	0.3436	0.3436	0.5864	0.3436
aero	5	9	8	1.0	saturated	0.5625	False	8	8	2	8	1.0	1.0	1.0	1.0
aero	5	10	3	0.375	mid	0.5625	False	8	8	16	8	0.0237	0.0237	0.0005	0.0237
aero	5	11	0	0.0	saturated	0.5625	False	8	8	16	8	1.0	1.0	1.0	1.0
aero	5	12	8	1.0	saturated	0.5625	False	8	8	2	8	1.0	1.0	1.0	1.0
aero	5	13	8	1.0	saturated	0.5625	False	8	8	2	8	1.0	1.0	1.0	1.0
aero	5	14	8	1.0	saturated	0.5625	False	8	8	2	8	1.0	1.0	1.0	1.0
aero	5	15	1	0.125	boundary	0.5625	False	8	8	16	8	0.3436	0.3436	0.1181	0.3436
aero	6	0	8	1.0	saturated	0.75	False	8	16	2	16	1.0	1.0	1.0	1.0
aero	6	1	5	0.625	mid	0.75	False	8	16	16	16	0.0237	0.0005	0.0005	0.0005
aero	6	2	8	1.0	saturated	0.75	False	8	16	2	16	1.0	1.0	1.0	1.0
aero	6	3	0	0.0	saturated	0.75	False	8	16	16	16	1.0	1.0	1.0	1.0
aero	6	4	2	0.25	mid	0.75	False	8	16	16	16	0.1001	0.01	0.01	0.01
aero	6	5	8	1.0	saturated	0.75	False	8	16	2	16	1.0	1.0	1.0	1.0
aero	6	6	8	1.0	saturated	0.75	False	8	16	2	16	1.0	1.0	1.0	1.0
aero	6	7	8	1.0	saturated	0.75	False	8	16	2	16	1.0	1.0	1.0	1.0
aero	6	8	8	1.0	saturated	0.75	False	8	16	2	16	1.0	1.0	1.0	1.0
aero	6	9	8	1.0	saturated	0.75	False	8	16	2	16	1.0	1.0	1.0	1.0
aero	6	10	6	0.75	mid	0.75	False	8	16	8	16	0.1001	0.01	0.1001	0.01
aero	6	11	8	1.0	saturated	0.75	False	8	16	2	16	1.0	1.0	1.0	1.0
aero	6	12	8	1.0	saturated	0.75	False	8	16	2	16	1.0	1.0	1.0	1.0
aero	6	13	0	0.0	saturated	0.75	False	8	16	16	16	1.0	1.0	1.0	1.0
aero	6	14	2	0.25	mid	0.75	False	8	16	16	16	0.1001	0.01	0.01	0.01
aero	6	15	8	1.0	saturated	0.75	False	8	16	2	16	1.0	1.0	1.0	1.0
aero	7	0	8	1.0	saturated	0.625	False	8	8	2	8	1.0	1.0	1.0	1.0
aero	7	1	7	0.875	boundary	0.625	False	8	8	4	8	0.3436	0.3436	0.5864	0.3436
aero	7	2	0	0.0	saturated	0.625	False	8	8	16	8	1.0	1.0	1.0	1.0
aero	7	3	8	1.0	saturated	0.625	False	8	8	2	8	1.0	1.0	1.0	1.0
aero	7	4	0	0.0	saturated	0.625	False	8	8	16	8	1.0	1.0	1.0	1.0
aero	7	5	7	0.875	boundary	0.625	False	8	8	4	8	0.3436	0.3436	0.5864	0.3436
aero	7	6	8	1.0	saturated	0.625	False	8	8	2	8	1.0	1.0	1.0	1.0
aero	7	7	8	1.0	saturated	0.625	False	8	8	2	8	1.0	1.0	1.0	1.0
aero	7	8	3	0.375	mid	0.625	False	8	8	16	8	0.0237	0.0237	0.0005	0.0237
aero	7	9	8	1.0	saturated	0.625	False	8	8	2	8	1.0	1.0	1.0	1.0
aero	7	10	8	1.0	saturated	0.625	False	8	8	2	8	1.0	1.0	1.0	1.0
aero	7	11	8	1.0	saturated	0.625	False	8	8	2	8	1.0	1.0	1.0	1.0
aero	7	12	4	0.5	mid	0.625	False	8	8	16	8	0.0078	0.0078	0.0	0.0078
aero	7	13	5	0.625	mid	0.625	False	8	8	16	8	0.0237	0.0237	0.0005	0.0237
aero	7	14	8	1.0	saturated	0.625	False	8	8	2	8	1.0	1.0	1.0	1.0
aero	7	15	1	0.125	boundary	0.625	False	8	8	16	8	0.3436	0.3436	0.1181	0.3436
aero	8	0	8	1.0	saturated	0.6875	False	8	8	2	8	1.0	1.0	1.0	1.0
aero	8	1	8	1.0	saturated	0.6875	False	8	8	2	8	1.0	1.0	1.0	1.0
aero	8	2	8	1.0	saturated	0.6875	False	8	8	2	8	1.0	1.0	1.0	1.0
aero	8	3	4	0.5	mid	0.6875	False	8	8	16	8	0.0078	0.0078	0.0	0.0078
aero	8	4	8	1.0	saturated	0.6875	False	8	8	2	8	1.0	1.0	1.0	1.0
aero	8	5	8	1.0	saturated	0.6875	False	8	8	2	8	1.0	1.0	1.0	1.0
aero	8	6	8	1.0	saturated	0.6875	False	8	8	2	8	1.0	1.0	1.0	1.0
aero	8	7	3	0.375	mid	0.6875	False	8	8	16	8	0.0237	0.0237	0.0005	0.0237
aero	8	8	8	1.0	saturated	0.6875	False	8	8	2	8	1.0	1.0	1.0	1.0
aero	8	9	3	0.375	mid	0.6875	False	8	8	16	8	0.0237	0.0237	0.0005	0.0237
aero	8	10	8	1.0	saturated	0.6875	False	8	8	2	8	1.0	1.0	1.0	1.0
aero	8	11	8	1.0	saturated	0.6875	False	8	8	2	8	1.0	1.0	1.0	1.0
aero	8	12	0	0.0	saturated	0.6875	False	8	8	16	8	1.0	1.0	1.0	1.0
aero	8	13	2	0.25	mid	0.6875	False	8	8	16	8	0.1001	0.1001	0.01	0.1001
aero	8	14	4	0.5	mid	0.6875	False	8	8	16	8	0.0078	0.0078	0.0	0.0078
aero	8	15	8	1.0	saturated	0.6875	False	8	8	2	8	1.0	1.0	1.0	1.0
aero	9	0	8	1.0	saturated	0.625	False	8	8	2	8	1.0	1.0	1.0	1.0
aero	9	1	8	1.0	saturated	0.625	False	8	8	2	8	1.0	1.0	1.0	1.0
aero	9	2	8	1.0	saturated	0.625	False	8	8	2	8	1.0	1.0	1.0	1.0
aero	9	3	5	0.625	mid	0.625	False	8	8	16	8	0.0237	0.0237	0.0005	0.0237
aero	9	4	8	1.0	saturated	0.625	False	8	8	2	8	1.0	1.0	1.0	1.0
aero	9	5	8	1.0	saturated	0.625	False	8	8	2	8	1.0	1.0	1.0	1.0
aero	9	6	7	0.875	boundary	0.625	False	8	8	4	8	0.3436	0.3436	0.5864	0.3436
aero	9	7	8	1.0	saturated	0.625	False	8	8	2	8	1.0	1.0	1.0	1.0
aero	9	8	3	0.375	mid	0.625	False	8	8	16	8	0.0237	0.0237	0.0005	0.0237
aero	9	9	8	1.0	saturated	0.625	False	8	8	2	8	1.0	1.0	1.0	1.0
aero	9	10	8	1.0	saturated	0.625	False	8	8	2	8	1.0	1.0	1.0	1.0
aero	9	11	2	0.25	mid	0.625	False	8	8	16	8	0.1001	0.1001	0.01	0.1001
aero	9	12	7	0.875	boundary	0.625	False	8	8	4	8	0.3436	0.3436	0.5864	0.3436
aero	9	13	8	1.0	saturated	0.625	False	8	8	2	8	1.0	1.0	1.0	1.0
aero	9	14	6	0.75	mid	0.625	False	8	8	8	8	0.1001	0.1001	0.1001	0.1001
aero	9	15	8	1.0	saturated	0.625	False	8	8	2	8	1.0	1.0	1.0	1.0
aero	10	0	8	1.0	saturated	0.75	False	8	16	2	16	1.0	1.0	1.0	1.0
aero	10	1	8	1.0	saturated	0.75	False	8	16	2	16	1.0	1.0	1.0	1.0
aero	10	2	7	0.875	boundary	0.75	False	8	16	4	16	0.3436	0.1181	0.5864	0.1181
aero	10	3	8	1.0	saturated	0.75	False	8	16	2	16	1.0	1.0	1.0	1.0
aero	10	4	8	1.0	saturated	0.75	False	8	16	2	16	1.0	1.0	1.0	1.0
aero	10	5	8	1.0	saturated	0.75	False	8	16	2	16	1.0	1.0	1.0	1.0
aero	10	6	6	0.75	mid	0.75	False	8	16	8	16	0.1001	0.01	0.1001	0.01
aero	10	7	2	0.25	mid	0.75	False	8	16	16	16	0.1001	0.01	0.01	0.01
aero	10	8	8	1.0	saturated	0.75	False	8	16	2	16	1.0	1.0	1.0	1.0
aero	10	9	0	0.0	saturated	0.75	False	8	16	16	16	1.0	1.0	1.0	1.0
aero	10	10	8	1.0	saturated	0.75	False	8	16	2	16	1.0	1.0	1.0	1.0
aero	10	11	8	1.0	saturated	0.75	False	8	16	2	16	1.0	1.0	1.0	1.0
aero	10	12	8	1.0	saturated	0.75	False	8	16	2	16	1.0	1.0	1.0	1.0
aero	10	13	8	1.0	saturated	0.75	False	8	16	2	16	1.0	1.0	1.0	1.0
aero	10	14	6	0.75	mid	0.75	False	8	16	8	16	0.1001	0.01	0.1001	0.01
aero	10	15	8	1.0	saturated	0.75	False	8	16	2	16	1.0	1.0	1.0	1.0
aero	11	0	8	1.0	saturated	0.5625	False	8	8	2	8	1.0	1.0	1.0	1.0
aero	11	1	2	0.25	mid	0.5625	False	8	8	16	8	0.1001	0.1001	0.01	0.1001
aero	11	2	8	1.0	saturated	0.5625	False	8	8	2	8	1.0	1.0	1.0	1.0
aero	11	3	8	1.0	saturated	0.5625	False	8	8	2	8	1.0	1.0	1.0	1.0
aero	11	4	8	1.0	saturated	0.5625	False	8	8	2	8	1.0	1.0	1.0	1.0
aero	11	5	6	0.75	mid	0.5625	False	8	8	8	8	0.1001	0.1001	0.1001	0.1001
aero	11	6	8	1.0	saturated	0.5625	False	8	8	2	8	1.0	1.0	1.0	1.0
aero	11	7	4	0.5	mid	0.5625	False	8	8	16	8	0.0078	0.0078	0.0	0.0078
aero	11	8	8	1.0	saturated	0.5625	False	8	8	2	8	1.0	1.0	1.0	1.0
aero	11	9	4	0.5	mid	0.5625	False	8	8	16	8	0.0078	0.0078	0.0	0.0078
aero	11	10	8	1.0	saturated	0.5625	False	8	8	2	8	1.0	1.0	1.0	1.0
aero	11	11	8	1.0	saturated	0.5625	False	8	8	2	8	1.0	1.0	1.0	1.0
aero	11	12	2	0.25	mid	0.5625	False	8	8	16	8	0.1001	0.1001	0.01	0.1001
aero	11	13	1	0.125	boundary	0.5625	False	8	8	16	8	0.3436	0.3436	0.1181	0.3436
aero	11	14	6	0.75	mid	0.5625	False	8	8	8	8	0.1001	0.1001	0.1001	0.1001
aero	11	15	8	1.0	saturated	0.5625	False	8	8	2	8	1.0	1.0	1.0	1.0
aero	12	0	8	1.0	saturated	0.6875	False	8	8	2	8	1.0	1.0	1.0	1.0
aero	12	1	6	0.75	mid	0.6875	False	8	8	8	8	0.1001	0.1001	0.1001	0.1001
aero	12	2	3	0.375	mid	0.6875	False	8	8	16	8	0.0237	0.0237	0.0005	0.0237
aero	12	3	8	1.0	saturated	0.6875	False	8	8	2	8	1.0	1.0	1.0	1.0
aero	12	4	8	1.0	saturated	0.6875	False	8	8	2	8	1.0	1.0	1.0	1.0
aero	12	5	8	1.0	saturated	0.6875	False	8	8	2	8	1.0	1.0	1.0	1.0
aero	12	6	8	1.0	saturated	0.6875	False	8	8	2	8	1.0	1.0	1.0	1.0
aero	12	7	7	0.875	boundary	0.6875	False	8	8	4	8	0.3436	0.3436	0.5864	0.3436
aero	12	8	8	1.0	saturated	0.6875	False	8	8	2	8	1.0	1.0	1.0	1.0
aero	12	9	8	1.0	saturated	0.6875	False	8	8	2	8	1.0	1.0	1.0	1.0
aero	12	10	2	0.25	mid	0.6875	False	8	8	16	8	0.1001	0.1001	0.01	0.1001
aero	12	11	5	0.625	mid	0.6875	False	8	8	16	8	0.0237	0.0237	0.0005	0.0237
aero	12	12	8	1.0	saturated	0.6875	False	8	8	2	8	1.0	1.0	1.0	1.0
aero	12	13	8	1.0	saturated	0.6875	False	8	8	2	8	1.0	1.0	1.0	1.0
aero	12	14	8	1.0	saturated	0.6875	False	8	8	2	8	1.0	1.0	1.0	1.0
aero	12	15	8	1.0	saturated	0.6875	False	8	8	2	8	1.0	1.0	1.0	1.0
aero	13	0	8	1.0	saturated	0.5625	False	8	8	2	8	1.0	1.0	1.0	1.0
aero	13	1	8	1.0	saturated	0.5625	False	8	8	2	8	1.0	1.0	1.0	1.0
aero	13	2	8	1.0	saturated	0.5625	False	8	8	2	8	1.0	1.0	1.0	1.0
aero	13	3	8	1.0	saturated	0.5625	False	8	8	2	8	1.0	1.0	1.0	1.0
aero	13	4	2	0.25	mid	0.5625	False	8	8	16	8	0.1001	0.1001	0.01	0.1001
aero	13	5	4	0.5	mid	0.5625	False	8	8	16	8	0.0078	0.0078	0.0	0.0078
aero	13	6	8	1.0	saturated	0.5625	False	8	8	2	8	1.0	1.0	1.0	1.0
aero	13	7	8	1.0	saturated	0.5625	False	8	8	2	8	1.0	1.0	1.0	1.0
aero	13	8	4	0.5	mid	0.5625	False	8	8	16	8	0.0078	0.0078	0.0	0.0078
aero	13	9	8	1.0	saturated	0.5625	False	8	8	2	8	1.0	1.0	1.0	1.0
aero	13	10	6	0.75	mid	0.5625	False	8	8	8	8	0.1001	0.1001	0.1001	0.1001
aero	13	11	4	0.5	mid	0.5625	False	8	8	16	8	0.0078	0.0078	0.0	0.0078
aero	13	12	4	0.5	mid	0.5625	False	8	8	16	8	0.0078	0.0078	0.0	0.0078
aero	13	13	3	0.375	mid	0.5625	False	8	8	16	8	0.0237	0.0237	0.0005	0.0237
aero	13	14	0	0.0	saturated	0.5625	False	8	8	16	8	1.0	1.0	1.0	1.0
aero	13	15	8	1.0	saturated	0.5625	False	8	8	2	8	1.0	1.0	1.0	1.0
aero	14	0	8	1.0	saturated	0.75	False	8	16	2	16	1.0	1.0	1.0	1.0
aero	14	1	8	1.0	saturated	0.75	False	8	16	2	16	1.0	1.0	1.0	1.0
aero	14	2	8	1.0	saturated	0.75	False	8	16	2	16	1.0	1.0	1.0	1.0
aero	14	3	8	1.0	saturated	0.75	False	8	16	2	16	1.0	1.0	1.0	1.0
aero	14	4	8	1.0	saturated	0.75	False	8	16	2	16	1.0	1.0	1.0	1.0
aero	14	5	8	1.0	saturated	0.75	False	8	16	2	16	1.0	1.0	1.0	1.0
aero	14	6	8	1.0	saturated	0.75	False	8	16	2	16	1.0	1.0	1.0	1.0
aero	14	7	7	0.875	boundary	0.75	False	8	16	4	16	0.3436	0.1181	0.5864	0.1181
aero	14	8	8	1.0	saturated	0.75	False	8	16	2	16	1.0	1.0	1.0	1.0
aero	14	9	4	0.5	mid	0.75	False	8	16	16	16	0.0078	0.0	0.0	0.0
aero	14	10	8	1.0	saturated	0.75	False	8	16	2	16	1.0	1.0	1.0	1.0
aero	14	11	7	0.875	boundary	0.75	False	8	16	4	16	0.3436	0.1181	0.5864	0.1181
aero	14	12	8	1.0	saturated	0.75	False	8	16	2	16	1.0	1.0	1.0	1.0
aero	14	13	8	1.0	saturated	0.75	False	8	16	2	16	1.0	1.0	1.0	1.0
aero	14	14	4	0.5	mid	0.75	False	8	16	16	16	0.0078	0.0	0.0	0.0
aero	14	15	8	1.0	saturated	0.75	False	8	16	2	16	1.0	1.0	1.0	1.0
aero	15	0	8	1.0	saturated	0.8125	False	8	16	2	16	1.0	1.0	1.0	1.0
aero	15	1	3	0.375	mid	0.8125	False	8	16	16	16	0.0237	0.0005	0.0005	0.0005
aero	15	2	8	1.0	saturated	0.8125	False	8	16	2	16	1.0	1.0	1.0	1.0
aero	15	3	8	1.0	saturated	0.8125	False	8	16	2	16	1.0	1.0	1.0	1.0
aero	15	4	1	0.125	boundary	0.8125	False	8	16	16	16	0.3436	0.1181	0.1181	0.1181
aero	15	5	8	1.0	saturated	0.8125	False	8	16	2	16	1.0	1.0	1.0	1.0
aero	15	6	5	0.625	mid	0.8125	False	8	16	16	16	0.0237	0.0005	0.0005	0.0005
aero	15	7	8	1.0	saturated	0.8125	False	8	16	2	16	1.0	1.0	1.0	1.0
aero	15	8	8	1.0	saturated	0.8125	False	8	16	2	16	1.0	1.0	1.0	1.0
aero	15	9	8	1.0	saturated	0.8125	False	8	16	2	16	1.0	1.0	1.0	1.0
aero	15	10	8	1.0	saturated	0.8125	False	8	16	2	16	1.0	1.0	1.0	1.0
aero	15	11	8	1.0	saturated	0.8125	False	8	16	2	16	1.0	1.0	1.0	1.0
aero	15	12	8	1.0	saturated	0.8125	False	8	16	2	16	1.0	1.0	1.0	1.0
aero	15	13	8	1.0	saturated	0.8125	False	8	16	2	16	1.0	1.0	1.0	1.0
aero	15	14	8	1.0	saturated	0.8125	False	8	16	2	16	1.0	1.0	1.0	1.0
aero	15	15	8	1.0	saturated	0.8125	False	8	16	2	16	1.0	1.0	1.0	1.0
aero	16	0	8	1.0	saturated	0.5625	False	8	8	2	8	1.0	1.0	1.0	1.0
aero	16	1	8	1.0	saturated	0.5625	False	8	8	2	8	1.0	1.0	1.0	1.0
aero	16	2	1	0.125	boundary	0.5625	False	8	8	16	8	0.3436	0.3436	0.1181	0.3436
aero	16	3	0	0.0	saturated	0.5625	False	8	8	16	8	1.0	1.0	1.0	1.0
aero	16	4	8	1.0	saturated	0.5625	False	8	8	2	8	1.0	1.0	1.0	1.0
aero	16	5	8	1.0	saturated	0.5625	False	8	8	2	8	1.0	1.0	1.0	1.0
aero	16	6	8	1.0	saturated	0.5625	False	8	8	2	8	1.0	1.0	1.0	1.0
aero	16	7	4	0.5	mid	0.5625	False	8	8	16	8	0.0078	0.0078	0.0	0.0078
aero	16	8	2	0.25	mid	0.5625	False	8	8	16	8	0.1001	0.1001	0.01	0.1001
aero	16	9	6	0.75	mid	0.5625	False	8	8	8	8	0.1001	0.1001	0.1001	0.1001
aero	16	10	8	1.0	saturated	0.5625	False	8	8	2	8	1.0	1.0	1.0	1.0
aero	16	11	4	0.5	mid	0.5625	False	8	8	16	8	0.0078	0.0078	0.0	0.0078
aero	16	12	8	1.0	saturated	0.5625	False	8	8	2	8	1.0	1.0	1.0	1.0
aero	16	13	7	0.875	boundary	0.5625	False	8	8	4	8	0.3436	0.3436	0.5864	0.3436
aero	16	14	4	0.5	mid	0.5625	False	8	8	16	8	0.0078	0.0078	0.0	0.0078
aero	16	15	8	1.0	saturated	0.5625	False	8	8	2	8	1.0	1.0	1.0	1.0
aero	17	0	8	1.0	saturated	0.5625	False	8	8	2	8	1.0	1.0	1.0	1.0
aero	17	1	8	1.0	saturated	0.5625	False	8	8	2	8	1.0	1.0	1.0	1.0
aero	17	2	8	1.0	saturated	0.5625	False	8	8	2	8	1.0	1.0	1.0	1.0
aero	17	3	7	0.875	boundary	0.5625	False	8	8	4	8	0.3436	0.3436	0.5864	0.3436
aero	17	4	8	1.0	saturated	0.5625	False	8	8	2	8	1.0	1.0	1.0	1.0
aero	17	5	8	1.0	saturated	0.5625	False	8	8	2	8	1.0	1.0	1.0	1.0
aero	17	6	8	1.0	saturated	0.5625	False	8	8	2	8	1.0	1.0	1.0	1.0
aero	17	7	4	0.5	mid	0.5625	False	8	8	16	8	0.0078	0.0078	0.0	0.0078
aero	17	8	4	0.5	mid	0.5625	False	8	8	16	8	0.0078	0.0078	0.0	0.0078
aero	17	9	0	0.0	saturated	0.5625	False	8	8	16	8	1.0	1.0	1.0	1.0
aero	17	10	6	0.75	mid	0.5625	False	8	8	8	8	0.1001	0.1001	0.1001	0.1001
aero	17	11	8	1.0	saturated	0.5625	False	8	8	2	8	1.0	1.0	1.0	1.0
aero	17	12	8	1.0	saturated	0.5625	False	8	8	2	8	1.0	1.0	1.0	1.0
aero	17	13	3	0.375	mid	0.5625	False	8	8	16	8	0.0237	0.0237	0.0005	0.0237
aero	17	14	5	0.625	mid	0.5625	False	8	8	16	8	0.0237	0.0237	0.0005	0.0237
aero	17	15	7	0.875	boundary	0.5625	False	8	8	4	8	0.3436	0.3436	0.5864	0.3436
aero	18	0	6	0.75	mid	0.625	False	8	8	8	8	0.1001	0.1001	0.1001	0.1001
aero	18	1	7	0.875	boundary	0.625	False	8	8	4	8	0.3436	0.3436	0.5864	0.3436
aero	18	2	8	1.0	saturated	0.625	False	8	8	2	8	1.0	1.0	1.0	1.0
aero	18	3	4	0.5	mid	0.625	False	8	8	16	8	0.0078	0.0078	0.0	0.0078
aero	18	4	6	0.75	mid	0.625	False	8	8	8	8	0.1001	0.1001	0.1001	0.1001
aero	18	5	0	0.0	saturated	0.625	False	8	8	16	8	1.0	1.0	1.0	1.0
aero	18	6	8	1.0	saturated	0.625	False	8	8	2	8	1.0	1.0	1.0	1.0
aero	18	7	8	1.0	saturated	0.625	False	8	8	2	8	1.0	1.0	1.0	1.0
aero	18	8	0	0.0	saturated	0.625	False	8	8	16	8	1.0	1.0	1.0	1.0
aero	18	9	8	1.0	saturated	0.625	False	8	8	2	8	1.0	1.0	1.0	1.0
aero	18	10	7	0.875	boundary	0.625	False	8	8	4	8	0.3436	0.3436	0.5864	0.3436
aero	18	11	8	1.0	saturated	0.625	False	8	8	2	8	1.0	1.0	1.0	1.0
aero	18	12	8	1.0	saturated	0.625	False	8	8	2	8	1.0	1.0	1.0	1.0
aero	18	13	4	0.5	mid	0.625	False	8	8	16	8	0.0078	0.0078	0.0	0.0078
aero	18	14	0	0.0	saturated	0.625	False	8	8	16	8	1.0	1.0	1.0	1.0
aero	18	15	8	1.0	saturated	0.625	False	8	8	2	8	1.0	1.0	1.0	1.0
aero	19	0	8	1.0	saturated	0.625	False	8	8	2	8	1.0	1.0	1.0	1.0
aero	19	1	6	0.75	mid	0.625	False	8	8	8	8	0.1001	0.1001	0.1001	0.1001
aero	19	2	8	1.0	saturated	0.625	False	8	8	2	8	1.0	1.0	1.0	1.0
aero	19	3	8	1.0	saturated	0.625	False	8	8	2	8	1.0	1.0	1.0	1.0
aero	19	4	8	1.0	saturated	0.625	False	8	8	2	8	1.0	1.0	1.0	1.0
aero	19	5	5	0.625	mid	0.625	False	8	8	16	8	0.0237	0.0237	0.0005	0.0237
aero	19	6	8	1.0	saturated	0.625	False	8	8	2	8	1.0	1.0	1.0	1.0
aero	19	7	0	0.0	saturated	0.625	False	8	8	16	8	1.0	1.0	1.0	1.0
aero	19	8	6	0.75	mid	0.625	False	8	8	8	8	0.1001	0.1001	0.1001	0.1001
aero	19	9	8	1.0	saturated	0.625	False	8	8	2	8	1.0	1.0	1.0	1.0
aero	19	10	6	0.75	mid	0.625	False	8	8	8	8	0.1001	0.1001	0.1001	0.1001
aero	19	11	8	1.0	saturated	0.625	False	8	8	2	8	1.0	1.0	1.0	1.0
aero	19	12	8	1.0	saturated	0.625	False	8	8	2	8	1.0	1.0	1.0	1.0
aero	19	13	4	0.5	mid	0.625	False	8	8	16	8	0.0078	0.0078	0.0	0.0078
aero	19	14	1	0.125	boundary	0.625	False	8	8	16	8	0.3436	0.3436	0.1181	0.3436
aero	19	15	8	1.0	saturated	0.625	False	8	8	2	8	1.0	1.0	1.0	1.0
aero	20	0	8	1.0	saturated	0.625	False	8	8	2	8	1.0	1.0	1.0	1.0
aero	20	1	8	1.0	saturated	0.625	False	8	8	2	8	1.0	1.0	1.0	1.0
aero	20	2	8	1.0	saturated	0.625	False	8	8	2	8	1.0	1.0	1.0	1.0
aero	20	3	7	0.875	boundary	0.625	False	8	8	4	8	0.3436	0.3436	0.5864	0.3436
aero	20	4	8	1.0	saturated	0.625	False	8	8	2	8	1.0	1.0	1.0	1.0
aero	20	5	8	1.0	saturated	0.625	False	8	8	2	8	1.0	1.0	1.0	1.0
aero	20	6	8	1.0	saturated	0.625	False	8	8	2	8	1.0	1.0	1.0	1.0
aero	20	7	8	1.0	saturated	0.625	False	8	8	2	8	1.0	1.0	1.0	1.0
aero	20	8	8	1.0	saturated	0.625	False	8	8	2	8	1.0	1.0	1.0	1.0
aero	20	9	8	1.0	saturated	0.625	False	8	8	2	8	1.0	1.0	1.0	1.0
aero	20	10	4	0.5	mid	0.625	False	8	8	16	8	0.0078	0.0078	0.0	0.0078
aero	20	11	7	0.875	boundary	0.625	False	8	8	4	8	0.3436	0.3436	0.5864	0.3436
aero	20	12	1	0.125	boundary	0.625	False	8	8	16	8	0.3436	0.3436	0.1181	0.3436
aero	20	13	8	1.0	saturated	0.625	False	8	8	2	8	1.0	1.0	1.0	1.0
aero	20	14	4	0.5	mid	0.625	False	8	8	16	8	0.0078	0.0078	0.0	0.0078
aero	20	15	3	0.375	mid	0.625	False	8	8	16	8	0.0237	0.0237	0.0005	0.0237
aero	21	0	8	1.0	saturated	0.8125	False	8	16	2	16	1.0	1.0	1.0	1.0
aero	21	1	8	1.0	saturated	0.8125	False	8	16	2	16	1.0	1.0	1.0	1.0
aero	21	2	8	1.0	saturated	0.8125	False	8	16	2	16	1.0	1.0	1.0	1.0
aero	21	3	8	1.0	saturated	0.8125	False	8	16	2	16	1.0	1.0	1.0	1.0
aero	21	4	8	1.0	saturated	0.8125	False	8	16	2	16	1.0	1.0	1.0	1.0
aero	21	5	8	1.0	saturated	0.8125	False	8	16	2	16	1.0	1.0	1.0	1.0
aero	21	6	8	1.0	saturated	0.8125	False	8	16	2	16	1.0	1.0	1.0	1.0
aero	21	7	1	0.125	boundary	0.8125	False	8	16	16	16	0.3436	0.1181	0.1181	0.1181
aero	21	8	8	1.0	saturated	0.8125	False	8	16	2	16	1.0	1.0	1.0	1.0
aero	21	9	8	1.0	saturated	0.8125	False	8	16	2	16	1.0	1.0	1.0	1.0
aero	21	10	8	1.0	saturated	0.8125	False	8	16	2	16	1.0	1.0	1.0	1.0
aero	21	11	4	0.5	mid	0.8125	False	8	16	16	16	0.0078	0.0	0.0	0.0
aero	21	12	7	0.875	boundary	0.8125	False	8	16	4	16	0.3436	0.1181	0.5864	0.1181
aero	21	13	8	1.0	saturated	0.8125	False	8	16	2	16	1.0	1.0	1.0	1.0
aero	21	14	8	1.0	saturated	0.8125	False	8	16	2	16	1.0	1.0	1.0	1.0
aero	21	15	8	1.0	saturated	0.8125	False	8	16	2	16	1.0	1.0	1.0	1.0
aero	22	0	8	1.0	saturated	0.6875	False	8	8	2	8	1.0	1.0	1.0	1.0
aero	22	1	7	0.875	boundary	0.6875	False	8	8	4	8	0.3436	0.3436	0.5864	0.3436
aero	22	2	8	1.0	saturated	0.6875	False	8	8	2	8	1.0	1.0	1.0	1.0
aero	22	3	7	0.875	boundary	0.6875	False	8	8	4	8	0.3436	0.3436	0.5864	0.3436
aero	22	4	5	0.625	mid	0.6875	False	8	8	16	8	0.0237	0.0237	0.0005	0.0237
aero	22	5	8	1.0	saturated	0.6875	False	8	8	2	8	1.0	1.0	1.0	1.0
aero	22	6	8	1.0	saturated	0.6875	False	8	8	2	8	1.0	1.0	1.0	1.0
aero	22	7	8	1.0	saturated	0.6875	False	8	8	2	8	1.0	1.0	1.0	1.0
aero	22	8	1	0.125	boundary	0.6875	False	8	8	16	8	0.3436	0.3436	0.1181	0.3436
aero	22	9	8	1.0	saturated	0.6875	False	8	8	2	8	1.0	1.0	1.0	1.0
aero	22	10	8	1.0	saturated	0.6875	False	8	8	2	8	1.0	1.0	1.0	1.0
aero	22	11	7	0.875	boundary	0.6875	False	8	8	4	8	0.3436	0.3436	0.5864	0.3436
aero	22	12	8	1.0	saturated	0.6875	False	8	8	2	8	1.0	1.0	1.0	1.0
aero	22	13	8	1.0	saturated	0.6875	False	8	8	2	8	1.0	1.0	1.0	1.0
aero	22	14	8	1.0	saturated	0.6875	False	8	8	2	8	1.0	1.0	1.0	1.0
aero	22	15	8	1.0	saturated	0.6875	False	8	8	2	8	1.0	1.0	1.0	1.0
aero	23	0	7	0.875	boundary	0.8125	False	8	16	4	16	0.3436	0.1181	0.5864	0.1181
aero	23	1	8	1.0	saturated	0.8125	False	8	16	2	16	1.0	1.0	1.0	1.0
aero	23	2	8	1.0	saturated	0.8125	False	8	16	2	16	1.0	1.0	1.0	1.0
aero	23	3	6	0.75	mid	0.8125	False	8	16	8	16	0.1001	0.01	0.1001	0.01
aero	23	4	8	1.0	saturated	0.8125	False	8	16	2	16	1.0	1.0	1.0	1.0
aero	23	5	8	1.0	saturated	0.8125	False	8	16	2	16	1.0	1.0	1.0	1.0
aero	23	6	2	0.25	mid	0.8125	False	8	16	16	16	0.1001	0.01	0.01	0.01
aero	23	7	8	1.0	saturated	0.8125	False	8	16	2	16	1.0	1.0	1.0	1.0
aero	23	8	8	1.0	saturated	0.8125	False	8	16	2	16	1.0	1.0	1.0	1.0
aero	23	9	8	1.0	saturated	0.8125	False	8	16	2	16	1.0	1.0	1.0	1.0
aero	23	10	8	1.0	saturated	0.8125	False	8	16	2	16	1.0	1.0	1.0	1.0
aero	23	11	8	1.0	saturated	0.8125	False	8	16	2	16	1.0	1.0	1.0	1.0
aero	23	12	8	1.0	saturated	0.8125	False	8	16	2	16	1.0	1.0	1.0	1.0
aero	23	13	8	1.0	saturated	0.8125	False	8	16	2	16	1.0	1.0	1.0	1.0
aero	23	14	8	1.0	saturated	0.8125	False	8	16	2	16	1.0	1.0	1.0	1.0
aero	23	15	0	0.0	saturated	0.8125	False	8	16	16	16	1.0	1.0	1.0	1.0
aero	24	0	7	0.875	boundary	0.8125	False	8	16	4	16	0.3436	0.1181	0.5864	0.1181
aero	24	1	8	1.0	saturated	0.8125	False	8	16	2	16	1.0	1.0	1.0	1.0
aero	24	2	8	1.0	saturated	0.8125	False	8	16	2	16	1.0	1.0	1.0	1.0
aero	24	3	8	1.0	saturated	0.8125	False	8	16	2	16	1.0	1.0	1.0	1.0
aero	24	4	1	0.125	boundary	0.8125	False	8	16	16	16	0.3436	0.1181	0.1181	0.1181
aero	24	5	8	1.0	saturated	0.8125	False	8	16	2	16	1.0	1.0	1.0	1.0
aero	24	6	8	1.0	saturated	0.8125	False	8	16	2	16	1.0	1.0	1.0	1.0
aero	24	7	8	1.0	saturated	0.8125	False	8	16	2	16	1.0	1.0	1.0	1.0
aero	24	8	8	1.0	saturated	0.8125	False	8	16	2	16	1.0	1.0	1.0	1.0
aero	24	9	7	0.875	boundary	0.8125	False	8	16	4	16	0.3436	0.1181	0.5864	0.1181
aero	24	10	8	1.0	saturated	0.8125	False	8	16	2	16	1.0	1.0	1.0	1.0
aero	24	11	8	1.0	saturated	0.8125	False	8	16	2	16	1.0	1.0	1.0	1.0
aero	24	12	8	1.0	saturated	0.8125	False	8	16	2	16	1.0	1.0	1.0	1.0
aero	24	13	8	1.0	saturated	0.8125	False	8	16	2	16	1.0	1.0	1.0	1.0
aero	24	14	8	1.0	saturated	0.8125	False	8	16	2	16	1.0	1.0	1.0	1.0
aero	24	15	8	1.0	saturated	0.8125	False	8	16	2	16	1.0	1.0	1.0	1.0
aero	25	0	8	1.0	saturated	0.6875	False	8	8	2	8	1.0	1.0	1.0	1.0
aero	25	1	8	1.0	saturated	0.6875	False	8	8	2	8	1.0	1.0	1.0	1.0
aero	25	2	3	0.375	mid	0.6875	False	8	8	16	8	0.0237	0.0237	0.0005	0.0237
aero	25	3	8	1.0	saturated	0.6875	False	8	8	2	8	1.0	1.0	1.0	1.0
aero	25	4	8	1.0	saturated	0.6875	False	8	8	2	8	1.0	1.0	1.0	1.0
aero	25	5	8	1.0	saturated	0.6875	False	8	8	2	8	1.0	1.0	1.0	1.0
aero	25	6	0	0.0	saturated	0.6875	False	8	8	16	8	1.0	1.0	1.0	1.0
aero	25	7	8	1.0	saturated	0.6875	False	8	8	2	8	1.0	1.0	1.0	1.0
aero	25	8	8	1.0	saturated	0.6875	False	8	8	2	8	1.0	1.0	1.0	1.0
aero	25	9	8	1.0	saturated	0.6875	False	8	8	2	8	1.0	1.0	1.0	1.0
aero	25	10	6	0.75	mid	0.6875	False	8	8	8	8	0.1001	0.1001	0.1001	0.1001
aero	25	11	8	1.0	saturated	0.6875	False	8	8	2	8	1.0	1.0	1.0	1.0
aero	25	12	2	0.25	mid	0.6875	False	8	8	16	8	0.1001	0.1001	0.01	0.1001
aero	25	13	7	0.875	boundary	0.6875	False	8	8	4	8	0.3436	0.3436	0.5864	0.3436
aero	25	14	8	1.0	saturated	0.6875	False	8	8	2	8	1.0	1.0	1.0	1.0
aero	25	15	7	0.875	boundary	0.6875	False	8	8	4	8	0.3436	0.3436	0.5864	0.3436
aero	26	0	8	1.0	saturated	0.875	False	8	16	2	16	1.0	1.0	1.0	1.0
aero	26	1	8	1.0	saturated	0.875	False	8	16	2	16	1.0	1.0	1.0	1.0
aero	26	2	8	1.0	saturated	0.875	False	8	16	2	16	1.0	1.0	1.0	1.0
aero	26	3	0	0.0	saturated	0.875	False	8	16	16	16	1.0	1.0	1.0	1.0
aero	26	4	6	0.75	mid	0.875	False	8	16	8	16	0.1001	0.01	0.1001	0.01
aero	26	5	0	0.0	saturated	0.875	False	8	16	16	16	1.0	1.0	1.0	1.0
aero	26	6	8	1.0	saturated	0.875	False	8	16	2	16	1.0	1.0	1.0	1.0
aero	26	7	3	0.375	mid	0.875	False	8	16	16	16	0.0237	0.0005	0.0005	0.0005
aero	26	8	8	1.0	saturated	0.875	False	8	16	2	16	1.0	1.0	1.0	1.0
aero	26	9	8	1.0	saturated	0.875	False	8	16	2	16	1.0	1.0	1.0	1.0
aero	26	10	8	1.0	saturated	0.875	False	8	16	2	16	1.0	1.0	1.0	1.0
aero	26	11	8	1.0	saturated	0.875	False	8	16	2	16	1.0	1.0	1.0	1.0
aero	26	12	8	1.0	saturated	0.875	False	8	16	2	16	1.0	1.0	1.0	1.0
aero	26	13	8	1.0	saturated	0.875	False	8	16	2	16	1.0	1.0	1.0	1.0
aero	26	14	8	1.0	saturated	0.875	False	8	16	2	16	1.0	1.0	1.0	1.0
aero	26	15	8	1.0	saturated	0.875	False	8	16	2	16	1.0	1.0	1.0	1.0
aero	27	0	8	1.0	saturated	0.9375	True	8	16	2	4	1.0	1.0	1.0	1.0
aero	27	1	8	1.0	saturated	0.9375	True	8	16	2	4	1.0	1.0	1.0	1.0
aero	27	2	8	1.0	saturated	0.9375	True	8	16	2	4	1.0	1.0	1.0	1.0
aero	27	3	8	1.0	saturated	0.9375	True	8	16	2	4	1.0	1.0	1.0	1.0
aero	27	4	8	1.0	saturated	0.9375	True	8	16	2	4	1.0	1.0	1.0	1.0
aero	27	5	8	1.0	saturated	0.9375	True	8	16	2	4	1.0	1.0	1.0	1.0
aero	27	6	8	1.0	saturated	0.9375	True	8	16	2	4	1.0	1.0	1.0	1.0
aero	27	7	8	1.0	saturated	0.9375	True	8	16	2	4	1.0	1.0	1.0	1.0
aero	27	8	8	1.0	saturated	0.9375	True	8	16	2	4	1.0	1.0	1.0	1.0
aero	27	9	8	1.0	saturated	0.9375	True	8	16	2	4	1.0	1.0	1.0	1.0
aero	27	10	8	1.0	saturated	0.9375	True	8	16	2	4	1.0	1.0	1.0	1.0
aero	27	11	8	1.0	saturated	0.9375	True	8	16	2	4	1.0	1.0	1.0	1.0
aero	27	12	8	1.0	saturated	0.9375	True	8	16	2	4	1.0	1.0	1.0	1.0
aero	27	13	8	1.0	saturated	0.9375	True	8	16	2	4	1.0	1.0	1.0	1.0
aero	27	14	5	0.625	mid	0.9375	True	8	16	16	4	0.0237	0.0005	0.0005	0.1724
aero	27	15	8	1.0	saturated	0.9375	True	8	16	2	4	1.0	1.0	1.0	1.0
aero	28	0	8	1.0	saturated	0.8125	False	8	16	2	16	1.0	1.0	1.0	1.0
aero	28	1	8	1.0	saturated	0.8125	False	8	16	2	16	1.0	1.0	1.0	1.0
aero	28	2	8	1.0	saturated	0.8125	False	8	16	2	16	1.0	1.0	1.0	1.0
aero	28	3	8	1.0	saturated	0.8125	False	8	16	2	16	1.0	1.0	1.0	1.0
aero	28	4	8	1.0	saturated	0.8125	False	8	16	2	16	1.0	1.0	1.0	1.0
aero	28	5	8	1.0	saturated	0.8125	False	8	16	2	16	1.0	1.0	1.0	1.0
aero	28	6	8	1.0	saturated	0.8125	False	8	16	2	16	1.0	1.0	1.0	1.0
aero	28	7	8	1.0	saturated	0.8125	False	8	16	2	16	1.0	1.0	1.0	1.0
aero	28	8	8	1.0	saturated	0.8125	False	8	16	2	16	1.0	1.0	1.0	1.0
aero	28	9	8	1.0	saturated	0.8125	False	8	16	2	16	1.0	1.0	1.0	1.0
aero	28	10	8	1.0	saturated	0.8125	False	8	16	2	16	1.0	1.0	1.0	1.0
aero	28	11	8	1.0	saturated	0.8125	False	8	16	2	16	1.0	1.0	1.0	1.0
aero	28	12	7	0.875	boundary	0.8125	False	8	16	4	16	0.3436	0.1181	0.5864	0.1181
aero	28	13	1	0.125	boundary	0.8125	False	8	16	16	16	0.3436	0.1181	0.1181	0.1181
aero	28	14	4	0.5	mid	0.8125	False	8	16	16	16	0.0078	0.0	0.0	0.0
aero	28	15	8	1.0	saturated	0.8125	False	8	16	2	16	1.0	1.0	1.0	1.0
aero	29	0	8	1.0	saturated	0.875	False	8	16	2	16	1.0	1.0	1.0	1.0
aero	29	1	8	1.0	saturated	0.875	False	8	16	2	16	1.0	1.0	1.0	1.0
aero	29	2	8	1.0	saturated	0.875	False	8	16	2	16	1.0	1.0	1.0	1.0
aero	29	3	8	1.0	saturated	0.875	False	8	16	2	16	1.0	1.0	1.0	1.0
aero	29	4	2	0.25	mid	0.875	False	8	16	16	16	0.1001	0.01	0.01	0.01
aero	29	5	8	1.0	saturated	0.875	False	8	16	2	16	1.0	1.0	1.0	1.0
aero	29	6	8	1.0	saturated	0.875	False	8	16	2	16	1.0	1.0	1.0	1.0
aero	29	7	8	1.0	saturated	0.875	False	8	16	2	16	1.0	1.0	1.0	1.0
aero	29	8	8	1.0	saturated	0.875	False	8	16	2	16	1.0	1.0	1.0	1.0
aero	29	9	6	0.75	mid	0.875	False	8	16	8	16	0.1001	0.01	0.1001	0.01
aero	29	10	8	1.0	saturated	0.875	False	8	16	2	16	1.0	1.0	1.0	1.0
aero	29	11	8	1.0	saturated	0.875	False	8	16	2	16	1.0	1.0	1.0	1.0
aero	29	12	8	1.0	saturated	0.875	False	8	16	2	16	1.0	1.0	1.0	1.0
aero	29	13	8	1.0	saturated	0.875	False	8	16	2	16	1.0	1.0	1.0	1.0
aero	29	14	8	1.0	saturated	0.875	False	8	16	2	16	1.0	1.0	1.0	1.0
aero	29	15	8	1.0	saturated	0.875	False	8	16	2	16	1.0	1.0	1.0	1.0
aero	30	0	8	1.0	saturated	0.8125	False	8	16	2	16	1.0	1.0	1.0	1.0
aero	30	1	8	1.0	saturated	0.8125	False	8	16	2	16	1.0	1.0	1.0	1.0
aero	30	2	8	1.0	saturated	0.8125	False	8	16	2	16	1.0	1.0	1.0	1.0
aero	30	3	8	1.0	saturated	0.8125	False	8	16	2	16	1.0	1.0	1.0	1.0
aero	30	4	8	1.0	saturated	0.8125	False	8	16	2	16	1.0	1.0	1.0	1.0
aero	30	5	8	1.0	saturated	0.8125	False	8	16	2	16	1.0	1.0	1.0	1.0
aero	30	6	8	1.0	saturated	0.8125	False	8	16	2	16	1.0	1.0	1.0	1.0
aero	30	7	8	1.0	saturated	0.8125	False	8	16	2	16	1.0	1.0	1.0	1.0
aero	30	8	7	0.875	boundary	0.8125	False	8	16	4	16	0.3436	0.1181	0.5864	0.1181
aero	30	9	8	1.0	saturated	0.8125	False	8	16	2	16	1.0	1.0	1.0	1.0
aero	30	10	7	0.875	boundary	0.8125	False	8	16	4	16	0.3436	0.1181	0.5864	0.1181
aero	30	11	8	1.0	saturated	0.8125	False	8	16	2	16	1.0	1.0	1.0	1.0
aero	30	12	8	1.0	saturated	0.8125	False	8	16	2	16	1.0	1.0	1.0	1.0
aero	30	13	8	1.0	saturated	0.8125	False	8	16	2	16	1.0	1.0	1.0	1.0
aero	30	14	8	1.0	saturated	0.8125	False	8	16	2	16	1.0	1.0	1.0	1.0
aero	30	15	2	0.25	mid	0.8125	False	8	16	16	16	0.1001	0.01	0.01	0.01
aero	31	0	8	1.0	saturated	0.8125	False	8	16	2	16	1.0	1.0	1.0	1.0
aero	31	1	0	0.0	saturated	0.8125	False	8	16	16	16	1.0	1.0	1.0	1.0
aero	31	2	8	1.0	saturated	0.8125	False	8	16	2	16	1.0	1.0	1.0	1.0
aero	31	3	8	1.0	saturated	0.8125	False	8	16	2	16	1.0	1.0	1.0	1.0
aero	31	4	8	1.0	saturated	0.8125	False	8	16	2	16	1.0	1.0	1.0	1.0
aero	31	5	8	1.0	saturated	0.8125	False	8	16	2	16	1.0	1.0	1.0	1.0
aero	31	6	7	0.875	boundary	0.8125	False	8	16	4	16	0.3436	0.1181	0.5864	0.1181
aero	31	7	6	0.75	mid	0.8125	False	8	16	8	16	0.1001	0.01	0.1001	0.01
aero	31	8	8	1.0	saturated	0.8125	False	8	16	2	16	1.0	1.0	1.0	1.0
aero	31	9	8	1.0	saturated	0.8125	False	8	16	2	16	1.0	1.0	1.0	1.0
aero	31	10	8	1.0	saturated	0.8125	False	8	16	2	16	1.0	1.0	1.0	1.0
aero	31	11	8	1.0	saturated	0.8125	False	8	16	2	16	1.0	1.0	1.0	1.0
aero	31	12	7	0.875	boundary	0.8125	False	8	16	4	16	0.3436	0.1181	0.5864	0.1181
aero	31	13	8	1.0	saturated	0.8125	False	8	16	2	16	1.0	1.0	1.0	1.0
aero	31	14	8	1.0	saturated	0.8125	False	8	16	2	16	1.0	1.0	1.0	1.0
aero	31	15	8	1.0	saturated	0.8125	False	8	16	2	16	1.0	1.0	1.0	1.0
aero	32	0	8	1.0	saturated	0.75	False	8	16	2	16	1.0	1.0	1.0	1.0
aero	32	1	7	0.875	boundary	0.75	False	8	16	4	16	0.3436	0.1181	0.5864	0.1181
aero	32	2	8	1.0	saturated	0.75	False	8	16	2	16	1.0	1.0	1.0	1.0
aero	32	3	8	1.0	saturated	0.75	False	8	16	2	16	1.0	1.0	1.0	1.0
aero	32	4	8	1.0	saturated	0.75	False	8	16	2	16	1.0	1.0	1.0	1.0
aero	32	5	8	1.0	saturated	0.75	False	8	16	2	16	1.0	1.0	1.0	1.0
aero	32	6	8	1.0	saturated	0.75	False	8	16	2	16	1.0	1.0	1.0	1.0
aero	32	7	8	1.0	saturated	0.75	False	8	16	2	16	1.0	1.0	1.0	1.0
aero	32	8	8	1.0	saturated	0.75	False	8	16	2	16	1.0	1.0	1.0	1.0
aero	32	9	4	0.5	mid	0.75	False	8	16	16	16	0.0078	0.0	0.0	0.0
aero	32	10	8	1.0	saturated	0.75	False	8	16	2	16	1.0	1.0	1.0	1.0
aero	32	11	3	0.375	mid	0.75	False	8	16	16	16	0.0237	0.0005	0.0005	0.0005
aero	32	12	8	1.0	saturated	0.75	False	8	16	2	16	1.0	1.0	1.0	1.0
aero	32	13	8	1.0	saturated	0.75	False	8	16	2	16	1.0	1.0	1.0	1.0
aero	32	14	2	0.25	mid	0.75	False	8	16	16	16	0.1001	0.01	0.01	0.01
aero	32	15	8	1.0	saturated	0.75	False	8	16	2	16	1.0	1.0	1.0	1.0
aero	33	0	6	0.75	mid	0.625	False	8	8	8	8	0.1001	0.1001	0.1001	0.1001
aero	33	1	5	0.625	mid	0.625	False	8	8	16	8	0.0237	0.0237	0.0005	0.0237
aero	33	2	5	0.625	mid	0.625	False	8	8	16	8	0.0237	0.0237	0.0005	0.0237
aero	33	3	8	1.0	saturated	0.625	False	8	8	2	8	1.0	1.0	1.0	1.0
aero	33	4	8	1.0	saturated	0.625	False	8	8	2	8	1.0	1.0	1.0	1.0
aero	33	5	8	1.0	saturated	0.625	False	8	8	2	8	1.0	1.0	1.0	1.0
aero	33	6	8	1.0	saturated	0.625	False	8	8	2	8	1.0	1.0	1.0	1.0
aero	33	7	8	1.0	saturated	0.625	False	8	8	2	8	1.0	1.0	1.0	1.0
aero	33	8	8	1.0	saturated	0.625	False	8	8	2	8	1.0	1.0	1.0	1.0
aero	33	9	7	0.875	boundary	0.625	False	8	8	4	8	0.3436	0.3436	0.5864	0.3436
aero	33	10	8	1.0	saturated	0.625	False	8	8	2	8	1.0	1.0	1.0	1.0
aero	33	11	8	1.0	saturated	0.625	False	8	8	2	8	1.0	1.0	1.0	1.0
aero	33	12	8	1.0	saturated	0.625	False	8	8	2	8	1.0	1.0	1.0	1.0
aero	33	13	7	0.875	boundary	0.625	False	8	8	4	8	0.3436	0.3436	0.5864	0.3436
aero	33	14	8	1.0	saturated	0.625	False	8	8	2	8	1.0	1.0	1.0	1.0
aero	33	15	1	0.125	boundary	0.625	False	8	8	16	8	0.3436	0.3436	0.1181	0.3436
aero	34	0	8	1.0	saturated	0.875	False	8	16	2	16	1.0	1.0	1.0	1.0
aero	34	1	8	1.0	saturated	0.875	False	8	16	2	16	1.0	1.0	1.0	1.0
aero	34	2	8	1.0	saturated	0.875	False	8	16	2	16	1.0	1.0	1.0	1.0
aero	34	3	8	1.0	saturated	0.875	False	8	16	2	16	1.0	1.0	1.0	1.0
aero	34	4	7	0.875	boundary	0.875	False	8	16	4	16	0.3436	0.1181	0.5864	0.1181
aero	34	5	8	1.0	saturated	0.875	False	8	16	2	16	1.0	1.0	1.0	1.0
aero	34	6	0	0.0	saturated	0.875	False	8	16	16	16	1.0	1.0	1.0	1.0
aero	34	7	8	1.0	saturated	0.875	False	8	16	2	16	1.0	1.0	1.0	1.0
aero	34	8	8	1.0	saturated	0.875	False	8	16	2	16	1.0	1.0	1.0	1.0
aero	34	9	3	0.375	mid	0.875	False	8	16	16	16	0.0237	0.0005	0.0005	0.0005
aero	34	10	8	1.0	saturated	0.875	False	8	16	2	16	1.0	1.0	1.0	1.0
aero	34	11	8	1.0	saturated	0.875	False	8	16	2	16	1.0	1.0	1.0	1.0
aero	34	12	8	1.0	saturated	0.875	False	8	16	2	16	1.0	1.0	1.0	1.0
aero	34	13	8	1.0	saturated	0.875	False	8	16	2	16	1.0	1.0	1.0	1.0
aero	34	14	8	1.0	saturated	0.875	False	8	16	2	16	1.0	1.0	1.0	1.0
aero	34	15	8	1.0	saturated	0.875	False	8	16	2	16	1.0	1.0	1.0	1.0
aero	35	0	7	0.875	boundary	0.8125	False	8	16	4	16	0.3436	0.1181	0.5864	0.1181
aero	35	1	8	1.0	saturated	0.8125	False	8	16	2	16	1.0	1.0	1.0	1.0
aero	35	2	8	1.0	saturated	0.8125	False	8	16	2	16	1.0	1.0	1.0	1.0
aero	35	3	8	1.0	saturated	0.8125	False	8	16	2	16	1.0	1.0	1.0	1.0
aero	35	4	0	0.0	saturated	0.8125	False	8	16	16	16	1.0	1.0	1.0	1.0
aero	35	5	8	1.0	saturated	0.8125	False	8	16	2	16	1.0	1.0	1.0	1.0
aero	35	6	8	1.0	saturated	0.8125	False	8	16	2	16	1.0	1.0	1.0	1.0
aero	35	7	6	0.75	mid	0.8125	False	8	16	8	16	0.1001	0.01	0.1001	0.01
aero	35	8	0	0.0	saturated	0.8125	False	8	16	16	16	1.0	1.0	1.0	1.0
aero	35	9	8	1.0	saturated	0.8125	False	8	16	2	16	1.0	1.0	1.0	1.0
aero	35	10	8	1.0	saturated	0.8125	False	8	16	2	16	1.0	1.0	1.0	1.0
aero	35	11	8	1.0	saturated	0.8125	False	8	16	2	16	1.0	1.0	1.0	1.0
aero	35	12	8	1.0	saturated	0.8125	False	8	16	2	16	1.0	1.0	1.0	1.0
aero	35	13	8	1.0	saturated	0.8125	False	8	16	2	16	1.0	1.0	1.0	1.0
aero	35	14	4	0.5	mid	0.8125	False	8	16	16	16	0.0078	0.0	0.0	0.0
aero	35	15	8	1.0	saturated	0.8125	False	8	16	2	16	1.0	1.0	1.0	1.0
aero	36	0	6	0.75	mid	0.8125	False	8	16	8	16	0.1001	0.01	0.1001	0.01
aero	36	1	8	1.0	saturated	0.8125	False	8	16	2	16	1.0	1.0	1.0	1.0
aero	36	2	0	0.0	saturated	0.8125	False	8	16	16	16	1.0	1.0	1.0	1.0
aero	36	3	6	0.75	mid	0.8125	False	8	16	8	16	0.1001	0.01	0.1001	0.01
aero	36	4	8	1.0	saturated	0.8125	False	8	16	2	16	1.0	1.0	1.0	1.0
aero	36	5	8	1.0	saturated	0.8125	False	8	16	2	16	1.0	1.0	1.0	1.0
aero	36	6	8	1.0	saturated	0.8125	False	8	16	2	16	1.0	1.0	1.0	1.0
aero	36	7	8	1.0	saturated	0.8125	False	8	16	2	16	1.0	1.0	1.0	1.0
aero	36	8	8	1.0	saturated	0.8125	False	8	16	2	16	1.0	1.0	1.0	1.0
aero	36	9	8	1.0	saturated	0.8125	False	8	16	2	16	1.0	1.0	1.0	1.0
aero	36	10	8	1.0	saturated	0.8125	False	8	16	2	16	1.0	1.0	1.0	1.0
aero	36	11	8	1.0	saturated	0.8125	False	8	16	2	16	1.0	1.0	1.0	1.0
aero	36	12	8	1.0	saturated	0.8125	False	8	16	2	16	1.0	1.0	1.0	1.0
aero	36	13	8	1.0	saturated	0.8125	False	8	16	2	16	1.0	1.0	1.0	1.0
aero	36	14	8	1.0	saturated	0.8125	False	8	16	2	16	1.0	1.0	1.0	1.0
aero	36	15	7	0.875	boundary	0.8125	False	8	16	4	16	0.3436	0.1181	0.5864	0.1181
aero	37	0	8	1.0	saturated	0.6875	False	8	8	2	8	1.0	1.0	1.0	1.0
aero	37	1	0	0.0	saturated	0.6875	False	8	8	16	8	1.0	1.0	1.0	1.0
aero	37	2	7	0.875	boundary	0.6875	False	8	8	4	8	0.3436	0.3436	0.5864	0.3436
aero	37	3	8	1.0	saturated	0.6875	False	8	8	2	8	1.0	1.0	1.0	1.0
aero	37	4	8	1.0	saturated	0.6875	False	8	8	2	8	1.0	1.0	1.0	1.0
aero	37	5	8	1.0	saturated	0.6875	False	8	8	2	8	1.0	1.0	1.0	1.0
aero	37	6	1	0.125	boundary	0.6875	False	8	8	16	8	0.3436	0.3436	0.1181	0.3436
aero	37	7	5	0.625	mid	0.6875	False	8	8	16	8	0.0237	0.0237	0.0005	0.0237
aero	37	8	8	1.0	saturated	0.6875	False	8	8	2	8	1.0	1.0	1.0	1.0
aero	37	9	8	1.0	saturated	0.6875	False	8	8	2	8	1.0	1.0	1.0	1.0
aero	37	10	4	0.5	mid	0.6875	False	8	8	16	8	0.0078	0.0078	0.0	0.0078
aero	37	11	0	0.0	saturated	0.6875	False	8	8	16	8	1.0	1.0	1.0	1.0
aero	37	12	8	1.0	saturated	0.6875	False	8	8	2	8	1.0	1.0	1.0	1.0
aero	37	13	8	1.0	saturated	0.6875	False	8	8	2	8	1.0	1.0	1.0	1.0
aero	37	14	8	1.0	saturated	0.6875	False	8	8	2	8	1.0	1.0	1.0	1.0
aero	37	15	1	0.125	boundary	0.6875	False	8	8	16	8	0.3436	0.3436	0.1181	0.3436
aero	38	0	8	1.0	saturated	0.6875	False	8	8	2	8	1.0	1.0	1.0	1.0
aero	38	1	7	0.875	boundary	0.6875	False	8	8	4	8	0.3436	0.3436	0.5864	0.3436
aero	38	2	8	1.0	saturated	0.6875	False	8	8	2	8	1.0	1.0	1.0	1.0
aero	38	3	1	0.125	boundary	0.6875	False	8	8	16	8	0.3436	0.3436	0.1181	0.3436
aero	38	4	4	0.5	mid	0.6875	False	8	8	16	8	0.0078	0.0078	0.0	0.0078
aero	38	5	8	1.0	saturated	0.6875	False	8	8	2	8	1.0	1.0	1.0	1.0
aero	38	6	8	1.0	saturated	0.6875	False	8	8	2	8	1.0	1.0	1.0	1.0
aero	38	7	8	1.0	saturated	0.6875	False	8	8	2	8	1.0	1.0	1.0	1.0
aero	38	8	8	1.0	saturated	0.6875	False	8	8	2	8	1.0	1.0	1.0	1.0
aero	38	9	8	1.0	saturated	0.6875	False	8	8	2	8	1.0	1.0	1.0	1.0
aero	38	10	7	0.875	boundary	0.6875	False	8	8	4	8	0.3436	0.3436	0.5864	0.3436
aero	38	11	8	1.0	saturated	0.6875	False	8	8	2	8	1.0	1.0	1.0	1.0
aero	38	12	8	1.0	saturated	0.6875	False	8	8	2	8	1.0	1.0	1.0	1.0
aero	38	13	0	0.0	saturated	0.6875	False	8	8	16	8	1.0	1.0	1.0	1.0
aero	38	14	4	0.5	mid	0.6875	False	8	8	16	8	0.0078	0.0078	0.0	0.0078
aero	38	15	8	1.0	saturated	0.6875	False	8	8	2	8	1.0	1.0	1.0	1.0
aero	39	0	8	1.0	saturated	0.625	False	8	8	2	8	1.0	1.0	1.0	1.0
aero	39	1	8	1.0	saturated	0.625	False	8	8	2	8	1.0	1.0	1.0	1.0
aero	39	2	1	0.125	boundary	0.625	False	8	8	16	8	0.3436	0.3436	0.1181	0.3436
aero	39	3	8	1.0	saturated	0.625	False	8	8	2	8	1.0	1.0	1.0	1.0
aero	39	4	0	0.0	saturated	0.625	False	8	8	16	8	1.0	1.0	1.0	1.0
aero	39	5	7	0.875	boundary	0.625	False	8	8	4	8	0.3436	0.3436	0.5864	0.3436
aero	39	6	8	1.0	saturated	0.625	False	8	8	2	8	1.0	1.0	1.0	1.0
aero	39	7	8	1.0	saturated	0.625	False	8	8	2	8	1.0	1.0	1.0	1.0
aero	39	8	3	0.375	mid	0.625	False	8	8	16	8	0.0237	0.0237	0.0005	0.0237
aero	39	9	8	1.0	saturated	0.625	False	8	8	2	8	1.0	1.0	1.0	1.0
aero	39	10	8	1.0	saturated	0.625	False	8	8	2	8	1.0	1.0	1.0	1.0
aero	39	11	7	0.875	boundary	0.625	False	8	8	4	8	0.3436	0.3436	0.5864	0.3436
aero	39	12	8	1.0	saturated	0.625	False	8	8	2	8	1.0	1.0	1.0	1.0
aero	39	13	7	0.875	boundary	0.625	False	8	8	4	8	0.3436	0.3436	0.5864	0.3436
aero	39	14	8	1.0	saturated	0.625	False	8	8	2	8	1.0	1.0	1.0	1.0
aero	39	15	1	0.125	boundary	0.625	False	8	8	16	8	0.3436	0.3436	0.1181	0.3436
gift	0	0	8	1.0	saturated	0.75	False	8	16	2	16	1.0	1.0	1.0	1.0
gift	0	1	4	0.5	mid	0.75	False	8	16	16	16	0.0078	0.0	0.0	0.0
gift	0	2	8	1.0	saturated	0.75	False	8	16	2	16	1.0	1.0	1.0	1.0
gift	0	3	8	1.0	saturated	0.75	False	8	16	2	16	1.0	1.0	1.0	1.0
gift	0	4	8	1.0	saturated	0.75	False	8	16	2	16	1.0	1.0	1.0	1.0
gift	0	5	8	1.0	saturated	0.75	False	8	16	2	16	1.0	1.0	1.0	1.0
gift	0	6	8	1.0	saturated	0.75	False	8	16	2	16	1.0	1.0	1.0	1.0
gift	0	7	8	1.0	saturated	0.75	False	8	16	2	16	1.0	1.0	1.0	1.0
gift	0	8	8	1.0	saturated	0.75	False	8	16	2	16	1.0	1.0	1.0	1.0
gift	0	9	2	0.25	mid	0.75	False	8	16	16	16	0.1001	0.01	0.01	0.01
gift	0	10	6	0.75	mid	0.75	False	8	16	8	16	0.1001	0.01	0.1001	0.01
gift	0	11	5	0.625	mid	0.75	False	8	16	16	16	0.0237	0.0005	0.0005	0.0005
gift	0	12	8	1.0	saturated	0.75	False	8	16	2	16	1.0	1.0	1.0	1.0
gift	0	13	8	1.0	saturated	0.75	False	8	16	2	16	1.0	1.0	1.0	1.0
gift	0	14	0	0.0	saturated	0.75	False	8	16	16	16	1.0	1.0	1.0	1.0
gift	0	15	8	1.0	saturated	0.75	False	8	16	2	16	1.0	1.0	1.0	1.0
gift	1	0	8	1.0	saturated	0.5625	False	8	8	2	8	1.0	1.0	1.0	1.0
gift	1	1	4	0.5	mid	0.5625	False	8	8	16	8	0.0078	0.0078	0.0	0.0078
gift	1	2	2	0.25	mid	0.5625	False	8	8	16	8	0.1001	0.1001	0.01	0.1001
gift	1	3	8	1.0	saturated	0.5625	False	8	8	2	8	1.0	1.0	1.0	1.0
gift	1	4	8	1.0	saturated	0.5625	False	8	8	2	8	1.0	1.0	1.0	1.0
gift	1	5	8	1.0	saturated	0.5625	False	8	8	2	8	1.0	1.0	1.0	1.0
gift	1	6	8	1.0	saturated	0.5625	False	8	8	2	8	1.0	1.0	1.0	1.0
gift	1	7	7	0.875	boundary	0.5625	False	8	8	4	8	0.3436	0.3436	0.5864	0.3436
gift	1	8	8	1.0	saturated	0.5625	False	8	8	2	8	1.0	1.0	1.0	1.0
gift	1	9	6	0.75	mid	0.5625	False	8	8	8	8	0.1001	0.1001	0.1001	0.1001
gift	1	10	7	0.875	boundary	0.5625	False	8	8	4	8	0.3436	0.3436	0.5864	0.3436
gift	1	11	8	1.0	saturated	0.5625	False	8	8	2	8	1.0	1.0	1.0	1.0
gift	1	12	8	1.0	saturated	0.5625	False	8	8	2	8	1.0	1.0	1.0	1.0
gift	1	13	4	0.5	mid	0.5625	False	8	8	16	8	0.0078	0.0078	0.0	0.0078
gift	1	14	8	1.0	saturated	0.5625	False	8	8	2	8	1.0	1.0	1.0	1.0
gift	1	15	1	0.125	boundary	0.5625	False	8	8	16	8	0.3436	0.3436	0.1181	0.3436
gift	2	0	7	0.875	boundary	0.6875	False	8	8	4	8	0.3436	0.3436	0.5864	0.3436
gift	2	1	8	1.0	saturated	0.6875	False	8	8	2	8	1.0	1.0	1.0	1.0
gift	2	2	7	0.875	boundary	0.6875	False	8	8	4	8	0.3436	0.3436	0.5864	0.3436
gift	2	3	8	1.0	saturated	0.6875	False	8	8	2	8	1.0	1.0	1.0	1.0
gift	2	4	7	0.875	boundary	0.6875	False	8	8	4	8	0.3436	0.3436	0.5864	0.3436
gift	2	5	7	0.875	boundary	0.6875	False	8	8	4	8	0.3436	0.3436	0.5864	0.3436
gift	2	6	0	0.0	saturated	0.6875	False	8	8	16	8	1.0	1.0	1.0	1.0
gift	2	7	8	1.0	saturated	0.6875	False	8	8	2	8	1.0	1.0	1.0	1.0
gift	2	8	8	1.0	saturated	0.6875	False	8	8	2	8	1.0	1.0	1.0	1.0
gift	2	9	1	0.125	boundary	0.6875	False	8	8	16	8	0.3436	0.3436	0.1181	0.3436
gift	2	10	8	1.0	saturated	0.6875	False	8	8	2	8	1.0	1.0	1.0	1.0
gift	2	11	8	1.0	saturated	0.6875	False	8	8	2	8	1.0	1.0	1.0	1.0
gift	2	12	8	1.0	saturated	0.6875	False	8	8	2	8	1.0	1.0	1.0	1.0
gift	2	13	8	1.0	saturated	0.6875	False	8	8	2	8	1.0	1.0	1.0	1.0
gift	2	14	8	1.0	saturated	0.6875	False	8	8	2	8	1.0	1.0	1.0	1.0
gift	2	15	8	1.0	saturated	0.6875	False	8	8	2	8	1.0	1.0	1.0	1.0
gift	3	0	6	0.75	mid	0.5625	False	8	8	8	8	0.1001	0.1001	0.1001	0.1001
gift	3	1	8	1.0	saturated	0.5625	False	8	8	2	8	1.0	1.0	1.0	1.0
gift	3	2	8	1.0	saturated	0.5625	False	8	8	2	8	1.0	1.0	1.0	1.0
gift	3	3	6	0.75	mid	0.5625	False	8	8	8	8	0.1001	0.1001	0.1001	0.1001
gift	3	4	0	0.0	saturated	0.5625	False	8	8	16	8	1.0	1.0	1.0	1.0
gift	3	5	8	1.0	saturated	0.5625	False	8	8	2	8	1.0	1.0	1.0	1.0
gift	3	6	7	0.875	boundary	0.5625	False	8	8	4	8	0.3436	0.3436	0.5864	0.3436
gift	3	7	8	1.0	saturated	0.5625	False	8	8	2	8	1.0	1.0	1.0	1.0
gift	3	8	0	0.0	saturated	0.5625	False	8	8	16	8	1.0	1.0	1.0	1.0
gift	3	9	7	0.875	boundary	0.5625	False	8	8	4	8	0.3436	0.3436	0.5864	0.3436
gift	3	10	8	1.0	saturated	0.5625	False	8	8	2	8	1.0	1.0	1.0	1.0
gift	3	11	7	0.875	boundary	0.5625	False	8	8	4	8	0.3436	0.3436	0.5864	0.3436
gift	3	12	8	1.0	saturated	0.5625	False	8	8	2	8	1.0	1.0	1.0	1.0
gift	3	13	6	0.75	mid	0.5625	False	8	8	8	8	0.1001	0.1001	0.1001	0.1001
gift	3	14	2	0.25	mid	0.5625	False	8	8	16	8	0.1001	0.1001	0.01	0.1001
gift	3	15	8	1.0	saturated	0.5625	False	8	8	2	8	1.0	1.0	1.0	1.0
gift	4	0	7	0.875	boundary	0.6875	False	8	8	4	8	0.3436	0.3436	0.5864	0.3436
gift	4	1	6	0.75	mid	0.6875	False	8	8	8	8	0.1001	0.1001	0.1001	0.1001
gift	4	2	0	0.0	saturated	0.6875	False	8	8	16	8	1.0	1.0	1.0	1.0
gift	4	3	5	0.625	mid	0.6875	False	8	8	16	8	0.0237	0.0237	0.0005	0.0237
gift	4	4	8	1.0	saturated	0.6875	False	8	8	2	8	1.0	1.0	1.0	1.0
gift	4	5	8	1.0	saturated	0.6875	False	8	8	2	8	1.0	1.0	1.0	1.0
gift	4	6	8	1.0	saturated	0.6875	False	8	8	2	8	1.0	1.0	1.0	1.0
gift	4	7	8	1.0	saturated	0.6875	False	8	8	2	8	1.0	1.0	1.0	1.0
gift	4	8	8	1.0	saturated	0.6875	False	8	8	2	8	1.0	1.0	1.0	1.0
gift	4	9	8	1.0	saturated	0.6875	False	8	8	2	8	1.0	1.0	1.0	1.0
gift	4	10	8	1.0	saturated	0.6875	False	8	8	2	8	1.0	1.0	1.0	1.0
gift	4	11	8	1.0	saturated	0.6875	False	8	8	2	8	1.0	1.0	1.0	1.0
gift	4	12	8	1.0	saturated	0.6875	False	8	8	2	8	1.0	1.0	1.0	1.0
gift	4	13	6	0.75	mid	0.6875	False	8	8	8	8	0.1001	0.1001	0.1001	0.1001
gift	4	14	8	1.0	saturated	0.6875	False	8	8	2	8	1.0	1.0	1.0	1.0
gift	4	15	7	0.875	boundary	0.6875	False	8	8	4	8	0.3436	0.3436	0.5864	0.3436
gift	5	0	8	1.0	saturated	0.625	False	8	8	2	8	1.0	1.0	1.0	1.0
gift	5	1	0	0.0	saturated	0.625	False	8	8	16	8	1.0	1.0	1.0	1.0
gift	5	2	5	0.625	mid	0.625	False	8	8	16	8	0.0237	0.0237	0.0005	0.0237
gift	5	3	8	1.0	saturated	0.625	False	8	8	2	8	1.0	1.0	1.0	1.0
gift	5	4	8	1.0	saturated	0.625	False	8	8	2	8	1.0	1.0	1.0	1.0
gift	5	5	8	1.0	saturated	0.625	False	8	8	2	8	1.0	1.0	1.0	1.0
gift	5	6	1	0.125	boundary	0.625	False	8	8	16	8	0.3436	0.3436	0.1181	0.3436
gift	5	7	1	0.125	boundary	0.625	False	8	8	16	8	0.3436	0.3436	0.1181	0.3436
gift	5	8	7	0.875	boundary	0.625	False	8	8	4	8	0.3436	0.3436	0.5864	0.3436
gift	5	9	8	1.0	saturated	0.625	False	8	8	2	8	1.0	1.0	1.0	1.0
gift	5	10	1	0.125	boundary	0.625	False	8	8	16	8	0.3436	0.3436	0.1181	0.3436
gift	5	11	1	0.125	boundary	0.625	False	8	8	16	8	0.3436	0.3436	0.1181	0.3436
gift	5	12	8	1.0	saturated	0.625	False	8	8	2	8	1.0	1.0	1.0	1.0
gift	5	13	8	1.0	saturated	0.625	False	8	8	2	8	1.0	1.0	1.0	1.0
gift	5	14	8	1.0	saturated	0.625	False	8	8	2	8	1.0	1.0	1.0	1.0
gift	5	15	0	0.0	saturated	0.625	False	8	8	16	8	1.0	1.0	1.0	1.0
gift	6	0	8	1.0	saturated	0.75	False	8	16	2	16	1.0	1.0	1.0	1.0
gift	6	1	6	0.75	mid	0.75	False	8	16	8	16	0.1001	0.01	0.1001	0.01
gift	6	2	8	1.0	saturated	0.75	False	8	16	2	16	1.0	1.0	1.0	1.0
gift	6	3	0	0.0	saturated	0.75	False	8	16	16	16	1.0	1.0	1.0	1.0
gift	6	4	5	0.625	mid	0.75	False	8	16	16	16	0.0237	0.0005	0.0005	0.0005
gift	6	5	8	1.0	saturated	0.75	False	8	16	2	16	1.0	1.0	1.0	1.0
gift	6	6	8	1.0	saturated	0.75	False	8	16	2	16	1.0	1.0	1.0	1.0
gift	6	7	8	1.0	saturated	0.75	False	8	16	2	16	1.0	1.0	1.0	1.0
gift	6	8	8	1.0	saturated	0.75	False	8	16	2	16	1.0	1.0	1.0	1.0
gift	6	9	8	1.0	saturated	0.75	False	8	16	2	16	1.0	1.0	1.0	1.0
gift	6	10	7	0.875	boundary	0.75	False	8	16	4	16	0.3436	0.1181	0.5864	0.1181
gift	6	11	8	1.0	saturated	0.75	False	8	16	2	16	1.0	1.0	1.0	1.0
gift	6	12	8	1.0	saturated	0.75	False	8	16	2	16	1.0	1.0	1.0	1.0
gift	6	13	0	0.0	saturated	0.75	False	8	16	16	16	1.0	1.0	1.0	1.0
gift	6	14	3	0.375	mid	0.75	False	8	16	16	16	0.0237	0.0005	0.0005	0.0005
gift	6	15	8	1.0	saturated	0.75	False	8	16	2	16	1.0	1.0	1.0	1.0
gift	7	0	8	1.0	saturated	0.6875	False	8	8	2	8	1.0	1.0	1.0	1.0
gift	7	1	8	1.0	saturated	0.6875	False	8	8	2	8	1.0	1.0	1.0	1.0
gift	7	2	0	0.0	saturated	0.6875	False	8	8	16	8	1.0	1.0	1.0	1.0
gift	7	3	8	1.0	saturated	0.6875	False	8	8	2	8	1.0	1.0	1.0	1.0
gift	7	4	1	0.125	boundary	0.6875	False	8	8	16	8	0.3436	0.3436	0.1181	0.3436
gift	7	5	6	0.75	mid	0.6875	False	8	8	8	8	0.1001	0.1001	0.1001	0.1001
gift	7	6	8	1.0	saturated	0.6875	False	8	8	2	8	1.0	1.0	1.0	1.0
gift	7	7	8	1.0	saturated	0.6875	False	8	8	2	8	1.0	1.0	1.0	1.0
gift	7	8	0	0.0	saturated	0.6875	False	8	8	16	8	1.0	1.0	1.0	1.0
gift	7	9	8	1.0	saturated	0.6875	False	8	8	2	8	1.0	1.0	1.0	1.0
gift	7	10	8	1.0	saturated	0.6875	False	8	8	2	8	1.0	1.0	1.0	1.0
gift	7	11	8	1.0	saturated	0.6875	False	8	8	2	8	1.0	1.0	1.0	1.0
gift	7	12	7	0.875	boundary	0.6875	False	8	8	4	8	0.3436	0.3436	0.5864	0.3436
gift	7	13	6	0.75	mid	0.6875	False	8	8	8	8	0.1001	0.1001	0.1001	0.1001
gift	7	14	8	1.0	saturated	0.6875	False	8	8	2	8	1.0	1.0	1.0	1.0
gift	7	15	1	0.125	boundary	0.6875	False	8	8	16	8	0.3436	0.3436	0.1181	0.3436
gift	8	0	8	1.0	saturated	0.625	False	8	8	2	8	1.0	1.0	1.0	1.0
gift	8	1	8	1.0	saturated	0.625	False	8	8	2	8	1.0	1.0	1.0	1.0
gift	8	2	8	1.0	saturated	0.625	False	8	8	2	8	1.0	1.0	1.0	1.0
gift	8	3	2	0.25	mid	0.625	False	8	8	16	8	0.1001	0.1001	0.01	0.1001
gift	8	4	8	1.0	saturated	0.625	False	8	8	2	8	1.0	1.0	1.0	1.0
gift	8	5	7	0.875	boundary	0.625	False	8	8	4	8	0.3436	0.3436	0.5864	0.3436
gift	8	6	8	1.0	saturated	0.625	False	8	8	2	8	1.0	1.0	1.0	1.0
gift	8	7	2	0.25	mid	0.625	False	8	8	16	8	0.1001	0.1001	0.01	0.1001
gift	8	8	8	1.0	saturated	0.625	False	8	8	2	8	1.0	1.0	1.0	1.0
gift	8	9	4	0.5	mid	0.625	False	8	8	16	8	0.0078	0.0078	0.0	0.0078
gift	8	10	8	1.0	saturated	0.625	False	8	8	2	8	1.0	1.0	1.0	1.0
gift	8	11	7	0.875	boundary	0.625	False	8	8	4	8	0.3436	0.3436	0.5864	0.3436
gift	8	12	0	0.0	saturated	0.625	False	8	8	16	8	1.0	1.0	1.0	1.0
gift	8	13	0	0.0	saturated	0.625	False	8	8	16	8	1.0	1.0	1.0	1.0
gift	8	14	5	0.625	mid	0.625	False	8	8	16	8	0.0237	0.0237	0.0005	0.0237
gift	8	15	8	1.0	saturated	0.625	False	8	8	2	8	1.0	1.0	1.0	1.0
gift	9	0	8	1.0	saturated	0.625	False	8	8	2	8	1.0	1.0	1.0	1.0
gift	9	1	8	1.0	saturated	0.625	False	8	8	2	8	1.0	1.0	1.0	1.0
gift	9	2	8	1.0	saturated	0.625	False	8	8	2	8	1.0	1.0	1.0	1.0
gift	9	3	7	0.875	boundary	0.625	False	8	8	4	8	0.3436	0.3436	0.5864	0.3436
gift	9	4	8	1.0	saturated	0.625	False	8	8	2	8	1.0	1.0	1.0	1.0
gift	9	5	6	0.75	mid	0.625	False	8	8	8	8	0.1001	0.1001	0.1001	0.1001
gift	9	6	7	0.875	boundary	0.625	False	8	8	4	8	0.3436	0.3436	0.5864	0.3436
gift	9	7	8	1.0	saturated	0.625	False	8	8	2	8	1.0	1.0	1.0	1.0
gift	9	8	1	0.125	boundary	0.625	False	8	8	16	8	0.3436	0.3436	0.1181	0.3436
gift	9	9	8	1.0	saturated	0.625	False	8	8	2	8	1.0	1.0	1.0	1.0
gift	9	10	8	1.0	saturated	0.625	False	8	8	2	8	1.0	1.0	1.0	1.0
gift	9	11	5	0.625	mid	0.625	False	8	8	16	8	0.0237	0.0237	0.0005	0.0237
gift	9	12	8	1.0	saturated	0.625	False	8	8	2	8	1.0	1.0	1.0	1.0
gift	9	13	8	1.0	saturated	0.625	False	8	8	2	8	1.0	1.0	1.0	1.0
gift	9	14	7	0.875	boundary	0.625	False	8	8	4	8	0.3436	0.3436	0.5864	0.3436
gift	9	15	8	1.0	saturated	0.625	False	8	8	2	8	1.0	1.0	1.0	1.0
gift	10	0	8	1.0	saturated	0.75	False	8	16	2	16	1.0	1.0	1.0	1.0
gift	10	1	8	1.0	saturated	0.75	False	8	16	2	16	1.0	1.0	1.0	1.0
gift	10	2	8	1.0	saturated	0.75	False	8	16	2	16	1.0	1.0	1.0	1.0
gift	10	3	8	1.0	saturated	0.75	False	8	16	2	16	1.0	1.0	1.0	1.0
gift	10	4	7	0.875	boundary	0.75	False	8	16	4	16	0.3436	0.1181	0.5864	0.1181
gift	10	5	8	1.0	saturated	0.75	False	8	16	2	16	1.0	1.0	1.0	1.0
gift	10	6	7	0.875	boundary	0.75	False	8	16	4	16	0.3436	0.1181	0.5864	0.1181
gift	10	7	4	0.5	mid	0.75	False	8	16	16	16	0.0078	0.0	0.0	0.0
gift	10	8	8	1.0	saturated	0.75	False	8	16	2	16	1.0	1.0	1.0	1.0
gift	10	9	0	0.0	saturated	0.75	False	8	16	16	16	1.0	1.0	1.0	1.0
gift	10	10	8	1.0	saturated	0.75	False	8	16	2	16	1.0	1.0	1.0	1.0
gift	10	11	8	1.0	saturated	0.75	False	8	16	2	16	1.0	1.0	1.0	1.0
gift	10	12	8	1.0	saturated	0.75	False	8	16	2	16	1.0	1.0	1.0	1.0
gift	10	13	8	1.0	saturated	0.75	False	8	16	2	16	1.0	1.0	1.0	1.0
gift	10	14	7	0.875	boundary	0.75	False	8	16	4	16	0.3436	0.1181	0.5864	0.1181
gift	10	15	8	1.0	saturated	0.75	False	8	16	2	16	1.0	1.0	1.0	1.0
gift	11	0	8	1.0	saturated	0.625	False	8	8	2	8	1.0	1.0	1.0	1.0
gift	11	1	1	0.125	boundary	0.625	False	8	8	16	8	0.3436	0.3436	0.1181	0.3436
gift	11	2	8	1.0	saturated	0.625	False	8	8	2	8	1.0	1.0	1.0	1.0
gift	11	3	8	1.0	saturated	0.625	False	8	8	2	8	1.0	1.0	1.0	1.0
gift	11	4	8	1.0	saturated	0.625	False	8	8	2	8	1.0	1.0	1.0	1.0
gift	11	5	6	0.75	mid	0.625	False	8	8	8	8	0.1001	0.1001	0.1001	0.1001
gift	11	6	8	1.0	saturated	0.625	False	8	8	2	8	1.0	1.0	1.0	1.0
gift	11	7	4	0.5	mid	0.625	False	8	8	16	8	0.0078	0.0078	0.0	0.0078
gift	11	8	8	1.0	saturated	0.625	False	8	8	2	8	1.0	1.0	1.0	1.0
gift	11	9	6	0.75	mid	0.625	False	8	8	8	8	0.1001	0.1001	0.1001	0.1001
gift	11	10	8	1.0	saturated	0.625	False	8	8	2	8	1.0	1.0	1.0	1.0
gift	11	11	8	1.0	saturated	0.625	False	8	8	2	8	1.0	1.0	1.0	1.0
gift	11	12	2	0.25	mid	0.625	False	8	8	16	8	0.1001	0.1001	0.01	0.1001
gift	11	13	0	0.0	saturated	0.625	False	8	8	16	8	1.0	1.0	1.0	1.0
gift	11	14	6	0.75	mid	0.625	False	8	8	8	8	0.1001	0.1001	0.1001	0.1001
gift	11	15	8	1.0	saturated	0.625	False	8	8	2	8	1.0	1.0	1.0	1.0
gift	12	0	8	1.0	saturated	0.75	False	8	16	2	16	1.0	1.0	1.0	1.0
gift	12	1	8	1.0	saturated	0.75	False	8	16	2	16	1.0	1.0	1.0	1.0
gift	12	2	6	0.75	mid	0.75	False	8	16	8	16	0.1001	0.01	0.1001	0.01
gift	12	3	8	1.0	saturated	0.75	False	8	16	2	16	1.0	1.0	1.0	1.0
gift	12	4	8	1.0	saturated	0.75	False	8	16	2	16	1.0	1.0	1.0	1.0
gift	12	5	8	1.0	saturated	0.75	False	8	16	2	16	1.0	1.0	1.0	1.0
gift	12	6	8	1.0	saturated	0.75	False	8	16	2	16	1.0	1.0	1.0	1.0
gift	12	7	8	1.0	saturated	0.75	False	8	16	2	16	1.0	1.0	1.0	1.0
gift	12	8	8	1.0	saturated	0.75	False	8	16	2	16	1.0	1.0	1.0	1.0
gift	12	9	7	0.875	boundary	0.75	False	8	16	4	16	0.3436	0.1181	0.5864	0.1181
gift	12	10	6	0.75	mid	0.75	False	8	16	8	16	0.1001	0.01	0.1001	0.01
gift	12	11	5	0.625	mid	0.75	False	8	16	16	16	0.0237	0.0005	0.0005	0.0005
gift	12	12	8	1.0	saturated	0.75	False	8	16	2	16	1.0	1.0	1.0	1.0
gift	12	13	8	1.0	saturated	0.75	False	8	16	2	16	1.0	1.0	1.0	1.0
gift	12	14	8	1.0	saturated	0.75	False	8	16	2	16	1.0	1.0	1.0	1.0
gift	12	15	8	1.0	saturated	0.75	False	8	16	2	16	1.0	1.0	1.0	1.0
gift	13	0	8	1.0	saturated	0.5625	False	8	8	2	8	1.0	1.0	1.0	1.0
gift	13	1	8	1.0	saturated	0.5625	False	8	8	2	8	1.0	1.0	1.0	1.0
gift	13	2	8	1.0	saturated	0.5625	False	8	8	2	8	1.0	1.0	1.0	1.0
gift	13	3	8	1.0	saturated	0.5625	False	8	8	2	8	1.0	1.0	1.0	1.0
gift	13	4	5	0.625	mid	0.5625	False	8	8	16	8	0.0237	0.0237	0.0005	0.0237
gift	13	5	7	0.875	boundary	0.5625	False	8	8	4	8	0.3436	0.3436	0.5864	0.3436
gift	13	6	8	1.0	saturated	0.5625	False	8	8	2	8	1.0	1.0	1.0	1.0
gift	13	7	8	1.0	saturated	0.5625	False	8	8	2	8	1.0	1.0	1.0	1.0
gift	13	8	3	0.375	mid	0.5625	False	8	8	16	8	0.0237	0.0237	0.0005	0.0237
gift	13	9	8	1.0	saturated	0.5625	False	8	8	2	8	1.0	1.0	1.0	1.0
gift	13	10	4	0.5	mid	0.5625	False	8	8	16	8	0.0078	0.0078	0.0	0.0078
gift	13	11	4	0.5	mid	0.5625	False	8	8	16	8	0.0078	0.0078	0.0	0.0078
gift	13	12	2	0.25	mid	0.5625	False	8	8	16	8	0.1001	0.1001	0.01	0.1001
gift	13	13	2	0.25	mid	0.5625	False	8	8	16	8	0.1001	0.1001	0.01	0.1001
gift	13	14	0	0.0	saturated	0.5625	False	8	8	16	8	1.0	1.0	1.0	1.0
gift	13	15	8	1.0	saturated	0.5625	False	8	8	2	8	1.0	1.0	1.0	1.0
gift	14	0	8	1.0	saturated	0.8125	False	8	16	2	16	1.0	1.0	1.0	1.0
gift	14	1	8	1.0	saturated	0.8125	False	8	16	2	16	1.0	1.0	1.0	1.0
gift	14	2	8	1.0	saturated	0.8125	False	8	16	2	16	1.0	1.0	1.0	1.0
gift	14	3	8	1.0	saturated	0.8125	False	8	16	2	16	1.0	1.0	1.0	1.0
gift	14	4	8	1.0	saturated	0.8125	False	8	16	2	16	1.0	1.0	1.0	1.0
gift	14	5	8	1.0	saturated	0.8125	False	8	16	2	16	1.0	1.0	1.0	1.0
gift	14	6	8	1.0	saturated	0.8125	False	8	16	2	16	1.0	1.0	1.0	1.0
gift	14	7	8	1.0	saturated	0.8125	False	8	16	2	16	1.0	1.0	1.0	1.0
gift	14	8	8	1.0	saturated	0.8125	False	8	16	2	16	1.0	1.0	1.0	1.0
gift	14	9	5	0.625	mid	0.8125	False	8	16	16	16	0.0237	0.0005	0.0005	0.0005
gift	14	10	8	1.0	saturated	0.8125	False	8	16	2	16	1.0	1.0	1.0	1.0
gift	14	11	7	0.875	boundary	0.8125	False	8	16	4	16	0.3436	0.1181	0.5864	0.1181
gift	14	12	8	1.0	saturated	0.8125	False	8	16	2	16	1.0	1.0	1.0	1.0
gift	14	13	8	1.0	saturated	0.8125	False	8	16	2	16	1.0	1.0	1.0	1.0
gift	14	14	4	0.5	mid	0.8125	False	8	16	16	16	0.0078	0.0	0.0	0.0
gift	14	15	8	1.0	saturated	0.8125	False	8	16	2	16	1.0	1.0	1.0	1.0
gift	15	0	8	1.0	saturated	0.625	False	8	8	2	8	1.0	1.0	1.0	1.0
gift	15	1	1	0.125	boundary	0.625	False	8	8	16	8	0.3436	0.3436	0.1181	0.3436
gift	15	2	7	0.875	boundary	0.625	False	8	8	4	8	0.3436	0.3436	0.5864	0.3436
gift	15	3	8	1.0	saturated	0.625	False	8	8	2	8	1.0	1.0	1.0	1.0
gift	15	4	3	0.375	mid	0.625	False	8	8	16	8	0.0237	0.0237	0.0005	0.0237
gift	15	5	8	1.0	saturated	0.625	False	8	8	2	8	1.0	1.0	1.0	1.0
gift	15	6	4	0.5	mid	0.625	False	8	8	16	8	0.0078	0.0078	0.0	0.0078
gift	15	7	7	0.875	boundary	0.625	False	8	8	4	8	0.3436	0.3436	0.5864	0.3436
gift	15	8	8	1.0	saturated	0.625	False	8	8	2	8	1.0	1.0	1.0	1.0
gift	15	9	8	1.0	saturated	0.625	False	8	8	2	8	1.0	1.0	1.0	1.0
gift	15	10	6	0.75	mid	0.625	False	8	8	8	8	0.1001	0.1001	0.1001	0.1001
gift	15	11	8	1.0	saturated	0.625	False	8	8	2	8	1.0	1.0	1.0	1.0
gift	15	12	8	1.0	saturated	0.625	False	8	8	2	8	1.0	1.0	1.0	1.0
gift	15	13	8	1.0	saturated	0.625	False	8	8	2	8	1.0	1.0	1.0	1.0
gift	15	14	8	1.0	saturated	0.625	False	8	8	2	8	1.0	1.0	1.0	1.0
gift	15	15	8	1.0	saturated	0.625	False	8	8	2	8	1.0	1.0	1.0	1.0
gift	16	0	8	1.0	saturated	0.625	False	8	8	2	8	1.0	1.0	1.0	1.0
gift	16	1	8	1.0	saturated	0.625	False	8	8	2	8	1.0	1.0	1.0	1.0
gift	16	2	0	0.0	saturated	0.625	False	8	8	16	8	1.0	1.0	1.0	1.0
gift	16	3	0	0.0	saturated	0.625	False	8	8	16	8	1.0	1.0	1.0	1.0
gift	16	4	8	1.0	saturated	0.625	False	8	8	2	8	1.0	1.0	1.0	1.0
gift	16	5	8	1.0	saturated	0.625	False	8	8	2	8	1.0	1.0	1.0	1.0
gift	16	6	8	1.0	saturated	0.625	False	8	8	2	8	1.0	1.0	1.0	1.0
gift	16	7	6	0.75	mid	0.625	False	8	8	8	8	0.1001	0.1001	0.1001	0.1001
gift	16	8	2	0.25	mid	0.625	False	8	8	16	8	0.1001	0.1001	0.01	0.1001
gift	16	9	7	0.875	boundary	0.625	False	8	8	4	8	0.3436	0.3436	0.5864	0.3436
gift	16	10	8	1.0	saturated	0.625	False	8	8	2	8	1.0	1.0	1.0	1.0
gift	16	11	6	0.75	mid	0.625	False	8	8	8	8	0.1001	0.1001	0.1001	0.1001
gift	16	12	8	1.0	saturated	0.625	False	8	8	2	8	1.0	1.0	1.0	1.0
gift	16	13	7	0.875	boundary	0.625	False	8	8	4	8	0.3436	0.3436	0.5864	0.3436
gift	16	14	3	0.375	mid	0.625	False	8	8	16	8	0.0237	0.0237	0.0005	0.0237
gift	16	15	8	1.0	saturated	0.625	False	8	8	2	8	1.0	1.0	1.0	1.0
gift	17	0	8	1.0	saturated	0.75	False	8	16	2	16	1.0	1.0	1.0	1.0
gift	17	1	8	1.0	saturated	0.75	False	8	16	2	16	1.0	1.0	1.0	1.0
gift	17	2	8	1.0	saturated	0.75	False	8	16	2	16	1.0	1.0	1.0	1.0
gift	17	3	8	1.0	saturated	0.75	False	8	16	2	16	1.0	1.0	1.0	1.0
gift	17	4	8	1.0	saturated	0.75	False	8	16	2	16	1.0	1.0	1.0	1.0
gift	17	5	8	1.0	saturated	0.75	False	8	16	2	16	1.0	1.0	1.0	1.0
gift	17	6	8	1.0	saturated	0.75	False	8	16	2	16	1.0	1.0	1.0	1.0
gift	17	7	4	0.5	mid	0.75	False	8	16	16	16	0.0078	0.0	0.0	0.0
gift	17	8	8	1.0	saturated	0.75	False	8	16	2	16	1.0	1.0	1.0	1.0
gift	17	9	0	0.0	saturated	0.75	False	8	16	16	16	1.0	1.0	1.0	1.0
gift	17	10	8	1.0	saturated	0.75	False	8	16	2	16	1.0	1.0	1.0	1.0
gift	17	11	8	1.0	saturated	0.75	False	8	16	2	16	1.0	1.0	1.0	1.0
gift	17	12	8	1.0	saturated	0.75	False	8	16	2	16	1.0	1.0	1.0	1.0
gift	17	13	4	0.5	mid	0.75	False	8	16	16	16	0.0078	0.0	0.0	0.0
gift	17	14	4	0.5	mid	0.75	False	8	16	16	16	0.0078	0.0	0.0	0.0
gift	17	15	4	0.5	mid	0.75	False	8	16	16	16	0.0078	0.0	0.0	0.0
gift	18	0	6	0.75	mid	0.625	False	8	8	8	8	0.1001	0.1001	0.1001	0.1001
gift	18	1	8	1.0	saturated	0.625	False	8	8	2	8	1.0	1.0	1.0	1.0
gift	18	2	7	0.875	boundary	0.625	False	8	8	4	8	0.3436	0.3436	0.5864	0.3436
gift	18	3	5	0.625	mid	0.625	False	8	8	16	8	0.0237	0.0237	0.0005	0.0237
gift	18	4	7	0.875	boundary	0.625	False	8	8	4	8	0.3436	0.3436	0.5864	0.3436
gift	18	5	0	0.0	saturated	0.625	False	8	8	16	8	1.0	1.0	1.0	1.0
gift	18	6	8	1.0	saturated	0.625	False	8	8	2	8	1.0	1.0	1.0	1.0
gift	18	7	8	1.0	saturated	0.625	False	8	8	2	8	1.0	1.0	1.0	1.0
gift	18	8	0	0.0	saturated	0.625	False	8	8	16	8	1.0	1.0	1.0	1.0
gift	18	9	8	1.0	saturated	0.625	False	8	8	2	8	1.0	1.0	1.0	1.0
gift	18	10	5	0.625	mid	0.625	False	8	8	16	8	0.0237	0.0237	0.0005	0.0237
gift	18	11	8	1.0	saturated	0.625	False	8	8	2	8	1.0	1.0	1.0	1.0
gift	18	12	8	1.0	saturated	0.625	False	8	8	2	8	1.0	1.0	1.0	1.0
gift	18	13	4	0.5	mid	0.625	False	8	8	16	8	0.0078	0.0078	0.0	0.0078
gift	18	14	0	0.0	saturated	0.625	False	8	8	16	8	1.0	1.0	1.0	1.0
gift	18	15	8	1.0	saturated	0.625	False	8	8	2	8	1.0	1.0	1.0	1.0
gift	19	0	8	1.0	saturated	0.75	False	8	16	2	16	1.0	1.0	1.0	1.0
gift	19	1	8	1.0	saturated	0.75	False	8	16	2	16	1.0	1.0	1.0	1.0
gift	19	2	8	1.0	saturated	0.75	False	8	16	2	16	1.0	1.0	1.0	1.0
gift	19	3	8	1.0	saturated	0.75	False	8	16	2	16	1.0	1.0	1.0	1.0
gift	19	4	8	1.0	saturated	0.75	False	8	16	2	16	1.0	1.0	1.0	1.0
gift	19	5	7	0.875	boundary	0.75	False	8	16	4	16	0.3436	0.1181	0.5864	0.1181
gift	19	6	8	1.0	saturated	0.75	False	8	16	2	16	1.0	1.0	1.0	1.0
gift	19	7	0	0.0	saturated	0.75	False	8	16	16	16	1.0	1.0	1.0	1.0
gift	19	8	7	0.875	boundary	0.75	False	8	16	4	16	0.3436	0.1181	0.5864	0.1181
gift	19	9	8	1.0	saturated	0.75	False	8	16	2	16	1.0	1.0	1.0	1.0
gift	19	10	8	1.0	saturated	0.75	False	8	16	2	16	1.0	1.0	1.0	1.0
gift	19	11	8	1.0	saturated	0.75	False	8	16	2	16	1.0	1.0	1.0	1.0
gift	19	12	8	1.0	saturated	0.75	False	8	16	2	16	1.0	1.0	1.0	1.0
gift	19	13	4	0.5	mid	0.75	False	8	16	16	16	0.0078	0.0	0.0	0.0
gift	19	14	2	0.25	mid	0.75	False	8	16	16	16	0.1001	0.01	0.01	0.01
gift	19	15	8	1.0	saturated	0.75	False	8	16	2	16	1.0	1.0	1.0	1.0
gift	20	0	8	1.0	saturated	0.6875	False	8	8	2	8	1.0	1.0	1.0	1.0
gift	20	1	8	1.0	saturated	0.6875	False	8	8	2	8	1.0	1.0	1.0	1.0
gift	20	2	8	1.0	saturated	0.6875	False	8	8	2	8	1.0	1.0	1.0	1.0
gift	20	3	8	1.0	saturated	0.6875	False	8	8	2	8	1.0	1.0	1.0	1.0
gift	20	4	8	1.0	saturated	0.6875	False	8	8	2	8	1.0	1.0	1.0	1.0
gift	20	5	8	1.0	saturated	0.6875	False	8	8	2	8	1.0	1.0	1.0	1.0
gift	20	6	8	1.0	saturated	0.6875	False	8	8	2	8	1.0	1.0	1.0	1.0
gift	20	7	8	1.0	saturated	0.6875	False	8	8	2	8	1.0	1.0	1.0	1.0
gift	20	8	8	1.0	saturated	0.6875	False	8	8	2	8	1.0	1.0	1.0	1.0
gift	20	9	8	1.0	saturated	0.6875	False	8	8	2	8	1.0	1.0	1.0	1.0
gift	20	10	2	0.25	mid	0.6875	False	8	8	16	8	0.1001	0.1001	0.01	0.1001
gift	20	11	8	1.0	saturated	0.6875	False	8	8	2	8	1.0	1.0	1.0	1.0
gift	20	12	1	0.125	boundary	0.6875	False	8	8	16	8	0.3436	0.3436	0.1181	0.3436
gift	20	13	7	0.875	boundary	0.6875	False	8	8	4	8	0.3436	0.3436	0.5864	0.3436
gift	20	14	4	0.5	mid	0.6875	False	8	8	16	8	0.0078	0.0078	0.0	0.0078
gift	20	15	4	0.5	mid	0.6875	False	8	8	16	8	0.0078	0.0078	0.0	0.0078
gift	21	0	6	0.75	mid	0.75	False	8	16	8	16	0.1001	0.01	0.1001	0.01
gift	21	1	8	1.0	saturated	0.75	False	8	16	2	16	1.0	1.0	1.0	1.0
gift	21	2	8	1.0	saturated	0.75	False	8	16	2	16	1.0	1.0	1.0	1.0
gift	21	3	8	1.0	saturated	0.75	False	8	16	2	16	1.0	1.0	1.0	1.0
gift	21	4	8	1.0	saturated	0.75	False	8	16	2	16	1.0	1.0	1.0	1.0
gift	21	5	8	1.0	saturated	0.75	False	8	16	2	16	1.0	1.0	1.0	1.0
gift	21	6	8	1.0	saturated	0.75	False	8	16	2	16	1.0	1.0	1.0	1.0
gift	21	7	5	0.625	mid	0.75	False	8	16	16	16	0.0237	0.0005	0.0005	0.0005
gift	21	8	8	1.0	saturated	0.75	False	8	16	2	16	1.0	1.0	1.0	1.0
gift	21	9	8	1.0	saturated	0.75	False	8	16	2	16	1.0	1.0	1.0	1.0
gift	21	10	8	1.0	saturated	0.75	False	8	16	2	16	1.0	1.0	1.0	1.0
gift	21	11	1	0.125	boundary	0.75	False	8	16	16	16	0.3436	0.1181	0.1181	0.1181
gift	21	12	3	0.375	mid	0.75	False	8	16	16	16	0.0237	0.0005	0.0005	0.0005
gift	21	13	8	1.0	saturated	0.75	False	8	16	2	16	1.0	1.0	1.0	1.0
gift	21	14	8	1.0	saturated	0.75	False	8	16	2	16	1.0	1.0	1.0	1.0
gift	21	15	8	1.0	saturated	0.75	False	8	16	2	16	1.0	1.0	1.0	1.0
gift	22	0	8	1.0	saturated	0.875	False	8	16	2	16	1.0	1.0	1.0	1.0
gift	22	1	8	1.0	saturated	0.875	False	8	16	2	16	1.0	1.0	1.0	1.0
gift	22	2	8	1.0	saturated	0.875	False	8	16	2	16	1.0	1.0	1.0	1.0
gift	22	3	8	1.0	saturated	0.875	False	8	16	2	16	1.0	1.0	1.0	1.0
gift	22	4	3	0.375	mid	0.875	False	8	16	16	16	0.0237	0.0005	0.0005	0.0005
gift	22	5	8	1.0	saturated	0.875	False	8	16	2	16	1.0	1.0	1.0	1.0
gift	22	6	8	1.0	saturated	0.875	False	8	16	2	16	1.0	1.0	1.0	1.0
gift	22	7	8	1.0	saturated	0.875	False	8	16	2	16	1.0	1.0	1.0	1.0
gift	22	8	0	0.0	saturated	0.875	False	8	16	16	16	1.0	1.0	1.0	1.0
gift	22	9	8	1.0	saturated	0.875	False	8	16	2	16	1.0	1.0	1.0	1.0
gift	22	10	8	1.0	saturated	0.875	False	8	16	2	16	1.0	1.0	1.0	1.0
gift	22	11	8	1.0	saturated	0.875	False	8	16	2	16	1.0	1.0	1.0	1.0
gift	22	12	7	0.875	boundary	0.875	False	8	16	4	16	0.3436	0.1181	0.5864	0.1181
gift	22	13	8	1.0	saturated	0.875	False	8	16	2	16	1.0	1.0	1.0	1.0
gift	22	14	8	1.0	saturated	0.875	False	8	16	2	16	1.0	1.0	1.0	1.0
gift	22	15	8	1.0	saturated	0.875	False	8	16	2	16	1.0	1.0	1.0	1.0
gift	23	0	8	1.0	saturated	0.875	False	8	16	2	16	1.0	1.0	1.0	1.0
gift	23	1	8	1.0	saturated	0.875	False	8	16	2	16	1.0	1.0	1.0	1.0
gift	23	2	8	1.0	saturated	0.875	False	8	16	2	16	1.0	1.0	1.0	1.0
gift	23	3	7	0.875	boundary	0.875	False	8	16	4	16	0.3436	0.1181	0.5864	0.1181
gift	23	4	8	1.0	saturated	0.875	False	8	16	2	16	1.0	1.0	1.0	1.0
gift	23	5	8	1.0	saturated	0.875	False	8	16	2	16	1.0	1.0	1.0	1.0
gift	23	6	3	0.375	mid	0.875	False	8	16	16	16	0.0237	0.0005	0.0005	0.0005
gift	23	7	8	1.0	saturated	0.875	False	8	16	2	16	1.0	1.0	1.0	1.0
gift	23	8	8	1.0	saturated	0.875	False	8	16	2	16	1.0	1.0	1.0	1.0
gift	23	9	8	1.0	saturated	0.875	False	8	16	2	16	1.0	1.0	1.0	1.0
gift	23	10	8	1.0	saturated	0.875	False	8	16	2	16	1.0	1.0	1.0	1.0
gift	23	11	8	1.0	saturated	0.875	False	8	16	2	16	1.0	1.0	1.0	1.0
gift	23	12	8	1.0	saturated	0.875	False	8	16	2	16	1.0	1.0	1.0	1.0
gift	23	13	8	1.0	saturated	0.875	False	8	16	2	16	1.0	1.0	1.0	1.0
gift	23	14	8	1.0	saturated	0.875	False	8	16	2	16	1.0	1.0	1.0	1.0
gift	23	15	0	0.0	saturated	0.875	False	8	16	16	16	1.0	1.0	1.0	1.0
gift	24	0	8	1.0	saturated	0.875	False	8	16	2	16	1.0	1.0	1.0	1.0
gift	24	1	8	1.0	saturated	0.875	False	8	16	2	16	1.0	1.0	1.0	1.0
gift	24	2	8	1.0	saturated	0.875	False	8	16	2	16	1.0	1.0	1.0	1.0
gift	24	3	8	1.0	saturated	0.875	False	8	16	2	16	1.0	1.0	1.0	1.0
gift	24	4	1	0.125	boundary	0.875	False	8	16	16	16	0.3436	0.1181	0.1181	0.1181
gift	24	5	8	1.0	saturated	0.875	False	8	16	2	16	1.0	1.0	1.0	1.0
gift	24	6	8	1.0	saturated	0.875	False	8	16	2	16	1.0	1.0	1.0	1.0
gift	24	7	8	1.0	saturated	0.875	False	8	16	2	16	1.0	1.0	1.0	1.0
gift	24	8	7	0.875	boundary	0.875	False	8	16	4	16	0.3436	0.1181	0.5864	0.1181
gift	24	9	8	1.0	saturated	0.875	False	8	16	2	16	1.0	1.0	1.0	1.0
gift	24	10	8	1.0	saturated	0.875	False	8	16	2	16	1.0	1.0	1.0	1.0
gift	24	11	8	1.0	saturated	0.875	False	8	16	2	16	1.0	1.0	1.0	1.0
gift	24	12	8	1.0	saturated	0.875	False	8	16	2	16	1.0	1.0	1.0	1.0
gift	24	13	8	1.0	saturated	0.875	False	8	16	2	16	1.0	1.0	1.0	1.0
gift	24	14	8	1.0	saturated	0.875	False	8	16	2	16	1.0	1.0	1.0	1.0
gift	24	15	8	1.0	saturated	0.875	False	8	16	2	16	1.0	1.0	1.0	1.0
gift	25	0	8	1.0	saturated	0.75	False	8	16	2	16	1.0	1.0	1.0	1.0
gift	25	1	8	1.0	saturated	0.75	False	8	16	2	16	1.0	1.0	1.0	1.0
gift	25	2	4	0.5	mid	0.75	False	8	16	16	16	0.0078	0.0	0.0	0.0
gift	25	3	8	1.0	saturated	0.75	False	8	16	2	16	1.0	1.0	1.0	1.0
gift	25	4	8	1.0	saturated	0.75	False	8	16	2	16	1.0	1.0	1.0	1.0
gift	25	5	8	1.0	saturated	0.75	False	8	16	2	16	1.0	1.0	1.0	1.0
gift	25	6	0	0.0	saturated	0.75	False	8	16	16	16	1.0	1.0	1.0	1.0
gift	25	7	8	1.0	saturated	0.75	False	8	16	2	16	1.0	1.0	1.0	1.0
gift	25	8	8	1.0	saturated	0.75	False	8	16	2	16	1.0	1.0	1.0	1.0
gift	25	9	8	1.0	saturated	0.75	False	8	16	2	16	1.0	1.0	1.0	1.0
gift	25	10	8	1.0	saturated	0.75	False	8	16	2	16	1.0	1.0	1.0	1.0
gift	25	11	8	1.0	saturated	0.75	False	8	16	2	16	1.0	1.0	1.0	1.0
gift	25	12	6	0.75	mid	0.75	False	8	16	8	16	0.1001	0.01	0.1001	0.01
gift	25	13	5	0.625	mid	0.75	False	8	16	16	16	0.0237	0.0005	0.0005	0.0005
gift	25	14	8	1.0	saturated	0.75	False	8	16	2	16	1.0	1.0	1.0	1.0
gift	25	15	6	0.75	mid	0.75	False	8	16	8	16	0.1001	0.01	0.1001	0.01
gift	26	0	8	1.0	saturated	0.8125	False	8	16	2	16	1.0	1.0	1.0	1.0
gift	26	1	8	1.0	saturated	0.8125	False	8	16	2	16	1.0	1.0	1.0	1.0
gift	26	2	8	1.0	saturated	0.8125	False	8	16	2	16	1.0	1.0	1.0	1.0
gift	26	3	1	0.125	boundary	0.8125	False	8	16	16	16	0.3436	0.1181	0.1181	0.1181
gift	26	4	8	1.0	saturated	0.8125	False	8	16	2	16	1.0	1.0	1.0	1.0
gift	26	5	3	0.375	mid	0.8125	False	8	16	16	16	0.0237	0.0005	0.0005	0.0005
gift	26	6	8	1.0	saturated	0.8125	False	8	16	2	16	1.0	1.0	1.0	1.0
gift	26	7	7	0.875	boundary	0.8125	False	8	16	4	16	0.3436	0.1181	0.5864	0.1181
gift	26	8	8	1.0	saturated	0.8125	False	8	16	2	16	1.0	1.0	1.0	1.0
gift	26	9	8	1.0	saturated	0.8125	False	8	16	2	16	1.0	1.0	1.0	1.0
gift	26	10	8	1.0	saturated	0.8125	False	8	16	2	16	1.0	1.0	1.0	1.0
gift	26	11	8	1.0	saturated	0.8125	False	8	16	2	16	1.0	1.0	1.0	1.0
gift	26	12	8	1.0	saturated	0.8125	False	8	16	2	16	1.0	1.0	1.0	1.0
gift	26	13	8	1.0	saturated	0.8125	False	8	16	2	16	1.0	1.0	1.0	1.0
gift	26	14	8	1.0	saturated	0.8125	False	8	16	2	16	1.0	1.0	1.0	1.0
gift	26	15	8	1.0	saturated	0.8125	False	8	16	2	16	1.0	1.0	1.0	1.0
gift	27	0	8	1.0	saturated	0.9375	True	8	16	2	4	1.0	1.0	1.0	1.0
gift	27	1	8	1.0	saturated	0.9375	True	8	16	2	4	1.0	1.0	1.0	1.0
gift	27	2	8	1.0	saturated	0.9375	True	8	16	2	4	1.0	1.0	1.0	1.0
gift	27	3	8	1.0	saturated	0.9375	True	8	16	2	4	1.0	1.0	1.0	1.0
gift	27	4	8	1.0	saturated	0.9375	True	8	16	2	4	1.0	1.0	1.0	1.0
gift	27	5	8	1.0	saturated	0.9375	True	8	16	2	4	1.0	1.0	1.0	1.0
gift	27	6	8	1.0	saturated	0.9375	True	8	16	2	4	1.0	1.0	1.0	1.0
gift	27	7	8	1.0	saturated	0.9375	True	8	16	2	4	1.0	1.0	1.0	1.0
gift	27	8	8	1.0	saturated	0.9375	True	8	16	2	4	1.0	1.0	1.0	1.0
gift	27	9	8	1.0	saturated	0.9375	True	8	16	2	4	1.0	1.0	1.0	1.0
gift	27	10	8	1.0	saturated	0.9375	True	8	16	2	4	1.0	1.0	1.0	1.0
gift	27	11	8	1.0	saturated	0.9375	True	8	16	2	4	1.0	1.0	1.0	1.0
gift	27	12	8	1.0	saturated	0.9375	True	8	16	2	4	1.0	1.0	1.0	1.0
gift	27	13	8	1.0	saturated	0.9375	True	8	16	2	4	1.0	1.0	1.0	1.0
gift	27	14	2	0.25	mid	0.9375	True	8	16	16	4	0.1001	0.01	0.01	0.3203
gift	27	15	8	1.0	saturated	0.9375	True	8	16	2	4	1.0	1.0	1.0	1.0
gift	28	0	8	1.0	saturated	0.875	False	8	16	2	16	1.0	1.0	1.0	1.0
gift	28	1	8	1.0	saturated	0.875	False	8	16	2	16	1.0	1.0	1.0	1.0
gift	28	2	8	1.0	saturated	0.875	False	8	16	2	16	1.0	1.0	1.0	1.0
gift	28	3	8	1.0	saturated	0.875	False	8	16	2	16	1.0	1.0	1.0	1.0
gift	28	4	8	1.0	saturated	0.875	False	8	16	2	16	1.0	1.0	1.0	1.0
gift	28	5	8	1.0	saturated	0.875	False	8	16	2	16	1.0	1.0	1.0	1.0
gift	28	6	8	1.0	saturated	0.875	False	8	16	2	16	1.0	1.0	1.0	1.0
gift	28	7	8	1.0	saturated	0.875	False	8	16	2	16	1.0	1.0	1.0	1.0
gift	28	8	8	1.0	saturated	0.875	False	8	16	2	16	1.0	1.0	1.0	1.0
gift	28	9	8	1.0	saturated	0.875	False	8	16	2	16	1.0	1.0	1.0	1.0
gift	28	10	8	1.0	saturated	0.875	False	8	16	2	16	1.0	1.0	1.0	1.0
gift	28	11	8	1.0	saturated	0.875	False	8	16	2	16	1.0	1.0	1.0	1.0
gift	28	12	6	0.75	mid	0.875	False	8	16	8	16	0.1001	0.01	0.1001	0.01
gift	28	13	1	0.125	boundary	0.875	False	8	16	16	16	0.3436	0.1181	0.1181	0.1181
gift	28	14	8	1.0	saturated	0.875	False	8	16	2	16	1.0	1.0	1.0	1.0
gift	28	15	8	1.0	saturated	0.875	False	8	16	2	16	1.0	1.0	1.0	1.0
gift	29	0	8	1.0	saturated	0.9375	True	8	16	2	4	1.0	1.0	1.0	1.0
gift	29	1	8	1.0	saturated	0.9375	True	8	16	2	4	1.0	1.0	1.0	1.0
gift	29	2	8	1.0	saturated	0.9375	True	8	16	2	4	1.0	1.0	1.0	1.0
gift	29	3	8	1.0	saturated	0.9375	True	8	16	2	4	1.0	1.0	1.0	1.0
gift	29	4	3	0.375	mid	0.9375	True	8	16	16	4	0.0237	0.0005	0.0005	0.1724
gift	29	5	8	1.0	saturated	0.9375	True	8	16	2	4	1.0	1.0	1.0	1.0
gift	29	6	8	1.0	saturated	0.9375	True	8	16	2	4	1.0	1.0	1.0	1.0
gift	29	7	8	1.0	saturated	0.9375	True	8	16	2	4	1.0	1.0	1.0	1.0
gift	29	8	8	1.0	saturated	0.9375	True	8	16	2	4	1.0	1.0	1.0	1.0
gift	29	9	8	1.0	saturated	0.9375	True	8	16	2	4	1.0	1.0	1.0	1.0
gift	29	10	8	1.0	saturated	0.9375	True	8	16	2	4	1.0	1.0	1.0	1.0
gift	29	11	8	1.0	saturated	0.9375	True	8	16	2	4	1.0	1.0	1.0	1.0
gift	29	12	8	1.0	saturated	0.9375	True	8	16	2	4	1.0	1.0	1.0	1.0
gift	29	13	8	1.0	saturated	0.9375	True	8	16	2	4	1.0	1.0	1.0	1.0
gift	29	14	8	1.0	saturated	0.9375	True	8	16	2	4	1.0	1.0	1.0	1.0
gift	29	15	8	1.0	saturated	0.9375	True	8	16	2	4	1.0	1.0	1.0	1.0
gift	30	0	8	1.0	saturated	0.875	False	8	16	2	16	1.0	1.0	1.0	1.0
gift	30	1	8	1.0	saturated	0.875	False	8	16	2	16	1.0	1.0	1.0	1.0
gift	30	2	8	1.0	saturated	0.875	False	8	16	2	16	1.0	1.0	1.0	1.0
gift	30	3	8	1.0	saturated	0.875	False	8	16	2	16	1.0	1.0	1.0	1.0
gift	30	4	4	0.5	mid	0.875	False	8	16	16	16	0.0078	0.0	0.0	0.0
gift	30	5	8	1.0	saturated	0.875	False	8	16	2	16	1.0	1.0	1.0	1.0
gift	30	6	8	1.0	saturated	0.875	False	8	16	2	16	1.0	1.0	1.0	1.0
gift	30	7	8	1.0	saturated	0.875	False	8	16	2	16	1.0	1.0	1.0	1.0
gift	30	8	8	1.0	saturated	0.875	False	8	16	2	16	1.0	1.0	1.0	1.0
gift	30	9	8	1.0	saturated	0.875	False	8	16	2	16	1.0	1.0	1.0	1.0
gift	30	10	8	1.0	saturated	0.875	False	8	16	2	16	1.0	1.0	1.0	1.0
gift	30	11	8	1.0	saturated	0.875	False	8	16	2	16	1.0	1.0	1.0	1.0
gift	30	12	8	1.0	saturated	0.875	False	8	16	2	16	1.0	1.0	1.0	1.0
gift	30	13	8	1.0	saturated	0.875	False	8	16	2	16	1.0	1.0	1.0	1.0
gift	30	14	8	1.0	saturated	0.875	False	8	16	2	16	1.0	1.0	1.0	1.0
gift	30	15	2	0.25	mid	0.875	False	8	16	16	16	0.1001	0.01	0.01	0.01
gift	31	0	8	1.0	saturated	0.9375	True	8	16	2	4	1.0	1.0	1.0	1.0
gift	31	1	0	0.0	saturated	0.9375	True	8	16	16	4	1.0	1.0	1.0	1.0
gift	31	2	8	1.0	saturated	0.9375	True	8	16	2	4	1.0	1.0	1.0	1.0
gift	31	3	8	1.0	saturated	0.9375	True	8	16	2	4	1.0	1.0	1.0	1.0
gift	31	4	8	1.0	saturated	0.9375	True	8	16	2	4	1.0	1.0	1.0	1.0
gift	31	5	8	1.0	saturated	0.9375	True	8	16	2	4	1.0	1.0	1.0	1.0
gift	31	6	8	1.0	saturated	0.9375	True	8	16	2	4	1.0	1.0	1.0	1.0
gift	31	7	8	1.0	saturated	0.9375	True	8	16	2	4	1.0	1.0	1.0	1.0
gift	31	8	8	1.0	saturated	0.9375	True	8	16	2	4	1.0	1.0	1.0	1.0
gift	31	9	8	1.0	saturated	0.9375	True	8	16	2	4	1.0	1.0	1.0	1.0
gift	31	10	8	1.0	saturated	0.9375	True	8	16	2	4	1.0	1.0	1.0	1.0
gift	31	11	8	1.0	saturated	0.9375	True	8	16	2	4	1.0	1.0	1.0	1.0
gift	31	12	7	0.875	boundary	0.9375	True	8	16	4	4	0.3436	0.1181	0.5864	0.5864
gift	31	13	8	1.0	saturated	0.9375	True	8	16	2	4	1.0	1.0	1.0	1.0
gift	31	14	8	1.0	saturated	0.9375	True	8	16	2	4	1.0	1.0	1.0	1.0
gift	31	15	8	1.0	saturated	0.9375	True	8	16	2	4	1.0	1.0	1.0	1.0
gift	32	0	8	1.0	saturated	0.75	False	8	16	2	16	1.0	1.0	1.0	1.0
gift	32	1	5	0.625	mid	0.75	False	8	16	16	16	0.0237	0.0005	0.0005	0.0005
gift	32	2	8	1.0	saturated	0.75	False	8	16	2	16	1.0	1.0	1.0	1.0
gift	32	3	8	1.0	saturated	0.75	False	8	16	2	16	1.0	1.0	1.0	1.0
gift	32	4	8	1.0	saturated	0.75	False	8	16	2	16	1.0	1.0	1.0	1.0
gift	32	5	8	1.0	saturated	0.75	False	8	16	2	16	1.0	1.0	1.0	1.0
gift	32	6	8	1.0	saturated	0.75	False	8	16	2	16	1.0	1.0	1.0	1.0
gift	32	7	8	1.0	saturated	0.75	False	8	16	2	16	1.0	1.0	1.0	1.0
gift	32	8	8	1.0	saturated	0.75	False	8	16	2	16	1.0	1.0	1.0	1.0
gift	32	9	5	0.625	mid	0.75	False	8	16	16	16	0.0237	0.0005	0.0005	0.0005
gift	32	10	8	1.0	saturated	0.75	False	8	16	2	16	1.0	1.0	1.0	1.0
gift	32	11	1	0.125	boundary	0.75	False	8	16	16	16	0.3436	0.1181	0.1181	0.1181
gift	32	12	8	1.0	saturated	0.75	False	8	16	2	16	1.0	1.0	1.0	1.0
gift	32	13	8	1.0	saturated	0.75	False	8	16	2	16	1.0	1.0	1.0	1.0
gift	32	14	1	0.125	boundary	0.75	False	8	16	16	16	0.3436	0.1181	0.1181	0.1181
gift	32	15	8	1.0	saturated	0.75	False	8	16	2	16	1.0	1.0	1.0	1.0
gift	33	0	8	1.0	saturated	0.9375	True	8	16	2	4	1.0	1.0	1.0	1.0
gift	33	1	8	1.0	saturated	0.9375	True	8	16	2	4	1.0	1.0	1.0	1.0
gift	33	2	8	1.0	saturated	0.9375	True	8	16	2	4	1.0	1.0	1.0	1.0
gift	33	3	8	1.0	saturated	0.9375	True	8	16	2	4	1.0	1.0	1.0	1.0
gift	33	4	8	1.0	saturated	0.9375	True	8	16	2	4	1.0	1.0	1.0	1.0
gift	33	5	8	1.0	saturated	0.9375	True	8	16	2	4	1.0	1.0	1.0	1.0
gift	33	6	8	1.0	saturated	0.9375	True	8	16	2	4	1.0	1.0	1.0	1.0
gift	33	7	7	0.875	boundary	0.9375	True	8	16	4	4	0.3436	0.1181	0.5864	0.5864
gift	33	8	8	1.0	saturated	0.9375	True	8	16	2	4	1.0	1.0	1.0	1.0
gift	33	9	8	1.0	saturated	0.9375	True	8	16	2	4	1.0	1.0	1.0	1.0
gift	33	10	8	1.0	saturated	0.9375	True	8	16	2	4	1.0	1.0	1.0	1.0
gift	33	11	8	1.0	saturated	0.9375	True	8	16	2	4	1.0	1.0	1.0	1.0
gift	33	12	8	1.0	saturated	0.9375	True	8	16	2	4	1.0	1.0	1.0	1.0
gift	33	13	8	1.0	saturated	0.9375	True	8	16	2	4	1.0	1.0	1.0	1.0
gift	33	14	8	1.0	saturated	0.9375	True	8	16	2	4	1.0	1.0	1.0	1.0
gift	33	15	0	0.0	saturated	0.9375	True	8	16	16	4	1.0	1.0	1.0	1.0
gift	34	0	8	1.0	saturated	1.0	True	8	16	2	4	1.0	1.0	1.0	1.0
gift	34	1	8	1.0	saturated	1.0	True	8	16	2	4	1.0	1.0	1.0	1.0
gift	34	2	8	1.0	saturated	1.0	True	8	16	2	4	1.0	1.0	1.0	1.0
gift	34	3	8	1.0	saturated	1.0	True	8	16	2	4	1.0	1.0	1.0	1.0
gift	34	4	8	1.0	saturated	1.0	True	8	16	2	4	1.0	1.0	1.0	1.0
gift	34	5	8	1.0	saturated	1.0	True	8	16	2	4	1.0	1.0	1.0	1.0
gift	34	6	0	0.0	saturated	1.0	True	8	16	16	4	1.0	1.0	1.0	1.0
gift	34	7	8	1.0	saturated	1.0	True	8	16	2	4	1.0	1.0	1.0	1.0
gift	34	8	8	1.0	saturated	1.0	True	8	16	2	4	1.0	1.0	1.0	1.0
gift	34	9	8	1.0	saturated	1.0	True	8	16	2	4	1.0	1.0	1.0	1.0
gift	34	10	8	1.0	saturated	1.0	True	8	16	2	4	1.0	1.0	1.0	1.0
gift	34	11	8	1.0	saturated	1.0	True	8	16	2	4	1.0	1.0	1.0	1.0
gift	34	12	8	1.0	saturated	1.0	True	8	16	2	4	1.0	1.0	1.0	1.0
gift	34	13	8	1.0	saturated	1.0	True	8	16	2	4	1.0	1.0	1.0	1.0
gift	34	14	8	1.0	saturated	1.0	True	8	16	2	4	1.0	1.0	1.0	1.0
gift	34	15	8	1.0	saturated	1.0	True	8	16	2	4	1.0	1.0	1.0	1.0
gift	35	0	8	1.0	saturated	0.9375	True	8	16	2	4	1.0	1.0	1.0	1.0
gift	35	1	8	1.0	saturated	0.9375	True	8	16	2	4	1.0	1.0	1.0	1.0
gift	35	2	8	1.0	saturated	0.9375	True	8	16	2	4	1.0	1.0	1.0	1.0
gift	35	3	8	1.0	saturated	0.9375	True	8	16	2	4	1.0	1.0	1.0	1.0
gift	35	4	0	0.0	saturated	0.9375	True	8	16	16	4	1.0	1.0	1.0	1.0
gift	35	5	8	1.0	saturated	0.9375	True	8	16	2	4	1.0	1.0	1.0	1.0
gift	35	6	8	1.0	saturated	0.9375	True	8	16	2	4	1.0	1.0	1.0	1.0
gift	35	7	8	1.0	saturated	0.9375	True	8	16	2	4	1.0	1.0	1.0	1.0
gift	35	8	0	0.0	saturated	0.9375	True	8	16	16	4	1.0	1.0	1.0	1.0
gift	35	9	8	1.0	saturated	0.9375	True	8	16	2	4	1.0	1.0	1.0	1.0
gift	35	10	8	1.0	saturated	0.9375	True	8	16	2	4	1.0	1.0	1.0	1.0
gift	35	11	8	1.0	saturated	0.9375	True	8	16	2	4	1.0	1.0	1.0	1.0
gift	35	12	8	1.0	saturated	0.9375	True	8	16	2	4	1.0	1.0	1.0	1.0
gift	35	13	8	1.0	saturated	0.9375	True	8	16	2	4	1.0	1.0	1.0	1.0
gift	35	14	1	0.125	boundary	0.9375	True	8	16	16	4	0.3436	0.1181	0.1181	0.5864
gift	35	15	8	1.0	saturated	0.9375	True	8	16	2	4	1.0	1.0	1.0	1.0
gift	36	0	4	0.5	mid	0.9375	True	8	16	16	4	0.0078	0.0	0.0	0.125
gift	36	1	8	1.0	saturated	0.9375	True	8	16	2	4	1.0	1.0	1.0	1.0
gift	36	2	0	0.0	saturated	0.9375	True	8	16	16	4	1.0	1.0	1.0	1.0
gift	36	3	8	1.0	saturated	0.9375	True	8	16	2	4	1.0	1.0	1.0	1.0
gift	36	4	8	1.0	saturated	0.9375	True	8	16	2	4	1.0	1.0	1.0	1.0
gift	36	5	8	1.0	saturated	0.9375	True	8	16	2	4	1.0	1.0	1.0	1.0
gift	36	6	8	1.0	saturated	0.9375	True	8	16	2	4	1.0	1.0	1.0	1.0
gift	36	7	8	1.0	saturated	0.9375	True	8	16	2	4	1.0	1.0	1.0	1.0
gift	36	8	8	1.0	saturated	0.9375	True	8	16	2	4	1.0	1.0	1.0	1.0
gift	36	9	8	1.0	saturated	0.9375	True	8	16	2	4	1.0	1.0	1.0	1.0
gift	36	10	8	1.0	saturated	0.9375	True	8	16	2	4	1.0	1.0	1.0	1.0
gift	36	11	8	1.0	saturated	0.9375	True	8	16	2	4	1.0	1.0	1.0	1.0
gift	36	12	8	1.0	saturated	0.9375	True	8	16	2	4	1.0	1.0	1.0	1.0
gift	36	13	8	1.0	saturated	0.9375	True	8	16	2	4	1.0	1.0	1.0	1.0
gift	36	14	8	1.0	saturated	0.9375	True	8	16	2	4	1.0	1.0	1.0	1.0
gift	36	15	8	1.0	saturated	0.9375	True	8	16	2	4	1.0	1.0	1.0	1.0
gift	37	0	8	1.0	saturated	0.875	False	8	16	2	16	1.0	1.0	1.0	1.0
gift	37	1	0	0.0	saturated	0.875	False	8	16	16	16	1.0	1.0	1.0	1.0
gift	37	2	5	0.625	mid	0.875	False	8	16	16	16	0.0237	0.0005	0.0005	0.0005
gift	37	3	8	1.0	saturated	0.875	False	8	16	2	16	1.0	1.0	1.0	1.0
gift	37	4	8	1.0	saturated	0.875	False	8	16	2	16	1.0	1.0	1.0	1.0
gift	37	5	8	1.0	saturated	0.875	False	8	16	2	16	1.0	1.0	1.0	1.0
gift	37	6	8	1.0	saturated	0.875	False	8	16	2	16	1.0	1.0	1.0	1.0
gift	37	7	7	0.875	boundary	0.875	False	8	16	4	16	0.3436	0.1181	0.5864	0.1181
gift	37	8	8	1.0	saturated	0.875	False	8	16	2	16	1.0	1.0	1.0	1.0
gift	37	9	8	1.0	saturated	0.875	False	8	16	2	16	1.0	1.0	1.0	1.0
gift	37	10	8	1.0	saturated	0.875	False	8	16	2	16	1.0	1.0	1.0	1.0
gift	37	11	0	0.0	saturated	0.875	False	8	16	16	16	1.0	1.0	1.0	1.0
gift	37	12	8	1.0	saturated	0.875	False	8	16	2	16	1.0	1.0	1.0	1.0
gift	37	13	8	1.0	saturated	0.875	False	8	16	2	16	1.0	1.0	1.0	1.0
gift	37	14	8	1.0	saturated	0.875	False	8	16	2	16	1.0	1.0	1.0	1.0
gift	37	15	0	0.0	saturated	0.875	False	8	16	16	16	1.0	1.0	1.0	1.0
gift	38	0	8	1.0	saturated	0.9375	True	8	16	2	4	1.0	1.0	1.0	1.0
gift	38	1	8	1.0	saturated	0.9375	True	8	16	2	4	1.0	1.0	1.0	1.0
gift	38	2	8	1.0	saturated	0.9375	True	8	16	2	4	1.0	1.0	1.0	1.0
gift	38	3	0	0.0	saturated	0.9375	True	8	16	16	4	1.0	1.0	1.0	1.0
gift	38	4	3	0.375	mid	0.9375	True	8	16	16	4	0.0237	0.0005	0.0005	0.1724
gift	38	5	8	1.0	saturated	0.9375	True	8	16	2	4	1.0	1.0	1.0	1.0
gift	38	6	8	1.0	saturated	0.9375	True	8	16	2	4	1.0	1.0	1.0	1.0
gift	38	7	8	1.0	saturated	0.9375	True	8	16	2	4	1.0	1.0	1.0	1.0
gift	38	8	8	1.0	saturated	0.9375	True	8	16	2	4	1.0	1.0	1.0	1.0
gift	38	9	8	1.0	saturated	0.9375	True	8	16	2	4	1.0	1.0	1.0	1.0
gift	38	10	8	1.0	saturated	0.9375	True	8	16	2	4	1.0	1.0	1.0	1.0
gift	38	11	8	1.0	saturated	0.9375	True	8	16	2	4	1.0	1.0	1.0	1.0
gift	38	12	8	1.0	saturated	0.9375	True	8	16	2	4	1.0	1.0	1.0	1.0
gift	38	13	0	0.0	saturated	0.9375	True	8	16	16	4	1.0	1.0	1.0	1.0
gift	38	14	8	1.0	saturated	0.9375	True	8	16	2	4	1.0	1.0	1.0	1.0
gift	38	15	8	1.0	saturated	0.9375	True	8	16	2	4	1.0	1.0	1.0	1.0
gift	39	0	8	1.0	saturated	0.8125	False	8	16	2	16	1.0	1.0	1.0	1.0
gift	39	1	8	1.0	saturated	0.8125	False	8	16	2	16	1.0	1.0	1.0	1.0
gift	39	2	4	0.5	mid	0.8125	False	8	16	16	16	0.0078	0.0	0.0	0.0
gift	39	3	8	1.0	saturated	0.8125	False	8	16	2	16	1.0	1.0	1.0	1.0
gift	39	4	6	0.75	mid	0.8125	False	8	16	8	16	0.1001	0.01	0.1001	0.01
gift	39	5	8	1.0	saturated	0.8125	False	8	16	2	16	1.0	1.0	1.0	1.0
gift	39	6	8	1.0	saturated	0.8125	False	8	16	2	16	1.0	1.0	1.0	1.0
gift	39	7	8	1.0	saturated	0.8125	False	8	16	2	16	1.0	1.0	1.0	1.0
gift	39	8	5	0.625	mid	0.8125	False	8	16	16	16	0.0237	0.0005	0.0005	0.0005
gift	39	9	8	1.0	saturated	0.8125	False	8	16	2	16	1.0	1.0	1.0	1.0
gift	39	10	8	1.0	saturated	0.8125	False	8	16	2	16	1.0	1.0	1.0	1.0
gift	39	11	8	1.0	saturated	0.8125	False	8	16	2	16	1.0	1.0	1.0	1.0
gift	39	12	8	1.0	saturated	0.8125	False	8	16	2	16	1.0	1.0	1.0	1.0
gift	39	13	8	1.0	saturated	0.8125	False	8	16	2	16	1.0	1.0	1.0	1.0
gift	39	14	8	1.0	saturated	0.8125	False	8	16	2	16	1.0	1.0	1.0	1.0
gift	39	15	0	0.0	saturated	0.8125	False	8	16	16	16	1.0	1.0	1.0	1.0
areal	0	0	8	1.0	saturated	0.6875	False	8	8	2	8	1.0	1.0	1.0	1.0
areal	0	1	7	0.875	boundary	0.6875	False	8	8	4	8	0.3436	0.3436	0.5864	0.3436
areal	0	2	8	1.0	saturated	0.6875	False	8	8	2	8	1.0	1.0	1.0	1.0
areal	0	3	8	1.0	saturated	0.6875	False	8	8	2	8	1.0	1.0	1.0	1.0
areal	0	4	8	1.0	saturated	0.6875	False	8	8	2	8	1.0	1.0	1.0	1.0
areal	0	5	8	1.0	saturated	0.6875	False	8	8	2	8	1.0	1.0	1.0	1.0
areal	0	6	8	1.0	saturated	0.6875	False	8	8	2	8	1.0	1.0	1.0	1.0
areal	0	7	8	1.0	saturated	0.6875	False	8	8	2	8	1.0	1.0	1.0	1.0
areal	0	8	8	1.0	saturated	0.6875	False	8	8	2	8	1.0	1.0	1.0	1.0
areal	0	9	2	0.25	mid	0.6875	False	8	8	16	8	0.1001	0.1001	0.01	0.1001
areal	0	10	7	0.875	boundary	0.6875	False	8	8	4	8	0.3436	0.3436	0.5864	0.3436
areal	0	11	3	0.375	mid	0.6875	False	8	8	16	8	0.0237	0.0237	0.0005	0.0237
areal	0	12	8	1.0	saturated	0.6875	False	8	8	2	8	1.0	1.0	1.0	1.0
areal	0	13	8	1.0	saturated	0.6875	False	8	8	2	8	1.0	1.0	1.0	1.0
areal	0	14	3	0.375	mid	0.6875	False	8	8	16	8	0.0237	0.0237	0.0005	0.0237
areal	0	15	8	1.0	saturated	0.6875	False	8	8	2	8	1.0	1.0	1.0	1.0
areal	1	0	7	0.875	boundary	0.5	False	8	8	4	8	0.3436	0.3436	0.5864	0.3436
areal	1	1	4	0.5	mid	0.5	False	8	8	16	8	0.0078	0.0078	0.0	0.0078
areal	1	2	6	0.75	mid	0.5	False	8	8	8	8	0.1001	0.1001	0.1001	0.1001
areal	1	3	8	1.0	saturated	0.5	False	8	8	2	8	1.0	1.0	1.0	1.0
areal	1	4	8	1.0	saturated	0.5	False	8	8	2	8	1.0	1.0	1.0	1.0
areal	1	5	8	1.0	saturated	0.5	False	8	8	2	8	1.0	1.0	1.0	1.0
areal	1	6	8	1.0	saturated	0.5	False	8	8	2	8	1.0	1.0	1.0	1.0
areal	1	7	7	0.875	boundary	0.5	False	8	8	4	8	0.3436	0.3436	0.5864	0.3436
areal	1	8	8	1.0	saturated	0.5	False	8	8	2	8	1.0	1.0	1.0	1.0
areal	1	9	4	0.5	mid	0.5	False	8	8	16	8	0.0078	0.0078	0.0	0.0078
areal	1	10	7	0.875	boundary	0.5	False	8	8	4	8	0.3436	0.3436	0.5864	0.3436
areal	1	11	8	1.0	saturated	0.5	False	8	8	2	8	1.0	1.0	1.0	1.0
areal	1	12	8	1.0	saturated	0.5	False	8	8	2	8	1.0	1.0	1.0	1.0
areal	1	13	6	0.75	mid	0.5	False	8	8	8	8	0.1001	0.1001	0.1001	0.1001
areal	1	14	8	1.0	saturated	0.5	False	8	8	2	8	1.0	1.0	1.0	1.0
areal	1	15	4	0.5	mid	0.5	False	8	8	16	8	0.0078	0.0078	0.0	0.0078
areal	2	0	7	0.875	boundary	0.6875	False	8	8	4	8	0.3436	0.3436	0.5864	0.3436
areal	2	1	8	1.0	saturated	0.6875	False	8	8	2	8	1.0	1.0	1.0	1.0
areal	2	2	7	0.875	boundary	0.6875	False	8	8	4	8	0.3436	0.3436	0.5864	0.3436
areal	2	3	8	1.0	saturated	0.6875	False	8	8	2	8	1.0	1.0	1.0	1.0
areal	2	4	4	0.5	mid	0.6875	False	8	8	16	8	0.0078	0.0078	0.0	0.0078
areal	2	5	8	1.0	saturated	0.6875	False	8	8	2	8	1.0	1.0	1.0	1.0
areal	2	6	0	0.0	saturated	0.6875	False	8	8	16	8	1.0	1.0	1.0	1.0
areal	2	7	8	1.0	saturated	0.6875	False	8	8	2	8	1.0	1.0	1.0	1.0
areal	2	8	8	1.0	saturated	0.6875	False	8	8	2	8	1.0	1.0	1.0	1.0
areal	2	9	0	0.0	saturated	0.6875	False	8	8	16	8	1.0	1.0	1.0	1.0
areal	2	10	7	0.875	boundary	0.6875	False	8	8	4	8	0.3436	0.3436	0.5864	0.3436
areal	2	11	8	1.0	saturated	0.6875	False	8	8	2	8	1.0	1.0	1.0	1.0
areal	2	12	8	1.0	saturated	0.6875	False	8	8	2	8	1.0	1.0	1.0	1.0
areal	2	13	8	1.0	saturated	0.6875	False	8	8	2	8	1.0	1.0	1.0	1.0
areal	2	14	7	0.875	boundary	0.6875	False	8	8	4	8	0.3436	0.3436	0.5864	0.3436
areal	2	15	8	1.0	saturated	0.6875	False	8	8	2	8	1.0	1.0	1.0	1.0
areal	3	0	5	0.625	mid	0.6875	False	8	8	16	8	0.0237	0.0237	0.0005	0.0237
areal	3	1	8	1.0	saturated	0.6875	False	8	8	2	8	1.0	1.0	1.0	1.0
areal	3	2	8	1.0	saturated	0.6875	False	8	8	2	8	1.0	1.0	1.0	1.0
areal	3	3	5	0.625	mid	0.6875	False	8	8	16	8	0.0237	0.0237	0.0005	0.0237
areal	3	4	0	0.0	saturated	0.6875	False	8	8	16	8	1.0	1.0	1.0	1.0
areal	3	5	8	1.0	saturated	0.6875	False	8	8	2	8	1.0	1.0	1.0	1.0
areal	3	6	6	0.75	mid	0.6875	False	8	8	8	8	0.1001	0.1001	0.1001	0.1001
areal	3	7	8	1.0	saturated	0.6875	False	8	8	2	8	1.0	1.0	1.0	1.0
areal	3	8	0	0.0	saturated	0.6875	False	8	8	16	8	1.0	1.0	1.0	1.0
areal	3	9	8	1.0	saturated	0.6875	False	8	8	2	8	1.0	1.0	1.0	1.0
areal	3	10	8	1.0	saturated	0.6875	False	8	8	2	8	1.0	1.0	1.0	1.0
areal	3	11	8	1.0	saturated	0.6875	False	8	8	2	8	1.0	1.0	1.0	1.0
areal	3	12	8	1.0	saturated	0.6875	False	8	8	2	8	1.0	1.0	1.0	1.0
areal	3	13	6	0.75	mid	0.6875	False	8	8	8	8	0.1001	0.1001	0.1001	0.1001
areal	3	14	1	0.125	boundary	0.6875	False	8	8	16	8	0.3436	0.3436	0.1181	0.3436
areal	3	15	8	1.0	saturated	0.6875	False	8	8	2	8	1.0	1.0	1.0	1.0
areal	4	0	7	0.875	boundary	0.5	False	8	8	4	8	0.3436	0.3436	0.5864	0.3436
areal	4	1	7	0.875	boundary	0.5	False	8	8	4	8	0.3436	0.3436	0.5864	0.3436
areal	4	2	1	0.125	boundary	0.5	False	8	8	16	8	0.3436	0.3436	0.1181	0.3436
areal	4	3	2	0.25	mid	0.5	False	8	8	16	8	0.1001	0.1001	0.01	0.1001
areal	4	4	8	1.0	saturated	0.5	False	8	8	2	8	1.0	1.0	1.0	1.0
areal	4	5	7	0.875	boundary	0.5	False	8	8	4	8	0.3436	0.3436	0.5864	0.3436
areal	4	6	8	1.0	saturated	0.5	False	8	8	2	8	1.0	1.0	1.0	1.0
areal	4	7	7	0.875	boundary	0.5	False	8	8	4	8	0.3436	0.3436	0.5864	0.3436
areal	4	8	8	1.0	saturated	0.5	False	8	8	2	8	1.0	1.0	1.0	1.0
areal	4	9	8	1.0	saturated	0.5	False	8	8	2	8	1.0	1.0	1.0	1.0
areal	4	10	8	1.0	saturated	0.5	False	8	8	2	8	1.0	1.0	1.0	1.0
areal	4	11	8	1.0	saturated	0.5	False	8	8	2	8	1.0	1.0	1.0	1.0
areal	4	12	8	1.0	saturated	0.5	False	8	8	2	8	1.0	1.0	1.0	1.0
areal	4	13	4	0.5	mid	0.5	False	8	8	16	8	0.0078	0.0078	0.0	0.0078
areal	4	14	8	1.0	saturated	0.5	False	8	8	2	8	1.0	1.0	1.0	1.0
areal	4	15	7	0.875	boundary	0.5	False	8	8	4	8	0.3436	0.3436	0.5864	0.3436
areal	5	0	8	1.0	saturated	0.75	False	8	16	2	16	1.0	1.0	1.0	1.0
areal	5	1	0	0.0	saturated	0.75	False	8	16	16	16	1.0	1.0	1.0	1.0
areal	5	2	7	0.875	boundary	0.75	False	8	16	4	16	0.3436	0.1181	0.5864	0.1181
areal	5	3	8	1.0	saturated	0.75	False	8	16	2	16	1.0	1.0	1.0	1.0
areal	5	4	8	1.0	saturated	0.75	False	8	16	2	16	1.0	1.0	1.0	1.0
areal	5	5	8	1.0	saturated	0.75	False	8	16	2	16	1.0	1.0	1.0	1.0
areal	5	6	0	0.0	saturated	0.75	False	8	16	16	16	1.0	1.0	1.0	1.0
areal	5	7	3	0.375	mid	0.75	False	8	16	16	16	0.0237	0.0005	0.0005	0.0005
areal	5	8	7	0.875	boundary	0.75	False	8	16	4	16	0.3436	0.1181	0.5864	0.1181
areal	5	9	8	1.0	saturated	0.75	False	8	16	2	16	1.0	1.0	1.0	1.0
areal	5	10	3	0.375	mid	0.75	False	8	16	16	16	0.0237	0.0005	0.0005	0.0005
areal	5	11	0	0.0	saturated	0.75	False	8	16	16	16	1.0	1.0	1.0	1.0
areal	5	12	8	1.0	saturated	0.75	False	8	16	2	16	1.0	1.0	1.0	1.0
areal	5	13	8	1.0	saturated	0.75	False	8	16	2	16	1.0	1.0	1.0	1.0
areal	5	14	8	1.0	saturated	0.75	False	8	16	2	16	1.0	1.0	1.0	1.0
areal	5	15	0	0.0	saturated	0.75	False	8	16	16	16	1.0	1.0	1.0	1.0
areal	6	0	8	1.0	saturated	0.6875	False	8	8	2	8	1.0	1.0	1.0	1.0
areal	6	1	7	0.875	boundary	0.6875	False	8	8	4	8	0.3436	0.3436	0.5864	0.3436
areal	6	2	8	1.0	saturated	0.6875	False	8	8	2	8	1.0	1.0	1.0	1.0
areal	6	3	1	0.125	boundary	0.6875	False	8	8	16	8	0.3436	0.3436	0.1181	0.3436
areal	6	4	5	0.625	mid	0.6875	False	8	8	16	8	0.0237	0.0237	0.0005	0.0237
areal	6	5	8	1.0	saturated	0.6875	False	8	8	2	8	1.0	1.0	1.0	1.0
areal	6	6	8	1.0	saturated	0.6875	False	8	8	2	8	1.0	1.0	1.0	1.0
areal	6	7	8	1.0	saturated	0.6875	False	8	8	2	8	1.0	1.0	1.0	1.0
areal	6	8	8	1.0	saturated	0.6875	False	8	8	2	8	1.0	1.0	1.0	1.0
areal	6	9	8	1.0	saturated	0.6875	False	8	8	2	8	1.0	1.0	1.0	1.0
areal	6	10	7	0.875	boundary	0.6875	False	8	8	4	8	0.3436	0.3436	0.5864	0.3436
areal	6	11	8	1.0	saturated	0.6875	False	8	8	2	8	1.0	1.0	1.0	1.0
areal	6	12	8	1.0	saturated	0.6875	False	8	8	2	8	1.0	1.0	1.0	1.0
areal	6	13	0	0.0	saturated	0.6875	False	8	8	16	8	1.0	1.0	1.0	1.0
areal	6	14	5	0.625	mid	0.6875	False	8	8	16	8	0.0237	0.0237	0.0005	0.0237
areal	6	15	8	1.0	saturated	0.6875	False	8	8	2	8	1.0	1.0	1.0	1.0
areal	7	0	8	1.0	saturated	0.875	False	8	16	2	16	1.0	1.0	1.0	1.0
areal	7	1	8	1.0	saturated	0.875	False	8	16	2	16	1.0	1.0	1.0	1.0
areal	7	2	0	0.0	saturated	0.875	False	8	16	16	16	1.0	1.0	1.0	1.0
areal	7	3	8	1.0	saturated	0.875	False	8	16	2	16	1.0	1.0	1.0	1.0
areal	7	4	0	0.0	saturated	0.875	False	8	16	16	16	1.0	1.0	1.0	1.0
areal	7	5	8	1.0	saturated	0.875	False	8	16	2	16	1.0	1.0	1.0	1.0
areal	7	6	8	1.0	saturated	0.875	False	8	16	2	16	1.0	1.0	1.0	1.0
areal	7	7	8	1.0	saturated	0.875	False	8	16	2	16	1.0	1.0	1.0	1.0
areal	7	8	1	0.125	boundary	0.875	False	8	16	16	16	0.3436	0.1181	0.1181	0.1181
areal	7	9	8	1.0	saturated	0.875	False	8	16	2	16	1.0	1.0	1.0	1.0
areal	7	10	8	1.0	saturated	0.875	False	8	16	2	16	1.0	1.0	1.0	1.0
areal	7	11	8	1.0	saturated	0.875	False	8	16	2	16	1.0	1.0	1.0	1.0
areal	7	12	8	1.0	saturated	0.875	False	8	16	2	16	1.0	1.0	1.0	1.0
areal	7	13	7	0.875	boundary	0.875	False	8	16	4	16	0.3436	0.1181	0.5864	0.1181
areal	7	14	8	1.0	saturated	0.875	False	8	16	2	16	1.0	1.0	1.0	1.0
areal	7	15	0	0.0	saturated	0.875	False	8	16	16	16	1.0	1.0	1.0	1.0
areal	8	0	8	1.0	saturated	0.625	False	8	8	2	8	1.0	1.0	1.0	1.0
areal	8	1	8	1.0	saturated	0.625	False	8	8	2	8	1.0	1.0	1.0	1.0
areal	8	2	8	1.0	saturated	0.625	False	8	8	2	8	1.0	1.0	1.0	1.0
areal	8	3	3	0.375	mid	0.625	False	8	8	16	8	0.0237	0.0237	0.0005	0.0237
areal	8	4	8	1.0	saturated	0.625	False	8	8	2	8	1.0	1.0	1.0	1.0
areal	8	5	7	0.875	boundary	0.625	False	8	8	4	8	0.3436	0.3436	0.5864	0.3436
areal	8	6	8	1.0	saturated	0.625	False	8	8	2	8	1.0	1.0	1.0	1.0
areal	8	7	3	0.375	mid	0.625	False	8	8	16	8	0.0237	0.0237	0.0005	0.0237
areal	8	8	8	1.0	saturated	0.625	False	8	8	2	8	1.0	1.0	1.0	1.0
areal	8	9	1	0.125	boundary	0.625	False	8	8	16	8	0.3436	0.3436	0.1181	0.3436
areal	8	10	8	1.0	saturated	0.625	False	8	8	2	8	1.0	1.0	1.0	1.0
areal	8	11	8	1.0	saturated	0.625	False	8	8	2	8	1.0	1.0	1.0	1.0
areal	8	12	0	0.0	saturated	0.625	False	8	8	16	8	1.0	1.0	1.0	1.0
areal	8	13	4	0.5	mid	0.625	False	8	8	16	8	0.0078	0.0078	0.0	0.0078
areal	8	14	6	0.75	mid	0.625	False	8	8	8	8	0.1001	0.1001	0.1001	0.1001
areal	8	15	8	1.0	saturated	0.625	False	8	8	2	8	1.0	1.0	1.0	1.0
areal	9	0	8	1.0	saturated	0.6875	False	8	8	2	8	1.0	1.0	1.0	1.0
areal	9	1	8	1.0	saturated	0.6875	False	8	8	2	8	1.0	1.0	1.0	1.0
areal	9	2	8	1.0	saturated	0.6875	False	8	8	2	8	1.0	1.0	1.0	1.0
areal	9	3	5	0.625	mid	0.6875	False	8	8	16	8	0.0237	0.0237	0.0005	0.0237
areal	9	4	8	1.0	saturated	0.6875	False	8	8	2	8	1.0	1.0	1.0	1.0
areal	9	5	7	0.875	boundary	0.6875	False	8	8	4	8	0.3436	0.3436	0.5864	0.3436
areal	9	6	8	1.0	saturated	0.6875	False	8	8	2	8	1.0	1.0	1.0	1.0
areal	9	7	8	1.0	saturated	0.6875	False	8	8	2	8	1.0	1.0	1.0	1.0
areal	9	8	2	0.25	mid	0.6875	False	8	8	16	8	0.1001	0.1001	0.01	0.1001
areal	9	9	8	1.0	saturated	0.6875	False	8	8	2	8	1.0	1.0	1.0	1.0
areal	9	10	8	1.0	saturated	0.6875	False	8	8	2	8	1.0	1.0	1.0	1.0
areal	9	11	3	0.375	mid	0.6875	False	8	8	16	8	0.0237	0.0237	0.0005	0.0237
areal	9	12	8	1.0	saturated	0.6875	False	8	8	2	8	1.0	1.0	1.0	1.0
areal	9	13	8	1.0	saturated	0.6875	False	8	8	2	8	1.0	1.0	1.0	1.0
areal	9	14	5	0.625	mid	0.6875	False	8	8	16	8	0.0237	0.0237	0.0005	0.0237
areal	9	15	8	1.0	saturated	0.6875	False	8	8	2	8	1.0	1.0	1.0	1.0
areal	10	0	8	1.0	saturated	0.6875	False	8	8	2	8	1.0	1.0	1.0	1.0
areal	10	1	8	1.0	saturated	0.6875	False	8	8	2	8	1.0	1.0	1.0	1.0
areal	10	2	8	1.0	saturated	0.6875	False	8	8	2	8	1.0	1.0	1.0	1.0
areal	10	3	8	1.0	saturated	0.6875	False	8	8	2	8	1.0	1.0	1.0	1.0
areal	10	4	7	0.875	boundary	0.6875	False	8	8	4	8	0.3436	0.3436	0.5864	0.3436
areal	10	5	8	1.0	saturated	0.6875	False	8	8	2	8	1.0	1.0	1.0	1.0
areal	10	6	7	0.875	boundary	0.6875	False	8	8	4	8	0.3436	0.3436	0.5864	0.3436
areal	10	7	3	0.375	mid	0.6875	False	8	8	16	8	0.0237	0.0237	0.0005	0.0237
areal	10	8	8	1.0	saturated	0.6875	False	8	8	2	8	1.0	1.0	1.0	1.0
areal	10	9	1	0.125	boundary	0.6875	False	8	8	16	8	0.3436	0.3436	0.1181	0.3436
areal	10	10	8	1.0	saturated	0.6875	False	8	8	2	8	1.0	1.0	1.0	1.0
areal	10	11	8	1.0	saturated	0.6875	False	8	8	2	8	1.0	1.0	1.0	1.0
areal	10	12	8	1.0	saturated	0.6875	False	8	8	2	8	1.0	1.0	1.0	1.0
areal	10	13	8	1.0	saturated	0.6875	False	8	8	2	8	1.0	1.0	1.0	1.0
areal	10	14	7	0.875	boundary	0.6875	False	8	8	4	8	0.3436	0.3436	0.5864	0.3436
areal	10	15	8	1.0	saturated	0.6875	False	8	8	2	8	1.0	1.0	1.0	1.0
areal	11	0	8	1.0	saturated	0.5	False	8	8	2	8	1.0	1.0	1.0	1.0
areal	11	1	1	0.125	boundary	0.5	False	8	8	16	8	0.3436	0.3436	0.1181	0.3436
areal	11	2	8	1.0	saturated	0.5	False	8	8	2	8	1.0	1.0	1.0	1.0
areal	11	3	7	0.875	boundary	0.5	False	8	8	4	8	0.3436	0.3436	0.5864	0.3436
areal	11	4	8	1.0	saturated	0.5	False	8	8	2	8	1.0	1.0	1.0	1.0
areal	11	5	6	0.75	mid	0.5	False	8	8	8	8	0.1001	0.1001	0.1001	0.1001
areal	11	6	8	1.0	saturated	0.5	False	8	8	2	8	1.0	1.0	1.0	1.0
areal	11	7	3	0.375	mid	0.5	False	8	8	16	8	0.0237	0.0237	0.0005	0.0237
areal	11	8	8	1.0	saturated	0.5	False	8	8	2	8	1.0	1.0	1.0	1.0
areal	11	9	7	0.875	boundary	0.5	False	8	8	4	8	0.3436	0.3436	0.5864	0.3436
areal	11	10	7	0.875	boundary	0.5	False	8	8	4	8	0.3436	0.3436	0.5864	0.3436
areal	11	11	8	1.0	saturated	0.5	False	8	8	2	8	1.0	1.0	1.0	1.0
areal	11	12	2	0.25	mid	0.5	False	8	8	16	8	0.1001	0.1001	0.01	0.1001
areal	11	13	0	0.0	saturated	0.5	False	8	8	16	8	1.0	1.0	1.0	1.0
areal	11	14	5	0.625	mid	0.5	False	8	8	16	8	0.0237	0.0237	0.0005	0.0237
areal	11	15	8	1.0	saturated	0.5	False	8	8	2	8	1.0	1.0	1.0	1.0
areal	12	0	8	1.0	saturated	0.8125	False	8	16	2	16	1.0	1.0	1.0	1.0
areal	12	1	8	1.0	saturated	0.8125	False	8	16	2	16	1.0	1.0	1.0	1.0
areal	12	2	5	0.625	mid	0.8125	False	8	16	16	16	0.0237	0.0005	0.0005	0.0005
areal	12	3	8	1.0	saturated	0.8125	False	8	16	2	16	1.0	1.0	1.0	1.0
areal	12	4	8	1.0	saturated	0.8125	False	8	16	2	16	1.0	1.0	1.0	1.0
areal	12	5	8	1.0	saturated	0.8125	False	8	16	2	16	1.0	1.0	1.0	1.0
areal	12	6	8	1.0	saturated	0.8125	False	8	16	2	16	1.0	1.0	1.0	1.0
areal	12	7	8	1.0	saturated	0.8125	False	8	16	2	16	1.0	1.0	1.0	1.0
areal	12	8	8	1.0	saturated	0.8125	False	8	16	2	16	1.0	1.0	1.0	1.0
areal	12	9	8	1.0	saturated	0.8125	False	8	16	2	16	1.0	1.0	1.0	1.0
areal	12	10	5	0.625	mid	0.8125	False	8	16	16	16	0.0237	0.0005	0.0005	0.0005
areal	12	11	3	0.375	mid	0.8125	False	8	16	16	16	0.0237	0.0005	0.0005	0.0005
areal	12	12	8	1.0	saturated	0.8125	False	8	16	2	16	1.0	1.0	1.0	1.0
areal	12	13	8	1.0	saturated	0.8125	False	8	16	2	16	1.0	1.0	1.0	1.0
areal	12	14	8	1.0	saturated	0.8125	False	8	16	2	16	1.0	1.0	1.0	1.0
areal	12	15	8	1.0	saturated	0.8125	False	8	16	2	16	1.0	1.0	1.0	1.0
areal	13	0	8	1.0	saturated	0.5625	False	8	8	2	8	1.0	1.0	1.0	1.0
areal	13	1	8	1.0	saturated	0.5625	False	8	8	2	8	1.0	1.0	1.0	1.0
areal	13	2	8	1.0	saturated	0.5625	False	8	8	2	8	1.0	1.0	1.0	1.0
areal	13	3	8	1.0	saturated	0.5625	False	8	8	2	8	1.0	1.0	1.0	1.0
areal	13	4	3	0.375	mid	0.5625	False	8	8	16	8	0.0237	0.0237	0.0005	0.0237
areal	13	5	6	0.75	mid	0.5625	False	8	8	8	8	0.1001	0.1001	0.1001	0.1001
areal	13	6	8	1.0	saturated	0.5625	False	8	8	2	8	1.0	1.0	1.0	1.0
areal	13	7	8	1.0	saturated	0.5625	False	8	8	2	8	1.0	1.0	1.0	1.0
areal	13	8	2	0.25	mid	0.5625	False	8	8	16	8	0.1001	0.1001	0.01	0.1001
areal	13	9	8	1.0	saturated	0.5625	False	8	8	2	8	1.0	1.0	1.0	1.0
areal	13	10	5	0.625	mid	0.5625	False	8	8	16	8	0.0237	0.0237	0.0005	0.0237
areal	13	11	5	0.625	mid	0.5625	False	8	8	16	8	0.0237	0.0237	0.0005	0.0237
areal	13	12	5	0.625	mid	0.5625	False	8	8	16	8	0.0237	0.0237	0.0005	0.0237
areal	13	13	2	0.25	mid	0.5625	False	8	8	16	8	0.1001	0.1001	0.01	0.1001
areal	13	14	0	0.0	saturated	0.5625	False	8	8	16	8	1.0	1.0	1.0	1.0
areal	13	15	8	1.0	saturated	0.5625	False	8	8	2	8	1.0	1.0	1.0	1.0
areal	14	0	7	0.875	boundary	0.6875	False	8	8	4	8	0.3436	0.3436	0.5864	0.3436
areal	14	1	8	1.0	saturated	0.6875	False	8	8	2	8	1.0	1.0	1.0	1.0
areal	14	2	8	1.0	saturated	0.6875	False	8	8	2	8	1.0	1.0	1.0	1.0
areal	14	3	8	1.0	saturated	0.6875	False	8	8	2	8	1.0	1.0	1.0	1.0
areal	14	4	8	1.0	saturated	0.6875	False	8	8	2	8	1.0	1.0	1.0	1.0
areal	14	5	8	1.0	saturated	0.6875	False	8	8	2	8	1.0	1.0	1.0	1.0
areal	14	6	8	1.0	saturated	0.6875	False	8	8	2	8	1.0	1.0	1.0	1.0
areal	14	7	8	1.0	saturated	0.6875	False	8	8	2	8	1.0	1.0	1.0	1.0
areal	14	8	8	1.0	saturated	0.6875	False	8	8	2	8	1.0	1.0	1.0	1.0
areal	14	9	4	0.5	mid	0.6875	False	8	8	16	8	0.0078	0.0078	0.0	0.0078
areal	14	10	8	1.0	saturated	0.6875	False	8	8	2	8	1.0	1.0	1.0	1.0
areal	14	11	6	0.75	mid	0.6875	False	8	8	8	8	0.1001	0.1001	0.1001	0.1001
areal	14	12	8	1.0	saturated	0.6875	False	8	8	2	8	1.0	1.0	1.0	1.0
areal	14	13	7	0.875	boundary	0.6875	False	8	8	4	8	0.3436	0.3436	0.5864	0.3436
areal	14	14	2	0.25	mid	0.6875	False	8	8	16	8	0.1001	0.1001	0.01	0.1001
areal	14	15	8	1.0	saturated	0.6875	False	8	8	2	8	1.0	1.0	1.0	1.0
areal	15	0	8	1.0	saturated	0.6875	False	8	8	2	8	1.0	1.0	1.0	1.0
areal	15	1	1	0.125	boundary	0.6875	False	8	8	16	8	0.3436	0.3436	0.1181	0.3436
areal	15	2	8	1.0	saturated	0.6875	False	8	8	2	8	1.0	1.0	1.0	1.0
areal	15	3	8	1.0	saturated	0.6875	False	8	8	2	8	1.0	1.0	1.0	1.0
areal	15	4	0	0.0	saturated	0.6875	False	8	8	16	8	1.0	1.0	1.0	1.0
areal	15	5	8	1.0	saturated	0.6875	False	8	8	2	8	1.0	1.0	1.0	1.0
areal	15	6	5	0.625	mid	0.6875	False	8	8	16	8	0.0237	0.0237	0.0005	0.0237
areal	15	7	7	0.875	boundary	0.6875	False	8	8	4	8	0.3436	0.3436	0.5864	0.3436
areal	15	8	8	1.0	saturated	0.6875	False	8	8	2	8	1.0	1.0	1.0	1.0
areal	15	9	8	1.0	saturated	0.6875	False	8	8	2	8	1.0	1.0	1.0	1.0
areal	15	10	7	0.875	boundary	0.6875	False	8	8	4	8	0.3436	0.3436	0.5864	0.3436
areal	15	11	7	0.875	boundary	0.6875	False	8	8	4	8	0.3436	0.3436	0.5864	0.3436
areal	15	12	8	1.0	saturated	0.6875	False	8	8	2	8	1.0	1.0	1.0	1.0
areal	15	13	8	1.0	saturated	0.6875	False	8	8	2	8	1.0	1.0	1.0	1.0
areal	15	14	8	1.0	saturated	0.6875	False	8	8	2	8	1.0	1.0	1.0	1.0
areal	15	15	8	1.0	saturated	0.6875	False	8	8	2	8	1.0	1.0	1.0	1.0
areal	16	0	8	1.0	saturated	0.625	False	8	8	2	8	1.0	1.0	1.0	1.0
areal	16	1	8	1.0	saturated	0.625	False	8	8	2	8	1.0	1.0	1.0	1.0
areal	16	2	0	0.0	saturated	0.625	False	8	8	16	8	1.0	1.0	1.0	1.0
areal	16	3	0	0.0	saturated	0.625	False	8	8	16	8	1.0	1.0	1.0	1.0
areal	16	4	8	1.0	saturated	0.625	False	8	8	2	8	1.0	1.0	1.0	1.0
areal	16	5	8	1.0	saturated	0.625	False	8	8	2	8	1.0	1.0	1.0	1.0
areal	16	6	8	1.0	saturated	0.625	False	8	8	2	8	1.0	1.0	1.0	1.0
areal	16	7	7	0.875	boundary	0.625	False	8	8	4	8	0.3436	0.3436	0.5864	0.3436
areal	16	8	2	0.25	mid	0.625	False	8	8	16	8	0.1001	0.1001	0.01	0.1001
areal	16	9	6	0.75	mid	0.625	False	8	8	8	8	0.1001	0.1001	0.1001	0.1001
areal	16	10	8	1.0	saturated	0.625	False	8	8	2	8	1.0	1.0	1.0	1.0
areal	16	11	7	0.875	boundary	0.625	False	8	8	4	8	0.3436	0.3436	0.5864	0.3436
areal	16	12	8	1.0	saturated	0.625	False	8	8	2	8	1.0	1.0	1.0	1.0
areal	16	13	7	0.875	boundary	0.625	False	8	8	4	8	0.3436	0.3436	0.5864	0.3436
areal	16	14	3	0.375	mid	0.625	False	8	8	16	8	0.0237	0.0237	0.0005	0.0237
areal	16	15	8	1.0	saturated	0.625	False	8	8	2	8	1.0	1.0	1.0	1.0
areal	17	0	7	0.875	boundary	0.5	False	8	8	4	8	0.3436	0.3436	0.5864	0.3436
areal	17	1	6	0.75	mid	0.5	False	8	8	8	8	0.1001	0.1001	0.1001	0.1001
areal	17	2	8	1.0	saturated	0.5	False	8	8	2	8	1.0	1.0	1.0	1.0
areal	17	3	8	1.0	saturated	0.5	False	8	8	2	8	1.0	1.0	1.0	1.0
areal	17	4	8	1.0	saturated	0.5	False	8	8	2	8	1.0	1.0	1.0	1.0
areal	17	5	8	1.0	saturated	0.5	False	8	8	2	8	1.0	1.0	1.0	1.0
areal	17	6	8	1.0	saturated	0.5	False	8	8	2	8	1.0	1.0	1.0	1.0
areal	17	7	5	0.625	mid	0.5	False	8	8	16	8	0.0237	0.0237	0.0005	0.0237
areal	17	8	7	0.875	boundary	0.5	False	8	8	4	8	0.3436	0.3436	0.5864	0.3436
areal	17	9	0	0.0	saturated	0.5	False	8	8	16	8	1.0	1.0	1.0	1.0
areal	17	10	5	0.625	mid	0.5	False	8	8	16	8	0.0237	0.0237	0.0005	0.0237
areal	17	11	8	1.0	saturated	0.5	False	8	8	2	8	1.0	1.0	1.0	1.0
areal	17	12	8	1.0	saturated	0.5	False	8	8	2	8	1.0	1.0	1.0	1.0
areal	17	13	4	0.5	mid	0.5	False	8	8	16	8	0.0078	0.0078	0.0	0.0078
areal	17	14	4	0.5	mid	0.5	False	8	8	16	8	0.0078	0.0078	0.0	0.0078
areal	17	15	7	0.875	boundary	0.5	False	8	8	4	8	0.3436	0.3436	0.5864	0.3436
areal	18	0	7	0.875	boundary	0.5625	False	8	8	4	8	0.3436	0.3436	0.5864	0.3436
areal	18	1	8	1.0	saturated	0.5625	False	8	8	2	8	1.0	1.0	1.0	1.0
areal	18	2	7	0.875	boundary	0.5625	False	8	8	4	8	0.3436	0.3436	0.5864	0.3436
areal	18	3	4	0.5	mid	0.5625	False	8	8	16	8	0.0078	0.0078	0.0	0.0078
areal	18	4	5	0.625	mid	0.5625	False	8	8	16	8	0.0237	0.0237	0.0005	0.0237
areal	18	5	0	0.0	saturated	0.5625	False	8	8	16	8	1.0	1.0	1.0	1.0
areal	18	6	8	1.0	saturated	0.5625	False	8	8	2	8	1.0	1.0	1.0	1.0
areal	18	7	8	1.0	saturated	0.5625	False	8	8	2	8	1.0	1.0	1.0	1.0
areal	18	8	0	0.0	saturated	0.5625	False	8	8	16	8	1.0	1.0	1.0	1.0
areal	18	9	8	1.0	saturated	0.5625	False	8	8	2	8	1.0	1.0	1.0	1.0
areal	18	10	5	0.625	mid	0.5625	False	8	8	16	8	0.0237	0.0237	0.0005	0.0237
areal	18	11	8	1.0	saturated	0.5625	False	8	8	2	8	1.0	1.0	1.0	1.0
areal	18	12	7	0.875	boundary	0.5625	False	8	8	4	8	0.3436	0.3436	0.5864	0.3436
areal	18	13	2	0.25	mid	0.5625	False	8	8	16	8	0.1001	0.1001	0.01	0.1001
areal	18	14	0	0.0	saturated	0.5625	False	8	8	16	8	1.0	1.0	1.0	1.0
areal	18	15	8	1.0	saturated	0.5625	False	8	8	2	8	1.0	1.0	1.0	1.0
areal	19	0	8	1.0	saturated	0.75	False	8	16	2	16	1.0	1.0	1.0	1.0
areal	19	1	6	0.75	mid	0.75	False	8	16	8	16	0.1001	0.01	0.1001	0.01
areal	19	2	8	1.0	saturated	0.75	False	8	16	2	16	1.0	1.0	1.0	1.0
areal	19	3	8	1.0	saturated	0.75	False	8	16	2	16	1.0	1.0	1.0	1.0
areal	19	4	8	1.0	saturated	0.75	False	8	16	2	16	1.0	1.0	1.0	1.0
areal	19	5	2	0.25	mid	0.75	False	8	16	16	16	0.1001	0.01	0.01	0.01
areal	19	6	8	1.0	saturated	0.75	False	8	16	2	16	1.0	1.0	1.0	1.0
areal	19	7	0	0.0	saturated	0.75	False	8	16	16	16	1.0	1.0	1.0	1.0
areal	19	8	4	0.5	mid	0.75	False	8	16	16	16	0.0078	0.0	0.0	0.0
areal	19	9	8	1.0	saturated	0.75	False	8	16	2	16	1.0	1.0	1.0	1.0
areal	19	10	8	1.0	saturated	0.75	False	8	16	2	16	1.0	1.0	1.0	1.0
areal	19	11	8	1.0	saturated	0.75	False	8	16	2	16	1.0	1.0	1.0	1.0
areal	19	12	8	1.0	saturated	0.75	False	8	16	2	16	1.0	1.0	1.0	1.0
areal	19	13	4	0.5	mid	0.75	False	8	16	16	16	0.0078	0.0	0.0	0.0
areal	19	14	0	0.0	saturated	0.75	False	8	16	16	16	1.0	1.0	1.0	1.0
areal	19	15	8	1.0	saturated	0.75	False	8	16	2	16	1.0	1.0	1.0	1.0
areal	20	0	8	1.0	saturated	0.6875	False	8	8	2	8	1.0	1.0	1.0	1.0
areal	20	1	8	1.0	saturated	0.6875	False	8	8	2	8	1.0	1.0	1.0	1.0
areal	20	2	8	1.0	saturated	0.6875	False	8	8	2	8	1.0	1.0	1.0	1.0
areal	20	3	8	1.0	saturated	0.6875	False	8	8	2	8	1.0	1.0	1.0	1.0
areal	20	4	8	1.0	saturated	0.6875	False	8	8	2	8	1.0	1.0	1.0	1.0
areal	20	5	8	1.0	saturated	0.6875	False	8	8	2	8	1.0	1.0	1.0	1.0
areal	20	6	8	1.0	saturated	0.6875	False	8	8	2	8	1.0	1.0	1.0	1.0
areal	20	7	8	1.0	saturated	0.6875	False	8	8	2	8	1.0	1.0	1.0	1.0
areal	20	8	8	1.0	saturated	0.6875	False	8	8	2	8	1.0	1.0	1.0	1.0
areal	20	9	8	1.0	saturated	0.6875	False	8	8	2	8	1.0	1.0	1.0	1.0
areal	20	10	4	0.5	mid	0.6875	False	8	8	16	8	0.0078	0.0078	0.0	0.0078
areal	20	11	4	0.5	mid	0.6875	False	8	8	16	8	0.0078	0.0078	0.0	0.0078
areal	20	12	4	0.5	mid	0.6875	False	8	8	16	8	0.0078	0.0078	0.0	0.0078
areal	20	13	8	1.0	saturated	0.6875	False	8	8	2	8	1.0	1.0	1.0	1.0
areal	20	14	6	0.75	mid	0.6875	False	8	8	8	8	0.1001	0.1001	0.1001	0.1001
areal	20	15	2	0.25	mid	0.6875	False	8	8	16	8	0.1001	0.1001	0.01	0.1001
areal	21	0	8	1.0	saturated	0.6875	False	8	8	2	8	1.0	1.0	1.0	1.0
areal	21	1	8	1.0	saturated	0.6875	False	8	8	2	8	1.0	1.0	1.0	1.0
areal	21	2	7	0.875	boundary	0.6875	False	8	8	4	8	0.3436	0.3436	0.5864	0.3436
areal	21	3	8	1.0	saturated	0.6875	False	8	8	2	8	1.0	1.0	1.0	1.0
areal	21	4	8	1.0	saturated	0.6875	False	8	8	2	8	1.0	1.0	1.0	1.0
areal	21	5	8	1.0	saturated	0.6875	False	8	8	2	8	1.0	1.0	1.0	1.0
areal	21	6	8	1.0	saturated	0.6875	False	8	8	2	8	1.0	1.0	1.0	1.0
areal	21	7	1	0.125	boundary	0.6875	False	8	8	16	8	0.3436	0.3436	0.1181	0.3436
areal	21	8	7	0.875	boundary	0.6875	False	8	8	4	8	0.3436	0.3436	0.5864	0.3436
areal	21	9	8	1.0	saturated	0.6875	False	8	8	2	8	1.0	1.0	1.0	1.0
areal	21	10	8	1.0	saturated	0.6875	False	8	8	2	8	1.0	1.0	1.0	1.0
areal	21	11	1	0.125	boundary	0.6875	False	8	8	16	8	0.3436	0.3436	0.1181	0.3436
areal	21	12	4	0.5	mid	0.6875	False	8	8	16	8	0.0078	0.0078	0.0	0.0078
areal	21	13	8	1.0	saturated	0.6875	False	8	8	2	8	1.0	1.0	1.0	1.0
areal	21	14	8	1.0	saturated	0.6875	False	8	8	2	8	1.0	1.0	1.0	1.0
areal	21	15	8	1.0	saturated	0.6875	False	8	8	2	8	1.0	1.0	1.0	1.0
areal	22	0	8	1.0	saturated	0.8125	False	8	16	2	16	1.0	1.0	1.0	1.0
areal	22	1	8	1.0	saturated	0.8125	False	8	16	2	16	1.0	1.0	1.0	1.0
areal	22	2	8	1.0	saturated	0.8125	False	8	16	2	16	1.0	1.0	1.0	1.0
areal	22	3	7	0.875	boundary	0.8125	False	8	16	4	16	0.3436	0.1181	0.5864	0.1181
areal	22	4	4	0.5	mid	0.8125	False	8	16	16	16	0.0078	0.0	0.0	0.0
areal	22	5	8	1.0	saturated	0.8125	False	8	16	2	16	1.0	1.0	1.0	1.0
areal	22	6	8	1.0	saturated	0.8125	False	8	16	2	16	1.0	1.0	1.0	1.0
areal	22	7	8	1.0	saturated	0.8125	False	8	16	2	16	1.0	1.0	1.0	1.0
areal	22	8	1	0.125	boundary	0.8125	False	8	16	16	16	0.3436	0.1181	0.1181	0.1181
areal	22	9	8	1.0	saturated	0.8125	False	8	16	2	16	1.0	1.0	1.0	1.0
areal	22	10	8	1.0	saturated	0.8125	False	8	16	2	16	1.0	1.0	1.0	1.0
areal	22	11	8	1.0	saturated	0.8125	False	8	16	2	16	1.0	1.0	1.0	1.0
areal	22	12	8	1.0	saturated	0.8125	False	8	16	2	16	1.0	1.0	1.0	1.0
areal	22	13	8	1.0	saturated	0.8125	False	8	16	2	16	1.0	1.0	1.0	1.0
areal	22	14	8	1.0	saturated	0.8125	False	8	16	2	16	1.0	1.0	1.0	1.0
areal	22	15	8	1.0	saturated	0.8125	False	8	16	2	16	1.0	1.0	1.0	1.0
areal	23	0	8	1.0	saturated	0.8125	False	8	16	2	16	1.0	1.0	1.0	1.0
areal	23	1	8	1.0	saturated	0.8125	False	8	16	2	16	1.0	1.0	1.0	1.0
areal	23	2	8	1.0	saturated	0.8125	False	8	16	2	16	1.0	1.0	1.0	1.0
areal	23	3	7	0.875	boundary	0.8125	False	8	16	4	16	0.3436	0.1181	0.5864	0.1181
areal	23	4	6	0.75	mid	0.8125	False	8	16	8	16	0.1001	0.01	0.1001	0.01
areal	23	5	8	1.0	saturated	0.8125	False	8	16	2	16	1.0	1.0	1.0	1.0
areal	23	6	3	0.375	mid	0.8125	False	8	16	16	16	0.0237	0.0005	0.0005	0.0005
areal	23	7	8	1.0	saturated	0.8125	False	8	16	2	16	1.0	1.0	1.0	1.0
areal	23	8	8	1.0	saturated	0.8125	False	8	16	2	16	1.0	1.0	1.0	1.0
areal	23	9	8	1.0	saturated	0.8125	False	8	16	2	16	1.0	1.0	1.0	1.0
areal	23	10	8	1.0	saturated	0.8125	False	8	16	2	16	1.0	1.0	1.0	1.0
areal	23	11	8	1.0	saturated	0.8125	False	8	16	2	16	1.0	1.0	1.0	1.0
areal	23	12	8	1.0	saturated	0.8125	False	8	16	2	16	1.0	1.0	1.0	1.0
areal	23	13	8	1.0	saturated	0.8125	False	8	16	2	16	1.0	1.0	1.0	1.0
areal	23	14	8	1.0	saturated	0.8125	False	8	16	2	16	1.0	1.0	1.0	1.0
areal	23	15	0	0.0	saturated	0.8125	False	8	16	16	16	1.0	1.0	1.0	1.0
areal	24	0	6	0.75	mid	0.875	False	8	16	8	16	0.1001	0.01	0.1001	0.01
areal	24	1	8	1.0	saturated	0.875	False	8	16	2	16	1.0	1.0	1.0	1.0
areal	24	2	8	1.0	saturated	0.875	False	8	16	2	16	1.0	1.0	1.0	1.0
areal	24	3	8	1.0	saturated	0.875	False	8	16	2	16	1.0	1.0	1.0	1.0
areal	24	4	1	0.125	boundary	0.875	False	8	16	16	16	0.3436	0.1181	0.1181	0.1181
areal	24	5	8	1.0	saturated	0.875	False	8	16	2	16	1.0	1.0	1.0	1.0
areal	24	6	8	1.0	saturated	0.875	False	8	16	2	16	1.0	1.0	1.0	1.0
areal	24	7	8	1.0	saturated	0.875	False	8	16	2	16	1.0	1.0	1.0	1.0
areal	24	8	8	1.0	saturated	0.875	False	8	16	2	16	1.0	1.0	1.0	1.0
areal	24	9	8	1.0	saturated	0.875	False	8	16	2	16	1.0	1.0	1.0	1.0
areal	24	10	8	1.0	saturated	0.875	False	8	16	2	16	1.0	1.0	1.0	1.0
areal	24	11	8	1.0	saturated	0.875	False	8	16	2	16	1.0	1.0	1.0	1.0
areal	24	12	8	1.0	saturated	0.875	False	8	16	2	16	1.0	1.0	1.0	1.0
areal	24	13	8	1.0	saturated	0.875	False	8	16	2	16	1.0	1.0	1.0	1.0
areal	24	14	8	1.0	saturated	0.875	False	8	16	2	16	1.0	1.0	1.0	1.0
areal	24	15	8	1.0	saturated	0.875	False	8	16	2	16	1.0	1.0	1.0	1.0
areal	25	0	8	1.0	saturated	0.625	False	8	8	2	8	1.0	1.0	1.0	1.0
areal	25	1	8	1.0	saturated	0.625	False	8	8	2	8	1.0	1.0	1.0	1.0
areal	25	2	5	0.625	mid	0.625	False	8	8	16	8	0.0237	0.0237	0.0005	0.0237
areal	25	3	8	1.0	saturated	0.625	False	8	8	2	8	1.0	1.0	1.0	1.0
areal	25	4	8	1.0	saturated	0.625	False	8	8	2	8	1.0	1.0	1.0	1.0
areal	25	5	8	1.0	saturated	0.625	False	8	8	2	8	1.0	1.0	1.0	1.0
areal	25	6	3	0.375	mid	0.625	False	8	8	16	8	0.0237	0.0237	0.0005	0.0237
areal	25	7	8	1.0	saturated	0.625	False	8	8	2	8	1.0	1.0	1.0	1.0
areal	25	8	8	1.0	saturated	0.625	False	8	8	2	8	1.0	1.0	1.0	1.0
areal	25	9	8	1.0	saturated	0.625	False	8	8	2	8	1.0	1.0	1.0	1.0
areal	25	10	6	0.75	mid	0.625	False	8	8	8	8	0.1001	0.1001	0.1001	0.1001
areal	25	11	8	1.0	saturated	0.625	False	8	8	2	8	1.0	1.0	1.0	1.0
areal	25	12	2	0.25	mid	0.625	False	8	8	16	8	0.1001	0.1001	0.01	0.1001
areal	25	13	5	0.625	mid	0.625	False	8	8	16	8	0.0237	0.0237	0.0005	0.0237
areal	25	14	8	1.0	saturated	0.625	False	8	8	2	8	1.0	1.0	1.0	1.0
areal	25	15	5	0.625	mid	0.625	False	8	8	16	8	0.0237	0.0237	0.0005	0.0237
areal	26	0	8	1.0	saturated	0.875	False	8	16	2	16	1.0	1.0	1.0	1.0
areal	26	1	8	1.0	saturated	0.875	False	8	16	2	16	1.0	1.0	1.0	1.0
areal	26	2	8	1.0	saturated	0.875	False	8	16	2	16	1.0	1.0	1.0	1.0
areal	26	3	0	0.0	saturated	0.875	False	8	16	16	16	1.0	1.0	1.0	1.0
areal	26	4	5	0.625	mid	0.875	False	8	16	16	16	0.0237	0.0005	0.0005	0.0005
areal	26	5	0	0.0	saturated	0.875	False	8	16	16	16	1.0	1.0	1.0	1.0
areal	26	6	8	1.0	saturated	0.875	False	8	16	2	16	1.0	1.0	1.0	1.0
areal	26	7	6	0.75	mid	0.875	False	8	16	8	16	0.1001	0.01	0.1001	0.01
areal	26	8	8	1.0	saturated	0.875	False	8	16	2	16	1.0	1.0	1.0	1.0
areal	26	9	8	1.0	saturated	0.875	False	8	16	2	16	1.0	1.0	1.0	1.0
areal	26	10	8	1.0	saturated	0.875	False	8	16	2	16	1.0	1.0	1.0	1.0
areal	26	11	8	1.0	saturated	0.875	False	8	16	2	16	1.0	1.0	1.0	1.0
areal	26	12	8	1.0	saturated	0.875	False	8	16	2	16	1.0	1.0	1.0	1.0
areal	26	13	8	1.0	saturated	0.875	False	8	16	2	16	1.0	1.0	1.0	1.0
areal	26	14	8	1.0	saturated	0.875	False	8	16	2	16	1.0	1.0	1.0	1.0
areal	26	15	8	1.0	saturated	0.875	False	8	16	2	16	1.0	1.0	1.0	1.0
areal	27	0	8	1.0	saturated	0.9375	True	8	16	2	4	1.0	1.0	1.0	1.0
areal	27	1	8	1.0	saturated	0.9375	True	8	16	2	4	1.0	1.0	1.0	1.0
areal	27	2	8	1.0	saturated	0.9375	True	8	16	2	4	1.0	1.0	1.0	1.0
areal	27	3	8	1.0	saturated	0.9375	True	8	16	2	4	1.0	1.0	1.0	1.0
areal	27	4	8	1.0	saturated	0.9375	True	8	16	2	4	1.0	1.0	1.0	1.0
areal	27	5	8	1.0	saturated	0.9375	True	8	16	2	4	1.0	1.0	1.0	1.0
areal	27	6	8	1.0	saturated	0.9375	True	8	16	2	4	1.0	1.0	1.0	1.0
areal	27	7	8	1.0	saturated	0.9375	True	8	16	2	4	1.0	1.0	1.0	1.0
areal	27	8	8	1.0	saturated	0.9375	True	8	16	2	4	1.0	1.0	1.0	1.0
areal	27	9	8	1.0	saturated	0.9375	True	8	16	2	4	1.0	1.0	1.0	1.0
areal	27	10	8	1.0	saturated	0.9375	True	8	16	2	4	1.0	1.0	1.0	1.0
areal	27	11	8	1.0	saturated	0.9375	True	8	16	2	4	1.0	1.0	1.0	1.0
areal	27	12	8	1.0	saturated	0.9375	True	8	16	2	4	1.0	1.0	1.0	1.0
areal	27	13	8	1.0	saturated	0.9375	True	8	16	2	4	1.0	1.0	1.0	1.0
areal	27	14	2	0.25	mid	0.9375	True	8	16	16	4	0.1001	0.01	0.01	0.3203
areal	27	15	8	1.0	saturated	0.9375	True	8	16	2	4	1.0	1.0	1.0	1.0
areal	28	0	8	1.0	saturated	0.875	False	8	16	2	16	1.0	1.0	1.0	1.0
areal	28	1	7	0.875	boundary	0.875	False	8	16	4	16	0.3436	0.1181	0.5864	0.1181
areal	28	2	8	1.0	saturated	0.875	False	8	16	2	16	1.0	1.0	1.0	1.0
areal	28	3	8	1.0	saturated	0.875	False	8	16	2	16	1.0	1.0	1.0	1.0
areal	28	4	8	1.0	saturated	0.875	False	8	16	2	16	1.0	1.0	1.0	1.0
areal	28	5	8	1.0	saturated	0.875	False	8	16	2	16	1.0	1.0	1.0	1.0
areal	28	6	8	1.0	saturated	0.875	False	8	16	2	16	1.0	1.0	1.0	1.0
areal	28	7	8	1.0	saturated	0.875	False	8	16	2	16	1.0	1.0	1.0	1.0
areal	28	8	8	1.0	saturated	0.875	False	8	16	2	16	1.0	1.0	1.0	1.0
areal	28	9	8	1.0	saturated	0.875	False	8	16	2	16	1.0	1.0	1.0	1.0
areal	28	10	8	1.0	saturated	0.875	False	8	16	2	16	1.0	1.0	1.0	1.0
areal	28	11	8	1.0	saturated	0.875	False	8	16	2	16	1.0	1.0	1.0	1.0
areal	28	12	8	1.0	saturated	0.875	False	8	16	2	16	1.0	1.0	1.0	1.0
areal	28	13	0	0.0	saturated	0.875	False	8	16	16	16	1.0	1.0	1.0	1.0
areal	28	14	5	0.625	mid	0.875	False	8	16	16	16	0.0237	0.0005	0.0005	0.0005
areal	28	15	8	1.0	saturated	0.875	False	8	16	2	16	1.0	1.0	1.0	1.0
areal	29	0	8	1.0	saturated	0.8125	False	8	16	2	16	1.0	1.0	1.0	1.0
areal	29	1	7	0.875	boundary	0.8125	False	8	16	4	16	0.3436	0.1181	0.5864	0.1181
areal	29	2	8	1.0	saturated	0.8125	False	8	16	2	16	1.0	1.0	1.0	1.0
areal	29	3	8	1.0	saturated	0.8125	False	8	16	2	16	1.0	1.0	1.0	1.0
areal	29	4	4	0.5	mid	0.8125	False	8	16	16	16	0.0078	0.0	0.0	0.0
areal	29	5	8	1.0	saturated	0.8125	False	8	16	2	16	1.0	1.0	1.0	1.0
areal	29	6	8	1.0	saturated	0.8125	False	8	16	2	16	1.0	1.0	1.0	1.0
areal	29	7	8	1.0	saturated	0.8125	False	8	16	2	16	1.0	1.0	1.0	1.0
areal	29	8	8	1.0	saturated	0.8125	False	8	16	2	16	1.0	1.0	1.0	1.0
areal	29	9	7	0.875	boundary	0.8125	False	8	16	4	16	0.3436	0.1181	0.5864	0.1181
areal	29	10	8	1.0	saturated	0.8125	False	8	16	2	16	1.0	1.0	1.0	1.0
areal	29	11	8	1.0	saturated	0.8125	False	8	16	2	16	1.0	1.0	1.0	1.0
areal	29	12	8	1.0	saturated	0.8125	False	8	16	2	16	1.0	1.0	1.0	1.0
areal	29	13	8	1.0	saturated	0.8125	False	8	16	2	16	1.0	1.0	1.0	1.0
areal	29	14	8	1.0	saturated	0.8125	False	8	16	2	16	1.0	1.0	1.0	1.0
areal	29	15	8	1.0	saturated	0.8125	False	8	16	2	16	1.0	1.0	1.0	1.0
areal	30	0	8	1.0	saturated	0.75	False	8	16	2	16	1.0	1.0	1.0	1.0
areal	30	1	8	1.0	saturated	0.75	False	8	16	2	16	1.0	1.0	1.0	1.0
areal	30	2	8	1.0	saturated	0.75	False	8	16	2	16	1.0	1.0	1.0	1.0
areal	30	3	8	1.0	saturated	0.75	False	8	16	2	16	1.0	1.0	1.0	1.0
areal	30	4	5	0.625	mid	0.75	False	8	16	16	16	0.0237	0.0005	0.0005	0.0005
areal	30	5	8	1.0	saturated	0.75	False	8	16	2	16	1.0	1.0	1.0	1.0
areal	30	6	8	1.0	saturated	0.75	False	8	16	2	16	1.0	1.0	1.0	1.0
areal	30	7	8	1.0	saturated	0.75	False	8	16	2	16	1.0	1.0	1.0	1.0
areal	30	8	7	0.875	boundary	0.75	False	8	16	4	16	0.3436	0.1181	0.5864	0.1181
areal	30	9	8	1.0	saturated	0.75	False	8	16	2	16	1.0	1.0	1.0	1.0
areal	30	10	8	1.0	saturated	0.75	False	8	16	2	16	1.0	1.0	1.0	1.0
areal	30	11	8	1.0	saturated	0.75	False	8	16	2	16	1.0	1.0	1.0	1.0
areal	30	12	7	0.875	boundary	0.75	False	8	16	4	16	0.3436	0.1181	0.5864	0.1181
areal	30	13	8	1.0	saturated	0.75	False	8	16	2	16	1.0	1.0	1.0	1.0
areal	30	14	8	1.0	saturated	0.75	False	8	16	2	16	1.0	1.0	1.0	1.0
areal	30	15	2	0.25	mid	0.75	False	8	16	16	16	0.1001	0.01	0.01	0.01
areal	31	0	8	1.0	saturated	0.5625	False	8	8	2	8	1.0	1.0	1.0	1.0
areal	31	1	0	0.0	saturated	0.5625	False	8	8	16	8	1.0	1.0	1.0	1.0
areal	31	2	7	0.875	boundary	0.5625	False	8	8	4	8	0.3436	0.3436	0.5864	0.3436
areal	31	3	8	1.0	saturated	0.5625	False	8	8	2	8	1.0	1.0	1.0	1.0
areal	31	4	8	1.0	saturated	0.5625	False	8	8	2	8	1.0	1.0	1.0	1.0
areal	31	5	7	0.875	boundary	0.5625	False	8	8	4	8	0.3436	0.3436	0.5864	0.3436
areal	31	6	7	0.875	boundary	0.5625	False	8	8	4	8	0.3436	0.3436	0.5864	0.3436
areal	31	7	7	0.875	boundary	0.5625	False	8	8	4	8	0.3436	0.3436	0.5864	0.3436
areal	31	8	8	1.0	saturated	0.5625	False	8	8	2	8	1.0	1.0	1.0	1.0
areal	31	9	7	0.875	boundary	0.5625	False	8	8	4	8	0.3436	0.3436	0.5864	0.3436
areal	31	10	8	1.0	saturated	0.5625	False	8	8	2	8	1.0	1.0	1.0	1.0
areal	31	11	8	1.0	saturated	0.5625	False	8	8	2	8	1.0	1.0	1.0	1.0
areal	31	12	6	0.75	mid	0.5625	False	8	8	8	8	0.1001	0.1001	0.1001	0.1001
areal	31	13	7	0.875	boundary	0.5625	False	8	8	4	8	0.3436	0.3436	0.5864	0.3436
areal	31	14	8	1.0	saturated	0.5625	False	8	8	2	8	1.0	1.0	1.0	1.0
areal	31	15	8	1.0	saturated	0.5625	False	8	8	2	8	1.0	1.0	1.0	1.0
areal	32	0	8	1.0	saturated	0.75	False	8	16	2	16	1.0	1.0	1.0	1.0
areal	32	1	8	1.0	saturated	0.75	False	8	16	2	16	1.0	1.0	1.0	1.0
areal	32	2	8	1.0	saturated	0.75	False	8	16	2	16	1.0	1.0	1.0	1.0
areal	32	3	8	1.0	saturated	0.75	False	8	16	2	16	1.0	1.0	1.0	1.0
areal	32	4	7	0.875	boundary	0.75	False	8	16	4	16	0.3436	0.1181	0.5864	0.1181
areal	32	5	8	1.0	saturated	0.75	False	8	16	2	16	1.0	1.0	1.0	1.0
areal	32	6	8	1.0	saturated	0.75	False	8	16	2	16	1.0	1.0	1.0	1.0
areal	32	7	8	1.0	saturated	0.75	False	8	16	2	16	1.0	1.0	1.0	1.0
areal	32	8	8	1.0	saturated	0.75	False	8	16	2	16	1.0	1.0	1.0	1.0
areal	32	9	5	0.625	mid	0.75	False	8	16	16	16	0.0237	0.0005	0.0005	0.0005
areal	32	10	8	1.0	saturated	0.75	False	8	16	2	16	1.0	1.0	1.0	1.0
areal	32	11	5	0.625	mid	0.75	False	8	16	16	16	0.0237	0.0005	0.0005	0.0005
areal	32	12	8	1.0	saturated	0.75	False	8	16	2	16	1.0	1.0	1.0	1.0
areal	32	13	8	1.0	saturated	0.75	False	8	16	2	16	1.0	1.0	1.0	1.0
areal	32	14	2	0.25	mid	0.75	False	8	16	16	16	0.1001	0.01	0.01	0.01
areal	32	15	8	1.0	saturated	0.75	False	8	16	2	16	1.0	1.0	1.0	1.0
areal	33	0	7	0.875	boundary	0.625	False	8	8	4	8	0.3436	0.3436	0.5864	0.3436
areal	33	1	5	0.625	mid	0.625	False	8	8	16	8	0.0237	0.0237	0.0005	0.0237
areal	33	2	4	0.5	mid	0.625	False	8	8	16	8	0.0078	0.0078	0.0	0.0078
areal	33	3	8	1.0	saturated	0.625	False	8	8	2	8	1.0	1.0	1.0	1.0
areal	33	4	8	1.0	saturated	0.625	False	8	8	2	8	1.0	1.0	1.0	1.0
areal	33	5	8	1.0	saturated	0.625	False	8	8	2	8	1.0	1.0	1.0	1.0
areal	33	6	8	1.0	saturated	0.625	False	8	8	2	8	1.0	1.0	1.0	1.0
areal	33	7	8	1.0	saturated	0.625	False	8	8	2	8	1.0	1.0	1.0	1.0
areal	33	8	8	1.0	saturated	0.625	False	8	8	2	8	1.0	1.0	1.0	1.0
areal	33	9	7	0.875	boundary	0.625	False	8	8	4	8	0.3436	0.3436	0.5864	0.3436
areal	33	10	8	1.0	saturated	0.625	False	8	8	2	8	1.0	1.0	1.0	1.0
areal	33	11	8	1.0	saturated	0.625	False	8	8	2	8	1.0	1.0	1.0	1.0
areal	33	12	8	1.0	saturated	0.625	False	8	8	2	8	1.0	1.0	1.0	1.0
areal	33	13	7	0.875	boundary	0.625	False	8	8	4	8	0.3436	0.3436	0.5864	0.3436
areal	33	14	8	1.0	saturated	0.625	False	8	8	2	8	1.0	1.0	1.0	1.0
areal	33	15	2	0.25	mid	0.625	False	8	8	16	8	0.1001	0.1001	0.01	0.1001
areal	34	0	7	0.875	boundary	0.6875	False	8	8	4	8	0.3436	0.3436	0.5864	0.3436
areal	34	1	8	1.0	saturated	0.6875	False	8	8	2	8	1.0	1.0	1.0	1.0
areal	34	2	8	1.0	saturated	0.6875	False	8	8	2	8	1.0	1.0	1.0	1.0
areal	34	3	8	1.0	saturated	0.6875	False	8	8	2	8	1.0	1.0	1.0	1.0
areal	34	4	7	0.875	boundary	0.6875	False	8	8	4	8	0.3436	0.3436	0.5864	0.3436
areal	34	5	7	0.875	boundary	0.6875	False	8	8	4	8	0.3436	0.3436	0.5864	0.3436
areal	34	6	0	0.0	saturated	0.6875	False	8	8	16	8	1.0	1.0	1.0	1.0
areal	34	7	8	1.0	saturated	0.6875	False	8	8	2	8	1.0	1.0	1.0	1.0
areal	34	8	8	1.0	saturated	0.6875	False	8	8	2	8	1.0	1.0	1.0	1.0
areal	34	9	2	0.25	mid	0.6875	False	8	8	16	8	0.1001	0.1001	0.01	0.1001
areal	34	10	8	1.0	saturated	0.6875	False	8	8	2	8	1.0	1.0	1.0	1.0
areal	34	11	8	1.0	saturated	0.6875	False	8	8	2	8	1.0	1.0	1.0	1.0
areal	34	12	8	1.0	saturated	0.6875	False	8	8	2	8	1.0	1.0	1.0	1.0
areal	34	13	8	1.0	saturated	0.6875	False	8	8	2	8	1.0	1.0	1.0	1.0
areal	34	14	7	0.875	boundary	0.6875	False	8	8	4	8	0.3436	0.3436	0.5864	0.3436
areal	34	15	8	1.0	saturated	0.6875	False	8	8	2	8	1.0	1.0	1.0	1.0
areal	35	0	8	1.0	saturated	0.8125	False	8	16	2	16	1.0	1.0	1.0	1.0
areal	35	1	8	1.0	saturated	0.8125	False	8	16	2	16	1.0	1.0	1.0	1.0
areal	35	2	8	1.0	saturated	0.8125	False	8	16	2	16	1.0	1.0	1.0	1.0
areal	35	3	8	1.0	saturated	0.8125	False	8	16	2	16	1.0	1.0	1.0	1.0
areal	35	4	0	0.0	saturated	0.8125	False	8	16	16	16	1.0	1.0	1.0	1.0
areal	35	5	8	1.0	saturated	0.8125	False	8	16	2	16	1.0	1.0	1.0	1.0
areal	35	6	7	0.875	boundary	0.8125	False	8	16	4	16	0.3436	0.1181	0.5864	0.1181
areal	35	7	8	1.0	saturated	0.8125	False	8	16	2	16	1.0	1.0	1.0	1.0
areal	35	8	0	0.0	saturated	0.8125	False	8	16	16	16	1.0	1.0	1.0	1.0
areal	35	9	7	0.875	boundary	0.8125	False	8	16	4	16	0.3436	0.1181	0.5864	0.1181
areal	35	10	8	1.0	saturated	0.8125	False	8	16	2	16	1.0	1.0	1.0	1.0
areal	35	11	8	1.0	saturated	0.8125	False	8	16	2	16	1.0	1.0	1.0	1.0
areal	35	12	8	1.0	saturated	0.8125	False	8	16	2	16	1.0	1.0	1.0	1.0
areal	35	13	8	1.0	saturated	0.8125	False	8	16	2	16	1.0	1.0	1.0	1.0
areal	35	14	6	0.75	mid	0.8125	False	8	16	8	16	0.1001	0.01	0.1001	0.01
areal	35	15	8	1.0	saturated	0.8125	False	8	16	2	16	1.0	1.0	1.0	1.0
areal	36	0	5	0.625	mid	0.75	False	8	16	16	16	0.0237	0.0005	0.0005	0.0005
areal	36	1	8	1.0	saturated	0.75	False	8	16	2	16	1.0	1.0	1.0	1.0
areal	36	2	1	0.125	boundary	0.75	False	8	16	16	16	0.3436	0.1181	0.1181	0.1181
areal	36	3	6	0.75	mid	0.75	False	8	16	8	16	0.1001	0.01	0.1001	0.01
areal	36	4	8	1.0	saturated	0.75	False	8	16	2	16	1.0	1.0	1.0	1.0
areal	36	5	8	1.0	saturated	0.75	False	8	16	2	16	1.0	1.0	1.0	1.0
areal	36	6	8	1.0	saturated	0.75	False	8	16	2	16	1.0	1.0	1.0	1.0
areal	36	7	8	1.0	saturated	0.75	False	8	16	2	16	1.0	1.0	1.0	1.0
areal	36	8	8	1.0	saturated	0.75	False	8	16	2	16	1.0	1.0	1.0	1.0
areal	36	9	8	1.0	saturated	0.75	False	8	16	2	16	1.0	1.0	1.0	1.0
areal	36	10	8	1.0	saturated	0.75	False	8	16	2	16	1.0	1.0	1.0	1.0
areal	36	11	8	1.0	saturated	0.75	False	8	16	2	16	1.0	1.0	1.0	1.0
areal	36	12	8	1.0	saturated	0.75	False	8	16	2	16	1.0	1.0	1.0	1.0
areal	36	13	7	0.875	boundary	0.75	False	8	16	4	16	0.3436	0.1181	0.5864	0.1181
areal	36	14	8	1.0	saturated	0.75	False	8	16	2	16	1.0	1.0	1.0	1.0
areal	36	15	8	1.0	saturated	0.75	False	8	16	2	16	1.0	1.0	1.0	1.0
areal	37	0	8	1.0	saturated	0.6875	False	8	8	2	8	1.0	1.0	1.0	1.0
areal	37	1	0	0.0	saturated	0.6875	False	8	8	16	8	1.0	1.0	1.0	1.0
areal	37	2	6	0.75	mid	0.6875	False	8	8	8	8	0.1001	0.1001	0.1001	0.1001
areal	37	3	8	1.0	saturated	0.6875	False	8	8	2	8	1.0	1.0	1.0	1.0
areal	37	4	8	1.0	saturated	0.6875	False	8	8	2	8	1.0	1.0	1.0	1.0
areal	37	5	8	1.0	saturated	0.6875	False	8	8	2	8	1.0	1.0	1.0	1.0
areal	37	6	1	0.125	boundary	0.6875	False	8	8	16	8	0.3436	0.3436	0.1181	0.3436
areal	37	7	4	0.5	mid	0.6875	False	8	8	16	8	0.0078	0.0078	0.0	0.0078
areal	37	8	7	0.875	boundary	0.6875	False	8	8	4	8	0.3436	0.3436	0.5864	0.3436
areal	37	9	8	1.0	saturated	0.6875	False	8	8	2	8	1.0	1.0	1.0	1.0
areal	37	10	4	0.5	mid	0.6875	False	8	8	16	8	0.0078	0.0078	0.0	0.0078
areal	37	11	0	0.0	saturated	0.6875	False	8	8	16	8	1.0	1.0	1.0	1.0
areal	37	12	8	1.0	saturated	0.6875	False	8	8	2	8	1.0	1.0	1.0	1.0
areal	37	13	8	1.0	saturated	0.6875	False	8	8	2	8	1.0	1.0	1.0	1.0
areal	37	14	8	1.0	saturated	0.6875	False	8	8	2	8	1.0	1.0	1.0	1.0
areal	37	15	0	0.0	saturated	0.6875	False	8	8	16	8	1.0	1.0	1.0	1.0
areal	38	0	8	1.0	saturated	0.8125	False	8	16	2	16	1.0	1.0	1.0	1.0
areal	38	1	8	1.0	saturated	0.8125	False	8	16	2	16	1.0	1.0	1.0	1.0
areal	38	2	8	1.0	saturated	0.8125	False	8	16	2	16	1.0	1.0	1.0	1.0
areal	38	3	0	0.0	saturated	0.8125	False	8	16	16	16	1.0	1.0	1.0	1.0
areal	38	4	3	0.375	mid	0.8125	False	8	16	16	16	0.0237	0.0005	0.0005	0.0005
areal	38	5	8	1.0	saturated	0.8125	False	8	16	2	16	1.0	1.0	1.0	1.0
areal	38	6	8	1.0	saturated	0.8125	False	8	16	2	16	1.0	1.0	1.0	1.0
areal	38	7	8	1.0	saturated	0.8125	False	8	16	2	16	1.0	1.0	1.0	1.0
areal	38	8	8	1.0	saturated	0.8125	False	8	16	2	16	1.0	1.0	1.0	1.0
areal	38	9	8	1.0	saturated	0.8125	False	8	16	2	16	1.0	1.0	1.0	1.0
areal	38	10	7	0.875	boundary	0.8125	False	8	16	4	16	0.3436	0.1181	0.5864	0.1181
areal	38	11	8	1.0	saturated	0.8125	False	8	16	2	16	1.0	1.0	1.0	1.0
areal	38	12	8	1.0	saturated	0.8125	False	8	16	2	16	1.0	1.0	1.0	1.0
areal	38	13	0	0.0	saturated	0.8125	False	8	16	16	16	1.0	1.0	1.0	1.0
areal	38	14	2	0.25	mid	0.8125	False	8	16	16	16	0.1001	0.01	0.01	0.01
areal	38	15	8	1.0	saturated	0.8125	False	8	16	2	16	1.0	1.0	1.0	1.0
areal	39	0	8	1.0	saturated	0.75	False	8	16	2	16	1.0	1.0	1.0	1.0
areal	39	1	8	1.0	saturated	0.75	False	8	16	2	16	1.0	1.0	1.0	1.0
areal	39	2	2	0.25	mid	0.75	False	8	16	16	16	0.1001	0.01	0.01	0.01
areal	39	3	8	1.0	saturated	0.75	False	8	16	2	16	1.0	1.0	1.0	1.0
areal	39	4	1	0.125	boundary	0.75	False	8	16	16	16	0.3436	0.1181	0.1181	0.1181
areal	39	5	8	1.0	saturated	0.75	False	8	16	2	16	1.0	1.0	1.0	1.0
areal	39	6	8	1.0	saturated	0.75	False	8	16	2	16	1.0	1.0	1.0	1.0
areal	39	7	8	1.0	saturated	0.75	False	8	16	2	16	1.0	1.0	1.0	1.0
areal	39	8	5	0.625	mid	0.75	False	8	16	16	16	0.0237	0.0005	0.0005	0.0005
areal	39	9	8	1.0	saturated	0.75	False	8	16	2	16	1.0	1.0	1.0	1.0
areal	39	10	8	1.0	saturated	0.75	False	8	16	2	16	1.0	1.0	1.0	1.0
areal	39	11	8	1.0	saturated	0.75	False	8	16	2	16	1.0	1.0	1.0	1.0
areal	39	12	8	1.0	saturated	0.75	False	8	16	2	16	1.0	1.0	1.0	1.0
areal	39	13	6	0.75	mid	0.75	False	8	16	8	16	0.1001	0.01	0.1001	0.01
areal	39	14	8	1.0	saturated	0.75	False	8	16	2	16	1.0	1.0	1.0	1.0
areal	39	15	0	0.0	saturated	0.75	False	8	16	16	16	1.0	1.0	1.0	1.0
