seed	rate_pct	fset	tau_vmean	tier	cost_llm_per_call	n_test	n_pos	n_xgb_pos	n_lift	n_waste	n_llm_only	value_rate	esc_prec	esc_cost_per_lift	esc_value	breakeven
20260706	1.44	24full	0.0	cheap_heuristic	0.0001	10000	144	48	50	4945	4995	0.5208333333333334	0.01001001001001001	0.00999	2500.0	True
20260706	1.44	24full	0.0	small_open	0.0006	10000	144	48	50	4945	4995	0.5208333333333334	0.01001001001001001	0.05994	2500.0	True
20260706	1.44	24full	0.0	iter120_default	0.001	10000	144	48	50	4945	4995	0.5208333333333334	0.01001001001001001	0.0999	2500.0	True
20260706	1.44	24full	0.0	mid_tier	0.005	10000	144	48	50	4945	4995	0.5208333333333334	0.01001001001001001	0.49950000000000006	2500.0	True
20260706	1.44	24full	0.0	frontier_gpt4	0.03	10000	144	48	50	4945	4995	0.5208333333333334	0.01001001001001001	2.997	2500.0	True
20260706	1.44	24full	0.5	cheap_heuristic	0.0001	10000	144	48	14	1616	1630	0.14583333333333334	0.008588957055214725	0.011642857142857144	700.0	True
20260706	1.44	24full	0.5	small_open	0.0006	10000	144	48	14	1616	1630	0.14583333333333334	0.008588957055214725	0.06985714285714285	700.0	True
20260706	1.44	24full	0.5	iter120_default	0.001	10000	144	48	14	1616	1630	0.14583333333333334	0.008588957055214725	0.11642857142857144	700.0	True
20260706	1.44	24full	0.5	mid_tier	0.005	10000	144	48	14	1616	1630	0.14583333333333334	0.008588957055214725	0.5821428571428572	700.0	True
20260706	1.44	24full	0.5	frontier_gpt4	0.03	10000	144	48	14	1616	1630	0.14583333333333334	0.008588957055214725	3.492857142857143	700.0	True
20260706	1.44	24full	1.0	cheap_heuristic	0.0001	10000	144	48	3	297	300	0.03125	0.01	0.01	150.0	True
20260706	1.44	24full	1.0	small_open	0.0006	10000	144	48	3	297	300	0.03125	0.01	0.06	150.0	True
20260706	1.44	24full	1.0	iter120_default	0.001	10000	144	48	3	297	300	0.03125	0.01	0.09999999999999999	150.0	True
20260706	1.44	24full	1.0	mid_tier	0.005	10000	144	48	3	297	300	0.03125	0.01	0.5	150.0	True
20260706	1.44	24full	1.0	frontier_gpt4	0.03	10000	144	48	3	297	300	0.03125	0.01	3.0	150.0	True
20260706	1.44	24full	1.5	cheap_heuristic	0.0001	10000	144	48	0	24	24	0.0	0.0	0.0024000000000000002	0.0	True
20260706	1.44	24full	1.5	small_open	0.0006	10000	144	48	0	24	24	0.0	0.0	0.0144	0.0	True
20260706	1.44	24full	1.5	iter120_default	0.001	10000	144	48	0	24	24	0.0	0.0	0.024	0.0	True
20260706	1.44	24full	1.5	mid_tier	0.005	10000	144	48	0	24	24	0.0	0.0	0.12	0.0	True
20260706	1.44	24full	1.5	frontier_gpt4	0.03	10000	144	48	0	24	24	0.0	0.0	0.72	0.0	True
20260706	1.44	24full	2.0	cheap_heuristic	0.0001	10000	144	48	0	0	0	0.0	0.0	0.0	0.0	True
20260706	1.44	24full	2.0	small_open	0.0006	10000	144	48	0	0	0	0.0	0.0	0.0	0.0	True
20260706	1.44	24full	2.0	iter120_default	0.001	10000	144	48	0	0	0	0.0	0.0	0.0	0.0	True
20260706	1.44	24full	2.0	mid_tier	0.005	10000	144	48	0	0	0	0.0	0.0	0.0	0.0	True
20260706	1.44	24full	2.0	frontier_gpt4	0.03	10000	144	48	0	0	0	0.0	0.0	0.0	0.0	True
20260706	1.44	24full	2.5	cheap_heuristic	0.0001	10000	144	48	0	0	0	0.0	0.0	0.0	0.0	True
20260706	1.44	24full	2.5	small_open	0.0006	10000	144	48	0	0	0	0.0	0.0	0.0	0.0	True
20260706	1.44	24full	2.5	iter120_default	0.001	10000	144	48	0	0	0	0.0	0.0	0.0	0.0	True
20260706	1.44	24full	2.5	mid_tier	0.005	10000	144	48	0	0	0	0.0	0.0	0.0	0.0	True
20260706	1.44	24full	2.5	frontier_gpt4	0.03	10000	144	48	0	0	0	0.0	0.0	0.0	0.0	True
20260706	1.44	24full	3.0	cheap_heuristic	0.0001	10000	144	48	0	0	0	0.0	0.0	0.0	0.0	True
20260706	1.44	24full	3.0	small_open	0.0006	10000	144	48	0	0	0	0.0	0.0	0.0	0.0	True
20260706	1.44	24full	3.0	iter120_default	0.001	10000	144	48	0	0	0	0.0	0.0	0.0	0.0	True
20260706	1.44	24full	3.0	mid_tier	0.005	10000	144	48	0	0	0	0.0	0.0	0.0	0.0	True
20260706	1.44	24full	3.0	frontier_gpt4	0.03	10000	144	48	0	0	0	0.0	0.0	0.0	0.0	True
20260706	1.44	20raw	0.0	cheap_heuristic	0.0001	10000	144	50	52	4957	5009	0.5531914893617021	0.010381313635456179	0.009632692307692307	2600.0	True
20260706	1.44	20raw	0.0	small_open	0.0006	10000	144	50	52	4957	5009	0.5531914893617021	0.010381313635456179	0.057796153846153844	2600.0	True
20260706	1.44	20raw	0.0	iter120_default	0.001	10000	144	50	52	4957	5009	0.5531914893617021	0.010381313635456179	0.09632692307692309	2600.0	True
20260706	1.44	20raw	0.0	mid_tier	0.005	10000	144	50	52	4957	5009	0.5531914893617021	0.010381313635456179	0.48163461538461544	2600.0	True
20260706	1.44	20raw	0.0	frontier_gpt4	0.03	10000	144	50	52	4957	5009	0.5531914893617021	0.010381313635456179	2.889807692307692	2600.0	True
20260706	1.44	20raw	0.5	cheap_heuristic	0.0001	10000	144	50	14	1606	1620	0.14893617021276595	0.008641975308641974	0.011571428571428571	700.0	True
20260706	1.44	20raw	0.5	small_open	0.0006	10000	144	50	14	1606	1620	0.14893617021276595	0.008641975308641974	0.06942857142857142	700.0	True
20260706	1.44	20raw	0.5	iter120_default	0.001	10000	144	50	14	1606	1620	0.14893617021276595	0.008641975308641974	0.11571428571428573	700.0	True
20260706	1.44	20raw	0.5	mid_tier	0.005	10000	144	50	14	1606	1620	0.14893617021276595	0.008641975308641974	0.5785714285714285	700.0	True
20260706	1.44	20raw	0.5	frontier_gpt4	0.03	10000	144	50	14	1606	1620	0.14893617021276595	0.008641975308641974	3.4714285714285715	700.0	True
20260706	1.44	20raw	1.0	cheap_heuristic	0.0001	10000	144	50	3	295	298	0.031914893617021274	0.010067114093959731	0.009933333333333334	150.0	True
20260706	1.44	20raw	1.0	small_open	0.0006	10000	144	50	3	295	298	0.031914893617021274	0.010067114093959731	0.05959999999999999	150.0	True
20260706	1.44	20raw	1.0	iter120_default	0.001	10000	144	50	3	295	298	0.031914893617021274	0.010067114093959731	0.09933333333333333	150.0	True
20260706	1.44	20raw	1.0	mid_tier	0.005	10000	144	50	3	295	298	0.031914893617021274	0.010067114093959731	0.49666666666666665	150.0	True
20260706	1.44	20raw	1.0	frontier_gpt4	0.03	10000	144	50	3	295	298	0.031914893617021274	0.010067114093959731	2.98	150.0	True
20260706	1.44	20raw	1.5	cheap_heuristic	0.0001	10000	144	50	0	24	24	0.0	0.0	0.0024000000000000002	0.0	True
20260706	1.44	20raw	1.5	small_open	0.0006	10000	144	50	0	24	24	0.0	0.0	0.0144	0.0	True
20260706	1.44	20raw	1.5	iter120_default	0.001	10000	144	50	0	24	24	0.0	0.0	0.024	0.0	True
20260706	1.44	20raw	1.5	mid_tier	0.005	10000	144	50	0	24	24	0.0	0.0	0.12	0.0	True
20260706	1.44	20raw	1.5	frontier_gpt4	0.03	10000	144	50	0	24	24	0.0	0.0	0.72	0.0	True
20260706	1.44	20raw	2.0	cheap_heuristic	0.0001	10000	144	50	0	0	0	0.0	0.0	0.0	0.0	True
20260706	1.44	20raw	2.0	small_open	0.0006	10000	144	50	0	0	0	0.0	0.0	0.0	0.0	True
20260706	1.44	20raw	2.0	iter120_default	0.001	10000	144	50	0	0	0	0.0	0.0	0.0	0.0	True
20260706	1.44	20raw	2.0	mid_tier	0.005	10000	144	50	0	0	0	0.0	0.0	0.0	0.0	True
20260706	1.44	20raw	2.0	frontier_gpt4	0.03	10000	144	50	0	0	0	0.0	0.0	0.0	0.0	True
20260706	1.44	20raw	2.5	cheap_heuristic	0.0001	10000	144	50	0	0	0	0.0	0.0	0.0	0.0	True
20260706	1.44	20raw	2.5	small_open	0.0006	10000	144	50	0	0	0	0.0	0.0	0.0	0.0	True
20260706	1.44	20raw	2.5	iter120_default	0.001	10000	144	50	0	0	0	0.0	0.0	0.0	0.0	True
20260706	1.44	20raw	2.5	mid_tier	0.005	10000	144	50	0	0	0	0.0	0.0	0.0	0.0	True
20260706	1.44	20raw	2.5	frontier_gpt4	0.03	10000	144	50	0	0	0	0.0	0.0	0.0	0.0	True
20260706	1.44	20raw	3.0	cheap_heuristic	0.0001	10000	144	50	0	0	0	0.0	0.0	0.0	0.0	True
20260706	1.44	20raw	3.0	small_open	0.0006	10000	144	50	0	0	0	0.0	0.0	0.0	0.0	True
20260706	1.44	20raw	3.0	iter120_default	0.001	10000	144	50	0	0	0	0.0	0.0	0.0	0.0	True
20260706	1.44	20raw	3.0	mid_tier	0.005	10000	144	50	0	0	0	0.0	0.0	0.0	0.0	True
20260706	1.44	20raw	3.0	frontier_gpt4	0.03	10000	144	50	0	0	0	0.0	0.0	0.0	0.0	True
20260706	1.44	20raw+minmax	0.0	cheap_heuristic	0.0001	10000	144	50	52	4958	5010	0.5531914893617021	0.010379241516966068	0.009634615384615384	2600.0	True
20260706	1.44	20raw+minmax	0.0	small_open	0.0006	10000	144	50	52	4958	5010	0.5531914893617021	0.010379241516966068	0.0578076923076923	2600.0	True
20260706	1.44	20raw+minmax	0.0	iter120_default	0.001	10000	144	50	52	4958	5010	0.5531914893617021	0.010379241516966068	0.09634615384615385	2600.0	True
20260706	1.44	20raw+minmax	0.0	mid_tier	0.005	10000	144	50	52	4958	5010	0.5531914893617021	0.010379241516966068	0.48173076923076924	2600.0	True
20260706	1.44	20raw+minmax	0.0	frontier_gpt4	0.03	10000	144	50	52	4958	5010	0.5531914893617021	0.010379241516966068	2.890384615384615	2600.0	True
20260706	1.44	20raw+minmax	0.5	cheap_heuristic	0.0001	10000	144	50	14	1610	1624	0.14893617021276595	0.008620689655172414	0.011600000000000001	700.0	True
20260706	1.44	20raw+minmax	0.5	small_open	0.0006	10000	144	50	14	1610	1624	0.14893617021276595	0.008620689655172414	0.0696	700.0	True
20260706	1.44	20raw+minmax	0.5	iter120_default	0.001	10000	144	50	14	1610	1624	0.14893617021276595	0.008620689655172414	0.116	700.0	True
20260706	1.44	20raw+minmax	0.5	mid_tier	0.005	10000	144	50	14	1610	1624	0.14893617021276595	0.008620689655172414	0.5800000000000001	700.0	True
20260706	1.44	20raw+minmax	0.5	frontier_gpt4	0.03	10000	144	50	14	1610	1624	0.14893617021276595	0.008620689655172414	3.48	700.0	True
20260706	1.44	20raw+minmax	1.0	cheap_heuristic	0.0001	10000	144	50	3	295	298	0.031914893617021274	0.010067114093959731	0.009933333333333334	150.0	True
20260706	1.44	20raw+minmax	1.0	small_open	0.0006	10000	144	50	3	295	298	0.031914893617021274	0.010067114093959731	0.05959999999999999	150.0	True
20260706	1.44	20raw+minmax	1.0	iter120_default	0.001	10000	144	50	3	295	298	0.031914893617021274	0.010067114093959731	0.09933333333333333	150.0	True
20260706	1.44	20raw+minmax	1.0	mid_tier	0.005	10000	144	50	3	295	298	0.031914893617021274	0.010067114093959731	0.49666666666666665	150.0	True
20260706	1.44	20raw+minmax	1.0	frontier_gpt4	0.03	10000	144	50	3	295	298	0.031914893617021274	0.010067114093959731	2.98	150.0	True
20260706	1.44	20raw+minmax	1.5	cheap_heuristic	0.0001	10000	144	50	0	24	24	0.0	0.0	0.0024000000000000002	0.0	True
20260706	1.44	20raw+minmax	1.5	small_open	0.0006	10000	144	50	0	24	24	0.0	0.0	0.0144	0.0	True
20260706	1.44	20raw+minmax	1.5	iter120_default	0.001	10000	144	50	0	24	24	0.0	0.0	0.024	0.0	True
20260706	1.44	20raw+minmax	1.5	mid_tier	0.005	10000	144	50	0	24	24	0.0	0.0	0.12	0.0	True
20260706	1.44	20raw+minmax	1.5	frontier_gpt4	0.03	10000	144	50	0	24	24	0.0	0.0	0.72	0.0	True
20260706	1.44	20raw+minmax	2.0	cheap_heuristic	0.0001	10000	144	50	0	0	0	0.0	0.0	0.0	0.0	True
20260706	1.44	20raw+minmax	2.0	small_open	0.0006	10000	144	50	0	0	0	0.0	0.0	0.0	0.0	True
20260706	1.44	20raw+minmax	2.0	iter120_default	0.001	10000	144	50	0	0	0	0.0	0.0	0.0	0.0	True
20260706	1.44	20raw+minmax	2.0	mid_tier	0.005	10000	144	50	0	0	0	0.0	0.0	0.0	0.0	True
20260706	1.44	20raw+minmax	2.0	frontier_gpt4	0.03	10000	144	50	0	0	0	0.0	0.0	0.0	0.0	True
20260706	1.44	20raw+minmax	2.5	cheap_heuristic	0.0001	10000	144	50	0	0	0	0.0	0.0	0.0	0.0	True
20260706	1.44	20raw+minmax	2.5	small_open	0.0006	10000	144	50	0	0	0	0.0	0.0	0.0	0.0	True
20260706	1.44	20raw+minmax	2.5	iter120_default	0.001	10000	144	50	0	0	0	0.0	0.0	0.0	0.0	True
20260706	1.44	20raw+minmax	2.5	mid_tier	0.005	10000	144	50	0	0	0	0.0	0.0	0.0	0.0	True
20260706	1.44	20raw+minmax	2.5	frontier_gpt4	0.03	10000	144	50	0	0	0	0.0	0.0	0.0	0.0	True
20260706	1.44	20raw+minmax	3.0	cheap_heuristic	0.0001	10000	144	50	0	0	0	0.0	0.0	0.0	0.0	True
20260706	1.44	20raw+minmax	3.0	small_open	0.0006	10000	144	50	0	0	0	0.0	0.0	0.0	0.0	True
20260706	1.44	20raw+minmax	3.0	iter120_default	0.001	10000	144	50	0	0	0	0.0	0.0	0.0	0.0	True
20260706	1.44	20raw+minmax	3.0	mid_tier	0.005	10000	144	50	0	0	0	0.0	0.0	0.0	0.0	True
20260706	1.44	20raw+minmax	3.0	frontier_gpt4	0.03	10000	144	50	0	0	0	0.0	0.0	0.0	0.0	True
20260706	1.44	20raw+stat	0.0	cheap_heuristic	0.0001	10000	144	50	53	4944	4997	0.5638297872340425	0.010606363818290974	0.009428301886792454	2650.0	True
20260706	1.44	20raw+stat	0.0	small_open	0.0006	10000	144	50	53	4944	4997	0.5638297872340425	0.010606363818290974	0.05656981132075471	2650.0	True
20260706	1.44	20raw+stat	0.0	iter120_default	0.001	10000	144	50	53	4944	4997	0.5638297872340425	0.010606363818290974	0.09428301886792452	2650.0	True
20260706	1.44	20raw+stat	0.0	mid_tier	0.005	10000	144	50	53	4944	4997	0.5638297872340425	0.010606363818290974	0.47141509433962264	2650.0	True
20260706	1.44	20raw+stat	0.0	frontier_gpt4	0.03	10000	144	50	53	4944	4997	0.5638297872340425	0.010606363818290974	2.8284905660377357	2650.0	True
20260706	1.44	20raw+stat	0.5	cheap_heuristic	0.0001	10000	144	50	14	1614	1628	0.14893617021276595	0.0085995085995086	0.011628571428571429	700.0	True
20260706	1.44	20raw+stat	0.5	small_open	0.0006	10000	144	50	14	1614	1628	0.14893617021276595	0.0085995085995086	0.06977142857142857	700.0	True
20260706	1.44	20raw+stat	0.5	iter120_default	0.001	10000	144	50	14	1614	1628	0.14893617021276595	0.0085995085995086	0.1162857142857143	700.0	True
20260706	1.44	20raw+stat	0.5	mid_tier	0.005	10000	144	50	14	1614	1628	0.14893617021276595	0.0085995085995086	0.5814285714285715	700.0	True
20260706	1.44	20raw+stat	0.5	frontier_gpt4	0.03	10000	144	50	14	1614	1628	0.14893617021276595	0.0085995085995086	3.4885714285714284	700.0	True
20260706	1.44	20raw+stat	1.0	cheap_heuristic	0.0001	10000	144	50	3	296	299	0.031914893617021274	0.010033444816053512	0.009966666666666667	150.0	True
20260706	1.44	20raw+stat	1.0	small_open	0.0006	10000	144	50	3	296	299	0.031914893617021274	0.010033444816053512	0.05979999999999999	150.0	True
20260706	1.44	20raw+stat	1.0	iter120_default	0.001	10000	144	50	3	296	299	0.031914893617021274	0.010033444816053512	0.09966666666666667	150.0	True
20260706	1.44	20raw+stat	1.0	mid_tier	0.005	10000	144	50	3	296	299	0.031914893617021274	0.010033444816053512	0.49833333333333335	150.0	True
20260706	1.44	20raw+stat	1.0	frontier_gpt4	0.03	10000	144	50	3	296	299	0.031914893617021274	0.010033444816053512	2.9899999999999998	150.0	True
20260706	1.44	20raw+stat	1.5	cheap_heuristic	0.0001	10000	144	50	0	24	24	0.0	0.0	0.0024000000000000002	0.0	True
20260706	1.44	20raw+stat	1.5	small_open	0.0006	10000	144	50	0	24	24	0.0	0.0	0.0144	0.0	True
20260706	1.44	20raw+stat	1.5	iter120_default	0.001	10000	144	50	0	24	24	0.0	0.0	0.024	0.0	True
20260706	1.44	20raw+stat	1.5	mid_tier	0.005	10000	144	50	0	24	24	0.0	0.0	0.12	0.0	True
20260706	1.44	20raw+stat	1.5	frontier_gpt4	0.03	10000	144	50	0	24	24	0.0	0.0	0.72	0.0	True
20260706	1.44	20raw+stat	2.0	cheap_heuristic	0.0001	10000	144	50	0	0	0	0.0	0.0	0.0	0.0	True
20260706	1.44	20raw+stat	2.0	small_open	0.0006	10000	144	50	0	0	0	0.0	0.0	0.0	0.0	True
20260706	1.44	20raw+stat	2.0	iter120_default	0.001	10000	144	50	0	0	0	0.0	0.0	0.0	0.0	True
20260706	1.44	20raw+stat	2.0	mid_tier	0.005	10000	144	50	0	0	0	0.0	0.0	0.0	0.0	True
20260706	1.44	20raw+stat	2.0	frontier_gpt4	0.03	10000	144	50	0	0	0	0.0	0.0	0.0	0.0	True
20260706	1.44	20raw+stat	2.5	cheap_heuristic	0.0001	10000	144	50	0	0	0	0.0	0.0	0.0	0.0	True
20260706	1.44	20raw+stat	2.5	small_open	0.0006	10000	144	50	0	0	0	0.0	0.0	0.0	0.0	True
20260706	1.44	20raw+stat	2.5	iter120_default	0.001	10000	144	50	0	0	0	0.0	0.0	0.0	0.0	True
20260706	1.44	20raw+stat	2.5	mid_tier	0.005	10000	144	50	0	0	0	0.0	0.0	0.0	0.0	True
20260706	1.44	20raw+stat	2.5	frontier_gpt4	0.03	10000	144	50	0	0	0	0.0	0.0	0.0	0.0	True
20260706	1.44	20raw+stat	3.0	cheap_heuristic	0.0001	10000	144	50	0	0	0	0.0	0.0	0.0	0.0	True
20260706	1.44	20raw+stat	3.0	small_open	0.0006	10000	144	50	0	0	0	0.0	0.0	0.0	0.0	True
20260706	1.44	20raw+stat	3.0	iter120_default	0.001	10000	144	50	0	0	0	0.0	0.0	0.0	0.0	True
20260706	1.44	20raw+stat	3.0	mid_tier	0.005	10000	144	50	0	0	0	0.0	0.0	0.0	0.0	True
20260706	1.44	20raw+stat	3.0	frontier_gpt4	0.03	10000	144	50	0	0	0	0.0	0.0	0.0	0.0	True
20260706	1.0	24full	0.0	cheap_heuristic	0.0001	9956	100	34	37	4933	4970	0.5606060606060606	0.00744466800804829	0.013432432432432433	1850.0	True
20260706	1.0	24full	0.0	small_open	0.0006	9956	100	34	37	4933	4970	0.5606060606060606	0.00744466800804829	0.08059459459459459	1850.0	True
20260706	1.0	24full	0.0	iter120_default	0.001	9956	100	34	37	4933	4970	0.5606060606060606	0.00744466800804829	0.1343243243243243	1850.0	True
20260706	1.0	24full	0.0	mid_tier	0.005	9956	100	34	37	4933	4970	0.5606060606060606	0.00744466800804829	0.6716216216216216	1850.0	True
20260706	1.0	24full	0.0	frontier_gpt4	0.03	9956	100	34	37	4933	4970	0.5606060606060606	0.00744466800804829	4.02972972972973	1850.0	True
20260706	1.0	24full	0.5	cheap_heuristic	0.0001	9956	100	34	11	1614	1625	0.16666666666666666	0.00676923076923077	0.014772727272727272	550.0	True
20260706	1.0	24full	0.5	small_open	0.0006	9956	100	34	11	1614	1625	0.16666666666666666	0.00676923076923077	0.08863636363636362	550.0	True
20260706	1.0	24full	0.5	iter120_default	0.001	9956	100	34	11	1614	1625	0.16666666666666666	0.00676923076923077	0.14772727272727273	550.0	True
20260706	1.0	24full	0.5	mid_tier	0.005	9956	100	34	11	1614	1625	0.16666666666666666	0.00676923076923077	0.7386363636363636	550.0	True
20260706	1.0	24full	0.5	frontier_gpt4	0.03	9956	100	34	11	1614	1625	0.16666666666666666	0.00676923076923077	4.431818181818182	550.0	True
20260706	1.0	24full	1.0	cheap_heuristic	0.0001	9956	100	34	1	297	298	0.015151515151515152	0.003355704697986577	0.0298	50.0	True
20260706	1.0	24full	1.0	small_open	0.0006	9956	100	34	1	297	298	0.015151515151515152	0.003355704697986577	0.1788	50.0	True
20260706	1.0	24full	1.0	iter120_default	0.001	9956	100	34	1	297	298	0.015151515151515152	0.003355704697986577	0.298	50.0	True
20260706	1.0	24full	1.0	mid_tier	0.005	9956	100	34	1	297	298	0.015151515151515152	0.003355704697986577	1.49	50.0	True
20260706	1.0	24full	1.0	frontier_gpt4	0.03	9956	100	34	1	297	298	0.015151515151515152	0.003355704697986577	8.94	50.0	True
20260706	1.0	24full	1.5	cheap_heuristic	0.0001	9956	100	34	0	24	24	0.0	0.0	0.0024000000000000002	0.0	True
20260706	1.0	24full	1.5	small_open	0.0006	9956	100	34	0	24	24	0.0	0.0	0.0144	0.0	True
20260706	1.0	24full	1.5	iter120_default	0.001	9956	100	34	0	24	24	0.0	0.0	0.024	0.0	True
20260706	1.0	24full	1.5	mid_tier	0.005	9956	100	34	0	24	24	0.0	0.0	0.12	0.0	True
20260706	1.0	24full	1.5	frontier_gpt4	0.03	9956	100	34	0	24	24	0.0	0.0	0.72	0.0	True
20260706	1.0	24full	2.0	cheap_heuristic	0.0001	9956	100	34	0	0	0	0.0	0.0	0.0	0.0	True
20260706	1.0	24full	2.0	small_open	0.0006	9956	100	34	0	0	0	0.0	0.0	0.0	0.0	True
20260706	1.0	24full	2.0	iter120_default	0.001	9956	100	34	0	0	0	0.0	0.0	0.0	0.0	True
20260706	1.0	24full	2.0	mid_tier	0.005	9956	100	34	0	0	0	0.0	0.0	0.0	0.0	True
20260706	1.0	24full	2.0	frontier_gpt4	0.03	9956	100	34	0	0	0	0.0	0.0	0.0	0.0	True
20260706	1.0	24full	2.5	cheap_heuristic	0.0001	9956	100	34	0	0	0	0.0	0.0	0.0	0.0	True
20260706	1.0	24full	2.5	small_open	0.0006	9956	100	34	0	0	0	0.0	0.0	0.0	0.0	True
20260706	1.0	24full	2.5	iter120_default	0.001	9956	100	34	0	0	0	0.0	0.0	0.0	0.0	True
20260706	1.0	24full	2.5	mid_tier	0.005	9956	100	34	0	0	0	0.0	0.0	0.0	0.0	True
20260706	1.0	24full	2.5	frontier_gpt4	0.03	9956	100	34	0	0	0	0.0	0.0	0.0	0.0	True
20260706	1.0	24full	3.0	cheap_heuristic	0.0001	9956	100	34	0	0	0	0.0	0.0	0.0	0.0	True
20260706	1.0	24full	3.0	small_open	0.0006	9956	100	34	0	0	0	0.0	0.0	0.0	0.0	True
20260706	1.0	24full	3.0	iter120_default	0.001	9956	100	34	0	0	0	0.0	0.0	0.0	0.0	True
20260706	1.0	24full	3.0	mid_tier	0.005	9956	100	34	0	0	0	0.0	0.0	0.0	0.0	True
20260706	1.0	24full	3.0	frontier_gpt4	0.03	9956	100	34	0	0	0	0.0	0.0	0.0	0.0	True
20260706	1.0	20raw	0.0	cheap_heuristic	0.0001	9956	100	37	38	4947	4985	0.6031746031746031	0.007622868605817452	0.01311842105263158	1900.0	True
20260706	1.0	20raw	0.0	small_open	0.0006	9956	100	37	38	4947	4985	0.6031746031746031	0.007622868605817452	0.07871052631578947	1900.0	True
20260706	1.0	20raw	0.0	iter120_default	0.001	9956	100	37	38	4947	4985	0.6031746031746031	0.007622868605817452	0.1311842105263158	1900.0	True
20260706	1.0	20raw	0.0	mid_tier	0.005	9956	100	37	38	4947	4985	0.6031746031746031	0.007622868605817452	0.655921052631579	1900.0	True
20260706	1.0	20raw	0.0	frontier_gpt4	0.03	9956	100	37	38	4947	4985	0.6031746031746031	0.007622868605817452	3.935526315789473	1900.0	True
20260706	1.0	20raw	0.5	cheap_heuristic	0.0001	9956	100	37	11	1605	1616	0.1746031746031746	0.006806930693069307	0.014690909090909093	550.0	True
20260706	1.0	20raw	0.5	small_open	0.0006	9956	100	37	11	1605	1616	0.1746031746031746	0.006806930693069307	0.08814545454545454	550.0	True
20260706	1.0	20raw	0.5	iter120_default	0.001	9956	100	37	11	1605	1616	0.1746031746031746	0.006806930693069307	0.1469090909090909	550.0	True
20260706	1.0	20raw	0.5	mid_tier	0.005	9956	100	37	11	1605	1616	0.1746031746031746	0.006806930693069307	0.7345454545454545	550.0	True
20260706	1.0	20raw	0.5	frontier_gpt4	0.03	9956	100	37	11	1605	1616	0.1746031746031746	0.006806930693069307	4.407272727272727	550.0	True
20260706	1.0	20raw	1.0	cheap_heuristic	0.0001	9956	100	37	1	295	296	0.015873015873015872	0.0033783783783783786	0.0296	50.0	True
20260706	1.0	20raw	1.0	small_open	0.0006	9956	100	37	1	295	296	0.015873015873015872	0.0033783783783783786	0.17759999999999998	50.0	True
20260706	1.0	20raw	1.0	iter120_default	0.001	9956	100	37	1	295	296	0.015873015873015872	0.0033783783783783786	0.296	50.0	True
20260706	1.0	20raw	1.0	mid_tier	0.005	9956	100	37	1	295	296	0.015873015873015872	0.0033783783783783786	1.48	50.0	True
20260706	1.0	20raw	1.0	frontier_gpt4	0.03	9956	100	37	1	295	296	0.015873015873015872	0.0033783783783783786	8.879999999999999	50.0	True
20260706	1.0	20raw	1.5	cheap_heuristic	0.0001	9956	100	37	0	24	24	0.0	0.0	0.0024000000000000002	0.0	True
20260706	1.0	20raw	1.5	small_open	0.0006	9956	100	37	0	24	24	0.0	0.0	0.0144	0.0	True
20260706	1.0	20raw	1.5	iter120_default	0.001	9956	100	37	0	24	24	0.0	0.0	0.024	0.0	True
20260706	1.0	20raw	1.5	mid_tier	0.005	9956	100	37	0	24	24	0.0	0.0	0.12	0.0	True
20260706	1.0	20raw	1.5	frontier_gpt4	0.03	9956	100	37	0	24	24	0.0	0.0	0.72	0.0	True
20260706	1.0	20raw	2.0	cheap_heuristic	0.0001	9956	100	37	0	0	0	0.0	0.0	0.0	0.0	True
20260706	1.0	20raw	2.0	small_open	0.0006	9956	100	37	0	0	0	0.0	0.0	0.0	0.0	True
20260706	1.0	20raw	2.0	iter120_default	0.001	9956	100	37	0	0	0	0.0	0.0	0.0	0.0	True
20260706	1.0	20raw	2.0	mid_tier	0.005	9956	100	37	0	0	0	0.0	0.0	0.0	0.0	True
20260706	1.0	20raw	2.0	frontier_gpt4	0.03	9956	100	37	0	0	0	0.0	0.0	0.0	0.0	True
20260706	1.0	20raw	2.5	cheap_heuristic	0.0001	9956	100	37	0	0	0	0.0	0.0	0.0	0.0	True
20260706	1.0	20raw	2.5	small_open	0.0006	9956	100	37	0	0	0	0.0	0.0	0.0	0.0	True
20260706	1.0	20raw	2.5	iter120_default	0.001	9956	100	37	0	0	0	0.0	0.0	0.0	0.0	True
20260706	1.0	20raw	2.5	mid_tier	0.005	9956	100	37	0	0	0	0.0	0.0	0.0	0.0	True
20260706	1.0	20raw	2.5	frontier_gpt4	0.03	9956	100	37	0	0	0	0.0	0.0	0.0	0.0	True
20260706	1.0	20raw	3.0	cheap_heuristic	0.0001	9956	100	37	0	0	0	0.0	0.0	0.0	0.0	True
20260706	1.0	20raw	3.0	small_open	0.0006	9956	100	37	0	0	0	0.0	0.0	0.0	0.0	True
20260706	1.0	20raw	3.0	iter120_default	0.001	9956	100	37	0	0	0	0.0	0.0	0.0	0.0	True
20260706	1.0	20raw	3.0	mid_tier	0.005	9956	100	37	0	0	0	0.0	0.0	0.0	0.0	True
20260706	1.0	20raw	3.0	frontier_gpt4	0.03	9956	100	37	0	0	0	0.0	0.0	0.0	0.0	True
20260706	1.0	20raw+minmax	0.0	cheap_heuristic	0.0001	9956	100	34	40	4950	4990	0.6060606060606061	0.008016032064128256	0.012475	2000.0	True
20260706	1.0	20raw+minmax	0.0	small_open	0.0006	9956	100	34	40	4950	4990	0.6060606060606061	0.008016032064128256	0.07485	2000.0	True
20260706	1.0	20raw+minmax	0.0	iter120_default	0.001	9956	100	34	40	4950	4990	0.6060606060606061	0.008016032064128256	0.12475	2000.0	True
20260706	1.0	20raw+minmax	0.0	mid_tier	0.005	9956	100	34	40	4950	4990	0.6060606060606061	0.008016032064128256	0.62375	2000.0	True
20260706	1.0	20raw+minmax	0.0	frontier_gpt4	0.03	9956	100	34	40	4950	4990	0.6060606060606061	0.008016032064128256	3.7424999999999997	2000.0	True
20260706	1.0	20raw+minmax	0.5	cheap_heuristic	0.0001	9956	100	34	11	1609	1620	0.16666666666666666	0.006790123456790123	0.014727272727272728	550.0	True
20260706	1.0	20raw+minmax	0.5	small_open	0.0006	9956	100	34	11	1609	1620	0.16666666666666666	0.006790123456790123	0.08836363636363635	550.0	True
20260706	1.0	20raw+minmax	0.5	iter120_default	0.001	9956	100	34	11	1609	1620	0.16666666666666666	0.006790123456790123	0.14727272727272728	550.0	True
20260706	1.0	20raw+minmax	0.5	mid_tier	0.005	9956	100	34	11	1609	1620	0.16666666666666666	0.006790123456790123	0.7363636363636363	550.0	True
20260706	1.0	20raw+minmax	0.5	frontier_gpt4	0.03	9956	100	34	11	1609	1620	0.16666666666666666	0.006790123456790123	4.418181818181818	550.0	True
20260706	1.0	20raw+minmax	1.0	cheap_heuristic	0.0001	9956	100	34	1	295	296	0.015151515151515152	0.0033783783783783786	0.0296	50.0	True
20260706	1.0	20raw+minmax	1.0	small_open	0.0006	9956	100	34	1	295	296	0.015151515151515152	0.0033783783783783786	0.17759999999999998	50.0	True
20260706	1.0	20raw+minmax	1.0	iter120_default	0.001	9956	100	34	1	295	296	0.015151515151515152	0.0033783783783783786	0.296	50.0	True
20260706	1.0	20raw+minmax	1.0	mid_tier	0.005	9956	100	34	1	295	296	0.015151515151515152	0.0033783783783783786	1.48	50.0	True
20260706	1.0	20raw+minmax	1.0	frontier_gpt4	0.03	9956	100	34	1	295	296	0.015151515151515152	0.0033783783783783786	8.879999999999999	50.0	True
20260706	1.0	20raw+minmax	1.5	cheap_heuristic	0.0001	9956	100	34	0	24	24	0.0	0.0	0.0024000000000000002	0.0	True
20260706	1.0	20raw+minmax	1.5	small_open	0.0006	9956	100	34	0	24	24	0.0	0.0	0.0144	0.0	True
20260706	1.0	20raw+minmax	1.5	iter120_default	0.001	9956	100	34	0	24	24	0.0	0.0	0.024	0.0	True
20260706	1.0	20raw+minmax	1.5	mid_tier	0.005	9956	100	34	0	24	24	0.0	0.0	0.12	0.0	True
20260706	1.0	20raw+minmax	1.5	frontier_gpt4	0.03	9956	100	34	0	24	24	0.0	0.0	0.72	0.0	True
20260706	1.0	20raw+minmax	2.0	cheap_heuristic	0.0001	9956	100	34	0	0	0	0.0	0.0	0.0	0.0	True
20260706	1.0	20raw+minmax	2.0	small_open	0.0006	9956	100	34	0	0	0	0.0	0.0	0.0	0.0	True
20260706	1.0	20raw+minmax	2.0	iter120_default	0.001	9956	100	34	0	0	0	0.0	0.0	0.0	0.0	True
20260706	1.0	20raw+minmax	2.0	mid_tier	0.005	9956	100	34	0	0	0	0.0	0.0	0.0	0.0	True
20260706	1.0	20raw+minmax	2.0	frontier_gpt4	0.03	9956	100	34	0	0	0	0.0	0.0	0.0	0.0	True
20260706	1.0	20raw+minmax	2.5	cheap_heuristic	0.0001	9956	100	34	0	0	0	0.0	0.0	0.0	0.0	True
20260706	1.0	20raw+minmax	2.5	small_open	0.0006	9956	100	34	0	0	0	0.0	0.0	0.0	0.0	True
20260706	1.0	20raw+minmax	2.5	iter120_default	0.001	9956	100	34	0	0	0	0.0	0.0	0.0	0.0	True
20260706	1.0	20raw+minmax	2.5	mid_tier	0.005	9956	100	34	0	0	0	0.0	0.0	0.0	0.0	True
20260706	1.0	20raw+minmax	2.5	frontier_gpt4	0.03	9956	100	34	0	0	0	0.0	0.0	0.0	0.0	True
20260706	1.0	20raw+minmax	3.0	cheap_heuristic	0.0001	9956	100	34	0	0	0	0.0	0.0	0.0	0.0	True
20260706	1.0	20raw+minmax	3.0	small_open	0.0006	9956	100	34	0	0	0	0.0	0.0	0.0	0.0	True
20260706	1.0	20raw+minmax	3.0	iter120_default	0.001	9956	100	34	0	0	0	0.0	0.0	0.0	0.0	True
20260706	1.0	20raw+minmax	3.0	mid_tier	0.005	9956	100	34	0	0	0	0.0	0.0	0.0	0.0	True
20260706	1.0	20raw+minmax	3.0	frontier_gpt4	0.03	9956	100	34	0	0	0	0.0	0.0	0.0	0.0	True
20260706	1.0	20raw+stat	0.0	cheap_heuristic	0.0001	9956	100	37	38	4936	4974	0.6031746031746031	0.007639726578206675	0.013089473684210526	1900.0	True
20260706	1.0	20raw+stat	0.0	small_open	0.0006	9956	100	37	38	4936	4974	0.6031746031746031	0.007639726578206675	0.07853684210526315	1900.0	True
20260706	1.0	20raw+stat	0.0	iter120_default	0.001	9956	100	37	38	4936	4974	0.6031746031746031	0.007639726578206675	0.13089473684210526	1900.0	True
20260706	1.0	20raw+stat	0.0	mid_tier	0.005	9956	100	37	38	4936	4974	0.6031746031746031	0.007639726578206675	0.6544736842105263	1900.0	True
20260706	1.0	20raw+stat	0.0	frontier_gpt4	0.03	9956	100	37	38	4936	4974	0.6031746031746031	0.007639726578206675	3.926842105263158	1900.0	True
20260706	1.0	20raw+stat	0.5	cheap_heuristic	0.0001	9956	100	37	11	1613	1624	0.1746031746031746	0.0067733990147783255	0.014763636363636366	550.0	True
20260706	1.0	20raw+stat	0.5	small_open	0.0006	9956	100	37	11	1613	1624	0.1746031746031746	0.0067733990147783255	0.08858181818181818	550.0	True
20260706	1.0	20raw+stat	0.5	iter120_default	0.001	9956	100	37	11	1613	1624	0.1746031746031746	0.0067733990147783255	0.14763636363636365	550.0	True
20260706	1.0	20raw+stat	0.5	mid_tier	0.005	9956	100	37	11	1613	1624	0.1746031746031746	0.0067733990147783255	0.7381818181818183	550.0	True
20260706	1.0	20raw+stat	0.5	frontier_gpt4	0.03	9956	100	37	11	1613	1624	0.1746031746031746	0.0067733990147783255	4.429090909090909	550.0	True
20260706	1.0	20raw+stat	1.0	cheap_heuristic	0.0001	9956	100	37	1	296	297	0.015873015873015872	0.003367003367003367	0.0297	50.0	True
20260706	1.0	20raw+stat	1.0	small_open	0.0006	9956	100	37	1	296	297	0.015873015873015872	0.003367003367003367	0.1782	50.0	True
20260706	1.0	20raw+stat	1.0	iter120_default	0.001	9956	100	37	1	296	297	0.015873015873015872	0.003367003367003367	0.297	50.0	True
20260706	1.0	20raw+stat	1.0	mid_tier	0.005	9956	100	37	1	296	297	0.015873015873015872	0.003367003367003367	1.485	50.0	True
20260706	1.0	20raw+stat	1.0	frontier_gpt4	0.03	9956	100	37	1	296	297	0.015873015873015872	0.003367003367003367	8.91	50.0	True
20260706	1.0	20raw+stat	1.5	cheap_heuristic	0.0001	9956	100	37	0	24	24	0.0	0.0	0.0024000000000000002	0.0	True
20260706	1.0	20raw+stat	1.5	small_open	0.0006	9956	100	37	0	24	24	0.0	0.0	0.0144	0.0	True
20260706	1.0	20raw+stat	1.5	iter120_default	0.001	9956	100	37	0	24	24	0.0	0.0	0.024	0.0	True
20260706	1.0	20raw+stat	1.5	mid_tier	0.005	9956	100	37	0	24	24	0.0	0.0	0.12	0.0	True
20260706	1.0	20raw+stat	1.5	frontier_gpt4	0.03	9956	100	37	0	24	24	0.0	0.0	0.72	0.0	True
20260706	1.0	20raw+stat	2.0	cheap_heuristic	0.0001	9956	100	37	0	0	0	0.0	0.0	0.0	0.0	True
20260706	1.0	20raw+stat	2.0	small_open	0.0006	9956	100	37	0	0	0	0.0	0.0	0.0	0.0	True
20260706	1.0	20raw+stat	2.0	iter120_default	0.001	9956	100	37	0	0	0	0.0	0.0	0.0	0.0	True
20260706	1.0	20raw+stat	2.0	mid_tier	0.005	9956	100	37	0	0	0	0.0	0.0	0.0	0.0	True
20260706	1.0	20raw+stat	2.0	frontier_gpt4	0.03	9956	100	37	0	0	0	0.0	0.0	0.0	0.0	True
20260706	1.0	20raw+stat	2.5	cheap_heuristic	0.0001	9956	100	37	0	0	0	0.0	0.0	0.0	0.0	True
20260706	1.0	20raw+stat	2.5	small_open	0.0006	9956	100	37	0	0	0	0.0	0.0	0.0	0.0	True
20260706	1.0	20raw+stat	2.5	iter120_default	0.001	9956	100	37	0	0	0	0.0	0.0	0.0	0.0	True
20260706	1.0	20raw+stat	2.5	mid_tier	0.005	9956	100	37	0	0	0	0.0	0.0	0.0	0.0	True
20260706	1.0	20raw+stat	2.5	frontier_gpt4	0.03	9956	100	37	0	0	0	0.0	0.0	0.0	0.0	True
20260706	1.0	20raw+stat	3.0	cheap_heuristic	0.0001	9956	100	37	0	0	0	0.0	0.0	0.0	0.0	True
20260706	1.0	20raw+stat	3.0	small_open	0.0006	9956	100	37	0	0	0	0.0	0.0	0.0	0.0	True
20260706	1.0	20raw+stat	3.0	iter120_default	0.001	9956	100	37	0	0	0	0.0	0.0	0.0	0.0	True
20260706	1.0	20raw+stat	3.0	mid_tier	0.005	9956	100	37	0	0	0	0.0	0.0	0.0	0.0	True
20260706	1.0	20raw+stat	3.0	frontier_gpt4	0.03	9956	100	37	0	0	0	0.0	0.0	0.0	0.0	True
20260706	0.5	24full	0.0	cheap_heuristic	0.0001	9906	50	22	10	4926	4936	0.35714285714285715	0.002025931928687196	0.04936	500.0	True
20260706	0.5	24full	0.0	small_open	0.0006	9906	50	22	10	4926	4936	0.35714285714285715	0.002025931928687196	0.29616	500.0	True
20260706	0.5	24full	0.0	iter120_default	0.001	9906	50	22	10	4926	4936	0.35714285714285715	0.002025931928687196	0.4936	500.0	True
20260706	0.5	24full	0.0	mid_tier	0.005	9906	50	22	10	4926	4936	0.35714285714285715	0.002025931928687196	2.468	500.0	True
20260706	0.5	24full	0.0	frontier_gpt4	0.03	9906	50	22	10	4926	4936	0.35714285714285715	0.002025931928687196	14.807999999999998	500.0	True
20260706	0.5	24full	0.5	cheap_heuristic	0.0001	9906	50	22	2	1613	1615	0.07142857142857142	0.001238390092879257	0.08075	100.0	True
20260706	0.5	24full	0.5	small_open	0.0006	9906	50	22	2	1613	1615	0.07142857142857142	0.001238390092879257	0.48449999999999993	100.0	True
20260706	0.5	24full	0.5	iter120_default	0.001	9906	50	22	2	1613	1615	0.07142857142857142	0.001238390092879257	0.8075	100.0	True
20260706	0.5	24full	0.5	mid_tier	0.005	9906	50	22	2	1613	1615	0.07142857142857142	0.001238390092879257	4.0375	100.0	True
20260706	0.5	24full	0.5	frontier_gpt4	0.03	9906	50	22	2	1613	1615	0.07142857142857142	0.001238390092879257	24.224999999999998	100.0	True
20260706	0.5	24full	1.0	cheap_heuristic	0.0001	9906	50	22	2	296	298	0.07142857142857142	0.006711409395973154	0.0149	100.0	True
20260706	0.5	24full	1.0	small_open	0.0006	9906	50	22	2	296	298	0.07142857142857142	0.006711409395973154	0.0894	100.0	True
20260706	0.5	24full	1.0	iter120_default	0.001	9906	50	22	2	296	298	0.07142857142857142	0.006711409395973154	0.149	100.0	True
20260706	0.5	24full	1.0	mid_tier	0.005	9906	50	22	2	296	298	0.07142857142857142	0.006711409395973154	0.745	100.0	True
20260706	0.5	24full	1.0	frontier_gpt4	0.03	9906	50	22	2	296	298	0.07142857142857142	0.006711409395973154	4.47	100.0	True
20260706	0.5	24full	1.5	cheap_heuristic	0.0001	9906	50	22	0	24	24	0.0	0.0	0.0024000000000000002	0.0	True
20260706	0.5	24full	1.5	small_open	0.0006	9906	50	22	0	24	24	0.0	0.0	0.0144	0.0	True
20260706	0.5	24full	1.5	iter120_default	0.001	9906	50	22	0	24	24	0.0	0.0	0.024	0.0	True
20260706	0.5	24full	1.5	mid_tier	0.005	9906	50	22	0	24	24	0.0	0.0	0.12	0.0	True
20260706	0.5	24full	1.5	frontier_gpt4	0.03	9906	50	22	0	24	24	0.0	0.0	0.72	0.0	True
20260706	0.5	24full	2.0	cheap_heuristic	0.0001	9906	50	22	0	0	0	0.0	0.0	0.0	0.0	True
20260706	0.5	24full	2.0	small_open	0.0006	9906	50	22	0	0	0	0.0	0.0	0.0	0.0	True
20260706	0.5	24full	2.0	iter120_default	0.001	9906	50	22	0	0	0	0.0	0.0	0.0	0.0	True
20260706	0.5	24full	2.0	mid_tier	0.005	9906	50	22	0	0	0	0.0	0.0	0.0	0.0	True
20260706	0.5	24full	2.0	frontier_gpt4	0.03	9906	50	22	0	0	0	0.0	0.0	0.0	0.0	True
20260706	0.5	24full	2.5	cheap_heuristic	0.0001	9906	50	22	0	0	0	0.0	0.0	0.0	0.0	True
20260706	0.5	24full	2.5	small_open	0.0006	9906	50	22	0	0	0	0.0	0.0	0.0	0.0	True
20260706	0.5	24full	2.5	iter120_default	0.001	9906	50	22	0	0	0	0.0	0.0	0.0	0.0	True
20260706	0.5	24full	2.5	mid_tier	0.005	9906	50	22	0	0	0	0.0	0.0	0.0	0.0	True
20260706	0.5	24full	2.5	frontier_gpt4	0.03	9906	50	22	0	0	0	0.0	0.0	0.0	0.0	True
20260706	0.5	24full	3.0	cheap_heuristic	0.0001	9906	50	22	0	0	0	0.0	0.0	0.0	0.0	True
20260706	0.5	24full	3.0	small_open	0.0006	9906	50	22	0	0	0	0.0	0.0	0.0	0.0	True
20260706	0.5	24full	3.0	iter120_default	0.001	9906	50	22	0	0	0	0.0	0.0	0.0	0.0	True
20260706	0.5	24full	3.0	mid_tier	0.005	9906	50	22	0	0	0	0.0	0.0	0.0	0.0	True
20260706	0.5	24full	3.0	frontier_gpt4	0.03	9906	50	22	0	0	0	0.0	0.0	0.0	0.0	True
20260706	0.5	20raw	0.0	cheap_heuristic	0.0001	9906	50	22	12	4935	4947	0.42857142857142855	0.002425712553062462	0.041225000000000005	600.0	True
20260706	0.5	20raw	0.0	small_open	0.0006	9906	50	22	12	4935	4947	0.42857142857142855	0.002425712553062462	0.24735	600.0	True
20260706	0.5	20raw	0.0	iter120_default	0.001	9906	50	22	12	4935	4947	0.42857142857142855	0.002425712553062462	0.41225	600.0	True
20260706	0.5	20raw	0.0	mid_tier	0.005	9906	50	22	12	4935	4947	0.42857142857142855	0.002425712553062462	2.06125	600.0	True
20260706	0.5	20raw	0.0	frontier_gpt4	0.03	9906	50	22	12	4935	4947	0.42857142857142855	0.002425712553062462	12.3675	600.0	True
20260706	0.5	20raw	0.5	cheap_heuristic	0.0001	9906	50	22	2	1603	1605	0.07142857142857142	0.0012461059190031153	0.08025	100.0	True
20260706	0.5	20raw	0.5	small_open	0.0006	9906	50	22	2	1603	1605	0.07142857142857142	0.0012461059190031153	0.4815	100.0	True
20260706	0.5	20raw	0.5	iter120_default	0.001	9906	50	22	2	1603	1605	0.07142857142857142	0.0012461059190031153	0.8025	100.0	True
20260706	0.5	20raw	0.5	mid_tier	0.005	9906	50	22	2	1603	1605	0.07142857142857142	0.0012461059190031153	4.0125	100.0	True
20260706	0.5	20raw	0.5	frontier_gpt4	0.03	9906	50	22	2	1603	1605	0.07142857142857142	0.0012461059190031153	24.075	100.0	True
20260706	0.5	20raw	1.0	cheap_heuristic	0.0001	9906	50	22	2	295	297	0.07142857142857142	0.006734006734006734	0.01485	100.0	True
20260706	0.5	20raw	1.0	small_open	0.0006	9906	50	22	2	295	297	0.07142857142857142	0.006734006734006734	0.0891	100.0	True
20260706	0.5	20raw	1.0	iter120_default	0.001	9906	50	22	2	295	297	0.07142857142857142	0.006734006734006734	0.1485	100.0	True
20260706	0.5	20raw	1.0	mid_tier	0.005	9906	50	22	2	295	297	0.07142857142857142	0.006734006734006734	0.7425	100.0	True
20260706	0.5	20raw	1.0	frontier_gpt4	0.03	9906	50	22	2	295	297	0.07142857142857142	0.006734006734006734	4.455	100.0	True
20260706	0.5	20raw	1.5	cheap_heuristic	0.0001	9906	50	22	0	24	24	0.0	0.0	0.0024000000000000002	0.0	True
20260706	0.5	20raw	1.5	small_open	0.0006	9906	50	22	0	24	24	0.0	0.0	0.0144	0.0	True
20260706	0.5	20raw	1.5	iter120_default	0.001	9906	50	22	0	24	24	0.0	0.0	0.024	0.0	True
20260706	0.5	20raw	1.5	mid_tier	0.005	9906	50	22	0	24	24	0.0	0.0	0.12	0.0	True
20260706	0.5	20raw	1.5	frontier_gpt4	0.03	9906	50	22	0	24	24	0.0	0.0	0.72	0.0	True
20260706	0.5	20raw	2.0	cheap_heuristic	0.0001	9906	50	22	0	0	0	0.0	0.0	0.0	0.0	True
20260706	0.5	20raw	2.0	small_open	0.0006	9906	50	22	0	0	0	0.0	0.0	0.0	0.0	True
20260706	0.5	20raw	2.0	iter120_default	0.001	9906	50	22	0	0	0	0.0	0.0	0.0	0.0	True
20260706	0.5	20raw	2.0	mid_tier	0.005	9906	50	22	0	0	0	0.0	0.0	0.0	0.0	True
20260706	0.5	20raw	2.0	frontier_gpt4	0.03	9906	50	22	0	0	0	0.0	0.0	0.0	0.0	True
20260706	0.5	20raw	2.5	cheap_heuristic	0.0001	9906	50	22	0	0	0	0.0	0.0	0.0	0.0	True
20260706	0.5	20raw	2.5	small_open	0.0006	9906	50	22	0	0	0	0.0	0.0	0.0	0.0	True
20260706	0.5	20raw	2.5	iter120_default	0.001	9906	50	22	0	0	0	0.0	0.0	0.0	0.0	True
20260706	0.5	20raw	2.5	mid_tier	0.005	9906	50	22	0	0	0	0.0	0.0	0.0	0.0	True
20260706	0.5	20raw	2.5	frontier_gpt4	0.03	9906	50	22	0	0	0	0.0	0.0	0.0	0.0	True
20260706	0.5	20raw	3.0	cheap_heuristic	0.0001	9906	50	22	0	0	0	0.0	0.0	0.0	0.0	True
20260706	0.5	20raw	3.0	small_open	0.0006	9906	50	22	0	0	0	0.0	0.0	0.0	0.0	True
20260706	0.5	20raw	3.0	iter120_default	0.001	9906	50	22	0	0	0	0.0	0.0	0.0	0.0	True
20260706	0.5	20raw	3.0	mid_tier	0.005	9906	50	22	0	0	0	0.0	0.0	0.0	0.0	True
20260706	0.5	20raw	3.0	frontier_gpt4	0.03	9906	50	22	0	0	0	0.0	0.0	0.0	0.0	True
20260706	0.5	20raw+minmax	0.0	cheap_heuristic	0.0001	9906	50	21	12	4942	4954	0.41379310344827586	0.0024222850222042794	0.04128333333333333	600.0	True
20260706	0.5	20raw+minmax	0.0	small_open	0.0006	9906	50	21	12	4942	4954	0.41379310344827586	0.0024222850222042794	0.2477	600.0	True
20260706	0.5	20raw+minmax	0.0	iter120_default	0.001	9906	50	21	12	4942	4954	0.41379310344827586	0.0024222850222042794	0.41283333333333333	600.0	True
20260706	0.5	20raw+minmax	0.0	mid_tier	0.005	9906	50	21	12	4942	4954	0.41379310344827586	0.0024222850222042794	2.0641666666666665	600.0	True
20260706	0.5	20raw+minmax	0.0	frontier_gpt4	0.03	9906	50	21	12	4942	4954	0.41379310344827586	0.0024222850222042794	12.385	600.0	True
20260706	0.5	20raw+minmax	0.5	cheap_heuristic	0.0001	9906	50	21	2	1607	1609	0.06896551724137931	0.001243008079552517	0.08045000000000001	100.0	True
20260706	0.5	20raw+minmax	0.5	small_open	0.0006	9906	50	21	2	1607	1609	0.06896551724137931	0.001243008079552517	0.48269999999999996	100.0	True
20260706	0.5	20raw+minmax	0.5	iter120_default	0.001	9906	50	21	2	1607	1609	0.06896551724137931	0.001243008079552517	0.8045	100.0	True
20260706	0.5	20raw+minmax	0.5	mid_tier	0.005	9906	50	21	2	1607	1609	0.06896551724137931	0.001243008079552517	4.0225	100.0	True
20260706	0.5	20raw+minmax	0.5	frontier_gpt4	0.03	9906	50	21	2	1607	1609	0.06896551724137931	0.001243008079552517	24.134999999999998	100.0	True
20260706	0.5	20raw+minmax	1.0	cheap_heuristic	0.0001	9906	50	21	2	295	297	0.06896551724137931	0.006734006734006734	0.01485	100.0	True
20260706	0.5	20raw+minmax	1.0	small_open	0.0006	9906	50	21	2	295	297	0.06896551724137931	0.006734006734006734	0.0891	100.0	True
20260706	0.5	20raw+minmax	1.0	iter120_default	0.001	9906	50	21	2	295	297	0.06896551724137931	0.006734006734006734	0.1485	100.0	True
20260706	0.5	20raw+minmax	1.0	mid_tier	0.005	9906	50	21	2	295	297	0.06896551724137931	0.006734006734006734	0.7425	100.0	True
20260706	0.5	20raw+minmax	1.0	frontier_gpt4	0.03	9906	50	21	2	295	297	0.06896551724137931	0.006734006734006734	4.455	100.0	True
20260706	0.5	20raw+minmax	1.5	cheap_heuristic	0.0001	9906	50	21	0	24	24	0.0	0.0	0.0024000000000000002	0.0	True
20260706	0.5	20raw+minmax	1.5	small_open	0.0006	9906	50	21	0	24	24	0.0	0.0	0.0144	0.0	True
20260706	0.5	20raw+minmax	1.5	iter120_default	0.001	9906	50	21	0	24	24	0.0	0.0	0.024	0.0	True
20260706	0.5	20raw+minmax	1.5	mid_tier	0.005	9906	50	21	0	24	24	0.0	0.0	0.12	0.0	True
20260706	0.5	20raw+minmax	1.5	frontier_gpt4	0.03	9906	50	21	0	24	24	0.0	0.0	0.72	0.0	True
20260706	0.5	20raw+minmax	2.0	cheap_heuristic	0.0001	9906	50	21	0	0	0	0.0	0.0	0.0	0.0	True
20260706	0.5	20raw+minmax	2.0	small_open	0.0006	9906	50	21	0	0	0	0.0	0.0	0.0	0.0	True
20260706	0.5	20raw+minmax	2.0	iter120_default	0.001	9906	50	21	0	0	0	0.0	0.0	0.0	0.0	True
20260706	0.5	20raw+minmax	2.0	mid_tier	0.005	9906	50	21	0	0	0	0.0	0.0	0.0	0.0	True
20260706	0.5	20raw+minmax	2.0	frontier_gpt4	0.03	9906	50	21	0	0	0	0.0	0.0	0.0	0.0	True
20260706	0.5	20raw+minmax	2.5	cheap_heuristic	0.0001	9906	50	21	0	0	0	0.0	0.0	0.0	0.0	True
20260706	0.5	20raw+minmax	2.5	small_open	0.0006	9906	50	21	0	0	0	0.0	0.0	0.0	0.0	True
20260706	0.5	20raw+minmax	2.5	iter120_default	0.001	9906	50	21	0	0	0	0.0	0.0	0.0	0.0	True
20260706	0.5	20raw+minmax	2.5	mid_tier	0.005	9906	50	21	0	0	0	0.0	0.0	0.0	0.0	True
20260706	0.5	20raw+minmax	2.5	frontier_gpt4	0.03	9906	50	21	0	0	0	0.0	0.0	0.0	0.0	True
20260706	0.5	20raw+minmax	3.0	cheap_heuristic	0.0001	9906	50	21	0	0	0	0.0	0.0	0.0	0.0	True
20260706	0.5	20raw+minmax	3.0	small_open	0.0006	9906	50	21	0	0	0	0.0	0.0	0.0	0.0	True
20260706	0.5	20raw+minmax	3.0	iter120_default	0.001	9906	50	21	0	0	0	0.0	0.0	0.0	0.0	True
20260706	0.5	20raw+minmax	3.0	mid_tier	0.005	9906	50	21	0	0	0	0.0	0.0	0.0	0.0	True
20260706	0.5	20raw+minmax	3.0	frontier_gpt4	0.03	9906	50	21	0	0	0	0.0	0.0	0.0	0.0	True
20260706	0.5	20raw+stat	0.0	cheap_heuristic	0.0001	9906	50	24	10	4926	4936	0.38461538461538464	0.002025931928687196	0.04936	500.0	True
20260706	0.5	20raw+stat	0.0	small_open	0.0006	9906	50	24	10	4926	4936	0.38461538461538464	0.002025931928687196	0.29616	500.0	True
20260706	0.5	20raw+stat	0.0	iter120_default	0.001	9906	50	24	10	4926	4936	0.38461538461538464	0.002025931928687196	0.4936	500.0	True
20260706	0.5	20raw+stat	0.0	mid_tier	0.005	9906	50	24	10	4926	4936	0.38461538461538464	0.002025931928687196	2.468	500.0	True
20260706	0.5	20raw+stat	0.0	frontier_gpt4	0.03	9906	50	24	10	4926	4936	0.38461538461538464	0.002025931928687196	14.807999999999998	500.0	True
20260706	0.5	20raw+stat	0.5	cheap_heuristic	0.0001	9906	50	24	2	1613	1615	0.07692307692307693	0.001238390092879257	0.08075	100.0	True
20260706	0.5	20raw+stat	0.5	small_open	0.0006	9906	50	24	2	1613	1615	0.07692307692307693	0.001238390092879257	0.48449999999999993	100.0	True
20260706	0.5	20raw+stat	0.5	iter120_default	0.001	9906	50	24	2	1613	1615	0.07692307692307693	0.001238390092879257	0.8075	100.0	True
20260706	0.5	20raw+stat	0.5	mid_tier	0.005	9906	50	24	2	1613	1615	0.07692307692307693	0.001238390092879257	4.0375	100.0	True
20260706	0.5	20raw+stat	0.5	frontier_gpt4	0.03	9906	50	24	2	1613	1615	0.07692307692307693	0.001238390092879257	24.224999999999998	100.0	True
20260706	0.5	20raw+stat	1.0	cheap_heuristic	0.0001	9906	50	24	2	296	298	0.07692307692307693	0.006711409395973154	0.0149	100.0	True
20260706	0.5	20raw+stat	1.0	small_open	0.0006	9906	50	24	2	296	298	0.07692307692307693	0.006711409395973154	0.0894	100.0	True
20260706	0.5	20raw+stat	1.0	iter120_default	0.001	9906	50	24	2	296	298	0.07692307692307693	0.006711409395973154	0.149	100.0	True
20260706	0.5	20raw+stat	1.0	mid_tier	0.005	9906	50	24	2	296	298	0.07692307692307693	0.006711409395973154	0.745	100.0	True
20260706	0.5	20raw+stat	1.0	frontier_gpt4	0.03	9906	50	24	2	296	298	0.07692307692307693	0.006711409395973154	4.47	100.0	True
20260706	0.5	20raw+stat	1.5	cheap_heuristic	0.0001	9906	50	24	0	24	24	0.0	0.0	0.0024000000000000002	0.0	True
20260706	0.5	20raw+stat	1.5	small_open	0.0006	9906	50	24	0	24	24	0.0	0.0	0.0144	0.0	True
20260706	0.5	20raw+stat	1.5	iter120_default	0.001	9906	50	24	0	24	24	0.0	0.0	0.024	0.0	True
20260706	0.5	20raw+stat	1.5	mid_tier	0.005	9906	50	24	0	24	24	0.0	0.0	0.12	0.0	True
20260706	0.5	20raw+stat	1.5	frontier_gpt4	0.03	9906	50	24	0	24	24	0.0	0.0	0.72	0.0	True
20260706	0.5	20raw+stat	2.0	cheap_heuristic	0.0001	9906	50	24	0	0	0	0.0	0.0	0.0	0.0	True
20260706	0.5	20raw+stat	2.0	small_open	0.0006	9906	50	24	0	0	0	0.0	0.0	0.0	0.0	True
20260706	0.5	20raw+stat	2.0	iter120_default	0.001	9906	50	24	0	0	0	0.0	0.0	0.0	0.0	True
20260706	0.5	20raw+stat	2.0	mid_tier	0.005	9906	50	24	0	0	0	0.0	0.0	0.0	0.0	True
20260706	0.5	20raw+stat	2.0	frontier_gpt4	0.03	9906	50	24	0	0	0	0.0	0.0	0.0	0.0	True
20260706	0.5	20raw+stat	2.5	cheap_heuristic	0.0001	9906	50	24	0	0	0	0.0	0.0	0.0	0.0	True
20260706	0.5	20raw+stat	2.5	small_open	0.0006	9906	50	24	0	0	0	0.0	0.0	0.0	0.0	True
20260706	0.5	20raw+stat	2.5	iter120_default	0.001	9906	50	24	0	0	0	0.0	0.0	0.0	0.0	True
20260706	0.5	20raw+stat	2.5	mid_tier	0.005	9906	50	24	0	0	0	0.0	0.0	0.0	0.0	True
20260706	0.5	20raw+stat	2.5	frontier_gpt4	0.03	9906	50	24	0	0	0	0.0	0.0	0.0	0.0	True
20260706	0.5	20raw+stat	3.0	cheap_heuristic	0.0001	9906	50	24	0	0	0	0.0	0.0	0.0	0.0	True
20260706	0.5	20raw+stat	3.0	small_open	0.0006	9906	50	24	0	0	0	0.0	0.0	0.0	0.0	True
20260706	0.5	20raw+stat	3.0	iter120_default	0.001	9906	50	24	0	0	0	0.0	0.0	0.0	0.0	True
20260706	0.5	20raw+stat	3.0	mid_tier	0.005	9906	50	24	0	0	0	0.0	0.0	0.0	0.0	True
20260706	0.5	20raw+stat	3.0	frontier_gpt4	0.03	9906	50	24	0	0	0	0.0	0.0	0.0	0.0	True
20260706	0.1	24full	0.0	cheap_heuristic	0.0001	9866	10	1	6	4915	4921	0.6666666666666666	0.001219264377159114	0.08201666666666667	300.0	True
20260706	0.1	24full	0.0	small_open	0.0006	9866	10	1	6	4915	4921	0.6666666666666666	0.001219264377159114	0.4921	300.0	True
20260706	0.1	24full	0.0	iter120_default	0.001	9866	10	1	6	4915	4921	0.6666666666666666	0.001219264377159114	0.8201666666666667	300.0	True
20260706	0.1	24full	0.0	mid_tier	0.005	9866	10	1	6	4915	4921	0.6666666666666666	0.001219264377159114	4.100833333333333	300.0	True
20260706	0.1	24full	0.0	frontier_gpt4	0.03	9866	10	1	6	4915	4921	0.6666666666666666	0.001219264377159114	24.605	300.0	True
20260706	0.1	24full	0.5	cheap_heuristic	0.0001	9866	10	1	3	1612	1615	0.3333333333333333	0.0018575851393188853	0.05383333333333334	150.0	True
20260706	0.1	24full	0.5	small_open	0.0006	9866	10	1	3	1612	1615	0.3333333333333333	0.0018575851393188853	0.32299999999999995	150.0	True
20260706	0.1	24full	0.5	iter120_default	0.001	9866	10	1	3	1612	1615	0.3333333333333333	0.0018575851393188853	0.5383333333333333	150.0	True
20260706	0.1	24full	0.5	mid_tier	0.005	9866	10	1	3	1612	1615	0.3333333333333333	0.0018575851393188853	2.6916666666666664	150.0	True
20260706	0.1	24full	0.5	frontier_gpt4	0.03	9866	10	1	3	1612	1615	0.3333333333333333	0.0018575851393188853	16.15	150.0	True
20260706	0.1	24full	1.0	cheap_heuristic	0.0001	9866	10	1	1	296	297	0.1111111111111111	0.003367003367003367	0.0297	50.0	True
20260706	0.1	24full	1.0	small_open	0.0006	9866	10	1	1	296	297	0.1111111111111111	0.003367003367003367	0.1782	50.0	True
20260706	0.1	24full	1.0	iter120_default	0.001	9866	10	1	1	296	297	0.1111111111111111	0.003367003367003367	0.297	50.0	True
20260706	0.1	24full	1.0	mid_tier	0.005	9866	10	1	1	296	297	0.1111111111111111	0.003367003367003367	1.485	50.0	True
20260706	0.1	24full	1.0	frontier_gpt4	0.03	9866	10	1	1	296	297	0.1111111111111111	0.003367003367003367	8.91	50.0	True
20260706	0.1	24full	1.5	cheap_heuristic	0.0001	9866	10	1	0	24	24	0.0	0.0	0.0024000000000000002	0.0	True
20260706	0.1	24full	1.5	small_open	0.0006	9866	10	1	0	24	24	0.0	0.0	0.0144	0.0	True
20260706	0.1	24full	1.5	iter120_default	0.001	9866	10	1	0	24	24	0.0	0.0	0.024	0.0	True
20260706	0.1	24full	1.5	mid_tier	0.005	9866	10	1	0	24	24	0.0	0.0	0.12	0.0	True
20260706	0.1	24full	1.5	frontier_gpt4	0.03	9866	10	1	0	24	24	0.0	0.0	0.72	0.0	True
20260706	0.1	24full	2.0	cheap_heuristic	0.0001	9866	10	1	0	0	0	0.0	0.0	0.0	0.0	True
20260706	0.1	24full	2.0	small_open	0.0006	9866	10	1	0	0	0	0.0	0.0	0.0	0.0	True
20260706	0.1	24full	2.0	iter120_default	0.001	9866	10	1	0	0	0	0.0	0.0	0.0	0.0	True
20260706	0.1	24full	2.0	mid_tier	0.005	9866	10	1	0	0	0	0.0	0.0	0.0	0.0	True
20260706	0.1	24full	2.0	frontier_gpt4	0.03	9866	10	1	0	0	0	0.0	0.0	0.0	0.0	True
20260706	0.1	24full	2.5	cheap_heuristic	0.0001	9866	10	1	0	0	0	0.0	0.0	0.0	0.0	True
20260706	0.1	24full	2.5	small_open	0.0006	9866	10	1	0	0	0	0.0	0.0	0.0	0.0	True
20260706	0.1	24full	2.5	iter120_default	0.001	9866	10	1	0	0	0	0.0	0.0	0.0	0.0	True
20260706	0.1	24full	2.5	mid_tier	0.005	9866	10	1	0	0	0	0.0	0.0	0.0	0.0	True
20260706	0.1	24full	2.5	frontier_gpt4	0.03	9866	10	1	0	0	0	0.0	0.0	0.0	0.0	True
20260706	0.1	24full	3.0	cheap_heuristic	0.0001	9866	10	1	0	0	0	0.0	0.0	0.0	0.0	True
20260706	0.1	24full	3.0	small_open	0.0006	9866	10	1	0	0	0	0.0	0.0	0.0	0.0	True
20260706	0.1	24full	3.0	iter120_default	0.001	9866	10	1	0	0	0	0.0	0.0	0.0	0.0	True
20260706	0.1	24full	3.0	mid_tier	0.005	9866	10	1	0	0	0	0.0	0.0	0.0	0.0	True
20260706	0.1	24full	3.0	frontier_gpt4	0.03	9866	10	1	0	0	0	0.0	0.0	0.0	0.0	True
20260706	0.1	20raw	0.0	cheap_heuristic	0.0001	9866	10	3	6	4925	4931	0.8571428571428571	0.0012167917258162643	0.08218333333333334	300.0	True
20260706	0.1	20raw	0.0	small_open	0.0006	9866	10	3	6	4925	4931	0.8571428571428571	0.0012167917258162643	0.4930999999999999	300.0	True
20260706	0.1	20raw	0.0	iter120_default	0.001	9866	10	3	6	4925	4931	0.8571428571428571	0.0012167917258162643	0.8218333333333333	300.0	True
20260706	0.1	20raw	0.0	mid_tier	0.005	9866	10	3	6	4925	4931	0.8571428571428571	0.0012167917258162643	4.109166666666667	300.0	True
20260706	0.1	20raw	0.0	frontier_gpt4	0.03	9866	10	3	6	4925	4931	0.8571428571428571	0.0012167917258162643	24.655	300.0	True
20260706	0.1	20raw	0.5	cheap_heuristic	0.0001	9866	10	3	3	1602	1605	0.42857142857142855	0.001869158878504673	0.0535	150.0	True
20260706	0.1	20raw	0.5	small_open	0.0006	9866	10	3	3	1602	1605	0.42857142857142855	0.001869158878504673	0.321	150.0	True
20260706	0.1	20raw	0.5	iter120_default	0.001	9866	10	3	3	1602	1605	0.42857142857142855	0.001869158878504673	0.535	150.0	True
20260706	0.1	20raw	0.5	mid_tier	0.005	9866	10	3	3	1602	1605	0.42857142857142855	0.001869158878504673	2.6750000000000003	150.0	True
20260706	0.1	20raw	0.5	frontier_gpt4	0.03	9866	10	3	3	1602	1605	0.42857142857142855	0.001869158878504673	16.05	150.0	True
20260706	0.1	20raw	1.0	cheap_heuristic	0.0001	9866	10	3	1	295	296	0.14285714285714285	0.0033783783783783786	0.0296	50.0	True
20260706	0.1	20raw	1.0	small_open	0.0006	9866	10	3	1	295	296	0.14285714285714285	0.0033783783783783786	0.17759999999999998	50.0	True
20260706	0.1	20raw	1.0	iter120_default	0.001	9866	10	3	1	295	296	0.14285714285714285	0.0033783783783783786	0.296	50.0	True
20260706	0.1	20raw	1.0	mid_tier	0.005	9866	10	3	1	295	296	0.14285714285714285	0.0033783783783783786	1.48	50.0	True
20260706	0.1	20raw	1.0	frontier_gpt4	0.03	9866	10	3	1	295	296	0.14285714285714285	0.0033783783783783786	8.879999999999999	50.0	True
20260706	0.1	20raw	1.5	cheap_heuristic	0.0001	9866	10	3	0	24	24	0.0	0.0	0.0024000000000000002	0.0	True
20260706	0.1	20raw	1.5	small_open	0.0006	9866	10	3	0	24	24	0.0	0.0	0.0144	0.0	True
20260706	0.1	20raw	1.5	iter120_default	0.001	9866	10	3	0	24	24	0.0	0.0	0.024	0.0	True
20260706	0.1	20raw	1.5	mid_tier	0.005	9866	10	3	0	24	24	0.0	0.0	0.12	0.0	True
20260706	0.1	20raw	1.5	frontier_gpt4	0.03	9866	10	3	0	24	24	0.0	0.0	0.72	0.0	True
20260706	0.1	20raw	2.0	cheap_heuristic	0.0001	9866	10	3	0	0	0	0.0	0.0	0.0	0.0	True
20260706	0.1	20raw	2.0	small_open	0.0006	9866	10	3	0	0	0	0.0	0.0	0.0	0.0	True
20260706	0.1	20raw	2.0	iter120_default	0.001	9866	10	3	0	0	0	0.0	0.0	0.0	0.0	True
20260706	0.1	20raw	2.0	mid_tier	0.005	9866	10	3	0	0	0	0.0	0.0	0.0	0.0	True
20260706	0.1	20raw	2.0	frontier_gpt4	0.03	9866	10	3	0	0	0	0.0	0.0	0.0	0.0	True
20260706	0.1	20raw	2.5	cheap_heuristic	0.0001	9866	10	3	0	0	0	0.0	0.0	0.0	0.0	True
20260706	0.1	20raw	2.5	small_open	0.0006	9866	10	3	0	0	0	0.0	0.0	0.0	0.0	True
20260706	0.1	20raw	2.5	iter120_default	0.001	9866	10	3	0	0	0	0.0	0.0	0.0	0.0	True
20260706	0.1	20raw	2.5	mid_tier	0.005	9866	10	3	0	0	0	0.0	0.0	0.0	0.0	True
20260706	0.1	20raw	2.5	frontier_gpt4	0.03	9866	10	3	0	0	0	0.0	0.0	0.0	0.0	True
20260706	0.1	20raw	3.0	cheap_heuristic	0.0001	9866	10	3	0	0	0	0.0	0.0	0.0	0.0	True
20260706	0.1	20raw	3.0	small_open	0.0006	9866	10	3	0	0	0	0.0	0.0	0.0	0.0	True
20260706	0.1	20raw	3.0	iter120_default	0.001	9866	10	3	0	0	0	0.0	0.0	0.0	0.0	True
20260706	0.1	20raw	3.0	mid_tier	0.005	9866	10	3	0	0	0	0.0	0.0	0.0	0.0	True
20260706	0.1	20raw	3.0	frontier_gpt4	0.03	9866	10	3	0	0	0	0.0	0.0	0.0	0.0	True
20260706	0.1	20raw+minmax	0.0	cheap_heuristic	0.0001	9866	10	2	6	4934	4940	0.75	0.0012145748987854252	0.08233333333333334	300.0	True
20260706	0.1	20raw+minmax	0.0	small_open	0.0006	9866	10	2	6	4934	4940	0.75	0.0012145748987854252	0.49399999999999994	300.0	True
20260706	0.1	20raw+minmax	0.0	iter120_default	0.001	9866	10	2	6	4934	4940	0.75	0.0012145748987854252	0.8233333333333334	300.0	True
20260706	0.1	20raw+minmax	0.0	mid_tier	0.005	9866	10	2	6	4934	4940	0.75	0.0012145748987854252	4.116666666666666	300.0	True
20260706	0.1	20raw+minmax	0.0	frontier_gpt4	0.03	9866	10	2	6	4934	4940	0.75	0.0012145748987854252	24.7	300.0	True
20260706	0.1	20raw+minmax	0.5	cheap_heuristic	0.0001	9866	10	2	3	1606	1609	0.375	0.0018645121193287756	0.05363333333333334	150.0	True
20260706	0.1	20raw+minmax	0.5	small_open	0.0006	9866	10	2	3	1606	1609	0.375	0.0018645121193287756	0.3218	150.0	True
20260706	0.1	20raw+minmax	0.5	iter120_default	0.001	9866	10	2	3	1606	1609	0.375	0.0018645121193287756	0.5363333333333333	150.0	True
20260706	0.1	20raw+minmax	0.5	mid_tier	0.005	9866	10	2	3	1606	1609	0.375	0.0018645121193287756	2.6816666666666666	150.0	True
20260706	0.1	20raw+minmax	0.5	frontier_gpt4	0.03	9866	10	2	3	1606	1609	0.375	0.0018645121193287756	16.09	150.0	True
20260706	0.1	20raw+minmax	1.0	cheap_heuristic	0.0001	9866	10	2	1	295	296	0.125	0.0033783783783783786	0.0296	50.0	True
20260706	0.1	20raw+minmax	1.0	small_open	0.0006	9866	10	2	1	295	296	0.125	0.0033783783783783786	0.17759999999999998	50.0	True
20260706	0.1	20raw+minmax	1.0	iter120_default	0.001	9866	10	2	1	295	296	0.125	0.0033783783783783786	0.296	50.0	True
20260706	0.1	20raw+minmax	1.0	mid_tier	0.005	9866	10	2	1	295	296	0.125	0.0033783783783783786	1.48	50.0	True
20260706	0.1	20raw+minmax	1.0	frontier_gpt4	0.03	9866	10	2	1	295	296	0.125	0.0033783783783783786	8.879999999999999	50.0	True
20260706	0.1	20raw+minmax	1.5	cheap_heuristic	0.0001	9866	10	2	0	24	24	0.0	0.0	0.0024000000000000002	0.0	True
20260706	0.1	20raw+minmax	1.5	small_open	0.0006	9866	10	2	0	24	24	0.0	0.0	0.0144	0.0	True
20260706	0.1	20raw+minmax	1.5	iter120_default	0.001	9866	10	2	0	24	24	0.0	0.0	0.024	0.0	True
20260706	0.1	20raw+minmax	1.5	mid_tier	0.005	9866	10	2	0	24	24	0.0	0.0	0.12	0.0	True
20260706	0.1	20raw+minmax	1.5	frontier_gpt4	0.03	9866	10	2	0	24	24	0.0	0.0	0.72	0.0	True
20260706	0.1	20raw+minmax	2.0	cheap_heuristic	0.0001	9866	10	2	0	0	0	0.0	0.0	0.0	0.0	True
20260706	0.1	20raw+minmax	2.0	small_open	0.0006	9866	10	2	0	0	0	0.0	0.0	0.0	0.0	True
20260706	0.1	20raw+minmax	2.0	iter120_default	0.001	9866	10	2	0	0	0	0.0	0.0	0.0	0.0	True
20260706	0.1	20raw+minmax	2.0	mid_tier	0.005	9866	10	2	0	0	0	0.0	0.0	0.0	0.0	True
20260706	0.1	20raw+minmax	2.0	frontier_gpt4	0.03	9866	10	2	0	0	0	0.0	0.0	0.0	0.0	True
20260706	0.1	20raw+minmax	2.5	cheap_heuristic	0.0001	9866	10	2	0	0	0	0.0	0.0	0.0	0.0	True
20260706	0.1	20raw+minmax	2.5	small_open	0.0006	9866	10	2	0	0	0	0.0	0.0	0.0	0.0	True
20260706	0.1	20raw+minmax	2.5	iter120_default	0.001	9866	10	2	0	0	0	0.0	0.0	0.0	0.0	True
20260706	0.1	20raw+minmax	2.5	mid_tier	0.005	9866	10	2	0	0	0	0.0	0.0	0.0	0.0	True
20260706	0.1	20raw+minmax	2.5	frontier_gpt4	0.03	9866	10	2	0	0	0	0.0	0.0	0.0	0.0	True
20260706	0.1	20raw+minmax	3.0	cheap_heuristic	0.0001	9866	10	2	0	0	0	0.0	0.0	0.0	0.0	True
20260706	0.1	20raw+minmax	3.0	small_open	0.0006	9866	10	2	0	0	0	0.0	0.0	0.0	0.0	True
20260706	0.1	20raw+minmax	3.0	iter120_default	0.001	9866	10	2	0	0	0	0.0	0.0	0.0	0.0	True
20260706	0.1	20raw+minmax	3.0	mid_tier	0.005	9866	10	2	0	0	0	0.0	0.0	0.0	0.0	True
20260706	0.1	20raw+minmax	3.0	frontier_gpt4	0.03	9866	10	2	0	0	0	0.0	0.0	0.0	0.0	True
20260706	0.1	20raw+stat	0.0	cheap_heuristic	0.0001	9866	10	2	6	4915	4921	0.75	0.001219264377159114	0.08201666666666667	300.0	True
20260706	0.1	20raw+stat	0.0	small_open	0.0006	9866	10	2	6	4915	4921	0.75	0.001219264377159114	0.4921	300.0	True
20260706	0.1	20raw+stat	0.0	iter120_default	0.001	9866	10	2	6	4915	4921	0.75	0.001219264377159114	0.8201666666666667	300.0	True
20260706	0.1	20raw+stat	0.0	mid_tier	0.005	9866	10	2	6	4915	4921	0.75	0.001219264377159114	4.100833333333333	300.0	True
20260706	0.1	20raw+stat	0.0	frontier_gpt4	0.03	9866	10	2	6	4915	4921	0.75	0.001219264377159114	24.605	300.0	True
20260706	0.1	20raw+stat	0.5	cheap_heuristic	0.0001	9866	10	2	3	1609	1612	0.375	0.0018610421836228288	0.053733333333333334	150.0	True
20260706	0.1	20raw+stat	0.5	small_open	0.0006	9866	10	2	3	1609	1612	0.375	0.0018610421836228288	0.32239999999999996	150.0	True
20260706	0.1	20raw+stat	0.5	iter120_default	0.001	9866	10	2	3	1609	1612	0.375	0.0018610421836228288	0.5373333333333333	150.0	True
20260706	0.1	20raw+stat	0.5	mid_tier	0.005	9866	10	2	3	1609	1612	0.375	0.0018610421836228288	2.686666666666667	150.0	True
20260706	0.1	20raw+stat	0.5	frontier_gpt4	0.03	9866	10	2	3	1609	1612	0.375	0.0018610421836228288	16.12	150.0	True
20260706	0.1	20raw+stat	1.0	cheap_heuristic	0.0001	9866	10	2	1	296	297	0.125	0.003367003367003367	0.0297	50.0	True
20260706	0.1	20raw+stat	1.0	small_open	0.0006	9866	10	2	1	296	297	0.125	0.003367003367003367	0.1782	50.0	True
20260706	0.1	20raw+stat	1.0	iter120_default	0.001	9866	10	2	1	296	297	0.125	0.003367003367003367	0.297	50.0	True
20260706	0.1	20raw+stat	1.0	mid_tier	0.005	9866	10	2	1	296	297	0.125	0.003367003367003367	1.485	50.0	True
20260706	0.1	20raw+stat	1.0	frontier_gpt4	0.03	9866	10	2	1	296	297	0.125	0.003367003367003367	8.91	50.0	True
20260706	0.1	20raw+stat	1.5	cheap_heuristic	0.0001	9866	10	2	0	24	24	0.0	0.0	0.0024000000000000002	0.0	True
20260706	0.1	20raw+stat	1.5	small_open	0.0006	9866	10	2	0	24	24	0.0	0.0	0.0144	0.0	True
20260706	0.1	20raw+stat	1.5	iter120_default	0.001	9866	10	2	0	24	24	0.0	0.0	0.024	0.0	True
20260706	0.1	20raw+stat	1.5	mid_tier	0.005	9866	10	2	0	24	24	0.0	0.0	0.12	0.0	True
20260706	0.1	20raw+stat	1.5	frontier_gpt4	0.03	9866	10	2	0	24	24	0.0	0.0	0.72	0.0	True
20260706	0.1	20raw+stat	2.0	cheap_heuristic	0.0001	9866	10	2	0	0	0	0.0	0.0	0.0	0.0	True
20260706	0.1	20raw+stat	2.0	small_open	0.0006	9866	10	2	0	0	0	0.0	0.0	0.0	0.0	True
20260706	0.1	20raw+stat	2.0	iter120_default	0.001	9866	10	2	0	0	0	0.0	0.0	0.0	0.0	True
20260706	0.1	20raw+stat	2.0	mid_tier	0.005	9866	10	2	0	0	0	0.0	0.0	0.0	0.0	True
20260706	0.1	20raw+stat	2.0	frontier_gpt4	0.03	9866	10	2	0	0	0	0.0	0.0	0.0	0.0	True
20260706	0.1	20raw+stat	2.5	cheap_heuristic	0.0001	9866	10	2	0	0	0	0.0	0.0	0.0	0.0	True
20260706	0.1	20raw+stat	2.5	small_open	0.0006	9866	10	2	0	0	0	0.0	0.0	0.0	0.0	True
20260706	0.1	20raw+stat	2.5	iter120_default	0.001	9866	10	2	0	0	0	0.0	0.0	0.0	0.0	True
20260706	0.1	20raw+stat	2.5	mid_tier	0.005	9866	10	2	0	0	0	0.0	0.0	0.0	0.0	True
20260706	0.1	20raw+stat	2.5	frontier_gpt4	0.03	9866	10	2	0	0	0	0.0	0.0	0.0	0.0	True
20260706	0.1	20raw+stat	3.0	cheap_heuristic	0.0001	9866	10	2	0	0	0	0.0	0.0	0.0	0.0	True
20260706	0.1	20raw+stat	3.0	small_open	0.0006	9866	10	2	0	0	0	0.0	0.0	0.0	0.0	True
20260706	0.1	20raw+stat	3.0	iter120_default	0.001	9866	10	2	0	0	0	0.0	0.0	0.0	0.0	True
20260706	0.1	20raw+stat	3.0	mid_tier	0.005	9866	10	2	0	0	0	0.0	0.0	0.0	0.0	True
20260706	0.1	20raw+stat	3.0	frontier_gpt4	0.03	9866	10	2	0	0	0	0.0	0.0	0.0	0.0	True
20260706	0.05	24full	0.0	cheap_heuristic	0.0001	9861	5	4	0	4916	4916	0.0	0.0	0.49160000000000004	0.0	True
20260706	0.05	24full	0.0	small_open	0.0006	9861	5	4	0	4916	4916	0.0	0.0	2.9495999999999998	0.0	True
20260706	0.05	24full	0.0	iter120_default	0.001	9861	5	4	0	4916	4916	0.0	0.0	4.916	0.0	True
20260706	0.05	24full	0.0	mid_tier	0.005	9861	5	4	0	4916	4916	0.0	0.0	24.580000000000002	0.0	True
20260706	0.05	24full	0.0	frontier_gpt4	0.03	9861	5	4	0	4916	4916	0.0	0.0	147.48	0.0	False
20260706	0.05	24full	0.5	cheap_heuristic	0.0001	9861	5	4	0	1613	1613	0.0	0.0	0.1613	0.0	True
20260706	0.05	24full	0.5	small_open	0.0006	9861	5	4	0	1613	1613	0.0	0.0	0.9677999999999999	0.0	True
20260706	0.05	24full	0.5	iter120_default	0.001	9861	5	4	0	1613	1613	0.0	0.0	1.613	0.0	True
20260706	0.05	24full	0.5	mid_tier	0.005	9861	5	4	0	1613	1613	0.0	0.0	8.065	0.0	True
20260706	0.05	24full	0.5	frontier_gpt4	0.03	9861	5	4	0	1613	1613	0.0	0.0	48.39	0.0	True
20260706	0.05	24full	1.0	cheap_heuristic	0.0001	9861	5	4	0	296	296	0.0	0.0	0.0296	0.0	True
20260706	0.05	24full	1.0	small_open	0.0006	9861	5	4	0	296	296	0.0	0.0	0.17759999999999998	0.0	True
20260706	0.05	24full	1.0	iter120_default	0.001	9861	5	4	0	296	296	0.0	0.0	0.296	0.0	True
20260706	0.05	24full	1.0	mid_tier	0.005	9861	5	4	0	296	296	0.0	0.0	1.48	0.0	True
20260706	0.05	24full	1.0	frontier_gpt4	0.03	9861	5	4	0	296	296	0.0	0.0	8.879999999999999	0.0	True
20260706	0.05	24full	1.5	cheap_heuristic	0.0001	9861	5	4	0	24	24	0.0	0.0	0.0024000000000000002	0.0	True
20260706	0.05	24full	1.5	small_open	0.0006	9861	5	4	0	24	24	0.0	0.0	0.0144	0.0	True
20260706	0.05	24full	1.5	iter120_default	0.001	9861	5	4	0	24	24	0.0	0.0	0.024	0.0	True
20260706	0.05	24full	1.5	mid_tier	0.005	9861	5	4	0	24	24	0.0	0.0	0.12	0.0	True
20260706	0.05	24full	1.5	frontier_gpt4	0.03	9861	5	4	0	24	24	0.0	0.0	0.72	0.0	True
20260706	0.05	24full	2.0	cheap_heuristic	0.0001	9861	5	4	0	0	0	0.0	0.0	0.0	0.0	True
20260706	0.05	24full	2.0	small_open	0.0006	9861	5	4	0	0	0	0.0	0.0	0.0	0.0	True
20260706	0.05	24full	2.0	iter120_default	0.001	9861	5	4	0	0	0	0.0	0.0	0.0	0.0	True
20260706	0.05	24full	2.0	mid_tier	0.005	9861	5	4	0	0	0	0.0	0.0	0.0	0.0	True
20260706	0.05	24full	2.0	frontier_gpt4	0.03	9861	5	4	0	0	0	0.0	0.0	0.0	0.0	True
20260706	0.05	24full	2.5	cheap_heuristic	0.0001	9861	5	4	0	0	0	0.0	0.0	0.0	0.0	True
20260706	0.05	24full	2.5	small_open	0.0006	9861	5	4	0	0	0	0.0	0.0	0.0	0.0	True
20260706	0.05	24full	2.5	iter120_default	0.001	9861	5	4	0	0	0	0.0	0.0	0.0	0.0	True
20260706	0.05	24full	2.5	mid_tier	0.005	9861	5	4	0	0	0	0.0	0.0	0.0	0.0	True
20260706	0.05	24full	2.5	frontier_gpt4	0.03	9861	5	4	0	0	0	0.0	0.0	0.0	0.0	True
20260706	0.05	24full	3.0	cheap_heuristic	0.0001	9861	5	4	0	0	0	0.0	0.0	0.0	0.0	True
20260706	0.05	24full	3.0	small_open	0.0006	9861	5	4	0	0	0	0.0	0.0	0.0	0.0	True
20260706	0.05	24full	3.0	iter120_default	0.001	9861	5	4	0	0	0	0.0	0.0	0.0	0.0	True
20260706	0.05	24full	3.0	mid_tier	0.005	9861	5	4	0	0	0	0.0	0.0	0.0	0.0	True
20260706	0.05	24full	3.0	frontier_gpt4	0.03	9861	5	4	0	0	0	0.0	0.0	0.0	0.0	True
20260706	0.05	20raw	0.0	cheap_heuristic	0.0001	9861	5	4	0	4925	4925	0.0	0.0	0.49250000000000005	0.0	True
20260706	0.05	20raw	0.0	small_open	0.0006	9861	5	4	0	4925	4925	0.0	0.0	2.9549999999999996	0.0	True
20260706	0.05	20raw	0.0	iter120_default	0.001	9861	5	4	0	4925	4925	0.0	0.0	4.925	0.0	True
20260706	0.05	20raw	0.0	mid_tier	0.005	9861	5	4	0	4925	4925	0.0	0.0	24.625	0.0	True
20260706	0.05	20raw	0.0	frontier_gpt4	0.03	9861	5	4	0	4925	4925	0.0	0.0	147.75	0.0	False
20260706	0.05	20raw	0.5	cheap_heuristic	0.0001	9861	5	4	0	1602	1602	0.0	0.0	0.1602	0.0	True
20260706	0.05	20raw	0.5	small_open	0.0006	9861	5	4	0	1602	1602	0.0	0.0	0.9611999999999999	0.0	True
20260706	0.05	20raw	0.5	iter120_default	0.001	9861	5	4	0	1602	1602	0.0	0.0	1.602	0.0	True
20260706	0.05	20raw	0.5	mid_tier	0.005	9861	5	4	0	1602	1602	0.0	0.0	8.01	0.0	True
20260706	0.05	20raw	0.5	frontier_gpt4	0.03	9861	5	4	0	1602	1602	0.0	0.0	48.059999999999995	0.0	True
20260706	0.05	20raw	1.0	cheap_heuristic	0.0001	9861	5	4	0	295	295	0.0	0.0	0.029500000000000002	0.0	True
20260706	0.05	20raw	1.0	small_open	0.0006	9861	5	4	0	295	295	0.0	0.0	0.177	0.0	True
20260706	0.05	20raw	1.0	iter120_default	0.001	9861	5	4	0	295	295	0.0	0.0	0.295	0.0	True
20260706	0.05	20raw	1.0	mid_tier	0.005	9861	5	4	0	295	295	0.0	0.0	1.475	0.0	True
20260706	0.05	20raw	1.0	frontier_gpt4	0.03	9861	5	4	0	295	295	0.0	0.0	8.85	0.0	True
20260706	0.05	20raw	1.5	cheap_heuristic	0.0001	9861	5	4	0	24	24	0.0	0.0	0.0024000000000000002	0.0	True
20260706	0.05	20raw	1.5	small_open	0.0006	9861	5	4	0	24	24	0.0	0.0	0.0144	0.0	True
20260706	0.05	20raw	1.5	iter120_default	0.001	9861	5	4	0	24	24	0.0	0.0	0.024	0.0	True
20260706	0.05	20raw	1.5	mid_tier	0.005	9861	5	4	0	24	24	0.0	0.0	0.12	0.0	True
20260706	0.05	20raw	1.5	frontier_gpt4	0.03	9861	5	4	0	24	24	0.0	0.0	0.72	0.0	True
20260706	0.05	20raw	2.0	cheap_heuristic	0.0001	9861	5	4	0	0	0	0.0	0.0	0.0	0.0	True
20260706	0.05	20raw	2.0	small_open	0.0006	9861	5	4	0	0	0	0.0	0.0	0.0	0.0	True
20260706	0.05	20raw	2.0	iter120_default	0.001	9861	5	4	0	0	0	0.0	0.0	0.0	0.0	True
20260706	0.05	20raw	2.0	mid_tier	0.005	9861	5	4	0	0	0	0.0	0.0	0.0	0.0	True
20260706	0.05	20raw	2.0	frontier_gpt4	0.03	9861	5	4	0	0	0	0.0	0.0	0.0	0.0	True
20260706	0.05	20raw	2.5	cheap_heuristic	0.0001	9861	5	4	0	0	0	0.0	0.0	0.0	0.0	True
20260706	0.05	20raw	2.5	small_open	0.0006	9861	5	4	0	0	0	0.0	0.0	0.0	0.0	True
20260706	0.05	20raw	2.5	iter120_default	0.001	9861	5	4	0	0	0	0.0	0.0	0.0	0.0	True
20260706	0.05	20raw	2.5	mid_tier	0.005	9861	5	4	0	0	0	0.0	0.0	0.0	0.0	True
20260706	0.05	20raw	2.5	frontier_gpt4	0.03	9861	5	4	0	0	0	0.0	0.0	0.0	0.0	True
20260706	0.05	20raw	3.0	cheap_heuristic	0.0001	9861	5	4	0	0	0	0.0	0.0	0.0	0.0	True
20260706	0.05	20raw	3.0	small_open	0.0006	9861	5	4	0	0	0	0.0	0.0	0.0	0.0	True
20260706	0.05	20raw	3.0	iter120_default	0.001	9861	5	4	0	0	0	0.0	0.0	0.0	0.0	True
20260706	0.05	20raw	3.0	mid_tier	0.005	9861	5	4	0	0	0	0.0	0.0	0.0	0.0	True
20260706	0.05	20raw	3.0	frontier_gpt4	0.03	9861	5	4	0	0	0	0.0	0.0	0.0	0.0	True
20260706	0.05	20raw+minmax	0.0	cheap_heuristic	0.0001	9861	5	4	0	4935	4935	0.0	0.0	0.49350000000000005	0.0	True
20260706	0.05	20raw+minmax	0.0	small_open	0.0006	9861	5	4	0	4935	4935	0.0	0.0	2.961	0.0	True
20260706	0.05	20raw+minmax	0.0	iter120_default	0.001	9861	5	4	0	4935	4935	0.0	0.0	4.9350000000000005	0.0	True
20260706	0.05	20raw+minmax	0.0	mid_tier	0.005	9861	5	4	0	4935	4935	0.0	0.0	24.675	0.0	True
20260706	0.05	20raw+minmax	0.0	frontier_gpt4	0.03	9861	5	4	0	4935	4935	0.0	0.0	148.04999999999998	0.0	False
20260706	0.05	20raw+minmax	0.5	cheap_heuristic	0.0001	9861	5	4	0	1607	1607	0.0	0.0	0.1607	0.0	True
20260706	0.05	20raw+minmax	0.5	small_open	0.0006	9861	5	4	0	1607	1607	0.0	0.0	0.9642	0.0	True
20260706	0.05	20raw+minmax	0.5	iter120_default	0.001	9861	5	4	0	1607	1607	0.0	0.0	1.607	0.0	True
20260706	0.05	20raw+minmax	0.5	mid_tier	0.005	9861	5	4	0	1607	1607	0.0	0.0	8.035	0.0	True
20260706	0.05	20raw+minmax	0.5	frontier_gpt4	0.03	9861	5	4	0	1607	1607	0.0	0.0	48.21	0.0	True
20260706	0.05	20raw+minmax	1.0	cheap_heuristic	0.0001	9861	5	4	0	295	295	0.0	0.0	0.029500000000000002	0.0	True
20260706	0.05	20raw+minmax	1.0	small_open	0.0006	9861	5	4	0	295	295	0.0	0.0	0.177	0.0	True
20260706	0.05	20raw+minmax	1.0	iter120_default	0.001	9861	5	4	0	295	295	0.0	0.0	0.295	0.0	True
20260706	0.05	20raw+minmax	1.0	mid_tier	0.005	9861	5	4	0	295	295	0.0	0.0	1.475	0.0	True
20260706	0.05	20raw+minmax	1.0	frontier_gpt4	0.03	9861	5	4	0	295	295	0.0	0.0	8.85	0.0	True
20260706	0.05	20raw+minmax	1.5	cheap_heuristic	0.0001	9861	5	4	0	24	24	0.0	0.0	0.0024000000000000002	0.0	True
20260706	0.05	20raw+minmax	1.5	small_open	0.0006	9861	5	4	0	24	24	0.0	0.0	0.0144	0.0	True
20260706	0.05	20raw+minmax	1.5	iter120_default	0.001	9861	5	4	0	24	24	0.0	0.0	0.024	0.0	True
20260706	0.05	20raw+minmax	1.5	mid_tier	0.005	9861	5	4	0	24	24	0.0	0.0	0.12	0.0	True
20260706	0.05	20raw+minmax	1.5	frontier_gpt4	0.03	9861	5	4	0	24	24	0.0	0.0	0.72	0.0	True
20260706	0.05	20raw+minmax	2.0	cheap_heuristic	0.0001	9861	5	4	0	0	0	0.0	0.0	0.0	0.0	True
20260706	0.05	20raw+minmax	2.0	small_open	0.0006	9861	5	4	0	0	0	0.0	0.0	0.0	0.0	True
20260706	0.05	20raw+minmax	2.0	iter120_default	0.001	9861	5	4	0	0	0	0.0	0.0	0.0	0.0	True
20260706	0.05	20raw+minmax	2.0	mid_tier	0.005	9861	5	4	0	0	0	0.0	0.0	0.0	0.0	True
20260706	0.05	20raw+minmax	2.0	frontier_gpt4	0.03	9861	5	4	0	0	0	0.0	0.0	0.0	0.0	True
20260706	0.05	20raw+minmax	2.5	cheap_heuristic	0.0001	9861	5	4	0	0	0	0.0	0.0	0.0	0.0	True
20260706	0.05	20raw+minmax	2.5	small_open	0.0006	9861	5	4	0	0	0	0.0	0.0	0.0	0.0	True
20260706	0.05	20raw+minmax	2.5	iter120_default	0.001	9861	5	4	0	0	0	0.0	0.0	0.0	0.0	True
20260706	0.05	20raw+minmax	2.5	mid_tier	0.005	9861	5	4	0	0	0	0.0	0.0	0.0	0.0	True
20260706	0.05	20raw+minmax	2.5	frontier_gpt4	0.03	9861	5	4	0	0	0	0.0	0.0	0.0	0.0	True
20260706	0.05	20raw+minmax	3.0	cheap_heuristic	0.0001	9861	5	4	0	0	0	0.0	0.0	0.0	0.0	True
20260706	0.05	20raw+minmax	3.0	small_open	0.0006	9861	5	4	0	0	0	0.0	0.0	0.0	0.0	True
20260706	0.05	20raw+minmax	3.0	iter120_default	0.001	9861	5	4	0	0	0	0.0	0.0	0.0	0.0	True
20260706	0.05	20raw+minmax	3.0	mid_tier	0.005	9861	5	4	0	0	0	0.0	0.0	0.0	0.0	True
20260706	0.05	20raw+minmax	3.0	frontier_gpt4	0.03	9861	5	4	0	0	0	0.0	0.0	0.0	0.0	True
20260706	0.05	20raw+stat	0.0	cheap_heuristic	0.0001	9861	5	3	1	4915	4916	0.5	0.0002034174125305126	0.49160000000000004	50.0	True
20260706	0.05	20raw+stat	0.0	small_open	0.0006	9861	5	3	1	4915	4916	0.5	0.0002034174125305126	2.9495999999999998	50.0	True
20260706	0.05	20raw+stat	0.0	iter120_default	0.001	9861	5	3	1	4915	4916	0.5	0.0002034174125305126	4.916	50.0	True
20260706	0.05	20raw+stat	0.0	mid_tier	0.005	9861	5	3	1	4915	4916	0.5	0.0002034174125305126	24.580000000000002	50.0	True
20260706	0.05	20raw+stat	0.0	frontier_gpt4	0.03	9861	5	3	1	4915	4916	0.5	0.0002034174125305126	147.48	50.0	False
20260706	0.05	20raw+stat	0.5	cheap_heuristic	0.0001	9861	5	3	0	1609	1609	0.0	0.0	0.16090000000000002	0.0	True
20260706	0.05	20raw+stat	0.5	small_open	0.0006	9861	5	3	0	1609	1609	0.0	0.0	0.9653999999999999	0.0	True
20260706	0.05	20raw+stat	0.5	iter120_default	0.001	9861	5	3	0	1609	1609	0.0	0.0	1.609	0.0	True
20260706	0.05	20raw+stat	0.5	mid_tier	0.005	9861	5	3	0	1609	1609	0.0	0.0	8.045	0.0	True
20260706	0.05	20raw+stat	0.5	frontier_gpt4	0.03	9861	5	3	0	1609	1609	0.0	0.0	48.269999999999996	0.0	True
20260706	0.05	20raw+stat	1.0	cheap_heuristic	0.0001	9861	5	3	0	296	296	0.0	0.0	0.0296	0.0	True
20260706	0.05	20raw+stat	1.0	small_open	0.0006	9861	5	3	0	296	296	0.0	0.0	0.17759999999999998	0.0	True
20260706	0.05	20raw+stat	1.0	iter120_default	0.001	9861	5	3	0	296	296	0.0	0.0	0.296	0.0	True
20260706	0.05	20raw+stat	1.0	mid_tier	0.005	9861	5	3	0	296	296	0.0	0.0	1.48	0.0	True
20260706	0.05	20raw+stat	1.0	frontier_gpt4	0.03	9861	5	3	0	296	296	0.0	0.0	8.879999999999999	0.0	True
20260706	0.05	20raw+stat	1.5	cheap_heuristic	0.0001	9861	5	3	0	24	24	0.0	0.0	0.0024000000000000002	0.0	True
20260706	0.05	20raw+stat	1.5	small_open	0.0006	9861	5	3	0	24	24	0.0	0.0	0.0144	0.0	True
20260706	0.05	20raw+stat	1.5	iter120_default	0.001	9861	5	3	0	24	24	0.0	0.0	0.024	0.0	True
20260706	0.05	20raw+stat	1.5	mid_tier	0.005	9861	5	3	0	24	24	0.0	0.0	0.12	0.0	True
20260706	0.05	20raw+stat	1.5	frontier_gpt4	0.03	9861	5	3	0	24	24	0.0	0.0	0.72	0.0	True
20260706	0.05	20raw+stat	2.0	cheap_heuristic	0.0001	9861	5	3	0	0	0	0.0	0.0	0.0	0.0	True
20260706	0.05	20raw+stat	2.0	small_open	0.0006	9861	5	3	0	0	0	0.0	0.0	0.0	0.0	True
20260706	0.05	20raw+stat	2.0	iter120_default	0.001	9861	5	3	0	0	0	0.0	0.0	0.0	0.0	True
20260706	0.05	20raw+stat	2.0	mid_tier	0.005	9861	5	3	0	0	0	0.0	0.0	0.0	0.0	True
20260706	0.05	20raw+stat	2.0	frontier_gpt4	0.03	9861	5	3	0	0	0	0.0	0.0	0.0	0.0	True
20260706	0.05	20raw+stat	2.5	cheap_heuristic	0.0001	9861	5	3	0	0	0	0.0	0.0	0.0	0.0	True
20260706	0.05	20raw+stat	2.5	small_open	0.0006	9861	5	3	0	0	0	0.0	0.0	0.0	0.0	True
20260706	0.05	20raw+stat	2.5	iter120_default	0.001	9861	5	3	0	0	0	0.0	0.0	0.0	0.0	True
20260706	0.05	20raw+stat	2.5	mid_tier	0.005	9861	5	3	0	0	0	0.0	0.0	0.0	0.0	True
20260706	0.05	20raw+stat	2.5	frontier_gpt4	0.03	9861	5	3	0	0	0	0.0	0.0	0.0	0.0	True
20260706	0.05	20raw+stat	3.0	cheap_heuristic	0.0001	9861	5	3	0	0	0	0.0	0.0	0.0	0.0	True
20260706	0.05	20raw+stat	3.0	small_open	0.0006	9861	5	3	0	0	0	0.0	0.0	0.0	0.0	True
20260706	0.05	20raw+stat	3.0	iter120_default	0.001	9861	5	3	0	0	0	0.0	0.0	0.0	0.0	True
20260706	0.05	20raw+stat	3.0	mid_tier	0.005	9861	5	3	0	0	0	0.0	0.0	0.0	0.0	True
20260706	0.05	20raw+stat	3.0	frontier_gpt4	0.03	9861	5	3	0	0	0	0.0	0.0	0.0	0.0	True
20260708	1.44	24full	0.0	cheap_heuristic	0.0001	10000	144	49	54	4944	4998	0.5684210526315789	0.010804321728691477	0.009255555555555557	2700.0	True
20260708	1.44	24full	0.0	small_open	0.0006	10000	144	49	54	4944	4998	0.5684210526315789	0.010804321728691477	0.05553333333333333	2700.0	True
20260708	1.44	24full	0.0	iter120_default	0.001	10000	144	49	54	4944	4998	0.5684210526315789	0.010804321728691477	0.09255555555555556	2700.0	True
20260708	1.44	24full	0.0	mid_tier	0.005	10000	144	49	54	4944	4998	0.5684210526315789	0.010804321728691477	0.4627777777777778	2700.0	True
20260708	1.44	24full	0.0	frontier_gpt4	0.03	10000	144	49	54	4944	4998	0.5684210526315789	0.010804321728691477	2.776666666666667	2700.0	True
20260708	1.44	24full	0.5	cheap_heuristic	0.0001	10000	144	49	14	1618	1632	0.14736842105263157	0.00857843137254902	0.011657142857142857	700.0	True
20260708	1.44	24full	0.5	small_open	0.0006	10000	144	49	14	1618	1632	0.14736842105263157	0.00857843137254902	0.06994285714285714	700.0	True
20260708	1.44	24full	0.5	iter120_default	0.001	10000	144	49	14	1618	1632	0.14736842105263157	0.00857843137254902	0.11657142857142858	700.0	True
20260708	1.44	24full	0.5	mid_tier	0.005	10000	144	49	14	1618	1632	0.14736842105263157	0.00857843137254902	0.5828571428571429	700.0	True
20260708	1.44	24full	0.5	frontier_gpt4	0.03	10000	144	49	14	1618	1632	0.14736842105263157	0.00857843137254902	3.4971428571428573	700.0	True
20260708	1.44	24full	1.0	cheap_heuristic	0.0001	10000	144	49	3	297	300	0.031578947368421054	0.01	0.01	150.0	True
20260708	1.44	24full	1.0	small_open	0.0006	10000	144	49	3	297	300	0.031578947368421054	0.01	0.06	150.0	True
20260708	1.44	24full	1.0	iter120_default	0.001	10000	144	49	3	297	300	0.031578947368421054	0.01	0.09999999999999999	150.0	True
20260708	1.44	24full	1.0	mid_tier	0.005	10000	144	49	3	297	300	0.031578947368421054	0.01	0.5	150.0	True
20260708	1.44	24full	1.0	frontier_gpt4	0.03	10000	144	49	3	297	300	0.031578947368421054	0.01	3.0	150.0	True
20260708	1.44	24full	1.5	cheap_heuristic	0.0001	10000	144	49	0	24	24	0.0	0.0	0.0024000000000000002	0.0	True
20260708	1.44	24full	1.5	small_open	0.0006	10000	144	49	0	24	24	0.0	0.0	0.0144	0.0	True
20260708	1.44	24full	1.5	iter120_default	0.001	10000	144	49	0	24	24	0.0	0.0	0.024	0.0	True
20260708	1.44	24full	1.5	mid_tier	0.005	10000	144	49	0	24	24	0.0	0.0	0.12	0.0	True
20260708	1.44	24full	1.5	frontier_gpt4	0.03	10000	144	49	0	24	24	0.0	0.0	0.72	0.0	True
20260708	1.44	24full	2.0	cheap_heuristic	0.0001	10000	144	49	0	0	0	0.0	0.0	0.0	0.0	True
20260708	1.44	24full	2.0	small_open	0.0006	10000	144	49	0	0	0	0.0	0.0	0.0	0.0	True
20260708	1.44	24full	2.0	iter120_default	0.001	10000	144	49	0	0	0	0.0	0.0	0.0	0.0	True
20260708	1.44	24full	2.0	mid_tier	0.005	10000	144	49	0	0	0	0.0	0.0	0.0	0.0	True
20260708	1.44	24full	2.0	frontier_gpt4	0.03	10000	144	49	0	0	0	0.0	0.0	0.0	0.0	True
20260708	1.44	24full	2.5	cheap_heuristic	0.0001	10000	144	49	0	0	0	0.0	0.0	0.0	0.0	True
20260708	1.44	24full	2.5	small_open	0.0006	10000	144	49	0	0	0	0.0	0.0	0.0	0.0	True
20260708	1.44	24full	2.5	iter120_default	0.001	10000	144	49	0	0	0	0.0	0.0	0.0	0.0	True
20260708	1.44	24full	2.5	mid_tier	0.005	10000	144	49	0	0	0	0.0	0.0	0.0	0.0	True
20260708	1.44	24full	2.5	frontier_gpt4	0.03	10000	144	49	0	0	0	0.0	0.0	0.0	0.0	True
20260708	1.44	24full	3.0	cheap_heuristic	0.0001	10000	144	49	0	0	0	0.0	0.0	0.0	0.0	True
20260708	1.44	24full	3.0	small_open	0.0006	10000	144	49	0	0	0	0.0	0.0	0.0	0.0	True
20260708	1.44	24full	3.0	iter120_default	0.001	10000	144	49	0	0	0	0.0	0.0	0.0	0.0	True
20260708	1.44	24full	3.0	mid_tier	0.005	10000	144	49	0	0	0	0.0	0.0	0.0	0.0	True
20260708	1.44	24full	3.0	frontier_gpt4	0.03	10000	144	49	0	0	0	0.0	0.0	0.0	0.0	True
20260708	1.44	20raw	0.0	cheap_heuristic	0.0001	10000	144	47	53	4954	5007	0.5463917525773195	0.010585180746954264	0.009447169811320755	2650.0	True
20260708	1.44	20raw	0.0	small_open	0.0006	10000	144	47	53	4954	5007	0.5463917525773195	0.010585180746954264	0.05668301886792452	2650.0	True
20260708	1.44	20raw	0.0	iter120_default	0.001	10000	144	47	53	4954	5007	0.5463917525773195	0.010585180746954264	0.09447169811320755	2650.0	True
20260708	1.44	20raw	0.0	mid_tier	0.005	10000	144	47	53	4954	5007	0.5463917525773195	0.010585180746954264	0.47235849056603774	2650.0	True
20260708	1.44	20raw	0.0	frontier_gpt4	0.03	10000	144	47	53	4954	5007	0.5463917525773195	0.010585180746954264	2.8341509433962266	2650.0	True
20260708	1.44	20raw	0.5	cheap_heuristic	0.0001	10000	144	47	14	1613	1627	0.14432989690721648	0.008604794099569761	0.011621428571428572	700.0	True
20260708	1.44	20raw	0.5	small_open	0.0006	10000	144	47	14	1613	1627	0.14432989690721648	0.008604794099569761	0.06972857142857143	700.0	True
20260708	1.44	20raw	0.5	iter120_default	0.001	10000	144	47	14	1613	1627	0.14432989690721648	0.008604794099569761	0.11621428571428571	700.0	True
20260708	1.44	20raw	0.5	mid_tier	0.005	10000	144	47	14	1613	1627	0.14432989690721648	0.008604794099569761	0.5810714285714286	700.0	True
20260708	1.44	20raw	0.5	frontier_gpt4	0.03	10000	144	47	14	1613	1627	0.14432989690721648	0.008604794099569761	3.486428571428571	700.0	True
20260708	1.44	20raw	1.0	cheap_heuristic	0.0001	10000	144	47	3	296	299	0.030927835051546393	0.010033444816053512	0.009966666666666667	150.0	True
20260708	1.44	20raw	1.0	small_open	0.0006	10000	144	47	3	296	299	0.030927835051546393	0.010033444816053512	0.05979999999999999	150.0	True
20260708	1.44	20raw	1.0	iter120_default	0.001	10000	144	47	3	296	299	0.030927835051546393	0.010033444816053512	0.09966666666666667	150.0	True
20260708	1.44	20raw	1.0	mid_tier	0.005	10000	144	47	3	296	299	0.030927835051546393	0.010033444816053512	0.49833333333333335	150.0	True
20260708	1.44	20raw	1.0	frontier_gpt4	0.03	10000	144	47	3	296	299	0.030927835051546393	0.010033444816053512	2.9899999999999998	150.0	True
20260708	1.44	20raw	1.5	cheap_heuristic	0.0001	10000	144	47	0	24	24	0.0	0.0	0.0024000000000000002	0.0	True
20260708	1.44	20raw	1.5	small_open	0.0006	10000	144	47	0	24	24	0.0	0.0	0.0144	0.0	True
20260708	1.44	20raw	1.5	iter120_default	0.001	10000	144	47	0	24	24	0.0	0.0	0.024	0.0	True
20260708	1.44	20raw	1.5	mid_tier	0.005	10000	144	47	0	24	24	0.0	0.0	0.12	0.0	True
20260708	1.44	20raw	1.5	frontier_gpt4	0.03	10000	144	47	0	24	24	0.0	0.0	0.72	0.0	True
20260708	1.44	20raw	2.0	cheap_heuristic	0.0001	10000	144	47	0	0	0	0.0	0.0	0.0	0.0	True
20260708	1.44	20raw	2.0	small_open	0.0006	10000	144	47	0	0	0	0.0	0.0	0.0	0.0	True
20260708	1.44	20raw	2.0	iter120_default	0.001	10000	144	47	0	0	0	0.0	0.0	0.0	0.0	True
20260708	1.44	20raw	2.0	mid_tier	0.005	10000	144	47	0	0	0	0.0	0.0	0.0	0.0	True
20260708	1.44	20raw	2.0	frontier_gpt4	0.03	10000	144	47	0	0	0	0.0	0.0	0.0	0.0	True
20260708	1.44	20raw	2.5	cheap_heuristic	0.0001	10000	144	47	0	0	0	0.0	0.0	0.0	0.0	True
20260708	1.44	20raw	2.5	small_open	0.0006	10000	144	47	0	0	0	0.0	0.0	0.0	0.0	True
20260708	1.44	20raw	2.5	iter120_default	0.001	10000	144	47	0	0	0	0.0	0.0	0.0	0.0	True
20260708	1.44	20raw	2.5	mid_tier	0.005	10000	144	47	0	0	0	0.0	0.0	0.0	0.0	True
20260708	1.44	20raw	2.5	frontier_gpt4	0.03	10000	144	47	0	0	0	0.0	0.0	0.0	0.0	True
20260708	1.44	20raw	3.0	cheap_heuristic	0.0001	10000	144	47	0	0	0	0.0	0.0	0.0	0.0	True
20260708	1.44	20raw	3.0	small_open	0.0006	10000	144	47	0	0	0	0.0	0.0	0.0	0.0	True
20260708	1.44	20raw	3.0	iter120_default	0.001	10000	144	47	0	0	0	0.0	0.0	0.0	0.0	True
20260708	1.44	20raw	3.0	mid_tier	0.005	10000	144	47	0	0	0	0.0	0.0	0.0	0.0	True
20260708	1.44	20raw	3.0	frontier_gpt4	0.03	10000	144	47	0	0	0	0.0	0.0	0.0	0.0	True
20260708	1.44	20raw+minmax	0.0	cheap_heuristic	0.0001	10000	144	55	49	4951	5000	0.550561797752809	0.0098	0.01020408163265306	2450.0	True
20260708	1.44	20raw+minmax	0.0	small_open	0.0006	10000	144	55	49	4951	5000	0.550561797752809	0.0098	0.06122448979591836	2450.0	True
20260708	1.44	20raw+minmax	0.0	iter120_default	0.001	10000	144	55	49	4951	5000	0.550561797752809	0.0098	0.10204081632653061	2450.0	True
20260708	1.44	20raw+minmax	0.0	mid_tier	0.005	10000	144	55	49	4951	5000	0.550561797752809	0.0098	0.5102040816326531	2450.0	True
20260708	1.44	20raw+minmax	0.0	frontier_gpt4	0.03	10000	144	55	49	4951	5000	0.550561797752809	0.0098	3.061224489795918	2450.0	True
20260708	1.44	20raw+minmax	0.5	cheap_heuristic	0.0001	10000	144	55	14	1611	1625	0.15730337078651685	0.008615384615384615	0.011607142857142858	700.0	True
20260708	1.44	20raw+minmax	0.5	small_open	0.0006	10000	144	55	14	1611	1625	0.15730337078651685	0.008615384615384615	0.06964285714285713	700.0	True
20260708	1.44	20raw+minmax	0.5	iter120_default	0.001	10000	144	55	14	1611	1625	0.15730337078651685	0.008615384615384615	0.11607142857142858	700.0	True
20260708	1.44	20raw+minmax	0.5	mid_tier	0.005	10000	144	55	14	1611	1625	0.15730337078651685	0.008615384615384615	0.5803571428571429	700.0	True
20260708	1.44	20raw+minmax	0.5	frontier_gpt4	0.03	10000	144	55	14	1611	1625	0.15730337078651685	0.008615384615384615	3.482142857142857	700.0	True
20260708	1.44	20raw+minmax	1.0	cheap_heuristic	0.0001	10000	144	55	3	295	298	0.033707865168539325	0.010067114093959731	0.009933333333333334	150.0	True
20260708	1.44	20raw+minmax	1.0	small_open	0.0006	10000	144	55	3	295	298	0.033707865168539325	0.010067114093959731	0.05959999999999999	150.0	True
20260708	1.44	20raw+minmax	1.0	iter120_default	0.001	10000	144	55	3	295	298	0.033707865168539325	0.010067114093959731	0.09933333333333333	150.0	True
20260708	1.44	20raw+minmax	1.0	mid_tier	0.005	10000	144	55	3	295	298	0.033707865168539325	0.010067114093959731	0.49666666666666665	150.0	True
20260708	1.44	20raw+minmax	1.0	frontier_gpt4	0.03	10000	144	55	3	295	298	0.033707865168539325	0.010067114093959731	2.98	150.0	True
20260708	1.44	20raw+minmax	1.5	cheap_heuristic	0.0001	10000	144	55	0	24	24	0.0	0.0	0.0024000000000000002	0.0	True
20260708	1.44	20raw+minmax	1.5	small_open	0.0006	10000	144	55	0	24	24	0.0	0.0	0.0144	0.0	True
20260708	1.44	20raw+minmax	1.5	iter120_default	0.001	10000	144	55	0	24	24	0.0	0.0	0.024	0.0	True
20260708	1.44	20raw+minmax	1.5	mid_tier	0.005	10000	144	55	0	24	24	0.0	0.0	0.12	0.0	True
20260708	1.44	20raw+minmax	1.5	frontier_gpt4	0.03	10000	144	55	0	24	24	0.0	0.0	0.72	0.0	True
20260708	1.44	20raw+minmax	2.0	cheap_heuristic	0.0001	10000	144	55	0	0	0	0.0	0.0	0.0	0.0	True
20260708	1.44	20raw+minmax	2.0	small_open	0.0006	10000	144	55	0	0	0	0.0	0.0	0.0	0.0	True
20260708	1.44	20raw+minmax	2.0	iter120_default	0.001	10000	144	55	0	0	0	0.0	0.0	0.0	0.0	True
20260708	1.44	20raw+minmax	2.0	mid_tier	0.005	10000	144	55	0	0	0	0.0	0.0	0.0	0.0	True
20260708	1.44	20raw+minmax	2.0	frontier_gpt4	0.03	10000	144	55	0	0	0	0.0	0.0	0.0	0.0	True
20260708	1.44	20raw+minmax	2.5	cheap_heuristic	0.0001	10000	144	55	0	0	0	0.0	0.0	0.0	0.0	True
20260708	1.44	20raw+minmax	2.5	small_open	0.0006	10000	144	55	0	0	0	0.0	0.0	0.0	0.0	True
20260708	1.44	20raw+minmax	2.5	iter120_default	0.001	10000	144	55	0	0	0	0.0	0.0	0.0	0.0	True
20260708	1.44	20raw+minmax	2.5	mid_tier	0.005	10000	144	55	0	0	0	0.0	0.0	0.0	0.0	True
20260708	1.44	20raw+minmax	2.5	frontier_gpt4	0.03	10000	144	55	0	0	0	0.0	0.0	0.0	0.0	True
20260708	1.44	20raw+minmax	3.0	cheap_heuristic	0.0001	10000	144	55	0	0	0	0.0	0.0	0.0	0.0	True
20260708	1.44	20raw+minmax	3.0	small_open	0.0006	10000	144	55	0	0	0	0.0	0.0	0.0	0.0	True
20260708	1.44	20raw+minmax	3.0	iter120_default	0.001	10000	144	55	0	0	0	0.0	0.0	0.0	0.0	True
20260708	1.44	20raw+minmax	3.0	mid_tier	0.005	10000	144	55	0	0	0	0.0	0.0	0.0	0.0	True
20260708	1.44	20raw+minmax	3.0	frontier_gpt4	0.03	10000	144	55	0	0	0	0.0	0.0	0.0	0.0	True
20260708	1.44	20raw+stat	0.0	cheap_heuristic	0.0001	10000	144	53	51	4947	4998	0.5604395604395604	0.01020408163265306	0.0098	2550.0	True
20260708	1.44	20raw+stat	0.0	small_open	0.0006	10000	144	53	51	4947	4998	0.5604395604395604	0.01020408163265306	0.05879999999999999	2550.0	True
20260708	1.44	20raw+stat	0.0	iter120_default	0.001	10000	144	53	51	4947	4998	0.5604395604395604	0.01020408163265306	0.098	2550.0	True
20260708	1.44	20raw+stat	0.0	mid_tier	0.005	10000	144	53	51	4947	4998	0.5604395604395604	0.01020408163265306	0.49000000000000005	2550.0	True
20260708	1.44	20raw+stat	0.0	frontier_gpt4	0.03	10000	144	53	51	4947	4998	0.5604395604395604	0.01020408163265306	2.94	2550.0	True
20260708	1.44	20raw+stat	0.5	cheap_heuristic	0.0001	10000	144	53	14	1614	1628	0.15384615384615385	0.0085995085995086	0.011628571428571429	700.0	True
20260708	1.44	20raw+stat	0.5	small_open	0.0006	10000	144	53	14	1614	1628	0.15384615384615385	0.0085995085995086	0.06977142857142857	700.0	True
20260708	1.44	20raw+stat	0.5	iter120_default	0.001	10000	144	53	14	1614	1628	0.15384615384615385	0.0085995085995086	0.1162857142857143	700.0	True
20260708	1.44	20raw+stat	0.5	mid_tier	0.005	10000	144	53	14	1614	1628	0.15384615384615385	0.0085995085995086	0.5814285714285715	700.0	True
20260708	1.44	20raw+stat	0.5	frontier_gpt4	0.03	10000	144	53	14	1614	1628	0.15384615384615385	0.0085995085995086	3.4885714285714284	700.0	True
20260708	1.44	20raw+stat	1.0	cheap_heuristic	0.0001	10000	144	53	3	297	300	0.03296703296703297	0.01	0.01	150.0	True
20260708	1.44	20raw+stat	1.0	small_open	0.0006	10000	144	53	3	297	300	0.03296703296703297	0.01	0.06	150.0	True
20260708	1.44	20raw+stat	1.0	iter120_default	0.001	10000	144	53	3	297	300	0.03296703296703297	0.01	0.09999999999999999	150.0	True
20260708	1.44	20raw+stat	1.0	mid_tier	0.005	10000	144	53	3	297	300	0.03296703296703297	0.01	0.5	150.0	True
20260708	1.44	20raw+stat	1.0	frontier_gpt4	0.03	10000	144	53	3	297	300	0.03296703296703297	0.01	3.0	150.0	True
20260708	1.44	20raw+stat	1.5	cheap_heuristic	0.0001	10000	144	53	0	24	24	0.0	0.0	0.0024000000000000002	0.0	True
20260708	1.44	20raw+stat	1.5	small_open	0.0006	10000	144	53	0	24	24	0.0	0.0	0.0144	0.0	True
20260708	1.44	20raw+stat	1.5	iter120_default	0.001	10000	144	53	0	24	24	0.0	0.0	0.024	0.0	True
20260708	1.44	20raw+stat	1.5	mid_tier	0.005	10000	144	53	0	24	24	0.0	0.0	0.12	0.0	True
20260708	1.44	20raw+stat	1.5	frontier_gpt4	0.03	10000	144	53	0	24	24	0.0	0.0	0.72	0.0	True
20260708	1.44	20raw+stat	2.0	cheap_heuristic	0.0001	10000	144	53	0	0	0	0.0	0.0	0.0	0.0	True
20260708	1.44	20raw+stat	2.0	small_open	0.0006	10000	144	53	0	0	0	0.0	0.0	0.0	0.0	True
20260708	1.44	20raw+stat	2.0	iter120_default	0.001	10000	144	53	0	0	0	0.0	0.0	0.0	0.0	True
20260708	1.44	20raw+stat	2.0	mid_tier	0.005	10000	144	53	0	0	0	0.0	0.0	0.0	0.0	True
20260708	1.44	20raw+stat	2.0	frontier_gpt4	0.03	10000	144	53	0	0	0	0.0	0.0	0.0	0.0	True
20260708	1.44	20raw+stat	2.5	cheap_heuristic	0.0001	10000	144	53	0	0	0	0.0	0.0	0.0	0.0	True
20260708	1.44	20raw+stat	2.5	small_open	0.0006	10000	144	53	0	0	0	0.0	0.0	0.0	0.0	True
20260708	1.44	20raw+stat	2.5	iter120_default	0.001	10000	144	53	0	0	0	0.0	0.0	0.0	0.0	True
20260708	1.44	20raw+stat	2.5	mid_tier	0.005	10000	144	53	0	0	0	0.0	0.0	0.0	0.0	True
20260708	1.44	20raw+stat	2.5	frontier_gpt4	0.03	10000	144	53	0	0	0	0.0	0.0	0.0	0.0	True
20260708	1.44	20raw+stat	3.0	cheap_heuristic	0.0001	10000	144	53	0	0	0	0.0	0.0	0.0	0.0	True
20260708	1.44	20raw+stat	3.0	small_open	0.0006	10000	144	53	0	0	0	0.0	0.0	0.0	0.0	True
20260708	1.44	20raw+stat	3.0	iter120_default	0.001	10000	144	53	0	0	0	0.0	0.0	0.0	0.0	True
20260708	1.44	20raw+stat	3.0	mid_tier	0.005	10000	144	53	0	0	0	0.0	0.0	0.0	0.0	True
20260708	1.44	20raw+stat	3.0	frontier_gpt4	0.03	10000	144	53	0	0	0	0.0	0.0	0.0	0.0	True
20260708	1.0	24full	0.0	cheap_heuristic	0.0001	9956	100	33	34	4936	4970	0.5074626865671642	0.006841046277665996	0.014617647058823529	1700.0	True
20260708	1.0	24full	0.0	small_open	0.0006	9956	100	33	34	4936	4970	0.5074626865671642	0.006841046277665996	0.08770588235294118	1700.0	True
20260708	1.0	24full	0.0	iter120_default	0.001	9956	100	33	34	4936	4970	0.5074626865671642	0.006841046277665996	0.1461764705882353	1700.0	True
20260708	1.0	24full	0.0	mid_tier	0.005	9956	100	33	34	4936	4970	0.5074626865671642	0.006841046277665996	0.7308823529411765	1700.0	True
20260708	1.0	24full	0.0	frontier_gpt4	0.03	9956	100	33	34	4936	4970	0.5074626865671642	0.006841046277665996	4.385294117647058	1700.0	True
20260708	1.0	24full	0.5	cheap_heuristic	0.0001	9956	100	33	10	1617	1627	0.14925373134328357	0.006146281499692686	0.01627	500.0	True
20260708	1.0	24full	0.5	small_open	0.0006	9956	100	33	10	1617	1627	0.14925373134328357	0.006146281499692686	0.09762	500.0	True
20260708	1.0	24full	0.5	iter120_default	0.001	9956	100	33	10	1617	1627	0.14925373134328357	0.006146281499692686	0.1627	500.0	True
20260708	1.0	24full	0.5	mid_tier	0.005	9956	100	33	10	1617	1627	0.14925373134328357	0.006146281499692686	0.8135	500.0	True
20260708	1.0	24full	0.5	frontier_gpt4	0.03	9956	100	33	10	1617	1627	0.14925373134328357	0.006146281499692686	4.880999999999999	500.0	True
20260708	1.0	24full	1.0	cheap_heuristic	0.0001	9956	100	33	2	297	299	0.029850746268656716	0.006688963210702341	0.014950000000000001	100.0	True
20260708	1.0	24full	1.0	small_open	0.0006	9956	100	33	2	297	299	0.029850746268656716	0.006688963210702341	0.08969999999999999	100.0	True
20260708	1.0	24full	1.0	iter120_default	0.001	9956	100	33	2	297	299	0.029850746268656716	0.006688963210702341	0.1495	100.0	True
20260708	1.0	24full	1.0	mid_tier	0.005	9956	100	33	2	297	299	0.029850746268656716	0.006688963210702341	0.7475	100.0	True
20260708	1.0	24full	1.0	frontier_gpt4	0.03	9956	100	33	2	297	299	0.029850746268656716	0.006688963210702341	4.484999999999999	100.0	True
20260708	1.0	24full	1.5	cheap_heuristic	0.0001	9956	100	33	0	24	24	0.0	0.0	0.0024000000000000002	0.0	True
20260708	1.0	24full	1.5	small_open	0.0006	9956	100	33	0	24	24	0.0	0.0	0.0144	0.0	True
20260708	1.0	24full	1.5	iter120_default	0.001	9956	100	33	0	24	24	0.0	0.0	0.024	0.0	True
20260708	1.0	24full	1.5	mid_tier	0.005	9956	100	33	0	24	24	0.0	0.0	0.12	0.0	True
20260708	1.0	24full	1.5	frontier_gpt4	0.03	9956	100	33	0	24	24	0.0	0.0	0.72	0.0	True
20260708	1.0	24full	2.0	cheap_heuristic	0.0001	9956	100	33	0	0	0	0.0	0.0	0.0	0.0	True
20260708	1.0	24full	2.0	small_open	0.0006	9956	100	33	0	0	0	0.0	0.0	0.0	0.0	True
20260708	1.0	24full	2.0	iter120_default	0.001	9956	100	33	0	0	0	0.0	0.0	0.0	0.0	True
20260708	1.0	24full	2.0	mid_tier	0.005	9956	100	33	0	0	0	0.0	0.0	0.0	0.0	True
20260708	1.0	24full	2.0	frontier_gpt4	0.03	9956	100	33	0	0	0	0.0	0.0	0.0	0.0	True
20260708	1.0	24full	2.5	cheap_heuristic	0.0001	9956	100	33	0	0	0	0.0	0.0	0.0	0.0	True
20260708	1.0	24full	2.5	small_open	0.0006	9956	100	33	0	0	0	0.0	0.0	0.0	0.0	True
20260708	1.0	24full	2.5	iter120_default	0.001	9956	100	33	0	0	0	0.0	0.0	0.0	0.0	True
20260708	1.0	24full	2.5	mid_tier	0.005	9956	100	33	0	0	0	0.0	0.0	0.0	0.0	True
20260708	1.0	24full	2.5	frontier_gpt4	0.03	9956	100	33	0	0	0	0.0	0.0	0.0	0.0	True
20260708	1.0	24full	3.0	cheap_heuristic	0.0001	9956	100	33	0	0	0	0.0	0.0	0.0	0.0	True
20260708	1.0	24full	3.0	small_open	0.0006	9956	100	33	0	0	0	0.0	0.0	0.0	0.0	True
20260708	1.0	24full	3.0	iter120_default	0.001	9956	100	33	0	0	0	0.0	0.0	0.0	0.0	True
20260708	1.0	24full	3.0	mid_tier	0.005	9956	100	33	0	0	0	0.0	0.0	0.0	0.0	True
20260708	1.0	24full	3.0	frontier_gpt4	0.03	9956	100	33	0	0	0	0.0	0.0	0.0	0.0	True
20260708	1.0	20raw	0.0	cheap_heuristic	0.0001	9956	100	31	36	4944	4980	0.5217391304347826	0.007228915662650603	0.013833333333333333	1800.0	True
20260708	1.0	20raw	0.0	small_open	0.0006	9956	100	31	36	4944	4980	0.5217391304347826	0.007228915662650603	0.08299999999999999	1800.0	True
20260708	1.0	20raw	0.0	iter120_default	0.001	9956	100	31	36	4944	4980	0.5217391304347826	0.007228915662650603	0.13833333333333334	1800.0	True
20260708	1.0	20raw	0.0	mid_tier	0.005	9956	100	31	36	4944	4980	0.5217391304347826	0.007228915662650603	0.6916666666666668	1800.0	True
20260708	1.0	20raw	0.0	frontier_gpt4	0.03	9956	100	31	36	4944	4980	0.5217391304347826	0.007228915662650603	4.15	1800.0	True
20260708	1.0	20raw	0.5	cheap_heuristic	0.0001	9956	100	31	10	1612	1622	0.14492753623188406	0.006165228113440197	0.016220000000000002	500.0	True
20260708	1.0	20raw	0.5	small_open	0.0006	9956	100	31	10	1612	1622	0.14492753623188406	0.006165228113440197	0.09731999999999999	500.0	True
20260708	1.0	20raw	0.5	iter120_default	0.001	9956	100	31	10	1612	1622	0.14492753623188406	0.006165228113440197	0.1622	500.0	True
20260708	1.0	20raw	0.5	mid_tier	0.005	9956	100	31	10	1612	1622	0.14492753623188406	0.006165228113440197	0.8109999999999999	500.0	True
20260708	1.0	20raw	0.5	frontier_gpt4	0.03	9956	100	31	10	1612	1622	0.14492753623188406	0.006165228113440197	4.866	500.0	True
20260708	1.0	20raw	1.0	cheap_heuristic	0.0001	9956	100	31	2	296	298	0.028985507246376812	0.006711409395973154	0.0149	100.0	True
20260708	1.0	20raw	1.0	small_open	0.0006	9956	100	31	2	296	298	0.028985507246376812	0.006711409395973154	0.0894	100.0	True
20260708	1.0	20raw	1.0	iter120_default	0.001	9956	100	31	2	296	298	0.028985507246376812	0.006711409395973154	0.149	100.0	True
20260708	1.0	20raw	1.0	mid_tier	0.005	9956	100	31	2	296	298	0.028985507246376812	0.006711409395973154	0.745	100.0	True
20260708	1.0	20raw	1.0	frontier_gpt4	0.03	9956	100	31	2	296	298	0.028985507246376812	0.006711409395973154	4.47	100.0	True
20260708	1.0	20raw	1.5	cheap_heuristic	0.0001	9956	100	31	0	24	24	0.0	0.0	0.0024000000000000002	0.0	True
20260708	1.0	20raw	1.5	small_open	0.0006	9956	100	31	0	24	24	0.0	0.0	0.0144	0.0	True
20260708	1.0	20raw	1.5	iter120_default	0.001	9956	100	31	0	24	24	0.0	0.0	0.024	0.0	True
20260708	1.0	20raw	1.5	mid_tier	0.005	9956	100	31	0	24	24	0.0	0.0	0.12	0.0	True
20260708	1.0	20raw	1.5	frontier_gpt4	0.03	9956	100	31	0	24	24	0.0	0.0	0.72	0.0	True
20260708	1.0	20raw	2.0	cheap_heuristic	0.0001	9956	100	31	0	0	0	0.0	0.0	0.0	0.0	True
20260708	1.0	20raw	2.0	small_open	0.0006	9956	100	31	0	0	0	0.0	0.0	0.0	0.0	True
20260708	1.0	20raw	2.0	iter120_default	0.001	9956	100	31	0	0	0	0.0	0.0	0.0	0.0	True
20260708	1.0	20raw	2.0	mid_tier	0.005	9956	100	31	0	0	0	0.0	0.0	0.0	0.0	True
20260708	1.0	20raw	2.0	frontier_gpt4	0.03	9956	100	31	0	0	0	0.0	0.0	0.0	0.0	True
20260708	1.0	20raw	2.5	cheap_heuristic	0.0001	9956	100	31	0	0	0	0.0	0.0	0.0	0.0	True
20260708	1.0	20raw	2.5	small_open	0.0006	9956	100	31	0	0	0	0.0	0.0	0.0	0.0	True
20260708	1.0	20raw	2.5	iter120_default	0.001	9956	100	31	0	0	0	0.0	0.0	0.0	0.0	True
20260708	1.0	20raw	2.5	mid_tier	0.005	9956	100	31	0	0	0	0.0	0.0	0.0	0.0	True
20260708	1.0	20raw	2.5	frontier_gpt4	0.03	9956	100	31	0	0	0	0.0	0.0	0.0	0.0	True
20260708	1.0	20raw	3.0	cheap_heuristic	0.0001	9956	100	31	0	0	0	0.0	0.0	0.0	0.0	True
20260708	1.0	20raw	3.0	small_open	0.0006	9956	100	31	0	0	0	0.0	0.0	0.0	0.0	True
20260708	1.0	20raw	3.0	iter120_default	0.001	9956	100	31	0	0	0	0.0	0.0	0.0	0.0	True
20260708	1.0	20raw	3.0	mid_tier	0.005	9956	100	31	0	0	0	0.0	0.0	0.0	0.0	True
20260708	1.0	20raw	3.0	frontier_gpt4	0.03	9956	100	31	0	0	0	0.0	0.0	0.0	0.0	True
20260708	1.0	20raw+minmax	0.0	cheap_heuristic	0.0001	9956	100	39	30	4942	4972	0.4918032786885246	0.006033789219629927	0.016573333333333336	1500.0	True
20260708	1.0	20raw+minmax	0.0	small_open	0.0006	9956	100	39	30	4942	4972	0.4918032786885246	0.006033789219629927	0.09943999999999999	1500.0	True
20260708	1.0	20raw+minmax	0.0	iter120_default	0.001	9956	100	39	30	4942	4972	0.4918032786885246	0.006033789219629927	0.16573333333333334	1500.0	True
20260708	1.0	20raw+minmax	0.0	mid_tier	0.005	9956	100	39	30	4942	4972	0.4918032786885246	0.006033789219629927	0.8286666666666667	1500.0	True
20260708	1.0	20raw+minmax	0.0	frontier_gpt4	0.03	9956	100	39	30	4942	4972	0.4918032786885246	0.006033789219629927	4.9719999999999995	1500.0	True
20260708	1.0	20raw+minmax	0.5	cheap_heuristic	0.0001	9956	100	39	10	1610	1620	0.16393442622950818	0.006172839506172839	0.0162	500.0	True
20260708	1.0	20raw+minmax	0.5	small_open	0.0006	9956	100	39	10	1610	1620	0.16393442622950818	0.006172839506172839	0.09719999999999998	500.0	True
20260708	1.0	20raw+minmax	0.5	iter120_default	0.001	9956	100	39	10	1610	1620	0.16393442622950818	0.006172839506172839	0.162	500.0	True
20260708	1.0	20raw+minmax	0.5	mid_tier	0.005	9956	100	39	10	1610	1620	0.16393442622950818	0.006172839506172839	0.8099999999999999	500.0	True
20260708	1.0	20raw+minmax	0.5	frontier_gpt4	0.03	9956	100	39	10	1610	1620	0.16393442622950818	0.006172839506172839	4.86	500.0	True
20260708	1.0	20raw+minmax	1.0	cheap_heuristic	0.0001	9956	100	39	2	295	297	0.03278688524590164	0.006734006734006734	0.01485	100.0	True
20260708	1.0	20raw+minmax	1.0	small_open	0.0006	9956	100	39	2	295	297	0.03278688524590164	0.006734006734006734	0.0891	100.0	True
20260708	1.0	20raw+minmax	1.0	iter120_default	0.001	9956	100	39	2	295	297	0.03278688524590164	0.006734006734006734	0.1485	100.0	True
20260708	1.0	20raw+minmax	1.0	mid_tier	0.005	9956	100	39	2	295	297	0.03278688524590164	0.006734006734006734	0.7425	100.0	True
20260708	1.0	20raw+minmax	1.0	frontier_gpt4	0.03	9956	100	39	2	295	297	0.03278688524590164	0.006734006734006734	4.455	100.0	True
20260708	1.0	20raw+minmax	1.5	cheap_heuristic	0.0001	9956	100	39	0	24	24	0.0	0.0	0.0024000000000000002	0.0	True
20260708	1.0	20raw+minmax	1.5	small_open	0.0006	9956	100	39	0	24	24	0.0	0.0	0.0144	0.0	True
20260708	1.0	20raw+minmax	1.5	iter120_default	0.001	9956	100	39	0	24	24	0.0	0.0	0.024	0.0	True
20260708	1.0	20raw+minmax	1.5	mid_tier	0.005	9956	100	39	0	24	24	0.0	0.0	0.12	0.0	True
20260708	1.0	20raw+minmax	1.5	frontier_gpt4	0.03	9956	100	39	0	24	24	0.0	0.0	0.72	0.0	True
20260708	1.0	20raw+minmax	2.0	cheap_heuristic	0.0001	9956	100	39	0	0	0	0.0	0.0	0.0	0.0	True
20260708	1.0	20raw+minmax	2.0	small_open	0.0006	9956	100	39	0	0	0	0.0	0.0	0.0	0.0	True
20260708	1.0	20raw+minmax	2.0	iter120_default	0.001	9956	100	39	0	0	0	0.0	0.0	0.0	0.0	True
20260708	1.0	20raw+minmax	2.0	mid_tier	0.005	9956	100	39	0	0	0	0.0	0.0	0.0	0.0	True
20260708	1.0	20raw+minmax	2.0	frontier_gpt4	0.03	9956	100	39	0	0	0	0.0	0.0	0.0	0.0	True
20260708	1.0	20raw+minmax	2.5	cheap_heuristic	0.0001	9956	100	39	0	0	0	0.0	0.0	0.0	0.0	True
20260708	1.0	20raw+minmax	2.5	small_open	0.0006	9956	100	39	0	0	0	0.0	0.0	0.0	0.0	True
20260708	1.0	20raw+minmax	2.5	iter120_default	0.001	9956	100	39	0	0	0	0.0	0.0	0.0	0.0	True
20260708	1.0	20raw+minmax	2.5	mid_tier	0.005	9956	100	39	0	0	0	0.0	0.0	0.0	0.0	True
20260708	1.0	20raw+minmax	2.5	frontier_gpt4	0.03	9956	100	39	0	0	0	0.0	0.0	0.0	0.0	True
20260708	1.0	20raw+minmax	3.0	cheap_heuristic	0.0001	9956	100	39	0	0	0	0.0	0.0	0.0	0.0	True
20260708	1.0	20raw+minmax	3.0	small_open	0.0006	9956	100	39	0	0	0	0.0	0.0	0.0	0.0	True
20260708	1.0	20raw+minmax	3.0	iter120_default	0.001	9956	100	39	0	0	0	0.0	0.0	0.0	0.0	True
20260708	1.0	20raw+minmax	3.0	mid_tier	0.005	9956	100	39	0	0	0	0.0	0.0	0.0	0.0	True
20260708	1.0	20raw+minmax	3.0	frontier_gpt4	0.03	9956	100	39	0	0	0	0.0	0.0	0.0	0.0	True
20260708	1.0	20raw+stat	0.0	cheap_heuristic	0.0001	9956	100	36	33	4938	4971	0.515625	0.006638503319251659	0.015063636363636364	1650.0	True
20260708	1.0	20raw+stat	0.0	small_open	0.0006	9956	100	36	33	4938	4971	0.515625	0.006638503319251659	0.09038181818181817	1650.0	True
20260708	1.0	20raw+stat	0.0	iter120_default	0.001	9956	100	36	33	4938	4971	0.515625	0.006638503319251659	0.15063636363636365	1650.0	True
20260708	1.0	20raw+stat	0.0	mid_tier	0.005	9956	100	36	33	4938	4971	0.515625	0.006638503319251659	0.7531818181818182	1650.0	True
20260708	1.0	20raw+stat	0.0	frontier_gpt4	0.03	9956	100	36	33	4938	4971	0.515625	0.006638503319251659	4.519090909090909	1650.0	True
20260708	1.0	20raw+stat	0.5	cheap_heuristic	0.0001	9956	100	36	10	1614	1624	0.15625	0.006157635467980296	0.01624	500.0	True
20260708	1.0	20raw+stat	0.5	small_open	0.0006	9956	100	36	10	1614	1624	0.15625	0.006157635467980296	0.09744	500.0	True
20260708	1.0	20raw+stat	0.5	iter120_default	0.001	9956	100	36	10	1614	1624	0.15625	0.006157635467980296	0.16240000000000002	500.0	True
20260708	1.0	20raw+stat	0.5	mid_tier	0.005	9956	100	36	10	1614	1624	0.15625	0.006157635467980296	0.812	500.0	True
20260708	1.0	20raw+stat	0.5	frontier_gpt4	0.03	9956	100	36	10	1614	1624	0.15625	0.006157635467980296	4.872	500.0	True
20260708	1.0	20raw+stat	1.0	cheap_heuristic	0.0001	9956	100	36	2	297	299	0.03125	0.006688963210702341	0.014950000000000001	100.0	True
20260708	1.0	20raw+stat	1.0	small_open	0.0006	9956	100	36	2	297	299	0.03125	0.006688963210702341	0.08969999999999999	100.0	True
20260708	1.0	20raw+stat	1.0	iter120_default	0.001	9956	100	36	2	297	299	0.03125	0.006688963210702341	0.1495	100.0	True
20260708	1.0	20raw+stat	1.0	mid_tier	0.005	9956	100	36	2	297	299	0.03125	0.006688963210702341	0.7475	100.0	True
20260708	1.0	20raw+stat	1.0	frontier_gpt4	0.03	9956	100	36	2	297	299	0.03125	0.006688963210702341	4.484999999999999	100.0	True
20260708	1.0	20raw+stat	1.5	cheap_heuristic	0.0001	9956	100	36	0	24	24	0.0	0.0	0.0024000000000000002	0.0	True
20260708	1.0	20raw+stat	1.5	small_open	0.0006	9956	100	36	0	24	24	0.0	0.0	0.0144	0.0	True
20260708	1.0	20raw+stat	1.5	iter120_default	0.001	9956	100	36	0	24	24	0.0	0.0	0.024	0.0	True
20260708	1.0	20raw+stat	1.5	mid_tier	0.005	9956	100	36	0	24	24	0.0	0.0	0.12	0.0	True
20260708	1.0	20raw+stat	1.5	frontier_gpt4	0.03	9956	100	36	0	24	24	0.0	0.0	0.72	0.0	True
20260708	1.0	20raw+stat	2.0	cheap_heuristic	0.0001	9956	100	36	0	0	0	0.0	0.0	0.0	0.0	True
20260708	1.0	20raw+stat	2.0	small_open	0.0006	9956	100	36	0	0	0	0.0	0.0	0.0	0.0	True
20260708	1.0	20raw+stat	2.0	iter120_default	0.001	9956	100	36	0	0	0	0.0	0.0	0.0	0.0	True
20260708	1.0	20raw+stat	2.0	mid_tier	0.005	9956	100	36	0	0	0	0.0	0.0	0.0	0.0	True
20260708	1.0	20raw+stat	2.0	frontier_gpt4	0.03	9956	100	36	0	0	0	0.0	0.0	0.0	0.0	True
20260708	1.0	20raw+stat	2.5	cheap_heuristic	0.0001	9956	100	36	0	0	0	0.0	0.0	0.0	0.0	True
20260708	1.0	20raw+stat	2.5	small_open	0.0006	9956	100	36	0	0	0	0.0	0.0	0.0	0.0	True
20260708	1.0	20raw+stat	2.5	iter120_default	0.001	9956	100	36	0	0	0	0.0	0.0	0.0	0.0	True
20260708	1.0	20raw+stat	2.5	mid_tier	0.005	9956	100	36	0	0	0	0.0	0.0	0.0	0.0	True
20260708	1.0	20raw+stat	2.5	frontier_gpt4	0.03	9956	100	36	0	0	0	0.0	0.0	0.0	0.0	True
20260708	1.0	20raw+stat	3.0	cheap_heuristic	0.0001	9956	100	36	0	0	0	0.0	0.0	0.0	0.0	True
20260708	1.0	20raw+stat	3.0	small_open	0.0006	9956	100	36	0	0	0	0.0	0.0	0.0	0.0	True
20260708	1.0	20raw+stat	3.0	iter120_default	0.001	9956	100	36	0	0	0	0.0	0.0	0.0	0.0	True
20260708	1.0	20raw+stat	3.0	mid_tier	0.005	9956	100	36	0	0	0	0.0	0.0	0.0	0.0	True
20260708	1.0	20raw+stat	3.0	frontier_gpt4	0.03	9956	100	36	0	0	0	0.0	0.0	0.0	0.0	True
20260708	0.5	24full	0.0	cheap_heuristic	0.0001	9906	50	16	16	4928	4944	0.47058823529411764	0.003236245954692557	0.0309	800.0	True
20260708	0.5	24full	0.0	small_open	0.0006	9906	50	16	16	4928	4944	0.47058823529411764	0.003236245954692557	0.18539999999999998	800.0	True
20260708	0.5	24full	0.0	iter120_default	0.001	9906	50	16	16	4928	4944	0.47058823529411764	0.003236245954692557	0.309	800.0	True
20260708	0.5	24full	0.0	mid_tier	0.005	9906	50	16	16	4928	4944	0.47058823529411764	0.003236245954692557	1.545	800.0	True
20260708	0.5	24full	0.0	frontier_gpt4	0.03	9906	50	16	16	4928	4944	0.47058823529411764	0.003236245954692557	9.27	800.0	True
20260708	0.5	24full	0.5	cheap_heuristic	0.0001	9906	50	16	5	1617	1622	0.14705882352941177	0.0030826140567200987	0.032440000000000004	250.0	True
20260708	0.5	24full	0.5	small_open	0.0006	9906	50	16	5	1617	1622	0.14705882352941177	0.0030826140567200987	0.19463999999999998	250.0	True
20260708	0.5	24full	0.5	iter120_default	0.001	9906	50	16	5	1617	1622	0.14705882352941177	0.0030826140567200987	0.3244	250.0	True
20260708	0.5	24full	0.5	mid_tier	0.005	9906	50	16	5	1617	1622	0.14705882352941177	0.0030826140567200987	1.6219999999999999	250.0	True
20260708	0.5	24full	0.5	frontier_gpt4	0.03	9906	50	16	5	1617	1622	0.14705882352941177	0.0030826140567200987	9.732	250.0	True
20260708	0.5	24full	1.0	cheap_heuristic	0.0001	9906	50	16	0	297	297	0.0	0.0	0.0297	0.0	True
20260708	0.5	24full	1.0	small_open	0.0006	9906	50	16	0	297	297	0.0	0.0	0.1782	0.0	True
20260708	0.5	24full	1.0	iter120_default	0.001	9906	50	16	0	297	297	0.0	0.0	0.297	0.0	True
20260708	0.5	24full	1.0	mid_tier	0.005	9906	50	16	0	297	297	0.0	0.0	1.485	0.0	True
20260708	0.5	24full	1.0	frontier_gpt4	0.03	9906	50	16	0	297	297	0.0	0.0	8.91	0.0	True
20260708	0.5	24full	1.5	cheap_heuristic	0.0001	9906	50	16	0	24	24	0.0	0.0	0.0024000000000000002	0.0	True
20260708	0.5	24full	1.5	small_open	0.0006	9906	50	16	0	24	24	0.0	0.0	0.0144	0.0	True
20260708	0.5	24full	1.5	iter120_default	0.001	9906	50	16	0	24	24	0.0	0.0	0.024	0.0	True
20260708	0.5	24full	1.5	mid_tier	0.005	9906	50	16	0	24	24	0.0	0.0	0.12	0.0	True
20260708	0.5	24full	1.5	frontier_gpt4	0.03	9906	50	16	0	24	24	0.0	0.0	0.72	0.0	True
20260708	0.5	24full	2.0	cheap_heuristic	0.0001	9906	50	16	0	0	0	0.0	0.0	0.0	0.0	True
20260708	0.5	24full	2.0	small_open	0.0006	9906	50	16	0	0	0	0.0	0.0	0.0	0.0	True
20260708	0.5	24full	2.0	iter120_default	0.001	9906	50	16	0	0	0	0.0	0.0	0.0	0.0	True
20260708	0.5	24full	2.0	mid_tier	0.005	9906	50	16	0	0	0	0.0	0.0	0.0	0.0	True
20260708	0.5	24full	2.0	frontier_gpt4	0.03	9906	50	16	0	0	0	0.0	0.0	0.0	0.0	True
20260708	0.5	24full	2.5	cheap_heuristic	0.0001	9906	50	16	0	0	0	0.0	0.0	0.0	0.0	True
20260708	0.5	24full	2.5	small_open	0.0006	9906	50	16	0	0	0	0.0	0.0	0.0	0.0	True
20260708	0.5	24full	2.5	iter120_default	0.001	9906	50	16	0	0	0	0.0	0.0	0.0	0.0	True
20260708	0.5	24full	2.5	mid_tier	0.005	9906	50	16	0	0	0	0.0	0.0	0.0	0.0	True
20260708	0.5	24full	2.5	frontier_gpt4	0.03	9906	50	16	0	0	0	0.0	0.0	0.0	0.0	True
20260708	0.5	24full	3.0	cheap_heuristic	0.0001	9906	50	16	0	0	0	0.0	0.0	0.0	0.0	True
20260708	0.5	24full	3.0	small_open	0.0006	9906	50	16	0	0	0	0.0	0.0	0.0	0.0	True
20260708	0.5	24full	3.0	iter120_default	0.001	9906	50	16	0	0	0	0.0	0.0	0.0	0.0	True
20260708	0.5	24full	3.0	mid_tier	0.005	9906	50	16	0	0	0	0.0	0.0	0.0	0.0	True
20260708	0.5	24full	3.0	frontier_gpt4	0.03	9906	50	16	0	0	0	0.0	0.0	0.0	0.0	True
20260708	0.5	20raw	0.0	cheap_heuristic	0.0001	9906	50	15	16	4934	4950	0.45714285714285713	0.0032323232323232323	0.030937500000000003	800.0	True
20260708	0.5	20raw	0.0	small_open	0.0006	9906	50	15	16	4934	4950	0.45714285714285713	0.0032323232323232323	0.18562499999999998	800.0	True
20260708	0.5	20raw	0.0	iter120_default	0.001	9906	50	15	16	4934	4950	0.45714285714285713	0.0032323232323232323	0.309375	800.0	True
20260708	0.5	20raw	0.0	mid_tier	0.005	9906	50	15	16	4934	4950	0.45714285714285713	0.0032323232323232323	1.546875	800.0	True
20260708	0.5	20raw	0.0	frontier_gpt4	0.03	9906	50	15	16	4934	4950	0.45714285714285713	0.0032323232323232323	9.28125	800.0	True
20260708	0.5	20raw	0.5	cheap_heuristic	0.0001	9906	50	15	5	1610	1615	0.14285714285714285	0.0030959752321981426	0.0323	250.0	True
20260708	0.5	20raw	0.5	small_open	0.0006	9906	50	15	5	1610	1615	0.14285714285714285	0.0030959752321981426	0.19379999999999997	250.0	True
20260708	0.5	20raw	0.5	iter120_default	0.001	9906	50	15	5	1610	1615	0.14285714285714285	0.0030959752321981426	0.323	250.0	True
20260708	0.5	20raw	0.5	mid_tier	0.005	9906	50	15	5	1610	1615	0.14285714285714285	0.0030959752321981426	1.6149999999999998	250.0	True
20260708	0.5	20raw	0.5	frontier_gpt4	0.03	9906	50	15	5	1610	1615	0.14285714285714285	0.0030959752321981426	9.69	250.0	True
20260708	0.5	20raw	1.0	cheap_heuristic	0.0001	9906	50	15	0	296	296	0.0	0.0	0.0296	0.0	True
20260708	0.5	20raw	1.0	small_open	0.0006	9906	50	15	0	296	296	0.0	0.0	0.17759999999999998	0.0	True
20260708	0.5	20raw	1.0	iter120_default	0.001	9906	50	15	0	296	296	0.0	0.0	0.296	0.0	True
20260708	0.5	20raw	1.0	mid_tier	0.005	9906	50	15	0	296	296	0.0	0.0	1.48	0.0	True
20260708	0.5	20raw	1.0	frontier_gpt4	0.03	9906	50	15	0	296	296	0.0	0.0	8.879999999999999	0.0	True
20260708	0.5	20raw	1.5	cheap_heuristic	0.0001	9906	50	15	0	24	24	0.0	0.0	0.0024000000000000002	0.0	True
20260708	0.5	20raw	1.5	small_open	0.0006	9906	50	15	0	24	24	0.0	0.0	0.0144	0.0	True
20260708	0.5	20raw	1.5	iter120_default	0.001	9906	50	15	0	24	24	0.0	0.0	0.024	0.0	True
20260708	0.5	20raw	1.5	mid_tier	0.005	9906	50	15	0	24	24	0.0	0.0	0.12	0.0	True
20260708	0.5	20raw	1.5	frontier_gpt4	0.03	9906	50	15	0	24	24	0.0	0.0	0.72	0.0	True
20260708	0.5	20raw	2.0	cheap_heuristic	0.0001	9906	50	15	0	0	0	0.0	0.0	0.0	0.0	True
20260708	0.5	20raw	2.0	small_open	0.0006	9906	50	15	0	0	0	0.0	0.0	0.0	0.0	True
20260708	0.5	20raw	2.0	iter120_default	0.001	9906	50	15	0	0	0	0.0	0.0	0.0	0.0	True
20260708	0.5	20raw	2.0	mid_tier	0.005	9906	50	15	0	0	0	0.0	0.0	0.0	0.0	True
20260708	0.5	20raw	2.0	frontier_gpt4	0.03	9906	50	15	0	0	0	0.0	0.0	0.0	0.0	True
20260708	0.5	20raw	2.5	cheap_heuristic	0.0001	9906	50	15	0	0	0	0.0	0.0	0.0	0.0	True
20260708	0.5	20raw	2.5	small_open	0.0006	9906	50	15	0	0	0	0.0	0.0	0.0	0.0	True
20260708	0.5	20raw	2.5	iter120_default	0.001	9906	50	15	0	0	0	0.0	0.0	0.0	0.0	True
20260708	0.5	20raw	2.5	mid_tier	0.005	9906	50	15	0	0	0	0.0	0.0	0.0	0.0	True
20260708	0.5	20raw	2.5	frontier_gpt4	0.03	9906	50	15	0	0	0	0.0	0.0	0.0	0.0	True
20260708	0.5	20raw	3.0	cheap_heuristic	0.0001	9906	50	15	0	0	0	0.0	0.0	0.0	0.0	True
20260708	0.5	20raw	3.0	small_open	0.0006	9906	50	15	0	0	0	0.0	0.0	0.0	0.0	True
20260708	0.5	20raw	3.0	iter120_default	0.001	9906	50	15	0	0	0	0.0	0.0	0.0	0.0	True
20260708	0.5	20raw	3.0	mid_tier	0.005	9906	50	15	0	0	0	0.0	0.0	0.0	0.0	True
20260708	0.5	20raw	3.0	frontier_gpt4	0.03	9906	50	15	0	0	0	0.0	0.0	0.0	0.0	True
20260708	0.5	20raw+minmax	0.0	cheap_heuristic	0.0001	9906	50	17	15	4927	4942	0.45454545454545453	0.003035208417644678	0.032946666666666666	750.0	True
20260708	0.5	20raw+minmax	0.0	small_open	0.0006	9906	50	17	15	4927	4942	0.45454545454545453	0.003035208417644678	0.19768	750.0	True
20260708	0.5	20raw+minmax	0.0	iter120_default	0.001	9906	50	17	15	4927	4942	0.45454545454545453	0.003035208417644678	0.3294666666666667	750.0	True
20260708	0.5	20raw+minmax	0.0	mid_tier	0.005	9906	50	17	15	4927	4942	0.45454545454545453	0.003035208417644678	1.6473333333333333	750.0	True
20260708	0.5	20raw+minmax	0.0	frontier_gpt4	0.03	9906	50	17	15	4927	4942	0.45454545454545453	0.003035208417644678	9.883999999999999	750.0	True
20260708	0.5	20raw+minmax	0.5	cheap_heuristic	0.0001	9906	50	17	5	1607	1612	0.15151515151515152	0.003101736972704715	0.032240000000000005	250.0	True
20260708	0.5	20raw+minmax	0.5	small_open	0.0006	9906	50	17	5	1607	1612	0.15151515151515152	0.003101736972704715	0.19344	250.0	True
20260708	0.5	20raw+minmax	0.5	iter120_default	0.001	9906	50	17	5	1607	1612	0.15151515151515152	0.003101736972704715	0.3224	250.0	True
20260708	0.5	20raw+minmax	0.5	mid_tier	0.005	9906	50	17	5	1607	1612	0.15151515151515152	0.003101736972704715	1.612	250.0	True
20260708	0.5	20raw+minmax	0.5	frontier_gpt4	0.03	9906	50	17	5	1607	1612	0.15151515151515152	0.003101736972704715	9.672	250.0	True
20260708	0.5	20raw+minmax	1.0	cheap_heuristic	0.0001	9906	50	17	0	295	295	0.0	0.0	0.029500000000000002	0.0	True
20260708	0.5	20raw+minmax	1.0	small_open	0.0006	9906	50	17	0	295	295	0.0	0.0	0.177	0.0	True
20260708	0.5	20raw+minmax	1.0	iter120_default	0.001	9906	50	17	0	295	295	0.0	0.0	0.295	0.0	True
20260708	0.5	20raw+minmax	1.0	mid_tier	0.005	9906	50	17	0	295	295	0.0	0.0	1.475	0.0	True
20260708	0.5	20raw+minmax	1.0	frontier_gpt4	0.03	9906	50	17	0	295	295	0.0	0.0	8.85	0.0	True
20260708	0.5	20raw+minmax	1.5	cheap_heuristic	0.0001	9906	50	17	0	24	24	0.0	0.0	0.0024000000000000002	0.0	True
20260708	0.5	20raw+minmax	1.5	small_open	0.0006	9906	50	17	0	24	24	0.0	0.0	0.0144	0.0	True
20260708	0.5	20raw+minmax	1.5	iter120_default	0.001	9906	50	17	0	24	24	0.0	0.0	0.024	0.0	True
20260708	0.5	20raw+minmax	1.5	mid_tier	0.005	9906	50	17	0	24	24	0.0	0.0	0.12	0.0	True
20260708	0.5	20raw+minmax	1.5	frontier_gpt4	0.03	9906	50	17	0	24	24	0.0	0.0	0.72	0.0	True
20260708	0.5	20raw+minmax	2.0	cheap_heuristic	0.0001	9906	50	17	0	0	0	0.0	0.0	0.0	0.0	True
20260708	0.5	20raw+minmax	2.0	small_open	0.0006	9906	50	17	0	0	0	0.0	0.0	0.0	0.0	True
20260708	0.5	20raw+minmax	2.0	iter120_default	0.001	9906	50	17	0	0	0	0.0	0.0	0.0	0.0	True
20260708	0.5	20raw+minmax	2.0	mid_tier	0.005	9906	50	17	0	0	0	0.0	0.0	0.0	0.0	True
20260708	0.5	20raw+minmax	2.0	frontier_gpt4	0.03	9906	50	17	0	0	0	0.0	0.0	0.0	0.0	True
20260708	0.5	20raw+minmax	2.5	cheap_heuristic	0.0001	9906	50	17	0	0	0	0.0	0.0	0.0	0.0	True
20260708	0.5	20raw+minmax	2.5	small_open	0.0006	9906	50	17	0	0	0	0.0	0.0	0.0	0.0	True
20260708	0.5	20raw+minmax	2.5	iter120_default	0.001	9906	50	17	0	0	0	0.0	0.0	0.0	0.0	True
20260708	0.5	20raw+minmax	2.5	mid_tier	0.005	9906	50	17	0	0	0	0.0	0.0	0.0	0.0	True
20260708	0.5	20raw+minmax	2.5	frontier_gpt4	0.03	9906	50	17	0	0	0	0.0	0.0	0.0	0.0	True
20260708	0.5	20raw+minmax	3.0	cheap_heuristic	0.0001	9906	50	17	0	0	0	0.0	0.0	0.0	0.0	True
20260708	0.5	20raw+minmax	3.0	small_open	0.0006	9906	50	17	0	0	0	0.0	0.0	0.0	0.0	True
20260708	0.5	20raw+minmax	3.0	iter120_default	0.001	9906	50	17	0	0	0	0.0	0.0	0.0	0.0	True
20260708	0.5	20raw+minmax	3.0	mid_tier	0.005	9906	50	17	0	0	0	0.0	0.0	0.0	0.0	True
20260708	0.5	20raw+minmax	3.0	frontier_gpt4	0.03	9906	50	17	0	0	0	0.0	0.0	0.0	0.0	True
20260708	0.5	20raw+stat	0.0	cheap_heuristic	0.0001	9906	50	17	16	4927	4943	0.48484848484848486	0.0032369006676107627	0.03089375	800.0	True
20260708	0.5	20raw+stat	0.0	small_open	0.0006	9906	50	17	16	4927	4943	0.48484848484848486	0.0032369006676107627	0.18536249999999999	800.0	True
20260708	0.5	20raw+stat	0.0	iter120_default	0.001	9906	50	17	16	4927	4943	0.48484848484848486	0.0032369006676107627	0.30893750000000003	800.0	True
20260708	0.5	20raw+stat	0.0	mid_tier	0.005	9906	50	17	16	4927	4943	0.48484848484848486	0.0032369006676107627	1.5446875	800.0	True
20260708	0.5	20raw+stat	0.0	frontier_gpt4	0.03	9906	50	17	16	4927	4943	0.48484848484848486	0.0032369006676107627	9.268125	800.0	True
20260708	0.5	20raw+stat	0.5	cheap_heuristic	0.0001	9906	50	17	5	1612	1617	0.15151515151515152	0.0030921459492888066	0.03234	250.0	True
20260708	0.5	20raw+stat	0.5	small_open	0.0006	9906	50	17	5	1612	1617	0.15151515151515152	0.0030921459492888066	0.19404	250.0	True
20260708	0.5	20raw+stat	0.5	iter120_default	0.001	9906	50	17	5	1612	1617	0.15151515151515152	0.0030921459492888066	0.3234	250.0	True
20260708	0.5	20raw+stat	0.5	mid_tier	0.005	9906	50	17	5	1612	1617	0.15151515151515152	0.0030921459492888066	1.6170000000000002	250.0	True
20260708	0.5	20raw+stat	0.5	frontier_gpt4	0.03	9906	50	17	5	1612	1617	0.15151515151515152	0.0030921459492888066	9.702	250.0	True
20260708	0.5	20raw+stat	1.0	cheap_heuristic	0.0001	9906	50	17	0	297	297	0.0	0.0	0.0297	0.0	True
20260708	0.5	20raw+stat	1.0	small_open	0.0006	9906	50	17	0	297	297	0.0	0.0	0.1782	0.0	True
20260708	0.5	20raw+stat	1.0	iter120_default	0.001	9906	50	17	0	297	297	0.0	0.0	0.297	0.0	True
20260708	0.5	20raw+stat	1.0	mid_tier	0.005	9906	50	17	0	297	297	0.0	0.0	1.485	0.0	True
20260708	0.5	20raw+stat	1.0	frontier_gpt4	0.03	9906	50	17	0	297	297	0.0	0.0	8.91	0.0	True
20260708	0.5	20raw+stat	1.5	cheap_heuristic	0.0001	9906	50	17	0	24	24	0.0	0.0	0.0024000000000000002	0.0	True
20260708	0.5	20raw+stat	1.5	small_open	0.0006	9906	50	17	0	24	24	0.0	0.0	0.0144	0.0	True
20260708	0.5	20raw+stat	1.5	iter120_default	0.001	9906	50	17	0	24	24	0.0	0.0	0.024	0.0	True
20260708	0.5	20raw+stat	1.5	mid_tier	0.005	9906	50	17	0	24	24	0.0	0.0	0.12	0.0	True
20260708	0.5	20raw+stat	1.5	frontier_gpt4	0.03	9906	50	17	0	24	24	0.0	0.0	0.72	0.0	True
20260708	0.5	20raw+stat	2.0	cheap_heuristic	0.0001	9906	50	17	0	0	0	0.0	0.0	0.0	0.0	True
20260708	0.5	20raw+stat	2.0	small_open	0.0006	9906	50	17	0	0	0	0.0	0.0	0.0	0.0	True
20260708	0.5	20raw+stat	2.0	iter120_default	0.001	9906	50	17	0	0	0	0.0	0.0	0.0	0.0	True
20260708	0.5	20raw+stat	2.0	mid_tier	0.005	9906	50	17	0	0	0	0.0	0.0	0.0	0.0	True
20260708	0.5	20raw+stat	2.0	frontier_gpt4	0.03	9906	50	17	0	0	0	0.0	0.0	0.0	0.0	True
20260708	0.5	20raw+stat	2.5	cheap_heuristic	0.0001	9906	50	17	0	0	0	0.0	0.0	0.0	0.0	True
20260708	0.5	20raw+stat	2.5	small_open	0.0006	9906	50	17	0	0	0	0.0	0.0	0.0	0.0	True
20260708	0.5	20raw+stat	2.5	iter120_default	0.001	9906	50	17	0	0	0	0.0	0.0	0.0	0.0	True
20260708	0.5	20raw+stat	2.5	mid_tier	0.005	9906	50	17	0	0	0	0.0	0.0	0.0	0.0	True
20260708	0.5	20raw+stat	2.5	frontier_gpt4	0.03	9906	50	17	0	0	0	0.0	0.0	0.0	0.0	True
20260708	0.5	20raw+stat	3.0	cheap_heuristic	0.0001	9906	50	17	0	0	0	0.0	0.0	0.0	0.0	True
20260708	0.5	20raw+stat	3.0	small_open	0.0006	9906	50	17	0	0	0	0.0	0.0	0.0	0.0	True
20260708	0.5	20raw+stat	3.0	iter120_default	0.001	9906	50	17	0	0	0	0.0	0.0	0.0	0.0	True
20260708	0.5	20raw+stat	3.0	mid_tier	0.005	9906	50	17	0	0	0	0.0	0.0	0.0	0.0	True
20260708	0.5	20raw+stat	3.0	frontier_gpt4	0.03	9906	50	17	0	0	0	0.0	0.0	0.0	0.0	True
20260708	0.1	24full	0.0	cheap_heuristic	0.0001	9866	10	3	4	4921	4925	0.5714285714285714	0.0008121827411167512	0.12312500000000001	200.0	True
20260708	0.1	24full	0.0	small_open	0.0006	9866	10	3	4	4921	4925	0.5714285714285714	0.0008121827411167512	0.7387499999999999	200.0	True
20260708	0.1	24full	0.0	iter120_default	0.001	9866	10	3	4	4921	4925	0.5714285714285714	0.0008121827411167512	1.23125	200.0	True
20260708	0.1	24full	0.0	mid_tier	0.005	9866	10	3	4	4921	4925	0.5714285714285714	0.0008121827411167512	6.15625	200.0	True
20260708	0.1	24full	0.0	frontier_gpt4	0.03	9866	10	3	4	4921	4925	0.5714285714285714	0.0008121827411167512	36.9375	200.0	True
20260708	0.1	24full	0.5	cheap_heuristic	0.0001	9866	10	3	1	1617	1618	0.14285714285714285	0.0006180469715698393	0.1618	50.0	True
20260708	0.1	24full	0.5	small_open	0.0006	9866	10	3	1	1617	1618	0.14285714285714285	0.0006180469715698393	0.9707999999999999	50.0	True
20260708	0.1	24full	0.5	iter120_default	0.001	9866	10	3	1	1617	1618	0.14285714285714285	0.0006180469715698393	1.618	50.0	True
20260708	0.1	24full	0.5	mid_tier	0.005	9866	10	3	1	1617	1618	0.14285714285714285	0.0006180469715698393	8.09	50.0	True
20260708	0.1	24full	0.5	frontier_gpt4	0.03	9866	10	3	1	1617	1618	0.14285714285714285	0.0006180469715698393	48.54	50.0	True
20260708	0.1	24full	1.0	cheap_heuristic	0.0001	9866	10	3	0	297	297	0.0	0.0	0.0297	0.0	True
20260708	0.1	24full	1.0	small_open	0.0006	9866	10	3	0	297	297	0.0	0.0	0.1782	0.0	True
20260708	0.1	24full	1.0	iter120_default	0.001	9866	10	3	0	297	297	0.0	0.0	0.297	0.0	True
20260708	0.1	24full	1.0	mid_tier	0.005	9866	10	3	0	297	297	0.0	0.0	1.485	0.0	True
20260708	0.1	24full	1.0	frontier_gpt4	0.03	9866	10	3	0	297	297	0.0	0.0	8.91	0.0	True
20260708	0.1	24full	1.5	cheap_heuristic	0.0001	9866	10	3	0	24	24	0.0	0.0	0.0024000000000000002	0.0	True
20260708	0.1	24full	1.5	small_open	0.0006	9866	10	3	0	24	24	0.0	0.0	0.0144	0.0	True
20260708	0.1	24full	1.5	iter120_default	0.001	9866	10	3	0	24	24	0.0	0.0	0.024	0.0	True
20260708	0.1	24full	1.5	mid_tier	0.005	9866	10	3	0	24	24	0.0	0.0	0.12	0.0	True
20260708	0.1	24full	1.5	frontier_gpt4	0.03	9866	10	3	0	24	24	0.0	0.0	0.72	0.0	True
20260708	0.1	24full	2.0	cheap_heuristic	0.0001	9866	10	3	0	0	0	0.0	0.0	0.0	0.0	True
20260708	0.1	24full	2.0	small_open	0.0006	9866	10	3	0	0	0	0.0	0.0	0.0	0.0	True
20260708	0.1	24full	2.0	iter120_default	0.001	9866	10	3	0	0	0	0.0	0.0	0.0	0.0	True
20260708	0.1	24full	2.0	mid_tier	0.005	9866	10	3	0	0	0	0.0	0.0	0.0	0.0	True
20260708	0.1	24full	2.0	frontier_gpt4	0.03	9866	10	3	0	0	0	0.0	0.0	0.0	0.0	True
20260708	0.1	24full	2.5	cheap_heuristic	0.0001	9866	10	3	0	0	0	0.0	0.0	0.0	0.0	True
20260708	0.1	24full	2.5	small_open	0.0006	9866	10	3	0	0	0	0.0	0.0	0.0	0.0	True
20260708	0.1	24full	2.5	iter120_default	0.001	9866	10	3	0	0	0	0.0	0.0	0.0	0.0	True
20260708	0.1	24full	2.5	mid_tier	0.005	9866	10	3	0	0	0	0.0	0.0	0.0	0.0	True
20260708	0.1	24full	2.5	frontier_gpt4	0.03	9866	10	3	0	0	0	0.0	0.0	0.0	0.0	True
20260708	0.1	24full	3.0	cheap_heuristic	0.0001	9866	10	3	0	0	0	0.0	0.0	0.0	0.0	True
20260708	0.1	24full	3.0	small_open	0.0006	9866	10	3	0	0	0	0.0	0.0	0.0	0.0	True
20260708	0.1	24full	3.0	iter120_default	0.001	9866	10	3	0	0	0	0.0	0.0	0.0	0.0	True
20260708	0.1	24full	3.0	mid_tier	0.005	9866	10	3	0	0	0	0.0	0.0	0.0	0.0	True
20260708	0.1	24full	3.0	frontier_gpt4	0.03	9866	10	3	0	0	0	0.0	0.0	0.0	0.0	True
20260708	0.1	20raw	0.0	cheap_heuristic	0.0001	9866	10	4	3	4927	4930	0.5	0.0006085192697768763	0.16433333333333336	150.0	True
20260708	0.1	20raw	0.0	small_open	0.0006	9866	10	4	3	4927	4930	0.5	0.0006085192697768763	0.9859999999999999	150.0	True
20260708	0.1	20raw	0.0	iter120_default	0.001	9866	10	4	3	4927	4930	0.5	0.0006085192697768763	1.6433333333333333	150.0	True
20260708	0.1	20raw	0.0	mid_tier	0.005	9866	10	4	3	4927	4930	0.5	0.0006085192697768763	8.216666666666667	150.0	True
20260708	0.1	20raw	0.0	frontier_gpt4	0.03	9866	10	4	3	4927	4930	0.5	0.0006085192697768763	49.300000000000004	150.0	True
20260708	0.1	20raw	0.5	cheap_heuristic	0.0001	9866	10	4	1	1608	1609	0.16666666666666666	0.0006215040397762585	0.16090000000000002	50.0	True
20260708	0.1	20raw	0.5	small_open	0.0006	9866	10	4	1	1608	1609	0.16666666666666666	0.0006215040397762585	0.9653999999999999	50.0	True
20260708	0.1	20raw	0.5	iter120_default	0.001	9866	10	4	1	1608	1609	0.16666666666666666	0.0006215040397762585	1.609	50.0	True
20260708	0.1	20raw	0.5	mid_tier	0.005	9866	10	4	1	1608	1609	0.16666666666666666	0.0006215040397762585	8.045	50.0	True
20260708	0.1	20raw	0.5	frontier_gpt4	0.03	9866	10	4	1	1608	1609	0.16666666666666666	0.0006215040397762585	48.269999999999996	50.0	True
20260708	0.1	20raw	1.0	cheap_heuristic	0.0001	9866	10	4	0	296	296	0.0	0.0	0.0296	0.0	True
20260708	0.1	20raw	1.0	small_open	0.0006	9866	10	4	0	296	296	0.0	0.0	0.17759999999999998	0.0	True
20260708	0.1	20raw	1.0	iter120_default	0.001	9866	10	4	0	296	296	0.0	0.0	0.296	0.0	True
20260708	0.1	20raw	1.0	mid_tier	0.005	9866	10	4	0	296	296	0.0	0.0	1.48	0.0	True
20260708	0.1	20raw	1.0	frontier_gpt4	0.03	9866	10	4	0	296	296	0.0	0.0	8.879999999999999	0.0	True
20260708	0.1	20raw	1.5	cheap_heuristic	0.0001	9866	10	4	0	24	24	0.0	0.0	0.0024000000000000002	0.0	True
20260708	0.1	20raw	1.5	small_open	0.0006	9866	10	4	0	24	24	0.0	0.0	0.0144	0.0	True
20260708	0.1	20raw	1.5	iter120_default	0.001	9866	10	4	0	24	24	0.0	0.0	0.024	0.0	True
20260708	0.1	20raw	1.5	mid_tier	0.005	9866	10	4	0	24	24	0.0	0.0	0.12	0.0	True
20260708	0.1	20raw	1.5	frontier_gpt4	0.03	9866	10	4	0	24	24	0.0	0.0	0.72	0.0	True
20260708	0.1	20raw	2.0	cheap_heuristic	0.0001	9866	10	4	0	0	0	0.0	0.0	0.0	0.0	True
20260708	0.1	20raw	2.0	small_open	0.0006	9866	10	4	0	0	0	0.0	0.0	0.0	0.0	True
20260708	0.1	20raw	2.0	iter120_default	0.001	9866	10	4	0	0	0	0.0	0.0	0.0	0.0	True
20260708	0.1	20raw	2.0	mid_tier	0.005	9866	10	4	0	0	0	0.0	0.0	0.0	0.0	True
20260708	0.1	20raw	2.0	frontier_gpt4	0.03	9866	10	4	0	0	0	0.0	0.0	0.0	0.0	True
20260708	0.1	20raw	2.5	cheap_heuristic	0.0001	9866	10	4	0	0	0	0.0	0.0	0.0	0.0	True
20260708	0.1	20raw	2.5	small_open	0.0006	9866	10	4	0	0	0	0.0	0.0	0.0	0.0	True
20260708	0.1	20raw	2.5	iter120_default	0.001	9866	10	4	0	0	0	0.0	0.0	0.0	0.0	True
20260708	0.1	20raw	2.5	mid_tier	0.005	9866	10	4	0	0	0	0.0	0.0	0.0	0.0	True
20260708	0.1	20raw	2.5	frontier_gpt4	0.03	9866	10	4	0	0	0	0.0	0.0	0.0	0.0	True
20260708	0.1	20raw	3.0	cheap_heuristic	0.0001	9866	10	4	0	0	0	0.0	0.0	0.0	0.0	True
20260708	0.1	20raw	3.0	small_open	0.0006	9866	10	4	0	0	0	0.0	0.0	0.0	0.0	True
20260708	0.1	20raw	3.0	iter120_default	0.001	9866	10	4	0	0	0	0.0	0.0	0.0	0.0	True
20260708	0.1	20raw	3.0	mid_tier	0.005	9866	10	4	0	0	0	0.0	0.0	0.0	0.0	True
20260708	0.1	20raw	3.0	frontier_gpt4	0.03	9866	10	4	0	0	0	0.0	0.0	0.0	0.0	True
20260708	0.1	20raw+minmax	0.0	cheap_heuristic	0.0001	9866	10	4	3	4920	4923	0.5	0.0006093845216331506	0.1641	150.0	True
20260708	0.1	20raw+minmax	0.0	small_open	0.0006	9866	10	4	3	4920	4923	0.5	0.0006093845216331506	0.9845999999999999	150.0	True
20260708	0.1	20raw+minmax	0.0	iter120_default	0.001	9866	10	4	3	4920	4923	0.5	0.0006093845216331506	1.641	150.0	True
20260708	0.1	20raw+minmax	0.0	mid_tier	0.005	9866	10	4	3	4920	4923	0.5	0.0006093845216331506	8.205	150.0	True
20260708	0.1	20raw+minmax	0.0	frontier_gpt4	0.03	9866	10	4	3	4920	4923	0.5	0.0006093845216331506	49.23	150.0	True
20260708	0.1	20raw+minmax	0.5	cheap_heuristic	0.0001	9866	10	4	1	1605	1606	0.16666666666666666	0.0006226650062266501	0.16060000000000002	50.0	True
20260708	0.1	20raw+minmax	0.5	small_open	0.0006	9866	10	4	1	1605	1606	0.16666666666666666	0.0006226650062266501	0.9635999999999999	50.0	True
20260708	0.1	20raw+minmax	0.5	iter120_default	0.001	9866	10	4	1	1605	1606	0.16666666666666666	0.0006226650062266501	1.606	50.0	True
20260708	0.1	20raw+minmax	0.5	mid_tier	0.005	9866	10	4	1	1605	1606	0.16666666666666666	0.0006226650062266501	8.03	50.0	True
20260708	0.1	20raw+minmax	0.5	frontier_gpt4	0.03	9866	10	4	1	1605	1606	0.16666666666666666	0.0006226650062266501	48.18	50.0	True
20260708	0.1	20raw+minmax	1.0	cheap_heuristic	0.0001	9866	10	4	0	295	295	0.0	0.0	0.029500000000000002	0.0	True
20260708	0.1	20raw+minmax	1.0	small_open	0.0006	9866	10	4	0	295	295	0.0	0.0	0.177	0.0	True
20260708	0.1	20raw+minmax	1.0	iter120_default	0.001	9866	10	4	0	295	295	0.0	0.0	0.295	0.0	True
20260708	0.1	20raw+minmax	1.0	mid_tier	0.005	9866	10	4	0	295	295	0.0	0.0	1.475	0.0	True
20260708	0.1	20raw+minmax	1.0	frontier_gpt4	0.03	9866	10	4	0	295	295	0.0	0.0	8.85	0.0	True
20260708	0.1	20raw+minmax	1.5	cheap_heuristic	0.0001	9866	10	4	0	24	24	0.0	0.0	0.0024000000000000002	0.0	True
20260708	0.1	20raw+minmax	1.5	small_open	0.0006	9866	10	4	0	24	24	0.0	0.0	0.0144	0.0	True
20260708	0.1	20raw+minmax	1.5	iter120_default	0.001	9866	10	4	0	24	24	0.0	0.0	0.024	0.0	True
20260708	0.1	20raw+minmax	1.5	mid_tier	0.005	9866	10	4	0	24	24	0.0	0.0	0.12	0.0	True
20260708	0.1	20raw+minmax	1.5	frontier_gpt4	0.03	9866	10	4	0	24	24	0.0	0.0	0.72	0.0	True
20260708	0.1	20raw+minmax	2.0	cheap_heuristic	0.0001	9866	10	4	0	0	0	0.0	0.0	0.0	0.0	True
20260708	0.1	20raw+minmax	2.0	small_open	0.0006	9866	10	4	0	0	0	0.0	0.0	0.0	0.0	True
20260708	0.1	20raw+minmax	2.0	iter120_default	0.001	9866	10	4	0	0	0	0.0	0.0	0.0	0.0	True
20260708	0.1	20raw+minmax	2.0	mid_tier	0.005	9866	10	4	0	0	0	0.0	0.0	0.0	0.0	True
20260708	0.1	20raw+minmax	2.0	frontier_gpt4	0.03	9866	10	4	0	0	0	0.0	0.0	0.0	0.0	True
20260708	0.1	20raw+minmax	2.5	cheap_heuristic	0.0001	9866	10	4	0	0	0	0.0	0.0	0.0	0.0	True
20260708	0.1	20raw+minmax	2.5	small_open	0.0006	9866	10	4	0	0	0	0.0	0.0	0.0	0.0	True
20260708	0.1	20raw+minmax	2.5	iter120_default	0.001	9866	10	4	0	0	0	0.0	0.0	0.0	0.0	True
20260708	0.1	20raw+minmax	2.5	mid_tier	0.005	9866	10	4	0	0	0	0.0	0.0	0.0	0.0	True
20260708	0.1	20raw+minmax	2.5	frontier_gpt4	0.03	9866	10	4	0	0	0	0.0	0.0	0.0	0.0	True
20260708	0.1	20raw+minmax	3.0	cheap_heuristic	0.0001	9866	10	4	0	0	0	0.0	0.0	0.0	0.0	True
20260708	0.1	20raw+minmax	3.0	small_open	0.0006	9866	10	4	0	0	0	0.0	0.0	0.0	0.0	True
20260708	0.1	20raw+minmax	3.0	iter120_default	0.001	9866	10	4	0	0	0	0.0	0.0	0.0	0.0	True
20260708	0.1	20raw+minmax	3.0	mid_tier	0.005	9866	10	4	0	0	0	0.0	0.0	0.0	0.0	True
20260708	0.1	20raw+minmax	3.0	frontier_gpt4	0.03	9866	10	4	0	0	0	0.0	0.0	0.0	0.0	True
20260708	0.1	20raw+stat	0.0	cheap_heuristic	0.0001	9866	10	2	5	4917	4922	0.625	0.0010158472165786266	0.09844	250.0	True
20260708	0.1	20raw+stat	0.0	small_open	0.0006	9866	10	2	5	4917	4922	0.625	0.0010158472165786266	0.5906399999999999	250.0	True
20260708	0.1	20raw+stat	0.0	iter120_default	0.001	9866	10	2	5	4917	4922	0.625	0.0010158472165786266	0.9843999999999999	250.0	True
20260708	0.1	20raw+stat	0.0	mid_tier	0.005	9866	10	2	5	4917	4922	0.625	0.0010158472165786266	4.922	250.0	True
20260708	0.1	20raw+stat	0.0	frontier_gpt4	0.03	9866	10	2	5	4917	4922	0.625	0.0010158472165786266	29.532	250.0	True
20260708	0.1	20raw+stat	0.5	cheap_heuristic	0.0001	9866	10	2	1	1612	1613	0.125	0.0006199628022318661	0.1613	50.0	True
20260708	0.1	20raw+stat	0.5	small_open	0.0006	9866	10	2	1	1612	1613	0.125	0.0006199628022318661	0.9677999999999999	50.0	True
20260708	0.1	20raw+stat	0.5	iter120_default	0.001	9866	10	2	1	1612	1613	0.125	0.0006199628022318661	1.613	50.0	True
20260708	0.1	20raw+stat	0.5	mid_tier	0.005	9866	10	2	1	1612	1613	0.125	0.0006199628022318661	8.065	50.0	True
20260708	0.1	20raw+stat	0.5	frontier_gpt4	0.03	9866	10	2	1	1612	1613	0.125	0.0006199628022318661	48.39	50.0	True
20260708	0.1	20raw+stat	1.0	cheap_heuristic	0.0001	9866	10	2	0	297	297	0.0	0.0	0.0297	0.0	True
20260708	0.1	20raw+stat	1.0	small_open	0.0006	9866	10	2	0	297	297	0.0	0.0	0.1782	0.0	True
20260708	0.1	20raw+stat	1.0	iter120_default	0.001	9866	10	2	0	297	297	0.0	0.0	0.297	0.0	True
20260708	0.1	20raw+stat	1.0	mid_tier	0.005	9866	10	2	0	297	297	0.0	0.0	1.485	0.0	True
20260708	0.1	20raw+stat	1.0	frontier_gpt4	0.03	9866	10	2	0	297	297	0.0	0.0	8.91	0.0	True
20260708	0.1	20raw+stat	1.5	cheap_heuristic	0.0001	9866	10	2	0	24	24	0.0	0.0	0.0024000000000000002	0.0	True
20260708	0.1	20raw+stat	1.5	small_open	0.0006	9866	10	2	0	24	24	0.0	0.0	0.0144	0.0	True
20260708	0.1	20raw+stat	1.5	iter120_default	0.001	9866	10	2	0	24	24	0.0	0.0	0.024	0.0	True
20260708	0.1	20raw+stat	1.5	mid_tier	0.005	9866	10	2	0	24	24	0.0	0.0	0.12	0.0	True
20260708	0.1	20raw+stat	1.5	frontier_gpt4	0.03	9866	10	2	0	24	24	0.0	0.0	0.72	0.0	True
20260708	0.1	20raw+stat	2.0	cheap_heuristic	0.0001	9866	10	2	0	0	0	0.0	0.0	0.0	0.0	True
20260708	0.1	20raw+stat	2.0	small_open	0.0006	9866	10	2	0	0	0	0.0	0.0	0.0	0.0	True
20260708	0.1	20raw+stat	2.0	iter120_default	0.001	9866	10	2	0	0	0	0.0	0.0	0.0	0.0	True
20260708	0.1	20raw+stat	2.0	mid_tier	0.005	9866	10	2	0	0	0	0.0	0.0	0.0	0.0	True
20260708	0.1	20raw+stat	2.0	frontier_gpt4	0.03	9866	10	2	0	0	0	0.0	0.0	0.0	0.0	True
20260708	0.1	20raw+stat	2.5	cheap_heuristic	0.0001	9866	10	2	0	0	0	0.0	0.0	0.0	0.0	True
20260708	0.1	20raw+stat	2.5	small_open	0.0006	9866	10	2	0	0	0	0.0	0.0	0.0	0.0	True
20260708	0.1	20raw+stat	2.5	iter120_default	0.001	9866	10	2	0	0	0	0.0	0.0	0.0	0.0	True
20260708	0.1	20raw+stat	2.5	mid_tier	0.005	9866	10	2	0	0	0	0.0	0.0	0.0	0.0	True
20260708	0.1	20raw+stat	2.5	frontier_gpt4	0.03	9866	10	2	0	0	0	0.0	0.0	0.0	0.0	True
20260708	0.1	20raw+stat	3.0	cheap_heuristic	0.0001	9866	10	2	0	0	0	0.0	0.0	0.0	0.0	True
20260708	0.1	20raw+stat	3.0	small_open	0.0006	9866	10	2	0	0	0	0.0	0.0	0.0	0.0	True
20260708	0.1	20raw+stat	3.0	iter120_default	0.001	9866	10	2	0	0	0	0.0	0.0	0.0	0.0	True
20260708	0.1	20raw+stat	3.0	mid_tier	0.005	9866	10	2	0	0	0	0.0	0.0	0.0	0.0	True
20260708	0.1	20raw+stat	3.0	frontier_gpt4	0.03	9866	10	2	0	0	0	0.0	0.0	0.0	0.0	True
20260708	0.05	24full	0.0	cheap_heuristic	0.0001	9861	5	4	0	4922	4922	0.0	0.0	0.4922	0.0	True
20260708	0.05	24full	0.0	small_open	0.0006	9861	5	4	0	4922	4922	0.0	0.0	2.9532	0.0	True
20260708	0.05	24full	0.0	iter120_default	0.001	9861	5	4	0	4922	4922	0.0	0.0	4.922	0.0	True
20260708	0.05	24full	0.0	mid_tier	0.005	9861	5	4	0	4922	4922	0.0	0.0	24.61	0.0	True
20260708	0.05	24full	0.0	frontier_gpt4	0.03	9861	5	4	0	4922	4922	0.0	0.0	147.66	0.0	False
20260708	0.05	24full	0.5	cheap_heuristic	0.0001	9861	5	4	0	1617	1617	0.0	0.0	0.1617	0.0	True
20260708	0.05	24full	0.5	small_open	0.0006	9861	5	4	0	1617	1617	0.0	0.0	0.9702	0.0	True
20260708	0.05	24full	0.5	iter120_default	0.001	9861	5	4	0	1617	1617	0.0	0.0	1.617	0.0	True
20260708	0.05	24full	0.5	mid_tier	0.005	9861	5	4	0	1617	1617	0.0	0.0	8.085	0.0	True
20260708	0.05	24full	0.5	frontier_gpt4	0.03	9861	5	4	0	1617	1617	0.0	0.0	48.51	0.0	True
20260708	0.05	24full	1.0	cheap_heuristic	0.0001	9861	5	4	0	297	297	0.0	0.0	0.0297	0.0	True
20260708	0.05	24full	1.0	small_open	0.0006	9861	5	4	0	297	297	0.0	0.0	0.1782	0.0	True
20260708	0.05	24full	1.0	iter120_default	0.001	9861	5	4	0	297	297	0.0	0.0	0.297	0.0	True
20260708	0.05	24full	1.0	mid_tier	0.005	9861	5	4	0	297	297	0.0	0.0	1.485	0.0	True
20260708	0.05	24full	1.0	frontier_gpt4	0.03	9861	5	4	0	297	297	0.0	0.0	8.91	0.0	True
20260708	0.05	24full	1.5	cheap_heuristic	0.0001	9861	5	4	0	24	24	0.0	0.0	0.0024000000000000002	0.0	True
20260708	0.05	24full	1.5	small_open	0.0006	9861	5	4	0	24	24	0.0	0.0	0.0144	0.0	True
20260708	0.05	24full	1.5	iter120_default	0.001	9861	5	4	0	24	24	0.0	0.0	0.024	0.0	True
20260708	0.05	24full	1.5	mid_tier	0.005	9861	5	4	0	24	24	0.0	0.0	0.12	0.0	True
20260708	0.05	24full	1.5	frontier_gpt4	0.03	9861	5	4	0	24	24	0.0	0.0	0.72	0.0	True
20260708	0.05	24full	2.0	cheap_heuristic	0.0001	9861	5	4	0	0	0	0.0	0.0	0.0	0.0	True
20260708	0.05	24full	2.0	small_open	0.0006	9861	5	4	0	0	0	0.0	0.0	0.0	0.0	True
20260708	0.05	24full	2.0	iter120_default	0.001	9861	5	4	0	0	0	0.0	0.0	0.0	0.0	True
20260708	0.05	24full	2.0	mid_tier	0.005	9861	5	4	0	0	0	0.0	0.0	0.0	0.0	True
20260708	0.05	24full	2.0	frontier_gpt4	0.03	9861	5	4	0	0	0	0.0	0.0	0.0	0.0	True
20260708	0.05	24full	2.5	cheap_heuristic	0.0001	9861	5	4	0	0	0	0.0	0.0	0.0	0.0	True
20260708	0.05	24full	2.5	small_open	0.0006	9861	5	4	0	0	0	0.0	0.0	0.0	0.0	True
20260708	0.05	24full	2.5	iter120_default	0.001	9861	5	4	0	0	0	0.0	0.0	0.0	0.0	True
20260708	0.05	24full	2.5	mid_tier	0.005	9861	5	4	0	0	0	0.0	0.0	0.0	0.0	True
20260708	0.05	24full	2.5	frontier_gpt4	0.03	9861	5	4	0	0	0	0.0	0.0	0.0	0.0	True
20260708	0.05	24full	3.0	cheap_heuristic	0.0001	9861	5	4	0	0	0	0.0	0.0	0.0	0.0	True
20260708	0.05	24full	3.0	small_open	0.0006	9861	5	4	0	0	0	0.0	0.0	0.0	0.0	True
20260708	0.05	24full	3.0	iter120_default	0.001	9861	5	4	0	0	0	0.0	0.0	0.0	0.0	True
20260708	0.05	24full	3.0	mid_tier	0.005	9861	5	4	0	0	0	0.0	0.0	0.0	0.0	True
20260708	0.05	24full	3.0	frontier_gpt4	0.03	9861	5	4	0	0	0	0.0	0.0	0.0	0.0	True
20260708	0.05	20raw	0.0	cheap_heuristic	0.0001	9861	5	4	0	4927	4927	0.0	0.0	0.4927	0.0	True
20260708	0.05	20raw	0.0	small_open	0.0006	9861	5	4	0	4927	4927	0.0	0.0	2.9562	0.0	True
20260708	0.05	20raw	0.0	iter120_default	0.001	9861	5	4	0	4927	4927	0.0	0.0	4.9270000000000005	0.0	True
20260708	0.05	20raw	0.0	mid_tier	0.005	9861	5	4	0	4927	4927	0.0	0.0	24.635	0.0	True
20260708	0.05	20raw	0.0	frontier_gpt4	0.03	9861	5	4	0	4927	4927	0.0	0.0	147.81	0.0	False
20260708	0.05	20raw	0.5	cheap_heuristic	0.0001	9861	5	4	0	1608	1608	0.0	0.0	0.1608	0.0	True
20260708	0.05	20raw	0.5	small_open	0.0006	9861	5	4	0	1608	1608	0.0	0.0	0.9647999999999999	0.0	True
20260708	0.05	20raw	0.5	iter120_default	0.001	9861	5	4	0	1608	1608	0.0	0.0	1.608	0.0	True
20260708	0.05	20raw	0.5	mid_tier	0.005	9861	5	4	0	1608	1608	0.0	0.0	8.040000000000001	0.0	True
20260708	0.05	20raw	0.5	frontier_gpt4	0.03	9861	5	4	0	1608	1608	0.0	0.0	48.239999999999995	0.0	True
20260708	0.05	20raw	1.0	cheap_heuristic	0.0001	9861	5	4	0	296	296	0.0	0.0	0.0296	0.0	True
20260708	0.05	20raw	1.0	small_open	0.0006	9861	5	4	0	296	296	0.0	0.0	0.17759999999999998	0.0	True
20260708	0.05	20raw	1.0	iter120_default	0.001	9861	5	4	0	296	296	0.0	0.0	0.296	0.0	True
20260708	0.05	20raw	1.0	mid_tier	0.005	9861	5	4	0	296	296	0.0	0.0	1.48	0.0	True
20260708	0.05	20raw	1.0	frontier_gpt4	0.03	9861	5	4	0	296	296	0.0	0.0	8.879999999999999	0.0	True
20260708	0.05	20raw	1.5	cheap_heuristic	0.0001	9861	5	4	0	24	24	0.0	0.0	0.0024000000000000002	0.0	True
20260708	0.05	20raw	1.5	small_open	0.0006	9861	5	4	0	24	24	0.0	0.0	0.0144	0.0	True
20260708	0.05	20raw	1.5	iter120_default	0.001	9861	5	4	0	24	24	0.0	0.0	0.024	0.0	True
20260708	0.05	20raw	1.5	mid_tier	0.005	9861	5	4	0	24	24	0.0	0.0	0.12	0.0	True
20260708	0.05	20raw	1.5	frontier_gpt4	0.03	9861	5	4	0	24	24	0.0	0.0	0.72	0.0	True
20260708	0.05	20raw	2.0	cheap_heuristic	0.0001	9861	5	4	0	0	0	0.0	0.0	0.0	0.0	True
20260708	0.05	20raw	2.0	small_open	0.0006	9861	5	4	0	0	0	0.0	0.0	0.0	0.0	True
20260708	0.05	20raw	2.0	iter120_default	0.001	9861	5	4	0	0	0	0.0	0.0	0.0	0.0	True
20260708	0.05	20raw	2.0	mid_tier	0.005	9861	5	4	0	0	0	0.0	0.0	0.0	0.0	True
20260708	0.05	20raw	2.0	frontier_gpt4	0.03	9861	5	4	0	0	0	0.0	0.0	0.0	0.0	True
20260708	0.05	20raw	2.5	cheap_heuristic	0.0001	9861	5	4	0	0	0	0.0	0.0	0.0	0.0	True
20260708	0.05	20raw	2.5	small_open	0.0006	9861	5	4	0	0	0	0.0	0.0	0.0	0.0	True
20260708	0.05	20raw	2.5	iter120_default	0.001	9861	5	4	0	0	0	0.0	0.0	0.0	0.0	True
20260708	0.05	20raw	2.5	mid_tier	0.005	9861	5	4	0	0	0	0.0	0.0	0.0	0.0	True
20260708	0.05	20raw	2.5	frontier_gpt4	0.03	9861	5	4	0	0	0	0.0	0.0	0.0	0.0	True
20260708	0.05	20raw	3.0	cheap_heuristic	0.0001	9861	5	4	0	0	0	0.0	0.0	0.0	0.0	True
20260708	0.05	20raw	3.0	small_open	0.0006	9861	5	4	0	0	0	0.0	0.0	0.0	0.0	True
20260708	0.05	20raw	3.0	iter120_default	0.001	9861	5	4	0	0	0	0.0	0.0	0.0	0.0	True
20260708	0.05	20raw	3.0	mid_tier	0.005	9861	5	4	0	0	0	0.0	0.0	0.0	0.0	True
20260708	0.05	20raw	3.0	frontier_gpt4	0.03	9861	5	4	0	0	0	0.0	0.0	0.0	0.0	True
20260708	0.05	20raw+minmax	0.0	cheap_heuristic	0.0001	9861	5	4	0	4920	4920	0.0	0.0	0.49200000000000005	0.0	True
20260708	0.05	20raw+minmax	0.0	small_open	0.0006	9861	5	4	0	4920	4920	0.0	0.0	2.952	0.0	True
20260708	0.05	20raw+minmax	0.0	iter120_default	0.001	9861	5	4	0	4920	4920	0.0	0.0	4.92	0.0	True
20260708	0.05	20raw+minmax	0.0	mid_tier	0.005	9861	5	4	0	4920	4920	0.0	0.0	24.6	0.0	True
20260708	0.05	20raw+minmax	0.0	frontier_gpt4	0.03	9861	5	4	0	4920	4920	0.0	0.0	147.6	0.0	False
20260708	0.05	20raw+minmax	0.5	cheap_heuristic	0.0001	9861	5	4	0	1605	1605	0.0	0.0	0.1605	0.0	True
20260708	0.05	20raw+minmax	0.5	small_open	0.0006	9861	5	4	0	1605	1605	0.0	0.0	0.963	0.0	True
20260708	0.05	20raw+minmax	0.5	iter120_default	0.001	9861	5	4	0	1605	1605	0.0	0.0	1.605	0.0	True
20260708	0.05	20raw+minmax	0.5	mid_tier	0.005	9861	5	4	0	1605	1605	0.0	0.0	8.025	0.0	True
20260708	0.05	20raw+minmax	0.5	frontier_gpt4	0.03	9861	5	4	0	1605	1605	0.0	0.0	48.15	0.0	True
20260708	0.05	20raw+minmax	1.0	cheap_heuristic	0.0001	9861	5	4	0	295	295	0.0	0.0	0.029500000000000002	0.0	True
20260708	0.05	20raw+minmax	1.0	small_open	0.0006	9861	5	4	0	295	295	0.0	0.0	0.177	0.0	True
20260708	0.05	20raw+minmax	1.0	iter120_default	0.001	9861	5	4	0	295	295	0.0	0.0	0.295	0.0	True
20260708	0.05	20raw+minmax	1.0	mid_tier	0.005	9861	5	4	0	295	295	0.0	0.0	1.475	0.0	True
20260708	0.05	20raw+minmax	1.0	frontier_gpt4	0.03	9861	5	4	0	295	295	0.0	0.0	8.85	0.0	True
20260708	0.05	20raw+minmax	1.5	cheap_heuristic	0.0001	9861	5	4	0	24	24	0.0	0.0	0.0024000000000000002	0.0	True
20260708	0.05	20raw+minmax	1.5	small_open	0.0006	9861	5	4	0	24	24	0.0	0.0	0.0144	0.0	True
20260708	0.05	20raw+minmax	1.5	iter120_default	0.001	9861	5	4	0	24	24	0.0	0.0	0.024	0.0	True
20260708	0.05	20raw+minmax	1.5	mid_tier	0.005	9861	5	4	0	24	24	0.0	0.0	0.12	0.0	True
20260708	0.05	20raw+minmax	1.5	frontier_gpt4	0.03	9861	5	4	0	24	24	0.0	0.0	0.72	0.0	True
20260708	0.05	20raw+minmax	2.0	cheap_heuristic	0.0001	9861	5	4	0	0	0	0.0	0.0	0.0	0.0	True
20260708	0.05	20raw+minmax	2.0	small_open	0.0006	9861	5	4	0	0	0	0.0	0.0	0.0	0.0	True
20260708	0.05	20raw+minmax	2.0	iter120_default	0.001	9861	5	4	0	0	0	0.0	0.0	0.0	0.0	True
20260708	0.05	20raw+minmax	2.0	mid_tier	0.005	9861	5	4	0	0	0	0.0	0.0	0.0	0.0	True
20260708	0.05	20raw+minmax	2.0	frontier_gpt4	0.03	9861	5	4	0	0	0	0.0	0.0	0.0	0.0	True
20260708	0.05	20raw+minmax	2.5	cheap_heuristic	0.0001	9861	5	4	0	0	0	0.0	0.0	0.0	0.0	True
20260708	0.05	20raw+minmax	2.5	small_open	0.0006	9861	5	4	0	0	0	0.0	0.0	0.0	0.0	True
20260708	0.05	20raw+minmax	2.5	iter120_default	0.001	9861	5	4	0	0	0	0.0	0.0	0.0	0.0	True
20260708	0.05	20raw+minmax	2.5	mid_tier	0.005	9861	5	4	0	0	0	0.0	0.0	0.0	0.0	True
20260708	0.05	20raw+minmax	2.5	frontier_gpt4	0.03	9861	5	4	0	0	0	0.0	0.0	0.0	0.0	True
20260708	0.05	20raw+minmax	3.0	cheap_heuristic	0.0001	9861	5	4	0	0	0	0.0	0.0	0.0	0.0	True
20260708	0.05	20raw+minmax	3.0	small_open	0.0006	9861	5	4	0	0	0	0.0	0.0	0.0	0.0	True
20260708	0.05	20raw+minmax	3.0	iter120_default	0.001	9861	5	4	0	0	0	0.0	0.0	0.0	0.0	True
20260708	0.05	20raw+minmax	3.0	mid_tier	0.005	9861	5	4	0	0	0	0.0	0.0	0.0	0.0	True
20260708	0.05	20raw+minmax	3.0	frontier_gpt4	0.03	9861	5	4	0	0	0	0.0	0.0	0.0	0.0	True
20260708	0.05	20raw+stat	0.0	cheap_heuristic	0.0001	9861	5	4	0	4918	4918	0.0	0.0	0.4918	0.0	True
20260708	0.05	20raw+stat	0.0	small_open	0.0006	9861	5	4	0	4918	4918	0.0	0.0	2.9507999999999996	0.0	True
20260708	0.05	20raw+stat	0.0	iter120_default	0.001	9861	5	4	0	4918	4918	0.0	0.0	4.918	0.0	True
20260708	0.05	20raw+stat	0.0	mid_tier	0.005	9861	5	4	0	4918	4918	0.0	0.0	24.59	0.0	True
20260708	0.05	20raw+stat	0.0	frontier_gpt4	0.03	9861	5	4	0	4918	4918	0.0	0.0	147.54	0.0	False
20260708	0.05	20raw+stat	0.5	cheap_heuristic	0.0001	9861	5	4	0	1612	1612	0.0	0.0	0.1612	0.0	True
20260708	0.05	20raw+stat	0.5	small_open	0.0006	9861	5	4	0	1612	1612	0.0	0.0	0.9672	0.0	True
20260708	0.05	20raw+stat	0.5	iter120_default	0.001	9861	5	4	0	1612	1612	0.0	0.0	1.612	0.0	True
20260708	0.05	20raw+stat	0.5	mid_tier	0.005	9861	5	4	0	1612	1612	0.0	0.0	8.06	0.0	True
20260708	0.05	20raw+stat	0.5	frontier_gpt4	0.03	9861	5	4	0	1612	1612	0.0	0.0	48.36	0.0	True
20260708	0.05	20raw+stat	1.0	cheap_heuristic	0.0001	9861	5	4	0	297	297	0.0	0.0	0.0297	0.0	True
20260708	0.05	20raw+stat	1.0	small_open	0.0006	9861	5	4	0	297	297	0.0	0.0	0.1782	0.0	True
20260708	0.05	20raw+stat	1.0	iter120_default	0.001	9861	5	4	0	297	297	0.0	0.0	0.297	0.0	True
20260708	0.05	20raw+stat	1.0	mid_tier	0.005	9861	5	4	0	297	297	0.0	0.0	1.485	0.0	True
20260708	0.05	20raw+stat	1.0	frontier_gpt4	0.03	9861	5	4	0	297	297	0.0	0.0	8.91	0.0	True
20260708	0.05	20raw+stat	1.5	cheap_heuristic	0.0001	9861	5	4	0	24	24	0.0	0.0	0.0024000000000000002	0.0	True
20260708	0.05	20raw+stat	1.5	small_open	0.0006	9861	5	4	0	24	24	0.0	0.0	0.0144	0.0	True
20260708	0.05	20raw+stat	1.5	iter120_default	0.001	9861	5	4	0	24	24	0.0	0.0	0.024	0.0	True
20260708	0.05	20raw+stat	1.5	mid_tier	0.005	9861	5	4	0	24	24	0.0	0.0	0.12	0.0	True
20260708	0.05	20raw+stat	1.5	frontier_gpt4	0.03	9861	5	4	0	24	24	0.0	0.0	0.72	0.0	True
20260708	0.05	20raw+stat	2.0	cheap_heuristic	0.0001	9861	5	4	0	0	0	0.0	0.0	0.0	0.0	True
20260708	0.05	20raw+stat	2.0	small_open	0.0006	9861	5	4	0	0	0	0.0	0.0	0.0	0.0	True
20260708	0.05	20raw+stat	2.0	iter120_default	0.001	9861	5	4	0	0	0	0.0	0.0	0.0	0.0	True
20260708	0.05	20raw+stat	2.0	mid_tier	0.005	9861	5	4	0	0	0	0.0	0.0	0.0	0.0	True
20260708	0.05	20raw+stat	2.0	frontier_gpt4	0.03	9861	5	4	0	0	0	0.0	0.0	0.0	0.0	True
20260708	0.05	20raw+stat	2.5	cheap_heuristic	0.0001	9861	5	4	0	0	0	0.0	0.0	0.0	0.0	True
20260708	0.05	20raw+stat	2.5	small_open	0.0006	9861	5	4	0	0	0	0.0	0.0	0.0	0.0	True
20260708	0.05	20raw+stat	2.5	iter120_default	0.001	9861	5	4	0	0	0	0.0	0.0	0.0	0.0	True
20260708	0.05	20raw+stat	2.5	mid_tier	0.005	9861	5	4	0	0	0	0.0	0.0	0.0	0.0	True
20260708	0.05	20raw+stat	2.5	frontier_gpt4	0.03	9861	5	4	0	0	0	0.0	0.0	0.0	0.0	True
20260708	0.05	20raw+stat	3.0	cheap_heuristic	0.0001	9861	5	4	0	0	0	0.0	0.0	0.0	0.0	True
20260708	0.05	20raw+stat	3.0	small_open	0.0006	9861	5	4	0	0	0	0.0	0.0	0.0	0.0	True
20260708	0.05	20raw+stat	3.0	iter120_default	0.001	9861	5	4	0	0	0	0.0	0.0	0.0	0.0	True
20260708	0.05	20raw+stat	3.0	mid_tier	0.005	9861	5	4	0	0	0	0.0	0.0	0.0	0.0	True
20260708	0.05	20raw+stat	3.0	frontier_gpt4	0.03	9861	5	4	0	0	0	0.0	0.0	0.0	0.0	True
20260710	1.44	24full	0.0	cheap_heuristic	0.0001	10000	144	50	53	4950	5003	0.5638297872340425	0.010593643813711773	0.009439622641509436	2650.0	True
20260710	1.44	24full	0.0	small_open	0.0006	10000	144	50	53	4950	5003	0.5638297872340425	0.010593643813711773	0.0566377358490566	2650.0	True
20260710	1.44	24full	0.0	iter120_default	0.001	10000	144	50	53	4950	5003	0.5638297872340425	0.010593643813711773	0.09439622641509435	2650.0	True
20260710	1.44	24full	0.0	mid_tier	0.005	10000	144	50	53	4950	5003	0.5638297872340425	0.010593643813711773	0.4719811320754717	2650.0	True
20260710	1.44	24full	0.0	frontier_gpt4	0.03	10000	144	50	53	4950	5003	0.5638297872340425	0.010593643813711773	2.8318867924528304	2650.0	True
20260710	1.44	24full	0.5	cheap_heuristic	0.0001	10000	144	50	14	1619	1633	0.14893617021276595	0.008573178199632579	0.011664285714285714	700.0	True
20260710	1.44	24full	0.5	small_open	0.0006	10000	144	50	14	1619	1633	0.14893617021276595	0.008573178199632579	0.06998571428571428	700.0	True
20260710	1.44	24full	0.5	iter120_default	0.001	10000	144	50	14	1619	1633	0.14893617021276595	0.008573178199632579	0.11664285714285715	700.0	True
20260710	1.44	24full	0.5	mid_tier	0.005	10000	144	50	14	1619	1633	0.14893617021276595	0.008573178199632579	0.5832142857142858	700.0	True
20260710	1.44	24full	0.5	frontier_gpt4	0.03	10000	144	50	14	1619	1633	0.14893617021276595	0.008573178199632579	3.499285714285714	700.0	True
20260710	1.44	24full	1.0	cheap_heuristic	0.0001	10000	144	50	3	297	300	0.031914893617021274	0.01	0.01	150.0	True
20260710	1.44	24full	1.0	small_open	0.0006	10000	144	50	3	297	300	0.031914893617021274	0.01	0.06	150.0	True
20260710	1.44	24full	1.0	iter120_default	0.001	10000	144	50	3	297	300	0.031914893617021274	0.01	0.09999999999999999	150.0	True
20260710	1.44	24full	1.0	mid_tier	0.005	10000	144	50	3	297	300	0.031914893617021274	0.01	0.5	150.0	True
20260710	1.44	24full	1.0	frontier_gpt4	0.03	10000	144	50	3	297	300	0.031914893617021274	0.01	3.0	150.0	True
20260710	1.44	24full	1.5	cheap_heuristic	0.0001	10000	144	50	0	24	24	0.0	0.0	0.0024000000000000002	0.0	True
20260710	1.44	24full	1.5	small_open	0.0006	10000	144	50	0	24	24	0.0	0.0	0.0144	0.0	True
20260710	1.44	24full	1.5	iter120_default	0.001	10000	144	50	0	24	24	0.0	0.0	0.024	0.0	True
20260710	1.44	24full	1.5	mid_tier	0.005	10000	144	50	0	24	24	0.0	0.0	0.12	0.0	True
20260710	1.44	24full	1.5	frontier_gpt4	0.03	10000	144	50	0	24	24	0.0	0.0	0.72	0.0	True
20260710	1.44	24full	2.0	cheap_heuristic	0.0001	10000	144	50	0	0	0	0.0	0.0	0.0	0.0	True
20260710	1.44	24full	2.0	small_open	0.0006	10000	144	50	0	0	0	0.0	0.0	0.0	0.0	True
20260710	1.44	24full	2.0	iter120_default	0.001	10000	144	50	0	0	0	0.0	0.0	0.0	0.0	True
20260710	1.44	24full	2.0	mid_tier	0.005	10000	144	50	0	0	0	0.0	0.0	0.0	0.0	True
20260710	1.44	24full	2.0	frontier_gpt4	0.03	10000	144	50	0	0	0	0.0	0.0	0.0	0.0	True
20260710	1.44	24full	2.5	cheap_heuristic	0.0001	10000	144	50	0	0	0	0.0	0.0	0.0	0.0	True
20260710	1.44	24full	2.5	small_open	0.0006	10000	144	50	0	0	0	0.0	0.0	0.0	0.0	True
20260710	1.44	24full	2.5	iter120_default	0.001	10000	144	50	0	0	0	0.0	0.0	0.0	0.0	True
20260710	1.44	24full	2.5	mid_tier	0.005	10000	144	50	0	0	0	0.0	0.0	0.0	0.0	True
20260710	1.44	24full	2.5	frontier_gpt4	0.03	10000	144	50	0	0	0	0.0	0.0	0.0	0.0	True
20260710	1.44	24full	3.0	cheap_heuristic	0.0001	10000	144	50	0	0	0	0.0	0.0	0.0	0.0	True
20260710	1.44	24full	3.0	small_open	0.0006	10000	144	50	0	0	0	0.0	0.0	0.0	0.0	True
20260710	1.44	24full	3.0	iter120_default	0.001	10000	144	50	0	0	0	0.0	0.0	0.0	0.0	True
20260710	1.44	24full	3.0	mid_tier	0.005	10000	144	50	0	0	0	0.0	0.0	0.0	0.0	True
20260710	1.44	24full	3.0	frontier_gpt4	0.03	10000	144	50	0	0	0	0.0	0.0	0.0	0.0	True
20260710	1.44	20raw	0.0	cheap_heuristic	0.0001	10000	144	49	54	4953	5007	0.5684210526315789	0.01078490113840623	0.009272222222222223	2700.0	True
20260710	1.44	20raw	0.0	small_open	0.0006	10000	144	49	54	4953	5007	0.5684210526315789	0.01078490113840623	0.055633333333333326	2700.0	True
20260710	1.44	20raw	0.0	iter120_default	0.001	10000	144	49	54	4953	5007	0.5684210526315789	0.01078490113840623	0.09272222222222222	2700.0	True
20260710	1.44	20raw	0.0	mid_tier	0.005	10000	144	49	54	4953	5007	0.5684210526315789	0.01078490113840623	0.46361111111111114	2700.0	True
20260710	1.44	20raw	0.0	frontier_gpt4	0.03	10000	144	49	54	4953	5007	0.5684210526315789	0.01078490113840623	2.7816666666666667	2700.0	True
20260710	1.44	20raw	0.5	cheap_heuristic	0.0001	10000	144	49	14	1604	1618	0.14736842105263157	0.00865265760197775	0.011557142857142858	700.0	True
20260710	1.44	20raw	0.5	small_open	0.0006	10000	144	49	14	1604	1618	0.14736842105263157	0.00865265760197775	0.06934285714285714	700.0	True
20260710	1.44	20raw	0.5	iter120_default	0.001	10000	144	49	14	1604	1618	0.14736842105263157	0.00865265760197775	0.11557142857142857	700.0	True
20260710	1.44	20raw	0.5	mid_tier	0.005	10000	144	49	14	1604	1618	0.14736842105263157	0.00865265760197775	0.5778571428571428	700.0	True
20260710	1.44	20raw	0.5	frontier_gpt4	0.03	10000	144	49	14	1604	1618	0.14736842105263157	0.00865265760197775	3.467142857142857	700.0	True
20260710	1.44	20raw	1.0	cheap_heuristic	0.0001	10000	144	49	3	295	298	0.031578947368421054	0.010067114093959731	0.009933333333333334	150.0	True
20260710	1.44	20raw	1.0	small_open	0.0006	10000	144	49	3	295	298	0.031578947368421054	0.010067114093959731	0.05959999999999999	150.0	True
20260710	1.44	20raw	1.0	iter120_default	0.001	10000	144	49	3	295	298	0.031578947368421054	0.010067114093959731	0.09933333333333333	150.0	True
20260710	1.44	20raw	1.0	mid_tier	0.005	10000	144	49	3	295	298	0.031578947368421054	0.010067114093959731	0.49666666666666665	150.0	True
20260710	1.44	20raw	1.0	frontier_gpt4	0.03	10000	144	49	3	295	298	0.031578947368421054	0.010067114093959731	2.98	150.0	True
20260710	1.44	20raw	1.5	cheap_heuristic	0.0001	10000	144	49	0	24	24	0.0	0.0	0.0024000000000000002	0.0	True
20260710	1.44	20raw	1.5	small_open	0.0006	10000	144	49	0	24	24	0.0	0.0	0.0144	0.0	True
20260710	1.44	20raw	1.5	iter120_default	0.001	10000	144	49	0	24	24	0.0	0.0	0.024	0.0	True
20260710	1.44	20raw	1.5	mid_tier	0.005	10000	144	49	0	24	24	0.0	0.0	0.12	0.0	True
20260710	1.44	20raw	1.5	frontier_gpt4	0.03	10000	144	49	0	24	24	0.0	0.0	0.72	0.0	True
20260710	1.44	20raw	2.0	cheap_heuristic	0.0001	10000	144	49	0	0	0	0.0	0.0	0.0	0.0	True
20260710	1.44	20raw	2.0	small_open	0.0006	10000	144	49	0	0	0	0.0	0.0	0.0	0.0	True
20260710	1.44	20raw	2.0	iter120_default	0.001	10000	144	49	0	0	0	0.0	0.0	0.0	0.0	True
20260710	1.44	20raw	2.0	mid_tier	0.005	10000	144	49	0	0	0	0.0	0.0	0.0	0.0	True
20260710	1.44	20raw	2.0	frontier_gpt4	0.03	10000	144	49	0	0	0	0.0	0.0	0.0	0.0	True
20260710	1.44	20raw	2.5	cheap_heuristic	0.0001	10000	144	49	0	0	0	0.0	0.0	0.0	0.0	True
20260710	1.44	20raw	2.5	small_open	0.0006	10000	144	49	0	0	0	0.0	0.0	0.0	0.0	True
20260710	1.44	20raw	2.5	iter120_default	0.001	10000	144	49	0	0	0	0.0	0.0	0.0	0.0	True
20260710	1.44	20raw	2.5	mid_tier	0.005	10000	144	49	0	0	0	0.0	0.0	0.0	0.0	True
20260710	1.44	20raw	2.5	frontier_gpt4	0.03	10000	144	49	0	0	0	0.0	0.0	0.0	0.0	True
20260710	1.44	20raw	3.0	cheap_heuristic	0.0001	10000	144	49	0	0	0	0.0	0.0	0.0	0.0	True
20260710	1.44	20raw	3.0	small_open	0.0006	10000	144	49	0	0	0	0.0	0.0	0.0	0.0	True
20260710	1.44	20raw	3.0	iter120_default	0.001	10000	144	49	0	0	0	0.0	0.0	0.0	0.0	True
20260710	1.44	20raw	3.0	mid_tier	0.005	10000	144	49	0	0	0	0.0	0.0	0.0	0.0	True
20260710	1.44	20raw	3.0	frontier_gpt4	0.03	10000	144	49	0	0	0	0.0	0.0	0.0	0.0	True
20260710	1.44	20raw+minmax	0.0	cheap_heuristic	0.0001	10000	144	50	52	4954	5006	0.5531914893617021	0.010387534958050339	0.009626923076923078	2600.0	True
20260710	1.44	20raw+minmax	0.0	small_open	0.0006	10000	144	50	52	4954	5006	0.5531914893617021	0.010387534958050339	0.057761538461538454	2600.0	True
20260710	1.44	20raw+minmax	0.0	iter120_default	0.001	10000	144	50	52	4954	5006	0.5531914893617021	0.010387534958050339	0.09626923076923077	2600.0	True
20260710	1.44	20raw+minmax	0.0	mid_tier	0.005	10000	144	50	52	4954	5006	0.5531914893617021	0.010387534958050339	0.48134615384615387	2600.0	True
20260710	1.44	20raw+minmax	0.0	frontier_gpt4	0.03	10000	144	50	52	4954	5006	0.5531914893617021	0.010387534958050339	2.888076923076923	2600.0	True
20260710	1.44	20raw+minmax	0.5	cheap_heuristic	0.0001	10000	144	50	13	1616	1629	0.13829787234042554	0.00798035604665439	0.012530769230769232	650.0	True
20260710	1.44	20raw+minmax	0.5	small_open	0.0006	10000	144	50	13	1616	1629	0.13829787234042554	0.00798035604665439	0.07518461538461538	650.0	True
20260710	1.44	20raw+minmax	0.5	iter120_default	0.001	10000	144	50	13	1616	1629	0.13829787234042554	0.00798035604665439	0.12530769230769231	650.0	True
20260710	1.44	20raw+minmax	0.5	mid_tier	0.005	10000	144	50	13	1616	1629	0.13829787234042554	0.00798035604665439	0.6265384615384615	650.0	True
20260710	1.44	20raw+minmax	0.5	frontier_gpt4	0.03	10000	144	50	13	1616	1629	0.13829787234042554	0.00798035604665439	3.759230769230769	650.0	True
20260710	1.44	20raw+minmax	1.0	cheap_heuristic	0.0001	10000	144	50	3	296	299	0.031914893617021274	0.010033444816053512	0.009966666666666667	150.0	True
20260710	1.44	20raw+minmax	1.0	small_open	0.0006	10000	144	50	3	296	299	0.031914893617021274	0.010033444816053512	0.05979999999999999	150.0	True
20260710	1.44	20raw+minmax	1.0	iter120_default	0.001	10000	144	50	3	296	299	0.031914893617021274	0.010033444816053512	0.09966666666666667	150.0	True
20260710	1.44	20raw+minmax	1.0	mid_tier	0.005	10000	144	50	3	296	299	0.031914893617021274	0.010033444816053512	0.49833333333333335	150.0	True
20260710	1.44	20raw+minmax	1.0	frontier_gpt4	0.03	10000	144	50	3	296	299	0.031914893617021274	0.010033444816053512	2.9899999999999998	150.0	True
20260710	1.44	20raw+minmax	1.5	cheap_heuristic	0.0001	10000	144	50	0	24	24	0.0	0.0	0.0024000000000000002	0.0	True
20260710	1.44	20raw+minmax	1.5	small_open	0.0006	10000	144	50	0	24	24	0.0	0.0	0.0144	0.0	True
20260710	1.44	20raw+minmax	1.5	iter120_default	0.001	10000	144	50	0	24	24	0.0	0.0	0.024	0.0	True
20260710	1.44	20raw+minmax	1.5	mid_tier	0.005	10000	144	50	0	24	24	0.0	0.0	0.12	0.0	True
20260710	1.44	20raw+minmax	1.5	frontier_gpt4	0.03	10000	144	50	0	24	24	0.0	0.0	0.72	0.0	True
20260710	1.44	20raw+minmax	2.0	cheap_heuristic	0.0001	10000	144	50	0	0	0	0.0	0.0	0.0	0.0	True
20260710	1.44	20raw+minmax	2.0	small_open	0.0006	10000	144	50	0	0	0	0.0	0.0	0.0	0.0	True
20260710	1.44	20raw+minmax	2.0	iter120_default	0.001	10000	144	50	0	0	0	0.0	0.0	0.0	0.0	True
20260710	1.44	20raw+minmax	2.0	mid_tier	0.005	10000	144	50	0	0	0	0.0	0.0	0.0	0.0	True
20260710	1.44	20raw+minmax	2.0	frontier_gpt4	0.03	10000	144	50	0	0	0	0.0	0.0	0.0	0.0	True
20260710	1.44	20raw+minmax	2.5	cheap_heuristic	0.0001	10000	144	50	0	0	0	0.0	0.0	0.0	0.0	True
20260710	1.44	20raw+minmax	2.5	small_open	0.0006	10000	144	50	0	0	0	0.0	0.0	0.0	0.0	True
20260710	1.44	20raw+minmax	2.5	iter120_default	0.001	10000	144	50	0	0	0	0.0	0.0	0.0	0.0	True
20260710	1.44	20raw+minmax	2.5	mid_tier	0.005	10000	144	50	0	0	0	0.0	0.0	0.0	0.0	True
20260710	1.44	20raw+minmax	2.5	frontier_gpt4	0.03	10000	144	50	0	0	0	0.0	0.0	0.0	0.0	True
20260710	1.44	20raw+minmax	3.0	cheap_heuristic	0.0001	10000	144	50	0	0	0	0.0	0.0	0.0	0.0	True
20260710	1.44	20raw+minmax	3.0	small_open	0.0006	10000	144	50	0	0	0	0.0	0.0	0.0	0.0	True
20260710	1.44	20raw+minmax	3.0	iter120_default	0.001	10000	144	50	0	0	0	0.0	0.0	0.0	0.0	True
20260710	1.44	20raw+minmax	3.0	mid_tier	0.005	10000	144	50	0	0	0	0.0	0.0	0.0	0.0	True
20260710	1.44	20raw+minmax	3.0	frontier_gpt4	0.03	10000	144	50	0	0	0	0.0	0.0	0.0	0.0	True
20260710	1.44	20raw+stat	0.0	cheap_heuristic	0.0001	10000	144	50	52	4947	4999	0.5531914893617021	0.010402080416083216	0.00961346153846154	2600.0	True
20260710	1.44	20raw+stat	0.0	small_open	0.0006	10000	144	50	52	4947	4999	0.5531914893617021	0.010402080416083216	0.05768076923076922	2600.0	True
20260710	1.44	20raw+stat	0.0	iter120_default	0.001	10000	144	50	52	4947	4999	0.5531914893617021	0.010402080416083216	0.09613461538461537	2600.0	True
20260710	1.44	20raw+stat	0.0	mid_tier	0.005	10000	144	50	52	4947	4999	0.5531914893617021	0.010402080416083216	0.4806730769230769	2600.0	True
20260710	1.44	20raw+stat	0.0	frontier_gpt4	0.03	10000	144	50	52	4947	4999	0.5531914893617021	0.010402080416083216	2.8840384615384616	2600.0	True
20260710	1.44	20raw+stat	0.5	cheap_heuristic	0.0001	10000	144	50	15	1618	1633	0.1595744680851064	0.009185548071034905	0.010886666666666666	750.0	True
20260710	1.44	20raw+stat	0.5	small_open	0.0006	10000	144	50	15	1618	1633	0.1595744680851064	0.009185548071034905	0.06531999999999999	750.0	True
20260710	1.44	20raw+stat	0.5	iter120_default	0.001	10000	144	50	15	1618	1633	0.1595744680851064	0.009185548071034905	0.10886666666666667	750.0	True
20260710	1.44	20raw+stat	0.5	mid_tier	0.005	10000	144	50	15	1618	1633	0.1595744680851064	0.009185548071034905	0.5443333333333334	750.0	True
20260710	1.44	20raw+stat	0.5	frontier_gpt4	0.03	10000	144	50	15	1618	1633	0.1595744680851064	0.009185548071034905	3.2659999999999996	750.0	True
20260710	1.44	20raw+stat	1.0	cheap_heuristic	0.0001	10000	144	50	3	297	300	0.031914893617021274	0.01	0.01	150.0	True
20260710	1.44	20raw+stat	1.0	small_open	0.0006	10000	144	50	3	297	300	0.031914893617021274	0.01	0.06	150.0	True
20260710	1.44	20raw+stat	1.0	iter120_default	0.001	10000	144	50	3	297	300	0.031914893617021274	0.01	0.09999999999999999	150.0	True
20260710	1.44	20raw+stat	1.0	mid_tier	0.005	10000	144	50	3	297	300	0.031914893617021274	0.01	0.5	150.0	True
20260710	1.44	20raw+stat	1.0	frontier_gpt4	0.03	10000	144	50	3	297	300	0.031914893617021274	0.01	3.0	150.0	True
20260710	1.44	20raw+stat	1.5	cheap_heuristic	0.0001	10000	144	50	0	24	24	0.0	0.0	0.0024000000000000002	0.0	True
20260710	1.44	20raw+stat	1.5	small_open	0.0006	10000	144	50	0	24	24	0.0	0.0	0.0144	0.0	True
20260710	1.44	20raw+stat	1.5	iter120_default	0.001	10000	144	50	0	24	24	0.0	0.0	0.024	0.0	True
20260710	1.44	20raw+stat	1.5	mid_tier	0.005	10000	144	50	0	24	24	0.0	0.0	0.12	0.0	True
20260710	1.44	20raw+stat	1.5	frontier_gpt4	0.03	10000	144	50	0	24	24	0.0	0.0	0.72	0.0	True
20260710	1.44	20raw+stat	2.0	cheap_heuristic	0.0001	10000	144	50	0	0	0	0.0	0.0	0.0	0.0	True
20260710	1.44	20raw+stat	2.0	small_open	0.0006	10000	144	50	0	0	0	0.0	0.0	0.0	0.0	True
20260710	1.44	20raw+stat	2.0	iter120_default	0.001	10000	144	50	0	0	0	0.0	0.0	0.0	0.0	True
20260710	1.44	20raw+stat	2.0	mid_tier	0.005	10000	144	50	0	0	0	0.0	0.0	0.0	0.0	True
20260710	1.44	20raw+stat	2.0	frontier_gpt4	0.03	10000	144	50	0	0	0	0.0	0.0	0.0	0.0	True
20260710	1.44	20raw+stat	2.5	cheap_heuristic	0.0001	10000	144	50	0	0	0	0.0	0.0	0.0	0.0	True
20260710	1.44	20raw+stat	2.5	small_open	0.0006	10000	144	50	0	0	0	0.0	0.0	0.0	0.0	True
20260710	1.44	20raw+stat	2.5	iter120_default	0.001	10000	144	50	0	0	0	0.0	0.0	0.0	0.0	True
20260710	1.44	20raw+stat	2.5	mid_tier	0.005	10000	144	50	0	0	0	0.0	0.0	0.0	0.0	True
20260710	1.44	20raw+stat	2.5	frontier_gpt4	0.03	10000	144	50	0	0	0	0.0	0.0	0.0	0.0	True
20260710	1.44	20raw+stat	3.0	cheap_heuristic	0.0001	10000	144	50	0	0	0	0.0	0.0	0.0	0.0	True
20260710	1.44	20raw+stat	3.0	small_open	0.0006	10000	144	50	0	0	0	0.0	0.0	0.0	0.0	True
20260710	1.44	20raw+stat	3.0	iter120_default	0.001	10000	144	50	0	0	0	0.0	0.0	0.0	0.0	True
20260710	1.44	20raw+stat	3.0	mid_tier	0.005	10000	144	50	0	0	0	0.0	0.0	0.0	0.0	True
20260710	1.44	20raw+stat	3.0	frontier_gpt4	0.03	10000	144	50	0	0	0	0.0	0.0	0.0	0.0	True
20260710	1.0	24full	0.0	cheap_heuristic	0.0001	9956	100	37	37	4943	4980	0.5873015873015873	0.007429718875502008	0.01345945945945946	1850.0	True
20260710	1.0	24full	0.0	small_open	0.0006	9956	100	37	37	4943	4980	0.5873015873015873	0.007429718875502008	0.08075675675675674	1850.0	True
20260710	1.0	24full	0.0	iter120_default	0.001	9956	100	37	37	4943	4980	0.5873015873015873	0.007429718875502008	0.1345945945945946	1850.0	True
20260710	1.0	24full	0.0	mid_tier	0.005	9956	100	37	37	4943	4980	0.5873015873015873	0.007429718875502008	0.672972972972973	1850.0	True
20260710	1.0	24full	0.0	frontier_gpt4	0.03	9956	100	37	37	4943	4980	0.5873015873015873	0.007429718875502008	4.037837837837838	1850.0	True
20260710	1.0	24full	0.5	cheap_heuristic	0.0001	9956	100	37	9	1617	1626	0.14285714285714285	0.005535055350553505	0.018066666666666665	450.0	True
20260710	1.0	24full	0.5	small_open	0.0006	9956	100	37	9	1617	1626	0.14285714285714285	0.005535055350553505	0.1084	450.0	True
20260710	1.0	24full	0.5	iter120_default	0.001	9956	100	37	9	1617	1626	0.14285714285714285	0.005535055350553505	0.18066666666666667	450.0	True
20260710	1.0	24full	0.5	mid_tier	0.005	9956	100	37	9	1617	1626	0.14285714285714285	0.005535055350553505	0.9033333333333334	450.0	True
20260710	1.0	24full	0.5	frontier_gpt4	0.03	9956	100	37	9	1617	1626	0.14285714285714285	0.005535055350553505	5.42	450.0	True
20260710	1.0	24full	1.0	cheap_heuristic	0.0001	9956	100	37	2	297	299	0.031746031746031744	0.006688963210702341	0.014950000000000001	100.0	True
20260710	1.0	24full	1.0	small_open	0.0006	9956	100	37	2	297	299	0.031746031746031744	0.006688963210702341	0.08969999999999999	100.0	True
20260710	1.0	24full	1.0	iter120_default	0.001	9956	100	37	2	297	299	0.031746031746031744	0.006688963210702341	0.1495	100.0	True
20260710	1.0	24full	1.0	mid_tier	0.005	9956	100	37	2	297	299	0.031746031746031744	0.006688963210702341	0.7475	100.0	True
20260710	1.0	24full	1.0	frontier_gpt4	0.03	9956	100	37	2	297	299	0.031746031746031744	0.006688963210702341	4.484999999999999	100.0	True
20260710	1.0	24full	1.5	cheap_heuristic	0.0001	9956	100	37	0	24	24	0.0	0.0	0.0024000000000000002	0.0	True
20260710	1.0	24full	1.5	small_open	0.0006	9956	100	37	0	24	24	0.0	0.0	0.0144	0.0	True
20260710	1.0	24full	1.5	iter120_default	0.001	9956	100	37	0	24	24	0.0	0.0	0.024	0.0	True
20260710	1.0	24full	1.5	mid_tier	0.005	9956	100	37	0	24	24	0.0	0.0	0.12	0.0	True
20260710	1.0	24full	1.5	frontier_gpt4	0.03	9956	100	37	0	24	24	0.0	0.0	0.72	0.0	True
20260710	1.0	24full	2.0	cheap_heuristic	0.0001	9956	100	37	0	0	0	0.0	0.0	0.0	0.0	True
20260710	1.0	24full	2.0	small_open	0.0006	9956	100	37	0	0	0	0.0	0.0	0.0	0.0	True
20260710	1.0	24full	2.0	iter120_default	0.001	9956	100	37	0	0	0	0.0	0.0	0.0	0.0	True
20260710	1.0	24full	2.0	mid_tier	0.005	9956	100	37	0	0	0	0.0	0.0	0.0	0.0	True
20260710	1.0	24full	2.0	frontier_gpt4	0.03	9956	100	37	0	0	0	0.0	0.0	0.0	0.0	True
20260710	1.0	24full	2.5	cheap_heuristic	0.0001	9956	100	37	0	0	0	0.0	0.0	0.0	0.0	True
20260710	1.0	24full	2.5	small_open	0.0006	9956	100	37	0	0	0	0.0	0.0	0.0	0.0	True
20260710	1.0	24full	2.5	iter120_default	0.001	9956	100	37	0	0	0	0.0	0.0	0.0	0.0	True
20260710	1.0	24full	2.5	mid_tier	0.005	9956	100	37	0	0	0	0.0	0.0	0.0	0.0	True
20260710	1.0	24full	2.5	frontier_gpt4	0.03	9956	100	37	0	0	0	0.0	0.0	0.0	0.0	True
20260710	1.0	24full	3.0	cheap_heuristic	0.0001	9956	100	37	0	0	0	0.0	0.0	0.0	0.0	True
20260710	1.0	24full	3.0	small_open	0.0006	9956	100	37	0	0	0	0.0	0.0	0.0	0.0	True
20260710	1.0	24full	3.0	iter120_default	0.001	9956	100	37	0	0	0	0.0	0.0	0.0	0.0	True
20260710	1.0	24full	3.0	mid_tier	0.005	9956	100	37	0	0	0	0.0	0.0	0.0	0.0	True
20260710	1.0	24full	3.0	frontier_gpt4	0.03	9956	100	37	0	0	0	0.0	0.0	0.0	0.0	True
20260710	1.0	20raw	0.0	cheap_heuristic	0.0001	9956	100	39	35	4948	4983	0.5737704918032787	0.0070238811960666265	0.014237142857142858	1750.0	True
20260710	1.0	20raw	0.0	small_open	0.0006	9956	100	39	35	4948	4983	0.5737704918032787	0.0070238811960666265	0.08542285714285713	1750.0	True
20260710	1.0	20raw	0.0	iter120_default	0.001	9956	100	39	35	4948	4983	0.5737704918032787	0.0070238811960666265	0.1423714285714286	1750.0	True
20260710	1.0	20raw	0.0	mid_tier	0.005	9956	100	39	35	4948	4983	0.5737704918032787	0.0070238811960666265	0.7118571428571429	1750.0	True
20260710	1.0	20raw	0.0	frontier_gpt4	0.03	9956	100	39	35	4948	4983	0.5737704918032787	0.0070238811960666265	4.2711428571428565	1750.0	True
20260710	1.0	20raw	0.5	cheap_heuristic	0.0001	9956	100	39	9	1603	1612	0.14754098360655737	0.005583126550868486	0.017911111111111114	450.0	True
20260710	1.0	20raw	0.5	small_open	0.0006	9956	100	39	9	1603	1612	0.14754098360655737	0.005583126550868486	0.10746666666666665	450.0	True
20260710	1.0	20raw	0.5	iter120_default	0.001	9956	100	39	9	1603	1612	0.14754098360655737	0.005583126550868486	0.1791111111111111	450.0	True
20260710	1.0	20raw	0.5	mid_tier	0.005	9956	100	39	9	1603	1612	0.14754098360655737	0.005583126550868486	0.8955555555555557	450.0	True
20260710	1.0	20raw	0.5	frontier_gpt4	0.03	9956	100	39	9	1603	1612	0.14754098360655737	0.005583126550868486	5.373333333333333	450.0	True
20260710	1.0	20raw	1.0	cheap_heuristic	0.0001	9956	100	39	2	295	297	0.03278688524590164	0.006734006734006734	0.01485	100.0	True
20260710	1.0	20raw	1.0	small_open	0.0006	9956	100	39	2	295	297	0.03278688524590164	0.006734006734006734	0.0891	100.0	True
20260710	1.0	20raw	1.0	iter120_default	0.001	9956	100	39	2	295	297	0.03278688524590164	0.006734006734006734	0.1485	100.0	True
20260710	1.0	20raw	1.0	mid_tier	0.005	9956	100	39	2	295	297	0.03278688524590164	0.006734006734006734	0.7425	100.0	True
20260710	1.0	20raw	1.0	frontier_gpt4	0.03	9956	100	39	2	295	297	0.03278688524590164	0.006734006734006734	4.455	100.0	True
20260710	1.0	20raw	1.5	cheap_heuristic	0.0001	9956	100	39	0	24	24	0.0	0.0	0.0024000000000000002	0.0	True
20260710	1.0	20raw	1.5	small_open	0.0006	9956	100	39	0	24	24	0.0	0.0	0.0144	0.0	True
20260710	1.0	20raw	1.5	iter120_default	0.001	9956	100	39	0	24	24	0.0	0.0	0.024	0.0	True
20260710	1.0	20raw	1.5	mid_tier	0.005	9956	100	39	0	24	24	0.0	0.0	0.12	0.0	True
20260710	1.0	20raw	1.5	frontier_gpt4	0.03	9956	100	39	0	24	24	0.0	0.0	0.72	0.0	True
20260710	1.0	20raw	2.0	cheap_heuristic	0.0001	9956	100	39	0	0	0	0.0	0.0	0.0	0.0	True
20260710	1.0	20raw	2.0	small_open	0.0006	9956	100	39	0	0	0	0.0	0.0	0.0	0.0	True
20260710	1.0	20raw	2.0	iter120_default	0.001	9956	100	39	0	0	0	0.0	0.0	0.0	0.0	True
20260710	1.0	20raw	2.0	mid_tier	0.005	9956	100	39	0	0	0	0.0	0.0	0.0	0.0	True
20260710	1.0	20raw	2.0	frontier_gpt4	0.03	9956	100	39	0	0	0	0.0	0.0	0.0	0.0	True
20260710	1.0	20raw	2.5	cheap_heuristic	0.0001	9956	100	39	0	0	0	0.0	0.0	0.0	0.0	True
20260710	1.0	20raw	2.5	small_open	0.0006	9956	100	39	0	0	0	0.0	0.0	0.0	0.0	True
20260710	1.0	20raw	2.5	iter120_default	0.001	9956	100	39	0	0	0	0.0	0.0	0.0	0.0	True
20260710	1.0	20raw	2.5	mid_tier	0.005	9956	100	39	0	0	0	0.0	0.0	0.0	0.0	True
20260710	1.0	20raw	2.5	frontier_gpt4	0.03	9956	100	39	0	0	0	0.0	0.0	0.0	0.0	True
20260710	1.0	20raw	3.0	cheap_heuristic	0.0001	9956	100	39	0	0	0	0.0	0.0	0.0	0.0	True
20260710	1.0	20raw	3.0	small_open	0.0006	9956	100	39	0	0	0	0.0	0.0	0.0	0.0	True
20260710	1.0	20raw	3.0	iter120_default	0.001	9956	100	39	0	0	0	0.0	0.0	0.0	0.0	True
20260710	1.0	20raw	3.0	mid_tier	0.005	9956	100	39	0	0	0	0.0	0.0	0.0	0.0	True
20260710	1.0	20raw	3.0	frontier_gpt4	0.03	9956	100	39	0	0	0	0.0	0.0	0.0	0.0	True
20260710	1.0	20raw+minmax	0.0	cheap_heuristic	0.0001	9956	100	37	36	4949	4985	0.5714285714285714	0.007221664994984955	0.013847222222222223	1800.0	True
20260710	1.0	20raw+minmax	0.0	small_open	0.0006	9956	100	37	36	4949	4985	0.5714285714285714	0.007221664994984955	0.08308333333333333	1800.0	True
20260710	1.0	20raw+minmax	0.0	iter120_default	0.001	9956	100	37	36	4949	4985	0.5714285714285714	0.007221664994984955	0.13847222222222222	1800.0	True
20260710	1.0	20raw+minmax	0.0	mid_tier	0.005	9956	100	37	36	4949	4985	0.5714285714285714	0.007221664994984955	0.6923611111111111	1800.0	True
20260710	1.0	20raw+minmax	0.0	frontier_gpt4	0.03	9956	100	37	36	4949	4985	0.5714285714285714	0.007221664994984955	4.154166666666666	1800.0	True
20260710	1.0	20raw+minmax	0.5	cheap_heuristic	0.0001	9956	100	37	8	1615	1623	0.12698412698412698	0.004929143561306223	0.0202875	400.0	True
20260710	1.0	20raw+minmax	0.5	small_open	0.0006	9956	100	37	8	1615	1623	0.12698412698412698	0.004929143561306223	0.12172499999999999	400.0	True
20260710	1.0	20raw+minmax	0.5	iter120_default	0.001	9956	100	37	8	1615	1623	0.12698412698412698	0.004929143561306223	0.202875	400.0	True
20260710	1.0	20raw+minmax	0.5	mid_tier	0.005	9956	100	37	8	1615	1623	0.12698412698412698	0.004929143561306223	1.014375	400.0	True
20260710	1.0	20raw+minmax	0.5	frontier_gpt4	0.03	9956	100	37	8	1615	1623	0.12698412698412698	0.004929143561306223	6.08625	400.0	True
20260710	1.0	20raw+minmax	1.0	cheap_heuristic	0.0001	9956	100	37	2	296	298	0.031746031746031744	0.006711409395973154	0.0149	100.0	True
20260710	1.0	20raw+minmax	1.0	small_open	0.0006	9956	100	37	2	296	298	0.031746031746031744	0.006711409395973154	0.0894	100.0	True
20260710	1.0	20raw+minmax	1.0	iter120_default	0.001	9956	100	37	2	296	298	0.031746031746031744	0.006711409395973154	0.149	100.0	True
20260710	1.0	20raw+minmax	1.0	mid_tier	0.005	9956	100	37	2	296	298	0.031746031746031744	0.006711409395973154	0.745	100.0	True
20260710	1.0	20raw+minmax	1.0	frontier_gpt4	0.03	9956	100	37	2	296	298	0.031746031746031744	0.006711409395973154	4.47	100.0	True
20260710	1.0	20raw+minmax	1.5	cheap_heuristic	0.0001	9956	100	37	0	24	24	0.0	0.0	0.0024000000000000002	0.0	True
20260710	1.0	20raw+minmax	1.5	small_open	0.0006	9956	100	37	0	24	24	0.0	0.0	0.0144	0.0	True
20260710	1.0	20raw+minmax	1.5	iter120_default	0.001	9956	100	37	0	24	24	0.0	0.0	0.024	0.0	True
20260710	1.0	20raw+minmax	1.5	mid_tier	0.005	9956	100	37	0	24	24	0.0	0.0	0.12	0.0	True
20260710	1.0	20raw+minmax	1.5	frontier_gpt4	0.03	9956	100	37	0	24	24	0.0	0.0	0.72	0.0	True
20260710	1.0	20raw+minmax	2.0	cheap_heuristic	0.0001	9956	100	37	0	0	0	0.0	0.0	0.0	0.0	True
20260710	1.0	20raw+minmax	2.0	small_open	0.0006	9956	100	37	0	0	0	0.0	0.0	0.0	0.0	True
20260710	1.0	20raw+minmax	2.0	iter120_default	0.001	9956	100	37	0	0	0	0.0	0.0	0.0	0.0	True
20260710	1.0	20raw+minmax	2.0	mid_tier	0.005	9956	100	37	0	0	0	0.0	0.0	0.0	0.0	True
20260710	1.0	20raw+minmax	2.0	frontier_gpt4	0.03	9956	100	37	0	0	0	0.0	0.0	0.0	0.0	True
20260710	1.0	20raw+minmax	2.5	cheap_heuristic	0.0001	9956	100	37	0	0	0	0.0	0.0	0.0	0.0	True
20260710	1.0	20raw+minmax	2.5	small_open	0.0006	9956	100	37	0	0	0	0.0	0.0	0.0	0.0	True
20260710	1.0	20raw+minmax	2.5	iter120_default	0.001	9956	100	37	0	0	0	0.0	0.0	0.0	0.0	True
20260710	1.0	20raw+minmax	2.5	mid_tier	0.005	9956	100	37	0	0	0	0.0	0.0	0.0	0.0	True
20260710	1.0	20raw+minmax	2.5	frontier_gpt4	0.03	9956	100	37	0	0	0	0.0	0.0	0.0	0.0	True
20260710	1.0	20raw+minmax	3.0	cheap_heuristic	0.0001	9956	100	37	0	0	0	0.0	0.0	0.0	0.0	True
20260710	1.0	20raw+minmax	3.0	small_open	0.0006	9956	100	37	0	0	0	0.0	0.0	0.0	0.0	True
20260710	1.0	20raw+minmax	3.0	iter120_default	0.001	9956	100	37	0	0	0	0.0	0.0	0.0	0.0	True
20260710	1.0	20raw+minmax	3.0	mid_tier	0.005	9956	100	37	0	0	0	0.0	0.0	0.0	0.0	True
20260710	1.0	20raw+minmax	3.0	frontier_gpt4	0.03	9956	100	37	0	0	0	0.0	0.0	0.0	0.0	True
20260710	1.0	20raw+stat	0.0	cheap_heuristic	0.0001	9956	100	39	35	4942	4977	0.5737704918032787	0.007032348804500703	0.014220000000000002	1750.0	True
20260710	1.0	20raw+stat	0.0	small_open	0.0006	9956	100	39	35	4942	4977	0.5737704918032787	0.007032348804500703	0.08532	1750.0	True
20260710	1.0	20raw+stat	0.0	iter120_default	0.001	9956	100	39	35	4942	4977	0.5737704918032787	0.007032348804500703	0.14220000000000002	1750.0	True
20260710	1.0	20raw+stat	0.0	mid_tier	0.005	9956	100	39	35	4942	4977	0.5737704918032787	0.007032348804500703	0.7110000000000001	1750.0	True
20260710	1.0	20raw+stat	0.0	frontier_gpt4	0.03	9956	100	39	35	4942	4977	0.5737704918032787	0.007032348804500703	4.266	1750.0	True
20260710	1.0	20raw+stat	0.5	cheap_heuristic	0.0001	9956	100	39	10	1617	1627	0.16393442622950818	0.006146281499692686	0.01627	500.0	True
20260710	1.0	20raw+stat	0.5	small_open	0.0006	9956	100	39	10	1617	1627	0.16393442622950818	0.006146281499692686	0.09762	500.0	True
20260710	1.0	20raw+stat	0.5	iter120_default	0.001	9956	100	39	10	1617	1627	0.16393442622950818	0.006146281499692686	0.1627	500.0	True
20260710	1.0	20raw+stat	0.5	mid_tier	0.005	9956	100	39	10	1617	1627	0.16393442622950818	0.006146281499692686	0.8135	500.0	True
20260710	1.0	20raw+stat	0.5	frontier_gpt4	0.03	9956	100	39	10	1617	1627	0.16393442622950818	0.006146281499692686	4.880999999999999	500.0	True
20260710	1.0	20raw+stat	1.0	cheap_heuristic	0.0001	9956	100	39	2	297	299	0.03278688524590164	0.006688963210702341	0.014950000000000001	100.0	True
20260710	1.0	20raw+stat	1.0	small_open	0.0006	9956	100	39	2	297	299	0.03278688524590164	0.006688963210702341	0.08969999999999999	100.0	True
20260710	1.0	20raw+stat	1.0	iter120_default	0.001	9956	100	39	2	297	299	0.03278688524590164	0.006688963210702341	0.1495	100.0	True
20260710	1.0	20raw+stat	1.0	mid_tier	0.005	9956	100	39	2	297	299	0.03278688524590164	0.006688963210702341	0.7475	100.0	True
20260710	1.0	20raw+stat	1.0	frontier_gpt4	0.03	9956	100	39	2	297	299	0.03278688524590164	0.006688963210702341	4.484999999999999	100.0	True
20260710	1.0	20raw+stat	1.5	cheap_heuristic	0.0001	9956	100	39	0	24	24	0.0	0.0	0.0024000000000000002	0.0	True
20260710	1.0	20raw+stat	1.5	small_open	0.0006	9956	100	39	0	24	24	0.0	0.0	0.0144	0.0	True
20260710	1.0	20raw+stat	1.5	iter120_default	0.001	9956	100	39	0	24	24	0.0	0.0	0.024	0.0	True
20260710	1.0	20raw+stat	1.5	mid_tier	0.005	9956	100	39	0	24	24	0.0	0.0	0.12	0.0	True
20260710	1.0	20raw+stat	1.5	frontier_gpt4	0.03	9956	100	39	0	24	24	0.0	0.0	0.72	0.0	True
20260710	1.0	20raw+stat	2.0	cheap_heuristic	0.0001	9956	100	39	0	0	0	0.0	0.0	0.0	0.0	True
20260710	1.0	20raw+stat	2.0	small_open	0.0006	9956	100	39	0	0	0	0.0	0.0	0.0	0.0	True
20260710	1.0	20raw+stat	2.0	iter120_default	0.001	9956	100	39	0	0	0	0.0	0.0	0.0	0.0	True
20260710	1.0	20raw+stat	2.0	mid_tier	0.005	9956	100	39	0	0	0	0.0	0.0	0.0	0.0	True
20260710	1.0	20raw+stat	2.0	frontier_gpt4	0.03	9956	100	39	0	0	0	0.0	0.0	0.0	0.0	True
20260710	1.0	20raw+stat	2.5	cheap_heuristic	0.0001	9956	100	39	0	0	0	0.0	0.0	0.0	0.0	True
20260710	1.0	20raw+stat	2.5	small_open	0.0006	9956	100	39	0	0	0	0.0	0.0	0.0	0.0	True
20260710	1.0	20raw+stat	2.5	iter120_default	0.001	9956	100	39	0	0	0	0.0	0.0	0.0	0.0	True
20260710	1.0	20raw+stat	2.5	mid_tier	0.005	9956	100	39	0	0	0	0.0	0.0	0.0	0.0	True
20260710	1.0	20raw+stat	2.5	frontier_gpt4	0.03	9956	100	39	0	0	0	0.0	0.0	0.0	0.0	True
20260710	1.0	20raw+stat	3.0	cheap_heuristic	0.0001	9956	100	39	0	0	0	0.0	0.0	0.0	0.0	True
20260710	1.0	20raw+stat	3.0	small_open	0.0006	9956	100	39	0	0	0	0.0	0.0	0.0	0.0	True
20260710	1.0	20raw+stat	3.0	iter120_default	0.001	9956	100	39	0	0	0	0.0	0.0	0.0	0.0	True
20260710	1.0	20raw+stat	3.0	mid_tier	0.005	9956	100	39	0	0	0	0.0	0.0	0.0	0.0	True
20260710	1.0	20raw+stat	3.0	frontier_gpt4	0.03	9956	100	39	0	0	0	0.0	0.0	0.0	0.0	True
20260710	0.5	24full	0.0	cheap_heuristic	0.0001	9906	50	20	18	4929	4947	0.6	0.0036385688295936932	0.027483333333333335	900.0	True
20260710	0.5	24full	0.0	small_open	0.0006	9906	50	20	18	4929	4947	0.6	0.0036385688295936932	0.1649	900.0	True
20260710	0.5	24full	0.0	iter120_default	0.001	9906	50	20	18	4929	4947	0.6	0.0036385688295936932	0.2748333333333333	900.0	True
20260710	0.5	24full	0.0	mid_tier	0.005	9906	50	20	18	4929	4947	0.6	0.0036385688295936932	1.3741666666666665	900.0	True
20260710	0.5	24full	0.0	frontier_gpt4	0.03	9906	50	20	18	4929	4947	0.6	0.0036385688295936932	8.245	900.0	True
20260710	0.5	24full	0.5	cheap_heuristic	0.0001	9906	50	20	4	1617	1621	0.13333333333333333	0.0024676125848241827	0.040525	200.0	True
20260710	0.5	24full	0.5	small_open	0.0006	9906	50	20	4	1617	1621	0.13333333333333333	0.0024676125848241827	0.24314999999999998	200.0	True
20260710	0.5	24full	0.5	iter120_default	0.001	9906	50	20	4	1617	1621	0.13333333333333333	0.0024676125848241827	0.40525	200.0	True
20260710	0.5	24full	0.5	mid_tier	0.005	9906	50	20	4	1617	1621	0.13333333333333333	0.0024676125848241827	2.02625	200.0	True
20260710	0.5	24full	0.5	frontier_gpt4	0.03	9906	50	20	4	1617	1621	0.13333333333333333	0.0024676125848241827	12.157499999999999	200.0	True
20260710	0.5	24full	1.0	cheap_heuristic	0.0001	9906	50	20	1	297	298	0.03333333333333333	0.003355704697986577	0.0298	50.0	True
20260710	0.5	24full	1.0	small_open	0.0006	9906	50	20	1	297	298	0.03333333333333333	0.003355704697986577	0.1788	50.0	True
20260710	0.5	24full	1.0	iter120_default	0.001	9906	50	20	1	297	298	0.03333333333333333	0.003355704697986577	0.298	50.0	True
20260710	0.5	24full	1.0	mid_tier	0.005	9906	50	20	1	297	298	0.03333333333333333	0.003355704697986577	1.49	50.0	True
20260710	0.5	24full	1.0	frontier_gpt4	0.03	9906	50	20	1	297	298	0.03333333333333333	0.003355704697986577	8.94	50.0	True
20260710	0.5	24full	1.5	cheap_heuristic	0.0001	9906	50	20	0	24	24	0.0	0.0	0.0024000000000000002	0.0	True
20260710	0.5	24full	1.5	small_open	0.0006	9906	50	20	0	24	24	0.0	0.0	0.0144	0.0	True
20260710	0.5	24full	1.5	iter120_default	0.001	9906	50	20	0	24	24	0.0	0.0	0.024	0.0	True
20260710	0.5	24full	1.5	mid_tier	0.005	9906	50	20	0	24	24	0.0	0.0	0.12	0.0	True
20260710	0.5	24full	1.5	frontier_gpt4	0.03	9906	50	20	0	24	24	0.0	0.0	0.72	0.0	True
20260710	0.5	24full	2.0	cheap_heuristic	0.0001	9906	50	20	0	0	0	0.0	0.0	0.0	0.0	True
20260710	0.5	24full	2.0	small_open	0.0006	9906	50	20	0	0	0	0.0	0.0	0.0	0.0	True
20260710	0.5	24full	2.0	iter120_default	0.001	9906	50	20	0	0	0	0.0	0.0	0.0	0.0	True
20260710	0.5	24full	2.0	mid_tier	0.005	9906	50	20	0	0	0	0.0	0.0	0.0	0.0	True
20260710	0.5	24full	2.0	frontier_gpt4	0.03	9906	50	20	0	0	0	0.0	0.0	0.0	0.0	True
20260710	0.5	24full	2.5	cheap_heuristic	0.0001	9906	50	20	0	0	0	0.0	0.0	0.0	0.0	True
20260710	0.5	24full	2.5	small_open	0.0006	9906	50	20	0	0	0	0.0	0.0	0.0	0.0	True
20260710	0.5	24full	2.5	iter120_default	0.001	9906	50	20	0	0	0	0.0	0.0	0.0	0.0	True
20260710	0.5	24full	2.5	mid_tier	0.005	9906	50	20	0	0	0	0.0	0.0	0.0	0.0	True
20260710	0.5	24full	2.5	frontier_gpt4	0.03	9906	50	20	0	0	0	0.0	0.0	0.0	0.0	True
20260710	0.5	24full	3.0	cheap_heuristic	0.0001	9906	50	20	0	0	0	0.0	0.0	0.0	0.0	True
20260710	0.5	24full	3.0	small_open	0.0006	9906	50	20	0	0	0	0.0	0.0	0.0	0.0	True
20260710	0.5	24full	3.0	iter120_default	0.001	9906	50	20	0	0	0	0.0	0.0	0.0	0.0	True
20260710	0.5	24full	3.0	mid_tier	0.005	9906	50	20	0	0	0	0.0	0.0	0.0	0.0	True
20260710	0.5	24full	3.0	frontier_gpt4	0.03	9906	50	20	0	0	0	0.0	0.0	0.0	0.0	True
20260710	0.5	20raw	0.0	cheap_heuristic	0.0001	9906	50	21	18	4936	4954	0.6206896551724138	0.0036334275333064193	0.027522222222222222	900.0	True
20260710	0.5	20raw	0.0	small_open	0.0006	9906	50	21	18	4936	4954	0.6206896551724138	0.0036334275333064193	0.16513333333333333	900.0	True
20260710	0.5	20raw	0.0	iter120_default	0.001	9906	50	21	18	4936	4954	0.6206896551724138	0.0036334275333064193	0.2752222222222222	900.0	True
20260710	0.5	20raw	0.0	mid_tier	0.005	9906	50	21	18	4936	4954	0.6206896551724138	0.0036334275333064193	1.376111111111111	900.0	True
20260710	0.5	20raw	0.0	frontier_gpt4	0.03	9906	50	21	18	4936	4954	0.6206896551724138	0.0036334275333064193	8.256666666666668	900.0	True
20260710	0.5	20raw	0.5	cheap_heuristic	0.0001	9906	50	21	4	1600	1604	0.13793103448275862	0.0024937655860349127	0.040100000000000004	200.0	True
20260710	0.5	20raw	0.5	small_open	0.0006	9906	50	21	4	1600	1604	0.13793103448275862	0.0024937655860349127	0.24059999999999998	200.0	True
20260710	0.5	20raw	0.5	iter120_default	0.001	9906	50	21	4	1600	1604	0.13793103448275862	0.0024937655860349127	0.401	200.0	True
20260710	0.5	20raw	0.5	mid_tier	0.005	9906	50	21	4	1600	1604	0.13793103448275862	0.0024937655860349127	2.005	200.0	True
20260710	0.5	20raw	0.5	frontier_gpt4	0.03	9906	50	21	4	1600	1604	0.13793103448275862	0.0024937655860349127	12.03	200.0	True
20260710	0.5	20raw	1.0	cheap_heuristic	0.0001	9906	50	21	1	295	296	0.034482758620689655	0.0033783783783783786	0.0296	50.0	True
20260710	0.5	20raw	1.0	small_open	0.0006	9906	50	21	1	295	296	0.034482758620689655	0.0033783783783783786	0.17759999999999998	50.0	True
20260710	0.5	20raw	1.0	iter120_default	0.001	9906	50	21	1	295	296	0.034482758620689655	0.0033783783783783786	0.296	50.0	True
20260710	0.5	20raw	1.0	mid_tier	0.005	9906	50	21	1	295	296	0.034482758620689655	0.0033783783783783786	1.48	50.0	True
20260710	0.5	20raw	1.0	frontier_gpt4	0.03	9906	50	21	1	295	296	0.034482758620689655	0.0033783783783783786	8.879999999999999	50.0	True
20260710	0.5	20raw	1.5	cheap_heuristic	0.0001	9906	50	21	0	24	24	0.0	0.0	0.0024000000000000002	0.0	True
20260710	0.5	20raw	1.5	small_open	0.0006	9906	50	21	0	24	24	0.0	0.0	0.0144	0.0	True
20260710	0.5	20raw	1.5	iter120_default	0.001	9906	50	21	0	24	24	0.0	0.0	0.024	0.0	True
20260710	0.5	20raw	1.5	mid_tier	0.005	9906	50	21	0	24	24	0.0	0.0	0.12	0.0	True
20260710	0.5	20raw	1.5	frontier_gpt4	0.03	9906	50	21	0	24	24	0.0	0.0	0.72	0.0	True
20260710	0.5	20raw	2.0	cheap_heuristic	0.0001	9906	50	21	0	0	0	0.0	0.0	0.0	0.0	True
20260710	0.5	20raw	2.0	small_open	0.0006	9906	50	21	0	0	0	0.0	0.0	0.0	0.0	True
20260710	0.5	20raw	2.0	iter120_default	0.001	9906	50	21	0	0	0	0.0	0.0	0.0	0.0	True
20260710	0.5	20raw	2.0	mid_tier	0.005	9906	50	21	0	0	0	0.0	0.0	0.0	0.0	True
20260710	0.5	20raw	2.0	frontier_gpt4	0.03	9906	50	21	0	0	0	0.0	0.0	0.0	0.0	True
20260710	0.5	20raw	2.5	cheap_heuristic	0.0001	9906	50	21	0	0	0	0.0	0.0	0.0	0.0	True
20260710	0.5	20raw	2.5	small_open	0.0006	9906	50	21	0	0	0	0.0	0.0	0.0	0.0	True
20260710	0.5	20raw	2.5	iter120_default	0.001	9906	50	21	0	0	0	0.0	0.0	0.0	0.0	True
20260710	0.5	20raw	2.5	mid_tier	0.005	9906	50	21	0	0	0	0.0	0.0	0.0	0.0	True
20260710	0.5	20raw	2.5	frontier_gpt4	0.03	9906	50	21	0	0	0	0.0	0.0	0.0	0.0	True
20260710	0.5	20raw	3.0	cheap_heuristic	0.0001	9906	50	21	0	0	0	0.0	0.0	0.0	0.0	True
20260710	0.5	20raw	3.0	small_open	0.0006	9906	50	21	0	0	0	0.0	0.0	0.0	0.0	True
20260710	0.5	20raw	3.0	iter120_default	0.001	9906	50	21	0	0	0	0.0	0.0	0.0	0.0	True
20260710	0.5	20raw	3.0	mid_tier	0.005	9906	50	21	0	0	0	0.0	0.0	0.0	0.0	True
20260710	0.5	20raw	3.0	frontier_gpt4	0.03	9906	50	21	0	0	0	0.0	0.0	0.0	0.0	True
20260710	0.5	20raw+minmax	0.0	cheap_heuristic	0.0001	9906	50	21	18	4940	4958	0.6206896551724138	0.003630496167809601	0.027544444444444444	900.0	True
20260710	0.5	20raw+minmax	0.0	small_open	0.0006	9906	50	21	18	4940	4958	0.6206896551724138	0.003630496167809601	0.16526666666666665	900.0	True
20260710	0.5	20raw+minmax	0.0	iter120_default	0.001	9906	50	21	18	4940	4958	0.6206896551724138	0.003630496167809601	0.27544444444444444	900.0	True
20260710	0.5	20raw+minmax	0.0	mid_tier	0.005	9906	50	21	18	4940	4958	0.6206896551724138	0.003630496167809601	1.3772222222222221	900.0	True
20260710	0.5	20raw+minmax	0.0	frontier_gpt4	0.03	9906	50	21	18	4940	4958	0.6206896551724138	0.003630496167809601	8.263333333333332	900.0	True
20260710	0.5	20raw+minmax	0.5	cheap_heuristic	0.0001	9906	50	21	4	1615	1619	0.13793103448275862	0.0024706609017912293	0.040475000000000004	200.0	True
20260710	0.5	20raw+minmax	0.5	small_open	0.0006	9906	50	21	4	1615	1619	0.13793103448275862	0.0024706609017912293	0.24284999999999998	200.0	True
20260710	0.5	20raw+minmax	0.5	iter120_default	0.001	9906	50	21	4	1615	1619	0.13793103448275862	0.0024706609017912293	0.40475	200.0	True
20260710	0.5	20raw+minmax	0.5	mid_tier	0.005	9906	50	21	4	1615	1619	0.13793103448275862	0.0024706609017912293	2.02375	200.0	True
20260710	0.5	20raw+minmax	0.5	frontier_gpt4	0.03	9906	50	21	4	1615	1619	0.13793103448275862	0.0024706609017912293	12.1425	200.0	True
20260710	0.5	20raw+minmax	1.0	cheap_heuristic	0.0001	9906	50	21	1	296	297	0.034482758620689655	0.003367003367003367	0.0297	50.0	True
20260710	0.5	20raw+minmax	1.0	small_open	0.0006	9906	50	21	1	296	297	0.034482758620689655	0.003367003367003367	0.1782	50.0	True
20260710	0.5	20raw+minmax	1.0	iter120_default	0.001	9906	50	21	1	296	297	0.034482758620689655	0.003367003367003367	0.297	50.0	True
20260710	0.5	20raw+minmax	1.0	mid_tier	0.005	9906	50	21	1	296	297	0.034482758620689655	0.003367003367003367	1.485	50.0	True
20260710	0.5	20raw+minmax	1.0	frontier_gpt4	0.03	9906	50	21	1	296	297	0.034482758620689655	0.003367003367003367	8.91	50.0	True
20260710	0.5	20raw+minmax	1.5	cheap_heuristic	0.0001	9906	50	21	0	24	24	0.0	0.0	0.0024000000000000002	0.0	True
20260710	0.5	20raw+minmax	1.5	small_open	0.0006	9906	50	21	0	24	24	0.0	0.0	0.0144	0.0	True
20260710	0.5	20raw+minmax	1.5	iter120_default	0.001	9906	50	21	0	24	24	0.0	0.0	0.024	0.0	True
20260710	0.5	20raw+minmax	1.5	mid_tier	0.005	9906	50	21	0	24	24	0.0	0.0	0.12	0.0	True
20260710	0.5	20raw+minmax	1.5	frontier_gpt4	0.03	9906	50	21	0	24	24	0.0	0.0	0.72	0.0	True
20260710	0.5	20raw+minmax	2.0	cheap_heuristic	0.0001	9906	50	21	0	0	0	0.0	0.0	0.0	0.0	True
20260710	0.5	20raw+minmax	2.0	small_open	0.0006	9906	50	21	0	0	0	0.0	0.0	0.0	0.0	True
20260710	0.5	20raw+minmax	2.0	iter120_default	0.001	9906	50	21	0	0	0	0.0	0.0	0.0	0.0	True
20260710	0.5	20raw+minmax	2.0	mid_tier	0.005	9906	50	21	0	0	0	0.0	0.0	0.0	0.0	True
20260710	0.5	20raw+minmax	2.0	frontier_gpt4	0.03	9906	50	21	0	0	0	0.0	0.0	0.0	0.0	True
20260710	0.5	20raw+minmax	2.5	cheap_heuristic	0.0001	9906	50	21	0	0	0	0.0	0.0	0.0	0.0	True
20260710	0.5	20raw+minmax	2.5	small_open	0.0006	9906	50	21	0	0	0	0.0	0.0	0.0	0.0	True
20260710	0.5	20raw+minmax	2.5	iter120_default	0.001	9906	50	21	0	0	0	0.0	0.0	0.0	0.0	True
20260710	0.5	20raw+minmax	2.5	mid_tier	0.005	9906	50	21	0	0	0	0.0	0.0	0.0	0.0	True
20260710	0.5	20raw+minmax	2.5	frontier_gpt4	0.03	9906	50	21	0	0	0	0.0	0.0	0.0	0.0	True
20260710	0.5	20raw+minmax	3.0	cheap_heuristic	0.0001	9906	50	21	0	0	0	0.0	0.0	0.0	0.0	True
20260710	0.5	20raw+minmax	3.0	small_open	0.0006	9906	50	21	0	0	0	0.0	0.0	0.0	0.0	True
20260710	0.5	20raw+minmax	3.0	iter120_default	0.001	9906	50	21	0	0	0	0.0	0.0	0.0	0.0	True
20260710	0.5	20raw+minmax	3.0	mid_tier	0.005	9906	50	21	0	0	0	0.0	0.0	0.0	0.0	True
20260710	0.5	20raw+minmax	3.0	frontier_gpt4	0.03	9906	50	21	0	0	0	0.0	0.0	0.0	0.0	True
20260710	0.5	20raw+stat	0.0	cheap_heuristic	0.0001	9906	50	23	15	4932	4947	0.5555555555555556	0.0030321406913280777	0.03298	750.0	True
20260710	0.5	20raw+stat	0.0	small_open	0.0006	9906	50	23	15	4932	4947	0.5555555555555556	0.0030321406913280777	0.19788	750.0	True
20260710	0.5	20raw+stat	0.0	iter120_default	0.001	9906	50	23	15	4932	4947	0.5555555555555556	0.0030321406913280777	0.3298	750.0	True
20260710	0.5	20raw+stat	0.0	mid_tier	0.005	9906	50	23	15	4932	4947	0.5555555555555556	0.0030321406913280777	1.649	750.0	True
20260710	0.5	20raw+stat	0.0	frontier_gpt4	0.03	9906	50	23	15	4932	4947	0.5555555555555556	0.0030321406913280777	9.894	750.0	True
20260710	0.5	20raw+stat	0.5	cheap_heuristic	0.0001	9906	50	23	4	1615	1619	0.14814814814814814	0.0024706609017912293	0.040475000000000004	200.0	True
20260710	0.5	20raw+stat	0.5	small_open	0.0006	9906	50	23	4	1615	1619	0.14814814814814814	0.0024706609017912293	0.24284999999999998	200.0	True
20260710	0.5	20raw+stat	0.5	iter120_default	0.001	9906	50	23	4	1615	1619	0.14814814814814814	0.0024706609017912293	0.40475	200.0	True
20260710	0.5	20raw+stat	0.5	mid_tier	0.005	9906	50	23	4	1615	1619	0.14814814814814814	0.0024706609017912293	2.02375	200.0	True
20260710	0.5	20raw+stat	0.5	frontier_gpt4	0.03	9906	50	23	4	1615	1619	0.14814814814814814	0.0024706609017912293	12.1425	200.0	True
20260710	0.5	20raw+stat	1.0	cheap_heuristic	0.0001	9906	50	23	1	297	298	0.037037037037037035	0.003355704697986577	0.0298	50.0	True
20260710	0.5	20raw+stat	1.0	small_open	0.0006	9906	50	23	1	297	298	0.037037037037037035	0.003355704697986577	0.1788	50.0	True
20260710	0.5	20raw+stat	1.0	iter120_default	0.001	9906	50	23	1	297	298	0.037037037037037035	0.003355704697986577	0.298	50.0	True
20260710	0.5	20raw+stat	1.0	mid_tier	0.005	9906	50	23	1	297	298	0.037037037037037035	0.003355704697986577	1.49	50.0	True
20260710	0.5	20raw+stat	1.0	frontier_gpt4	0.03	9906	50	23	1	297	298	0.037037037037037035	0.003355704697986577	8.94	50.0	True
20260710	0.5	20raw+stat	1.5	cheap_heuristic	0.0001	9906	50	23	0	24	24	0.0	0.0	0.0024000000000000002	0.0	True
20260710	0.5	20raw+stat	1.5	small_open	0.0006	9906	50	23	0	24	24	0.0	0.0	0.0144	0.0	True
20260710	0.5	20raw+stat	1.5	iter120_default	0.001	9906	50	23	0	24	24	0.0	0.0	0.024	0.0	True
20260710	0.5	20raw+stat	1.5	mid_tier	0.005	9906	50	23	0	24	24	0.0	0.0	0.12	0.0	True
20260710	0.5	20raw+stat	1.5	frontier_gpt4	0.03	9906	50	23	0	24	24	0.0	0.0	0.72	0.0	True
20260710	0.5	20raw+stat	2.0	cheap_heuristic	0.0001	9906	50	23	0	0	0	0.0	0.0	0.0	0.0	True
20260710	0.5	20raw+stat	2.0	small_open	0.0006	9906	50	23	0	0	0	0.0	0.0	0.0	0.0	True
20260710	0.5	20raw+stat	2.0	iter120_default	0.001	9906	50	23	0	0	0	0.0	0.0	0.0	0.0	True
20260710	0.5	20raw+stat	2.0	mid_tier	0.005	9906	50	23	0	0	0	0.0	0.0	0.0	0.0	True
20260710	0.5	20raw+stat	2.0	frontier_gpt4	0.03	9906	50	23	0	0	0	0.0	0.0	0.0	0.0	True
20260710	0.5	20raw+stat	2.5	cheap_heuristic	0.0001	9906	50	23	0	0	0	0.0	0.0	0.0	0.0	True
20260710	0.5	20raw+stat	2.5	small_open	0.0006	9906	50	23	0	0	0	0.0	0.0	0.0	0.0	True
20260710	0.5	20raw+stat	2.5	iter120_default	0.001	9906	50	23	0	0	0	0.0	0.0	0.0	0.0	True
20260710	0.5	20raw+stat	2.5	mid_tier	0.005	9906	50	23	0	0	0	0.0	0.0	0.0	0.0	True
20260710	0.5	20raw+stat	2.5	frontier_gpt4	0.03	9906	50	23	0	0	0	0.0	0.0	0.0	0.0	True
20260710	0.5	20raw+stat	3.0	cheap_heuristic	0.0001	9906	50	23	0	0	0	0.0	0.0	0.0	0.0	True
20260710	0.5	20raw+stat	3.0	small_open	0.0006	9906	50	23	0	0	0	0.0	0.0	0.0	0.0	True
20260710	0.5	20raw+stat	3.0	iter120_default	0.001	9906	50	23	0	0	0	0.0	0.0	0.0	0.0	True
20260710	0.5	20raw+stat	3.0	mid_tier	0.005	9906	50	23	0	0	0	0.0	0.0	0.0	0.0	True
20260710	0.5	20raw+stat	3.0	frontier_gpt4	0.03	9906	50	23	0	0	0	0.0	0.0	0.0	0.0	True
20260710	0.1	24full	0.0	cheap_heuristic	0.0001	9866	10	1	5	4922	4927	0.5555555555555556	0.0010148163182463973	0.09854	250.0	True
20260710	0.1	24full	0.0	small_open	0.0006	9866	10	1	5	4922	4927	0.5555555555555556	0.0010148163182463973	0.59124	250.0	True
20260710	0.1	24full	0.0	iter120_default	0.001	9866	10	1	5	4922	4927	0.5555555555555556	0.0010148163182463973	0.9854	250.0	True
20260710	0.1	24full	0.0	mid_tier	0.005	9866	10	1	5	4922	4927	0.5555555555555556	0.0010148163182463973	4.9270000000000005	250.0	True
20260710	0.1	24full	0.0	frontier_gpt4	0.03	9866	10	1	5	4922	4927	0.5555555555555556	0.0010148163182463973	29.562	250.0	True
20260710	0.1	24full	0.5	cheap_heuristic	0.0001	9866	10	1	1	1617	1618	0.1111111111111111	0.0006180469715698393	0.1618	50.0	True
20260710	0.1	24full	0.5	small_open	0.0006	9866	10	1	1	1617	1618	0.1111111111111111	0.0006180469715698393	0.9707999999999999	50.0	True
20260710	0.1	24full	0.5	iter120_default	0.001	9866	10	1	1	1617	1618	0.1111111111111111	0.0006180469715698393	1.618	50.0	True
20260710	0.1	24full	0.5	mid_tier	0.005	9866	10	1	1	1617	1618	0.1111111111111111	0.0006180469715698393	8.09	50.0	True
20260710	0.1	24full	0.5	frontier_gpt4	0.03	9866	10	1	1	1617	1618	0.1111111111111111	0.0006180469715698393	48.54	50.0	True
20260710	0.1	24full	1.0	cheap_heuristic	0.0001	9866	10	1	0	297	297	0.0	0.0	0.0297	0.0	True
20260710	0.1	24full	1.0	small_open	0.0006	9866	10	1	0	297	297	0.0	0.0	0.1782	0.0	True
20260710	0.1	24full	1.0	iter120_default	0.001	9866	10	1	0	297	297	0.0	0.0	0.297	0.0	True
20260710	0.1	24full	1.0	mid_tier	0.005	9866	10	1	0	297	297	0.0	0.0	1.485	0.0	True
20260710	0.1	24full	1.0	frontier_gpt4	0.03	9866	10	1	0	297	297	0.0	0.0	8.91	0.0	True
20260710	0.1	24full	1.5	cheap_heuristic	0.0001	9866	10	1	0	24	24	0.0	0.0	0.0024000000000000002	0.0	True
20260710	0.1	24full	1.5	small_open	0.0006	9866	10	1	0	24	24	0.0	0.0	0.0144	0.0	True
20260710	0.1	24full	1.5	iter120_default	0.001	9866	10	1	0	24	24	0.0	0.0	0.024	0.0	True
20260710	0.1	24full	1.5	mid_tier	0.005	9866	10	1	0	24	24	0.0	0.0	0.12	0.0	True
20260710	0.1	24full	1.5	frontier_gpt4	0.03	9866	10	1	0	24	24	0.0	0.0	0.72	0.0	True
20260710	0.1	24full	2.0	cheap_heuristic	0.0001	9866	10	1	0	0	0	0.0	0.0	0.0	0.0	True
20260710	0.1	24full	2.0	small_open	0.0006	9866	10	1	0	0	0	0.0	0.0	0.0	0.0	True
20260710	0.1	24full	2.0	iter120_default	0.001	9866	10	1	0	0	0	0.0	0.0	0.0	0.0	True
20260710	0.1	24full	2.0	mid_tier	0.005	9866	10	1	0	0	0	0.0	0.0	0.0	0.0	True
20260710	0.1	24full	2.0	frontier_gpt4	0.03	9866	10	1	0	0	0	0.0	0.0	0.0	0.0	True
20260710	0.1	24full	2.5	cheap_heuristic	0.0001	9866	10	1	0	0	0	0.0	0.0	0.0	0.0	True
20260710	0.1	24full	2.5	small_open	0.0006	9866	10	1	0	0	0	0.0	0.0	0.0	0.0	True
20260710	0.1	24full	2.5	iter120_default	0.001	9866	10	1	0	0	0	0.0	0.0	0.0	0.0	True
20260710	0.1	24full	2.5	mid_tier	0.005	9866	10	1	0	0	0	0.0	0.0	0.0	0.0	True
20260710	0.1	24full	2.5	frontier_gpt4	0.03	9866	10	1	0	0	0	0.0	0.0	0.0	0.0	True
20260710	0.1	24full	3.0	cheap_heuristic	0.0001	9866	10	1	0	0	0	0.0	0.0	0.0	0.0	True
20260710	0.1	24full	3.0	small_open	0.0006	9866	10	1	0	0	0	0.0	0.0	0.0	0.0	True
20260710	0.1	24full	3.0	iter120_default	0.001	9866	10	1	0	0	0	0.0	0.0	0.0	0.0	True
20260710	0.1	24full	3.0	mid_tier	0.005	9866	10	1	0	0	0	0.0	0.0	0.0	0.0	True
20260710	0.1	24full	3.0	frontier_gpt4	0.03	9866	10	1	0	0	0	0.0	0.0	0.0	0.0	True
20260710	0.1	20raw	0.0	cheap_heuristic	0.0001	9866	10	1	5	4920	4925	0.5555555555555556	0.0010152284263959391	0.0985	250.0	True
20260710	0.1	20raw	0.0	small_open	0.0006	9866	10	1	5	4920	4925	0.5555555555555556	0.0010152284263959391	0.591	250.0	True
20260710	0.1	20raw	0.0	iter120_default	0.001	9866	10	1	5	4920	4925	0.5555555555555556	0.0010152284263959391	0.985	250.0	True
20260710	0.1	20raw	0.0	mid_tier	0.005	9866	10	1	5	4920	4925	0.5555555555555556	0.0010152284263959391	4.925	250.0	True
20260710	0.1	20raw	0.0	frontier_gpt4	0.03	9866	10	1	5	4920	4925	0.5555555555555556	0.0010152284263959391	29.55	250.0	True
20260710	0.1	20raw	0.5	cheap_heuristic	0.0001	9866	10	1	1	1597	1598	0.1111111111111111	0.0006257822277847309	0.1598	50.0	True
20260710	0.1	20raw	0.5	small_open	0.0006	9866	10	1	1	1597	1598	0.1111111111111111	0.0006257822277847309	0.9587999999999999	50.0	True
20260710	0.1	20raw	0.5	iter120_default	0.001	9866	10	1	1	1597	1598	0.1111111111111111	0.0006257822277847309	1.598	50.0	True
20260710	0.1	20raw	0.5	mid_tier	0.005	9866	10	1	1	1597	1598	0.1111111111111111	0.0006257822277847309	7.99	50.0	True
20260710	0.1	20raw	0.5	frontier_gpt4	0.03	9866	10	1	1	1597	1598	0.1111111111111111	0.0006257822277847309	47.94	50.0	True
20260710	0.1	20raw	1.0	cheap_heuristic	0.0001	9866	10	1	0	295	295	0.0	0.0	0.029500000000000002	0.0	True
20260710	0.1	20raw	1.0	small_open	0.0006	9866	10	1	0	295	295	0.0	0.0	0.177	0.0	True
20260710	0.1	20raw	1.0	iter120_default	0.001	9866	10	1	0	295	295	0.0	0.0	0.295	0.0	True
20260710	0.1	20raw	1.0	mid_tier	0.005	9866	10	1	0	295	295	0.0	0.0	1.475	0.0	True
20260710	0.1	20raw	1.0	frontier_gpt4	0.03	9866	10	1	0	295	295	0.0	0.0	8.85	0.0	True
20260710	0.1	20raw	1.5	cheap_heuristic	0.0001	9866	10	1	0	24	24	0.0	0.0	0.0024000000000000002	0.0	True
20260710	0.1	20raw	1.5	small_open	0.0006	9866	10	1	0	24	24	0.0	0.0	0.0144	0.0	True
20260710	0.1	20raw	1.5	iter120_default	0.001	9866	10	1	0	24	24	0.0	0.0	0.024	0.0	True
20260710	0.1	20raw	1.5	mid_tier	0.005	9866	10	1	0	24	24	0.0	0.0	0.12	0.0	True
20260710	0.1	20raw	1.5	frontier_gpt4	0.03	9866	10	1	0	24	24	0.0	0.0	0.72	0.0	True
20260710	0.1	20raw	2.0	cheap_heuristic	0.0001	9866	10	1	0	0	0	0.0	0.0	0.0	0.0	True
20260710	0.1	20raw	2.0	small_open	0.0006	9866	10	1	0	0	0	0.0	0.0	0.0	0.0	True
20260710	0.1	20raw	2.0	iter120_default	0.001	9866	10	1	0	0	0	0.0	0.0	0.0	0.0	True
20260710	0.1	20raw	2.0	mid_tier	0.005	9866	10	1	0	0	0	0.0	0.0	0.0	0.0	True
20260710	0.1	20raw	2.0	frontier_gpt4	0.03	9866	10	1	0	0	0	0.0	0.0	0.0	0.0	True
20260710	0.1	20raw	2.5	cheap_heuristic	0.0001	9866	10	1	0	0	0	0.0	0.0	0.0	0.0	True
20260710	0.1	20raw	2.5	small_open	0.0006	9866	10	1	0	0	0	0.0	0.0	0.0	0.0	True
20260710	0.1	20raw	2.5	iter120_default	0.001	9866	10	1	0	0	0	0.0	0.0	0.0	0.0	True
20260710	0.1	20raw	2.5	mid_tier	0.005	9866	10	1	0	0	0	0.0	0.0	0.0	0.0	True
20260710	0.1	20raw	2.5	frontier_gpt4	0.03	9866	10	1	0	0	0	0.0	0.0	0.0	0.0	True
20260710	0.1	20raw	3.0	cheap_heuristic	0.0001	9866	10	1	0	0	0	0.0	0.0	0.0	0.0	True
20260710	0.1	20raw	3.0	small_open	0.0006	9866	10	1	0	0	0	0.0	0.0	0.0	0.0	True
20260710	0.1	20raw	3.0	iter120_default	0.001	9866	10	1	0	0	0	0.0	0.0	0.0	0.0	True
20260710	0.1	20raw	3.0	mid_tier	0.005	9866	10	1	0	0	0	0.0	0.0	0.0	0.0	True
20260710	0.1	20raw	3.0	frontier_gpt4	0.03	9866	10	1	0	0	0	0.0	0.0	0.0	0.0	True
20260710	0.1	20raw+minmax	0.0	cheap_heuristic	0.0001	9866	10	1	5	4930	4935	0.5555555555555556	0.0010131712259371835	0.09870000000000001	250.0	True
20260710	0.1	20raw+minmax	0.0	small_open	0.0006	9866	10	1	5	4930	4935	0.5555555555555556	0.0010131712259371835	0.5922	250.0	True
20260710	0.1	20raw+minmax	0.0	iter120_default	0.001	9866	10	1	5	4930	4935	0.5555555555555556	0.0010131712259371835	0.9870000000000001	250.0	True
20260710	0.1	20raw+minmax	0.0	mid_tier	0.005	9866	10	1	5	4930	4935	0.5555555555555556	0.0010131712259371835	4.9350000000000005	250.0	True
20260710	0.1	20raw+minmax	0.0	frontier_gpt4	0.03	9866	10	1	5	4930	4935	0.5555555555555556	0.0010131712259371835	29.609999999999996	250.0	True
20260710	0.1	20raw+minmax	0.5	cheap_heuristic	0.0001	9866	10	1	1	1611	1612	0.1111111111111111	0.0006203473945409429	0.1612	50.0	True
20260710	0.1	20raw+minmax	0.5	small_open	0.0006	9866	10	1	1	1611	1612	0.1111111111111111	0.0006203473945409429	0.9672	50.0	True
20260710	0.1	20raw+minmax	0.5	iter120_default	0.001	9866	10	1	1	1611	1612	0.1111111111111111	0.0006203473945409429	1.612	50.0	True
20260710	0.1	20raw+minmax	0.5	mid_tier	0.005	9866	10	1	1	1611	1612	0.1111111111111111	0.0006203473945409429	8.06	50.0	True
20260710	0.1	20raw+minmax	0.5	frontier_gpt4	0.03	9866	10	1	1	1611	1612	0.1111111111111111	0.0006203473945409429	48.36	50.0	True
20260710	0.1	20raw+minmax	1.0	cheap_heuristic	0.0001	9866	10	1	0	296	296	0.0	0.0	0.0296	0.0	True
20260710	0.1	20raw+minmax	1.0	small_open	0.0006	9866	10	1	0	296	296	0.0	0.0	0.17759999999999998	0.0	True
20260710	0.1	20raw+minmax	1.0	iter120_default	0.001	9866	10	1	0	296	296	0.0	0.0	0.296	0.0	True
20260710	0.1	20raw+minmax	1.0	mid_tier	0.005	9866	10	1	0	296	296	0.0	0.0	1.48	0.0	True
20260710	0.1	20raw+minmax	1.0	frontier_gpt4	0.03	9866	10	1	0	296	296	0.0	0.0	8.879999999999999	0.0	True
20260710	0.1	20raw+minmax	1.5	cheap_heuristic	0.0001	9866	10	1	0	24	24	0.0	0.0	0.0024000000000000002	0.0	True
20260710	0.1	20raw+minmax	1.5	small_open	0.0006	9866	10	1	0	24	24	0.0	0.0	0.0144	0.0	True
20260710	0.1	20raw+minmax	1.5	iter120_default	0.001	9866	10	1	0	24	24	0.0	0.0	0.024	0.0	True
20260710	0.1	20raw+minmax	1.5	mid_tier	0.005	9866	10	1	0	24	24	0.0	0.0	0.12	0.0	True
20260710	0.1	20raw+minmax	1.5	frontier_gpt4	0.03	9866	10	1	0	24	24	0.0	0.0	0.72	0.0	True
20260710	0.1	20raw+minmax	2.0	cheap_heuristic	0.0001	9866	10	1	0	0	0	0.0	0.0	0.0	0.0	True
20260710	0.1	20raw+minmax	2.0	small_open	0.0006	9866	10	1	0	0	0	0.0	0.0	0.0	0.0	True
20260710	0.1	20raw+minmax	2.0	iter120_default	0.001	9866	10	1	0	0	0	0.0	0.0	0.0	0.0	True
20260710	0.1	20raw+minmax	2.0	mid_tier	0.005	9866	10	1	0	0	0	0.0	0.0	0.0	0.0	True
20260710	0.1	20raw+minmax	2.0	frontier_gpt4	0.03	9866	10	1	0	0	0	0.0	0.0	0.0	0.0	True
20260710	0.1	20raw+minmax	2.5	cheap_heuristic	0.0001	9866	10	1	0	0	0	0.0	0.0	0.0	0.0	True
20260710	0.1	20raw+minmax	2.5	small_open	0.0006	9866	10	1	0	0	0	0.0	0.0	0.0	0.0	True
20260710	0.1	20raw+minmax	2.5	iter120_default	0.001	9866	10	1	0	0	0	0.0	0.0	0.0	0.0	True
20260710	0.1	20raw+minmax	2.5	mid_tier	0.005	9866	10	1	0	0	0	0.0	0.0	0.0	0.0	True
20260710	0.1	20raw+minmax	2.5	frontier_gpt4	0.03	9866	10	1	0	0	0	0.0	0.0	0.0	0.0	True
20260710	0.1	20raw+minmax	3.0	cheap_heuristic	0.0001	9866	10	1	0	0	0	0.0	0.0	0.0	0.0	True
20260710	0.1	20raw+minmax	3.0	small_open	0.0006	9866	10	1	0	0	0	0.0	0.0	0.0	0.0	True
20260710	0.1	20raw+minmax	3.0	iter120_default	0.001	9866	10	1	0	0	0	0.0	0.0	0.0	0.0	True
20260710	0.1	20raw+minmax	3.0	mid_tier	0.005	9866	10	1	0	0	0	0.0	0.0	0.0	0.0	True
20260710	0.1	20raw+minmax	3.0	frontier_gpt4	0.03	9866	10	1	0	0	0	0.0	0.0	0.0	0.0	True
20260710	0.1	20raw+stat	0.0	cheap_heuristic	0.0001	9866	10	1	5	4918	4923	0.5555555555555556	0.0010156408693885843	0.09846	250.0	True
20260710	0.1	20raw+stat	0.0	small_open	0.0006	9866	10	1	5	4918	4923	0.5555555555555556	0.0010156408693885843	0.59076	250.0	True
20260710	0.1	20raw+stat	0.0	iter120_default	0.001	9866	10	1	5	4918	4923	0.5555555555555556	0.0010156408693885843	0.9846	250.0	True
20260710	0.1	20raw+stat	0.0	mid_tier	0.005	9866	10	1	5	4918	4923	0.5555555555555556	0.0010156408693885843	4.923	250.0	True
20260710	0.1	20raw+stat	0.0	frontier_gpt4	0.03	9866	10	1	5	4918	4923	0.5555555555555556	0.0010156408693885843	29.538	250.0	True
20260710	0.1	20raw+stat	0.5	cheap_heuristic	0.0001	9866	10	1	1	1614	1615	0.1111111111111111	0.0006191950464396285	0.1615	50.0	True
20260710	0.1	20raw+stat	0.5	small_open	0.0006	9866	10	1	1	1614	1615	0.1111111111111111	0.0006191950464396285	0.9689999999999999	50.0	True
20260710	0.1	20raw+stat	0.5	iter120_default	0.001	9866	10	1	1	1614	1615	0.1111111111111111	0.0006191950464396285	1.615	50.0	True
20260710	0.1	20raw+stat	0.5	mid_tier	0.005	9866	10	1	1	1614	1615	0.1111111111111111	0.0006191950464396285	8.075	50.0	True
20260710	0.1	20raw+stat	0.5	frontier_gpt4	0.03	9866	10	1	1	1614	1615	0.1111111111111111	0.0006191950464396285	48.449999999999996	50.0	True
20260710	0.1	20raw+stat	1.0	cheap_heuristic	0.0001	9866	10	1	0	297	297	0.0	0.0	0.0297	0.0	True
20260710	0.1	20raw+stat	1.0	small_open	0.0006	9866	10	1	0	297	297	0.0	0.0	0.1782	0.0	True
20260710	0.1	20raw+stat	1.0	iter120_default	0.001	9866	10	1	0	297	297	0.0	0.0	0.297	0.0	True
20260710	0.1	20raw+stat	1.0	mid_tier	0.005	9866	10	1	0	297	297	0.0	0.0	1.485	0.0	True
20260710	0.1	20raw+stat	1.0	frontier_gpt4	0.03	9866	10	1	0	297	297	0.0	0.0	8.91	0.0	True
20260710	0.1	20raw+stat	1.5	cheap_heuristic	0.0001	9866	10	1	0	24	24	0.0	0.0	0.0024000000000000002	0.0	True
20260710	0.1	20raw+stat	1.5	small_open	0.0006	9866	10	1	0	24	24	0.0	0.0	0.0144	0.0	True
20260710	0.1	20raw+stat	1.5	iter120_default	0.001	9866	10	1	0	24	24	0.0	0.0	0.024	0.0	True
20260710	0.1	20raw+stat	1.5	mid_tier	0.005	9866	10	1	0	24	24	0.0	0.0	0.12	0.0	True
20260710	0.1	20raw+stat	1.5	frontier_gpt4	0.03	9866	10	1	0	24	24	0.0	0.0	0.72	0.0	True
20260710	0.1	20raw+stat	2.0	cheap_heuristic	0.0001	9866	10	1	0	0	0	0.0	0.0	0.0	0.0	True
20260710	0.1	20raw+stat	2.0	small_open	0.0006	9866	10	1	0	0	0	0.0	0.0	0.0	0.0	True
20260710	0.1	20raw+stat	2.0	iter120_default	0.001	9866	10	1	0	0	0	0.0	0.0	0.0	0.0	True
20260710	0.1	20raw+stat	2.0	mid_tier	0.005	9866	10	1	0	0	0	0.0	0.0	0.0	0.0	True
20260710	0.1	20raw+stat	2.0	frontier_gpt4	0.03	9866	10	1	0	0	0	0.0	0.0	0.0	0.0	True
20260710	0.1	20raw+stat	2.5	cheap_heuristic	0.0001	9866	10	1	0	0	0	0.0	0.0	0.0	0.0	True
20260710	0.1	20raw+stat	2.5	small_open	0.0006	9866	10	1	0	0	0	0.0	0.0	0.0	0.0	True
20260710	0.1	20raw+stat	2.5	iter120_default	0.001	9866	10	1	0	0	0	0.0	0.0	0.0	0.0	True
20260710	0.1	20raw+stat	2.5	mid_tier	0.005	9866	10	1	0	0	0	0.0	0.0	0.0	0.0	True
20260710	0.1	20raw+stat	2.5	frontier_gpt4	0.03	9866	10	1	0	0	0	0.0	0.0	0.0	0.0	True
20260710	0.1	20raw+stat	3.0	cheap_heuristic	0.0001	9866	10	1	0	0	0	0.0	0.0	0.0	0.0	True
20260710	0.1	20raw+stat	3.0	small_open	0.0006	9866	10	1	0	0	0	0.0	0.0	0.0	0.0	True
20260710	0.1	20raw+stat	3.0	iter120_default	0.001	9866	10	1	0	0	0	0.0	0.0	0.0	0.0	True
20260710	0.1	20raw+stat	3.0	mid_tier	0.005	9866	10	1	0	0	0	0.0	0.0	0.0	0.0	True
20260710	0.1	20raw+stat	3.0	frontier_gpt4	0.03	9866	10	1	0	0	0	0.0	0.0	0.0	0.0	True
20260710	0.05	24full	0.0	cheap_heuristic	0.0001	9861	5	3	1	4924	4925	0.5	0.0002030456852791878	0.49250000000000005	50.0	True
20260710	0.05	24full	0.0	small_open	0.0006	9861	5	3	1	4924	4925	0.5	0.0002030456852791878	2.9549999999999996	50.0	True
20260710	0.05	24full	0.0	iter120_default	0.001	9861	5	3	1	4924	4925	0.5	0.0002030456852791878	4.925	50.0	True
20260710	0.05	24full	0.0	mid_tier	0.005	9861	5	3	1	4924	4925	0.5	0.0002030456852791878	24.625	50.0	True
20260710	0.05	24full	0.0	frontier_gpt4	0.03	9861	5	3	1	4924	4925	0.5	0.0002030456852791878	147.75	50.0	False
20260710	0.05	24full	0.5	cheap_heuristic	0.0001	9861	5	3	1	1617	1618	0.5	0.0006180469715698393	0.1618	50.0	True
20260710	0.05	24full	0.5	small_open	0.0006	9861	5	3	1	1617	1618	0.5	0.0006180469715698393	0.9707999999999999	50.0	True
20260710	0.05	24full	0.5	iter120_default	0.001	9861	5	3	1	1617	1618	0.5	0.0006180469715698393	1.618	50.0	True
20260710	0.05	24full	0.5	mid_tier	0.005	9861	5	3	1	1617	1618	0.5	0.0006180469715698393	8.09	50.0	True
20260710	0.05	24full	0.5	frontier_gpt4	0.03	9861	5	3	1	1617	1618	0.5	0.0006180469715698393	48.54	50.0	True
20260710	0.05	24full	1.0	cheap_heuristic	0.0001	9861	5	3	0	297	297	0.0	0.0	0.0297	0.0	True
20260710	0.05	24full	1.0	small_open	0.0006	9861	5	3	0	297	297	0.0	0.0	0.1782	0.0	True
20260710	0.05	24full	1.0	iter120_default	0.001	9861	5	3	0	297	297	0.0	0.0	0.297	0.0	True
20260710	0.05	24full	1.0	mid_tier	0.005	9861	5	3	0	297	297	0.0	0.0	1.485	0.0	True
20260710	0.05	24full	1.0	frontier_gpt4	0.03	9861	5	3	0	297	297	0.0	0.0	8.91	0.0	True
20260710	0.05	24full	1.5	cheap_heuristic	0.0001	9861	5	3	0	24	24	0.0	0.0	0.0024000000000000002	0.0	True
20260710	0.05	24full	1.5	small_open	0.0006	9861	5	3	0	24	24	0.0	0.0	0.0144	0.0	True
20260710	0.05	24full	1.5	iter120_default	0.001	9861	5	3	0	24	24	0.0	0.0	0.024	0.0	True
20260710	0.05	24full	1.5	mid_tier	0.005	9861	5	3	0	24	24	0.0	0.0	0.12	0.0	True
20260710	0.05	24full	1.5	frontier_gpt4	0.03	9861	5	3	0	24	24	0.0	0.0	0.72	0.0	True
20260710	0.05	24full	2.0	cheap_heuristic	0.0001	9861	5	3	0	0	0	0.0	0.0	0.0	0.0	True
20260710	0.05	24full	2.0	small_open	0.0006	9861	5	3	0	0	0	0.0	0.0	0.0	0.0	True
20260710	0.05	24full	2.0	iter120_default	0.001	9861	5	3	0	0	0	0.0	0.0	0.0	0.0	True
20260710	0.05	24full	2.0	mid_tier	0.005	9861	5	3	0	0	0	0.0	0.0	0.0	0.0	True
20260710	0.05	24full	2.0	frontier_gpt4	0.03	9861	5	3	0	0	0	0.0	0.0	0.0	0.0	True
20260710	0.05	24full	2.5	cheap_heuristic	0.0001	9861	5	3	0	0	0	0.0	0.0	0.0	0.0	True
20260710	0.05	24full	2.5	small_open	0.0006	9861	5	3	0	0	0	0.0	0.0	0.0	0.0	True
20260710	0.05	24full	2.5	iter120_default	0.001	9861	5	3	0	0	0	0.0	0.0	0.0	0.0	True
20260710	0.05	24full	2.5	mid_tier	0.005	9861	5	3	0	0	0	0.0	0.0	0.0	0.0	True
20260710	0.05	24full	2.5	frontier_gpt4	0.03	9861	5	3	0	0	0	0.0	0.0	0.0	0.0	True
20260710	0.05	24full	3.0	cheap_heuristic	0.0001	9861	5	3	0	0	0	0.0	0.0	0.0	0.0	True
20260710	0.05	24full	3.0	small_open	0.0006	9861	5	3	0	0	0	0.0	0.0	0.0	0.0	True
20260710	0.05	24full	3.0	iter120_default	0.001	9861	5	3	0	0	0	0.0	0.0	0.0	0.0	True
20260710	0.05	24full	3.0	mid_tier	0.005	9861	5	3	0	0	0	0.0	0.0	0.0	0.0	True
20260710	0.05	24full	3.0	frontier_gpt4	0.03	9861	5	3	0	0	0	0.0	0.0	0.0	0.0	True
20260710	0.05	20raw	0.0	cheap_heuristic	0.0001	9861	5	3	1	4922	4923	0.5	0.00020312817387771684	0.4923	50.0	True
20260710	0.05	20raw	0.0	small_open	0.0006	9861	5	3	1	4922	4923	0.5	0.00020312817387771684	2.9537999999999998	50.0	True
20260710	0.05	20raw	0.0	iter120_default	0.001	9861	5	3	1	4922	4923	0.5	0.00020312817387771684	4.923	50.0	True
20260710	0.05	20raw	0.0	mid_tier	0.005	9861	5	3	1	4922	4923	0.5	0.00020312817387771684	24.615000000000002	50.0	True
20260710	0.05	20raw	0.0	frontier_gpt4	0.03	9861	5	3	1	4922	4923	0.5	0.00020312817387771684	147.69	50.0	False
20260710	0.05	20raw	0.5	cheap_heuristic	0.0001	9861	5	3	1	1597	1598	0.5	0.0006257822277847309	0.1598	50.0	True
20260710	0.05	20raw	0.5	small_open	0.0006	9861	5	3	1	1597	1598	0.5	0.0006257822277847309	0.9587999999999999	50.0	True
20260710	0.05	20raw	0.5	iter120_default	0.001	9861	5	3	1	1597	1598	0.5	0.0006257822277847309	1.598	50.0	True
20260710	0.05	20raw	0.5	mid_tier	0.005	9861	5	3	1	1597	1598	0.5	0.0006257822277847309	7.99	50.0	True
20260710	0.05	20raw	0.5	frontier_gpt4	0.03	9861	5	3	1	1597	1598	0.5	0.0006257822277847309	47.94	50.0	True
20260710	0.05	20raw	1.0	cheap_heuristic	0.0001	9861	5	3	0	295	295	0.0	0.0	0.029500000000000002	0.0	True
20260710	0.05	20raw	1.0	small_open	0.0006	9861	5	3	0	295	295	0.0	0.0	0.177	0.0	True
20260710	0.05	20raw	1.0	iter120_default	0.001	9861	5	3	0	295	295	0.0	0.0	0.295	0.0	True
20260710	0.05	20raw	1.0	mid_tier	0.005	9861	5	3	0	295	295	0.0	0.0	1.475	0.0	True
20260710	0.05	20raw	1.0	frontier_gpt4	0.03	9861	5	3	0	295	295	0.0	0.0	8.85	0.0	True
20260710	0.05	20raw	1.5	cheap_heuristic	0.0001	9861	5	3	0	24	24	0.0	0.0	0.0024000000000000002	0.0	True
20260710	0.05	20raw	1.5	small_open	0.0006	9861	5	3	0	24	24	0.0	0.0	0.0144	0.0	True
20260710	0.05	20raw	1.5	iter120_default	0.001	9861	5	3	0	24	24	0.0	0.0	0.024	0.0	True
20260710	0.05	20raw	1.5	mid_tier	0.005	9861	5	3	0	24	24	0.0	0.0	0.12	0.0	True
20260710	0.05	20raw	1.5	frontier_gpt4	0.03	9861	5	3	0	24	24	0.0	0.0	0.72	0.0	True
20260710	0.05	20raw	2.0	cheap_heuristic	0.0001	9861	5	3	0	0	0	0.0	0.0	0.0	0.0	True
20260710	0.05	20raw	2.0	small_open	0.0006	9861	5	3	0	0	0	0.0	0.0	0.0	0.0	True
20260710	0.05	20raw	2.0	iter120_default	0.001	9861	5	3	0	0	0	0.0	0.0	0.0	0.0	True
20260710	0.05	20raw	2.0	mid_tier	0.005	9861	5	3	0	0	0	0.0	0.0	0.0	0.0	True
20260710	0.05	20raw	2.0	frontier_gpt4	0.03	9861	5	3	0	0	0	0.0	0.0	0.0	0.0	True
20260710	0.05	20raw	2.5	cheap_heuristic	0.0001	9861	5	3	0	0	0	0.0	0.0	0.0	0.0	True
20260710	0.05	20raw	2.5	small_open	0.0006	9861	5	3	0	0	0	0.0	0.0	0.0	0.0	True
20260710	0.05	20raw	2.5	iter120_default	0.001	9861	5	3	0	0	0	0.0	0.0	0.0	0.0	True
20260710	0.05	20raw	2.5	mid_tier	0.005	9861	5	3	0	0	0	0.0	0.0	0.0	0.0	True
20260710	0.05	20raw	2.5	frontier_gpt4	0.03	9861	5	3	0	0	0	0.0	0.0	0.0	0.0	True
20260710	0.05	20raw	3.0	cheap_heuristic	0.0001	9861	5	3	0	0	0	0.0	0.0	0.0	0.0	True
20260710	0.05	20raw	3.0	small_open	0.0006	9861	5	3	0	0	0	0.0	0.0	0.0	0.0	True
20260710	0.05	20raw	3.0	iter120_default	0.001	9861	5	3	0	0	0	0.0	0.0	0.0	0.0	True
20260710	0.05	20raw	3.0	mid_tier	0.005	9861	5	3	0	0	0	0.0	0.0	0.0	0.0	True
20260710	0.05	20raw	3.0	frontier_gpt4	0.03	9861	5	3	0	0	0	0.0	0.0	0.0	0.0	True
20260710	0.05	20raw+minmax	0.0	cheap_heuristic	0.0001	9861	5	3	1	4931	4932	0.5	0.00020275750202757503	0.4932	50.0	True
20260710	0.05	20raw+minmax	0.0	small_open	0.0006	9861	5	3	1	4931	4932	0.5	0.00020275750202757503	2.9591999999999996	50.0	True
20260710	0.05	20raw+minmax	0.0	iter120_default	0.001	9861	5	3	1	4931	4932	0.5	0.00020275750202757503	4.932	50.0	True
20260710	0.05	20raw+minmax	0.0	mid_tier	0.005	9861	5	3	1	4931	4932	0.5	0.00020275750202757503	24.66	50.0	True
20260710	0.05	20raw+minmax	0.0	frontier_gpt4	0.03	9861	5	3	1	4931	4932	0.5	0.00020275750202757503	147.96	50.0	False
20260710	0.05	20raw+minmax	0.5	cheap_heuristic	0.0001	9861	5	3	1	1611	1612	0.5	0.0006203473945409429	0.1612	50.0	True
20260710	0.05	20raw+minmax	0.5	small_open	0.0006	9861	5	3	1	1611	1612	0.5	0.0006203473945409429	0.9672	50.0	True
20260710	0.05	20raw+minmax	0.5	iter120_default	0.001	9861	5	3	1	1611	1612	0.5	0.0006203473945409429	1.612	50.0	True
20260710	0.05	20raw+minmax	0.5	mid_tier	0.005	9861	5	3	1	1611	1612	0.5	0.0006203473945409429	8.06	50.0	True
20260710	0.05	20raw+minmax	0.5	frontier_gpt4	0.03	9861	5	3	1	1611	1612	0.5	0.0006203473945409429	48.36	50.0	True
20260710	0.05	20raw+minmax	1.0	cheap_heuristic	0.0001	9861	5	3	0	296	296	0.0	0.0	0.0296	0.0	True
20260710	0.05	20raw+minmax	1.0	small_open	0.0006	9861	5	3	0	296	296	0.0	0.0	0.17759999999999998	0.0	True
20260710	0.05	20raw+minmax	1.0	iter120_default	0.001	9861	5	3	0	296	296	0.0	0.0	0.296	0.0	True
20260710	0.05	20raw+minmax	1.0	mid_tier	0.005	9861	5	3	0	296	296	0.0	0.0	1.48	0.0	True
20260710	0.05	20raw+minmax	1.0	frontier_gpt4	0.03	9861	5	3	0	296	296	0.0	0.0	8.879999999999999	0.0	True
20260710	0.05	20raw+minmax	1.5	cheap_heuristic	0.0001	9861	5	3	0	24	24	0.0	0.0	0.0024000000000000002	0.0	True
20260710	0.05	20raw+minmax	1.5	small_open	0.0006	9861	5	3	0	24	24	0.0	0.0	0.0144	0.0	True
20260710	0.05	20raw+minmax	1.5	iter120_default	0.001	9861	5	3	0	24	24	0.0	0.0	0.024	0.0	True
20260710	0.05	20raw+minmax	1.5	mid_tier	0.005	9861	5	3	0	24	24	0.0	0.0	0.12	0.0	True
20260710	0.05	20raw+minmax	1.5	frontier_gpt4	0.03	9861	5	3	0	24	24	0.0	0.0	0.72	0.0	True
20260710	0.05	20raw+minmax	2.0	cheap_heuristic	0.0001	9861	5	3	0	0	0	0.0	0.0	0.0	0.0	True
20260710	0.05	20raw+minmax	2.0	small_open	0.0006	9861	5	3	0	0	0	0.0	0.0	0.0	0.0	True
20260710	0.05	20raw+minmax	2.0	iter120_default	0.001	9861	5	3	0	0	0	0.0	0.0	0.0	0.0	True
20260710	0.05	20raw+minmax	2.0	mid_tier	0.005	9861	5	3	0	0	0	0.0	0.0	0.0	0.0	True
20260710	0.05	20raw+minmax	2.0	frontier_gpt4	0.03	9861	5	3	0	0	0	0.0	0.0	0.0	0.0	True
20260710	0.05	20raw+minmax	2.5	cheap_heuristic	0.0001	9861	5	3	0	0	0	0.0	0.0	0.0	0.0	True
20260710	0.05	20raw+minmax	2.5	small_open	0.0006	9861	5	3	0	0	0	0.0	0.0	0.0	0.0	True
20260710	0.05	20raw+minmax	2.5	iter120_default	0.001	9861	5	3	0	0	0	0.0	0.0	0.0	0.0	True
20260710	0.05	20raw+minmax	2.5	mid_tier	0.005	9861	5	3	0	0	0	0.0	0.0	0.0	0.0	True
20260710	0.05	20raw+minmax	2.5	frontier_gpt4	0.03	9861	5	3	0	0	0	0.0	0.0	0.0	0.0	True
20260710	0.05	20raw+minmax	3.0	cheap_heuristic	0.0001	9861	5	3	0	0	0	0.0	0.0	0.0	0.0	True
20260710	0.05	20raw+minmax	3.0	small_open	0.0006	9861	5	3	0	0	0	0.0	0.0	0.0	0.0	True
20260710	0.05	20raw+minmax	3.0	iter120_default	0.001	9861	5	3	0	0	0	0.0	0.0	0.0	0.0	True
20260710	0.05	20raw+minmax	3.0	mid_tier	0.005	9861	5	3	0	0	0	0.0	0.0	0.0	0.0	True
20260710	0.05	20raw+minmax	3.0	frontier_gpt4	0.03	9861	5	3	0	0	0	0.0	0.0	0.0	0.0	True
20260710	0.05	20raw+stat	0.0	cheap_heuristic	0.0001	9861	5	3	1	4920	4921	0.5	0.000203210729526519	0.49210000000000004	50.0	True
20260710	0.05	20raw+stat	0.0	small_open	0.0006	9861	5	3	1	4920	4921	0.5	0.000203210729526519	2.9526	50.0	True
20260710	0.05	20raw+stat	0.0	iter120_default	0.001	9861	5	3	1	4920	4921	0.5	0.000203210729526519	4.921	50.0	True
20260710	0.05	20raw+stat	0.0	mid_tier	0.005	9861	5	3	1	4920	4921	0.5	0.000203210729526519	24.605	50.0	True
20260710	0.05	20raw+stat	0.0	frontier_gpt4	0.03	9861	5	3	1	4920	4921	0.5	0.000203210729526519	147.63	50.0	False
20260710	0.05	20raw+stat	0.5	cheap_heuristic	0.0001	9861	5	3	1	1614	1615	0.5	0.0006191950464396285	0.1615	50.0	True
20260710	0.05	20raw+stat	0.5	small_open	0.0006	9861	5	3	1	1614	1615	0.5	0.0006191950464396285	0.9689999999999999	50.0	True
20260710	0.05	20raw+stat	0.5	iter120_default	0.001	9861	5	3	1	1614	1615	0.5	0.0006191950464396285	1.615	50.0	True
20260710	0.05	20raw+stat	0.5	mid_tier	0.005	9861	5	3	1	1614	1615	0.5	0.0006191950464396285	8.075	50.0	True
20260710	0.05	20raw+stat	0.5	frontier_gpt4	0.03	9861	5	3	1	1614	1615	0.5	0.0006191950464396285	48.449999999999996	50.0	True
20260710	0.05	20raw+stat	1.0	cheap_heuristic	0.0001	9861	5	3	0	297	297	0.0	0.0	0.0297	0.0	True
20260710	0.05	20raw+stat	1.0	small_open	0.0006	9861	5	3	0	297	297	0.0	0.0	0.1782	0.0	True
20260710	0.05	20raw+stat	1.0	iter120_default	0.001	9861	5	3	0	297	297	0.0	0.0	0.297	0.0	True
20260710	0.05	20raw+stat	1.0	mid_tier	0.005	9861	5	3	0	297	297	0.0	0.0	1.485	0.0	True
20260710	0.05	20raw+stat	1.0	frontier_gpt4	0.03	9861	5	3	0	297	297	0.0	0.0	8.91	0.0	True
20260710	0.05	20raw+stat	1.5	cheap_heuristic	0.0001	9861	5	3	0	24	24	0.0	0.0	0.0024000000000000002	0.0	True
20260710	0.05	20raw+stat	1.5	small_open	0.0006	9861	5	3	0	24	24	0.0	0.0	0.0144	0.0	True
20260710	0.05	20raw+stat	1.5	iter120_default	0.001	9861	5	3	0	24	24	0.0	0.0	0.024	0.0	True
20260710	0.05	20raw+stat	1.5	mid_tier	0.005	9861	5	3	0	24	24	0.0	0.0	0.12	0.0	True
20260710	0.05	20raw+stat	1.5	frontier_gpt4	0.03	9861	5	3	0	24	24	0.0	0.0	0.72	0.0	True
20260710	0.05	20raw+stat	2.0	cheap_heuristic	0.0001	9861	5	3	0	0	0	0.0	0.0	0.0	0.0	True
20260710	0.05	20raw+stat	2.0	small_open	0.0006	9861	5	3	0	0	0	0.0	0.0	0.0	0.0	True
20260710	0.05	20raw+stat	2.0	iter120_default	0.001	9861	5	3	0	0	0	0.0	0.0	0.0	0.0	True
20260710	0.05	20raw+stat	2.0	mid_tier	0.005	9861	5	3	0	0	0	0.0	0.0	0.0	0.0	True
20260710	0.05	20raw+stat	2.0	frontier_gpt4	0.03	9861	5	3	0	0	0	0.0	0.0	0.0	0.0	True
20260710	0.05	20raw+stat	2.5	cheap_heuristic	0.0001	9861	5	3	0	0	0	0.0	0.0	0.0	0.0	True
20260710	0.05	20raw+stat	2.5	small_open	0.0006	9861	5	3	0	0	0	0.0	0.0	0.0	0.0	True
20260710	0.05	20raw+stat	2.5	iter120_default	0.001	9861	5	3	0	0	0	0.0	0.0	0.0	0.0	True
20260710	0.05	20raw+stat	2.5	mid_tier	0.005	9861	5	3	0	0	0	0.0	0.0	0.0	0.0	True
20260710	0.05	20raw+stat	2.5	frontier_gpt4	0.03	9861	5	3	0	0	0	0.0	0.0	0.0	0.0	True
20260710	0.05	20raw+stat	3.0	cheap_heuristic	0.0001	9861	5	3	0	0	0	0.0	0.0	0.0	0.0	True
20260710	0.05	20raw+stat	3.0	small_open	0.0006	9861	5	3	0	0	0	0.0	0.0	0.0	0.0	True
20260710	0.05	20raw+stat	3.0	iter120_default	0.001	9861	5	3	0	0	0	0.0	0.0	0.0	0.0	True
20260710	0.05	20raw+stat	3.0	mid_tier	0.005	9861	5	3	0	0	0	0.0	0.0	0.0	0.0	True
20260710	0.05	20raw+stat	3.0	frontier_gpt4	0.03	9861	5	3	0	0	0	0.0	0.0	0.0	0.0	True
20260712	1.44	24full	0.0	cheap_heuristic	0.0001	10000	144	50	53	4954	5007	0.5638297872340425	0.010585180746954264	0.009447169811320755	2650.0	True
20260712	1.44	24full	0.0	small_open	0.0006	10000	144	50	53	4954	5007	0.5638297872340425	0.010585180746954264	0.05668301886792452	2650.0	True
20260712	1.44	24full	0.0	iter120_default	0.001	10000	144	50	53	4954	5007	0.5638297872340425	0.010585180746954264	0.09447169811320755	2650.0	True
20260712	1.44	24full	0.0	mid_tier	0.005	10000	144	50	53	4954	5007	0.5638297872340425	0.010585180746954264	0.47235849056603774	2650.0	True
20260712	1.44	24full	0.0	frontier_gpt4	0.03	10000	144	50	53	4954	5007	0.5638297872340425	0.010585180746954264	2.8341509433962266	2650.0	True
20260712	1.44	24full	0.5	cheap_heuristic	0.0001	10000	144	50	14	1617	1631	0.14893617021276595	0.008583690987124463	0.011649999999999999	700.0	True
20260712	1.44	24full	0.5	small_open	0.0006	10000	144	50	14	1617	1631	0.14893617021276595	0.008583690987124463	0.06989999999999999	700.0	True
20260712	1.44	24full	0.5	iter120_default	0.001	10000	144	50	14	1617	1631	0.14893617021276595	0.008583690987124463	0.1165	700.0	True
20260712	1.44	24full	0.5	mid_tier	0.005	10000	144	50	14	1617	1631	0.14893617021276595	0.008583690987124463	0.5824999999999999	700.0	True
20260712	1.44	24full	0.5	frontier_gpt4	0.03	10000	144	50	14	1617	1631	0.14893617021276595	0.008583690987124463	3.495	700.0	True
20260712	1.44	24full	1.0	cheap_heuristic	0.0001	10000	144	50	3	296	299	0.031914893617021274	0.010033444816053512	0.009966666666666667	150.0	True
20260712	1.44	24full	1.0	small_open	0.0006	10000	144	50	3	296	299	0.031914893617021274	0.010033444816053512	0.05979999999999999	150.0	True
20260712	1.44	24full	1.0	iter120_default	0.001	10000	144	50	3	296	299	0.031914893617021274	0.010033444816053512	0.09966666666666667	150.0	True
20260712	1.44	24full	1.0	mid_tier	0.005	10000	144	50	3	296	299	0.031914893617021274	0.010033444816053512	0.49833333333333335	150.0	True
20260712	1.44	24full	1.0	frontier_gpt4	0.03	10000	144	50	3	296	299	0.031914893617021274	0.010033444816053512	2.9899999999999998	150.0	True
20260712	1.44	24full	1.5	cheap_heuristic	0.0001	10000	144	50	0	24	24	0.0	0.0	0.0024000000000000002	0.0	True
20260712	1.44	24full	1.5	small_open	0.0006	10000	144	50	0	24	24	0.0	0.0	0.0144	0.0	True
20260712	1.44	24full	1.5	iter120_default	0.001	10000	144	50	0	24	24	0.0	0.0	0.024	0.0	True
20260712	1.44	24full	1.5	mid_tier	0.005	10000	144	50	0	24	24	0.0	0.0	0.12	0.0	True
20260712	1.44	24full	1.5	frontier_gpt4	0.03	10000	144	50	0	24	24	0.0	0.0	0.72	0.0	True
20260712	1.44	24full	2.0	cheap_heuristic	0.0001	10000	144	50	0	0	0	0.0	0.0	0.0	0.0	True
20260712	1.44	24full	2.0	small_open	0.0006	10000	144	50	0	0	0	0.0	0.0	0.0	0.0	True
20260712	1.44	24full	2.0	iter120_default	0.001	10000	144	50	0	0	0	0.0	0.0	0.0	0.0	True
20260712	1.44	24full	2.0	mid_tier	0.005	10000	144	50	0	0	0	0.0	0.0	0.0	0.0	True
20260712	1.44	24full	2.0	frontier_gpt4	0.03	10000	144	50	0	0	0	0.0	0.0	0.0	0.0	True
20260712	1.44	24full	2.5	cheap_heuristic	0.0001	10000	144	50	0	0	0	0.0	0.0	0.0	0.0	True
20260712	1.44	24full	2.5	small_open	0.0006	10000	144	50	0	0	0	0.0	0.0	0.0	0.0	True
20260712	1.44	24full	2.5	iter120_default	0.001	10000	144	50	0	0	0	0.0	0.0	0.0	0.0	True
20260712	1.44	24full	2.5	mid_tier	0.005	10000	144	50	0	0	0	0.0	0.0	0.0	0.0	True
20260712	1.44	24full	2.5	frontier_gpt4	0.03	10000	144	50	0	0	0	0.0	0.0	0.0	0.0	True
20260712	1.44	24full	3.0	cheap_heuristic	0.0001	10000	144	50	0	0	0	0.0	0.0	0.0	0.0	True
20260712	1.44	24full	3.0	small_open	0.0006	10000	144	50	0	0	0	0.0	0.0	0.0	0.0	True
20260712	1.44	24full	3.0	iter120_default	0.001	10000	144	50	0	0	0	0.0	0.0	0.0	0.0	True
20260712	1.44	24full	3.0	mid_tier	0.005	10000	144	50	0	0	0	0.0	0.0	0.0	0.0	True
20260712	1.44	24full	3.0	frontier_gpt4	0.03	10000	144	50	0	0	0	0.0	0.0	0.0	0.0	True
20260712	1.44	20raw	0.0	cheap_heuristic	0.0001	10000	144	50	53	4954	5007	0.5638297872340425	0.010585180746954264	0.009447169811320755	2650.0	True
20260712	1.44	20raw	0.0	small_open	0.0006	10000	144	50	53	4954	5007	0.5638297872340425	0.010585180746954264	0.05668301886792452	2650.0	True
20260712	1.44	20raw	0.0	iter120_default	0.001	10000	144	50	53	4954	5007	0.5638297872340425	0.010585180746954264	0.09447169811320755	2650.0	True
20260712	1.44	20raw	0.0	mid_tier	0.005	10000	144	50	53	4954	5007	0.5638297872340425	0.010585180746954264	0.47235849056603774	2650.0	True
20260712	1.44	20raw	0.0	frontier_gpt4	0.03	10000	144	50	53	4954	5007	0.5638297872340425	0.010585180746954264	2.8341509433962266	2650.0	True
20260712	1.44	20raw	0.5	cheap_heuristic	0.0001	10000	144	50	14	1608	1622	0.14893617021276595	0.008631319358816275	0.011585714285714286	700.0	True
20260712	1.44	20raw	0.5	small_open	0.0006	10000	144	50	14	1608	1622	0.14893617021276595	0.008631319358816275	0.06951428571428571	700.0	True
20260712	1.44	20raw	0.5	iter120_default	0.001	10000	144	50	14	1608	1622	0.14893617021276595	0.008631319358816275	0.11585714285714287	700.0	True
20260712	1.44	20raw	0.5	mid_tier	0.005	10000	144	50	14	1608	1622	0.14893617021276595	0.008631319358816275	0.5792857142857143	700.0	True
20260712	1.44	20raw	0.5	frontier_gpt4	0.03	10000	144	50	14	1608	1622	0.14893617021276595	0.008631319358816275	3.4757142857142855	700.0	True
20260712	1.44	20raw	1.0	cheap_heuristic	0.0001	10000	144	50	3	295	298	0.031914893617021274	0.010067114093959731	0.009933333333333334	150.0	True
20260712	1.44	20raw	1.0	small_open	0.0006	10000	144	50	3	295	298	0.031914893617021274	0.010067114093959731	0.05959999999999999	150.0	True
20260712	1.44	20raw	1.0	iter120_default	0.001	10000	144	50	3	295	298	0.031914893617021274	0.010067114093959731	0.09933333333333333	150.0	True
20260712	1.44	20raw	1.0	mid_tier	0.005	10000	144	50	3	295	298	0.031914893617021274	0.010067114093959731	0.49666666666666665	150.0	True
20260712	1.44	20raw	1.0	frontier_gpt4	0.03	10000	144	50	3	295	298	0.031914893617021274	0.010067114093959731	2.98	150.0	True
20260712	1.44	20raw	1.5	cheap_heuristic	0.0001	10000	144	50	0	24	24	0.0	0.0	0.0024000000000000002	0.0	True
20260712	1.44	20raw	1.5	small_open	0.0006	10000	144	50	0	24	24	0.0	0.0	0.0144	0.0	True
20260712	1.44	20raw	1.5	iter120_default	0.001	10000	144	50	0	24	24	0.0	0.0	0.024	0.0	True
20260712	1.44	20raw	1.5	mid_tier	0.005	10000	144	50	0	24	24	0.0	0.0	0.12	0.0	True
20260712	1.44	20raw	1.5	frontier_gpt4	0.03	10000	144	50	0	24	24	0.0	0.0	0.72	0.0	True
20260712	1.44	20raw	2.0	cheap_heuristic	0.0001	10000	144	50	0	0	0	0.0	0.0	0.0	0.0	True
20260712	1.44	20raw	2.0	small_open	0.0006	10000	144	50	0	0	0	0.0	0.0	0.0	0.0	True
20260712	1.44	20raw	2.0	iter120_default	0.001	10000	144	50	0	0	0	0.0	0.0	0.0	0.0	True
20260712	1.44	20raw	2.0	mid_tier	0.005	10000	144	50	0	0	0	0.0	0.0	0.0	0.0	True
20260712	1.44	20raw	2.0	frontier_gpt4	0.03	10000	144	50	0	0	0	0.0	0.0	0.0	0.0	True
20260712	1.44	20raw	2.5	cheap_heuristic	0.0001	10000	144	50	0	0	0	0.0	0.0	0.0	0.0	True
20260712	1.44	20raw	2.5	small_open	0.0006	10000	144	50	0	0	0	0.0	0.0	0.0	0.0	True
20260712	1.44	20raw	2.5	iter120_default	0.001	10000	144	50	0	0	0	0.0	0.0	0.0	0.0	True
20260712	1.44	20raw	2.5	mid_tier	0.005	10000	144	50	0	0	0	0.0	0.0	0.0	0.0	True
20260712	1.44	20raw	2.5	frontier_gpt4	0.03	10000	144	50	0	0	0	0.0	0.0	0.0	0.0	True
20260712	1.44	20raw	3.0	cheap_heuristic	0.0001	10000	144	50	0	0	0	0.0	0.0	0.0	0.0	True
20260712	1.44	20raw	3.0	small_open	0.0006	10000	144	50	0	0	0	0.0	0.0	0.0	0.0	True
20260712	1.44	20raw	3.0	iter120_default	0.001	10000	144	50	0	0	0	0.0	0.0	0.0	0.0	True
20260712	1.44	20raw	3.0	mid_tier	0.005	10000	144	50	0	0	0	0.0	0.0	0.0	0.0	True
20260712	1.44	20raw	3.0	frontier_gpt4	0.03	10000	144	50	0	0	0	0.0	0.0	0.0	0.0	True
20260712	1.44	20raw+minmax	0.0	cheap_heuristic	0.0001	10000	144	53	50	4966	5016	0.5494505494505495	0.009968102073365232	0.010032000000000001	2500.0	True
20260712	1.44	20raw+minmax	0.0	small_open	0.0006	10000	144	53	50	4966	5016	0.5494505494505495	0.009968102073365232	0.060191999999999996	2500.0	True
20260712	1.44	20raw+minmax	0.0	iter120_default	0.001	10000	144	53	50	4966	5016	0.5494505494505495	0.009968102073365232	0.10032	2500.0	True
20260712	1.44	20raw+minmax	0.0	mid_tier	0.005	10000	144	53	50	4966	5016	0.5494505494505495	0.009968102073365232	0.5016	2500.0	True
20260712	1.44	20raw+minmax	0.0	frontier_gpt4	0.03	10000	144	53	50	4966	5016	0.5494505494505495	0.009968102073365232	3.0096	2500.0	True
20260712	1.44	20raw+minmax	0.5	cheap_heuristic	0.0001	10000	144	53	14	1614	1628	0.15384615384615385	0.0085995085995086	0.011628571428571429	700.0	True
20260712	1.44	20raw+minmax	0.5	small_open	0.0006	10000	144	53	14	1614	1628	0.15384615384615385	0.0085995085995086	0.06977142857142857	700.0	True
20260712	1.44	20raw+minmax	0.5	iter120_default	0.001	10000	144	53	14	1614	1628	0.15384615384615385	0.0085995085995086	0.1162857142857143	700.0	True
20260712	1.44	20raw+minmax	0.5	mid_tier	0.005	10000	144	53	14	1614	1628	0.15384615384615385	0.0085995085995086	0.5814285714285715	700.0	True
20260712	1.44	20raw+minmax	0.5	frontier_gpt4	0.03	10000	144	53	14	1614	1628	0.15384615384615385	0.0085995085995086	3.4885714285714284	700.0	True
20260712	1.44	20raw+minmax	1.0	cheap_heuristic	0.0001	10000	144	53	3	296	299	0.03296703296703297	0.010033444816053512	0.009966666666666667	150.0	True
20260712	1.44	20raw+minmax	1.0	small_open	0.0006	10000	144	53	3	296	299	0.03296703296703297	0.010033444816053512	0.05979999999999999	150.0	True
20260712	1.44	20raw+minmax	1.0	iter120_default	0.001	10000	144	53	3	296	299	0.03296703296703297	0.010033444816053512	0.09966666666666667	150.0	True
20260712	1.44	20raw+minmax	1.0	mid_tier	0.005	10000	144	53	3	296	299	0.03296703296703297	0.010033444816053512	0.49833333333333335	150.0	True
20260712	1.44	20raw+minmax	1.0	frontier_gpt4	0.03	10000	144	53	3	296	299	0.03296703296703297	0.010033444816053512	2.9899999999999998	150.0	True
20260712	1.44	20raw+minmax	1.5	cheap_heuristic	0.0001	10000	144	53	0	24	24	0.0	0.0	0.0024000000000000002	0.0	True
20260712	1.44	20raw+minmax	1.5	small_open	0.0006	10000	144	53	0	24	24	0.0	0.0	0.0144	0.0	True
20260712	1.44	20raw+minmax	1.5	iter120_default	0.001	10000	144	53	0	24	24	0.0	0.0	0.024	0.0	True
20260712	1.44	20raw+minmax	1.5	mid_tier	0.005	10000	144	53	0	24	24	0.0	0.0	0.12	0.0	True
20260712	1.44	20raw+minmax	1.5	frontier_gpt4	0.03	10000	144	53	0	24	24	0.0	0.0	0.72	0.0	True
20260712	1.44	20raw+minmax	2.0	cheap_heuristic	0.0001	10000	144	53	0	0	0	0.0	0.0	0.0	0.0	True
20260712	1.44	20raw+minmax	2.0	small_open	0.0006	10000	144	53	0	0	0	0.0	0.0	0.0	0.0	True
20260712	1.44	20raw+minmax	2.0	iter120_default	0.001	10000	144	53	0	0	0	0.0	0.0	0.0	0.0	True
20260712	1.44	20raw+minmax	2.0	mid_tier	0.005	10000	144	53	0	0	0	0.0	0.0	0.0	0.0	True
20260712	1.44	20raw+minmax	2.0	frontier_gpt4	0.03	10000	144	53	0	0	0	0.0	0.0	0.0	0.0	True
20260712	1.44	20raw+minmax	2.5	cheap_heuristic	0.0001	10000	144	53	0	0	0	0.0	0.0	0.0	0.0	True
20260712	1.44	20raw+minmax	2.5	small_open	0.0006	10000	144	53	0	0	0	0.0	0.0	0.0	0.0	True
20260712	1.44	20raw+minmax	2.5	iter120_default	0.001	10000	144	53	0	0	0	0.0	0.0	0.0	0.0	True
20260712	1.44	20raw+minmax	2.5	mid_tier	0.005	10000	144	53	0	0	0	0.0	0.0	0.0	0.0	True
20260712	1.44	20raw+minmax	2.5	frontier_gpt4	0.03	10000	144	53	0	0	0	0.0	0.0	0.0	0.0	True
20260712	1.44	20raw+minmax	3.0	cheap_heuristic	0.0001	10000	144	53	0	0	0	0.0	0.0	0.0	0.0	True
20260712	1.44	20raw+minmax	3.0	small_open	0.0006	10000	144	53	0	0	0	0.0	0.0	0.0	0.0	True
20260712	1.44	20raw+minmax	3.0	iter120_default	0.001	10000	144	53	0	0	0	0.0	0.0	0.0	0.0	True
20260712	1.44	20raw+minmax	3.0	mid_tier	0.005	10000	144	53	0	0	0	0.0	0.0	0.0	0.0	True
20260712	1.44	20raw+minmax	3.0	frontier_gpt4	0.03	10000	144	53	0	0	0	0.0	0.0	0.0	0.0	True
20260712	1.44	20raw+stat	0.0	cheap_heuristic	0.0001	10000	144	52	51	4957	5008	0.5543478260869565	0.01018370607028754	0.009819607843137255	2550.0	True
20260712	1.44	20raw+stat	0.0	small_open	0.0006	10000	144	52	51	4957	5008	0.5543478260869565	0.01018370607028754	0.058917647058823526	2550.0	True
20260712	1.44	20raw+stat	0.0	iter120_default	0.001	10000	144	52	51	4957	5008	0.5543478260869565	0.01018370607028754	0.09819607843137255	2550.0	True
20260712	1.44	20raw+stat	0.0	mid_tier	0.005	10000	144	52	51	4957	5008	0.5543478260869565	0.01018370607028754	0.49098039215686273	2550.0	True
20260712	1.44	20raw+stat	0.0	frontier_gpt4	0.03	10000	144	52	51	4957	5008	0.5543478260869565	0.01018370607028754	2.945882352941176	2550.0	True
20260712	1.44	20raw+stat	0.5	cheap_heuristic	0.0001	10000	144	52	14	1617	1631	0.15217391304347827	0.008583690987124463	0.011649999999999999	700.0	True
20260712	1.44	20raw+stat	0.5	small_open	0.0006	10000	144	52	14	1617	1631	0.15217391304347827	0.008583690987124463	0.06989999999999999	700.0	True
20260712	1.44	20raw+stat	0.5	iter120_default	0.001	10000	144	52	14	1617	1631	0.15217391304347827	0.008583690987124463	0.1165	700.0	True
20260712	1.44	20raw+stat	0.5	mid_tier	0.005	10000	144	52	14	1617	1631	0.15217391304347827	0.008583690987124463	0.5824999999999999	700.0	True
20260712	1.44	20raw+stat	0.5	frontier_gpt4	0.03	10000	144	52	14	1617	1631	0.15217391304347827	0.008583690987124463	3.495	700.0	True
20260712	1.44	20raw+stat	1.0	cheap_heuristic	0.0001	10000	144	52	3	297	300	0.03260869565217391	0.01	0.01	150.0	True
20260712	1.44	20raw+stat	1.0	small_open	0.0006	10000	144	52	3	297	300	0.03260869565217391	0.01	0.06	150.0	True
20260712	1.44	20raw+stat	1.0	iter120_default	0.001	10000	144	52	3	297	300	0.03260869565217391	0.01	0.09999999999999999	150.0	True
20260712	1.44	20raw+stat	1.0	mid_tier	0.005	10000	144	52	3	297	300	0.03260869565217391	0.01	0.5	150.0	True
20260712	1.44	20raw+stat	1.0	frontier_gpt4	0.03	10000	144	52	3	297	300	0.03260869565217391	0.01	3.0	150.0	True
20260712	1.44	20raw+stat	1.5	cheap_heuristic	0.0001	10000	144	52	0	24	24	0.0	0.0	0.0024000000000000002	0.0	True
20260712	1.44	20raw+stat	1.5	small_open	0.0006	10000	144	52	0	24	24	0.0	0.0	0.0144	0.0	True
20260712	1.44	20raw+stat	1.5	iter120_default	0.001	10000	144	52	0	24	24	0.0	0.0	0.024	0.0	True
20260712	1.44	20raw+stat	1.5	mid_tier	0.005	10000	144	52	0	24	24	0.0	0.0	0.12	0.0	True
20260712	1.44	20raw+stat	1.5	frontier_gpt4	0.03	10000	144	52	0	24	24	0.0	0.0	0.72	0.0	True
20260712	1.44	20raw+stat	2.0	cheap_heuristic	0.0001	10000	144	52	0	0	0	0.0	0.0	0.0	0.0	True
20260712	1.44	20raw+stat	2.0	small_open	0.0006	10000	144	52	0	0	0	0.0	0.0	0.0	0.0	True
20260712	1.44	20raw+stat	2.0	iter120_default	0.001	10000	144	52	0	0	0	0.0	0.0	0.0	0.0	True
20260712	1.44	20raw+stat	2.0	mid_tier	0.005	10000	144	52	0	0	0	0.0	0.0	0.0	0.0	True
20260712	1.44	20raw+stat	2.0	frontier_gpt4	0.03	10000	144	52	0	0	0	0.0	0.0	0.0	0.0	True
20260712	1.44	20raw+stat	2.5	cheap_heuristic	0.0001	10000	144	52	0	0	0	0.0	0.0	0.0	0.0	True
20260712	1.44	20raw+stat	2.5	small_open	0.0006	10000	144	52	0	0	0	0.0	0.0	0.0	0.0	True
20260712	1.44	20raw+stat	2.5	iter120_default	0.001	10000	144	52	0	0	0	0.0	0.0	0.0	0.0	True
20260712	1.44	20raw+stat	2.5	mid_tier	0.005	10000	144	52	0	0	0	0.0	0.0	0.0	0.0	True
20260712	1.44	20raw+stat	2.5	frontier_gpt4	0.03	10000	144	52	0	0	0	0.0	0.0	0.0	0.0	True
20260712	1.44	20raw+stat	3.0	cheap_heuristic	0.0001	10000	144	52	0	0	0	0.0	0.0	0.0	0.0	True
20260712	1.44	20raw+stat	3.0	small_open	0.0006	10000	144	52	0	0	0	0.0	0.0	0.0	0.0	True
20260712	1.44	20raw+stat	3.0	iter120_default	0.001	10000	144	52	0	0	0	0.0	0.0	0.0	0.0	True
20260712	1.44	20raw+stat	3.0	mid_tier	0.005	10000	144	52	0	0	0	0.0	0.0	0.0	0.0	True
20260712	1.44	20raw+stat	3.0	frontier_gpt4	0.03	10000	144	52	0	0	0	0.0	0.0	0.0	0.0	True
20260712	1.0	24full	0.0	cheap_heuristic	0.0001	9956	100	33	39	4944	4983	0.582089552238806	0.007826610475617099	0.012776923076923078	1950.0	True
20260712	1.0	24full	0.0	small_open	0.0006	9956	100	33	39	4944	4983	0.582089552238806	0.007826610475617099	0.07666153846153846	1950.0	True
20260712	1.0	24full	0.0	iter120_default	0.001	9956	100	33	39	4944	4983	0.582089552238806	0.007826610475617099	0.12776923076923077	1950.0	True
20260712	1.0	24full	0.0	mid_tier	0.005	9956	100	33	39	4944	4983	0.582089552238806	0.007826610475617099	0.6388461538461538	1950.0	True
20260712	1.0	24full	0.0	frontier_gpt4	0.03	9956	100	33	39	4944	4983	0.582089552238806	0.007826610475617099	3.8330769230769226	1950.0	True
20260712	1.0	24full	0.5	cheap_heuristic	0.0001	9956	100	33	8	1615	1623	0.11940298507462686	0.004929143561306223	0.0202875	400.0	True
20260712	1.0	24full	0.5	small_open	0.0006	9956	100	33	8	1615	1623	0.11940298507462686	0.004929143561306223	0.12172499999999999	400.0	True
20260712	1.0	24full	0.5	iter120_default	0.001	9956	100	33	8	1615	1623	0.11940298507462686	0.004929143561306223	0.202875	400.0	True
20260712	1.0	24full	0.5	mid_tier	0.005	9956	100	33	8	1615	1623	0.11940298507462686	0.004929143561306223	1.014375	400.0	True
20260712	1.0	24full	0.5	frontier_gpt4	0.03	9956	100	33	8	1615	1623	0.11940298507462686	0.004929143561306223	6.08625	400.0	True
20260712	1.0	24full	1.0	cheap_heuristic	0.0001	9956	100	33	3	296	299	0.04477611940298507	0.010033444816053512	0.009966666666666667	150.0	True
20260712	1.0	24full	1.0	small_open	0.0006	9956	100	33	3	296	299	0.04477611940298507	0.010033444816053512	0.05979999999999999	150.0	True
20260712	1.0	24full	1.0	iter120_default	0.001	9956	100	33	3	296	299	0.04477611940298507	0.010033444816053512	0.09966666666666667	150.0	True
20260712	1.0	24full	1.0	mid_tier	0.005	9956	100	33	3	296	299	0.04477611940298507	0.010033444816053512	0.49833333333333335	150.0	True
20260712	1.0	24full	1.0	frontier_gpt4	0.03	9956	100	33	3	296	299	0.04477611940298507	0.010033444816053512	2.9899999999999998	150.0	True
20260712	1.0	24full	1.5	cheap_heuristic	0.0001	9956	100	33	0	24	24	0.0	0.0	0.0024000000000000002	0.0	True
20260712	1.0	24full	1.5	small_open	0.0006	9956	100	33	0	24	24	0.0	0.0	0.0144	0.0	True
20260712	1.0	24full	1.5	iter120_default	0.001	9956	100	33	0	24	24	0.0	0.0	0.024	0.0	True
20260712	1.0	24full	1.5	mid_tier	0.005	9956	100	33	0	24	24	0.0	0.0	0.12	0.0	True
20260712	1.0	24full	1.5	frontier_gpt4	0.03	9956	100	33	0	24	24	0.0	0.0	0.72	0.0	True
20260712	1.0	24full	2.0	cheap_heuristic	0.0001	9956	100	33	0	0	0	0.0	0.0	0.0	0.0	True
20260712	1.0	24full	2.0	small_open	0.0006	9956	100	33	0	0	0	0.0	0.0	0.0	0.0	True
20260712	1.0	24full	2.0	iter120_default	0.001	9956	100	33	0	0	0	0.0	0.0	0.0	0.0	True
20260712	1.0	24full	2.0	mid_tier	0.005	9956	100	33	0	0	0	0.0	0.0	0.0	0.0	True
20260712	1.0	24full	2.0	frontier_gpt4	0.03	9956	100	33	0	0	0	0.0	0.0	0.0	0.0	True
20260712	1.0	24full	2.5	cheap_heuristic	0.0001	9956	100	33	0	0	0	0.0	0.0	0.0	0.0	True
20260712	1.0	24full	2.5	small_open	0.0006	9956	100	33	0	0	0	0.0	0.0	0.0	0.0	True
20260712	1.0	24full	2.5	iter120_default	0.001	9956	100	33	0	0	0	0.0	0.0	0.0	0.0	True
20260712	1.0	24full	2.5	mid_tier	0.005	9956	100	33	0	0	0	0.0	0.0	0.0	0.0	True
20260712	1.0	24full	2.5	frontier_gpt4	0.03	9956	100	33	0	0	0	0.0	0.0	0.0	0.0	True
20260712	1.0	24full	3.0	cheap_heuristic	0.0001	9956	100	33	0	0	0	0.0	0.0	0.0	0.0	True
20260712	1.0	24full	3.0	small_open	0.0006	9956	100	33	0	0	0	0.0	0.0	0.0	0.0	True
20260712	1.0	24full	3.0	iter120_default	0.001	9956	100	33	0	0	0	0.0	0.0	0.0	0.0	True
20260712	1.0	24full	3.0	mid_tier	0.005	9956	100	33	0	0	0	0.0	0.0	0.0	0.0	True
20260712	1.0	24full	3.0	frontier_gpt4	0.03	9956	100	33	0	0	0	0.0	0.0	0.0	0.0	True
20260712	1.0	20raw	0.0	cheap_heuristic	0.0001	9956	100	36	38	4948	4986	0.59375	0.00762133975130365	0.013121052631578948	1900.0	True
20260712	1.0	20raw	0.0	small_open	0.0006	9956	100	36	38	4948	4986	0.59375	0.00762133975130365	0.07872631578947367	1900.0	True
20260712	1.0	20raw	0.0	iter120_default	0.001	9956	100	36	38	4948	4986	0.59375	0.00762133975130365	0.13121052631578947	1900.0	True
20260712	1.0	20raw	0.0	mid_tier	0.005	9956	100	36	38	4948	4986	0.59375	0.00762133975130365	0.6560526315789473	1900.0	True
20260712	1.0	20raw	0.0	frontier_gpt4	0.03	9956	100	36	38	4948	4986	0.59375	0.00762133975130365	3.9363157894736838	1900.0	True
20260712	1.0	20raw	0.5	cheap_heuristic	0.0001	9956	100	36	8	1606	1614	0.125	0.004956629491945477	0.020175000000000002	400.0	True
20260712	1.0	20raw	0.5	small_open	0.0006	9956	100	36	8	1606	1614	0.125	0.004956629491945477	0.12104999999999999	400.0	True
20260712	1.0	20raw	0.5	iter120_default	0.001	9956	100	36	8	1606	1614	0.125	0.004956629491945477	0.20175	400.0	True
20260712	1.0	20raw	0.5	mid_tier	0.005	9956	100	36	8	1606	1614	0.125	0.004956629491945477	1.00875	400.0	True
20260712	1.0	20raw	0.5	frontier_gpt4	0.03	9956	100	36	8	1606	1614	0.125	0.004956629491945477	6.0525	400.0	True
20260712	1.0	20raw	1.0	cheap_heuristic	0.0001	9956	100	36	3	295	298	0.046875	0.010067114093959731	0.009933333333333334	150.0	True
20260712	1.0	20raw	1.0	small_open	0.0006	9956	100	36	3	295	298	0.046875	0.010067114093959731	0.05959999999999999	150.0	True
20260712	1.0	20raw	1.0	iter120_default	0.001	9956	100	36	3	295	298	0.046875	0.010067114093959731	0.09933333333333333	150.0	True
20260712	1.0	20raw	1.0	mid_tier	0.005	9956	100	36	3	295	298	0.046875	0.010067114093959731	0.49666666666666665	150.0	True
20260712	1.0	20raw	1.0	frontier_gpt4	0.03	9956	100	36	3	295	298	0.046875	0.010067114093959731	2.98	150.0	True
20260712	1.0	20raw	1.5	cheap_heuristic	0.0001	9956	100	36	0	24	24	0.0	0.0	0.0024000000000000002	0.0	True
20260712	1.0	20raw	1.5	small_open	0.0006	9956	100	36	0	24	24	0.0	0.0	0.0144	0.0	True
20260712	1.0	20raw	1.5	iter120_default	0.001	9956	100	36	0	24	24	0.0	0.0	0.024	0.0	True
20260712	1.0	20raw	1.5	mid_tier	0.005	9956	100	36	0	24	24	0.0	0.0	0.12	0.0	True
20260712	1.0	20raw	1.5	frontier_gpt4	0.03	9956	100	36	0	24	24	0.0	0.0	0.72	0.0	True
20260712	1.0	20raw	2.0	cheap_heuristic	0.0001	9956	100	36	0	0	0	0.0	0.0	0.0	0.0	True
20260712	1.0	20raw	2.0	small_open	0.0006	9956	100	36	0	0	0	0.0	0.0	0.0	0.0	True
20260712	1.0	20raw	2.0	iter120_default	0.001	9956	100	36	0	0	0	0.0	0.0	0.0	0.0	True
20260712	1.0	20raw	2.0	mid_tier	0.005	9956	100	36	0	0	0	0.0	0.0	0.0	0.0	True
20260712	1.0	20raw	2.0	frontier_gpt4	0.03	9956	100	36	0	0	0	0.0	0.0	0.0	0.0	True
20260712	1.0	20raw	2.5	cheap_heuristic	0.0001	9956	100	36	0	0	0	0.0	0.0	0.0	0.0	True
20260712	1.0	20raw	2.5	small_open	0.0006	9956	100	36	0	0	0	0.0	0.0	0.0	0.0	True
20260712	1.0	20raw	2.5	iter120_default	0.001	9956	100	36	0	0	0	0.0	0.0	0.0	0.0	True
20260712	1.0	20raw	2.5	mid_tier	0.005	9956	100	36	0	0	0	0.0	0.0	0.0	0.0	True
20260712	1.0	20raw	2.5	frontier_gpt4	0.03	9956	100	36	0	0	0	0.0	0.0	0.0	0.0	True
20260712	1.0	20raw	3.0	cheap_heuristic	0.0001	9956	100	36	0	0	0	0.0	0.0	0.0	0.0	True
20260712	1.0	20raw	3.0	small_open	0.0006	9956	100	36	0	0	0	0.0	0.0	0.0	0.0	True
20260712	1.0	20raw	3.0	iter120_default	0.001	9956	100	36	0	0	0	0.0	0.0	0.0	0.0	True
20260712	1.0	20raw	3.0	mid_tier	0.005	9956	100	36	0	0	0	0.0	0.0	0.0	0.0	True
20260712	1.0	20raw	3.0	frontier_gpt4	0.03	9956	100	36	0	0	0	0.0	0.0	0.0	0.0	True
20260712	1.0	20raw+minmax	0.0	cheap_heuristic	0.0001	9956	100	38	36	4957	4993	0.5806451612903226	0.0072100941317844985	0.013869444444444445	1800.0	True
20260712	1.0	20raw+minmax	0.0	small_open	0.0006	9956	100	38	36	4957	4993	0.5806451612903226	0.0072100941317844985	0.08321666666666666	1800.0	True
20260712	1.0	20raw+minmax	0.0	iter120_default	0.001	9956	100	38	36	4957	4993	0.5806451612903226	0.0072100941317844985	0.13869444444444445	1800.0	True
20260712	1.0	20raw+minmax	0.0	mid_tier	0.005	9956	100	38	36	4957	4993	0.5806451612903226	0.0072100941317844985	0.6934722222222223	1800.0	True
20260712	1.0	20raw+minmax	0.0	frontier_gpt4	0.03	9956	100	38	36	4957	4993	0.5806451612903226	0.0072100941317844985	4.160833333333333	1800.0	True
20260712	1.0	20raw+minmax	0.5	cheap_heuristic	0.0001	9956	100	38	8	1612	1620	0.12903225806451613	0.0049382716049382715	0.02025	400.0	True
20260712	1.0	20raw+minmax	0.5	small_open	0.0006	9956	100	38	8	1612	1620	0.12903225806451613	0.0049382716049382715	0.12149999999999998	400.0	True
20260712	1.0	20raw+minmax	0.5	iter120_default	0.001	9956	100	38	8	1612	1620	0.12903225806451613	0.0049382716049382715	0.2025	400.0	True
20260712	1.0	20raw+minmax	0.5	mid_tier	0.005	9956	100	38	8	1612	1620	0.12903225806451613	0.0049382716049382715	1.0125	400.0	True
20260712	1.0	20raw+minmax	0.5	frontier_gpt4	0.03	9956	100	38	8	1612	1620	0.12903225806451613	0.0049382716049382715	6.075	400.0	True
20260712	1.0	20raw+minmax	1.0	cheap_heuristic	0.0001	9956	100	38	3	296	299	0.04838709677419355	0.010033444816053512	0.009966666666666667	150.0	True
20260712	1.0	20raw+minmax	1.0	small_open	0.0006	9956	100	38	3	296	299	0.04838709677419355	0.010033444816053512	0.05979999999999999	150.0	True
20260712	1.0	20raw+minmax	1.0	iter120_default	0.001	9956	100	38	3	296	299	0.04838709677419355	0.010033444816053512	0.09966666666666667	150.0	True
20260712	1.0	20raw+minmax	1.0	mid_tier	0.005	9956	100	38	3	296	299	0.04838709677419355	0.010033444816053512	0.49833333333333335	150.0	True
20260712	1.0	20raw+minmax	1.0	frontier_gpt4	0.03	9956	100	38	3	296	299	0.04838709677419355	0.010033444816053512	2.9899999999999998	150.0	True
20260712	1.0	20raw+minmax	1.5	cheap_heuristic	0.0001	9956	100	38	0	24	24	0.0	0.0	0.0024000000000000002	0.0	True
20260712	1.0	20raw+minmax	1.5	small_open	0.0006	9956	100	38	0	24	24	0.0	0.0	0.0144	0.0	True
20260712	1.0	20raw+minmax	1.5	iter120_default	0.001	9956	100	38	0	24	24	0.0	0.0	0.024	0.0	True
20260712	1.0	20raw+minmax	1.5	mid_tier	0.005	9956	100	38	0	24	24	0.0	0.0	0.12	0.0	True
20260712	1.0	20raw+minmax	1.5	frontier_gpt4	0.03	9956	100	38	0	24	24	0.0	0.0	0.72	0.0	True
20260712	1.0	20raw+minmax	2.0	cheap_heuristic	0.0001	9956	100	38	0	0	0	0.0	0.0	0.0	0.0	True
20260712	1.0	20raw+minmax	2.0	small_open	0.0006	9956	100	38	0	0	0	0.0	0.0	0.0	0.0	True
20260712	1.0	20raw+minmax	2.0	iter120_default	0.001	9956	100	38	0	0	0	0.0	0.0	0.0	0.0	True
20260712	1.0	20raw+minmax	2.0	mid_tier	0.005	9956	100	38	0	0	0	0.0	0.0	0.0	0.0	True
20260712	1.0	20raw+minmax	2.0	frontier_gpt4	0.03	9956	100	38	0	0	0	0.0	0.0	0.0	0.0	True
20260712	1.0	20raw+minmax	2.5	cheap_heuristic	0.0001	9956	100	38	0	0	0	0.0	0.0	0.0	0.0	True
20260712	1.0	20raw+minmax	2.5	small_open	0.0006	9956	100	38	0	0	0	0.0	0.0	0.0	0.0	True
20260712	1.0	20raw+minmax	2.5	iter120_default	0.001	9956	100	38	0	0	0	0.0	0.0	0.0	0.0	True
20260712	1.0	20raw+minmax	2.5	mid_tier	0.005	9956	100	38	0	0	0	0.0	0.0	0.0	0.0	True
20260712	1.0	20raw+minmax	2.5	frontier_gpt4	0.03	9956	100	38	0	0	0	0.0	0.0	0.0	0.0	True
20260712	1.0	20raw+minmax	3.0	cheap_heuristic	0.0001	9956	100	38	0	0	0	0.0	0.0	0.0	0.0	True
20260712	1.0	20raw+minmax	3.0	small_open	0.0006	9956	100	38	0	0	0	0.0	0.0	0.0	0.0	True
20260712	1.0	20raw+minmax	3.0	iter120_default	0.001	9956	100	38	0	0	0	0.0	0.0	0.0	0.0	True
20260712	1.0	20raw+minmax	3.0	mid_tier	0.005	9956	100	38	0	0	0	0.0	0.0	0.0	0.0	True
20260712	1.0	20raw+minmax	3.0	frontier_gpt4	0.03	9956	100	38	0	0	0	0.0	0.0	0.0	0.0	True
20260712	1.0	20raw+stat	0.0	cheap_heuristic	0.0001	9956	100	40	35	4949	4984	0.5833333333333334	0.007022471910112359	0.014240000000000001	1750.0	True
20260712	1.0	20raw+stat	0.0	small_open	0.0006	9956	100	40	35	4949	4984	0.5833333333333334	0.007022471910112359	0.08543999999999999	1750.0	True
20260712	1.0	20raw+stat	0.0	iter120_default	0.001	9956	100	40	35	4949	4984	0.5833333333333334	0.007022471910112359	0.1424	1750.0	True
20260712	1.0	20raw+stat	0.0	mid_tier	0.005	9956	100	40	35	4949	4984	0.5833333333333334	0.007022471910112359	0.7120000000000001	1750.0	True
20260712	1.0	20raw+stat	0.0	frontier_gpt4	0.03	9956	100	40	35	4949	4984	0.5833333333333334	0.007022471910112359	4.271999999999999	1750.0	True
20260712	1.0	20raw+stat	0.5	cheap_heuristic	0.0001	9956	100	40	8	1616	1624	0.13333333333333333	0.0049261083743842365	0.020300000000000002	400.0	True
20260712	1.0	20raw+stat	0.5	small_open	0.0006	9956	100	40	8	1616	1624	0.13333333333333333	0.0049261083743842365	0.12179999999999999	400.0	True
20260712	1.0	20raw+stat	0.5	iter120_default	0.001	9956	100	40	8	1616	1624	0.13333333333333333	0.0049261083743842365	0.203	400.0	True
20260712	1.0	20raw+stat	0.5	mid_tier	0.005	9956	100	40	8	1616	1624	0.13333333333333333	0.0049261083743842365	1.0150000000000001	400.0	True
20260712	1.0	20raw+stat	0.5	frontier_gpt4	0.03	9956	100	40	8	1616	1624	0.13333333333333333	0.0049261083743842365	6.09	400.0	True
20260712	1.0	20raw+stat	1.0	cheap_heuristic	0.0001	9956	100	40	3	297	300	0.05	0.01	0.01	150.0	True
20260712	1.0	20raw+stat	1.0	small_open	0.0006	9956	100	40	3	297	300	0.05	0.01	0.06	150.0	True
20260712	1.0	20raw+stat	1.0	iter120_default	0.001	9956	100	40	3	297	300	0.05	0.01	0.09999999999999999	150.0	True
20260712	1.0	20raw+stat	1.0	mid_tier	0.005	9956	100	40	3	297	300	0.05	0.01	0.5	150.0	True
20260712	1.0	20raw+stat	1.0	frontier_gpt4	0.03	9956	100	40	3	297	300	0.05	0.01	3.0	150.0	True
20260712	1.0	20raw+stat	1.5	cheap_heuristic	0.0001	9956	100	40	0	24	24	0.0	0.0	0.0024000000000000002	0.0	True
20260712	1.0	20raw+stat	1.5	small_open	0.0006	9956	100	40	0	24	24	0.0	0.0	0.0144	0.0	True
20260712	1.0	20raw+stat	1.5	iter120_default	0.001	9956	100	40	0	24	24	0.0	0.0	0.024	0.0	True
20260712	1.0	20raw+stat	1.5	mid_tier	0.005	9956	100	40	0	24	24	0.0	0.0	0.12	0.0	True
20260712	1.0	20raw+stat	1.5	frontier_gpt4	0.03	9956	100	40	0	24	24	0.0	0.0	0.72	0.0	True
20260712	1.0	20raw+stat	2.0	cheap_heuristic	0.0001	9956	100	40	0	0	0	0.0	0.0	0.0	0.0	True
20260712	1.0	20raw+stat	2.0	small_open	0.0006	9956	100	40	0	0	0	0.0	0.0	0.0	0.0	True
20260712	1.0	20raw+stat	2.0	iter120_default	0.001	9956	100	40	0	0	0	0.0	0.0	0.0	0.0	True
20260712	1.0	20raw+stat	2.0	mid_tier	0.005	9956	100	40	0	0	0	0.0	0.0	0.0	0.0	True
20260712	1.0	20raw+stat	2.0	frontier_gpt4	0.03	9956	100	40	0	0	0	0.0	0.0	0.0	0.0	True
20260712	1.0	20raw+stat	2.5	cheap_heuristic	0.0001	9956	100	40	0	0	0	0.0	0.0	0.0	0.0	True
20260712	1.0	20raw+stat	2.5	small_open	0.0006	9956	100	40	0	0	0	0.0	0.0	0.0	0.0	True
20260712	1.0	20raw+stat	2.5	iter120_default	0.001	9956	100	40	0	0	0	0.0	0.0	0.0	0.0	True
20260712	1.0	20raw+stat	2.5	mid_tier	0.005	9956	100	40	0	0	0	0.0	0.0	0.0	0.0	True
20260712	1.0	20raw+stat	2.5	frontier_gpt4	0.03	9956	100	40	0	0	0	0.0	0.0	0.0	0.0	True
20260712	1.0	20raw+stat	3.0	cheap_heuristic	0.0001	9956	100	40	0	0	0	0.0	0.0	0.0	0.0	True
20260712	1.0	20raw+stat	3.0	small_open	0.0006	9956	100	40	0	0	0	0.0	0.0	0.0	0.0	True
20260712	1.0	20raw+stat	3.0	iter120_default	0.001	9956	100	40	0	0	0	0.0	0.0	0.0	0.0	True
20260712	1.0	20raw+stat	3.0	mid_tier	0.005	9956	100	40	0	0	0	0.0	0.0	0.0	0.0	True
20260712	1.0	20raw+stat	3.0	frontier_gpt4	0.03	9956	100	40	0	0	0	0.0	0.0	0.0	0.0	True
20260712	0.5	24full	0.0	cheap_heuristic	0.0001	9906	50	17	23	4930	4953	0.696969696969697	0.004643650312941652	0.021534782608695652	1150.0	True
20260712	0.5	24full	0.0	small_open	0.0006	9906	50	17	23	4930	4953	0.696969696969697	0.004643650312941652	0.12920869565217388	1150.0	True
20260712	0.5	24full	0.0	iter120_default	0.001	9906	50	17	23	4930	4953	0.696969696969697	0.004643650312941652	0.21534782608695655	1150.0	True
20260712	0.5	24full	0.0	mid_tier	0.005	9906	50	17	23	4930	4953	0.696969696969697	0.004643650312941652	1.0767391304347826	1150.0	True
20260712	0.5	24full	0.0	frontier_gpt4	0.03	9906	50	17	23	4930	4953	0.696969696969697	0.004643650312941652	6.460434782608695	1150.0	True
20260712	0.5	24full	0.5	cheap_heuristic	0.0001	9906	50	17	4	1613	1617	0.12121212121212122	0.0024737167594310453	0.040425	200.0	True
20260712	0.5	24full	0.5	small_open	0.0006	9906	50	17	4	1613	1617	0.12121212121212122	0.0024737167594310453	0.24255	200.0	True
20260712	0.5	24full	0.5	iter120_default	0.001	9906	50	17	4	1613	1617	0.12121212121212122	0.0024737167594310453	0.40425	200.0	True
20260712	0.5	24full	0.5	mid_tier	0.005	9906	50	17	4	1613	1617	0.12121212121212122	0.0024737167594310453	2.02125	200.0	True
20260712	0.5	24full	0.5	frontier_gpt4	0.03	9906	50	17	4	1613	1617	0.12121212121212122	0.0024737167594310453	12.1275	200.0	True
20260712	0.5	24full	1.0	cheap_heuristic	0.0001	9906	50	17	1	296	297	0.030303030303030304	0.003367003367003367	0.0297	50.0	True
20260712	0.5	24full	1.0	small_open	0.0006	9906	50	17	1	296	297	0.030303030303030304	0.003367003367003367	0.1782	50.0	True
20260712	0.5	24full	1.0	iter120_default	0.001	9906	50	17	1	296	297	0.030303030303030304	0.003367003367003367	0.297	50.0	True
20260712	0.5	24full	1.0	mid_tier	0.005	9906	50	17	1	296	297	0.030303030303030304	0.003367003367003367	1.485	50.0	True
20260712	0.5	24full	1.0	frontier_gpt4	0.03	9906	50	17	1	296	297	0.030303030303030304	0.003367003367003367	8.91	50.0	True
20260712	0.5	24full	1.5	cheap_heuristic	0.0001	9906	50	17	0	24	24	0.0	0.0	0.0024000000000000002	0.0	True
20260712	0.5	24full	1.5	small_open	0.0006	9906	50	17	0	24	24	0.0	0.0	0.0144	0.0	True
20260712	0.5	24full	1.5	iter120_default	0.001	9906	50	17	0	24	24	0.0	0.0	0.024	0.0	True
20260712	0.5	24full	1.5	mid_tier	0.005	9906	50	17	0	24	24	0.0	0.0	0.12	0.0	True
20260712	0.5	24full	1.5	frontier_gpt4	0.03	9906	50	17	0	24	24	0.0	0.0	0.72	0.0	True
20260712	0.5	24full	2.0	cheap_heuristic	0.0001	9906	50	17	0	0	0	0.0	0.0	0.0	0.0	True
20260712	0.5	24full	2.0	small_open	0.0006	9906	50	17	0	0	0	0.0	0.0	0.0	0.0	True
20260712	0.5	24full	2.0	iter120_default	0.001	9906	50	17	0	0	0	0.0	0.0	0.0	0.0	True
20260712	0.5	24full	2.0	mid_tier	0.005	9906	50	17	0	0	0	0.0	0.0	0.0	0.0	True
20260712	0.5	24full	2.0	frontier_gpt4	0.03	9906	50	17	0	0	0	0.0	0.0	0.0	0.0	True
20260712	0.5	24full	2.5	cheap_heuristic	0.0001	9906	50	17	0	0	0	0.0	0.0	0.0	0.0	True
20260712	0.5	24full	2.5	small_open	0.0006	9906	50	17	0	0	0	0.0	0.0	0.0	0.0	True
20260712	0.5	24full	2.5	iter120_default	0.001	9906	50	17	0	0	0	0.0	0.0	0.0	0.0	True
20260712	0.5	24full	2.5	mid_tier	0.005	9906	50	17	0	0	0	0.0	0.0	0.0	0.0	True
20260712	0.5	24full	2.5	frontier_gpt4	0.03	9906	50	17	0	0	0	0.0	0.0	0.0	0.0	True
20260712	0.5	24full	3.0	cheap_heuristic	0.0001	9906	50	17	0	0	0	0.0	0.0	0.0	0.0	True
20260712	0.5	24full	3.0	small_open	0.0006	9906	50	17	0	0	0	0.0	0.0	0.0	0.0	True
20260712	0.5	24full	3.0	iter120_default	0.001	9906	50	17	0	0	0	0.0	0.0	0.0	0.0	True
20260712	0.5	24full	3.0	mid_tier	0.005	9906	50	17	0	0	0	0.0	0.0	0.0	0.0	True
20260712	0.5	24full	3.0	frontier_gpt4	0.03	9906	50	17	0	0	0	0.0	0.0	0.0	0.0	True
20260712	0.5	20raw	0.0	cheap_heuristic	0.0001	9906	50	21	21	4940	4961	0.7241379310344828	0.004233017536786938	0.023623809523809526	1050.0	True
20260712	0.5	20raw	0.0	small_open	0.0006	9906	50	21	21	4940	4961	0.7241379310344828	0.004233017536786938	0.14174285714285714	1050.0	True
20260712	0.5	20raw	0.0	iter120_default	0.001	9906	50	21	21	4940	4961	0.7241379310344828	0.004233017536786938	0.23623809523809525	1050.0	True
20260712	0.5	20raw	0.0	mid_tier	0.005	9906	50	21	21	4940	4961	0.7241379310344828	0.004233017536786938	1.1811904761904761	1050.0	True
20260712	0.5	20raw	0.0	frontier_gpt4	0.03	9906	50	21	21	4940	4961	0.7241379310344828	0.004233017536786938	7.087142857142856	1050.0	True
20260712	0.5	20raw	0.5	cheap_heuristic	0.0001	9906	50	21	4	1605	1609	0.13793103448275862	0.002486016159105034	0.040225000000000004	200.0	True
20260712	0.5	20raw	0.5	small_open	0.0006	9906	50	21	4	1605	1609	0.13793103448275862	0.002486016159105034	0.24134999999999998	200.0	True
20260712	0.5	20raw	0.5	iter120_default	0.001	9906	50	21	4	1605	1609	0.13793103448275862	0.002486016159105034	0.40225	200.0	True
20260712	0.5	20raw	0.5	mid_tier	0.005	9906	50	21	4	1605	1609	0.13793103448275862	0.002486016159105034	2.01125	200.0	True
20260712	0.5	20raw	0.5	frontier_gpt4	0.03	9906	50	21	4	1605	1609	0.13793103448275862	0.002486016159105034	12.067499999999999	200.0	True
20260712	0.5	20raw	1.0	cheap_heuristic	0.0001	9906	50	21	1	295	296	0.034482758620689655	0.0033783783783783786	0.0296	50.0	True
20260712	0.5	20raw	1.0	small_open	0.0006	9906	50	21	1	295	296	0.034482758620689655	0.0033783783783783786	0.17759999999999998	50.0	True
20260712	0.5	20raw	1.0	iter120_default	0.001	9906	50	21	1	295	296	0.034482758620689655	0.0033783783783783786	0.296	50.0	True
20260712	0.5	20raw	1.0	mid_tier	0.005	9906	50	21	1	295	296	0.034482758620689655	0.0033783783783783786	1.48	50.0	True
20260712	0.5	20raw	1.0	frontier_gpt4	0.03	9906	50	21	1	295	296	0.034482758620689655	0.0033783783783783786	8.879999999999999	50.0	True
20260712	0.5	20raw	1.5	cheap_heuristic	0.0001	9906	50	21	0	24	24	0.0	0.0	0.0024000000000000002	0.0	True
20260712	0.5	20raw	1.5	small_open	0.0006	9906	50	21	0	24	24	0.0	0.0	0.0144	0.0	True
20260712	0.5	20raw	1.5	iter120_default	0.001	9906	50	21	0	24	24	0.0	0.0	0.024	0.0	True
20260712	0.5	20raw	1.5	mid_tier	0.005	9906	50	21	0	24	24	0.0	0.0	0.12	0.0	True
20260712	0.5	20raw	1.5	frontier_gpt4	0.03	9906	50	21	0	24	24	0.0	0.0	0.72	0.0	True
20260712	0.5	20raw	2.0	cheap_heuristic	0.0001	9906	50	21	0	0	0	0.0	0.0	0.0	0.0	True
20260712	0.5	20raw	2.0	small_open	0.0006	9906	50	21	0	0	0	0.0	0.0	0.0	0.0	True
20260712	0.5	20raw	2.0	iter120_default	0.001	9906	50	21	0	0	0	0.0	0.0	0.0	0.0	True
20260712	0.5	20raw	2.0	mid_tier	0.005	9906	50	21	0	0	0	0.0	0.0	0.0	0.0	True
20260712	0.5	20raw	2.0	frontier_gpt4	0.03	9906	50	21	0	0	0	0.0	0.0	0.0	0.0	True
20260712	0.5	20raw	2.5	cheap_heuristic	0.0001	9906	50	21	0	0	0	0.0	0.0	0.0	0.0	True
20260712	0.5	20raw	2.5	small_open	0.0006	9906	50	21	0	0	0	0.0	0.0	0.0	0.0	True
20260712	0.5	20raw	2.5	iter120_default	0.001	9906	50	21	0	0	0	0.0	0.0	0.0	0.0	True
20260712	0.5	20raw	2.5	mid_tier	0.005	9906	50	21	0	0	0	0.0	0.0	0.0	0.0	True
20260712	0.5	20raw	2.5	frontier_gpt4	0.03	9906	50	21	0	0	0	0.0	0.0	0.0	0.0	True
20260712	0.5	20raw	3.0	cheap_heuristic	0.0001	9906	50	21	0	0	0	0.0	0.0	0.0	0.0	True
20260712	0.5	20raw	3.0	small_open	0.0006	9906	50	21	0	0	0	0.0	0.0	0.0	0.0	True
20260712	0.5	20raw	3.0	iter120_default	0.001	9906	50	21	0	0	0	0.0	0.0	0.0	0.0	True
20260712	0.5	20raw	3.0	mid_tier	0.005	9906	50	21	0	0	0	0.0	0.0	0.0	0.0	True
20260712	0.5	20raw	3.0	frontier_gpt4	0.03	9906	50	21	0	0	0	0.0	0.0	0.0	0.0	True
20260712	0.5	20raw+minmax	0.0	cheap_heuristic	0.0001	9906	50	20	22	4944	4966	0.7333333333333333	0.004430124848973017	0.022572727272727276	1100.0	True
20260712	0.5	20raw+minmax	0.0	small_open	0.0006	9906	50	20	22	4944	4966	0.7333333333333333	0.004430124848973017	0.1354363636363636	1100.0	True
20260712	0.5	20raw+minmax	0.0	iter120_default	0.001	9906	50	20	22	4944	4966	0.7333333333333333	0.004430124848973017	0.22572727272727275	1100.0	True
20260712	0.5	20raw+minmax	0.0	mid_tier	0.005	9906	50	20	22	4944	4966	0.7333333333333333	0.004430124848973017	1.1286363636363637	1100.0	True
20260712	0.5	20raw+minmax	0.0	frontier_gpt4	0.03	9906	50	20	22	4944	4966	0.7333333333333333	0.004430124848973017	6.7718181818181815	1100.0	True
20260712	0.5	20raw+minmax	0.5	cheap_heuristic	0.0001	9906	50	20	4	1610	1614	0.13333333333333333	0.0024783147459727386	0.040350000000000004	200.0	True
20260712	0.5	20raw+minmax	0.5	small_open	0.0006	9906	50	20	4	1610	1614	0.13333333333333333	0.0024783147459727386	0.24209999999999998	200.0	True
20260712	0.5	20raw+minmax	0.5	iter120_default	0.001	9906	50	20	4	1610	1614	0.13333333333333333	0.0024783147459727386	0.4035	200.0	True
20260712	0.5	20raw+minmax	0.5	mid_tier	0.005	9906	50	20	4	1610	1614	0.13333333333333333	0.0024783147459727386	2.0175	200.0	True
20260712	0.5	20raw+minmax	0.5	frontier_gpt4	0.03	9906	50	20	4	1610	1614	0.13333333333333333	0.0024783147459727386	12.105	200.0	True
20260712	0.5	20raw+minmax	1.0	cheap_heuristic	0.0001	9906	50	20	1	296	297	0.03333333333333333	0.003367003367003367	0.0297	50.0	True
20260712	0.5	20raw+minmax	1.0	small_open	0.0006	9906	50	20	1	296	297	0.03333333333333333	0.003367003367003367	0.1782	50.0	True
20260712	0.5	20raw+minmax	1.0	iter120_default	0.001	9906	50	20	1	296	297	0.03333333333333333	0.003367003367003367	0.297	50.0	True
20260712	0.5	20raw+minmax	1.0	mid_tier	0.005	9906	50	20	1	296	297	0.03333333333333333	0.003367003367003367	1.485	50.0	True
20260712	0.5	20raw+minmax	1.0	frontier_gpt4	0.03	9906	50	20	1	296	297	0.03333333333333333	0.003367003367003367	8.91	50.0	True
20260712	0.5	20raw+minmax	1.5	cheap_heuristic	0.0001	9906	50	20	0	24	24	0.0	0.0	0.0024000000000000002	0.0	True
20260712	0.5	20raw+minmax	1.5	small_open	0.0006	9906	50	20	0	24	24	0.0	0.0	0.0144	0.0	True
20260712	0.5	20raw+minmax	1.5	iter120_default	0.001	9906	50	20	0	24	24	0.0	0.0	0.024	0.0	True
20260712	0.5	20raw+minmax	1.5	mid_tier	0.005	9906	50	20	0	24	24	0.0	0.0	0.12	0.0	True
20260712	0.5	20raw+minmax	1.5	frontier_gpt4	0.03	9906	50	20	0	24	24	0.0	0.0	0.72	0.0	True
20260712	0.5	20raw+minmax	2.0	cheap_heuristic	0.0001	9906	50	20	0	0	0	0.0	0.0	0.0	0.0	True
20260712	0.5	20raw+minmax	2.0	small_open	0.0006	9906	50	20	0	0	0	0.0	0.0	0.0	0.0	True
20260712	0.5	20raw+minmax	2.0	iter120_default	0.001	9906	50	20	0	0	0	0.0	0.0	0.0	0.0	True
20260712	0.5	20raw+minmax	2.0	mid_tier	0.005	9906	50	20	0	0	0	0.0	0.0	0.0	0.0	True
20260712	0.5	20raw+minmax	2.0	frontier_gpt4	0.03	9906	50	20	0	0	0	0.0	0.0	0.0	0.0	True
20260712	0.5	20raw+minmax	2.5	cheap_heuristic	0.0001	9906	50	20	0	0	0	0.0	0.0	0.0	0.0	True
20260712	0.5	20raw+minmax	2.5	small_open	0.0006	9906	50	20	0	0	0	0.0	0.0	0.0	0.0	True
20260712	0.5	20raw+minmax	2.5	iter120_default	0.001	9906	50	20	0	0	0	0.0	0.0	0.0	0.0	True
20260712	0.5	20raw+minmax	2.5	mid_tier	0.005	9906	50	20	0	0	0	0.0	0.0	0.0	0.0	True
20260712	0.5	20raw+minmax	2.5	frontier_gpt4	0.03	9906	50	20	0	0	0	0.0	0.0	0.0	0.0	True
20260712	0.5	20raw+minmax	3.0	cheap_heuristic	0.0001	9906	50	20	0	0	0	0.0	0.0	0.0	0.0	True
20260712	0.5	20raw+minmax	3.0	small_open	0.0006	9906	50	20	0	0	0	0.0	0.0	0.0	0.0	True
20260712	0.5	20raw+minmax	3.0	iter120_default	0.001	9906	50	20	0	0	0	0.0	0.0	0.0	0.0	True
20260712	0.5	20raw+minmax	3.0	mid_tier	0.005	9906	50	20	0	0	0	0.0	0.0	0.0	0.0	True
20260712	0.5	20raw+minmax	3.0	frontier_gpt4	0.03	9906	50	20	0	0	0	0.0	0.0	0.0	0.0	True
20260712	0.5	20raw+stat	0.0	cheap_heuristic	0.0001	9906	50	19	22	4935	4957	0.7096774193548387	0.0044381682469235425	0.022531818181818184	1100.0	True
20260712	0.5	20raw+stat	0.0	small_open	0.0006	9906	50	19	22	4935	4957	0.7096774193548387	0.0044381682469235425	0.13519090909090908	1100.0	True
20260712	0.5	20raw+stat	0.0	iter120_default	0.001	9906	50	19	22	4935	4957	0.7096774193548387	0.0044381682469235425	0.2253181818181818	1100.0	True
20260712	0.5	20raw+stat	0.0	mid_tier	0.005	9906	50	19	22	4935	4957	0.7096774193548387	0.0044381682469235425	1.1265909090909092	1100.0	True
20260712	0.5	20raw+stat	0.0	frontier_gpt4	0.03	9906	50	19	22	4935	4957	0.7096774193548387	0.0044381682469235425	6.759545454545455	1100.0	True
20260712	0.5	20raw+stat	0.5	cheap_heuristic	0.0001	9906	50	19	4	1615	1619	0.12903225806451613	0.0024706609017912293	0.040475000000000004	200.0	True
20260712	0.5	20raw+stat	0.5	small_open	0.0006	9906	50	19	4	1615	1619	0.12903225806451613	0.0024706609017912293	0.24284999999999998	200.0	True
20260712	0.5	20raw+stat	0.5	iter120_default	0.001	9906	50	19	4	1615	1619	0.12903225806451613	0.0024706609017912293	0.40475	200.0	True
20260712	0.5	20raw+stat	0.5	mid_tier	0.005	9906	50	19	4	1615	1619	0.12903225806451613	0.0024706609017912293	2.02375	200.0	True
20260712	0.5	20raw+stat	0.5	frontier_gpt4	0.03	9906	50	19	4	1615	1619	0.12903225806451613	0.0024706609017912293	12.1425	200.0	True
20260712	0.5	20raw+stat	1.0	cheap_heuristic	0.0001	9906	50	19	1	297	298	0.03225806451612903	0.003355704697986577	0.0298	50.0	True
20260712	0.5	20raw+stat	1.0	small_open	0.0006	9906	50	19	1	297	298	0.03225806451612903	0.003355704697986577	0.1788	50.0	True
20260712	0.5	20raw+stat	1.0	iter120_default	0.001	9906	50	19	1	297	298	0.03225806451612903	0.003355704697986577	0.298	50.0	True
20260712	0.5	20raw+stat	1.0	mid_tier	0.005	9906	50	19	1	297	298	0.03225806451612903	0.003355704697986577	1.49	50.0	True
20260712	0.5	20raw+stat	1.0	frontier_gpt4	0.03	9906	50	19	1	297	298	0.03225806451612903	0.003355704697986577	8.94	50.0	True
20260712	0.5	20raw+stat	1.5	cheap_heuristic	0.0001	9906	50	19	0	24	24	0.0	0.0	0.0024000000000000002	0.0	True
20260712	0.5	20raw+stat	1.5	small_open	0.0006	9906	50	19	0	24	24	0.0	0.0	0.0144	0.0	True
20260712	0.5	20raw+stat	1.5	iter120_default	0.001	9906	50	19	0	24	24	0.0	0.0	0.024	0.0	True
20260712	0.5	20raw+stat	1.5	mid_tier	0.005	9906	50	19	0	24	24	0.0	0.0	0.12	0.0	True
20260712	0.5	20raw+stat	1.5	frontier_gpt4	0.03	9906	50	19	0	24	24	0.0	0.0	0.72	0.0	True
20260712	0.5	20raw+stat	2.0	cheap_heuristic	0.0001	9906	50	19	0	0	0	0.0	0.0	0.0	0.0	True
20260712	0.5	20raw+stat	2.0	small_open	0.0006	9906	50	19	0	0	0	0.0	0.0	0.0	0.0	True
20260712	0.5	20raw+stat	2.0	iter120_default	0.001	9906	50	19	0	0	0	0.0	0.0	0.0	0.0	True
20260712	0.5	20raw+stat	2.0	mid_tier	0.005	9906	50	19	0	0	0	0.0	0.0	0.0	0.0	True
20260712	0.5	20raw+stat	2.0	frontier_gpt4	0.03	9906	50	19	0	0	0	0.0	0.0	0.0	0.0	True
20260712	0.5	20raw+stat	2.5	cheap_heuristic	0.0001	9906	50	19	0	0	0	0.0	0.0	0.0	0.0	True
20260712	0.5	20raw+stat	2.5	small_open	0.0006	9906	50	19	0	0	0	0.0	0.0	0.0	0.0	True
20260712	0.5	20raw+stat	2.5	iter120_default	0.001	9906	50	19	0	0	0	0.0	0.0	0.0	0.0	True
20260712	0.5	20raw+stat	2.5	mid_tier	0.005	9906	50	19	0	0	0	0.0	0.0	0.0	0.0	True
20260712	0.5	20raw+stat	2.5	frontier_gpt4	0.03	9906	50	19	0	0	0	0.0	0.0	0.0	0.0	True
20260712	0.5	20raw+stat	3.0	cheap_heuristic	0.0001	9906	50	19	0	0	0	0.0	0.0	0.0	0.0	True
20260712	0.5	20raw+stat	3.0	small_open	0.0006	9906	50	19	0	0	0	0.0	0.0	0.0	0.0	True
20260712	0.5	20raw+stat	3.0	iter120_default	0.001	9906	50	19	0	0	0	0.0	0.0	0.0	0.0	True
20260712	0.5	20raw+stat	3.0	mid_tier	0.005	9906	50	19	0	0	0	0.0	0.0	0.0	0.0	True
20260712	0.5	20raw+stat	3.0	frontier_gpt4	0.03	9906	50	19	0	0	0	0.0	0.0	0.0	0.0	True
20260712	0.1	24full	0.0	cheap_heuristic	0.0001	9866	10	5	4	4923	4927	0.8	0.0008118530545971179	0.123175	200.0	True
20260712	0.1	24full	0.0	small_open	0.0006	9866	10	5	4	4923	4927	0.8	0.0008118530545971179	0.73905	200.0	True
20260712	0.1	24full	0.0	iter120_default	0.001	9866	10	5	4	4923	4927	0.8	0.0008118530545971179	1.2317500000000001	200.0	True
20260712	0.1	24full	0.0	mid_tier	0.005	9866	10	5	4	4923	4927	0.8	0.0008118530545971179	6.15875	200.0	True
20260712	0.1	24full	0.0	frontier_gpt4	0.03	9866	10	5	4	4923	4927	0.8	0.0008118530545971179	36.9525	200.0	True
20260712	0.1	24full	0.5	cheap_heuristic	0.0001	9866	10	5	1	1613	1614	0.2	0.0006195786864931846	0.16140000000000002	50.0	True
20260712	0.1	24full	0.5	small_open	0.0006	9866	10	5	1	1613	1614	0.2	0.0006195786864931846	0.9683999999999999	50.0	True
20260712	0.1	24full	0.5	iter120_default	0.001	9866	10	5	1	1613	1614	0.2	0.0006195786864931846	1.614	50.0	True
20260712	0.1	24full	0.5	mid_tier	0.005	9866	10	5	1	1613	1614	0.2	0.0006195786864931846	8.07	50.0	True
20260712	0.1	24full	0.5	frontier_gpt4	0.03	9866	10	5	1	1613	1614	0.2	0.0006195786864931846	48.42	50.0	True
20260712	0.1	24full	1.0	cheap_heuristic	0.0001	9866	10	5	0	296	296	0.0	0.0	0.0296	0.0	True
20260712	0.1	24full	1.0	small_open	0.0006	9866	10	5	0	296	296	0.0	0.0	0.17759999999999998	0.0	True
20260712	0.1	24full	1.0	iter120_default	0.001	9866	10	5	0	296	296	0.0	0.0	0.296	0.0	True
20260712	0.1	24full	1.0	mid_tier	0.005	9866	10	5	0	296	296	0.0	0.0	1.48	0.0	True
20260712	0.1	24full	1.0	frontier_gpt4	0.03	9866	10	5	0	296	296	0.0	0.0	8.879999999999999	0.0	True
20260712	0.1	24full	1.5	cheap_heuristic	0.0001	9866	10	5	0	24	24	0.0	0.0	0.0024000000000000002	0.0	True
20260712	0.1	24full	1.5	small_open	0.0006	9866	10	5	0	24	24	0.0	0.0	0.0144	0.0	True
20260712	0.1	24full	1.5	iter120_default	0.001	9866	10	5	0	24	24	0.0	0.0	0.024	0.0	True
20260712	0.1	24full	1.5	mid_tier	0.005	9866	10	5	0	24	24	0.0	0.0	0.12	0.0	True
20260712	0.1	24full	1.5	frontier_gpt4	0.03	9866	10	5	0	24	24	0.0	0.0	0.72	0.0	True
20260712	0.1	24full	2.0	cheap_heuristic	0.0001	9866	10	5	0	0	0	0.0	0.0	0.0	0.0	True
20260712	0.1	24full	2.0	small_open	0.0006	9866	10	5	0	0	0	0.0	0.0	0.0	0.0	True
20260712	0.1	24full	2.0	iter120_default	0.001	9866	10	5	0	0	0	0.0	0.0	0.0	0.0	True
20260712	0.1	24full	2.0	mid_tier	0.005	9866	10	5	0	0	0	0.0	0.0	0.0	0.0	True
20260712	0.1	24full	2.0	frontier_gpt4	0.03	9866	10	5	0	0	0	0.0	0.0	0.0	0.0	True
20260712	0.1	24full	2.5	cheap_heuristic	0.0001	9866	10	5	0	0	0	0.0	0.0	0.0	0.0	True
20260712	0.1	24full	2.5	small_open	0.0006	9866	10	5	0	0	0	0.0	0.0	0.0	0.0	True
20260712	0.1	24full	2.5	iter120_default	0.001	9866	10	5	0	0	0	0.0	0.0	0.0	0.0	True
20260712	0.1	24full	2.5	mid_tier	0.005	9866	10	5	0	0	0	0.0	0.0	0.0	0.0	True
20260712	0.1	24full	2.5	frontier_gpt4	0.03	9866	10	5	0	0	0	0.0	0.0	0.0	0.0	True
20260712	0.1	24full	3.0	cheap_heuristic	0.0001	9866	10	5	0	0	0	0.0	0.0	0.0	0.0	True
20260712	0.1	24full	3.0	small_open	0.0006	9866	10	5	0	0	0	0.0	0.0	0.0	0.0	True
20260712	0.1	24full	3.0	iter120_default	0.001	9866	10	5	0	0	0	0.0	0.0	0.0	0.0	True
20260712	0.1	24full	3.0	mid_tier	0.005	9866	10	5	0	0	0	0.0	0.0	0.0	0.0	True
20260712	0.1	24full	3.0	frontier_gpt4	0.03	9866	10	5	0	0	0	0.0	0.0	0.0	0.0	True
20260712	0.1	20raw	0.0	cheap_heuristic	0.0001	9866	10	5	4	4931	4935	0.8	0.0008105369807497467	0.12337500000000001	200.0	True
20260712	0.1	20raw	0.0	small_open	0.0006	9866	10	5	4	4931	4935	0.8	0.0008105369807497467	0.74025	200.0	True
20260712	0.1	20raw	0.0	iter120_default	0.001	9866	10	5	4	4931	4935	0.8	0.0008105369807497467	1.2337500000000001	200.0	True
20260712	0.1	20raw	0.0	mid_tier	0.005	9866	10	5	4	4931	4935	0.8	0.0008105369807497467	6.16875	200.0	True
20260712	0.1	20raw	0.0	frontier_gpt4	0.03	9866	10	5	4	4931	4935	0.8	0.0008105369807497467	37.012499999999996	200.0	True
20260712	0.1	20raw	0.5	cheap_heuristic	0.0001	9866	10	5	1	1603	1604	0.2	0.0006234413965087282	0.16040000000000001	50.0	True
20260712	0.1	20raw	0.5	small_open	0.0006	9866	10	5	1	1603	1604	0.2	0.0006234413965087282	0.9623999999999999	50.0	True
20260712	0.1	20raw	0.5	iter120_default	0.001	9866	10	5	1	1603	1604	0.2	0.0006234413965087282	1.604	50.0	True
20260712	0.1	20raw	0.5	mid_tier	0.005	9866	10	5	1	1603	1604	0.2	0.0006234413965087282	8.02	50.0	True
20260712	0.1	20raw	0.5	frontier_gpt4	0.03	9866	10	5	1	1603	1604	0.2	0.0006234413965087282	48.12	50.0	True
20260712	0.1	20raw	1.0	cheap_heuristic	0.0001	9866	10	5	0	295	295	0.0	0.0	0.029500000000000002	0.0	True
20260712	0.1	20raw	1.0	small_open	0.0006	9866	10	5	0	295	295	0.0	0.0	0.177	0.0	True
20260712	0.1	20raw	1.0	iter120_default	0.001	9866	10	5	0	295	295	0.0	0.0	0.295	0.0	True
20260712	0.1	20raw	1.0	mid_tier	0.005	9866	10	5	0	295	295	0.0	0.0	1.475	0.0	True
20260712	0.1	20raw	1.0	frontier_gpt4	0.03	9866	10	5	0	295	295	0.0	0.0	8.85	0.0	True
20260712	0.1	20raw	1.5	cheap_heuristic	0.0001	9866	10	5	0	24	24	0.0	0.0	0.0024000000000000002	0.0	True
20260712	0.1	20raw	1.5	small_open	0.0006	9866	10	5	0	24	24	0.0	0.0	0.0144	0.0	True
20260712	0.1	20raw	1.5	iter120_default	0.001	9866	10	5	0	24	24	0.0	0.0	0.024	0.0	True
20260712	0.1	20raw	1.5	mid_tier	0.005	9866	10	5	0	24	24	0.0	0.0	0.12	0.0	True
20260712	0.1	20raw	1.5	frontier_gpt4	0.03	9866	10	5	0	24	24	0.0	0.0	0.72	0.0	True
20260712	0.1	20raw	2.0	cheap_heuristic	0.0001	9866	10	5	0	0	0	0.0	0.0	0.0	0.0	True
20260712	0.1	20raw	2.0	small_open	0.0006	9866	10	5	0	0	0	0.0	0.0	0.0	0.0	True
20260712	0.1	20raw	2.0	iter120_default	0.001	9866	10	5	0	0	0	0.0	0.0	0.0	0.0	True
20260712	0.1	20raw	2.0	mid_tier	0.005	9866	10	5	0	0	0	0.0	0.0	0.0	0.0	True
20260712	0.1	20raw	2.0	frontier_gpt4	0.03	9866	10	5	0	0	0	0.0	0.0	0.0	0.0	True
20260712	0.1	20raw	2.5	cheap_heuristic	0.0001	9866	10	5	0	0	0	0.0	0.0	0.0	0.0	True
20260712	0.1	20raw	2.5	small_open	0.0006	9866	10	5	0	0	0	0.0	0.0	0.0	0.0	True
20260712	0.1	20raw	2.5	iter120_default	0.001	9866	10	5	0	0	0	0.0	0.0	0.0	0.0	True
20260712	0.1	20raw	2.5	mid_tier	0.005	9866	10	5	0	0	0	0.0	0.0	0.0	0.0	True
20260712	0.1	20raw	2.5	frontier_gpt4	0.03	9866	10	5	0	0	0	0.0	0.0	0.0	0.0	True
20260712	0.1	20raw	3.0	cheap_heuristic	0.0001	9866	10	5	0	0	0	0.0	0.0	0.0	0.0	True
20260712	0.1	20raw	3.0	small_open	0.0006	9866	10	5	0	0	0	0.0	0.0	0.0	0.0	True
20260712	0.1	20raw	3.0	iter120_default	0.001	9866	10	5	0	0	0	0.0	0.0	0.0	0.0	True
20260712	0.1	20raw	3.0	mid_tier	0.005	9866	10	5	0	0	0	0.0	0.0	0.0	0.0	True
20260712	0.1	20raw	3.0	frontier_gpt4	0.03	9866	10	5	0	0	0	0.0	0.0	0.0	0.0	True
20260712	0.1	20raw+minmax	0.0	cheap_heuristic	0.0001	9866	10	6	3	4939	4942	0.75	0.0006070416835289356	0.16473333333333334	150.0	True
20260712	0.1	20raw+minmax	0.0	small_open	0.0006	9866	10	6	3	4939	4942	0.75	0.0006070416835289356	0.9884	150.0	True
20260712	0.1	20raw+minmax	0.0	iter120_default	0.001	9866	10	6	3	4939	4942	0.75	0.0006070416835289356	1.6473333333333333	150.0	True
20260712	0.1	20raw+minmax	0.0	mid_tier	0.005	9866	10	6	3	4939	4942	0.75	0.0006070416835289356	8.236666666666666	150.0	True
20260712	0.1	20raw+minmax	0.0	frontier_gpt4	0.03	9866	10	6	3	4939	4942	0.75	0.0006070416835289356	49.419999999999995	150.0	True
20260712	0.1	20raw+minmax	0.5	cheap_heuristic	0.0001	9866	10	6	1	1610	1611	0.25	0.0006207324643078833	0.16110000000000002	50.0	True
20260712	0.1	20raw+minmax	0.5	small_open	0.0006	9866	10	6	1	1610	1611	0.25	0.0006207324643078833	0.9665999999999999	50.0	True
20260712	0.1	20raw+minmax	0.5	iter120_default	0.001	9866	10	6	1	1610	1611	0.25	0.0006207324643078833	1.611	50.0	True
20260712	0.1	20raw+minmax	0.5	mid_tier	0.005	9866	10	6	1	1610	1611	0.25	0.0006207324643078833	8.055	50.0	True
20260712	0.1	20raw+minmax	0.5	frontier_gpt4	0.03	9866	10	6	1	1610	1611	0.25	0.0006207324643078833	48.33	50.0	True
20260712	0.1	20raw+minmax	1.0	cheap_heuristic	0.0001	9866	10	6	0	296	296	0.0	0.0	0.0296	0.0	True
20260712	0.1	20raw+minmax	1.0	small_open	0.0006	9866	10	6	0	296	296	0.0	0.0	0.17759999999999998	0.0	True
20260712	0.1	20raw+minmax	1.0	iter120_default	0.001	9866	10	6	0	296	296	0.0	0.0	0.296	0.0	True
20260712	0.1	20raw+minmax	1.0	mid_tier	0.005	9866	10	6	0	296	296	0.0	0.0	1.48	0.0	True
20260712	0.1	20raw+minmax	1.0	frontier_gpt4	0.03	9866	10	6	0	296	296	0.0	0.0	8.879999999999999	0.0	True
20260712	0.1	20raw+minmax	1.5	cheap_heuristic	0.0001	9866	10	6	0	24	24	0.0	0.0	0.0024000000000000002	0.0	True
20260712	0.1	20raw+minmax	1.5	small_open	0.0006	9866	10	6	0	24	24	0.0	0.0	0.0144	0.0	True
20260712	0.1	20raw+minmax	1.5	iter120_default	0.001	9866	10	6	0	24	24	0.0	0.0	0.024	0.0	True
20260712	0.1	20raw+minmax	1.5	mid_tier	0.005	9866	10	6	0	24	24	0.0	0.0	0.12	0.0	True
20260712	0.1	20raw+minmax	1.5	frontier_gpt4	0.03	9866	10	6	0	24	24	0.0	0.0	0.72	0.0	True
20260712	0.1	20raw+minmax	2.0	cheap_heuristic	0.0001	9866	10	6	0	0	0	0.0	0.0	0.0	0.0	True
20260712	0.1	20raw+minmax	2.0	small_open	0.0006	9866	10	6	0	0	0	0.0	0.0	0.0	0.0	True
20260712	0.1	20raw+minmax	2.0	iter120_default	0.001	9866	10	6	0	0	0	0.0	0.0	0.0	0.0	True
20260712	0.1	20raw+minmax	2.0	mid_tier	0.005	9866	10	6	0	0	0	0.0	0.0	0.0	0.0	True
20260712	0.1	20raw+minmax	2.0	frontier_gpt4	0.03	9866	10	6	0	0	0	0.0	0.0	0.0	0.0	True
20260712	0.1	20raw+minmax	2.5	cheap_heuristic	0.0001	9866	10	6	0	0	0	0.0	0.0	0.0	0.0	True
20260712	0.1	20raw+minmax	2.5	small_open	0.0006	9866	10	6	0	0	0	0.0	0.0	0.0	0.0	True
20260712	0.1	20raw+minmax	2.5	iter120_default	0.001	9866	10	6	0	0	0	0.0	0.0	0.0	0.0	True
20260712	0.1	20raw+minmax	2.5	mid_tier	0.005	9866	10	6	0	0	0	0.0	0.0	0.0	0.0	True
20260712	0.1	20raw+minmax	2.5	frontier_gpt4	0.03	9866	10	6	0	0	0	0.0	0.0	0.0	0.0	True
20260712	0.1	20raw+minmax	3.0	cheap_heuristic	0.0001	9866	10	6	0	0	0	0.0	0.0	0.0	0.0	True
20260712	0.1	20raw+minmax	3.0	small_open	0.0006	9866	10	6	0	0	0	0.0	0.0	0.0	0.0	True
20260712	0.1	20raw+minmax	3.0	iter120_default	0.001	9866	10	6	0	0	0	0.0	0.0	0.0	0.0	True
20260712	0.1	20raw+minmax	3.0	mid_tier	0.005	9866	10	6	0	0	0	0.0	0.0	0.0	0.0	True
20260712	0.1	20raw+minmax	3.0	frontier_gpt4	0.03	9866	10	6	0	0	0	0.0	0.0	0.0	0.0	True
20260712	0.1	20raw+stat	0.0	cheap_heuristic	0.0001	9866	10	7	3	4929	4932	1.0	0.0006082725060827251	0.16440000000000002	150.0	True
20260712	0.1	20raw+stat	0.0	small_open	0.0006	9866	10	7	3	4929	4932	1.0	0.0006082725060827251	0.9863999999999998	150.0	True
20260712	0.1	20raw+stat	0.0	iter120_default	0.001	9866	10	7	3	4929	4932	1.0	0.0006082725060827251	1.6440000000000001	150.0	True
20260712	0.1	20raw+stat	0.0	mid_tier	0.005	9866	10	7	3	4929	4932	1.0	0.0006082725060827251	8.22	150.0	True
20260712	0.1	20raw+stat	0.0	frontier_gpt4	0.03	9866	10	7	3	4929	4932	1.0	0.0006082725060827251	49.32	150.0	True
20260712	0.1	20raw+stat	0.5	cheap_heuristic	0.0001	9866	10	7	1	1613	1614	0.3333333333333333	0.0006195786864931846	0.16140000000000002	50.0	True
20260712	0.1	20raw+stat	0.5	small_open	0.0006	9866	10	7	1	1613	1614	0.3333333333333333	0.0006195786864931846	0.9683999999999999	50.0	True
20260712	0.1	20raw+stat	0.5	iter120_default	0.001	9866	10	7	1	1613	1614	0.3333333333333333	0.0006195786864931846	1.614	50.0	True
20260712	0.1	20raw+stat	0.5	mid_tier	0.005	9866	10	7	1	1613	1614	0.3333333333333333	0.0006195786864931846	8.07	50.0	True
20260712	0.1	20raw+stat	0.5	frontier_gpt4	0.03	9866	10	7	1	1613	1614	0.3333333333333333	0.0006195786864931846	48.42	50.0	True
20260712	0.1	20raw+stat	1.0	cheap_heuristic	0.0001	9866	10	7	0	297	297	0.0	0.0	0.0297	0.0	True
20260712	0.1	20raw+stat	1.0	small_open	0.0006	9866	10	7	0	297	297	0.0	0.0	0.1782	0.0	True
20260712	0.1	20raw+stat	1.0	iter120_default	0.001	9866	10	7	0	297	297	0.0	0.0	0.297	0.0	True
20260712	0.1	20raw+stat	1.0	mid_tier	0.005	9866	10	7	0	297	297	0.0	0.0	1.485	0.0	True
20260712	0.1	20raw+stat	1.0	frontier_gpt4	0.03	9866	10	7	0	297	297	0.0	0.0	8.91	0.0	True
20260712	0.1	20raw+stat	1.5	cheap_heuristic	0.0001	9866	10	7	0	24	24	0.0	0.0	0.0024000000000000002	0.0	True
20260712	0.1	20raw+stat	1.5	small_open	0.0006	9866	10	7	0	24	24	0.0	0.0	0.0144	0.0	True
20260712	0.1	20raw+stat	1.5	iter120_default	0.001	9866	10	7	0	24	24	0.0	0.0	0.024	0.0	True
20260712	0.1	20raw+stat	1.5	mid_tier	0.005	9866	10	7	0	24	24	0.0	0.0	0.12	0.0	True
20260712	0.1	20raw+stat	1.5	frontier_gpt4	0.03	9866	10	7	0	24	24	0.0	0.0	0.72	0.0	True
20260712	0.1	20raw+stat	2.0	cheap_heuristic	0.0001	9866	10	7	0	0	0	0.0	0.0	0.0	0.0	True
20260712	0.1	20raw+stat	2.0	small_open	0.0006	9866	10	7	0	0	0	0.0	0.0	0.0	0.0	True
20260712	0.1	20raw+stat	2.0	iter120_default	0.001	9866	10	7	0	0	0	0.0	0.0	0.0	0.0	True
20260712	0.1	20raw+stat	2.0	mid_tier	0.005	9866	10	7	0	0	0	0.0	0.0	0.0	0.0	True
20260712	0.1	20raw+stat	2.0	frontier_gpt4	0.03	9866	10	7	0	0	0	0.0	0.0	0.0	0.0	True
20260712	0.1	20raw+stat	2.5	cheap_heuristic	0.0001	9866	10	7	0	0	0	0.0	0.0	0.0	0.0	True
20260712	0.1	20raw+stat	2.5	small_open	0.0006	9866	10	7	0	0	0	0.0	0.0	0.0	0.0	True
20260712	0.1	20raw+stat	2.5	iter120_default	0.001	9866	10	7	0	0	0	0.0	0.0	0.0	0.0	True
20260712	0.1	20raw+stat	2.5	mid_tier	0.005	9866	10	7	0	0	0	0.0	0.0	0.0	0.0	True
20260712	0.1	20raw+stat	2.5	frontier_gpt4	0.03	9866	10	7	0	0	0	0.0	0.0	0.0	0.0	True
20260712	0.1	20raw+stat	3.0	cheap_heuristic	0.0001	9866	10	7	0	0	0	0.0	0.0	0.0	0.0	True
20260712	0.1	20raw+stat	3.0	small_open	0.0006	9866	10	7	0	0	0	0.0	0.0	0.0	0.0	True
20260712	0.1	20raw+stat	3.0	iter120_default	0.001	9866	10	7	0	0	0	0.0	0.0	0.0	0.0	True
20260712	0.1	20raw+stat	3.0	mid_tier	0.005	9866	10	7	0	0	0	0.0	0.0	0.0	0.0	True
20260712	0.1	20raw+stat	3.0	frontier_gpt4	0.03	9866	10	7	0	0	0	0.0	0.0	0.0	0.0	True
20260712	0.05	24full	0.0	cheap_heuristic	0.0001	9861	5	1	3	4921	4924	0.75	0.0006092607636068237	0.16413333333333333	150.0	True
20260712	0.05	24full	0.0	small_open	0.0006	9861	5	1	3	4921	4924	0.75	0.0006092607636068237	0.9847999999999999	150.0	True
20260712	0.05	24full	0.0	iter120_default	0.001	9861	5	1	3	4921	4924	0.75	0.0006092607636068237	1.6413333333333335	150.0	True
20260712	0.05	24full	0.0	mid_tier	0.005	9861	5	1	3	4921	4924	0.75	0.0006092607636068237	8.206666666666667	150.0	True
20260712	0.05	24full	0.0	frontier_gpt4	0.03	9861	5	1	3	4921	4924	0.75	0.0006092607636068237	49.24	150.0	True
20260712	0.05	24full	0.5	cheap_heuristic	0.0001	9861	5	1	2	1613	1615	0.5	0.001238390092879257	0.08075	100.0	True
20260712	0.05	24full	0.5	small_open	0.0006	9861	5	1	2	1613	1615	0.5	0.001238390092879257	0.48449999999999993	100.0	True
20260712	0.05	24full	0.5	iter120_default	0.001	9861	5	1	2	1613	1615	0.5	0.001238390092879257	0.8075	100.0	True
20260712	0.05	24full	0.5	mid_tier	0.005	9861	5	1	2	1613	1615	0.5	0.001238390092879257	4.0375	100.0	True
20260712	0.05	24full	0.5	frontier_gpt4	0.03	9861	5	1	2	1613	1615	0.5	0.001238390092879257	24.224999999999998	100.0	True
20260712	0.05	24full	1.0	cheap_heuristic	0.0001	9861	5	1	1	296	297	0.25	0.003367003367003367	0.0297	50.0	True
20260712	0.05	24full	1.0	small_open	0.0006	9861	5	1	1	296	297	0.25	0.003367003367003367	0.1782	50.0	True
20260712	0.05	24full	1.0	iter120_default	0.001	9861	5	1	1	296	297	0.25	0.003367003367003367	0.297	50.0	True
20260712	0.05	24full	1.0	mid_tier	0.005	9861	5	1	1	296	297	0.25	0.003367003367003367	1.485	50.0	True
20260712	0.05	24full	1.0	frontier_gpt4	0.03	9861	5	1	1	296	297	0.25	0.003367003367003367	8.91	50.0	True
20260712	0.05	24full	1.5	cheap_heuristic	0.0001	9861	5	1	0	24	24	0.0	0.0	0.0024000000000000002	0.0	True
20260712	0.05	24full	1.5	small_open	0.0006	9861	5	1	0	24	24	0.0	0.0	0.0144	0.0	True
20260712	0.05	24full	1.5	iter120_default	0.001	9861	5	1	0	24	24	0.0	0.0	0.024	0.0	True
20260712	0.05	24full	1.5	mid_tier	0.005	9861	5	1	0	24	24	0.0	0.0	0.12	0.0	True
20260712	0.05	24full	1.5	frontier_gpt4	0.03	9861	5	1	0	24	24	0.0	0.0	0.72	0.0	True
20260712	0.05	24full	2.0	cheap_heuristic	0.0001	9861	5	1	0	0	0	0.0	0.0	0.0	0.0	True
20260712	0.05	24full	2.0	small_open	0.0006	9861	5	1	0	0	0	0.0	0.0	0.0	0.0	True
20260712	0.05	24full	2.0	iter120_default	0.001	9861	5	1	0	0	0	0.0	0.0	0.0	0.0	True
20260712	0.05	24full	2.0	mid_tier	0.005	9861	5	1	0	0	0	0.0	0.0	0.0	0.0	True
20260712	0.05	24full	2.0	frontier_gpt4	0.03	9861	5	1	0	0	0	0.0	0.0	0.0	0.0	True
20260712	0.05	24full	2.5	cheap_heuristic	0.0001	9861	5	1	0	0	0	0.0	0.0	0.0	0.0	True
20260712	0.05	24full	2.5	small_open	0.0006	9861	5	1	0	0	0	0.0	0.0	0.0	0.0	True
20260712	0.05	24full	2.5	iter120_default	0.001	9861	5	1	0	0	0	0.0	0.0	0.0	0.0	True
20260712	0.05	24full	2.5	mid_tier	0.005	9861	5	1	0	0	0	0.0	0.0	0.0	0.0	True
20260712	0.05	24full	2.5	frontier_gpt4	0.03	9861	5	1	0	0	0	0.0	0.0	0.0	0.0	True
20260712	0.05	24full	3.0	cheap_heuristic	0.0001	9861	5	1	0	0	0	0.0	0.0	0.0	0.0	True
20260712	0.05	24full	3.0	small_open	0.0006	9861	5	1	0	0	0	0.0	0.0	0.0	0.0	True
20260712	0.05	24full	3.0	iter120_default	0.001	9861	5	1	0	0	0	0.0	0.0	0.0	0.0	True
20260712	0.05	24full	3.0	mid_tier	0.005	9861	5	1	0	0	0	0.0	0.0	0.0	0.0	True
20260712	0.05	24full	3.0	frontier_gpt4	0.03	9861	5	1	0	0	0	0.0	0.0	0.0	0.0	True
20260712	0.05	20raw	0.0	cheap_heuristic	0.0001	9861	5	1	3	4928	4931	0.75	0.0006083958629081322	0.1643666666666667	150.0	True
20260712	0.05	20raw	0.0	small_open	0.0006	9861	5	1	3	4928	4931	0.75	0.0006083958629081322	0.9861999999999999	150.0	True
20260712	0.05	20raw	0.0	iter120_default	0.001	9861	5	1	3	4928	4931	0.75	0.0006083958629081322	1.6436666666666666	150.0	True
20260712	0.05	20raw	0.0	mid_tier	0.005	9861	5	1	3	4928	4931	0.75	0.0006083958629081322	8.218333333333334	150.0	True
20260712	0.05	20raw	0.0	frontier_gpt4	0.03	9861	5	1	3	4928	4931	0.75	0.0006083958629081322	49.31	150.0	True
20260712	0.05	20raw	0.5	cheap_heuristic	0.0001	9861	5	1	2	1602	1604	0.5	0.0012468827930174563	0.08020000000000001	100.0	True
20260712	0.05	20raw	0.5	small_open	0.0006	9861	5	1	2	1602	1604	0.5	0.0012468827930174563	0.48119999999999996	100.0	True
20260712	0.05	20raw	0.5	iter120_default	0.001	9861	5	1	2	1602	1604	0.5	0.0012468827930174563	0.802	100.0	True
20260712	0.05	20raw	0.5	mid_tier	0.005	9861	5	1	2	1602	1604	0.5	0.0012468827930174563	4.01	100.0	True
20260712	0.05	20raw	0.5	frontier_gpt4	0.03	9861	5	1	2	1602	1604	0.5	0.0012468827930174563	24.06	100.0	True
20260712	0.05	20raw	1.0	cheap_heuristic	0.0001	9861	5	1	1	295	296	0.25	0.0033783783783783786	0.0296	50.0	True
20260712	0.05	20raw	1.0	small_open	0.0006	9861	5	1	1	295	296	0.25	0.0033783783783783786	0.17759999999999998	50.0	True
20260712	0.05	20raw	1.0	iter120_default	0.001	9861	5	1	1	295	296	0.25	0.0033783783783783786	0.296	50.0	True
20260712	0.05	20raw	1.0	mid_tier	0.005	9861	5	1	1	295	296	0.25	0.0033783783783783786	1.48	50.0	True
20260712	0.05	20raw	1.0	frontier_gpt4	0.03	9861	5	1	1	295	296	0.25	0.0033783783783783786	8.879999999999999	50.0	True
20260712	0.05	20raw	1.5	cheap_heuristic	0.0001	9861	5	1	0	24	24	0.0	0.0	0.0024000000000000002	0.0	True
20260712	0.05	20raw	1.5	small_open	0.0006	9861	5	1	0	24	24	0.0	0.0	0.0144	0.0	True
20260712	0.05	20raw	1.5	iter120_default	0.001	9861	5	1	0	24	24	0.0	0.0	0.024	0.0	True
20260712	0.05	20raw	1.5	mid_tier	0.005	9861	5	1	0	24	24	0.0	0.0	0.12	0.0	True
20260712	0.05	20raw	1.5	frontier_gpt4	0.03	9861	5	1	0	24	24	0.0	0.0	0.72	0.0	True
20260712	0.05	20raw	2.0	cheap_heuristic	0.0001	9861	5	1	0	0	0	0.0	0.0	0.0	0.0	True
20260712	0.05	20raw	2.0	small_open	0.0006	9861	5	1	0	0	0	0.0	0.0	0.0	0.0	True
20260712	0.05	20raw	2.0	iter120_default	0.001	9861	5	1	0	0	0	0.0	0.0	0.0	0.0	True
20260712	0.05	20raw	2.0	mid_tier	0.005	9861	5	1	0	0	0	0.0	0.0	0.0	0.0	True
20260712	0.05	20raw	2.0	frontier_gpt4	0.03	9861	5	1	0	0	0	0.0	0.0	0.0	0.0	True
20260712	0.05	20raw	2.5	cheap_heuristic	0.0001	9861	5	1	0	0	0	0.0	0.0	0.0	0.0	True
20260712	0.05	20raw	2.5	small_open	0.0006	9861	5	1	0	0	0	0.0	0.0	0.0	0.0	True
20260712	0.05	20raw	2.5	iter120_default	0.001	9861	5	1	0	0	0	0.0	0.0	0.0	0.0	True
20260712	0.05	20raw	2.5	mid_tier	0.005	9861	5	1	0	0	0	0.0	0.0	0.0	0.0	True
20260712	0.05	20raw	2.5	frontier_gpt4	0.03	9861	5	1	0	0	0	0.0	0.0	0.0	0.0	True
20260712	0.05	20raw	3.0	cheap_heuristic	0.0001	9861	5	1	0	0	0	0.0	0.0	0.0	0.0	True
20260712	0.05	20raw	3.0	small_open	0.0006	9861	5	1	0	0	0	0.0	0.0	0.0	0.0	True
20260712	0.05	20raw	3.0	iter120_default	0.001	9861	5	1	0	0	0	0.0	0.0	0.0	0.0	True
20260712	0.05	20raw	3.0	mid_tier	0.005	9861	5	1	0	0	0	0.0	0.0	0.0	0.0	True
20260712	0.05	20raw	3.0	frontier_gpt4	0.03	9861	5	1	0	0	0	0.0	0.0	0.0	0.0	True
20260712	0.05	20raw+minmax	0.0	cheap_heuristic	0.0001	9861	5	1	3	4938	4941	0.75	0.0006071645415907711	0.1647	150.0	True
20260712	0.05	20raw+minmax	0.0	small_open	0.0006	9861	5	1	3	4938	4941	0.75	0.0006071645415907711	0.9882	150.0	True
20260712	0.05	20raw+minmax	0.0	iter120_default	0.001	9861	5	1	3	4938	4941	0.75	0.0006071645415907711	1.647	150.0	True
20260712	0.05	20raw+minmax	0.0	mid_tier	0.005	9861	5	1	3	4938	4941	0.75	0.0006071645415907711	8.235000000000001	150.0	True
20260712	0.05	20raw+minmax	0.0	frontier_gpt4	0.03	9861	5	1	3	4938	4941	0.75	0.0006071645415907711	49.41	150.0	True
20260712	0.05	20raw+minmax	0.5	cheap_heuristic	0.0001	9861	5	1	2	1610	1612	0.5	0.0012406947890818859	0.0806	100.0	True
20260712	0.05	20raw+minmax	0.5	small_open	0.0006	9861	5	1	2	1610	1612	0.5	0.0012406947890818859	0.4836	100.0	True
20260712	0.05	20raw+minmax	0.5	iter120_default	0.001	9861	5	1	2	1610	1612	0.5	0.0012406947890818859	0.806	100.0	True
20260712	0.05	20raw+minmax	0.5	mid_tier	0.005	9861	5	1	2	1610	1612	0.5	0.0012406947890818859	4.03	100.0	True
20260712	0.05	20raw+minmax	0.5	frontier_gpt4	0.03	9861	5	1	2	1610	1612	0.5	0.0012406947890818859	24.18	100.0	True
20260712	0.05	20raw+minmax	1.0	cheap_heuristic	0.0001	9861	5	1	1	296	297	0.25	0.003367003367003367	0.0297	50.0	True
20260712	0.05	20raw+minmax	1.0	small_open	0.0006	9861	5	1	1	296	297	0.25	0.003367003367003367	0.1782	50.0	True
20260712	0.05	20raw+minmax	1.0	iter120_default	0.001	9861	5	1	1	296	297	0.25	0.003367003367003367	0.297	50.0	True
20260712	0.05	20raw+minmax	1.0	mid_tier	0.005	9861	5	1	1	296	297	0.25	0.003367003367003367	1.485	50.0	True
20260712	0.05	20raw+minmax	1.0	frontier_gpt4	0.03	9861	5	1	1	296	297	0.25	0.003367003367003367	8.91	50.0	True
20260712	0.05	20raw+minmax	1.5	cheap_heuristic	0.0001	9861	5	1	0	24	24	0.0	0.0	0.0024000000000000002	0.0	True
20260712	0.05	20raw+minmax	1.5	small_open	0.0006	9861	5	1	0	24	24	0.0	0.0	0.0144	0.0	True
20260712	0.05	20raw+minmax	1.5	iter120_default	0.001	9861	5	1	0	24	24	0.0	0.0	0.024	0.0	True
20260712	0.05	20raw+minmax	1.5	mid_tier	0.005	9861	5	1	0	24	24	0.0	0.0	0.12	0.0	True
20260712	0.05	20raw+minmax	1.5	frontier_gpt4	0.03	9861	5	1	0	24	24	0.0	0.0	0.72	0.0	True
20260712	0.05	20raw+minmax	2.0	cheap_heuristic	0.0001	9861	5	1	0	0	0	0.0	0.0	0.0	0.0	True
20260712	0.05	20raw+minmax	2.0	small_open	0.0006	9861	5	1	0	0	0	0.0	0.0	0.0	0.0	True
20260712	0.05	20raw+minmax	2.0	iter120_default	0.001	9861	5	1	0	0	0	0.0	0.0	0.0	0.0	True
20260712	0.05	20raw+minmax	2.0	mid_tier	0.005	9861	5	1	0	0	0	0.0	0.0	0.0	0.0	True
20260712	0.05	20raw+minmax	2.0	frontier_gpt4	0.03	9861	5	1	0	0	0	0.0	0.0	0.0	0.0	True
20260712	0.05	20raw+minmax	2.5	cheap_heuristic	0.0001	9861	5	1	0	0	0	0.0	0.0	0.0	0.0	True
20260712	0.05	20raw+minmax	2.5	small_open	0.0006	9861	5	1	0	0	0	0.0	0.0	0.0	0.0	True
20260712	0.05	20raw+minmax	2.5	iter120_default	0.001	9861	5	1	0	0	0	0.0	0.0	0.0	0.0	True
20260712	0.05	20raw+minmax	2.5	mid_tier	0.005	9861	5	1	0	0	0	0.0	0.0	0.0	0.0	True
20260712	0.05	20raw+minmax	2.5	frontier_gpt4	0.03	9861	5	1	0	0	0	0.0	0.0	0.0	0.0	True
20260712	0.05	20raw+minmax	3.0	cheap_heuristic	0.0001	9861	5	1	0	0	0	0.0	0.0	0.0	0.0	True
20260712	0.05	20raw+minmax	3.0	small_open	0.0006	9861	5	1	0	0	0	0.0	0.0	0.0	0.0	True
20260712	0.05	20raw+minmax	3.0	iter120_default	0.001	9861	5	1	0	0	0	0.0	0.0	0.0	0.0	True
20260712	0.05	20raw+minmax	3.0	mid_tier	0.005	9861	5	1	0	0	0	0.0	0.0	0.0	0.0	True
20260712	0.05	20raw+minmax	3.0	frontier_gpt4	0.03	9861	5	1	0	0	0	0.0	0.0	0.0	0.0	True
20260712	0.05	20raw+stat	0.0	cheap_heuristic	0.0001	9861	5	1	3	4927	4930	0.75	0.0006085192697768763	0.16433333333333336	150.0	True
20260712	0.05	20raw+stat	0.0	small_open	0.0006	9861	5	1	3	4927	4930	0.75	0.0006085192697768763	0.9859999999999999	150.0	True
20260712	0.05	20raw+stat	0.0	iter120_default	0.001	9861	5	1	3	4927	4930	0.75	0.0006085192697768763	1.6433333333333333	150.0	True
20260712	0.05	20raw+stat	0.0	mid_tier	0.005	9861	5	1	3	4927	4930	0.75	0.0006085192697768763	8.216666666666667	150.0	True
20260712	0.05	20raw+stat	0.0	frontier_gpt4	0.03	9861	5	1	3	4927	4930	0.75	0.0006085192697768763	49.300000000000004	150.0	True
20260712	0.05	20raw+stat	0.5	cheap_heuristic	0.0001	9861	5	1	2	1613	1615	0.5	0.001238390092879257	0.08075	100.0	True
20260712	0.05	20raw+stat	0.5	small_open	0.0006	9861	5	1	2	1613	1615	0.5	0.001238390092879257	0.48449999999999993	100.0	True
20260712	0.05	20raw+stat	0.5	iter120_default	0.001	9861	5	1	2	1613	1615	0.5	0.001238390092879257	0.8075	100.0	True
20260712	0.05	20raw+stat	0.5	mid_tier	0.005	9861	5	1	2	1613	1615	0.5	0.001238390092879257	4.0375	100.0	True
20260712	0.05	20raw+stat	0.5	frontier_gpt4	0.03	9861	5	1	2	1613	1615	0.5	0.001238390092879257	24.224999999999998	100.0	True
20260712	0.05	20raw+stat	1.0	cheap_heuristic	0.0001	9861	5	1	1	297	298	0.25	0.003355704697986577	0.0298	50.0	True
20260712	0.05	20raw+stat	1.0	small_open	0.0006	9861	5	1	1	297	298	0.25	0.003355704697986577	0.1788	50.0	True
20260712	0.05	20raw+stat	1.0	iter120_default	0.001	9861	5	1	1	297	298	0.25	0.003355704697986577	0.298	50.0	True
20260712	0.05	20raw+stat	1.0	mid_tier	0.005	9861	5	1	1	297	298	0.25	0.003355704697986577	1.49	50.0	True
20260712	0.05	20raw+stat	1.0	frontier_gpt4	0.03	9861	5	1	1	297	298	0.25	0.003355704697986577	8.94	50.0	True
20260712	0.05	20raw+stat	1.5	cheap_heuristic	0.0001	9861	5	1	0	24	24	0.0	0.0	0.0024000000000000002	0.0	True
20260712	0.05	20raw+stat	1.5	small_open	0.0006	9861	5	1	0	24	24	0.0	0.0	0.0144	0.0	True
20260712	0.05	20raw+stat	1.5	iter120_default	0.001	9861	5	1	0	24	24	0.0	0.0	0.024	0.0	True
20260712	0.05	20raw+stat	1.5	mid_tier	0.005	9861	5	1	0	24	24	0.0	0.0	0.12	0.0	True
20260712	0.05	20raw+stat	1.5	frontier_gpt4	0.03	9861	5	1	0	24	24	0.0	0.0	0.72	0.0	True
20260712	0.05	20raw+stat	2.0	cheap_heuristic	0.0001	9861	5	1	0	0	0	0.0	0.0	0.0	0.0	True
20260712	0.05	20raw+stat	2.0	small_open	0.0006	9861	5	1	0	0	0	0.0	0.0	0.0	0.0	True
20260712	0.05	20raw+stat	2.0	iter120_default	0.001	9861	5	1	0	0	0	0.0	0.0	0.0	0.0	True
20260712	0.05	20raw+stat	2.0	mid_tier	0.005	9861	5	1	0	0	0	0.0	0.0	0.0	0.0	True
20260712	0.05	20raw+stat	2.0	frontier_gpt4	0.03	9861	5	1	0	0	0	0.0	0.0	0.0	0.0	True
20260712	0.05	20raw+stat	2.5	cheap_heuristic	0.0001	9861	5	1	0	0	0	0.0	0.0	0.0	0.0	True
20260712	0.05	20raw+stat	2.5	small_open	0.0006	9861	5	1	0	0	0	0.0	0.0	0.0	0.0	True
20260712	0.05	20raw+stat	2.5	iter120_default	0.001	9861	5	1	0	0	0	0.0	0.0	0.0	0.0	True
20260712	0.05	20raw+stat	2.5	mid_tier	0.005	9861	5	1	0	0	0	0.0	0.0	0.0	0.0	True
20260712	0.05	20raw+stat	2.5	frontier_gpt4	0.03	9861	5	1	0	0	0	0.0	0.0	0.0	0.0	True
20260712	0.05	20raw+stat	3.0	cheap_heuristic	0.0001	9861	5	1	0	0	0	0.0	0.0	0.0	0.0	True
20260712	0.05	20raw+stat	3.0	small_open	0.0006	9861	5	1	0	0	0	0.0	0.0	0.0	0.0	True
20260712	0.05	20raw+stat	3.0	iter120_default	0.001	9861	5	1	0	0	0	0.0	0.0	0.0	0.0	True
20260712	0.05	20raw+stat	3.0	mid_tier	0.005	9861	5	1	0	0	0	0.0	0.0	0.0	0.0	True
20260712	0.05	20raw+stat	3.0	frontier_gpt4	0.03	9861	5	1	0	0	0	0.0	0.0	0.0	0.0	True
20260714	1.44	24full	0.0	cheap_heuristic	0.0001	10000	144	54	48	4954	5002	0.5333333333333333	0.009596161535385846	0.010420833333333332	2400.0	True
20260714	1.44	24full	0.0	small_open	0.0006	10000	144	54	48	4954	5002	0.5333333333333333	0.009596161535385846	0.062525	2400.0	True
20260714	1.44	24full	0.0	iter120_default	0.001	10000	144	54	48	4954	5002	0.5333333333333333	0.009596161535385846	0.10420833333333333	2400.0	True
20260714	1.44	24full	0.0	mid_tier	0.005	10000	144	54	48	4954	5002	0.5333333333333333	0.009596161535385846	0.5210416666666667	2400.0	True
20260714	1.44	24full	0.0	frontier_gpt4	0.03	10000	144	54	48	4954	5002	0.5333333333333333	0.009596161535385846	3.12625	2400.0	True
20260714	1.44	24full	0.5	cheap_heuristic	0.0001	10000	144	54	14	1619	1633	0.15555555555555556	0.008573178199632579	0.011664285714285714	700.0	True
20260714	1.44	24full	0.5	small_open	0.0006	10000	144	54	14	1619	1633	0.15555555555555556	0.008573178199632579	0.06998571428571428	700.0	True
20260714	1.44	24full	0.5	iter120_default	0.001	10000	144	54	14	1619	1633	0.15555555555555556	0.008573178199632579	0.11664285714285715	700.0	True
20260714	1.44	24full	0.5	mid_tier	0.005	10000	144	54	14	1619	1633	0.15555555555555556	0.008573178199632579	0.5832142857142858	700.0	True
20260714	1.44	24full	0.5	frontier_gpt4	0.03	10000	144	54	14	1619	1633	0.15555555555555556	0.008573178199632579	3.499285714285714	700.0	True
20260714	1.44	24full	1.0	cheap_heuristic	0.0001	10000	144	54	3	297	300	0.03333333333333333	0.01	0.01	150.0	True
20260714	1.44	24full	1.0	small_open	0.0006	10000	144	54	3	297	300	0.03333333333333333	0.01	0.06	150.0	True
20260714	1.44	24full	1.0	iter120_default	0.001	10000	144	54	3	297	300	0.03333333333333333	0.01	0.09999999999999999	150.0	True
20260714	1.44	24full	1.0	mid_tier	0.005	10000	144	54	3	297	300	0.03333333333333333	0.01	0.5	150.0	True
20260714	1.44	24full	1.0	frontier_gpt4	0.03	10000	144	54	3	297	300	0.03333333333333333	0.01	3.0	150.0	True
20260714	1.44	24full	1.5	cheap_heuristic	0.0001	10000	144	54	0	24	24	0.0	0.0	0.0024000000000000002	0.0	True
20260714	1.44	24full	1.5	small_open	0.0006	10000	144	54	0	24	24	0.0	0.0	0.0144	0.0	True
20260714	1.44	24full	1.5	iter120_default	0.001	10000	144	54	0	24	24	0.0	0.0	0.024	0.0	True
20260714	1.44	24full	1.5	mid_tier	0.005	10000	144	54	0	24	24	0.0	0.0	0.12	0.0	True
20260714	1.44	24full	1.5	frontier_gpt4	0.03	10000	144	54	0	24	24	0.0	0.0	0.72	0.0	True
20260714	1.44	24full	2.0	cheap_heuristic	0.0001	10000	144	54	0	0	0	0.0	0.0	0.0	0.0	True
20260714	1.44	24full	2.0	small_open	0.0006	10000	144	54	0	0	0	0.0	0.0	0.0	0.0	True
20260714	1.44	24full	2.0	iter120_default	0.001	10000	144	54	0	0	0	0.0	0.0	0.0	0.0	True
20260714	1.44	24full	2.0	mid_tier	0.005	10000	144	54	0	0	0	0.0	0.0	0.0	0.0	True
20260714	1.44	24full	2.0	frontier_gpt4	0.03	10000	144	54	0	0	0	0.0	0.0	0.0	0.0	True
20260714	1.44	24full	2.5	cheap_heuristic	0.0001	10000	144	54	0	0	0	0.0	0.0	0.0	0.0	True
20260714	1.44	24full	2.5	small_open	0.0006	10000	144	54	0	0	0	0.0	0.0	0.0	0.0	True
20260714	1.44	24full	2.5	iter120_default	0.001	10000	144	54	0	0	0	0.0	0.0	0.0	0.0	True
20260714	1.44	24full	2.5	mid_tier	0.005	10000	144	54	0	0	0	0.0	0.0	0.0	0.0	True
20260714	1.44	24full	2.5	frontier_gpt4	0.03	10000	144	54	0	0	0	0.0	0.0	0.0	0.0	True
20260714	1.44	24full	3.0	cheap_heuristic	0.0001	10000	144	54	0	0	0	0.0	0.0	0.0	0.0	True
20260714	1.44	24full	3.0	small_open	0.0006	10000	144	54	0	0	0	0.0	0.0	0.0	0.0	True
20260714	1.44	24full	3.0	iter120_default	0.001	10000	144	54	0	0	0	0.0	0.0	0.0	0.0	True
20260714	1.44	24full	3.0	mid_tier	0.005	10000	144	54	0	0	0	0.0	0.0	0.0	0.0	True
20260714	1.44	24full	3.0	frontier_gpt4	0.03	10000	144	54	0	0	0	0.0	0.0	0.0	0.0	True
20260714	1.44	20raw	0.0	cheap_heuristic	0.0001	10000	144	56	49	4953	5002	0.5568181818181818	0.009796081567373051	0.010208163265306122	2450.0	True
20260714	1.44	20raw	0.0	small_open	0.0006	10000	144	56	49	4953	5002	0.5568181818181818	0.009796081567373051	0.061248979591836734	2450.0	True
20260714	1.44	20raw	0.0	iter120_default	0.001	10000	144	56	49	4953	5002	0.5568181818181818	0.009796081567373051	0.10208163265306122	2450.0	True
20260714	1.44	20raw	0.0	mid_tier	0.005	10000	144	56	49	4953	5002	0.5568181818181818	0.009796081567373051	0.5104081632653061	2450.0	True
20260714	1.44	20raw	0.0	frontier_gpt4	0.03	10000	144	56	49	4953	5002	0.5568181818181818	0.009796081567373051	3.062448979591837	2450.0	True
20260714	1.44	20raw	0.5	cheap_heuristic	0.0001	10000	144	56	13	1610	1623	0.14772727272727273	0.008009858287122612	0.012484615384615384	650.0	True
20260714	1.44	20raw	0.5	small_open	0.0006	10000	144	56	13	1610	1623	0.14772727272727273	0.008009858287122612	0.0749076923076923	650.0	True
20260714	1.44	20raw	0.5	iter120_default	0.001	10000	144	56	13	1610	1623	0.14772727272727273	0.008009858287122612	0.12484615384615384	650.0	True
20260714	1.44	20raw	0.5	mid_tier	0.005	10000	144	56	13	1610	1623	0.14772727272727273	0.008009858287122612	0.6242307692307693	650.0	True
20260714	1.44	20raw	0.5	frontier_gpt4	0.03	10000	144	56	13	1610	1623	0.14772727272727273	0.008009858287122612	3.7453846153846153	650.0	True
20260714	1.44	20raw	1.0	cheap_heuristic	0.0001	10000	144	56	3	296	299	0.03409090909090909	0.010033444816053512	0.009966666666666667	150.0	True
20260714	1.44	20raw	1.0	small_open	0.0006	10000	144	56	3	296	299	0.03409090909090909	0.010033444816053512	0.05979999999999999	150.0	True
20260714	1.44	20raw	1.0	iter120_default	0.001	10000	144	56	3	296	299	0.03409090909090909	0.010033444816053512	0.09966666666666667	150.0	True
20260714	1.44	20raw	1.0	mid_tier	0.005	10000	144	56	3	296	299	0.03409090909090909	0.010033444816053512	0.49833333333333335	150.0	True
20260714	1.44	20raw	1.0	frontier_gpt4	0.03	10000	144	56	3	296	299	0.03409090909090909	0.010033444816053512	2.9899999999999998	150.0	True
20260714	1.44	20raw	1.5	cheap_heuristic	0.0001	10000	144	56	0	24	24	0.0	0.0	0.0024000000000000002	0.0	True
20260714	1.44	20raw	1.5	small_open	0.0006	10000	144	56	0	24	24	0.0	0.0	0.0144	0.0	True
20260714	1.44	20raw	1.5	iter120_default	0.001	10000	144	56	0	24	24	0.0	0.0	0.024	0.0	True
20260714	1.44	20raw	1.5	mid_tier	0.005	10000	144	56	0	24	24	0.0	0.0	0.12	0.0	True
20260714	1.44	20raw	1.5	frontier_gpt4	0.03	10000	144	56	0	24	24	0.0	0.0	0.72	0.0	True
20260714	1.44	20raw	2.0	cheap_heuristic	0.0001	10000	144	56	0	0	0	0.0	0.0	0.0	0.0	True
20260714	1.44	20raw	2.0	small_open	0.0006	10000	144	56	0	0	0	0.0	0.0	0.0	0.0	True
20260714	1.44	20raw	2.0	iter120_default	0.001	10000	144	56	0	0	0	0.0	0.0	0.0	0.0	True
20260714	1.44	20raw	2.0	mid_tier	0.005	10000	144	56	0	0	0	0.0	0.0	0.0	0.0	True
20260714	1.44	20raw	2.0	frontier_gpt4	0.03	10000	144	56	0	0	0	0.0	0.0	0.0	0.0	True
20260714	1.44	20raw	2.5	cheap_heuristic	0.0001	10000	144	56	0	0	0	0.0	0.0	0.0	0.0	True
20260714	1.44	20raw	2.5	small_open	0.0006	10000	144	56	0	0	0	0.0	0.0	0.0	0.0	True
20260714	1.44	20raw	2.5	iter120_default	0.001	10000	144	56	0	0	0	0.0	0.0	0.0	0.0	True
20260714	1.44	20raw	2.5	mid_tier	0.005	10000	144	56	0	0	0	0.0	0.0	0.0	0.0	True
20260714	1.44	20raw	2.5	frontier_gpt4	0.03	10000	144	56	0	0	0	0.0	0.0	0.0	0.0	True
20260714	1.44	20raw	3.0	cheap_heuristic	0.0001	10000	144	56	0	0	0	0.0	0.0	0.0	0.0	True
20260714	1.44	20raw	3.0	small_open	0.0006	10000	144	56	0	0	0	0.0	0.0	0.0	0.0	True
20260714	1.44	20raw	3.0	iter120_default	0.001	10000	144	56	0	0	0	0.0	0.0	0.0	0.0	True
20260714	1.44	20raw	3.0	mid_tier	0.005	10000	144	56	0	0	0	0.0	0.0	0.0	0.0	True
20260714	1.44	20raw	3.0	frontier_gpt4	0.03	10000	144	56	0	0	0	0.0	0.0	0.0	0.0	True
20260714	1.44	20raw+minmax	0.0	cheap_heuristic	0.0001	10000	144	51	50	4948	4998	0.5376344086021505	0.010004001600640256	0.009996	2500.0	True
20260714	1.44	20raw+minmax	0.0	small_open	0.0006	10000	144	51	50	4948	4998	0.5376344086021505	0.010004001600640256	0.059975999999999995	2500.0	True
20260714	1.44	20raw+minmax	0.0	iter120_default	0.001	10000	144	51	50	4948	4998	0.5376344086021505	0.010004001600640256	0.09996000000000001	2500.0	True
20260714	1.44	20raw+minmax	0.0	mid_tier	0.005	10000	144	51	50	4948	4998	0.5376344086021505	0.010004001600640256	0.4998	2500.0	True
20260714	1.44	20raw+minmax	0.0	frontier_gpt4	0.03	10000	144	51	50	4948	4998	0.5376344086021505	0.010004001600640256	2.9988	2500.0	True
20260714	1.44	20raw+minmax	0.5	cheap_heuristic	0.0001	10000	144	51	13	1606	1619	0.13978494623655913	0.008029647930821495	0.012453846153846156	650.0	True
20260714	1.44	20raw+minmax	0.5	small_open	0.0006	10000	144	51	13	1606	1619	0.13978494623655913	0.008029647930821495	0.07472307692307692	650.0	True
20260714	1.44	20raw+minmax	0.5	iter120_default	0.001	10000	144	51	13	1606	1619	0.13978494623655913	0.008029647930821495	0.12453846153846154	650.0	True
20260714	1.44	20raw+minmax	0.5	mid_tier	0.005	10000	144	51	13	1606	1619	0.13978494623655913	0.008029647930821495	0.6226923076923078	650.0	True
20260714	1.44	20raw+minmax	0.5	frontier_gpt4	0.03	10000	144	51	13	1606	1619	0.13978494623655913	0.008029647930821495	3.7361538461538464	650.0	True
20260714	1.44	20raw+minmax	1.0	cheap_heuristic	0.0001	10000	144	51	3	295	298	0.03225806451612903	0.010067114093959731	0.009933333333333334	150.0	True
20260714	1.44	20raw+minmax	1.0	small_open	0.0006	10000	144	51	3	295	298	0.03225806451612903	0.010067114093959731	0.05959999999999999	150.0	True
20260714	1.44	20raw+minmax	1.0	iter120_default	0.001	10000	144	51	3	295	298	0.03225806451612903	0.010067114093959731	0.09933333333333333	150.0	True
20260714	1.44	20raw+minmax	1.0	mid_tier	0.005	10000	144	51	3	295	298	0.03225806451612903	0.010067114093959731	0.49666666666666665	150.0	True
20260714	1.44	20raw+minmax	1.0	frontier_gpt4	0.03	10000	144	51	3	295	298	0.03225806451612903	0.010067114093959731	2.98	150.0	True
20260714	1.44	20raw+minmax	1.5	cheap_heuristic	0.0001	10000	144	51	0	24	24	0.0	0.0	0.0024000000000000002	0.0	True
20260714	1.44	20raw+minmax	1.5	small_open	0.0006	10000	144	51	0	24	24	0.0	0.0	0.0144	0.0	True
20260714	1.44	20raw+minmax	1.5	iter120_default	0.001	10000	144	51	0	24	24	0.0	0.0	0.024	0.0	True
20260714	1.44	20raw+minmax	1.5	mid_tier	0.005	10000	144	51	0	24	24	0.0	0.0	0.12	0.0	True
20260714	1.44	20raw+minmax	1.5	frontier_gpt4	0.03	10000	144	51	0	24	24	0.0	0.0	0.72	0.0	True
20260714	1.44	20raw+minmax	2.0	cheap_heuristic	0.0001	10000	144	51	0	0	0	0.0	0.0	0.0	0.0	True
20260714	1.44	20raw+minmax	2.0	small_open	0.0006	10000	144	51	0	0	0	0.0	0.0	0.0	0.0	True
20260714	1.44	20raw+minmax	2.0	iter120_default	0.001	10000	144	51	0	0	0	0.0	0.0	0.0	0.0	True
20260714	1.44	20raw+minmax	2.0	mid_tier	0.005	10000	144	51	0	0	0	0.0	0.0	0.0	0.0	True
20260714	1.44	20raw+minmax	2.0	frontier_gpt4	0.03	10000	144	51	0	0	0	0.0	0.0	0.0	0.0	True
20260714	1.44	20raw+minmax	2.5	cheap_heuristic	0.0001	10000	144	51	0	0	0	0.0	0.0	0.0	0.0	True
20260714	1.44	20raw+minmax	2.5	small_open	0.0006	10000	144	51	0	0	0	0.0	0.0	0.0	0.0	True
20260714	1.44	20raw+minmax	2.5	iter120_default	0.001	10000	144	51	0	0	0	0.0	0.0	0.0	0.0	True
20260714	1.44	20raw+minmax	2.5	mid_tier	0.005	10000	144	51	0	0	0	0.0	0.0	0.0	0.0	True
20260714	1.44	20raw+minmax	2.5	frontier_gpt4	0.03	10000	144	51	0	0	0	0.0	0.0	0.0	0.0	True
20260714	1.44	20raw+minmax	3.0	cheap_heuristic	0.0001	10000	144	51	0	0	0	0.0	0.0	0.0	0.0	True
20260714	1.44	20raw+minmax	3.0	small_open	0.0006	10000	144	51	0	0	0	0.0	0.0	0.0	0.0	True
20260714	1.44	20raw+minmax	3.0	iter120_default	0.001	10000	144	51	0	0	0	0.0	0.0	0.0	0.0	True
20260714	1.44	20raw+minmax	3.0	mid_tier	0.005	10000	144	51	0	0	0	0.0	0.0	0.0	0.0	True
20260714	1.44	20raw+minmax	3.0	frontier_gpt4	0.03	10000	144	51	0	0	0	0.0	0.0	0.0	0.0	True
20260714	1.44	20raw+stat	0.0	cheap_heuristic	0.0001	10000	144	54	48	4953	5001	0.5333333333333333	0.009598080383923215	0.01041875	2400.0	True
20260714	1.44	20raw+stat	0.0	small_open	0.0006	10000	144	54	48	4953	5001	0.5333333333333333	0.009598080383923215	0.0625125	2400.0	True
20260714	1.44	20raw+stat	0.0	iter120_default	0.001	10000	144	54	48	4953	5001	0.5333333333333333	0.009598080383923215	0.1041875	2400.0	True
20260714	1.44	20raw+stat	0.0	mid_tier	0.005	10000	144	54	48	4953	5001	0.5333333333333333	0.009598080383923215	0.5209374999999999	2400.0	True
20260714	1.44	20raw+stat	0.0	frontier_gpt4	0.03	10000	144	54	48	4953	5001	0.5333333333333333	0.009598080383923215	3.125625	2400.0	True
20260714	1.44	20raw+stat	0.5	cheap_heuristic	0.0001	10000	144	54	14	1617	1631	0.15555555555555556	0.008583690987124463	0.011649999999999999	700.0	True
20260714	1.44	20raw+stat	0.5	small_open	0.0006	10000	144	54	14	1617	1631	0.15555555555555556	0.008583690987124463	0.06989999999999999	700.0	True
20260714	1.44	20raw+stat	0.5	iter120_default	0.001	10000	144	54	14	1617	1631	0.15555555555555556	0.008583690987124463	0.1165	700.0	True
20260714	1.44	20raw+stat	0.5	mid_tier	0.005	10000	144	54	14	1617	1631	0.15555555555555556	0.008583690987124463	0.5824999999999999	700.0	True
20260714	1.44	20raw+stat	0.5	frontier_gpt4	0.03	10000	144	54	14	1617	1631	0.15555555555555556	0.008583690987124463	3.495	700.0	True
20260714	1.44	20raw+stat	1.0	cheap_heuristic	0.0001	10000	144	54	3	297	300	0.03333333333333333	0.01	0.01	150.0	True
20260714	1.44	20raw+stat	1.0	small_open	0.0006	10000	144	54	3	297	300	0.03333333333333333	0.01	0.06	150.0	True
20260714	1.44	20raw+stat	1.0	iter120_default	0.001	10000	144	54	3	297	300	0.03333333333333333	0.01	0.09999999999999999	150.0	True
20260714	1.44	20raw+stat	1.0	mid_tier	0.005	10000	144	54	3	297	300	0.03333333333333333	0.01	0.5	150.0	True
20260714	1.44	20raw+stat	1.0	frontier_gpt4	0.03	10000	144	54	3	297	300	0.03333333333333333	0.01	3.0	150.0	True
20260714	1.44	20raw+stat	1.5	cheap_heuristic	0.0001	10000	144	54	0	24	24	0.0	0.0	0.0024000000000000002	0.0	True
20260714	1.44	20raw+stat	1.5	small_open	0.0006	10000	144	54	0	24	24	0.0	0.0	0.0144	0.0	True
20260714	1.44	20raw+stat	1.5	iter120_default	0.001	10000	144	54	0	24	24	0.0	0.0	0.024	0.0	True
20260714	1.44	20raw+stat	1.5	mid_tier	0.005	10000	144	54	0	24	24	0.0	0.0	0.12	0.0	True
20260714	1.44	20raw+stat	1.5	frontier_gpt4	0.03	10000	144	54	0	24	24	0.0	0.0	0.72	0.0	True
20260714	1.44	20raw+stat	2.0	cheap_heuristic	0.0001	10000	144	54	0	0	0	0.0	0.0	0.0	0.0	True
20260714	1.44	20raw+stat	2.0	small_open	0.0006	10000	144	54	0	0	0	0.0	0.0	0.0	0.0	True
20260714	1.44	20raw+stat	2.0	iter120_default	0.001	10000	144	54	0	0	0	0.0	0.0	0.0	0.0	True
20260714	1.44	20raw+stat	2.0	mid_tier	0.005	10000	144	54	0	0	0	0.0	0.0	0.0	0.0	True
20260714	1.44	20raw+stat	2.0	frontier_gpt4	0.03	10000	144	54	0	0	0	0.0	0.0	0.0	0.0	True
20260714	1.44	20raw+stat	2.5	cheap_heuristic	0.0001	10000	144	54	0	0	0	0.0	0.0	0.0	0.0	True
20260714	1.44	20raw+stat	2.5	small_open	0.0006	10000	144	54	0	0	0	0.0	0.0	0.0	0.0	True
20260714	1.44	20raw+stat	2.5	iter120_default	0.001	10000	144	54	0	0	0	0.0	0.0	0.0	0.0	True
20260714	1.44	20raw+stat	2.5	mid_tier	0.005	10000	144	54	0	0	0	0.0	0.0	0.0	0.0	True
20260714	1.44	20raw+stat	2.5	frontier_gpt4	0.03	10000	144	54	0	0	0	0.0	0.0	0.0	0.0	True
20260714	1.44	20raw+stat	3.0	cheap_heuristic	0.0001	10000	144	54	0	0	0	0.0	0.0	0.0	0.0	True
20260714	1.44	20raw+stat	3.0	small_open	0.0006	10000	144	54	0	0	0	0.0	0.0	0.0	0.0	True
20260714	1.44	20raw+stat	3.0	iter120_default	0.001	10000	144	54	0	0	0	0.0	0.0	0.0	0.0	True
20260714	1.44	20raw+stat	3.0	mid_tier	0.005	10000	144	54	0	0	0	0.0	0.0	0.0	0.0	True
20260714	1.44	20raw+stat	3.0	frontier_gpt4	0.03	10000	144	54	0	0	0	0.0	0.0	0.0	0.0	True
20260714	1.0	24full	0.0	cheap_heuristic	0.0001	9956	100	38	35	4946	4981	0.5645161290322581	0.007026701465569163	0.014231428571428572	1750.0	True
20260714	1.0	24full	0.0	small_open	0.0006	9956	100	38	35	4946	4981	0.5645161290322581	0.007026701465569163	0.08538857142857142	1750.0	True
20260714	1.0	24full	0.0	iter120_default	0.001	9956	100	38	35	4946	4981	0.5645161290322581	0.007026701465569163	0.1423142857142857	1750.0	True
20260714	1.0	24full	0.0	mid_tier	0.005	9956	100	38	35	4946	4981	0.5645161290322581	0.007026701465569163	0.7115714285714286	1750.0	True
20260714	1.0	24full	0.0	frontier_gpt4	0.03	9956	100	38	35	4946	4981	0.5645161290322581	0.007026701465569163	4.269428571428572	1750.0	True
20260714	1.0	24full	0.5	cheap_heuristic	0.0001	9956	100	38	7	1619	1626	0.11290322580645161	0.004305043050430504	0.02322857142857143	350.0	True
20260714	1.0	24full	0.5	small_open	0.0006	9956	100	38	7	1619	1626	0.11290322580645161	0.004305043050430504	0.13937142857142856	350.0	True
20260714	1.0	24full	0.5	iter120_default	0.001	9956	100	38	7	1619	1626	0.11290322580645161	0.004305043050430504	0.2322857142857143	350.0	True
20260714	1.0	24full	0.5	mid_tier	0.005	9956	100	38	7	1619	1626	0.11290322580645161	0.004305043050430504	1.1614285714285715	350.0	True
20260714	1.0	24full	0.5	frontier_gpt4	0.03	9956	100	38	7	1619	1626	0.11290322580645161	0.004305043050430504	6.968571428571429	350.0	True
20260714	1.0	24full	1.0	cheap_heuristic	0.0001	9956	100	38	1	297	298	0.016129032258064516	0.003355704697986577	0.0298	50.0	True
20260714	1.0	24full	1.0	small_open	0.0006	9956	100	38	1	297	298	0.016129032258064516	0.003355704697986577	0.1788	50.0	True
20260714	1.0	24full	1.0	iter120_default	0.001	9956	100	38	1	297	298	0.016129032258064516	0.003355704697986577	0.298	50.0	True
20260714	1.0	24full	1.0	mid_tier	0.005	9956	100	38	1	297	298	0.016129032258064516	0.003355704697986577	1.49	50.0	True
20260714	1.0	24full	1.0	frontier_gpt4	0.03	9956	100	38	1	297	298	0.016129032258064516	0.003355704697986577	8.94	50.0	True
20260714	1.0	24full	1.5	cheap_heuristic	0.0001	9956	100	38	0	24	24	0.0	0.0	0.0024000000000000002	0.0	True
20260714	1.0	24full	1.5	small_open	0.0006	9956	100	38	0	24	24	0.0	0.0	0.0144	0.0	True
20260714	1.0	24full	1.5	iter120_default	0.001	9956	100	38	0	24	24	0.0	0.0	0.024	0.0	True
20260714	1.0	24full	1.5	mid_tier	0.005	9956	100	38	0	24	24	0.0	0.0	0.12	0.0	True
20260714	1.0	24full	1.5	frontier_gpt4	0.03	9956	100	38	0	24	24	0.0	0.0	0.72	0.0	True
20260714	1.0	24full	2.0	cheap_heuristic	0.0001	9956	100	38	0	0	0	0.0	0.0	0.0	0.0	True
20260714	1.0	24full	2.0	small_open	0.0006	9956	100	38	0	0	0	0.0	0.0	0.0	0.0	True
20260714	1.0	24full	2.0	iter120_default	0.001	9956	100	38	0	0	0	0.0	0.0	0.0	0.0	True
20260714	1.0	24full	2.0	mid_tier	0.005	9956	100	38	0	0	0	0.0	0.0	0.0	0.0	True
20260714	1.0	24full	2.0	frontier_gpt4	0.03	9956	100	38	0	0	0	0.0	0.0	0.0	0.0	True
20260714	1.0	24full	2.5	cheap_heuristic	0.0001	9956	100	38	0	0	0	0.0	0.0	0.0	0.0	True
20260714	1.0	24full	2.5	small_open	0.0006	9956	100	38	0	0	0	0.0	0.0	0.0	0.0	True
20260714	1.0	24full	2.5	iter120_default	0.001	9956	100	38	0	0	0	0.0	0.0	0.0	0.0	True
20260714	1.0	24full	2.5	mid_tier	0.005	9956	100	38	0	0	0	0.0	0.0	0.0	0.0	True
20260714	1.0	24full	2.5	frontier_gpt4	0.03	9956	100	38	0	0	0	0.0	0.0	0.0	0.0	True
20260714	1.0	24full	3.0	cheap_heuristic	0.0001	9956	100	38	0	0	0	0.0	0.0	0.0	0.0	True
20260714	1.0	24full	3.0	small_open	0.0006	9956	100	38	0	0	0	0.0	0.0	0.0	0.0	True
20260714	1.0	24full	3.0	iter120_default	0.001	9956	100	38	0	0	0	0.0	0.0	0.0	0.0	True
20260714	1.0	24full	3.0	mid_tier	0.005	9956	100	38	0	0	0	0.0	0.0	0.0	0.0	True
20260714	1.0	24full	3.0	frontier_gpt4	0.03	9956	100	38	0	0	0	0.0	0.0	0.0	0.0	True
20260714	1.0	20raw	0.0	cheap_heuristic	0.0001	9956	100	40	36	4947	4983	0.6	0.007224563515954244	0.013841666666666667	1800.0	True
20260714	1.0	20raw	0.0	small_open	0.0006	9956	100	40	36	4947	4983	0.6	0.007224563515954244	0.08305	1800.0	True
20260714	1.0	20raw	0.0	iter120_default	0.001	9956	100	40	36	4947	4983	0.6	0.007224563515954244	0.1384166666666667	1800.0	True
20260714	1.0	20raw	0.0	mid_tier	0.005	9956	100	40	36	4947	4983	0.6	0.007224563515954244	0.6920833333333333	1800.0	True
20260714	1.0	20raw	0.0	frontier_gpt4	0.03	9956	100	40	36	4947	4983	0.6	0.007224563515954244	4.1525	1800.0	True
20260714	1.0	20raw	0.5	cheap_heuristic	0.0001	9956	100	40	6	1610	1616	0.1	0.0037128712871287127	0.026933333333333337	300.0	True
20260714	1.0	20raw	0.5	small_open	0.0006	9956	100	40	6	1610	1616	0.1	0.0037128712871287127	0.1616	300.0	True
20260714	1.0	20raw	0.5	iter120_default	0.001	9956	100	40	6	1610	1616	0.1	0.0037128712871287127	0.26933333333333337	300.0	True
20260714	1.0	20raw	0.5	mid_tier	0.005	9956	100	40	6	1610	1616	0.1	0.0037128712871287127	1.3466666666666667	300.0	True
20260714	1.0	20raw	0.5	frontier_gpt4	0.03	9956	100	40	6	1610	1616	0.1	0.0037128712871287127	8.08	300.0	True
20260714	1.0	20raw	1.0	cheap_heuristic	0.0001	9956	100	40	1	296	297	0.016666666666666666	0.003367003367003367	0.0297	50.0	True
20260714	1.0	20raw	1.0	small_open	0.0006	9956	100	40	1	296	297	0.016666666666666666	0.003367003367003367	0.1782	50.0	True
20260714	1.0	20raw	1.0	iter120_default	0.001	9956	100	40	1	296	297	0.016666666666666666	0.003367003367003367	0.297	50.0	True
20260714	1.0	20raw	1.0	mid_tier	0.005	9956	100	40	1	296	297	0.016666666666666666	0.003367003367003367	1.485	50.0	True
20260714	1.0	20raw	1.0	frontier_gpt4	0.03	9956	100	40	1	296	297	0.016666666666666666	0.003367003367003367	8.91	50.0	True
20260714	1.0	20raw	1.5	cheap_heuristic	0.0001	9956	100	40	0	24	24	0.0	0.0	0.0024000000000000002	0.0	True
20260714	1.0	20raw	1.5	small_open	0.0006	9956	100	40	0	24	24	0.0	0.0	0.0144	0.0	True
20260714	1.0	20raw	1.5	iter120_default	0.001	9956	100	40	0	24	24	0.0	0.0	0.024	0.0	True
20260714	1.0	20raw	1.5	mid_tier	0.005	9956	100	40	0	24	24	0.0	0.0	0.12	0.0	True
20260714	1.0	20raw	1.5	frontier_gpt4	0.03	9956	100	40	0	24	24	0.0	0.0	0.72	0.0	True
20260714	1.0	20raw	2.0	cheap_heuristic	0.0001	9956	100	40	0	0	0	0.0	0.0	0.0	0.0	True
20260714	1.0	20raw	2.0	small_open	0.0006	9956	100	40	0	0	0	0.0	0.0	0.0	0.0	True
20260714	1.0	20raw	2.0	iter120_default	0.001	9956	100	40	0	0	0	0.0	0.0	0.0	0.0	True
20260714	1.0	20raw	2.0	mid_tier	0.005	9956	100	40	0	0	0	0.0	0.0	0.0	0.0	True
20260714	1.0	20raw	2.0	frontier_gpt4	0.03	9956	100	40	0	0	0	0.0	0.0	0.0	0.0	True
20260714	1.0	20raw	2.5	cheap_heuristic	0.0001	9956	100	40	0	0	0	0.0	0.0	0.0	0.0	True
20260714	1.0	20raw	2.5	small_open	0.0006	9956	100	40	0	0	0	0.0	0.0	0.0	0.0	True
20260714	1.0	20raw	2.5	iter120_default	0.001	9956	100	40	0	0	0	0.0	0.0	0.0	0.0	True
20260714	1.0	20raw	2.5	mid_tier	0.005	9956	100	40	0	0	0	0.0	0.0	0.0	0.0	True
20260714	1.0	20raw	2.5	frontier_gpt4	0.03	9956	100	40	0	0	0	0.0	0.0	0.0	0.0	True
20260714	1.0	20raw	3.0	cheap_heuristic	0.0001	9956	100	40	0	0	0	0.0	0.0	0.0	0.0	True
20260714	1.0	20raw	3.0	small_open	0.0006	9956	100	40	0	0	0	0.0	0.0	0.0	0.0	True
20260714	1.0	20raw	3.0	iter120_default	0.001	9956	100	40	0	0	0	0.0	0.0	0.0	0.0	True
20260714	1.0	20raw	3.0	mid_tier	0.005	9956	100	40	0	0	0	0.0	0.0	0.0	0.0	True
20260714	1.0	20raw	3.0	frontier_gpt4	0.03	9956	100	40	0	0	0	0.0	0.0	0.0	0.0	True
20260714	1.0	20raw+minmax	0.0	cheap_heuristic	0.0001	9956	100	37	36	4941	4977	0.5714285714285714	0.007233273056057866	0.013825	1800.0	True
20260714	1.0	20raw+minmax	0.0	small_open	0.0006	9956	100	37	36	4941	4977	0.5714285714285714	0.007233273056057866	0.08295	1800.0	True
20260714	1.0	20raw+minmax	0.0	iter120_default	0.001	9956	100	37	36	4941	4977	0.5714285714285714	0.007233273056057866	0.13825	1800.0	True
20260714	1.0	20raw+minmax	0.0	mid_tier	0.005	9956	100	37	36	4941	4977	0.5714285714285714	0.007233273056057866	0.69125	1800.0	True
20260714	1.0	20raw+minmax	0.0	frontier_gpt4	0.03	9956	100	37	36	4941	4977	0.5714285714285714	0.007233273056057866	4.1475	1800.0	True
20260714	1.0	20raw+minmax	0.5	cheap_heuristic	0.0001	9956	100	37	6	1606	1612	0.09523809523809523	0.0037220843672456576	0.026866666666666667	300.0	True
20260714	1.0	20raw+minmax	0.5	small_open	0.0006	9956	100	37	6	1606	1612	0.09523809523809523	0.0037220843672456576	0.16119999999999998	300.0	True
20260714	1.0	20raw+minmax	0.5	iter120_default	0.001	9956	100	37	6	1606	1612	0.09523809523809523	0.0037220843672456576	0.26866666666666666	300.0	True
20260714	1.0	20raw+minmax	0.5	mid_tier	0.005	9956	100	37	6	1606	1612	0.09523809523809523	0.0037220843672456576	1.3433333333333335	300.0	True
20260714	1.0	20raw+minmax	0.5	frontier_gpt4	0.03	9956	100	37	6	1606	1612	0.09523809523809523	0.0037220843672456576	8.06	300.0	True
20260714	1.0	20raw+minmax	1.0	cheap_heuristic	0.0001	9956	100	37	1	295	296	0.015873015873015872	0.0033783783783783786	0.0296	50.0	True
20260714	1.0	20raw+minmax	1.0	small_open	0.0006	9956	100	37	1	295	296	0.015873015873015872	0.0033783783783783786	0.17759999999999998	50.0	True
20260714	1.0	20raw+minmax	1.0	iter120_default	0.001	9956	100	37	1	295	296	0.015873015873015872	0.0033783783783783786	0.296	50.0	True
20260714	1.0	20raw+minmax	1.0	mid_tier	0.005	9956	100	37	1	295	296	0.015873015873015872	0.0033783783783783786	1.48	50.0	True
20260714	1.0	20raw+minmax	1.0	frontier_gpt4	0.03	9956	100	37	1	295	296	0.015873015873015872	0.0033783783783783786	8.879999999999999	50.0	True
20260714	1.0	20raw+minmax	1.5	cheap_heuristic	0.0001	9956	100	37	0	24	24	0.0	0.0	0.0024000000000000002	0.0	True
20260714	1.0	20raw+minmax	1.5	small_open	0.0006	9956	100	37	0	24	24	0.0	0.0	0.0144	0.0	True
20260714	1.0	20raw+minmax	1.5	iter120_default	0.001	9956	100	37	0	24	24	0.0	0.0	0.024	0.0	True
20260714	1.0	20raw+minmax	1.5	mid_tier	0.005	9956	100	37	0	24	24	0.0	0.0	0.12	0.0	True
20260714	1.0	20raw+minmax	1.5	frontier_gpt4	0.03	9956	100	37	0	24	24	0.0	0.0	0.72	0.0	True
20260714	1.0	20raw+minmax	2.0	cheap_heuristic	0.0001	9956	100	37	0	0	0	0.0	0.0	0.0	0.0	True
20260714	1.0	20raw+minmax	2.0	small_open	0.0006	9956	100	37	0	0	0	0.0	0.0	0.0	0.0	True
20260714	1.0	20raw+minmax	2.0	iter120_default	0.001	9956	100	37	0	0	0	0.0	0.0	0.0	0.0	True
20260714	1.0	20raw+minmax	2.0	mid_tier	0.005	9956	100	37	0	0	0	0.0	0.0	0.0	0.0	True
20260714	1.0	20raw+minmax	2.0	frontier_gpt4	0.03	9956	100	37	0	0	0	0.0	0.0	0.0	0.0	True
20260714	1.0	20raw+minmax	2.5	cheap_heuristic	0.0001	9956	100	37	0	0	0	0.0	0.0	0.0	0.0	True
20260714	1.0	20raw+minmax	2.5	small_open	0.0006	9956	100	37	0	0	0	0.0	0.0	0.0	0.0	True
20260714	1.0	20raw+minmax	2.5	iter120_default	0.001	9956	100	37	0	0	0	0.0	0.0	0.0	0.0	True
20260714	1.0	20raw+minmax	2.5	mid_tier	0.005	9956	100	37	0	0	0	0.0	0.0	0.0	0.0	True
20260714	1.0	20raw+minmax	2.5	frontier_gpt4	0.03	9956	100	37	0	0	0	0.0	0.0	0.0	0.0	True
20260714	1.0	20raw+minmax	3.0	cheap_heuristic	0.0001	9956	100	37	0	0	0	0.0	0.0	0.0	0.0	True
20260714	1.0	20raw+minmax	3.0	small_open	0.0006	9956	100	37	0	0	0	0.0	0.0	0.0	0.0	True
20260714	1.0	20raw+minmax	3.0	iter120_default	0.001	9956	100	37	0	0	0	0.0	0.0	0.0	0.0	True
20260714	1.0	20raw+minmax	3.0	mid_tier	0.005	9956	100	37	0	0	0	0.0	0.0	0.0	0.0	True
20260714	1.0	20raw+minmax	3.0	frontier_gpt4	0.03	9956	100	37	0	0	0	0.0	0.0	0.0	0.0	True
20260714	1.0	20raw+stat	0.0	cheap_heuristic	0.0001	9956	100	40	34	4946	4980	0.5666666666666667	0.006827309236947791	0.014647058823529412	1700.0	True
20260714	1.0	20raw+stat	0.0	small_open	0.0006	9956	100	40	34	4946	4980	0.5666666666666667	0.006827309236947791	0.08788235294117645	1700.0	True
20260714	1.0	20raw+stat	0.0	iter120_default	0.001	9956	100	40	34	4946	4980	0.5666666666666667	0.006827309236947791	0.14647058823529413	1700.0	True
20260714	1.0	20raw+stat	0.0	mid_tier	0.005	9956	100	40	34	4946	4980	0.5666666666666667	0.006827309236947791	0.7323529411764707	1700.0	True
20260714	1.0	20raw+stat	0.0	frontier_gpt4	0.03	9956	100	40	34	4946	4980	0.5666666666666667	0.006827309236947791	4.394117647058824	1700.0	True
20260714	1.0	20raw+stat	0.5	cheap_heuristic	0.0001	9956	100	40	7	1615	1622	0.11666666666666667	0.004315659679408138	0.023171428571428572	350.0	True
20260714	1.0	20raw+stat	0.5	small_open	0.0006	9956	100	40	7	1615	1622	0.11666666666666667	0.004315659679408138	0.13902857142857142	350.0	True
20260714	1.0	20raw+stat	0.5	iter120_default	0.001	9956	100	40	7	1615	1622	0.11666666666666667	0.004315659679408138	0.23171428571428573	350.0	True
20260714	1.0	20raw+stat	0.5	mid_tier	0.005	9956	100	40	7	1615	1622	0.11666666666666667	0.004315659679408138	1.1585714285714286	350.0	True
20260714	1.0	20raw+stat	0.5	frontier_gpt4	0.03	9956	100	40	7	1615	1622	0.11666666666666667	0.004315659679408138	6.951428571428571	350.0	True
20260714	1.0	20raw+stat	1.0	cheap_heuristic	0.0001	9956	100	40	1	296	297	0.016666666666666666	0.003367003367003367	0.0297	50.0	True
20260714	1.0	20raw+stat	1.0	small_open	0.0006	9956	100	40	1	296	297	0.016666666666666666	0.003367003367003367	0.1782	50.0	True
20260714	1.0	20raw+stat	1.0	iter120_default	0.001	9956	100	40	1	296	297	0.016666666666666666	0.003367003367003367	0.297	50.0	True
20260714	1.0	20raw+stat	1.0	mid_tier	0.005	9956	100	40	1	296	297	0.016666666666666666	0.003367003367003367	1.485	50.0	True
20260714	1.0	20raw+stat	1.0	frontier_gpt4	0.03	9956	100	40	1	296	297	0.016666666666666666	0.003367003367003367	8.91	50.0	True
20260714	1.0	20raw+stat	1.5	cheap_heuristic	0.0001	9956	100	40	0	24	24	0.0	0.0	0.0024000000000000002	0.0	True
20260714	1.0	20raw+stat	1.5	small_open	0.0006	9956	100	40	0	24	24	0.0	0.0	0.0144	0.0	True
20260714	1.0	20raw+stat	1.5	iter120_default	0.001	9956	100	40	0	24	24	0.0	0.0	0.024	0.0	True
20260714	1.0	20raw+stat	1.5	mid_tier	0.005	9956	100	40	0	24	24	0.0	0.0	0.12	0.0	True
20260714	1.0	20raw+stat	1.5	frontier_gpt4	0.03	9956	100	40	0	24	24	0.0	0.0	0.72	0.0	True
20260714	1.0	20raw+stat	2.0	cheap_heuristic	0.0001	9956	100	40	0	0	0	0.0	0.0	0.0	0.0	True
20260714	1.0	20raw+stat	2.0	small_open	0.0006	9956	100	40	0	0	0	0.0	0.0	0.0	0.0	True
20260714	1.0	20raw+stat	2.0	iter120_default	0.001	9956	100	40	0	0	0	0.0	0.0	0.0	0.0	True
20260714	1.0	20raw+stat	2.0	mid_tier	0.005	9956	100	40	0	0	0	0.0	0.0	0.0	0.0	True
20260714	1.0	20raw+stat	2.0	frontier_gpt4	0.03	9956	100	40	0	0	0	0.0	0.0	0.0	0.0	True
20260714	1.0	20raw+stat	2.5	cheap_heuristic	0.0001	9956	100	40	0	0	0	0.0	0.0	0.0	0.0	True
20260714	1.0	20raw+stat	2.5	small_open	0.0006	9956	100	40	0	0	0	0.0	0.0	0.0	0.0	True
20260714	1.0	20raw+stat	2.5	iter120_default	0.001	9956	100	40	0	0	0	0.0	0.0	0.0	0.0	True
20260714	1.0	20raw+stat	2.5	mid_tier	0.005	9956	100	40	0	0	0	0.0	0.0	0.0	0.0	True
20260714	1.0	20raw+stat	2.5	frontier_gpt4	0.03	9956	100	40	0	0	0	0.0	0.0	0.0	0.0	True
20260714	1.0	20raw+stat	3.0	cheap_heuristic	0.0001	9956	100	40	0	0	0	0.0	0.0	0.0	0.0	True
20260714	1.0	20raw+stat	3.0	small_open	0.0006	9956	100	40	0	0	0	0.0	0.0	0.0	0.0	True
20260714	1.0	20raw+stat	3.0	iter120_default	0.001	9956	100	40	0	0	0	0.0	0.0	0.0	0.0	True
20260714	1.0	20raw+stat	3.0	mid_tier	0.005	9956	100	40	0	0	0	0.0	0.0	0.0	0.0	True
20260714	1.0	20raw+stat	3.0	frontier_gpt4	0.03	9956	100	40	0	0	0	0.0	0.0	0.0	0.0	True
20260714	0.5	24full	0.0	cheap_heuristic	0.0001	9906	50	20	17	4935	4952	0.5666666666666667	0.003432956381260097	0.029129411764705883	850.0	True
20260714	0.5	24full	0.0	small_open	0.0006	9906	50	20	17	4935	4952	0.5666666666666667	0.003432956381260097	0.17477647058823528	850.0	True
20260714	0.5	24full	0.0	iter120_default	0.001	9906	50	20	17	4935	4952	0.5666666666666667	0.003432956381260097	0.2912941176470588	850.0	True
20260714	0.5	24full	0.0	mid_tier	0.005	9906	50	20	17	4935	4952	0.5666666666666667	0.003432956381260097	1.4564705882352942	850.0	True
20260714	0.5	24full	0.0	frontier_gpt4	0.03	9906	50	20	17	4935	4952	0.5666666666666667	0.003432956381260097	8.738823529411764	850.0	True
20260714	0.5	24full	0.5	cheap_heuristic	0.0001	9906	50	20	2	1618	1620	0.06666666666666667	0.0012345679012345679	0.081	100.0	True
20260714	0.5	24full	0.5	small_open	0.0006	9906	50	20	2	1618	1620	0.06666666666666667	0.0012345679012345679	0.48599999999999993	100.0	True
20260714	0.5	24full	0.5	iter120_default	0.001	9906	50	20	2	1618	1620	0.06666666666666667	0.0012345679012345679	0.81	100.0	True
20260714	0.5	24full	0.5	mid_tier	0.005	9906	50	20	2	1618	1620	0.06666666666666667	0.0012345679012345679	4.05	100.0	True
20260714	0.5	24full	0.5	frontier_gpt4	0.03	9906	50	20	2	1618	1620	0.06666666666666667	0.0012345679012345679	24.3	100.0	True
20260714	0.5	24full	1.0	cheap_heuristic	0.0001	9906	50	20	0	297	297	0.0	0.0	0.0297	0.0	True
20260714	0.5	24full	1.0	small_open	0.0006	9906	50	20	0	297	297	0.0	0.0	0.1782	0.0	True
20260714	0.5	24full	1.0	iter120_default	0.001	9906	50	20	0	297	297	0.0	0.0	0.297	0.0	True
20260714	0.5	24full	1.0	mid_tier	0.005	9906	50	20	0	297	297	0.0	0.0	1.485	0.0	True
20260714	0.5	24full	1.0	frontier_gpt4	0.03	9906	50	20	0	297	297	0.0	0.0	8.91	0.0	True
20260714	0.5	24full	1.5	cheap_heuristic	0.0001	9906	50	20	0	24	24	0.0	0.0	0.0024000000000000002	0.0	True
20260714	0.5	24full	1.5	small_open	0.0006	9906	50	20	0	24	24	0.0	0.0	0.0144	0.0	True
20260714	0.5	24full	1.5	iter120_default	0.001	9906	50	20	0	24	24	0.0	0.0	0.024	0.0	True
20260714	0.5	24full	1.5	mid_tier	0.005	9906	50	20	0	24	24	0.0	0.0	0.12	0.0	True
20260714	0.5	24full	1.5	frontier_gpt4	0.03	9906	50	20	0	24	24	0.0	0.0	0.72	0.0	True
20260714	0.5	24full	2.0	cheap_heuristic	0.0001	9906	50	20	0	0	0	0.0	0.0	0.0	0.0	True
20260714	0.5	24full	2.0	small_open	0.0006	9906	50	20	0	0	0	0.0	0.0	0.0	0.0	True
20260714	0.5	24full	2.0	iter120_default	0.001	9906	50	20	0	0	0	0.0	0.0	0.0	0.0	True
20260714	0.5	24full	2.0	mid_tier	0.005	9906	50	20	0	0	0	0.0	0.0	0.0	0.0	True
20260714	0.5	24full	2.0	frontier_gpt4	0.03	9906	50	20	0	0	0	0.0	0.0	0.0	0.0	True
20260714	0.5	24full	2.5	cheap_heuristic	0.0001	9906	50	20	0	0	0	0.0	0.0	0.0	0.0	True
20260714	0.5	24full	2.5	small_open	0.0006	9906	50	20	0	0	0	0.0	0.0	0.0	0.0	True
20260714	0.5	24full	2.5	iter120_default	0.001	9906	50	20	0	0	0	0.0	0.0	0.0	0.0	True
20260714	0.5	24full	2.5	mid_tier	0.005	9906	50	20	0	0	0	0.0	0.0	0.0	0.0	True
20260714	0.5	24full	2.5	frontier_gpt4	0.03	9906	50	20	0	0	0	0.0	0.0	0.0	0.0	True
20260714	0.5	24full	3.0	cheap_heuristic	0.0001	9906	50	20	0	0	0	0.0	0.0	0.0	0.0	True
20260714	0.5	24full	3.0	small_open	0.0006	9906	50	20	0	0	0	0.0	0.0	0.0	0.0	True
20260714	0.5	24full	3.0	iter120_default	0.001	9906	50	20	0	0	0	0.0	0.0	0.0	0.0	True
20260714	0.5	24full	3.0	mid_tier	0.005	9906	50	20	0	0	0	0.0	0.0	0.0	0.0	True
20260714	0.5	24full	3.0	frontier_gpt4	0.03	9906	50	20	0	0	0	0.0	0.0	0.0	0.0	True
20260714	0.5	20raw	0.0	cheap_heuristic	0.0001	9906	50	21	17	4937	4954	0.5862068965517241	0.003431570448122729	0.029141176470588236	850.0	True
20260714	0.5	20raw	0.0	small_open	0.0006	9906	50	21	17	4937	4954	0.5862068965517241	0.003431570448122729	0.1748470588235294	850.0	True
20260714	0.5	20raw	0.0	iter120_default	0.001	9906	50	21	17	4937	4954	0.5862068965517241	0.003431570448122729	0.2914117647058823	850.0	True
20260714	0.5	20raw	0.0	mid_tier	0.005	9906	50	21	17	4937	4954	0.5862068965517241	0.003431570448122729	1.4570588235294117	850.0	True
20260714	0.5	20raw	0.0	frontier_gpt4	0.03	9906	50	21	17	4937	4954	0.5862068965517241	0.003431570448122729	8.74235294117647	850.0	True
20260714	0.5	20raw	0.5	cheap_heuristic	0.0001	9906	50	21	2	1607	1609	0.06896551724137931	0.001243008079552517	0.08045000000000001	100.0	True
20260714	0.5	20raw	0.5	small_open	0.0006	9906	50	21	2	1607	1609	0.06896551724137931	0.001243008079552517	0.48269999999999996	100.0	True
20260714	0.5	20raw	0.5	iter120_default	0.001	9906	50	21	2	1607	1609	0.06896551724137931	0.001243008079552517	0.8045	100.0	True
20260714	0.5	20raw	0.5	mid_tier	0.005	9906	50	21	2	1607	1609	0.06896551724137931	0.001243008079552517	4.0225	100.0	True
20260714	0.5	20raw	0.5	frontier_gpt4	0.03	9906	50	21	2	1607	1609	0.06896551724137931	0.001243008079552517	24.134999999999998	100.0	True
20260714	0.5	20raw	1.0	cheap_heuristic	0.0001	9906	50	21	0	296	296	0.0	0.0	0.0296	0.0	True
20260714	0.5	20raw	1.0	small_open	0.0006	9906	50	21	0	296	296	0.0	0.0	0.17759999999999998	0.0	True
20260714	0.5	20raw	1.0	iter120_default	0.001	9906	50	21	0	296	296	0.0	0.0	0.296	0.0	True
20260714	0.5	20raw	1.0	mid_tier	0.005	9906	50	21	0	296	296	0.0	0.0	1.48	0.0	True
20260714	0.5	20raw	1.0	frontier_gpt4	0.03	9906	50	21	0	296	296	0.0	0.0	8.879999999999999	0.0	True
20260714	0.5	20raw	1.5	cheap_heuristic	0.0001	9906	50	21	0	24	24	0.0	0.0	0.0024000000000000002	0.0	True
20260714	0.5	20raw	1.5	small_open	0.0006	9906	50	21	0	24	24	0.0	0.0	0.0144	0.0	True
20260714	0.5	20raw	1.5	iter120_default	0.001	9906	50	21	0	24	24	0.0	0.0	0.024	0.0	True
20260714	0.5	20raw	1.5	mid_tier	0.005	9906	50	21	0	24	24	0.0	0.0	0.12	0.0	True
20260714	0.5	20raw	1.5	frontier_gpt4	0.03	9906	50	21	0	24	24	0.0	0.0	0.72	0.0	True
20260714	0.5	20raw	2.0	cheap_heuristic	0.0001	9906	50	21	0	0	0	0.0	0.0	0.0	0.0	True
20260714	0.5	20raw	2.0	small_open	0.0006	9906	50	21	0	0	0	0.0	0.0	0.0	0.0	True
20260714	0.5	20raw	2.0	iter120_default	0.001	9906	50	21	0	0	0	0.0	0.0	0.0	0.0	True
20260714	0.5	20raw	2.0	mid_tier	0.005	9906	50	21	0	0	0	0.0	0.0	0.0	0.0	True
20260714	0.5	20raw	2.0	frontier_gpt4	0.03	9906	50	21	0	0	0	0.0	0.0	0.0	0.0	True
20260714	0.5	20raw	2.5	cheap_heuristic	0.0001	9906	50	21	0	0	0	0.0	0.0	0.0	0.0	True
20260714	0.5	20raw	2.5	small_open	0.0006	9906	50	21	0	0	0	0.0	0.0	0.0	0.0	True
20260714	0.5	20raw	2.5	iter120_default	0.001	9906	50	21	0	0	0	0.0	0.0	0.0	0.0	True
20260714	0.5	20raw	2.5	mid_tier	0.005	9906	50	21	0	0	0	0.0	0.0	0.0	0.0	True
20260714	0.5	20raw	2.5	frontier_gpt4	0.03	9906	50	21	0	0	0	0.0	0.0	0.0	0.0	True
20260714	0.5	20raw	3.0	cheap_heuristic	0.0001	9906	50	21	0	0	0	0.0	0.0	0.0	0.0	True
20260714	0.5	20raw	3.0	small_open	0.0006	9906	50	21	0	0	0	0.0	0.0	0.0	0.0	True
20260714	0.5	20raw	3.0	iter120_default	0.001	9906	50	21	0	0	0	0.0	0.0	0.0	0.0	True
20260714	0.5	20raw	3.0	mid_tier	0.005	9906	50	21	0	0	0	0.0	0.0	0.0	0.0	True
20260714	0.5	20raw	3.0	frontier_gpt4	0.03	9906	50	21	0	0	0	0.0	0.0	0.0	0.0	True
20260714	0.5	20raw+minmax	0.0	cheap_heuristic	0.0001	9906	50	21	16	4934	4950	0.5517241379310345	0.0032323232323232323	0.030937500000000003	800.0	True
20260714	0.5	20raw+minmax	0.0	small_open	0.0006	9906	50	21	16	4934	4950	0.5517241379310345	0.0032323232323232323	0.18562499999999998	800.0	True
20260714	0.5	20raw+minmax	0.0	iter120_default	0.001	9906	50	21	16	4934	4950	0.5517241379310345	0.0032323232323232323	0.309375	800.0	True
20260714	0.5	20raw+minmax	0.0	mid_tier	0.005	9906	50	21	16	4934	4950	0.5517241379310345	0.0032323232323232323	1.546875	800.0	True
20260714	0.5	20raw+minmax	0.0	frontier_gpt4	0.03	9906	50	21	16	4934	4950	0.5517241379310345	0.0032323232323232323	9.28125	800.0	True
20260714	0.5	20raw+minmax	0.5	cheap_heuristic	0.0001	9906	50	21	2	1604	1606	0.06896551724137931	0.0012453300124533001	0.08030000000000001	100.0	True
20260714	0.5	20raw+minmax	0.5	small_open	0.0006	9906	50	21	2	1604	1606	0.06896551724137931	0.0012453300124533001	0.48179999999999995	100.0	True
20260714	0.5	20raw+minmax	0.5	iter120_default	0.001	9906	50	21	2	1604	1606	0.06896551724137931	0.0012453300124533001	0.803	100.0	True
20260714	0.5	20raw+minmax	0.5	mid_tier	0.005	9906	50	21	2	1604	1606	0.06896551724137931	0.0012453300124533001	4.015	100.0	True
20260714	0.5	20raw+minmax	0.5	frontier_gpt4	0.03	9906	50	21	2	1604	1606	0.06896551724137931	0.0012453300124533001	24.09	100.0	True
20260714	0.5	20raw+minmax	1.0	cheap_heuristic	0.0001	9906	50	21	0	295	295	0.0	0.0	0.029500000000000002	0.0	True
20260714	0.5	20raw+minmax	1.0	small_open	0.0006	9906	50	21	0	295	295	0.0	0.0	0.177	0.0	True
20260714	0.5	20raw+minmax	1.0	iter120_default	0.001	9906	50	21	0	295	295	0.0	0.0	0.295	0.0	True
20260714	0.5	20raw+minmax	1.0	mid_tier	0.005	9906	50	21	0	295	295	0.0	0.0	1.475	0.0	True
20260714	0.5	20raw+minmax	1.0	frontier_gpt4	0.03	9906	50	21	0	295	295	0.0	0.0	8.85	0.0	True
20260714	0.5	20raw+minmax	1.5	cheap_heuristic	0.0001	9906	50	21	0	24	24	0.0	0.0	0.0024000000000000002	0.0	True
20260714	0.5	20raw+minmax	1.5	small_open	0.0006	9906	50	21	0	24	24	0.0	0.0	0.0144	0.0	True
20260714	0.5	20raw+minmax	1.5	iter120_default	0.001	9906	50	21	0	24	24	0.0	0.0	0.024	0.0	True
20260714	0.5	20raw+minmax	1.5	mid_tier	0.005	9906	50	21	0	24	24	0.0	0.0	0.12	0.0	True
20260714	0.5	20raw+minmax	1.5	frontier_gpt4	0.03	9906	50	21	0	24	24	0.0	0.0	0.72	0.0	True
20260714	0.5	20raw+minmax	2.0	cheap_heuristic	0.0001	9906	50	21	0	0	0	0.0	0.0	0.0	0.0	True
20260714	0.5	20raw+minmax	2.0	small_open	0.0006	9906	50	21	0	0	0	0.0	0.0	0.0	0.0	True
20260714	0.5	20raw+minmax	2.0	iter120_default	0.001	9906	50	21	0	0	0	0.0	0.0	0.0	0.0	True
20260714	0.5	20raw+minmax	2.0	mid_tier	0.005	9906	50	21	0	0	0	0.0	0.0	0.0	0.0	True
20260714	0.5	20raw+minmax	2.0	frontier_gpt4	0.03	9906	50	21	0	0	0	0.0	0.0	0.0	0.0	True
20260714	0.5	20raw+minmax	2.5	cheap_heuristic	0.0001	9906	50	21	0	0	0	0.0	0.0	0.0	0.0	True
20260714	0.5	20raw+minmax	2.5	small_open	0.0006	9906	50	21	0	0	0	0.0	0.0	0.0	0.0	True
20260714	0.5	20raw+minmax	2.5	iter120_default	0.001	9906	50	21	0	0	0	0.0	0.0	0.0	0.0	True
20260714	0.5	20raw+minmax	2.5	mid_tier	0.005	9906	50	21	0	0	0	0.0	0.0	0.0	0.0	True
20260714	0.5	20raw+minmax	2.5	frontier_gpt4	0.03	9906	50	21	0	0	0	0.0	0.0	0.0	0.0	True
20260714	0.5	20raw+minmax	3.0	cheap_heuristic	0.0001	9906	50	21	0	0	0	0.0	0.0	0.0	0.0	True
20260714	0.5	20raw+minmax	3.0	small_open	0.0006	9906	50	21	0	0	0	0.0	0.0	0.0	0.0	True
20260714	0.5	20raw+minmax	3.0	iter120_default	0.001	9906	50	21	0	0	0	0.0	0.0	0.0	0.0	True
20260714	0.5	20raw+minmax	3.0	mid_tier	0.005	9906	50	21	0	0	0	0.0	0.0	0.0	0.0	True
20260714	0.5	20raw+minmax	3.0	frontier_gpt4	0.03	9906	50	21	0	0	0	0.0	0.0	0.0	0.0	True
20260714	0.5	20raw+stat	0.0	cheap_heuristic	0.0001	9906	50	22	15	4935	4950	0.5357142857142857	0.0030303030303030303	0.033	750.0	True
20260714	0.5	20raw+stat	0.0	small_open	0.0006	9906	50	22	15	4935	4950	0.5357142857142857	0.0030303030303030303	0.19799999999999998	750.0	True
20260714	0.5	20raw+stat	0.0	iter120_default	0.001	9906	50	22	15	4935	4950	0.5357142857142857	0.0030303030303030303	0.33	750.0	True
20260714	0.5	20raw+stat	0.0	mid_tier	0.005	9906	50	22	15	4935	4950	0.5357142857142857	0.0030303030303030303	1.65	750.0	True
20260714	0.5	20raw+stat	0.0	frontier_gpt4	0.03	9906	50	22	15	4935	4950	0.5357142857142857	0.0030303030303030303	9.9	750.0	True
20260714	0.5	20raw+stat	0.5	cheap_heuristic	0.0001	9906	50	22	2	1614	1616	0.07142857142857142	0.0012376237623762376	0.08080000000000001	100.0	True
20260714	0.5	20raw+stat	0.5	small_open	0.0006	9906	50	22	2	1614	1616	0.07142857142857142	0.0012376237623762376	0.48479999999999995	100.0	True
20260714	0.5	20raw+stat	0.5	iter120_default	0.001	9906	50	22	2	1614	1616	0.07142857142857142	0.0012376237623762376	0.808	100.0	True
20260714	0.5	20raw+stat	0.5	mid_tier	0.005	9906	50	22	2	1614	1616	0.07142857142857142	0.0012376237623762376	4.04	100.0	True
20260714	0.5	20raw+stat	0.5	frontier_gpt4	0.03	9906	50	22	2	1614	1616	0.07142857142857142	0.0012376237623762376	24.24	100.0	True
20260714	0.5	20raw+stat	1.0	cheap_heuristic	0.0001	9906	50	22	0	296	296	0.0	0.0	0.0296	0.0	True
20260714	0.5	20raw+stat	1.0	small_open	0.0006	9906	50	22	0	296	296	0.0	0.0	0.17759999999999998	0.0	True
20260714	0.5	20raw+stat	1.0	iter120_default	0.001	9906	50	22	0	296	296	0.0	0.0	0.296	0.0	True
20260714	0.5	20raw+stat	1.0	mid_tier	0.005	9906	50	22	0	296	296	0.0	0.0	1.48	0.0	True
20260714	0.5	20raw+stat	1.0	frontier_gpt4	0.03	9906	50	22	0	296	296	0.0	0.0	8.879999999999999	0.0	True
20260714	0.5	20raw+stat	1.5	cheap_heuristic	0.0001	9906	50	22	0	24	24	0.0	0.0	0.0024000000000000002	0.0	True
20260714	0.5	20raw+stat	1.5	small_open	0.0006	9906	50	22	0	24	24	0.0	0.0	0.0144	0.0	True
20260714	0.5	20raw+stat	1.5	iter120_default	0.001	9906	50	22	0	24	24	0.0	0.0	0.024	0.0	True
20260714	0.5	20raw+stat	1.5	mid_tier	0.005	9906	50	22	0	24	24	0.0	0.0	0.12	0.0	True
20260714	0.5	20raw+stat	1.5	frontier_gpt4	0.03	9906	50	22	0	24	24	0.0	0.0	0.72	0.0	True
20260714	0.5	20raw+stat	2.0	cheap_heuristic	0.0001	9906	50	22	0	0	0	0.0	0.0	0.0	0.0	True
20260714	0.5	20raw+stat	2.0	small_open	0.0006	9906	50	22	0	0	0	0.0	0.0	0.0	0.0	True
20260714	0.5	20raw+stat	2.0	iter120_default	0.001	9906	50	22	0	0	0	0.0	0.0	0.0	0.0	True
20260714	0.5	20raw+stat	2.0	mid_tier	0.005	9906	50	22	0	0	0	0.0	0.0	0.0	0.0	True
20260714	0.5	20raw+stat	2.0	frontier_gpt4	0.03	9906	50	22	0	0	0	0.0	0.0	0.0	0.0	True
20260714	0.5	20raw+stat	2.5	cheap_heuristic	0.0001	9906	50	22	0	0	0	0.0	0.0	0.0	0.0	True
20260714	0.5	20raw+stat	2.5	small_open	0.0006	9906	50	22	0	0	0	0.0	0.0	0.0	0.0	True
20260714	0.5	20raw+stat	2.5	iter120_default	0.001	9906	50	22	0	0	0	0.0	0.0	0.0	0.0	True
20260714	0.5	20raw+stat	2.5	mid_tier	0.005	9906	50	22	0	0	0	0.0	0.0	0.0	0.0	True
20260714	0.5	20raw+stat	2.5	frontier_gpt4	0.03	9906	50	22	0	0	0	0.0	0.0	0.0	0.0	True
20260714	0.5	20raw+stat	3.0	cheap_heuristic	0.0001	9906	50	22	0	0	0	0.0	0.0	0.0	0.0	True
20260714	0.5	20raw+stat	3.0	small_open	0.0006	9906	50	22	0	0	0	0.0	0.0	0.0	0.0	True
20260714	0.5	20raw+stat	3.0	iter120_default	0.001	9906	50	22	0	0	0	0.0	0.0	0.0	0.0	True
20260714	0.5	20raw+stat	3.0	mid_tier	0.005	9906	50	22	0	0	0	0.0	0.0	0.0	0.0	True
20260714	0.5	20raw+stat	3.0	frontier_gpt4	0.03	9906	50	22	0	0	0	0.0	0.0	0.0	0.0	True
20260714	0.1	24full	0.0	cheap_heuristic	0.0001	9866	10	5	1	4925	4926	0.2	0.00020300446609825416	0.49260000000000004	50.0	True
20260714	0.1	24full	0.0	small_open	0.0006	9866	10	5	1	4925	4926	0.2	0.00020300446609825416	2.9555999999999996	50.0	True
20260714	0.1	24full	0.0	iter120_default	0.001	9866	10	5	1	4925	4926	0.2	0.00020300446609825416	4.926	50.0	True
20260714	0.1	24full	0.0	mid_tier	0.005	9866	10	5	1	4925	4926	0.2	0.00020300446609825416	24.63	50.0	True
20260714	0.1	24full	0.0	frontier_gpt4	0.03	9866	10	5	1	4925	4926	0.2	0.00020300446609825416	147.78	50.0	False
20260714	0.1	24full	0.5	cheap_heuristic	0.0001	9866	10	5	0	1617	1617	0.0	0.0	0.1617	0.0	True
20260714	0.1	24full	0.5	small_open	0.0006	9866	10	5	0	1617	1617	0.0	0.0	0.9702	0.0	True
20260714	0.1	24full	0.5	iter120_default	0.001	9866	10	5	0	1617	1617	0.0	0.0	1.617	0.0	True
20260714	0.1	24full	0.5	mid_tier	0.005	9866	10	5	0	1617	1617	0.0	0.0	8.085	0.0	True
20260714	0.1	24full	0.5	frontier_gpt4	0.03	9866	10	5	0	1617	1617	0.0	0.0	48.51	0.0	True
20260714	0.1	24full	1.0	cheap_heuristic	0.0001	9866	10	5	0	297	297	0.0	0.0	0.0297	0.0	True
20260714	0.1	24full	1.0	small_open	0.0006	9866	10	5	0	297	297	0.0	0.0	0.1782	0.0	True
20260714	0.1	24full	1.0	iter120_default	0.001	9866	10	5	0	297	297	0.0	0.0	0.297	0.0	True
20260714	0.1	24full	1.0	mid_tier	0.005	9866	10	5	0	297	297	0.0	0.0	1.485	0.0	True
20260714	0.1	24full	1.0	frontier_gpt4	0.03	9866	10	5	0	297	297	0.0	0.0	8.91	0.0	True
20260714	0.1	24full	1.5	cheap_heuristic	0.0001	9866	10	5	0	24	24	0.0	0.0	0.0024000000000000002	0.0	True
20260714	0.1	24full	1.5	small_open	0.0006	9866	10	5	0	24	24	0.0	0.0	0.0144	0.0	True
20260714	0.1	24full	1.5	iter120_default	0.001	9866	10	5	0	24	24	0.0	0.0	0.024	0.0	True
20260714	0.1	24full	1.5	mid_tier	0.005	9866	10	5	0	24	24	0.0	0.0	0.12	0.0	True
20260714	0.1	24full	1.5	frontier_gpt4	0.03	9866	10	5	0	24	24	0.0	0.0	0.72	0.0	True
20260714	0.1	24full	2.0	cheap_heuristic	0.0001	9866	10	5	0	0	0	0.0	0.0	0.0	0.0	True
20260714	0.1	24full	2.0	small_open	0.0006	9866	10	5	0	0	0	0.0	0.0	0.0	0.0	True
20260714	0.1	24full	2.0	iter120_default	0.001	9866	10	5	0	0	0	0.0	0.0	0.0	0.0	True
20260714	0.1	24full	2.0	mid_tier	0.005	9866	10	5	0	0	0	0.0	0.0	0.0	0.0	True
20260714	0.1	24full	2.0	frontier_gpt4	0.03	9866	10	5	0	0	0	0.0	0.0	0.0	0.0	True
20260714	0.1	24full	2.5	cheap_heuristic	0.0001	9866	10	5	0	0	0	0.0	0.0	0.0	0.0	True
20260714	0.1	24full	2.5	small_open	0.0006	9866	10	5	0	0	0	0.0	0.0	0.0	0.0	True
20260714	0.1	24full	2.5	iter120_default	0.001	9866	10	5	0	0	0	0.0	0.0	0.0	0.0	True
20260714	0.1	24full	2.5	mid_tier	0.005	9866	10	5	0	0	0	0.0	0.0	0.0	0.0	True
20260714	0.1	24full	2.5	frontier_gpt4	0.03	9866	10	5	0	0	0	0.0	0.0	0.0	0.0	True
20260714	0.1	24full	3.0	cheap_heuristic	0.0001	9866	10	5	0	0	0	0.0	0.0	0.0	0.0	True
20260714	0.1	24full	3.0	small_open	0.0006	9866	10	5	0	0	0	0.0	0.0	0.0	0.0	True
20260714	0.1	24full	3.0	iter120_default	0.001	9866	10	5	0	0	0	0.0	0.0	0.0	0.0	True
20260714	0.1	24full	3.0	mid_tier	0.005	9866	10	5	0	0	0	0.0	0.0	0.0	0.0	True
20260714	0.1	24full	3.0	frontier_gpt4	0.03	9866	10	5	0	0	0	0.0	0.0	0.0	0.0	True
20260714	0.1	20raw	0.0	cheap_heuristic	0.0001	9866	10	5	1	4926	4927	0.2	0.00020296326364927948	0.4927	50.0	True
20260714	0.1	20raw	0.0	small_open	0.0006	9866	10	5	1	4926	4927	0.2	0.00020296326364927948	2.9562	50.0	True
20260714	0.1	20raw	0.0	iter120_default	0.001	9866	10	5	1	4926	4927	0.2	0.00020296326364927948	4.9270000000000005	50.0	True
20260714	0.1	20raw	0.0	mid_tier	0.005	9866	10	5	1	4926	4927	0.2	0.00020296326364927948	24.635	50.0	True
20260714	0.1	20raw	0.0	frontier_gpt4	0.03	9866	10	5	1	4926	4927	0.2	0.00020296326364927948	147.81	50.0	False
20260714	0.1	20raw	0.5	cheap_heuristic	0.0001	9866	10	5	0	1605	1605	0.0	0.0	0.1605	0.0	True
20260714	0.1	20raw	0.5	small_open	0.0006	9866	10	5	0	1605	1605	0.0	0.0	0.963	0.0	True
20260714	0.1	20raw	0.5	iter120_default	0.001	9866	10	5	0	1605	1605	0.0	0.0	1.605	0.0	True
20260714	0.1	20raw	0.5	mid_tier	0.005	9866	10	5	0	1605	1605	0.0	0.0	8.025	0.0	True
20260714	0.1	20raw	0.5	frontier_gpt4	0.03	9866	10	5	0	1605	1605	0.0	0.0	48.15	0.0	True
20260714	0.1	20raw	1.0	cheap_heuristic	0.0001	9866	10	5	0	296	296	0.0	0.0	0.0296	0.0	True
20260714	0.1	20raw	1.0	small_open	0.0006	9866	10	5	0	296	296	0.0	0.0	0.17759999999999998	0.0	True
20260714	0.1	20raw	1.0	iter120_default	0.001	9866	10	5	0	296	296	0.0	0.0	0.296	0.0	True
20260714	0.1	20raw	1.0	mid_tier	0.005	9866	10	5	0	296	296	0.0	0.0	1.48	0.0	True
20260714	0.1	20raw	1.0	frontier_gpt4	0.03	9866	10	5	0	296	296	0.0	0.0	8.879999999999999	0.0	True
20260714	0.1	20raw	1.5	cheap_heuristic	0.0001	9866	10	5	0	24	24	0.0	0.0	0.0024000000000000002	0.0	True
20260714	0.1	20raw	1.5	small_open	0.0006	9866	10	5	0	24	24	0.0	0.0	0.0144	0.0	True
20260714	0.1	20raw	1.5	iter120_default	0.001	9866	10	5	0	24	24	0.0	0.0	0.024	0.0	True
20260714	0.1	20raw	1.5	mid_tier	0.005	9866	10	5	0	24	24	0.0	0.0	0.12	0.0	True
20260714	0.1	20raw	1.5	frontier_gpt4	0.03	9866	10	5	0	24	24	0.0	0.0	0.72	0.0	True
20260714	0.1	20raw	2.0	cheap_heuristic	0.0001	9866	10	5	0	0	0	0.0	0.0	0.0	0.0	True
20260714	0.1	20raw	2.0	small_open	0.0006	9866	10	5	0	0	0	0.0	0.0	0.0	0.0	True
20260714	0.1	20raw	2.0	iter120_default	0.001	9866	10	5	0	0	0	0.0	0.0	0.0	0.0	True
20260714	0.1	20raw	2.0	mid_tier	0.005	9866	10	5	0	0	0	0.0	0.0	0.0	0.0	True
20260714	0.1	20raw	2.0	frontier_gpt4	0.03	9866	10	5	0	0	0	0.0	0.0	0.0	0.0	True
20260714	0.1	20raw	2.5	cheap_heuristic	0.0001	9866	10	5	0	0	0	0.0	0.0	0.0	0.0	True
20260714	0.1	20raw	2.5	small_open	0.0006	9866	10	5	0	0	0	0.0	0.0	0.0	0.0	True
20260714	0.1	20raw	2.5	iter120_default	0.001	9866	10	5	0	0	0	0.0	0.0	0.0	0.0	True
20260714	0.1	20raw	2.5	mid_tier	0.005	9866	10	5	0	0	0	0.0	0.0	0.0	0.0	True
20260714	0.1	20raw	2.5	frontier_gpt4	0.03	9866	10	5	0	0	0	0.0	0.0	0.0	0.0	True
20260714	0.1	20raw	3.0	cheap_heuristic	0.0001	9866	10	5	0	0	0	0.0	0.0	0.0	0.0	True
20260714	0.1	20raw	3.0	small_open	0.0006	9866	10	5	0	0	0	0.0	0.0	0.0	0.0	True
20260714	0.1	20raw	3.0	iter120_default	0.001	9866	10	5	0	0	0	0.0	0.0	0.0	0.0	True
20260714	0.1	20raw	3.0	mid_tier	0.005	9866	10	5	0	0	0	0.0	0.0	0.0	0.0	True
20260714	0.1	20raw	3.0	frontier_gpt4	0.03	9866	10	5	0	0	0	0.0	0.0	0.0	0.0	True
20260714	0.1	20raw+minmax	0.0	cheap_heuristic	0.0001	9866	10	4	2	4923	4925	0.3333333333333333	0.0004060913705583756	0.24625000000000002	100.0	True
20260714	0.1	20raw+minmax	0.0	small_open	0.0006	9866	10	4	2	4923	4925	0.3333333333333333	0.0004060913705583756	1.4774999999999998	100.0	True
20260714	0.1	20raw+minmax	0.0	iter120_default	0.001	9866	10	4	2	4923	4925	0.3333333333333333	0.0004060913705583756	2.4625	100.0	True
20260714	0.1	20raw+minmax	0.0	mid_tier	0.005	9866	10	4	2	4923	4925	0.3333333333333333	0.0004060913705583756	12.3125	100.0	True
20260714	0.1	20raw+minmax	0.0	frontier_gpt4	0.03	9866	10	4	2	4923	4925	0.3333333333333333	0.0004060913705583756	73.875	100.0	False
20260714	0.1	20raw+minmax	0.5	cheap_heuristic	0.0001	9866	10	4	0	1601	1601	0.0	0.0	0.16010000000000002	0.0	True
20260714	0.1	20raw+minmax	0.5	small_open	0.0006	9866	10	4	0	1601	1601	0.0	0.0	0.9605999999999999	0.0	True
20260714	0.1	20raw+minmax	0.5	iter120_default	0.001	9866	10	4	0	1601	1601	0.0	0.0	1.601	0.0	True
20260714	0.1	20raw+minmax	0.5	mid_tier	0.005	9866	10	4	0	1601	1601	0.0	0.0	8.005	0.0	True
20260714	0.1	20raw+minmax	0.5	frontier_gpt4	0.03	9866	10	4	0	1601	1601	0.0	0.0	48.03	0.0	True
20260714	0.1	20raw+minmax	1.0	cheap_heuristic	0.0001	9866	10	4	0	295	295	0.0	0.0	0.029500000000000002	0.0	True
20260714	0.1	20raw+minmax	1.0	small_open	0.0006	9866	10	4	0	295	295	0.0	0.0	0.177	0.0	True
20260714	0.1	20raw+minmax	1.0	iter120_default	0.001	9866	10	4	0	295	295	0.0	0.0	0.295	0.0	True
20260714	0.1	20raw+minmax	1.0	mid_tier	0.005	9866	10	4	0	295	295	0.0	0.0	1.475	0.0	True
20260714	0.1	20raw+minmax	1.0	frontier_gpt4	0.03	9866	10	4	0	295	295	0.0	0.0	8.85	0.0	True
20260714	0.1	20raw+minmax	1.5	cheap_heuristic	0.0001	9866	10	4	0	24	24	0.0	0.0	0.0024000000000000002	0.0	True
20260714	0.1	20raw+minmax	1.5	small_open	0.0006	9866	10	4	0	24	24	0.0	0.0	0.0144	0.0	True
20260714	0.1	20raw+minmax	1.5	iter120_default	0.001	9866	10	4	0	24	24	0.0	0.0	0.024	0.0	True
20260714	0.1	20raw+minmax	1.5	mid_tier	0.005	9866	10	4	0	24	24	0.0	0.0	0.12	0.0	True
20260714	0.1	20raw+minmax	1.5	frontier_gpt4	0.03	9866	10	4	0	24	24	0.0	0.0	0.72	0.0	True
20260714	0.1	20raw+minmax	2.0	cheap_heuristic	0.0001	9866	10	4	0	0	0	0.0	0.0	0.0	0.0	True
20260714	0.1	20raw+minmax	2.0	small_open	0.0006	9866	10	4	0	0	0	0.0	0.0	0.0	0.0	True
20260714	0.1	20raw+minmax	2.0	iter120_default	0.001	9866	10	4	0	0	0	0.0	0.0	0.0	0.0	True
20260714	0.1	20raw+minmax	2.0	mid_tier	0.005	9866	10	4	0	0	0	0.0	0.0	0.0	0.0	True
20260714	0.1	20raw+minmax	2.0	frontier_gpt4	0.03	9866	10	4	0	0	0	0.0	0.0	0.0	0.0	True
20260714	0.1	20raw+minmax	2.5	cheap_heuristic	0.0001	9866	10	4	0	0	0	0.0	0.0	0.0	0.0	True
20260714	0.1	20raw+minmax	2.5	small_open	0.0006	9866	10	4	0	0	0	0.0	0.0	0.0	0.0	True
20260714	0.1	20raw+minmax	2.5	iter120_default	0.001	9866	10	4	0	0	0	0.0	0.0	0.0	0.0	True
20260714	0.1	20raw+minmax	2.5	mid_tier	0.005	9866	10	4	0	0	0	0.0	0.0	0.0	0.0	True
20260714	0.1	20raw+minmax	2.5	frontier_gpt4	0.03	9866	10	4	0	0	0	0.0	0.0	0.0	0.0	True
20260714	0.1	20raw+minmax	3.0	cheap_heuristic	0.0001	9866	10	4	0	0	0	0.0	0.0	0.0	0.0	True
20260714	0.1	20raw+minmax	3.0	small_open	0.0006	9866	10	4	0	0	0	0.0	0.0	0.0	0.0	True
20260714	0.1	20raw+minmax	3.0	iter120_default	0.001	9866	10	4	0	0	0	0.0	0.0	0.0	0.0	True
20260714	0.1	20raw+minmax	3.0	mid_tier	0.005	9866	10	4	0	0	0	0.0	0.0	0.0	0.0	True
20260714	0.1	20raw+minmax	3.0	frontier_gpt4	0.03	9866	10	4	0	0	0	0.0	0.0	0.0	0.0	True
20260714	0.1	20raw+stat	0.0	cheap_heuristic	0.0001	9866	10	5	1	4924	4925	0.2	0.0002030456852791878	0.49250000000000005	50.0	True
20260714	0.1	20raw+stat	0.0	small_open	0.0006	9866	10	5	1	4924	4925	0.2	0.0002030456852791878	2.9549999999999996	50.0	True
20260714	0.1	20raw+stat	0.0	iter120_default	0.001	9866	10	5	1	4924	4925	0.2	0.0002030456852791878	4.925	50.0	True
20260714	0.1	20raw+stat	0.0	mid_tier	0.005	9866	10	5	1	4924	4925	0.2	0.0002030456852791878	24.625	50.0	True
20260714	0.1	20raw+stat	0.0	frontier_gpt4	0.03	9866	10	5	1	4924	4925	0.2	0.0002030456852791878	147.75	50.0	False
20260714	0.1	20raw+stat	0.5	cheap_heuristic	0.0001	9866	10	5	0	1613	1613	0.0	0.0	0.1613	0.0	True
20260714	0.1	20raw+stat	0.5	small_open	0.0006	9866	10	5	0	1613	1613	0.0	0.0	0.9677999999999999	0.0	True
20260714	0.1	20raw+stat	0.5	iter120_default	0.001	9866	10	5	0	1613	1613	0.0	0.0	1.613	0.0	True
20260714	0.1	20raw+stat	0.5	mid_tier	0.005	9866	10	5	0	1613	1613	0.0	0.0	8.065	0.0	True
20260714	0.1	20raw+stat	0.5	frontier_gpt4	0.03	9866	10	5	0	1613	1613	0.0	0.0	48.39	0.0	True
20260714	0.1	20raw+stat	1.0	cheap_heuristic	0.0001	9866	10	5	0	296	296	0.0	0.0	0.0296	0.0	True
20260714	0.1	20raw+stat	1.0	small_open	0.0006	9866	10	5	0	296	296	0.0	0.0	0.17759999999999998	0.0	True
20260714	0.1	20raw+stat	1.0	iter120_default	0.001	9866	10	5	0	296	296	0.0	0.0	0.296	0.0	True
20260714	0.1	20raw+stat	1.0	mid_tier	0.005	9866	10	5	0	296	296	0.0	0.0	1.48	0.0	True
20260714	0.1	20raw+stat	1.0	frontier_gpt4	0.03	9866	10	5	0	296	296	0.0	0.0	8.879999999999999	0.0	True
20260714	0.1	20raw+stat	1.5	cheap_heuristic	0.0001	9866	10	5	0	24	24	0.0	0.0	0.0024000000000000002	0.0	True
20260714	0.1	20raw+stat	1.5	small_open	0.0006	9866	10	5	0	24	24	0.0	0.0	0.0144	0.0	True
20260714	0.1	20raw+stat	1.5	iter120_default	0.001	9866	10	5	0	24	24	0.0	0.0	0.024	0.0	True
20260714	0.1	20raw+stat	1.5	mid_tier	0.005	9866	10	5	0	24	24	0.0	0.0	0.12	0.0	True
20260714	0.1	20raw+stat	1.5	frontier_gpt4	0.03	9866	10	5	0	24	24	0.0	0.0	0.72	0.0	True
20260714	0.1	20raw+stat	2.0	cheap_heuristic	0.0001	9866	10	5	0	0	0	0.0	0.0	0.0	0.0	True
20260714	0.1	20raw+stat	2.0	small_open	0.0006	9866	10	5	0	0	0	0.0	0.0	0.0	0.0	True
20260714	0.1	20raw+stat	2.0	iter120_default	0.001	9866	10	5	0	0	0	0.0	0.0	0.0	0.0	True
20260714	0.1	20raw+stat	2.0	mid_tier	0.005	9866	10	5	0	0	0	0.0	0.0	0.0	0.0	True
20260714	0.1	20raw+stat	2.0	frontier_gpt4	0.03	9866	10	5	0	0	0	0.0	0.0	0.0	0.0	True
20260714	0.1	20raw+stat	2.5	cheap_heuristic	0.0001	9866	10	5	0	0	0	0.0	0.0	0.0	0.0	True
20260714	0.1	20raw+stat	2.5	small_open	0.0006	9866	10	5	0	0	0	0.0	0.0	0.0	0.0	True
20260714	0.1	20raw+stat	2.5	iter120_default	0.001	9866	10	5	0	0	0	0.0	0.0	0.0	0.0	True
20260714	0.1	20raw+stat	2.5	mid_tier	0.005	9866	10	5	0	0	0	0.0	0.0	0.0	0.0	True
20260714	0.1	20raw+stat	2.5	frontier_gpt4	0.03	9866	10	5	0	0	0	0.0	0.0	0.0	0.0	True
20260714	0.1	20raw+stat	3.0	cheap_heuristic	0.0001	9866	10	5	0	0	0	0.0	0.0	0.0	0.0	True
20260714	0.1	20raw+stat	3.0	small_open	0.0006	9866	10	5	0	0	0	0.0	0.0	0.0	0.0	True
20260714	0.1	20raw+stat	3.0	iter120_default	0.001	9866	10	5	0	0	0	0.0	0.0	0.0	0.0	True
20260714	0.1	20raw+stat	3.0	mid_tier	0.005	9866	10	5	0	0	0	0.0	0.0	0.0	0.0	True
20260714	0.1	20raw+stat	3.0	frontier_gpt4	0.03	9866	10	5	0	0	0	0.0	0.0	0.0	0.0	True
20260714	0.05	24full	0.0	cheap_heuristic	0.0001	9861	5	0	4	4921	4925	0.8	0.0008121827411167512	0.12312500000000001	200.0	True
20260714	0.05	24full	0.0	small_open	0.0006	9861	5	0	4	4921	4925	0.8	0.0008121827411167512	0.7387499999999999	200.0	True
20260714	0.05	24full	0.0	iter120_default	0.001	9861	5	0	4	4921	4925	0.8	0.0008121827411167512	1.23125	200.0	True
20260714	0.05	24full	0.0	mid_tier	0.005	9861	5	0	4	4921	4925	0.8	0.0008121827411167512	6.15625	200.0	True
20260714	0.05	24full	0.0	frontier_gpt4	0.03	9861	5	0	4	4921	4925	0.8	0.0008121827411167512	36.9375	200.0	True
20260714	0.05	24full	0.5	cheap_heuristic	0.0001	9861	5	0	2	1617	1619	0.4	0.0012353304508956147	0.08095000000000001	100.0	True
20260714	0.05	24full	0.5	small_open	0.0006	9861	5	0	2	1617	1619	0.4	0.0012353304508956147	0.48569999999999997	100.0	True
20260714	0.05	24full	0.5	iter120_default	0.001	9861	5	0	2	1617	1619	0.4	0.0012353304508956147	0.8095	100.0	True
20260714	0.05	24full	0.5	mid_tier	0.005	9861	5	0	2	1617	1619	0.4	0.0012353304508956147	4.0475	100.0	True
20260714	0.05	24full	0.5	frontier_gpt4	0.03	9861	5	0	2	1617	1619	0.4	0.0012353304508956147	24.285	100.0	True
20260714	0.05	24full	1.0	cheap_heuristic	0.0001	9861	5	0	0	297	297	0.0	0.0	0.0297	0.0	True
20260714	0.05	24full	1.0	small_open	0.0006	9861	5	0	0	297	297	0.0	0.0	0.1782	0.0	True
20260714	0.05	24full	1.0	iter120_default	0.001	9861	5	0	0	297	297	0.0	0.0	0.297	0.0	True
20260714	0.05	24full	1.0	mid_tier	0.005	9861	5	0	0	297	297	0.0	0.0	1.485	0.0	True
20260714	0.05	24full	1.0	frontier_gpt4	0.03	9861	5	0	0	297	297	0.0	0.0	8.91	0.0	True
20260714	0.05	24full	1.5	cheap_heuristic	0.0001	9861	5	0	0	24	24	0.0	0.0	0.0024000000000000002	0.0	True
20260714	0.05	24full	1.5	small_open	0.0006	9861	5	0	0	24	24	0.0	0.0	0.0144	0.0	True
20260714	0.05	24full	1.5	iter120_default	0.001	9861	5	0	0	24	24	0.0	0.0	0.024	0.0	True
20260714	0.05	24full	1.5	mid_tier	0.005	9861	5	0	0	24	24	0.0	0.0	0.12	0.0	True
20260714	0.05	24full	1.5	frontier_gpt4	0.03	9861	5	0	0	24	24	0.0	0.0	0.72	0.0	True
20260714	0.05	24full	2.0	cheap_heuristic	0.0001	9861	5	0	0	0	0	0.0	0.0	0.0	0.0	True
20260714	0.05	24full	2.0	small_open	0.0006	9861	5	0	0	0	0	0.0	0.0	0.0	0.0	True
20260714	0.05	24full	2.0	iter120_default	0.001	9861	5	0	0	0	0	0.0	0.0	0.0	0.0	True
20260714	0.05	24full	2.0	mid_tier	0.005	9861	5	0	0	0	0	0.0	0.0	0.0	0.0	True
20260714	0.05	24full	2.0	frontier_gpt4	0.03	9861	5	0	0	0	0	0.0	0.0	0.0	0.0	True
20260714	0.05	24full	2.5	cheap_heuristic	0.0001	9861	5	0	0	0	0	0.0	0.0	0.0	0.0	True
20260714	0.05	24full	2.5	small_open	0.0006	9861	5	0	0	0	0	0.0	0.0	0.0	0.0	True
20260714	0.05	24full	2.5	iter120_default	0.001	9861	5	0	0	0	0	0.0	0.0	0.0	0.0	True
20260714	0.05	24full	2.5	mid_tier	0.005	9861	5	0	0	0	0	0.0	0.0	0.0	0.0	True
20260714	0.05	24full	2.5	frontier_gpt4	0.03	9861	5	0	0	0	0	0.0	0.0	0.0	0.0	True
20260714	0.05	24full	3.0	cheap_heuristic	0.0001	9861	5	0	0	0	0	0.0	0.0	0.0	0.0	True
20260714	0.05	24full	3.0	small_open	0.0006	9861	5	0	0	0	0	0.0	0.0	0.0	0.0	True
20260714	0.05	24full	3.0	iter120_default	0.001	9861	5	0	0	0	0	0.0	0.0	0.0	0.0	True
20260714	0.05	24full	3.0	mid_tier	0.005	9861	5	0	0	0	0	0.0	0.0	0.0	0.0	True
20260714	0.05	24full	3.0	frontier_gpt4	0.03	9861	5	0	0	0	0	0.0	0.0	0.0	0.0	True
20260714	0.05	20raw	0.0	cheap_heuristic	0.0001	9861	5	0	4	4923	4927	0.8	0.0008118530545971179	0.123175	200.0	True
20260714	0.05	20raw	0.0	small_open	0.0006	9861	5	0	4	4923	4927	0.8	0.0008118530545971179	0.73905	200.0	True
20260714	0.05	20raw	0.0	iter120_default	0.001	9861	5	0	4	4923	4927	0.8	0.0008118530545971179	1.2317500000000001	200.0	True
20260714	0.05	20raw	0.0	mid_tier	0.005	9861	5	0	4	4923	4927	0.8	0.0008118530545971179	6.15875	200.0	True
20260714	0.05	20raw	0.0	frontier_gpt4	0.03	9861	5	0	4	4923	4927	0.8	0.0008118530545971179	36.9525	200.0	True
20260714	0.05	20raw	0.5	cheap_heuristic	0.0001	9861	5	0	2	1605	1607	0.4	0.0012445550715619166	0.08035	100.0	True
20260714	0.05	20raw	0.5	small_open	0.0006	9861	5	0	2	1605	1607	0.4	0.0012445550715619166	0.4821	100.0	True
20260714	0.05	20raw	0.5	iter120_default	0.001	9861	5	0	2	1605	1607	0.4	0.0012445550715619166	0.8035	100.0	True
20260714	0.05	20raw	0.5	mid_tier	0.005	9861	5	0	2	1605	1607	0.4	0.0012445550715619166	4.0175	100.0	True
20260714	0.05	20raw	0.5	frontier_gpt4	0.03	9861	5	0	2	1605	1607	0.4	0.0012445550715619166	24.105	100.0	True
20260714	0.05	20raw	1.0	cheap_heuristic	0.0001	9861	5	0	0	296	296	0.0	0.0	0.0296	0.0	True
20260714	0.05	20raw	1.0	small_open	0.0006	9861	5	0	0	296	296	0.0	0.0	0.17759999999999998	0.0	True
20260714	0.05	20raw	1.0	iter120_default	0.001	9861	5	0	0	296	296	0.0	0.0	0.296	0.0	True
20260714	0.05	20raw	1.0	mid_tier	0.005	9861	5	0	0	296	296	0.0	0.0	1.48	0.0	True
20260714	0.05	20raw	1.0	frontier_gpt4	0.03	9861	5	0	0	296	296	0.0	0.0	8.879999999999999	0.0	True
20260714	0.05	20raw	1.5	cheap_heuristic	0.0001	9861	5	0	0	24	24	0.0	0.0	0.0024000000000000002	0.0	True
20260714	0.05	20raw	1.5	small_open	0.0006	9861	5	0	0	24	24	0.0	0.0	0.0144	0.0	True
20260714	0.05	20raw	1.5	iter120_default	0.001	9861	5	0	0	24	24	0.0	0.0	0.024	0.0	True
20260714	0.05	20raw	1.5	mid_tier	0.005	9861	5	0	0	24	24	0.0	0.0	0.12	0.0	True
20260714	0.05	20raw	1.5	frontier_gpt4	0.03	9861	5	0	0	24	24	0.0	0.0	0.72	0.0	True
20260714	0.05	20raw	2.0	cheap_heuristic	0.0001	9861	5	0	0	0	0	0.0	0.0	0.0	0.0	True
20260714	0.05	20raw	2.0	small_open	0.0006	9861	5	0	0	0	0	0.0	0.0	0.0	0.0	True
20260714	0.05	20raw	2.0	iter120_default	0.001	9861	5	0	0	0	0	0.0	0.0	0.0	0.0	True
20260714	0.05	20raw	2.0	mid_tier	0.005	9861	5	0	0	0	0	0.0	0.0	0.0	0.0	True
20260714	0.05	20raw	2.0	frontier_gpt4	0.03	9861	5	0	0	0	0	0.0	0.0	0.0	0.0	True
20260714	0.05	20raw	2.5	cheap_heuristic	0.0001	9861	5	0	0	0	0	0.0	0.0	0.0	0.0	True
20260714	0.05	20raw	2.5	small_open	0.0006	9861	5	0	0	0	0	0.0	0.0	0.0	0.0	True
20260714	0.05	20raw	2.5	iter120_default	0.001	9861	5	0	0	0	0	0.0	0.0	0.0	0.0	True
20260714	0.05	20raw	2.5	mid_tier	0.005	9861	5	0	0	0	0	0.0	0.0	0.0	0.0	True
20260714	0.05	20raw	2.5	frontier_gpt4	0.03	9861	5	0	0	0	0	0.0	0.0	0.0	0.0	True
20260714	0.05	20raw	3.0	cheap_heuristic	0.0001	9861	5	0	0	0	0	0.0	0.0	0.0	0.0	True
20260714	0.05	20raw	3.0	small_open	0.0006	9861	5	0	0	0	0	0.0	0.0	0.0	0.0	True
20260714	0.05	20raw	3.0	iter120_default	0.001	9861	5	0	0	0	0	0.0	0.0	0.0	0.0	True
20260714	0.05	20raw	3.0	mid_tier	0.005	9861	5	0	0	0	0	0.0	0.0	0.0	0.0	True
20260714	0.05	20raw	3.0	frontier_gpt4	0.03	9861	5	0	0	0	0	0.0	0.0	0.0	0.0	True
20260714	0.05	20raw+minmax	0.0	cheap_heuristic	0.0001	9861	5	0	4	4921	4925	0.8	0.0008121827411167512	0.12312500000000001	200.0	True
20260714	0.05	20raw+minmax	0.0	small_open	0.0006	9861	5	0	4	4921	4925	0.8	0.0008121827411167512	0.7387499999999999	200.0	True
20260714	0.05	20raw+minmax	0.0	iter120_default	0.001	9861	5	0	4	4921	4925	0.8	0.0008121827411167512	1.23125	200.0	True
20260714	0.05	20raw+minmax	0.0	mid_tier	0.005	9861	5	0	4	4921	4925	0.8	0.0008121827411167512	6.15625	200.0	True
20260714	0.05	20raw+minmax	0.0	frontier_gpt4	0.03	9861	5	0	4	4921	4925	0.8	0.0008121827411167512	36.9375	200.0	True
20260714	0.05	20raw+minmax	0.5	cheap_heuristic	0.0001	9861	5	0	2	1601	1603	0.4	0.0012476606363069245	0.08015	100.0	True
20260714	0.05	20raw+minmax	0.5	small_open	0.0006	9861	5	0	2	1601	1603	0.4	0.0012476606363069245	0.48089999999999994	100.0	True
20260714	0.05	20raw+minmax	0.5	iter120_default	0.001	9861	5	0	2	1601	1603	0.4	0.0012476606363069245	0.8015	100.0	True
20260714	0.05	20raw+minmax	0.5	mid_tier	0.005	9861	5	0	2	1601	1603	0.4	0.0012476606363069245	4.0075	100.0	True
20260714	0.05	20raw+minmax	0.5	frontier_gpt4	0.03	9861	5	0	2	1601	1603	0.4	0.0012476606363069245	24.044999999999998	100.0	True
20260714	0.05	20raw+minmax	1.0	cheap_heuristic	0.0001	9861	5	0	0	295	295	0.0	0.0	0.029500000000000002	0.0	True
20260714	0.05	20raw+minmax	1.0	small_open	0.0006	9861	5	0	0	295	295	0.0	0.0	0.177	0.0	True
20260714	0.05	20raw+minmax	1.0	iter120_default	0.001	9861	5	0	0	295	295	0.0	0.0	0.295	0.0	True
20260714	0.05	20raw+minmax	1.0	mid_tier	0.005	9861	5	0	0	295	295	0.0	0.0	1.475	0.0	True
20260714	0.05	20raw+minmax	1.0	frontier_gpt4	0.03	9861	5	0	0	295	295	0.0	0.0	8.85	0.0	True
20260714	0.05	20raw+minmax	1.5	cheap_heuristic	0.0001	9861	5	0	0	24	24	0.0	0.0	0.0024000000000000002	0.0	True
20260714	0.05	20raw+minmax	1.5	small_open	0.0006	9861	5	0	0	24	24	0.0	0.0	0.0144	0.0	True
20260714	0.05	20raw+minmax	1.5	iter120_default	0.001	9861	5	0	0	24	24	0.0	0.0	0.024	0.0	True
20260714	0.05	20raw+minmax	1.5	mid_tier	0.005	9861	5	0	0	24	24	0.0	0.0	0.12	0.0	True
20260714	0.05	20raw+minmax	1.5	frontier_gpt4	0.03	9861	5	0	0	24	24	0.0	0.0	0.72	0.0	True
20260714	0.05	20raw+minmax	2.0	cheap_heuristic	0.0001	9861	5	0	0	0	0	0.0	0.0	0.0	0.0	True
20260714	0.05	20raw+minmax	2.0	small_open	0.0006	9861	5	0	0	0	0	0.0	0.0	0.0	0.0	True
20260714	0.05	20raw+minmax	2.0	iter120_default	0.001	9861	5	0	0	0	0	0.0	0.0	0.0	0.0	True
20260714	0.05	20raw+minmax	2.0	mid_tier	0.005	9861	5	0	0	0	0	0.0	0.0	0.0	0.0	True
20260714	0.05	20raw+minmax	2.0	frontier_gpt4	0.03	9861	5	0	0	0	0	0.0	0.0	0.0	0.0	True
20260714	0.05	20raw+minmax	2.5	cheap_heuristic	0.0001	9861	5	0	0	0	0	0.0	0.0	0.0	0.0	True
20260714	0.05	20raw+minmax	2.5	small_open	0.0006	9861	5	0	0	0	0	0.0	0.0	0.0	0.0	True
20260714	0.05	20raw+minmax	2.5	iter120_default	0.001	9861	5	0	0	0	0	0.0	0.0	0.0	0.0	True
20260714	0.05	20raw+minmax	2.5	mid_tier	0.005	9861	5	0	0	0	0	0.0	0.0	0.0	0.0	True
20260714	0.05	20raw+minmax	2.5	frontier_gpt4	0.03	9861	5	0	0	0	0	0.0	0.0	0.0	0.0	True
20260714	0.05	20raw+minmax	3.0	cheap_heuristic	0.0001	9861	5	0	0	0	0	0.0	0.0	0.0	0.0	True
20260714	0.05	20raw+minmax	3.0	small_open	0.0006	9861	5	0	0	0	0	0.0	0.0	0.0	0.0	True
20260714	0.05	20raw+minmax	3.0	iter120_default	0.001	9861	5	0	0	0	0	0.0	0.0	0.0	0.0	True
20260714	0.05	20raw+minmax	3.0	mid_tier	0.005	9861	5	0	0	0	0	0.0	0.0	0.0	0.0	True
20260714	0.05	20raw+minmax	3.0	frontier_gpt4	0.03	9861	5	0	0	0	0	0.0	0.0	0.0	0.0	True
20260714	0.05	20raw+stat	0.0	cheap_heuristic	0.0001	9861	5	1	3	4922	4925	0.75	0.0006091370558375635	0.16416666666666668	150.0	True
20260714	0.05	20raw+stat	0.0	small_open	0.0006	9861	5	1	3	4922	4925	0.75	0.0006091370558375635	0.9849999999999999	150.0	True
20260714	0.05	20raw+stat	0.0	iter120_default	0.001	9861	5	1	3	4922	4925	0.75	0.0006091370558375635	1.6416666666666666	150.0	True
20260714	0.05	20raw+stat	0.0	mid_tier	0.005	9861	5	1	3	4922	4925	0.75	0.0006091370558375635	8.208333333333334	150.0	True
20260714	0.05	20raw+stat	0.0	frontier_gpt4	0.03	9861	5	1	3	4922	4925	0.75	0.0006091370558375635	49.25	150.0	True
20260714	0.05	20raw+stat	0.5	cheap_heuristic	0.0001	9861	5	1	2	1613	1615	0.5	0.001238390092879257	0.08075	100.0	True
20260714	0.05	20raw+stat	0.5	small_open	0.0006	9861	5	1	2	1613	1615	0.5	0.001238390092879257	0.48449999999999993	100.0	True
20260714	0.05	20raw+stat	0.5	iter120_default	0.001	9861	5	1	2	1613	1615	0.5	0.001238390092879257	0.8075	100.0	True
20260714	0.05	20raw+stat	0.5	mid_tier	0.005	9861	5	1	2	1613	1615	0.5	0.001238390092879257	4.0375	100.0	True
20260714	0.05	20raw+stat	0.5	frontier_gpt4	0.03	9861	5	1	2	1613	1615	0.5	0.001238390092879257	24.224999999999998	100.0	True
20260714	0.05	20raw+stat	1.0	cheap_heuristic	0.0001	9861	5	1	0	296	296	0.0	0.0	0.0296	0.0	True
20260714	0.05	20raw+stat	1.0	small_open	0.0006	9861	5	1	0	296	296	0.0	0.0	0.17759999999999998	0.0	True
20260714	0.05	20raw+stat	1.0	iter120_default	0.001	9861	5	1	0	296	296	0.0	0.0	0.296	0.0	True
20260714	0.05	20raw+stat	1.0	mid_tier	0.005	9861	5	1	0	296	296	0.0	0.0	1.48	0.0	True
20260714	0.05	20raw+stat	1.0	frontier_gpt4	0.03	9861	5	1	0	296	296	0.0	0.0	8.879999999999999	0.0	True
20260714	0.05	20raw+stat	1.5	cheap_heuristic	0.0001	9861	5	1	0	24	24	0.0	0.0	0.0024000000000000002	0.0	True
20260714	0.05	20raw+stat	1.5	small_open	0.0006	9861	5	1	0	24	24	0.0	0.0	0.0144	0.0	True
20260714	0.05	20raw+stat	1.5	iter120_default	0.001	9861	5	1	0	24	24	0.0	0.0	0.024	0.0	True
20260714	0.05	20raw+stat	1.5	mid_tier	0.005	9861	5	1	0	24	24	0.0	0.0	0.12	0.0	True
20260714	0.05	20raw+stat	1.5	frontier_gpt4	0.03	9861	5	1	0	24	24	0.0	0.0	0.72	0.0	True
20260714	0.05	20raw+stat	2.0	cheap_heuristic	0.0001	9861	5	1	0	0	0	0.0	0.0	0.0	0.0	True
20260714	0.05	20raw+stat	2.0	small_open	0.0006	9861	5	1	0	0	0	0.0	0.0	0.0	0.0	True
20260714	0.05	20raw+stat	2.0	iter120_default	0.001	9861	5	1	0	0	0	0.0	0.0	0.0	0.0	True
20260714	0.05	20raw+stat	2.0	mid_tier	0.005	9861	5	1	0	0	0	0.0	0.0	0.0	0.0	True
20260714	0.05	20raw+stat	2.0	frontier_gpt4	0.03	9861	5	1	0	0	0	0.0	0.0	0.0	0.0	True
20260714	0.05	20raw+stat	2.5	cheap_heuristic	0.0001	9861	5	1	0	0	0	0.0	0.0	0.0	0.0	True
20260714	0.05	20raw+stat	2.5	small_open	0.0006	9861	5	1	0	0	0	0.0	0.0	0.0	0.0	True
20260714	0.05	20raw+stat	2.5	iter120_default	0.001	9861	5	1	0	0	0	0.0	0.0	0.0	0.0	True
20260714	0.05	20raw+stat	2.5	mid_tier	0.005	9861	5	1	0	0	0	0.0	0.0	0.0	0.0	True
20260714	0.05	20raw+stat	2.5	frontier_gpt4	0.03	9861	5	1	0	0	0	0.0	0.0	0.0	0.0	True
20260714	0.05	20raw+stat	3.0	cheap_heuristic	0.0001	9861	5	1	0	0	0	0.0	0.0	0.0	0.0	True
20260714	0.05	20raw+stat	3.0	small_open	0.0006	9861	5	1	0	0	0	0.0	0.0	0.0	0.0	True
20260714	0.05	20raw+stat	3.0	iter120_default	0.001	9861	5	1	0	0	0	0.0	0.0	0.0	0.0	True
20260714	0.05	20raw+stat	3.0	mid_tier	0.005	9861	5	1	0	0	0	0.0	0.0	0.0	0.0	True
20260714	0.05	20raw+stat	3.0	frontier_gpt4	0.03	9861	5	1	0	0	0	0.0	0.0	0.0	0.0	True
