seed	rate_pct	fset	tau	clf	n_test	n_pos	n_xgb_missed_pos	n_lift	n_waste	n_llm_only	value_rate	esc_prec
20260706	1.44	24full	0.05	joint_vstat	10000	144	96	96	9704	9800	1.0	0.009795918367346938
20260706	1.44	24full	0.1	joint_vstat	10000	144	96	96	9704	9800	1.0	0.009795918367346938
20260706	1.44	24full	0.15	joint_vstat	10000	144	96	96	9704	9800	1.0	0.009795918367346938
20260706	1.44	24full	0.2	joint_vstat	10000	144	96	96	9704	9800	1.0	0.009795918367346938
20260706	1.44	24full	0.3	joint_vstat	10000	144	96	96	9704	9800	1.0	0.009795918367346938
20260706	1.44	24full	0.4	joint_vstat	10000	144	96	96	9695	9791	1.0	0.009804922888366867
20260706	1.44	24full	0.5	joint_vstat	10000	144	96	59	4941	5000	0.6145833333333334	0.0118
20260706	1.44	24full	0.6	joint_vstat	10000	144	96	0	2	2	0.0	0.0
20260706	1.44	24full	0.7	joint_vstat	10000	144	96	0	0	0	0.0	0.0
20260706	1.44	24full	0.8	joint_vstat	10000	144	96	0	0	0	0.0	0.0
20260706	1.44	24full	0.9	joint_vstat	10000	144	96	0	0	0	0.0	0.0
20260706	1.44	24full	0.05	vmean_only	10000	144	96	96	9704	9800	1.0	0.009795918367346938
20260706	1.44	24full	0.1	vmean_only	10000	144	96	96	9704	9800	1.0	0.009795918367346938
20260706	1.44	24full	0.15	vmean_only	10000	144	96	96	9704	9800	1.0	0.009795918367346938
20260706	1.44	24full	0.2	vmean_only	10000	144	96	96	9704	9800	1.0	0.009795918367346938
20260706	1.44	24full	0.3	vmean_only	10000	144	96	96	9704	9800	1.0	0.009795918367346938
20260706	1.44	24full	0.4	vmean_only	10000	144	96	96	9704	9800	1.0	0.009795918367346938
20260706	1.44	24full	0.5	vmean_only	10000	144	96	48	4634	4682	0.5	0.010252029047415635
20260706	1.44	24full	0.6	vmean_only	10000	144	96	0	0	0	0.0	0.0
20260706	1.44	24full	0.7	vmean_only	10000	144	96	0	0	0	0.0	0.0
20260706	1.44	24full	0.8	vmean_only	10000	144	96	0	0	0	0.0	0.0
20260706	1.44	24full	0.9	vmean_only	10000	144	96	0	0	0	0.0	0.0
20260706	1.44	20raw	0.05	joint_vstat	10000	144	94	94	9706	9800	1.0	0.009591836734693878
20260706	1.44	20raw	0.1	joint_vstat	10000	144	94	94	9706	9800	1.0	0.009591836734693878
20260706	1.44	20raw	0.15	joint_vstat	10000	144	94	94	9706	9800	1.0	0.009591836734693878
20260706	1.44	20raw	0.2	joint_vstat	10000	144	94	94	9706	9800	1.0	0.009591836734693878
20260706	1.44	20raw	0.3	joint_vstat	10000	144	94	94	9706	9800	1.0	0.009591836734693878
20260706	1.44	20raw	0.4	joint_vstat	10000	144	94	94	9697	9791	1.0	0.00960065366152589
20260706	1.44	20raw	0.5	joint_vstat	10000	144	94	59	4944	5003	0.6276595744680851	0.011792924245452729
20260706	1.44	20raw	0.6	joint_vstat	10000	144	94	0	2	2	0.0	0.0
20260706	1.44	20raw	0.7	joint_vstat	10000	144	94	0	0	0	0.0	0.0
20260706	1.44	20raw	0.8	joint_vstat	10000	144	94	0	0	0	0.0	0.0
20260706	1.44	20raw	0.9	joint_vstat	10000	144	94	0	0	0	0.0	0.0
20260706	1.44	20raw	0.05	vmean_only	10000	144	94	94	9706	9800	1.0	0.009591836734693878
20260706	1.44	20raw	0.1	vmean_only	10000	144	94	94	9706	9800	1.0	0.009591836734693878
20260706	1.44	20raw	0.15	vmean_only	10000	144	94	94	9706	9800	1.0	0.009591836734693878
20260706	1.44	20raw	0.2	vmean_only	10000	144	94	94	9706	9800	1.0	0.009591836734693878
20260706	1.44	20raw	0.3	vmean_only	10000	144	94	94	9706	9800	1.0	0.009591836734693878
20260706	1.44	20raw	0.4	vmean_only	10000	144	94	94	9706	9800	1.0	0.009591836734693878
20260706	1.44	20raw	0.5	vmean_only	10000	144	94	50	4644	4694	0.5319148936170213	0.010651896037494673
20260706	1.44	20raw	0.6	vmean_only	10000	144	94	0	0	0	0.0	0.0
20260706	1.44	20raw	0.7	vmean_only	10000	144	94	0	0	0	0.0	0.0
20260706	1.44	20raw	0.8	vmean_only	10000	144	94	0	0	0	0.0	0.0
20260706	1.44	20raw	0.9	vmean_only	10000	144	94	0	0	0	0.0	0.0
20260706	1.44	20raw+minmax	0.05	joint_vstat	10000	144	94	94	9706	9800	1.0	0.009591836734693878
20260706	1.44	20raw+minmax	0.1	joint_vstat	10000	144	94	94	9706	9800	1.0	0.009591836734693878
20260706	1.44	20raw+minmax	0.15	joint_vstat	10000	144	94	94	9706	9800	1.0	0.009591836734693878
20260706	1.44	20raw+minmax	0.2	joint_vstat	10000	144	94	94	9706	9800	1.0	0.009591836734693878
20260706	1.44	20raw+minmax	0.3	joint_vstat	10000	144	94	94	9706	9800	1.0	0.009591836734693878
20260706	1.44	20raw+minmax	0.4	joint_vstat	10000	144	94	94	9697	9791	1.0	0.00960065366152589
20260706	1.44	20raw+minmax	0.5	joint_vstat	10000	144	94	59	4952	5011	0.6276595744680851	0.011774096986629415
20260706	1.44	20raw+minmax	0.6	joint_vstat	10000	144	94	0	2	2	0.0	0.0
20260706	1.44	20raw+minmax	0.7	joint_vstat	10000	144	94	0	0	0	0.0	0.0
20260706	1.44	20raw+minmax	0.8	joint_vstat	10000	144	94	0	0	0	0.0	0.0
20260706	1.44	20raw+minmax	0.9	joint_vstat	10000	144	94	0	0	0	0.0	0.0
20260706	1.44	20raw+minmax	0.05	vmean_only	10000	144	94	94	9706	9800	1.0	0.009591836734693878
20260706	1.44	20raw+minmax	0.1	vmean_only	10000	144	94	94	9706	9800	1.0	0.009591836734693878
20260706	1.44	20raw+minmax	0.15	vmean_only	10000	144	94	94	9706	9800	1.0	0.009591836734693878
20260706	1.44	20raw+minmax	0.2	vmean_only	10000	144	94	94	9706	9800	1.0	0.009591836734693878
20260706	1.44	20raw+minmax	0.3	vmean_only	10000	144	94	94	9706	9800	1.0	0.009591836734693878
20260706	1.44	20raw+minmax	0.4	vmean_only	10000	144	94	94	9706	9800	1.0	0.009591836734693878
20260706	1.44	20raw+minmax	0.5	vmean_only	10000	144	94	50	4647	4697	0.5319148936170213	0.010645092612305727
20260706	1.44	20raw+minmax	0.6	vmean_only	10000	144	94	0	0	0	0.0	0.0
20260706	1.44	20raw+minmax	0.7	vmean_only	10000	144	94	0	0	0	0.0	0.0
20260706	1.44	20raw+minmax	0.8	vmean_only	10000	144	94	0	0	0	0.0	0.0
20260706	1.44	20raw+minmax	0.9	vmean_only	10000	144	94	0	0	0	0.0	0.0
20260706	1.44	20raw+stat	0.05	joint_vstat	10000	144	94	94	9706	9800	1.0	0.009591836734693878
20260706	1.44	20raw+stat	0.1	joint_vstat	10000	144	94	94	9706	9800	1.0	0.009591836734693878
20260706	1.44	20raw+stat	0.15	joint_vstat	10000	144	94	94	9706	9800	1.0	0.009591836734693878
20260706	1.44	20raw+stat	0.2	joint_vstat	10000	144	94	94	9706	9800	1.0	0.009591836734693878
20260706	1.44	20raw+stat	0.3	joint_vstat	10000	144	94	94	9706	9800	1.0	0.009591836734693878
20260706	1.44	20raw+stat	0.4	joint_vstat	10000	144	94	94	9697	9791	1.0	0.00960065366152589
20260706	1.44	20raw+stat	0.5	joint_vstat	10000	144	94	58	4935	4993	0.6170212765957447	0.011616262767875024
20260706	1.44	20raw+stat	0.6	joint_vstat	10000	144	94	0	2	2	0.0	0.0
20260706	1.44	20raw+stat	0.7	joint_vstat	10000	144	94	0	0	0	0.0	0.0
20260706	1.44	20raw+stat	0.8	joint_vstat	10000	144	94	0	0	0	0.0	0.0
20260706	1.44	20raw+stat	0.9	joint_vstat	10000	144	94	0	0	0	0.0	0.0
20260706	1.44	20raw+stat	0.05	vmean_only	10000	144	94	94	9706	9800	1.0	0.009591836734693878
20260706	1.44	20raw+stat	0.1	vmean_only	10000	144	94	94	9706	9800	1.0	0.009591836734693878
20260706	1.44	20raw+stat	0.15	vmean_only	10000	144	94	94	9706	9800	1.0	0.009591836734693878
20260706	1.44	20raw+stat	0.2	vmean_only	10000	144	94	94	9706	9800	1.0	0.009591836734693878
20260706	1.44	20raw+stat	0.3	vmean_only	10000	144	94	94	9706	9800	1.0	0.009591836734693878
20260706	1.44	20raw+stat	0.4	vmean_only	10000	144	94	94	9706	9800	1.0	0.009591836734693878
20260706	1.44	20raw+stat	0.5	vmean_only	10000	144	94	51	4633	4684	0.5425531914893617	0.010888129803586678
20260706	1.44	20raw+stat	0.6	vmean_only	10000	144	94	0	0	0	0.0	0.0
20260706	1.44	20raw+stat	0.7	vmean_only	10000	144	94	0	0	0	0.0	0.0
20260706	1.44	20raw+stat	0.8	vmean_only	10000	144	94	0	0	0	0.0	0.0
20260706	1.44	20raw+stat	0.9	vmean_only	10000	144	94	0	0	0	0.0	0.0
20260706	1.0	24full	0.05	joint_vstat	9956	100	66	66	9691	9757	1.0	0.006764374295377677
20260706	1.0	24full	0.1	joint_vstat	9956	100	66	66	9691	9757	1.0	0.006764374295377677
20260706	1.0	24full	0.15	joint_vstat	9956	100	66	66	9691	9757	1.0	0.006764374295377677
20260706	1.0	24full	0.2	joint_vstat	9956	100	66	66	9691	9757	1.0	0.006764374295377677
20260706	1.0	24full	0.3	joint_vstat	9956	100	66	66	9691	9757	1.0	0.006764374295377677
20260706	1.0	24full	0.4	joint_vstat	9956	100	66	66	9682	9748	1.0	0.006770619614279852
20260706	1.0	24full	0.5	joint_vstat	9956	100	66	42	4935	4977	0.6363636363636364	0.008438818565400843
20260706	1.0	24full	0.6	joint_vstat	9956	100	66	0	2	2	0.0	0.0
20260706	1.0	24full	0.7	joint_vstat	9956	100	66	0	0	0	0.0	0.0
20260706	1.0	24full	0.8	joint_vstat	9956	100	66	0	0	0	0.0	0.0
20260706	1.0	24full	0.9	joint_vstat	9956	100	66	0	0	0	0.0	0.0
20260706	1.0	24full	0.05	vmean_only	9956	100	66	66	9691	9757	1.0	0.006764374295377677
20260706	1.0	24full	0.1	vmean_only	9956	100	66	66	9691	9757	1.0	0.006764374295377677
20260706	1.0	24full	0.15	vmean_only	9956	100	66	66	9691	9757	1.0	0.006764374295377677
20260706	1.0	24full	0.2	vmean_only	9956	100	66	66	9691	9757	1.0	0.006764374295377677
20260706	1.0	24full	0.3	vmean_only	9956	100	66	66	9691	9757	1.0	0.006764374295377677
20260706	1.0	24full	0.4	vmean_only	9956	100	66	66	9691	9757	1.0	0.006764374295377677
20260706	1.0	24full	0.5	vmean_only	9956	100	66	37	4625	4662	0.5606060606060606	0.007936507936507936
20260706	1.0	24full	0.6	vmean_only	9956	100	66	0	0	0	0.0	0.0
20260706	1.0	24full	0.7	vmean_only	9956	100	66	0	0	0	0.0	0.0
20260706	1.0	24full	0.8	vmean_only	9956	100	66	0	0	0	0.0	0.0
20260706	1.0	24full	0.9	vmean_only	9956	100	66	0	0	0	0.0	0.0
20260706	1.0	20raw	0.05	joint_vstat	9956	100	63	63	9694	9757	1.0	0.006456902736496874
20260706	1.0	20raw	0.1	joint_vstat	9956	100	63	63	9694	9757	1.0	0.006456902736496874
20260706	1.0	20raw	0.15	joint_vstat	9956	100	63	63	9694	9757	1.0	0.006456902736496874
20260706	1.0	20raw	0.2	joint_vstat	9956	100	63	63	9694	9757	1.0	0.006456902736496874
20260706	1.0	20raw	0.3	joint_vstat	9956	100	63	63	9694	9757	1.0	0.006456902736496874
20260706	1.0	20raw	0.4	joint_vstat	9956	100	63	63	9685	9748	1.0	0.006462864177267132
20260706	1.0	20raw	0.5	joint_vstat	9956	100	63	42	4938	4980	0.6666666666666666	0.008433734939759036
20260706	1.0	20raw	0.6	joint_vstat	9956	100	63	0	2	2	0.0	0.0
20260706	1.0	20raw	0.7	joint_vstat	9956	100	63	0	0	0	0.0	0.0
20260706	1.0	20raw	0.8	joint_vstat	9956	100	63	0	0	0	0.0	0.0
20260706	1.0	20raw	0.9	joint_vstat	9956	100	63	0	0	0	0.0	0.0
20260706	1.0	20raw	0.05	vmean_only	9956	100	63	63	9694	9757	1.0	0.006456902736496874
20260706	1.0	20raw	0.1	vmean_only	9956	100	63	63	9694	9757	1.0	0.006456902736496874
20260706	1.0	20raw	0.15	vmean_only	9956	100	63	63	9694	9757	1.0	0.006456902736496874
20260706	1.0	20raw	0.2	vmean_only	9956	100	63	63	9694	9757	1.0	0.006456902736496874
20260706	1.0	20raw	0.3	vmean_only	9956	100	63	63	9694	9757	1.0	0.006456902736496874
20260706	1.0	20raw	0.4	vmean_only	9956	100	63	63	9694	9757	1.0	0.006456902736496874
20260706	1.0	20raw	0.5	vmean_only	9956	100	63	38	4634	4672	0.6031746031746031	0.008133561643835616
20260706	1.0	20raw	0.6	vmean_only	9956	100	63	0	0	0	0.0	0.0
20260706	1.0	20raw	0.7	vmean_only	9956	100	63	0	0	0	0.0	0.0
20260706	1.0	20raw	0.8	vmean_only	9956	100	63	0	0	0	0.0	0.0
20260706	1.0	20raw	0.9	vmean_only	9956	100	63	0	0	0	0.0	0.0
20260706	1.0	20raw+minmax	0.05	joint_vstat	9956	100	66	66	9691	9757	1.0	0.006764374295377677
20260706	1.0	20raw+minmax	0.1	joint_vstat	9956	100	66	66	9691	9757	1.0	0.006764374295377677
20260706	1.0	20raw+minmax	0.15	joint_vstat	9956	100	66	66	9691	9757	1.0	0.006764374295377677
20260706	1.0	20raw+minmax	0.2	joint_vstat	9956	100	66	66	9691	9757	1.0	0.006764374295377677
20260706	1.0	20raw+minmax	0.3	joint_vstat	9956	100	66	66	9691	9757	1.0	0.006764374295377677
20260706	1.0	20raw+minmax	0.4	joint_vstat	9956	100	66	66	9682	9748	1.0	0.006770619614279852
20260706	1.0	20raw+minmax	0.5	joint_vstat	9956	100	66	44	4943	4987	0.6666666666666666	0.008822939643071986
20260706	1.0	20raw+minmax	0.6	joint_vstat	9956	100	66	0	2	2	0.0	0.0
20260706	1.0	20raw+minmax	0.7	joint_vstat	9956	100	66	0	0	0	0.0	0.0
20260706	1.0	20raw+minmax	0.8	joint_vstat	9956	100	66	0	0	0	0.0	0.0
20260706	1.0	20raw+minmax	0.9	joint_vstat	9956	100	66	0	0	0	0.0	0.0
20260706	1.0	20raw+minmax	0.05	vmean_only	9956	100	66	66	9691	9757	1.0	0.006764374295377677
20260706	1.0	20raw+minmax	0.1	vmean_only	9956	100	66	66	9691	9757	1.0	0.006764374295377677
20260706	1.0	20raw+minmax	0.15	vmean_only	9956	100	66	66	9691	9757	1.0	0.006764374295377677
20260706	1.0	20raw+minmax	0.2	vmean_only	9956	100	66	66	9691	9757	1.0	0.006764374295377677
20260706	1.0	20raw+minmax	0.3	vmean_only	9956	100	66	66	9691	9757	1.0	0.006764374295377677
20260706	1.0	20raw+minmax	0.4	vmean_only	9956	100	66	66	9691	9757	1.0	0.006764374295377677
20260706	1.0	20raw+minmax	0.5	vmean_only	9956	100	66	40	4641	4681	0.6060606060606061	0.008545182653279214
20260706	1.0	20raw+minmax	0.6	vmean_only	9956	100	66	0	0	0	0.0	0.0
20260706	1.0	20raw+minmax	0.7	vmean_only	9956	100	66	0	0	0	0.0	0.0
20260706	1.0	20raw+minmax	0.8	vmean_only	9956	100	66	0	0	0	0.0	0.0
20260706	1.0	20raw+minmax	0.9	vmean_only	9956	100	66	0	0	0	0.0	0.0
20260706	1.0	20raw+stat	0.05	joint_vstat	9956	100	63	63	9694	9757	1.0	0.006456902736496874
20260706	1.0	20raw+stat	0.1	joint_vstat	9956	100	63	63	9694	9757	1.0	0.006456902736496874
20260706	1.0	20raw+stat	0.15	joint_vstat	9956	100	63	63	9694	9757	1.0	0.006456902736496874
20260706	1.0	20raw+stat	0.2	joint_vstat	9956	100	63	63	9694	9757	1.0	0.006456902736496874
20260706	1.0	20raw+stat	0.3	joint_vstat	9956	100	63	63	9694	9757	1.0	0.006456902736496874
20260706	1.0	20raw+stat	0.4	joint_vstat	9956	100	63	63	9685	9748	1.0	0.006462864177267132
20260706	1.0	20raw+stat	0.5	joint_vstat	9956	100	63	41	4928	4969	0.6507936507936508	0.008251157174481787
20260706	1.0	20raw+stat	0.6	joint_vstat	9956	100	63	0	2	2	0.0	0.0
20260706	1.0	20raw+stat	0.7	joint_vstat	9956	100	63	0	0	0	0.0	0.0
20260706	1.0	20raw+stat	0.8	joint_vstat	9956	100	63	0	0	0	0.0	0.0
20260706	1.0	20raw+stat	0.9	joint_vstat	9956	100	63	0	0	0	0.0	0.0
20260706	1.0	20raw+stat	0.05	vmean_only	9956	100	63	63	9694	9757	1.0	0.006456902736496874
20260706	1.0	20raw+stat	0.1	vmean_only	9956	100	63	63	9694	9757	1.0	0.006456902736496874
20260706	1.0	20raw+stat	0.15	vmean_only	9956	100	63	63	9694	9757	1.0	0.006456902736496874
20260706	1.0	20raw+stat	0.2	vmean_only	9956	100	63	63	9694	9757	1.0	0.006456902736496874
20260706	1.0	20raw+stat	0.3	vmean_only	9956	100	63	63	9694	9757	1.0	0.006456902736496874
20260706	1.0	20raw+stat	0.4	vmean_only	9956	100	63	63	9694	9757	1.0	0.006456902736496874
20260706	1.0	20raw+stat	0.5	vmean_only	9956	100	63	38	4626	4664	0.6031746031746031	0.008147512864493996
20260706	1.0	20raw+stat	0.6	vmean_only	9956	100	63	0	0	0	0.0	0.0
20260706	1.0	20raw+stat	0.7	vmean_only	9956	100	63	0	0	0	0.0	0.0
20260706	1.0	20raw+stat	0.8	vmean_only	9956	100	63	0	0	0	0.0	0.0
20260706	1.0	20raw+stat	0.9	vmean_only	9956	100	63	0	0	0	0.0	0.0
20260706	0.5	24full	0.05	joint_vstat	9906	50	28	28	9680	9708	1.0	0.00288421920065925
20260706	0.5	24full	0.1	joint_vstat	9906	50	28	28	9680	9708	1.0	0.00288421920065925
20260706	0.5	24full	0.15	joint_vstat	9906	50	28	28	9680	9708	1.0	0.00288421920065925
20260706	0.5	24full	0.2	joint_vstat	9906	50	28	28	9680	9708	1.0	0.00288421920065925
20260706	0.5	24full	0.3	joint_vstat	9906	50	28	28	9680	9708	1.0	0.00288421920065925
20260706	0.5	24full	0.4	joint_vstat	9906	50	28	28	9671	9699	1.0	0.0028868955562429115
20260706	0.5	24full	0.5	joint_vstat	9906	50	28	13	4927	4940	0.4642857142857143	0.002631578947368421
20260706	0.5	24full	0.6	joint_vstat	9906	50	28	0	2	2	0.0	0.0
20260706	0.5	24full	0.7	joint_vstat	9906	50	28	0	0	0	0.0	0.0
20260706	0.5	24full	0.8	joint_vstat	9906	50	28	0	0	0	0.0	0.0
20260706	0.5	24full	0.9	joint_vstat	9906	50	28	0	0	0	0.0	0.0
20260706	0.5	24full	0.05	vmean_only	9906	50	28	28	9680	9708	1.0	0.00288421920065925
20260706	0.5	24full	0.1	vmean_only	9906	50	28	28	9680	9708	1.0	0.00288421920065925
20260706	0.5	24full	0.15	vmean_only	9906	50	28	28	9680	9708	1.0	0.00288421920065925
20260706	0.5	24full	0.2	vmean_only	9906	50	28	28	9680	9708	1.0	0.00288421920065925
20260706	0.5	24full	0.3	vmean_only	9906	50	28	28	9680	9708	1.0	0.00288421920065925
20260706	0.5	24full	0.4	vmean_only	9906	50	28	28	9680	9708	1.0	0.00288421920065925
20260706	0.5	24full	0.5	vmean_only	9906	50	28	10	4618	4628	0.35714285714285715	0.00216076058772688
20260706	0.5	24full	0.6	vmean_only	9906	50	28	0	0	0	0.0	0.0
20260706	0.5	24full	0.7	vmean_only	9906	50	28	0	0	0	0.0	0.0
20260706	0.5	24full	0.8	vmean_only	9906	50	28	0	0	0	0.0	0.0
20260706	0.5	24full	0.9	vmean_only	9906	50	28	0	0	0	0.0	0.0
20260706	0.5	20raw	0.05	joint_vstat	9906	50	28	28	9680	9708	1.0	0.00288421920065925
20260706	0.5	20raw	0.1	joint_vstat	9906	50	28	28	9680	9708	1.0	0.00288421920065925
20260706	0.5	20raw	0.15	joint_vstat	9906	50	28	28	9680	9708	1.0	0.00288421920065925
20260706	0.5	20raw	0.2	joint_vstat	9906	50	28	28	9680	9708	1.0	0.00288421920065925
20260706	0.5	20raw	0.3	joint_vstat	9906	50	28	28	9680	9708	1.0	0.00288421920065925
20260706	0.5	20raw	0.4	joint_vstat	9906	50	28	28	9671	9699	1.0	0.0028868955562429115
20260706	0.5	20raw	0.5	joint_vstat	9906	50	28	15	4931	4946	0.5357142857142857	0.00303275374039628
20260706	0.5	20raw	0.6	joint_vstat	9906	50	28	0	2	2	0.0	0.0
20260706	0.5	20raw	0.7	joint_vstat	9906	50	28	0	0	0	0.0	0.0
20260706	0.5	20raw	0.8	joint_vstat	9906	50	28	0	0	0	0.0	0.0
20260706	0.5	20raw	0.9	joint_vstat	9906	50	28	0	0	0	0.0	0.0
20260706	0.5	20raw	0.05	vmean_only	9906	50	28	28	9680	9708	1.0	0.00288421920065925
20260706	0.5	20raw	0.1	vmean_only	9906	50	28	28	9680	9708	1.0	0.00288421920065925
20260706	0.5	20raw	0.15	vmean_only	9906	50	28	28	9680	9708	1.0	0.00288421920065925
20260706	0.5	20raw	0.2	vmean_only	9906	50	28	28	9680	9708	1.0	0.00288421920065925
20260706	0.5	20raw	0.3	vmean_only	9906	50	28	28	9680	9708	1.0	0.00288421920065925
20260706	0.5	20raw	0.4	vmean_only	9906	50	28	28	9680	9708	1.0	0.00288421920065925
20260706	0.5	20raw	0.5	vmean_only	9906	50	28	12	4624	4636	0.42857142857142855	0.0025884383088869713
20260706	0.5	20raw	0.6	vmean_only	9906	50	28	0	0	0	0.0	0.0
20260706	0.5	20raw	0.7	vmean_only	9906	50	28	0	0	0	0.0	0.0
20260706	0.5	20raw	0.8	vmean_only	9906	50	28	0	0	0	0.0	0.0
20260706	0.5	20raw	0.9	vmean_only	9906	50	28	0	0	0	0.0	0.0
20260706	0.5	20raw+minmax	0.05	joint_vstat	9906	50	29	29	9679	9708	1.0	0.0029872270292542235
20260706	0.5	20raw+minmax	0.1	joint_vstat	9906	50	29	29	9679	9708	1.0	0.0029872270292542235
20260706	0.5	20raw+minmax	0.15	joint_vstat	9906	50	29	29	9679	9708	1.0	0.0029872270292542235
20260706	0.5	20raw+minmax	0.2	joint_vstat	9906	50	29	29	9679	9708	1.0	0.0029872270292542235
20260706	0.5	20raw+minmax	0.3	joint_vstat	9906	50	29	29	9679	9708	1.0	0.0029872270292542235
20260706	0.5	20raw+minmax	0.4	joint_vstat	9906	50	29	29	9670	9699	1.0	0.0029899989689658726
20260706	0.5	20raw+minmax	0.5	joint_vstat	9906	50	29	15	4940	4955	0.5172413793103449	0.0030272452068617556
20260706	0.5	20raw+minmax	0.6	joint_vstat	9906	50	29	0	2	2	0.0	0.0
20260706	0.5	20raw+minmax	0.7	joint_vstat	9906	50	29	0	0	0	0.0	0.0
20260706	0.5	20raw+minmax	0.8	joint_vstat	9906	50	29	0	0	0	0.0	0.0
20260706	0.5	20raw+minmax	0.9	joint_vstat	9906	50	29	0	0	0	0.0	0.0
20260706	0.5	20raw+minmax	0.05	vmean_only	9906	50	29	29	9679	9708	1.0	0.0029872270292542235
20260706	0.5	20raw+minmax	0.1	vmean_only	9906	50	29	29	9679	9708	1.0	0.0029872270292542235
20260706	0.5	20raw+minmax	0.15	vmean_only	9906	50	29	29	9679	9708	1.0	0.0029872270292542235
20260706	0.5	20raw+minmax	0.2	vmean_only	9906	50	29	29	9679	9708	1.0	0.0029872270292542235
20260706	0.5	20raw+minmax	0.3	vmean_only	9906	50	29	29	9679	9708	1.0	0.0029872270292542235
20260706	0.5	20raw+minmax	0.4	vmean_only	9906	50	29	29	9679	9708	1.0	0.0029872270292542235
20260706	0.5	20raw+minmax	0.5	vmean_only	9906	50	29	12	4633	4645	0.41379310344827586	0.0025834230355220667
20260706	0.5	20raw+minmax	0.6	vmean_only	9906	50	29	0	0	0	0.0	0.0
20260706	0.5	20raw+minmax	0.7	vmean_only	9906	50	29	0	0	0	0.0	0.0
20260706	0.5	20raw+minmax	0.8	vmean_only	9906	50	29	0	0	0	0.0	0.0
20260706	0.5	20raw+minmax	0.9	vmean_only	9906	50	29	0	0	0	0.0	0.0
20260706	0.5	20raw+stat	0.05	joint_vstat	9906	50	26	26	9682	9708	1.0	0.0026782035434693035
20260706	0.5	20raw+stat	0.1	joint_vstat	9906	50	26	26	9682	9708	1.0	0.0026782035434693035
20260706	0.5	20raw+stat	0.15	joint_vstat	9906	50	26	26	9682	9708	1.0	0.0026782035434693035
20260706	0.5	20raw+stat	0.2	joint_vstat	9906	50	26	26	9682	9708	1.0	0.0026782035434693035
20260706	0.5	20raw+stat	0.3	joint_vstat	9906	50	26	26	9682	9708	1.0	0.0026782035434693035
20260706	0.5	20raw+stat	0.4	joint_vstat	9906	50	26	26	9673	9699	1.0	0.0026806887307969894
20260706	0.5	20raw+stat	0.5	joint_vstat	9906	50	26	12	4921	4933	0.46153846153846156	0.002432596797080884
20260706	0.5	20raw+stat	0.6	joint_vstat	9906	50	26	0	2	2	0.0	0.0
20260706	0.5	20raw+stat	0.7	joint_vstat	9906	50	26	0	0	0	0.0	0.0
20260706	0.5	20raw+stat	0.8	joint_vstat	9906	50	26	0	0	0	0.0	0.0
20260706	0.5	20raw+stat	0.9	joint_vstat	9906	50	26	0	0	0	0.0	0.0
20260706	0.5	20raw+stat	0.05	vmean_only	9906	50	26	26	9682	9708	1.0	0.0026782035434693035
20260706	0.5	20raw+stat	0.1	vmean_only	9906	50	26	26	9682	9708	1.0	0.0026782035434693035
20260706	0.5	20raw+stat	0.15	vmean_only	9906	50	26	26	9682	9708	1.0	0.0026782035434693035
20260706	0.5	20raw+stat	0.2	vmean_only	9906	50	26	26	9682	9708	1.0	0.0026782035434693035
20260706	0.5	20raw+stat	0.3	vmean_only	9906	50	26	26	9682	9708	1.0	0.0026782035434693035
20260706	0.5	20raw+stat	0.4	vmean_only	9906	50	26	26	9682	9708	1.0	0.0026782035434693035
20260706	0.5	20raw+stat	0.5	vmean_only	9906	50	26	10	4619	4629	0.38461538461538464	0.002160293799956794
20260706	0.5	20raw+stat	0.6	vmean_only	9906	50	26	0	0	0	0.0	0.0
20260706	0.5	20raw+stat	0.7	vmean_only	9906	50	26	0	0	0	0.0	0.0
20260706	0.5	20raw+stat	0.8	vmean_only	9906	50	26	0	0	0	0.0	0.0
20260706	0.5	20raw+stat	0.9	vmean_only	9906	50	26	0	0	0	0.0	0.0
20260706	0.1	24full	0.05	joint_vstat	9866	10	9	9	9660	9669	1.0	0.000930809804529941
20260706	0.1	24full	0.1	joint_vstat	9866	10	9	9	9660	9669	1.0	0.000930809804529941
20260706	0.1	24full	0.15	joint_vstat	9866	10	9	9	9660	9669	1.0	0.000930809804529941
20260706	0.1	24full	0.2	joint_vstat	9866	10	9	9	9660	9669	1.0	0.000930809804529941
20260706	0.1	24full	0.3	joint_vstat	9866	10	9	9	9660	9669	1.0	0.000930809804529941
20260706	0.1	24full	0.4	joint_vstat	9866	10	9	9	9651	9660	1.0	0.0009316770186335404
20260706	0.1	24full	0.5	joint_vstat	9866	10	9	6	4920	4926	0.6666666666666666	0.001218026796589525
20260706	0.1	24full	0.6	joint_vstat	9866	10	9	0	2	2	0.0	0.0
20260706	0.1	24full	0.7	joint_vstat	9866	10	9	0	0	0	0.0	0.0
20260706	0.1	24full	0.8	joint_vstat	9866	10	9	0	0	0	0.0	0.0
20260706	0.1	24full	0.9	joint_vstat	9866	10	9	0	0	0	0.0	0.0
20260706	0.1	24full	0.05	vmean_only	9866	10	9	9	9660	9669	1.0	0.000930809804529941
20260706	0.1	24full	0.1	vmean_only	9866	10	9	9	9660	9669	1.0	0.000930809804529941
20260706	0.1	24full	0.15	vmean_only	9866	10	9	9	9660	9669	1.0	0.000930809804529941
20260706	0.1	24full	0.2	vmean_only	9866	10	9	9	9660	9669	1.0	0.000930809804529941
20260706	0.1	24full	0.3	vmean_only	9866	10	9	9	9660	9669	1.0	0.000930809804529941
20260706	0.1	24full	0.4	vmean_only	9866	10	9	9	9660	9669	1.0	0.000930809804529941
20260706	0.1	24full	0.5	vmean_only	9866	10	9	6	4610	4616	0.6666666666666666	0.0012998266897746968
20260706	0.1	24full	0.6	vmean_only	9866	10	9	0	0	0	0.0	0.0
20260706	0.1	24full	0.7	vmean_only	9866	10	9	0	0	0	0.0	0.0
20260706	0.1	24full	0.8	vmean_only	9866	10	9	0	0	0	0.0	0.0
20260706	0.1	24full	0.9	vmean_only	9866	10	9	0	0	0	0.0	0.0
20260706	0.1	20raw	0.05	joint_vstat	9866	10	7	7	9662	9669	1.0	0.0007239631813010653
20260706	0.1	20raw	0.1	joint_vstat	9866	10	7	7	9662	9669	1.0	0.0007239631813010653
20260706	0.1	20raw	0.15	joint_vstat	9866	10	7	7	9662	9669	1.0	0.0007239631813010653
20260706	0.1	20raw	0.2	joint_vstat	9866	10	7	7	9662	9669	1.0	0.0007239631813010653
20260706	0.1	20raw	0.3	joint_vstat	9866	10	7	7	9662	9669	1.0	0.0007239631813010653
20260706	0.1	20raw	0.4	joint_vstat	9866	10	7	7	9653	9660	1.0	0.0007246376811594203
20260706	0.1	20raw	0.5	joint_vstat	9866	10	7	5	4924	4929	0.7142857142857143	0.0010144045445323595
20260706	0.1	20raw	0.6	joint_vstat	9866	10	7	0	2	2	0.0	0.0
20260706	0.1	20raw	0.7	joint_vstat	9866	10	7	0	0	0	0.0	0.0
20260706	0.1	20raw	0.8	joint_vstat	9866	10	7	0	0	0	0.0	0.0
20260706	0.1	20raw	0.9	joint_vstat	9866	10	7	0	0	0	0.0	0.0
20260706	0.1	20raw	0.05	vmean_only	9866	10	7	7	9662	9669	1.0	0.0007239631813010653
20260706	0.1	20raw	0.1	vmean_only	9866	10	7	7	9662	9669	1.0	0.0007239631813010653
20260706	0.1	20raw	0.15	vmean_only	9866	10	7	7	9662	9669	1.0	0.0007239631813010653
20260706	0.1	20raw	0.2	vmean_only	9866	10	7	7	9662	9669	1.0	0.0007239631813010653
20260706	0.1	20raw	0.3	vmean_only	9866	10	7	7	9662	9669	1.0	0.0007239631813010653
20260706	0.1	20raw	0.4	vmean_only	9866	10	7	7	9662	9669	1.0	0.0007239631813010653
20260706	0.1	20raw	0.5	vmean_only	9866	10	7	6	4614	4620	0.8571428571428571	0.0012987012987012987
20260706	0.1	20raw	0.6	vmean_only	9866	10	7	0	0	0	0.0	0.0
20260706	0.1	20raw	0.7	vmean_only	9866	10	7	0	0	0	0.0	0.0
20260706	0.1	20raw	0.8	vmean_only	9866	10	7	0	0	0	0.0	0.0
20260706	0.1	20raw	0.9	vmean_only	9866	10	7	0	0	0	0.0	0.0
20260706	0.1	20raw+minmax	0.05	joint_vstat	9866	10	8	8	9661	9669	1.0	0.0008273864929155032
20260706	0.1	20raw+minmax	0.1	joint_vstat	9866	10	8	8	9661	9669	1.0	0.0008273864929155032
20260706	0.1	20raw+minmax	0.15	joint_vstat	9866	10	8	8	9661	9669	1.0	0.0008273864929155032
20260706	0.1	20raw+minmax	0.2	joint_vstat	9866	10	8	8	9661	9669	1.0	0.0008273864929155032
20260706	0.1	20raw+minmax	0.3	joint_vstat	9866	10	8	8	9661	9669	1.0	0.0008273864929155032
20260706	0.1	20raw+minmax	0.4	joint_vstat	9866	10	8	8	9652	9660	1.0	0.0008281573498964803
20260706	0.1	20raw+minmax	0.5	joint_vstat	9866	10	8	5	4931	4936	0.625	0.001012965964343598
20260706	0.1	20raw+minmax	0.6	joint_vstat	9866	10	8	0	2	2	0.0	0.0
20260706	0.1	20raw+minmax	0.7	joint_vstat	9866	10	8	0	0	0	0.0	0.0
20260706	0.1	20raw+minmax	0.8	joint_vstat	9866	10	8	0	0	0	0.0	0.0
20260706	0.1	20raw+minmax	0.9	joint_vstat	9866	10	8	0	0	0	0.0	0.0
20260706	0.1	20raw+minmax	0.05	vmean_only	9866	10	8	8	9661	9669	1.0	0.0008273864929155032
20260706	0.1	20raw+minmax	0.1	vmean_only	9866	10	8	8	9661	9669	1.0	0.0008273864929155032
20260706	0.1	20raw+minmax	0.15	vmean_only	9866	10	8	8	9661	9669	1.0	0.0008273864929155032
20260706	0.1	20raw+minmax	0.2	vmean_only	9866	10	8	8	9661	9669	1.0	0.0008273864929155032
20260706	0.1	20raw+minmax	0.3	vmean_only	9866	10	8	8	9661	9669	1.0	0.0008273864929155032
20260706	0.1	20raw+minmax	0.4	vmean_only	9866	10	8	8	9661	9669	1.0	0.0008273864929155032
20260706	0.1	20raw+minmax	0.5	vmean_only	9866	10	8	6	4627	4633	0.75	0.0012950571983595942
20260706	0.1	20raw+minmax	0.6	vmean_only	9866	10	8	0	0	0	0.0	0.0
20260706	0.1	20raw+minmax	0.7	vmean_only	9866	10	8	0	0	0	0.0	0.0
20260706	0.1	20raw+minmax	0.8	vmean_only	9866	10	8	0	0	0	0.0	0.0
20260706	0.1	20raw+minmax	0.9	vmean_only	9866	10	8	0	0	0	0.0	0.0
20260706	0.1	20raw+stat	0.05	joint_vstat	9866	10	8	8	9661	9669	1.0	0.0008273864929155032
20260706	0.1	20raw+stat	0.1	joint_vstat	9866	10	8	8	9661	9669	1.0	0.0008273864929155032
20260706	0.1	20raw+stat	0.15	joint_vstat	9866	10	8	8	9661	9669	1.0	0.0008273864929155032
20260706	0.1	20raw+stat	0.2	joint_vstat	9866	10	8	8	9661	9669	1.0	0.0008273864929155032
20260706	0.1	20raw+stat	0.3	joint_vstat	9866	10	8	8	9661	9669	1.0	0.0008273864929155032
20260706	0.1	20raw+stat	0.4	joint_vstat	9866	10	8	8	9652	9660	1.0	0.0008281573498964803
20260706	0.1	20raw+stat	0.5	joint_vstat	9866	10	8	5	4908	4913	0.625	0.0010177081213108082
20260706	0.1	20raw+stat	0.6	joint_vstat	9866	10	8	0	2	2	0.0	0.0
20260706	0.1	20raw+stat	0.7	joint_vstat	9866	10	8	0	0	0	0.0	0.0
20260706	0.1	20raw+stat	0.8	joint_vstat	9866	10	8	0	0	0	0.0	0.0
20260706	0.1	20raw+stat	0.9	joint_vstat	9866	10	8	0	0	0	0.0	0.0
20260706	0.1	20raw+stat	0.05	vmean_only	9866	10	8	8	9661	9669	1.0	0.0008273864929155032
20260706	0.1	20raw+stat	0.1	vmean_only	9866	10	8	8	9661	9669	1.0	0.0008273864929155032
20260706	0.1	20raw+stat	0.15	vmean_only	9866	10	8	8	9661	9669	1.0	0.0008273864929155032
20260706	0.1	20raw+stat	0.2	vmean_only	9866	10	8	8	9661	9669	1.0	0.0008273864929155032
20260706	0.1	20raw+stat	0.3	vmean_only	9866	10	8	8	9661	9669	1.0	0.0008273864929155032
20260706	0.1	20raw+stat	0.4	vmean_only	9866	10	8	8	9661	9669	1.0	0.0008273864929155032
20260706	0.1	20raw+stat	0.5	vmean_only	9866	10	8	6	4608	4614	0.75	0.0013003901170351106
20260706	0.1	20raw+stat	0.6	vmean_only	9866	10	8	0	0	0	0.0	0.0
20260706	0.1	20raw+stat	0.7	vmean_only	9866	10	8	0	0	0	0.0	0.0
20260706	0.1	20raw+stat	0.8	vmean_only	9866	10	8	0	0	0	0.0	0.0
20260706	0.1	20raw+stat	0.9	vmean_only	9866	10	8	0	0	0	0.0	0.0
20260706	0.05	24full	0.05	joint_vstat	9861	5	1	1	9663	9664	1.0	0.00010347682119205298
20260706	0.05	24full	0.1	joint_vstat	9861	5	1	1	9663	9664	1.0	0.00010347682119205298
20260706	0.05	24full	0.15	joint_vstat	9861	5	1	1	9663	9664	1.0	0.00010347682119205298
20260706	0.05	24full	0.2	joint_vstat	9861	5	1	1	9663	9664	1.0	0.00010347682119205298
20260706	0.05	24full	0.3	joint_vstat	9861	5	1	1	9663	9664	1.0	0.00010347682119205298
20260706	0.05	24full	0.4	joint_vstat	9861	5	1	1	9654	9655	1.0	0.00010357327809425168
20260706	0.05	24full	0.5	joint_vstat	9861	5	1	0	4921	4921	0.0	0.0
20260706	0.05	24full	0.6	joint_vstat	9861	5	1	0	2	2	0.0	0.0
20260706	0.05	24full	0.7	joint_vstat	9861	5	1	0	0	0	0.0	0.0
20260706	0.05	24full	0.8	joint_vstat	9861	5	1	0	0	0	0.0	0.0
20260706	0.05	24full	0.9	joint_vstat	9861	5	1	0	0	0	0.0	0.0
20260706	0.05	24full	0.05	vmean_only	9861	5	1	1	9663	9664	1.0	0.00010347682119205298
20260706	0.05	24full	0.1	vmean_only	9861	5	1	1	9663	9664	1.0	0.00010347682119205298
20260706	0.05	24full	0.15	vmean_only	9861	5	1	1	9663	9664	1.0	0.00010347682119205298
20260706	0.05	24full	0.2	vmean_only	9861	5	1	1	9663	9664	1.0	0.00010347682119205298
20260706	0.05	24full	0.3	vmean_only	9861	5	1	1	9663	9664	1.0	0.00010347682119205298
20260706	0.05	24full	0.4	vmean_only	9861	5	1	1	9663	9664	1.0	0.00010347682119205298
20260706	0.05	24full	0.5	vmean_only	9861	5	1	0	4611	4611	0.0	0.0
20260706	0.05	24full	0.6	vmean_only	9861	5	1	0	0	0	0.0	0.0
20260706	0.05	24full	0.7	vmean_only	9861	5	1	0	0	0	0.0	0.0
20260706	0.05	24full	0.8	vmean_only	9861	5	1	0	0	0	0.0	0.0
20260706	0.05	24full	0.9	vmean_only	9861	5	1	0	0	0	0.0	0.0
20260706	0.05	20raw	0.05	joint_vstat	9861	5	1	1	9663	9664	1.0	0.00010347682119205298
20260706	0.05	20raw	0.1	joint_vstat	9861	5	1	1	9663	9664	1.0	0.00010347682119205298
20260706	0.05	20raw	0.15	joint_vstat	9861	5	1	1	9663	9664	1.0	0.00010347682119205298
20260706	0.05	20raw	0.2	joint_vstat	9861	5	1	1	9663	9664	1.0	0.00010347682119205298
20260706	0.05	20raw	0.3	joint_vstat	9861	5	1	1	9663	9664	1.0	0.00010347682119205298
20260706	0.05	20raw	0.4	joint_vstat	9861	5	1	1	9654	9655	1.0	0.00010357327809425168
20260706	0.05	20raw	0.5	joint_vstat	9861	5	1	0	4924	4924	0.0	0.0
20260706	0.05	20raw	0.6	joint_vstat	9861	5	1	0	2	2	0.0	0.0
20260706	0.05	20raw	0.7	joint_vstat	9861	5	1	0	0	0	0.0	0.0
20260706	0.05	20raw	0.8	joint_vstat	9861	5	1	0	0	0	0.0	0.0
20260706	0.05	20raw	0.9	joint_vstat	9861	5	1	0	0	0	0.0	0.0
20260706	0.05	20raw	0.05	vmean_only	9861	5	1	1	9663	9664	1.0	0.00010347682119205298
20260706	0.05	20raw	0.1	vmean_only	9861	5	1	1	9663	9664	1.0	0.00010347682119205298
20260706	0.05	20raw	0.15	vmean_only	9861	5	1	1	9663	9664	1.0	0.00010347682119205298
20260706	0.05	20raw	0.2	vmean_only	9861	5	1	1	9663	9664	1.0	0.00010347682119205298
20260706	0.05	20raw	0.3	vmean_only	9861	5	1	1	9663	9664	1.0	0.00010347682119205298
20260706	0.05	20raw	0.4	vmean_only	9861	5	1	1	9663	9664	1.0	0.00010347682119205298
20260706	0.05	20raw	0.5	vmean_only	9861	5	1	0	4614	4614	0.0	0.0
20260706	0.05	20raw	0.6	vmean_only	9861	5	1	0	0	0	0.0	0.0
20260706	0.05	20raw	0.7	vmean_only	9861	5	1	0	0	0	0.0	0.0
20260706	0.05	20raw	0.8	vmean_only	9861	5	1	0	0	0	0.0	0.0
20260706	0.05	20raw	0.9	vmean_only	9861	5	1	0	0	0	0.0	0.0
20260706	0.05	20raw+minmax	0.05	joint_vstat	9861	5	1	1	9663	9664	1.0	0.00010347682119205298
20260706	0.05	20raw+minmax	0.1	joint_vstat	9861	5	1	1	9663	9664	1.0	0.00010347682119205298
20260706	0.05	20raw+minmax	0.15	joint_vstat	9861	5	1	1	9663	9664	1.0	0.00010347682119205298
20260706	0.05	20raw+minmax	0.2	joint_vstat	9861	5	1	1	9663	9664	1.0	0.00010347682119205298
20260706	0.05	20raw+minmax	0.3	joint_vstat	9861	5	1	1	9663	9664	1.0	0.00010347682119205298
20260706	0.05	20raw+minmax	0.4	joint_vstat	9861	5	1	1	9654	9655	1.0	0.00010357327809425168
20260706	0.05	20raw+minmax	0.5	joint_vstat	9861	5	1	0	4932	4932	0.0	0.0
20260706	0.05	20raw+minmax	0.6	joint_vstat	9861	5	1	0	2	2	0.0	0.0
20260706	0.05	20raw+minmax	0.7	joint_vstat	9861	5	1	0	0	0	0.0	0.0
20260706	0.05	20raw+minmax	0.8	joint_vstat	9861	5	1	0	0	0	0.0	0.0
20260706	0.05	20raw+minmax	0.9	joint_vstat	9861	5	1	0	0	0	0.0	0.0
20260706	0.05	20raw+minmax	0.05	vmean_only	9861	5	1	1	9663	9664	1.0	0.00010347682119205298
20260706	0.05	20raw+minmax	0.1	vmean_only	9861	5	1	1	9663	9664	1.0	0.00010347682119205298
20260706	0.05	20raw+minmax	0.15	vmean_only	9861	5	1	1	9663	9664	1.0	0.00010347682119205298
20260706	0.05	20raw+minmax	0.2	vmean_only	9861	5	1	1	9663	9664	1.0	0.00010347682119205298
20260706	0.05	20raw+minmax	0.3	vmean_only	9861	5	1	1	9663	9664	1.0	0.00010347682119205298
20260706	0.05	20raw+minmax	0.4	vmean_only	9861	5	1	1	9663	9664	1.0	0.00010347682119205298
20260706	0.05	20raw+minmax	0.5	vmean_only	9861	5	1	0	4628	4628	0.0	0.0
20260706	0.05	20raw+minmax	0.6	vmean_only	9861	5	1	0	0	0	0.0	0.0
20260706	0.05	20raw+minmax	0.7	vmean_only	9861	5	1	0	0	0	0.0	0.0
20260706	0.05	20raw+minmax	0.8	vmean_only	9861	5	1	0	0	0	0.0	0.0
20260706	0.05	20raw+minmax	0.9	vmean_only	9861	5	1	0	0	0	0.0	0.0
20260706	0.05	20raw+stat	0.05	joint_vstat	9861	5	2	2	9662	9664	1.0	0.00020695364238410596
20260706	0.05	20raw+stat	0.1	joint_vstat	9861	5	2	2	9662	9664	1.0	0.00020695364238410596
20260706	0.05	20raw+stat	0.15	joint_vstat	9861	5	2	2	9662	9664	1.0	0.00020695364238410596
20260706	0.05	20raw+stat	0.2	joint_vstat	9861	5	2	2	9662	9664	1.0	0.00020695364238410596
20260706	0.05	20raw+stat	0.3	joint_vstat	9861	5	2	2	9662	9664	1.0	0.00020695364238410596
20260706	0.05	20raw+stat	0.4	joint_vstat	9861	5	2	2	9653	9655	1.0	0.00020714655618850336
20260706	0.05	20raw+stat	0.5	joint_vstat	9861	5	2	1	4909	4910	0.5	0.00020366598778004074
20260706	0.05	20raw+stat	0.6	joint_vstat	9861	5	2	0	2	2	0.0	0.0
20260706	0.05	20raw+stat	0.7	joint_vstat	9861	5	2	0	0	0	0.0	0.0
20260706	0.05	20raw+stat	0.8	joint_vstat	9861	5	2	0	0	0	0.0	0.0
20260706	0.05	20raw+stat	0.9	joint_vstat	9861	5	2	0	0	0	0.0	0.0
20260706	0.05	20raw+stat	0.05	vmean_only	9861	5	2	2	9662	9664	1.0	0.00020695364238410596
20260706	0.05	20raw+stat	0.1	vmean_only	9861	5	2	2	9662	9664	1.0	0.00020695364238410596
20260706	0.05	20raw+stat	0.15	vmean_only	9861	5	2	2	9662	9664	1.0	0.00020695364238410596
20260706	0.05	20raw+stat	0.2	vmean_only	9861	5	2	2	9662	9664	1.0	0.00020695364238410596
20260706	0.05	20raw+stat	0.3	vmean_only	9861	5	2	2	9662	9664	1.0	0.00020695364238410596
20260706	0.05	20raw+stat	0.4	vmean_only	9861	5	2	2	9662	9664	1.0	0.00020695364238410596
20260706	0.05	20raw+stat	0.5	vmean_only	9861	5	2	1	4608	4609	0.5	0.00021696680407897592
20260706	0.05	20raw+stat	0.6	vmean_only	9861	5	2	0	0	0	0.0	0.0
20260706	0.05	20raw+stat	0.7	vmean_only	9861	5	2	0	0	0	0.0	0.0
20260706	0.05	20raw+stat	0.8	vmean_only	9861	5	2	0	0	0	0.0	0.0
20260706	0.05	20raw+stat	0.9	vmean_only	9861	5	2	0	0	0	0.0	0.0
20260708	1.44	24full	0.05	joint_vstat	10000	144	95	95	9705	9800	1.0	0.009693877551020408
20260708	1.44	24full	0.1	joint_vstat	10000	144	95	95	9705	9800	1.0	0.009693877551020408
20260708	1.44	24full	0.15	joint_vstat	10000	144	95	95	9705	9800	1.0	0.009693877551020408
20260708	1.44	24full	0.2	joint_vstat	10000	144	95	95	9705	9800	1.0	0.009693877551020408
20260708	1.44	24full	0.3	joint_vstat	10000	144	95	95	9705	9800	1.0	0.009693877551020408
20260708	1.44	24full	0.4	joint_vstat	10000	144	95	95	9696	9791	1.0	0.009702788274946379
20260708	1.44	24full	0.5	joint_vstat	10000	144	95	59	4948	5007	0.6210526315789474	0.011783503095666068
20260708	1.44	24full	0.6	joint_vstat	10000	144	95	0	2	2	0.0	0.0
20260708	1.44	24full	0.7	joint_vstat	10000	144	95	0	0	0	0.0	0.0
20260708	1.44	24full	0.8	joint_vstat	10000	144	95	0	0	0	0.0	0.0
20260708	1.44	24full	0.9	joint_vstat	10000	144	95	0	0	0	0.0	0.0
20260708	1.44	24full	0.05	vmean_only	10000	144	95	95	9705	9800	1.0	0.009693877551020408
20260708	1.44	24full	0.1	vmean_only	10000	144	95	95	9705	9800	1.0	0.009693877551020408
20260708	1.44	24full	0.15	vmean_only	10000	144	95	95	9705	9800	1.0	0.009693877551020408
20260708	1.44	24full	0.2	vmean_only	10000	144	95	95	9705	9800	1.0	0.009693877551020408
20260708	1.44	24full	0.3	vmean_only	10000	144	95	95	9705	9800	1.0	0.009693877551020408
20260708	1.44	24full	0.4	vmean_only	10000	144	95	95	9705	9800	1.0	0.009693877551020408
20260708	1.44	24full	0.5	vmean_only	10000	144	95	52	4637	4689	0.5473684210526316	0.01108978460226061
20260708	1.44	24full	0.6	vmean_only	10000	144	95	0	0	0	0.0	0.0
20260708	1.44	24full	0.7	vmean_only	10000	144	95	0	0	0	0.0	0.0
20260708	1.44	24full	0.8	vmean_only	10000	144	95	0	0	0	0.0	0.0
20260708	1.44	24full	0.9	vmean_only	10000	144	95	0	0	0	0.0	0.0
20260708	1.44	20raw	0.05	joint_vstat	10000	144	97	97	9703	9800	1.0	0.00989795918367347
20260708	1.44	20raw	0.1	joint_vstat	10000	144	97	97	9703	9800	1.0	0.00989795918367347
20260708	1.44	20raw	0.15	joint_vstat	10000	144	97	97	9703	9800	1.0	0.00989795918367347
20260708	1.44	20raw	0.2	joint_vstat	10000	144	97	97	9703	9800	1.0	0.00989795918367347
20260708	1.44	20raw	0.3	joint_vstat	10000	144	97	97	9703	9800	1.0	0.00989795918367347
20260708	1.44	20raw	0.4	joint_vstat	10000	144	97	97	9694	9791	1.0	0.009907057501787355
20260708	1.44	20raw	0.5	joint_vstat	10000	144	97	61	4946	5007	0.6288659793814433	0.012182943878570001
20260708	1.44	20raw	0.6	joint_vstat	10000	144	97	0	2	2	0.0	0.0
20260708	1.44	20raw	0.7	joint_vstat	10000	144	97	0	0	0	0.0	0.0
20260708	1.44	20raw	0.8	joint_vstat	10000	144	97	0	0	0	0.0	0.0
20260708	1.44	20raw	0.9	joint_vstat	10000	144	97	0	0	0	0.0	0.0
20260708	1.44	20raw	0.05	vmean_only	10000	144	97	97	9703	9800	1.0	0.00989795918367347
20260708	1.44	20raw	0.1	vmean_only	10000	144	97	97	9703	9800	1.0	0.00989795918367347
20260708	1.44	20raw	0.15	vmean_only	10000	144	97	97	9703	9800	1.0	0.00989795918367347
20260708	1.44	20raw	0.2	vmean_only	10000	144	97	97	9703	9800	1.0	0.00989795918367347
20260708	1.44	20raw	0.3	vmean_only	10000	144	97	97	9703	9800	1.0	0.00989795918367347
20260708	1.44	20raw	0.4	vmean_only	10000	144	97	97	9703	9800	1.0	0.00989795918367347
20260708	1.44	20raw	0.5	vmean_only	10000	144	97	51	4642	4693	0.5257731958762887	0.010867249094395908
20260708	1.44	20raw	0.6	vmean_only	10000	144	97	0	0	0	0.0	0.0
20260708	1.44	20raw	0.7	vmean_only	10000	144	97	0	0	0	0.0	0.0
20260708	1.44	20raw	0.8	vmean_only	10000	144	97	0	0	0	0.0	0.0
20260708	1.44	20raw	0.9	vmean_only	10000	144	97	0	0	0	0.0	0.0
20260708	1.44	20raw+minmax	0.05	joint_vstat	10000	144	89	89	9711	9800	1.0	0.009081632653061224
20260708	1.44	20raw+minmax	0.1	joint_vstat	10000	144	89	89	9711	9800	1.0	0.009081632653061224
20260708	1.44	20raw+minmax	0.15	joint_vstat	10000	144	89	89	9711	9800	1.0	0.009081632653061224
20260708	1.44	20raw+minmax	0.2	joint_vstat	10000	144	89	89	9711	9800	1.0	0.009081632653061224
20260708	1.44	20raw+minmax	0.3	joint_vstat	10000	144	89	89	9711	9800	1.0	0.009081632653061224
20260708	1.44	20raw+minmax	0.4	joint_vstat	10000	144	89	89	9702	9791	1.0	0.00908998059442345
20260708	1.44	20raw+minmax	0.5	joint_vstat	10000	144	89	55	4949	5004	0.6179775280898876	0.010991207034372502
20260708	1.44	20raw+minmax	0.6	joint_vstat	10000	144	89	0	2	2	0.0	0.0
20260708	1.44	20raw+minmax	0.7	joint_vstat	10000	144	89	0	0	0	0.0	0.0
20260708	1.44	20raw+minmax	0.8	joint_vstat	10000	144	89	0	0	0	0.0	0.0
20260708	1.44	20raw+minmax	0.9	joint_vstat	10000	144	89	0	0	0	0.0	0.0
20260708	1.44	20raw+minmax	0.05	vmean_only	10000	144	89	89	9711	9800	1.0	0.009081632653061224
20260708	1.44	20raw+minmax	0.1	vmean_only	10000	144	89	89	9711	9800	1.0	0.009081632653061224
20260708	1.44	20raw+minmax	0.15	vmean_only	10000	144	89	89	9711	9800	1.0	0.009081632653061224
20260708	1.44	20raw+minmax	0.2	vmean_only	10000	144	89	89	9711	9800	1.0	0.009081632653061224
20260708	1.44	20raw+minmax	0.3	vmean_only	10000	144	89	89	9711	9800	1.0	0.009081632653061224
20260708	1.44	20raw+minmax	0.4	vmean_only	10000	144	89	89	9711	9800	1.0	0.009081632653061224
20260708	1.44	20raw+minmax	0.5	vmean_only	10000	144	89	47	4644	4691	0.5280898876404494	0.010019185674696228
20260708	1.44	20raw+minmax	0.6	vmean_only	10000	144	89	0	0	0	0.0	0.0
20260708	1.44	20raw+minmax	0.7	vmean_only	10000	144	89	0	0	0	0.0	0.0
20260708	1.44	20raw+minmax	0.8	vmean_only	10000	144	89	0	0	0	0.0	0.0
20260708	1.44	20raw+minmax	0.9	vmean_only	10000	144	89	0	0	0	0.0	0.0
20260708	1.44	20raw+stat	0.05	joint_vstat	10000	144	91	91	9709	9800	1.0	0.009285714285714286
20260708	1.44	20raw+stat	0.1	joint_vstat	10000	144	91	91	9709	9800	1.0	0.009285714285714286
20260708	1.44	20raw+stat	0.15	joint_vstat	10000	144	91	91	9709	9800	1.0	0.009285714285714286
20260708	1.44	20raw+stat	0.2	joint_vstat	10000	144	91	91	9709	9800	1.0	0.009285714285714286
20260708	1.44	20raw+stat	0.3	joint_vstat	10000	144	91	91	9709	9800	1.0	0.009285714285714286
20260708	1.44	20raw+stat	0.4	joint_vstat	10000	144	91	91	9700	9791	1.0	0.009294249821264427
20260708	1.44	20raw+stat	0.5	joint_vstat	10000	144	91	55	4944	4999	0.6043956043956044	0.011002200440088018
20260708	1.44	20raw+stat	0.6	joint_vstat	10000	144	91	0	2	2	0.0	0.0
20260708	1.44	20raw+stat	0.7	joint_vstat	10000	144	91	0	0	0	0.0	0.0
20260708	1.44	20raw+stat	0.8	joint_vstat	10000	144	91	0	0	0	0.0	0.0
20260708	1.44	20raw+stat	0.9	joint_vstat	10000	144	91	0	0	0	0.0	0.0
20260708	1.44	20raw+stat	0.05	vmean_only	10000	144	91	91	9709	9800	1.0	0.009285714285714286
20260708	1.44	20raw+stat	0.1	vmean_only	10000	144	91	91	9709	9800	1.0	0.009285714285714286
20260708	1.44	20raw+stat	0.15	vmean_only	10000	144	91	91	9709	9800	1.0	0.009285714285714286
20260708	1.44	20raw+stat	0.2	vmean_only	10000	144	91	91	9709	9800	1.0	0.009285714285714286
20260708	1.44	20raw+stat	0.3	vmean_only	10000	144	91	91	9709	9800	1.0	0.009285714285714286
20260708	1.44	20raw+stat	0.4	vmean_only	10000	144	91	91	9709	9800	1.0	0.009285714285714286
20260708	1.44	20raw+stat	0.5	vmean_only	10000	144	91	49	4639	4688	0.5384615384615384	0.010452218430034129
20260708	1.44	20raw+stat	0.6	vmean_only	10000	144	91	0	0	0	0.0	0.0
20260708	1.44	20raw+stat	0.7	vmean_only	10000	144	91	0	0	0	0.0	0.0
20260708	1.44	20raw+stat	0.8	vmean_only	10000	144	91	0	0	0	0.0	0.0
20260708	1.44	20raw+stat	0.9	vmean_only	10000	144	91	0	0	0	0.0	0.0
20260708	1.0	24full	0.05	joint_vstat	9956	100	67	67	9690	9757	1.0	0.006866864815004612
20260708	1.0	24full	0.1	joint_vstat	9956	100	67	67	9690	9757	1.0	0.006866864815004612
20260708	1.0	24full	0.15	joint_vstat	9956	100	67	67	9690	9757	1.0	0.006866864815004612
20260708	1.0	24full	0.2	joint_vstat	9956	100	67	67	9690	9757	1.0	0.006866864815004612
20260708	1.0	24full	0.3	joint_vstat	9956	100	67	67	9690	9757	1.0	0.006866864815004612
20260708	1.0	24full	0.4	joint_vstat	9956	100	67	67	9681	9748	1.0	0.006873204759950759
20260708	1.0	24full	0.5	joint_vstat	9956	100	67	40	4938	4978	0.5970149253731343	0.008035355564483728
20260708	1.0	24full	0.6	joint_vstat	9956	100	67	0	2	2	0.0	0.0
20260708	1.0	24full	0.7	joint_vstat	9956	100	67	0	0	0	0.0	0.0
20260708	1.0	24full	0.8	joint_vstat	9956	100	67	0	0	0	0.0	0.0
20260708	1.0	24full	0.9	joint_vstat	9956	100	67	0	0	0	0.0	0.0
20260708	1.0	24full	0.05	vmean_only	9956	100	67	67	9690	9757	1.0	0.006866864815004612
20260708	1.0	24full	0.1	vmean_only	9956	100	67	67	9690	9757	1.0	0.006866864815004612
20260708	1.0	24full	0.15	vmean_only	9956	100	67	67	9690	9757	1.0	0.006866864815004612
20260708	1.0	24full	0.2	vmean_only	9956	100	67	67	9690	9757	1.0	0.006866864815004612
20260708	1.0	24full	0.3	vmean_only	9956	100	67	67	9690	9757	1.0	0.006866864815004612
20260708	1.0	24full	0.4	vmean_only	9956	100	67	67	9690	9757	1.0	0.006866864815004612
20260708	1.0	24full	0.5	vmean_only	9956	100	67	32	4632	4664	0.47761194029850745	0.00686106346483705
20260708	1.0	24full	0.6	vmean_only	9956	100	67	0	0	0	0.0	0.0
20260708	1.0	24full	0.7	vmean_only	9956	100	67	0	0	0	0.0	0.0
20260708	1.0	24full	0.8	vmean_only	9956	100	67	0	0	0	0.0	0.0
20260708	1.0	24full	0.9	vmean_only	9956	100	67	0	0	0	0.0	0.0
20260708	1.0	20raw	0.05	joint_vstat	9956	100	69	69	9688	9757	1.0	0.007071845854258481
20260708	1.0	20raw	0.1	joint_vstat	9956	100	69	69	9688	9757	1.0	0.007071845854258481
20260708	1.0	20raw	0.15	joint_vstat	9956	100	69	69	9688	9757	1.0	0.007071845854258481
20260708	1.0	20raw	0.2	joint_vstat	9956	100	69	69	9688	9757	1.0	0.007071845854258481
20260708	1.0	20raw	0.3	joint_vstat	9956	100	69	69	9688	9757	1.0	0.007071845854258481
20260708	1.0	20raw	0.4	joint_vstat	9956	100	69	69	9679	9748	1.0	0.007078375051292573
20260708	1.0	20raw	0.5	joint_vstat	9956	100	69	43	4938	4981	0.6231884057971014	0.008632804657699257
20260708	1.0	20raw	0.6	joint_vstat	9956	100	69	0	2	2	0.0	0.0
20260708	1.0	20raw	0.7	joint_vstat	9956	100	69	0	0	0	0.0	0.0
20260708	1.0	20raw	0.8	joint_vstat	9956	100	69	0	0	0	0.0	0.0
20260708	1.0	20raw	0.9	joint_vstat	9956	100	69	0	0	0	0.0	0.0
20260708	1.0	20raw	0.05	vmean_only	9956	100	69	69	9688	9757	1.0	0.007071845854258481
20260708	1.0	20raw	0.1	vmean_only	9956	100	69	69	9688	9757	1.0	0.007071845854258481
20260708	1.0	20raw	0.15	vmean_only	9956	100	69	69	9688	9757	1.0	0.007071845854258481
20260708	1.0	20raw	0.2	vmean_only	9956	100	69	69	9688	9757	1.0	0.007071845854258481
20260708	1.0	20raw	0.3	vmean_only	9956	100	69	69	9688	9757	1.0	0.007071845854258481
20260708	1.0	20raw	0.4	vmean_only	9956	100	69	69	9688	9757	1.0	0.007071845854258481
20260708	1.0	20raw	0.5	vmean_only	9956	100	69	34	4633	4667	0.4927536231884058	0.007285193914720377
20260708	1.0	20raw	0.6	vmean_only	9956	100	69	0	0	0	0.0	0.0
20260708	1.0	20raw	0.7	vmean_only	9956	100	69	0	0	0	0.0	0.0
20260708	1.0	20raw	0.8	vmean_only	9956	100	69	0	0	0	0.0	0.0
20260708	1.0	20raw	0.9	vmean_only	9956	100	69	0	0	0	0.0	0.0
20260708	1.0	20raw+minmax	0.05	joint_vstat	9956	100	61	61	9696	9757	1.0	0.006251921697243005
20260708	1.0	20raw+minmax	0.1	joint_vstat	9956	100	61	61	9696	9757	1.0	0.006251921697243005
20260708	1.0	20raw+minmax	0.15	joint_vstat	9956	100	61	61	9696	9757	1.0	0.006251921697243005
20260708	1.0	20raw+minmax	0.2	joint_vstat	9956	100	61	61	9696	9757	1.0	0.006251921697243005
20260708	1.0	20raw+minmax	0.3	joint_vstat	9956	100	61	61	9696	9757	1.0	0.006251921697243005
20260708	1.0	20raw+minmax	0.4	joint_vstat	9956	100	61	61	9687	9748	1.0	0.006257693885925318
20260708	1.0	20raw+minmax	0.5	joint_vstat	9956	100	61	36	4944	4980	0.5901639344262295	0.007228915662650603
20260708	1.0	20raw+minmax	0.6	joint_vstat	9956	100	61	0	2	2	0.0	0.0
20260708	1.0	20raw+minmax	0.7	joint_vstat	9956	100	61	0	0	0	0.0	0.0
20260708	1.0	20raw+minmax	0.8	joint_vstat	9956	100	61	0	0	0	0.0	0.0
20260708	1.0	20raw+minmax	0.9	joint_vstat	9956	100	61	0	0	0	0.0	0.0
20260708	1.0	20raw+minmax	0.05	vmean_only	9956	100	61	61	9696	9757	1.0	0.006251921697243005
20260708	1.0	20raw+minmax	0.1	vmean_only	9956	100	61	61	9696	9757	1.0	0.006251921697243005
20260708	1.0	20raw+minmax	0.15	vmean_only	9956	100	61	61	9696	9757	1.0	0.006251921697243005
20260708	1.0	20raw+minmax	0.2	vmean_only	9956	100	61	61	9696	9757	1.0	0.006251921697243005
20260708	1.0	20raw+minmax	0.3	vmean_only	9956	100	61	61	9696	9757	1.0	0.006251921697243005
20260708	1.0	20raw+minmax	0.4	vmean_only	9956	100	61	61	9696	9757	1.0	0.006251921697243005
20260708	1.0	20raw+minmax	0.5	vmean_only	9956	100	61	28	4636	4664	0.45901639344262296	0.006003430531732418
20260708	1.0	20raw+minmax	0.6	vmean_only	9956	100	61	0	0	0	0.0	0.0
20260708	1.0	20raw+minmax	0.7	vmean_only	9956	100	61	0	0	0	0.0	0.0
20260708	1.0	20raw+minmax	0.8	vmean_only	9956	100	61	0	0	0	0.0	0.0
20260708	1.0	20raw+minmax	0.9	vmean_only	9956	100	61	0	0	0	0.0	0.0
20260708	1.0	20raw+stat	0.05	joint_vstat	9956	100	64	64	9693	9757	1.0	0.006559393256123809
20260708	1.0	20raw+stat	0.1	joint_vstat	9956	100	64	64	9693	9757	1.0	0.006559393256123809
20260708	1.0	20raw+stat	0.15	joint_vstat	9956	100	64	64	9693	9757	1.0	0.006559393256123809
20260708	1.0	20raw+stat	0.2	joint_vstat	9956	100	64	64	9693	9757	1.0	0.006559393256123809
20260708	1.0	20raw+stat	0.3	joint_vstat	9956	100	64	64	9693	9757	1.0	0.006559393256123809
20260708	1.0	20raw+stat	0.4	joint_vstat	9956	100	64	64	9684	9748	1.0	0.006565449322938038
20260708	1.0	20raw+stat	0.5	joint_vstat	9956	100	64	38	4935	4973	0.59375	0.007641262819223809
20260708	1.0	20raw+stat	0.6	joint_vstat	9956	100	64	0	2	2	0.0	0.0
20260708	1.0	20raw+stat	0.7	joint_vstat	9956	100	64	0	0	0	0.0	0.0
20260708	1.0	20raw+stat	0.8	joint_vstat	9956	100	64	0	0	0	0.0	0.0
20260708	1.0	20raw+stat	0.9	joint_vstat	9956	100	64	0	0	0	0.0	0.0
20260708	1.0	20raw+stat	0.05	vmean_only	9956	100	64	64	9693	9757	1.0	0.006559393256123809
20260708	1.0	20raw+stat	0.1	vmean_only	9956	100	64	64	9693	9757	1.0	0.006559393256123809
20260708	1.0	20raw+stat	0.15	vmean_only	9956	100	64	64	9693	9757	1.0	0.006559393256123809
20260708	1.0	20raw+stat	0.2	vmean_only	9956	100	64	64	9693	9757	1.0	0.006559393256123809
20260708	1.0	20raw+stat	0.3	vmean_only	9956	100	64	64	9693	9757	1.0	0.006559393256123809
20260708	1.0	20raw+stat	0.4	vmean_only	9956	100	64	64	9693	9757	1.0	0.006559393256123809
20260708	1.0	20raw+stat	0.5	vmean_only	9956	100	64	31	4632	4663	0.484375	0.006648080634784474
20260708	1.0	20raw+stat	0.6	vmean_only	9956	100	64	0	0	0	0.0	0.0
20260708	1.0	20raw+stat	0.7	vmean_only	9956	100	64	0	0	0	0.0	0.0
20260708	1.0	20raw+stat	0.8	vmean_only	9956	100	64	0	0	0	0.0	0.0
20260708	1.0	20raw+stat	0.9	vmean_only	9956	100	64	0	0	0	0.0	0.0
20260708	0.5	24full	0.05	joint_vstat	9906	50	34	34	9674	9708	1.0	0.0035022661722290895
20260708	0.5	24full	0.1	joint_vstat	9906	50	34	34	9674	9708	1.0	0.0035022661722290895
20260708	0.5	24full	0.15	joint_vstat	9906	50	34	34	9674	9708	1.0	0.0035022661722290895
20260708	0.5	24full	0.2	joint_vstat	9906	50	34	34	9674	9708	1.0	0.0035022661722290895
20260708	0.5	24full	0.3	joint_vstat	9906	50	34	34	9674	9708	1.0	0.0035022661722290895
20260708	0.5	24full	0.4	joint_vstat	9906	50	34	34	9665	9699	1.0	0.0035055160325806784
20260708	0.5	24full	0.5	joint_vstat	9906	50	34	20	4930	4950	0.5882352941176471	0.00404040404040404
20260708	0.5	24full	0.6	joint_vstat	9906	50	34	0	2	2	0.0	0.0
20260708	0.5	24full	0.7	joint_vstat	9906	50	34	0	0	0	0.0	0.0
20260708	0.5	24full	0.8	joint_vstat	9906	50	34	0	0	0	0.0	0.0
20260708	0.5	24full	0.9	joint_vstat	9906	50	34	0	0	0	0.0	0.0
20260708	0.5	24full	0.05	vmean_only	9906	50	34	34	9674	9708	1.0	0.0035022661722290895
20260708	0.5	24full	0.1	vmean_only	9906	50	34	34	9674	9708	1.0	0.0035022661722290895
20260708	0.5	24full	0.15	vmean_only	9906	50	34	34	9674	9708	1.0	0.0035022661722290895
20260708	0.5	24full	0.2	vmean_only	9906	50	34	34	9674	9708	1.0	0.0035022661722290895
20260708	0.5	24full	0.3	vmean_only	9906	50	34	34	9674	9708	1.0	0.0035022661722290895
20260708	0.5	24full	0.4	vmean_only	9906	50	34	34	9674	9708	1.0	0.0035022661722290895
20260708	0.5	24full	0.5	vmean_only	9906	50	34	16	4624	4640	0.47058823529411764	0.0034482758620689655
20260708	0.5	24full	0.6	vmean_only	9906	50	34	0	0	0	0.0	0.0
20260708	0.5	24full	0.7	vmean_only	9906	50	34	0	0	0	0.0	0.0
20260708	0.5	24full	0.8	vmean_only	9906	50	34	0	0	0	0.0	0.0
20260708	0.5	24full	0.9	vmean_only	9906	50	34	0	0	0	0.0	0.0
20260708	0.5	20raw	0.05	joint_vstat	9906	50	35	35	9673	9708	1.0	0.0036052740008240625
20260708	0.5	20raw	0.1	joint_vstat	9906	50	35	35	9673	9708	1.0	0.0036052740008240625
20260708	0.5	20raw	0.15	joint_vstat	9906	50	35	35	9673	9708	1.0	0.0036052740008240625
20260708	0.5	20raw	0.2	joint_vstat	9906	50	35	35	9673	9708	1.0	0.0036052740008240625
20260708	0.5	20raw	0.3	joint_vstat	9906	50	35	35	9673	9708	1.0	0.0036052740008240625
20260708	0.5	20raw	0.4	joint_vstat	9906	50	35	35	9664	9699	1.0	0.0036086194453036394
20260708	0.5	20raw	0.5	joint_vstat	9906	50	35	20	4928	4948	0.5714285714285714	0.004042037186742118
20260708	0.5	20raw	0.6	joint_vstat	9906	50	35	0	2	2	0.0	0.0
20260708	0.5	20raw	0.7	joint_vstat	9906	50	35	0	0	0	0.0	0.0
20260708	0.5	20raw	0.8	joint_vstat	9906	50	35	0	0	0	0.0	0.0
20260708	0.5	20raw	0.9	joint_vstat	9906	50	35	0	0	0	0.0	0.0
20260708	0.5	20raw	0.05	vmean_only	9906	50	35	35	9673	9708	1.0	0.0036052740008240625
20260708	0.5	20raw	0.1	vmean_only	9906	50	35	35	9673	9708	1.0	0.0036052740008240625
20260708	0.5	20raw	0.15	vmean_only	9906	50	35	35	9673	9708	1.0	0.0036052740008240625
20260708	0.5	20raw	0.2	vmean_only	9906	50	35	35	9673	9708	1.0	0.0036052740008240625
20260708	0.5	20raw	0.3	vmean_only	9906	50	35	35	9673	9708	1.0	0.0036052740008240625
20260708	0.5	20raw	0.4	vmean_only	9906	50	35	35	9673	9708	1.0	0.0036052740008240625
20260708	0.5	20raw	0.5	vmean_only	9906	50	35	16	4625	4641	0.45714285714285713	0.003447532859297565
20260708	0.5	20raw	0.6	vmean_only	9906	50	35	0	0	0	0.0	0.0
20260708	0.5	20raw	0.7	vmean_only	9906	50	35	0	0	0	0.0	0.0
20260708	0.5	20raw	0.8	vmean_only	9906	50	35	0	0	0	0.0	0.0
20260708	0.5	20raw	0.9	vmean_only	9906	50	35	0	0	0	0.0	0.0
20260708	0.5	20raw+minmax	0.05	joint_vstat	9906	50	33	33	9675	9708	1.0	0.003399258343634116
20260708	0.5	20raw+minmax	0.1	joint_vstat	9906	50	33	33	9675	9708	1.0	0.003399258343634116
20260708	0.5	20raw+minmax	0.15	joint_vstat	9906	50	33	33	9675	9708	1.0	0.003399258343634116
20260708	0.5	20raw+minmax	0.2	joint_vstat	9906	50	33	33	9675	9708	1.0	0.003399258343634116
20260708	0.5	20raw+minmax	0.3	joint_vstat	9906	50	33	33	9675	9708	1.0	0.003399258343634116
20260708	0.5	20raw+minmax	0.4	joint_vstat	9906	50	33	33	9666	9699	1.0	0.0034024126198577173
20260708	0.5	20raw+minmax	0.5	joint_vstat	9906	50	33	18	4934	4952	0.5454545454545454	0.0036348949919224557
20260708	0.5	20raw+minmax	0.6	joint_vstat	9906	50	33	0	2	2	0.0	0.0
20260708	0.5	20raw+minmax	0.7	joint_vstat	9906	50	33	0	0	0	0.0	0.0
20260708	0.5	20raw+minmax	0.8	joint_vstat	9906	50	33	0	0	0	0.0	0.0
20260708	0.5	20raw+minmax	0.9	joint_vstat	9906	50	33	0	0	0	0.0	0.0
20260708	0.5	20raw+minmax	0.05	vmean_only	9906	50	33	33	9675	9708	1.0	0.003399258343634116
20260708	0.5	20raw+minmax	0.1	vmean_only	9906	50	33	33	9675	9708	1.0	0.003399258343634116
20260708	0.5	20raw+minmax	0.15	vmean_only	9906	50	33	33	9675	9708	1.0	0.003399258343634116
20260708	0.5	20raw+minmax	0.2	vmean_only	9906	50	33	33	9675	9708	1.0	0.003399258343634116
20260708	0.5	20raw+minmax	0.3	vmean_only	9906	50	33	33	9675	9708	1.0	0.003399258343634116
20260708	0.5	20raw+minmax	0.4	vmean_only	9906	50	33	33	9675	9708	1.0	0.003399258343634116
20260708	0.5	20raw+minmax	0.5	vmean_only	9906	50	33	15	4621	4636	0.45454545454545453	0.0032355478861087143
20260708	0.5	20raw+minmax	0.6	vmean_only	9906	50	33	0	0	0	0.0	0.0
20260708	0.5	20raw+minmax	0.7	vmean_only	9906	50	33	0	0	0	0.0	0.0
20260708	0.5	20raw+minmax	0.8	vmean_only	9906	50	33	0	0	0	0.0	0.0
20260708	0.5	20raw+minmax	0.9	vmean_only	9906	50	33	0	0	0	0.0	0.0
20260708	0.5	20raw+stat	0.05	joint_vstat	9906	50	33	33	9675	9708	1.0	0.003399258343634116
20260708	0.5	20raw+stat	0.1	joint_vstat	9906	50	33	33	9675	9708	1.0	0.003399258343634116
20260708	0.5	20raw+stat	0.15	joint_vstat	9906	50	33	33	9675	9708	1.0	0.003399258343634116
20260708	0.5	20raw+stat	0.2	joint_vstat	9906	50	33	33	9675	9708	1.0	0.003399258343634116
20260708	0.5	20raw+stat	0.3	joint_vstat	9906	50	33	33	9675	9708	1.0	0.003399258343634116
20260708	0.5	20raw+stat	0.4	joint_vstat	9906	50	33	33	9666	9699	1.0	0.0034024126198577173
20260708	0.5	20raw+stat	0.5	joint_vstat	9906	50	33	19	4925	4944	0.5757575757575758	0.003843042071197411
20260708	0.5	20raw+stat	0.6	joint_vstat	9906	50	33	0	2	2	0.0	0.0
20260708	0.5	20raw+stat	0.7	joint_vstat	9906	50	33	0	0	0	0.0	0.0
20260708	0.5	20raw+stat	0.8	joint_vstat	9906	50	33	0	0	0	0.0	0.0
20260708	0.5	20raw+stat	0.9	joint_vstat	9906	50	33	0	0	0	0.0	0.0
20260708	0.5	20raw+stat	0.05	vmean_only	9906	50	33	33	9675	9708	1.0	0.003399258343634116
20260708	0.5	20raw+stat	0.1	vmean_only	9906	50	33	33	9675	9708	1.0	0.003399258343634116
20260708	0.5	20raw+stat	0.15	vmean_only	9906	50	33	33	9675	9708	1.0	0.003399258343634116
20260708	0.5	20raw+stat	0.2	vmean_only	9906	50	33	33	9675	9708	1.0	0.003399258343634116
20260708	0.5	20raw+stat	0.3	vmean_only	9906	50	33	33	9675	9708	1.0	0.003399258343634116
20260708	0.5	20raw+stat	0.4	vmean_only	9906	50	33	33	9675	9708	1.0	0.003399258343634116
20260708	0.5	20raw+stat	0.5	vmean_only	9906	50	33	16	4622	4638	0.48484848484848486	0.0034497628288055198
20260708	0.5	20raw+stat	0.6	vmean_only	9906	50	33	0	0	0	0.0	0.0
20260708	0.5	20raw+stat	0.7	vmean_only	9906	50	33	0	0	0	0.0	0.0
20260708	0.5	20raw+stat	0.8	vmean_only	9906	50	33	0	0	0	0.0	0.0
20260708	0.5	20raw+stat	0.9	vmean_only	9906	50	33	0	0	0	0.0	0.0
20260708	0.1	24full	0.05	joint_vstat	9866	10	7	7	9662	9669	1.0	0.0007239631813010653
20260708	0.1	24full	0.1	joint_vstat	9866	10	7	7	9662	9669	1.0	0.0007239631813010653
20260708	0.1	24full	0.15	joint_vstat	9866	10	7	7	9662	9669	1.0	0.0007239631813010653
20260708	0.1	24full	0.2	joint_vstat	9866	10	7	7	9662	9669	1.0	0.0007239631813010653
20260708	0.1	24full	0.3	joint_vstat	9866	10	7	7	9662	9669	1.0	0.0007239631813010653
20260708	0.1	24full	0.4	joint_vstat	9866	10	7	7	9653	9660	1.0	0.0007246376811594203
20260708	0.1	24full	0.5	joint_vstat	9866	10	7	4	4923	4927	0.5714285714285714	0.0008118530545971179
20260708	0.1	24full	0.6	joint_vstat	9866	10	7	0	2	2	0.0	0.0
20260708	0.1	24full	0.7	joint_vstat	9866	10	7	0	0	0	0.0	0.0
20260708	0.1	24full	0.8	joint_vstat	9866	10	7	0	0	0	0.0	0.0
20260708	0.1	24full	0.9	joint_vstat	9866	10	7	0	0	0	0.0	0.0
20260708	0.1	24full	0.05	vmean_only	9866	10	7	7	9662	9669	1.0	0.0007239631813010653
20260708	0.1	24full	0.1	vmean_only	9866	10	7	7	9662	9669	1.0	0.0007239631813010653
20260708	0.1	24full	0.15	vmean_only	9866	10	7	7	9662	9669	1.0	0.0007239631813010653
20260708	0.1	24full	0.2	vmean_only	9866	10	7	7	9662	9669	1.0	0.0007239631813010653
20260708	0.1	24full	0.3	vmean_only	9866	10	7	7	9662	9669	1.0	0.0007239631813010653
20260708	0.1	24full	0.4	vmean_only	9866	10	7	7	9662	9669	1.0	0.0007239631813010653
20260708	0.1	24full	0.5	vmean_only	9866	10	7	4	4618	4622	0.5714285714285714	0.0008654262224145391
20260708	0.1	24full	0.6	vmean_only	9866	10	7	0	0	0	0.0	0.0
20260708	0.1	24full	0.7	vmean_only	9866	10	7	0	0	0	0.0	0.0
20260708	0.1	24full	0.8	vmean_only	9866	10	7	0	0	0	0.0	0.0
20260708	0.1	24full	0.9	vmean_only	9866	10	7	0	0	0	0.0	0.0
20260708	0.1	20raw	0.05	joint_vstat	9866	10	6	6	9663	9669	1.0	0.0006205398696866273
20260708	0.1	20raw	0.1	joint_vstat	9866	10	6	6	9663	9669	1.0	0.0006205398696866273
20260708	0.1	20raw	0.15	joint_vstat	9866	10	6	6	9663	9669	1.0	0.0006205398696866273
20260708	0.1	20raw	0.2	joint_vstat	9866	10	6	6	9663	9669	1.0	0.0006205398696866273
20260708	0.1	20raw	0.3	joint_vstat	9866	10	6	6	9663	9669	1.0	0.0006205398696866273
20260708	0.1	20raw	0.4	joint_vstat	9866	10	6	6	9654	9660	1.0	0.0006211180124223603
20260708	0.1	20raw	0.5	joint_vstat	9866	10	6	3	4925	4928	0.5	0.0006087662337662338
20260708	0.1	20raw	0.6	joint_vstat	9866	10	6	0	2	2	0.0	0.0
20260708	0.1	20raw	0.7	joint_vstat	9866	10	6	0	0	0	0.0	0.0
20260708	0.1	20raw	0.8	joint_vstat	9866	10	6	0	0	0	0.0	0.0
20260708	0.1	20raw	0.9	joint_vstat	9866	10	6	0	0	0	0.0	0.0
20260708	0.1	20raw	0.05	vmean_only	9866	10	6	6	9663	9669	1.0	0.0006205398696866273
20260708	0.1	20raw	0.1	vmean_only	9866	10	6	6	9663	9669	1.0	0.0006205398696866273
20260708	0.1	20raw	0.15	vmean_only	9866	10	6	6	9663	9669	1.0	0.0006205398696866273
20260708	0.1	20raw	0.2	vmean_only	9866	10	6	6	9663	9669	1.0	0.0006205398696866273
20260708	0.1	20raw	0.3	vmean_only	9866	10	6	6	9663	9669	1.0	0.0006205398696866273
20260708	0.1	20raw	0.4	vmean_only	9866	10	6	6	9663	9669	1.0	0.0006205398696866273
20260708	0.1	20raw	0.5	vmean_only	9866	10	6	3	4618	4621	0.5	0.0006492101276779918
20260708	0.1	20raw	0.6	vmean_only	9866	10	6	0	0	0	0.0	0.0
20260708	0.1	20raw	0.7	vmean_only	9866	10	6	0	0	0	0.0	0.0
20260708	0.1	20raw	0.8	vmean_only	9866	10	6	0	0	0	0.0	0.0
20260708	0.1	20raw	0.9	vmean_only	9866	10	6	0	0	0	0.0	0.0
20260708	0.1	20raw+minmax	0.05	joint_vstat	9866	10	6	6	9663	9669	1.0	0.0006205398696866273
20260708	0.1	20raw+minmax	0.1	joint_vstat	9866	10	6	6	9663	9669	1.0	0.0006205398696866273
20260708	0.1	20raw+minmax	0.15	joint_vstat	9866	10	6	6	9663	9669	1.0	0.0006205398696866273
20260708	0.1	20raw+minmax	0.2	joint_vstat	9866	10	6	6	9663	9669	1.0	0.0006205398696866273
20260708	0.1	20raw+minmax	0.3	joint_vstat	9866	10	6	6	9663	9669	1.0	0.0006205398696866273
20260708	0.1	20raw+minmax	0.4	joint_vstat	9866	10	6	6	9654	9660	1.0	0.0006211180124223603
20260708	0.1	20raw+minmax	0.5	joint_vstat	9866	10	6	3	4929	4932	0.5	0.0006082725060827251
20260708	0.1	20raw+minmax	0.6	joint_vstat	9866	10	6	0	2	2	0.0	0.0
20260708	0.1	20raw+minmax	0.7	joint_vstat	9866	10	6	0	0	0	0.0	0.0
20260708	0.1	20raw+minmax	0.8	joint_vstat	9866	10	6	0	0	0	0.0	0.0
20260708	0.1	20raw+minmax	0.9	joint_vstat	9866	10	6	0	0	0	0.0	0.0
20260708	0.1	20raw+minmax	0.05	vmean_only	9866	10	6	6	9663	9669	1.0	0.0006205398696866273
20260708	0.1	20raw+minmax	0.1	vmean_only	9866	10	6	6	9663	9669	1.0	0.0006205398696866273
20260708	0.1	20raw+minmax	0.15	vmean_only	9866	10	6	6	9663	9669	1.0	0.0006205398696866273
20260708	0.1	20raw+minmax	0.2	vmean_only	9866	10	6	6	9663	9669	1.0	0.0006205398696866273
20260708	0.1	20raw+minmax	0.3	vmean_only	9866	10	6	6	9663	9669	1.0	0.0006205398696866273
20260708	0.1	20raw+minmax	0.4	vmean_only	9866	10	6	6	9663	9669	1.0	0.0006205398696866273
20260708	0.1	20raw+minmax	0.5	vmean_only	9866	10	6	3	4614	4617	0.5	0.000649772579597141
20260708	0.1	20raw+minmax	0.6	vmean_only	9866	10	6	0	0	0	0.0	0.0
20260708	0.1	20raw+minmax	0.7	vmean_only	9866	10	6	0	0	0	0.0	0.0
20260708	0.1	20raw+minmax	0.8	vmean_only	9866	10	6	0	0	0	0.0	0.0
20260708	0.1	20raw+minmax	0.9	vmean_only	9866	10	6	0	0	0	0.0	0.0
20260708	0.1	20raw+stat	0.05	joint_vstat	9866	10	8	8	9661	9669	1.0	0.0008273864929155032
20260708	0.1	20raw+stat	0.1	joint_vstat	9866	10	8	8	9661	9669	1.0	0.0008273864929155032
20260708	0.1	20raw+stat	0.15	joint_vstat	9866	10	8	8	9661	9669	1.0	0.0008273864929155032
20260708	0.1	20raw+stat	0.2	joint_vstat	9866	10	8	8	9661	9669	1.0	0.0008273864929155032
20260708	0.1	20raw+stat	0.3	joint_vstat	9866	10	8	8	9661	9669	1.0	0.0008273864929155032
20260708	0.1	20raw+stat	0.4	joint_vstat	9866	10	8	8	9652	9660	1.0	0.0008281573498964803
20260708	0.1	20raw+stat	0.5	joint_vstat	9866	10	8	5	4918	4923	0.625	0.0010156408693885843
20260708	0.1	20raw+stat	0.6	joint_vstat	9866	10	8	0	2	2	0.0	0.0
20260708	0.1	20raw+stat	0.7	joint_vstat	9866	10	8	0	0	0	0.0	0.0
20260708	0.1	20raw+stat	0.8	joint_vstat	9866	10	8	0	0	0	0.0	0.0
20260708	0.1	20raw+stat	0.9	joint_vstat	9866	10	8	0	0	0	0.0	0.0
20260708	0.1	20raw+stat	0.05	vmean_only	9866	10	8	8	9661	9669	1.0	0.0008273864929155032
20260708	0.1	20raw+stat	0.1	vmean_only	9866	10	8	8	9661	9669	1.0	0.0008273864929155032
20260708	0.1	20raw+stat	0.15	vmean_only	9866	10	8	8	9661	9669	1.0	0.0008273864929155032
20260708	0.1	20raw+stat	0.2	vmean_only	9866	10	8	8	9661	9669	1.0	0.0008273864929155032
20260708	0.1	20raw+stat	0.3	vmean_only	9866	10	8	8	9661	9669	1.0	0.0008273864929155032
20260708	0.1	20raw+stat	0.4	vmean_only	9866	10	8	8	9661	9669	1.0	0.0008273864929155032
20260708	0.1	20raw+stat	0.5	vmean_only	9866	10	8	5	4613	4618	0.625	0.0010827197921178
20260708	0.1	20raw+stat	0.6	vmean_only	9866	10	8	0	0	0	0.0	0.0
20260708	0.1	20raw+stat	0.7	vmean_only	9866	10	8	0	0	0	0.0	0.0
20260708	0.1	20raw+stat	0.8	vmean_only	9866	10	8	0	0	0	0.0	0.0
20260708	0.1	20raw+stat	0.9	vmean_only	9866	10	8	0	0	0	0.0	0.0
20260708	0.05	24full	0.05	joint_vstat	9861	5	1	1	9663	9664	1.0	0.00010347682119205298
20260708	0.05	24full	0.1	joint_vstat	9861	5	1	1	9663	9664	1.0	0.00010347682119205298
20260708	0.05	24full	0.15	joint_vstat	9861	5	1	1	9663	9664	1.0	0.00010347682119205298
20260708	0.05	24full	0.2	joint_vstat	9861	5	1	1	9663	9664	1.0	0.00010347682119205298
20260708	0.05	24full	0.3	joint_vstat	9861	5	1	1	9663	9664	1.0	0.00010347682119205298
20260708	0.05	24full	0.4	joint_vstat	9861	5	1	1	9654	9655	1.0	0.00010357327809425168
20260708	0.05	24full	0.5	joint_vstat	9861	5	1	0	4924	4924	0.0	0.0
20260708	0.05	24full	0.6	joint_vstat	9861	5	1	0	2	2	0.0	0.0
20260708	0.05	24full	0.7	joint_vstat	9861	5	1	0	0	0	0.0	0.0
20260708	0.05	24full	0.8	joint_vstat	9861	5	1	0	0	0	0.0	0.0
20260708	0.05	24full	0.9	joint_vstat	9861	5	1	0	0	0	0.0	0.0
20260708	0.05	24full	0.05	vmean_only	9861	5	1	1	9663	9664	1.0	0.00010347682119205298
20260708	0.05	24full	0.1	vmean_only	9861	5	1	1	9663	9664	1.0	0.00010347682119205298
20260708	0.05	24full	0.15	vmean_only	9861	5	1	1	9663	9664	1.0	0.00010347682119205298
20260708	0.05	24full	0.2	vmean_only	9861	5	1	1	9663	9664	1.0	0.00010347682119205298
20260708	0.05	24full	0.3	vmean_only	9861	5	1	1	9663	9664	1.0	0.00010347682119205298
20260708	0.05	24full	0.4	vmean_only	9861	5	1	1	9663	9664	1.0	0.00010347682119205298
20260708	0.05	24full	0.5	vmean_only	9861	5	1	0	4618	4618	0.0	0.0
20260708	0.05	24full	0.6	vmean_only	9861	5	1	0	0	0	0.0	0.0
20260708	0.05	24full	0.7	vmean_only	9861	5	1	0	0	0	0.0	0.0
20260708	0.05	24full	0.8	vmean_only	9861	5	1	0	0	0	0.0	0.0
20260708	0.05	24full	0.9	vmean_only	9861	5	1	0	0	0	0.0	0.0
20260708	0.05	20raw	0.05	joint_vstat	9861	5	1	1	9663	9664	1.0	0.00010347682119205298
20260708	0.05	20raw	0.1	joint_vstat	9861	5	1	1	9663	9664	1.0	0.00010347682119205298
20260708	0.05	20raw	0.15	joint_vstat	9861	5	1	1	9663	9664	1.0	0.00010347682119205298
20260708	0.05	20raw	0.2	joint_vstat	9861	5	1	1	9663	9664	1.0	0.00010347682119205298
20260708	0.05	20raw	0.3	joint_vstat	9861	5	1	1	9663	9664	1.0	0.00010347682119205298
20260708	0.05	20raw	0.4	joint_vstat	9861	5	1	1	9654	9655	1.0	0.00010357327809425168
20260708	0.05	20raw	0.5	joint_vstat	9861	5	1	0	4925	4925	0.0	0.0
20260708	0.05	20raw	0.6	joint_vstat	9861	5	1	0	2	2	0.0	0.0
20260708	0.05	20raw	0.7	joint_vstat	9861	5	1	0	0	0	0.0	0.0
20260708	0.05	20raw	0.8	joint_vstat	9861	5	1	0	0	0	0.0	0.0
20260708	0.05	20raw	0.9	joint_vstat	9861	5	1	0	0	0	0.0	0.0
20260708	0.05	20raw	0.05	vmean_only	9861	5	1	1	9663	9664	1.0	0.00010347682119205298
20260708	0.05	20raw	0.1	vmean_only	9861	5	1	1	9663	9664	1.0	0.00010347682119205298
20260708	0.05	20raw	0.15	vmean_only	9861	5	1	1	9663	9664	1.0	0.00010347682119205298
20260708	0.05	20raw	0.2	vmean_only	9861	5	1	1	9663	9664	1.0	0.00010347682119205298
20260708	0.05	20raw	0.3	vmean_only	9861	5	1	1	9663	9664	1.0	0.00010347682119205298
20260708	0.05	20raw	0.4	vmean_only	9861	5	1	1	9663	9664	1.0	0.00010347682119205298
20260708	0.05	20raw	0.5	vmean_only	9861	5	1	0	4618	4618	0.0	0.0
20260708	0.05	20raw	0.6	vmean_only	9861	5	1	0	0	0	0.0	0.0
20260708	0.05	20raw	0.7	vmean_only	9861	5	1	0	0	0	0.0	0.0
20260708	0.05	20raw	0.8	vmean_only	9861	5	1	0	0	0	0.0	0.0
20260708	0.05	20raw	0.9	vmean_only	9861	5	1	0	0	0	0.0	0.0
20260708	0.05	20raw+minmax	0.05	joint_vstat	9861	5	1	1	9663	9664	1.0	0.00010347682119205298
20260708	0.05	20raw+minmax	0.1	joint_vstat	9861	5	1	1	9663	9664	1.0	0.00010347682119205298
20260708	0.05	20raw+minmax	0.15	joint_vstat	9861	5	1	1	9663	9664	1.0	0.00010347682119205298
20260708	0.05	20raw+minmax	0.2	joint_vstat	9861	5	1	1	9663	9664	1.0	0.00010347682119205298
20260708	0.05	20raw+minmax	0.3	joint_vstat	9861	5	1	1	9663	9664	1.0	0.00010347682119205298
20260708	0.05	20raw+minmax	0.4	joint_vstat	9861	5	1	1	9654	9655	1.0	0.00010357327809425168
20260708	0.05	20raw+minmax	0.5	joint_vstat	9861	5	1	0	4929	4929	0.0	0.0
20260708	0.05	20raw+minmax	0.6	joint_vstat	9861	5	1	0	2	2	0.0	0.0
20260708	0.05	20raw+minmax	0.7	joint_vstat	9861	5	1	0	0	0	0.0	0.0
20260708	0.05	20raw+minmax	0.8	joint_vstat	9861	5	1	0	0	0	0.0	0.0
20260708	0.05	20raw+minmax	0.9	joint_vstat	9861	5	1	0	0	0	0.0	0.0
20260708	0.05	20raw+minmax	0.05	vmean_only	9861	5	1	1	9663	9664	1.0	0.00010347682119205298
20260708	0.05	20raw+minmax	0.1	vmean_only	9861	5	1	1	9663	9664	1.0	0.00010347682119205298
20260708	0.05	20raw+minmax	0.15	vmean_only	9861	5	1	1	9663	9664	1.0	0.00010347682119205298
20260708	0.05	20raw+minmax	0.2	vmean_only	9861	5	1	1	9663	9664	1.0	0.00010347682119205298
20260708	0.05	20raw+minmax	0.3	vmean_only	9861	5	1	1	9663	9664	1.0	0.00010347682119205298
20260708	0.05	20raw+minmax	0.4	vmean_only	9861	5	1	1	9663	9664	1.0	0.00010347682119205298
20260708	0.05	20raw+minmax	0.5	vmean_only	9861	5	1	0	4614	4614	0.0	0.0
20260708	0.05	20raw+minmax	0.6	vmean_only	9861	5	1	0	0	0	0.0	0.0
20260708	0.05	20raw+minmax	0.7	vmean_only	9861	5	1	0	0	0	0.0	0.0
20260708	0.05	20raw+minmax	0.8	vmean_only	9861	5	1	0	0	0	0.0	0.0
20260708	0.05	20raw+minmax	0.9	vmean_only	9861	5	1	0	0	0	0.0	0.0
20260708	0.05	20raw+stat	0.05	joint_vstat	9861	5	1	1	9663	9664	1.0	0.00010347682119205298
20260708	0.05	20raw+stat	0.1	joint_vstat	9861	5	1	1	9663	9664	1.0	0.00010347682119205298
20260708	0.05	20raw+stat	0.15	joint_vstat	9861	5	1	1	9663	9664	1.0	0.00010347682119205298
20260708	0.05	20raw+stat	0.2	joint_vstat	9861	5	1	1	9663	9664	1.0	0.00010347682119205298
20260708	0.05	20raw+stat	0.3	joint_vstat	9861	5	1	1	9663	9664	1.0	0.00010347682119205298
20260708	0.05	20raw+stat	0.4	joint_vstat	9861	5	1	1	9654	9655	1.0	0.00010357327809425168
20260708	0.05	20raw+stat	0.5	joint_vstat	9861	5	1	0	4919	4919	0.0	0.0
20260708	0.05	20raw+stat	0.6	joint_vstat	9861	5	1	0	2	2	0.0	0.0
20260708	0.05	20raw+stat	0.7	joint_vstat	9861	5	1	0	0	0	0.0	0.0
20260708	0.05	20raw+stat	0.8	joint_vstat	9861	5	1	0	0	0	0.0	0.0
20260708	0.05	20raw+stat	0.9	joint_vstat	9861	5	1	0	0	0	0.0	0.0
20260708	0.05	20raw+stat	0.05	vmean_only	9861	5	1	1	9663	9664	1.0	0.00010347682119205298
20260708	0.05	20raw+stat	0.1	vmean_only	9861	5	1	1	9663	9664	1.0	0.00010347682119205298
20260708	0.05	20raw+stat	0.15	vmean_only	9861	5	1	1	9663	9664	1.0	0.00010347682119205298
20260708	0.05	20raw+stat	0.2	vmean_only	9861	5	1	1	9663	9664	1.0	0.00010347682119205298
20260708	0.05	20raw+stat	0.3	vmean_only	9861	5	1	1	9663	9664	1.0	0.00010347682119205298
20260708	0.05	20raw+stat	0.4	vmean_only	9861	5	1	1	9663	9664	1.0	0.00010347682119205298
20260708	0.05	20raw+stat	0.5	vmean_only	9861	5	1	0	4614	4614	0.0	0.0
20260708	0.05	20raw+stat	0.6	vmean_only	9861	5	1	0	0	0	0.0	0.0
20260708	0.05	20raw+stat	0.7	vmean_only	9861	5	1	0	0	0	0.0	0.0
20260708	0.05	20raw+stat	0.8	vmean_only	9861	5	1	0	0	0	0.0	0.0
20260708	0.05	20raw+stat	0.9	vmean_only	9861	5	1	0	0	0	0.0	0.0
20260710	1.44	24full	0.05	joint_vstat	10000	144	94	94	9706	9800	1.0	0.009591836734693878
20260710	1.44	24full	0.1	joint_vstat	10000	144	94	94	9706	9800	1.0	0.009591836734693878
20260710	1.44	24full	0.15	joint_vstat	10000	144	94	94	9706	9800	1.0	0.009591836734693878
20260710	1.44	24full	0.2	joint_vstat	10000	144	94	94	9706	9800	1.0	0.009591836734693878
20260710	1.44	24full	0.3	joint_vstat	10000	144	94	94	9706	9800	1.0	0.009591836734693878
20260710	1.44	24full	0.4	joint_vstat	10000	144	94	94	9697	9791	1.0	0.00960065366152589
20260710	1.44	24full	0.5	joint_vstat	10000	144	94	58	4951	5009	0.6170212765957447	0.011579157516470354
20260710	1.44	24full	0.6	joint_vstat	10000	144	94	0	2	2	0.0	0.0
20260710	1.44	24full	0.7	joint_vstat	10000	144	94	0	0	0	0.0	0.0
20260710	1.44	24full	0.8	joint_vstat	10000	144	94	0	0	0	0.0	0.0
20260710	1.44	24full	0.9	joint_vstat	10000	144	94	0	0	0	0.0	0.0
20260710	1.44	24full	0.05	vmean_only	10000	144	94	94	9706	9800	1.0	0.009591836734693878
20260710	1.44	24full	0.1	vmean_only	10000	144	94	94	9706	9800	1.0	0.009591836734693878
20260710	1.44	24full	0.15	vmean_only	10000	144	94	94	9706	9800	1.0	0.009591836734693878
20260710	1.44	24full	0.2	vmean_only	10000	144	94	94	9706	9800	1.0	0.009591836734693878
20260710	1.44	24full	0.3	vmean_only	10000	144	94	94	9706	9800	1.0	0.009591836734693878
20260710	1.44	24full	0.4	vmean_only	10000	144	94	94	9706	9800	1.0	0.009591836734693878
20260710	1.44	24full	0.5	vmean_only	10000	144	94	51	4644	4695	0.5425531914893617	0.010862619808306708
20260710	1.44	24full	0.6	vmean_only	10000	144	94	0	0	0	0.0	0.0
20260710	1.44	24full	0.7	vmean_only	10000	144	94	0	0	0	0.0	0.0
20260710	1.44	24full	0.8	vmean_only	10000	144	94	0	0	0	0.0	0.0
20260710	1.44	24full	0.9	vmean_only	10000	144	94	0	0	0	0.0	0.0
20260710	1.44	20raw	0.05	joint_vstat	10000	144	95	95	9705	9800	1.0	0.009693877551020408
20260710	1.44	20raw	0.1	joint_vstat	10000	144	95	95	9705	9800	1.0	0.009693877551020408
20260710	1.44	20raw	0.15	joint_vstat	10000	144	95	95	9705	9800	1.0	0.009693877551020408
20260710	1.44	20raw	0.2	joint_vstat	10000	144	95	95	9705	9800	1.0	0.009693877551020408
20260710	1.44	20raw	0.3	joint_vstat	10000	144	95	95	9705	9800	1.0	0.009693877551020408
20260710	1.44	20raw	0.4	joint_vstat	10000	144	95	95	9696	9791	1.0	0.009702788274946379
20260710	1.44	20raw	0.5	joint_vstat	10000	144	95	59	4939	4998	0.6210526315789474	0.011804721888755502
20260710	1.44	20raw	0.6	joint_vstat	10000	144	95	0	2	2	0.0	0.0
20260710	1.44	20raw	0.7	joint_vstat	10000	144	95	0	0	0	0.0	0.0
20260710	1.44	20raw	0.8	joint_vstat	10000	144	95	0	0	0	0.0	0.0
20260710	1.44	20raw	0.9	joint_vstat	10000	144	95	0	0	0	0.0	0.0
20260710	1.44	20raw	0.05	vmean_only	10000	144	95	95	9705	9800	1.0	0.009693877551020408
20260710	1.44	20raw	0.1	vmean_only	10000	144	95	95	9705	9800	1.0	0.009693877551020408
20260710	1.44	20raw	0.15	vmean_only	10000	144	95	95	9705	9800	1.0	0.009693877551020408
20260710	1.44	20raw	0.2	vmean_only	10000	144	95	95	9705	9800	1.0	0.009693877551020408
20260710	1.44	20raw	0.3	vmean_only	10000	144	95	95	9705	9800	1.0	0.009693877551020408
20260710	1.44	20raw	0.4	vmean_only	10000	144	95	95	9705	9800	1.0	0.009693877551020408
20260710	1.44	20raw	0.5	vmean_only	10000	144	95	52	4641	4693	0.5473684210526316	0.0110803324099723
20260710	1.44	20raw	0.6	vmean_only	10000	144	95	0	0	0	0.0	0.0
20260710	1.44	20raw	0.7	vmean_only	10000	144	95	0	0	0	0.0	0.0
20260710	1.44	20raw	0.8	vmean_only	10000	144	95	0	0	0	0.0	0.0
20260710	1.44	20raw	0.9	vmean_only	10000	144	95	0	0	0	0.0	0.0
20260710	1.44	20raw+minmax	0.05	joint_vstat	10000	144	94	94	9706	9800	1.0	0.009591836734693878
20260710	1.44	20raw+minmax	0.1	joint_vstat	10000	144	94	94	9706	9800	1.0	0.009591836734693878
20260710	1.44	20raw+minmax	0.15	joint_vstat	10000	144	94	94	9706	9800	1.0	0.009591836734693878
20260710	1.44	20raw+minmax	0.2	joint_vstat	10000	144	94	94	9706	9800	1.0	0.009591836734693878
20260710	1.44	20raw+minmax	0.3	joint_vstat	10000	144	94	94	9706	9800	1.0	0.009591836734693878
20260710	1.44	20raw+minmax	0.4	joint_vstat	10000	144	94	94	9697	9791	1.0	0.00960065366152589
20260710	1.44	20raw+minmax	0.5	joint_vstat	10000	144	94	59	4947	5006	0.6276595744680851	0.01178585697163404
20260710	1.44	20raw+minmax	0.6	joint_vstat	10000	144	94	0	2	2	0.0	0.0
20260710	1.44	20raw+minmax	0.7	joint_vstat	10000	144	94	0	0	0	0.0	0.0
20260710	1.44	20raw+minmax	0.8	joint_vstat	10000	144	94	0	0	0	0.0	0.0
20260710	1.44	20raw+minmax	0.9	joint_vstat	10000	144	94	0	0	0	0.0	0.0
20260710	1.44	20raw+minmax	0.05	vmean_only	10000	144	94	94	9706	9800	1.0	0.009591836734693878
20260710	1.44	20raw+minmax	0.1	vmean_only	10000	144	94	94	9706	9800	1.0	0.009591836734693878
20260710	1.44	20raw+minmax	0.15	vmean_only	10000	144	94	94	9706	9800	1.0	0.009591836734693878
20260710	1.44	20raw+minmax	0.2	vmean_only	10000	144	94	94	9706	9800	1.0	0.009591836734693878
20260710	1.44	20raw+minmax	0.3	vmean_only	10000	144	94	94	9706	9800	1.0	0.009591836734693878
20260710	1.44	20raw+minmax	0.4	vmean_only	10000	144	94	94	9706	9800	1.0	0.009591836734693878
20260710	1.44	20raw+minmax	0.5	vmean_only	10000	144	94	50	4645	4695	0.5319148936170213	0.010649627263045794
20260710	1.44	20raw+minmax	0.6	vmean_only	10000	144	94	0	0	0	0.0	0.0
20260710	1.44	20raw+minmax	0.7	vmean_only	10000	144	94	0	0	0	0.0	0.0
20260710	1.44	20raw+minmax	0.8	vmean_only	10000	144	94	0	0	0	0.0	0.0
20260710	1.44	20raw+minmax	0.9	vmean_only	10000	144	94	0	0	0	0.0	0.0
20260710	1.44	20raw+stat	0.05	joint_vstat	10000	144	94	94	9706	9800	1.0	0.009591836734693878
20260710	1.44	20raw+stat	0.1	joint_vstat	10000	144	94	94	9706	9800	1.0	0.009591836734693878
20260710	1.44	20raw+stat	0.15	joint_vstat	10000	144	94	94	9706	9800	1.0	0.009591836734693878
20260710	1.44	20raw+stat	0.2	joint_vstat	10000	144	94	94	9706	9800	1.0	0.009591836734693878
20260710	1.44	20raw+stat	0.3	joint_vstat	10000	144	94	94	9706	9800	1.0	0.009591836734693878
20260710	1.44	20raw+stat	0.4	joint_vstat	10000	144	94	94	9697	9791	1.0	0.00960065366152589
20260710	1.44	20raw+stat	0.5	joint_vstat	10000	144	94	57	4938	4995	0.6063829787234043	0.011411411411411412
20260710	1.44	20raw+stat	0.6	joint_vstat	10000	144	94	0	2	2	0.0	0.0
20260710	1.44	20raw+stat	0.7	joint_vstat	10000	144	94	0	0	0	0.0	0.0
20260710	1.44	20raw+stat	0.8	joint_vstat	10000	144	94	0	0	0	0.0	0.0
20260710	1.44	20raw+stat	0.9	joint_vstat	10000	144	94	0	0	0	0.0	0.0
20260710	1.44	20raw+stat	0.05	vmean_only	10000	144	94	94	9706	9800	1.0	0.009591836734693878
20260710	1.44	20raw+stat	0.1	vmean_only	10000	144	94	94	9706	9800	1.0	0.009591836734693878
20260710	1.44	20raw+stat	0.15	vmean_only	10000	144	94	94	9706	9800	1.0	0.009591836734693878
20260710	1.44	20raw+stat	0.2	vmean_only	10000	144	94	94	9706	9800	1.0	0.009591836734693878
20260710	1.44	20raw+stat	0.3	vmean_only	10000	144	94	94	9706	9800	1.0	0.009591836734693878
20260710	1.44	20raw+stat	0.4	vmean_only	10000	144	94	94	9706	9800	1.0	0.009591836734693878
20260710	1.44	20raw+stat	0.5	vmean_only	10000	144	94	50	4640	4690	0.5319148936170213	0.010660980810234541
20260710	1.44	20raw+stat	0.6	vmean_only	10000	144	94	0	0	0	0.0	0.0
20260710	1.44	20raw+stat	0.7	vmean_only	10000	144	94	0	0	0	0.0	0.0
20260710	1.44	20raw+stat	0.8	vmean_only	10000	144	94	0	0	0	0.0	0.0
20260710	1.44	20raw+stat	0.9	vmean_only	10000	144	94	0	0	0	0.0	0.0
20260710	1.0	24full	0.05	joint_vstat	9956	100	63	63	9694	9757	1.0	0.006456902736496874
20260710	1.0	24full	0.1	joint_vstat	9956	100	63	63	9694	9757	1.0	0.006456902736496874
20260710	1.0	24full	0.15	joint_vstat	9956	100	63	63	9694	9757	1.0	0.006456902736496874
20260710	1.0	24full	0.2	joint_vstat	9956	100	63	63	9694	9757	1.0	0.006456902736496874
20260710	1.0	24full	0.3	joint_vstat	9956	100	63	63	9694	9757	1.0	0.006456902736496874
20260710	1.0	24full	0.4	joint_vstat	9956	100	63	63	9685	9748	1.0	0.006462864177267132
20260710	1.0	24full	0.5	joint_vstat	9956	100	63	37	4946	4983	0.5873015873015873	0.007425245835841862
20260710	1.0	24full	0.6	joint_vstat	9956	100	63	0	2	2	0.0	0.0
20260710	1.0	24full	0.7	joint_vstat	9956	100	63	0	0	0	0.0	0.0
20260710	1.0	24full	0.8	joint_vstat	9956	100	63	0	0	0	0.0	0.0
20260710	1.0	24full	0.9	joint_vstat	9956	100	63	0	0	0	0.0	0.0
20260710	1.0	24full	0.05	vmean_only	9956	100	63	63	9694	9757	1.0	0.006456902736496874
20260710	1.0	24full	0.1	vmean_only	9956	100	63	63	9694	9757	1.0	0.006456902736496874
20260710	1.0	24full	0.15	vmean_only	9956	100	63	63	9694	9757	1.0	0.006456902736496874
20260710	1.0	24full	0.2	vmean_only	9956	100	63	63	9694	9757	1.0	0.006456902736496874
20260710	1.0	24full	0.3	vmean_only	9956	100	63	63	9694	9757	1.0	0.006456902736496874
20260710	1.0	24full	0.4	vmean_only	9956	100	63	63	9694	9757	1.0	0.006456902736496874
20260710	1.0	24full	0.5	vmean_only	9956	100	63	36	4639	4675	0.5714285714285714	0.007700534759358289
20260710	1.0	24full	0.6	vmean_only	9956	100	63	0	0	0	0.0	0.0
20260710	1.0	24full	0.7	vmean_only	9956	100	63	0	0	0	0.0	0.0
20260710	1.0	24full	0.8	vmean_only	9956	100	63	0	0	0	0.0	0.0
20260710	1.0	24full	0.9	vmean_only	9956	100	63	0	0	0	0.0	0.0
20260710	1.0	20raw	0.05	joint_vstat	9956	100	61	61	9696	9757	1.0	0.006251921697243005
20260710	1.0	20raw	0.1	joint_vstat	9956	100	61	61	9696	9757	1.0	0.006251921697243005
20260710	1.0	20raw	0.15	joint_vstat	9956	100	61	61	9696	9757	1.0	0.006251921697243005
20260710	1.0	20raw	0.2	joint_vstat	9956	100	61	61	9696	9757	1.0	0.006251921697243005
20260710	1.0	20raw	0.3	joint_vstat	9956	100	61	61	9696	9757	1.0	0.006251921697243005
20260710	1.0	20raw	0.4	joint_vstat	9956	100	61	61	9687	9748	1.0	0.006257693885925318
20260710	1.0	20raw	0.5	joint_vstat	9956	100	61	36	4935	4971	0.5901639344262295	0.00724200362100181
20260710	1.0	20raw	0.6	joint_vstat	9956	100	61	0	2	2	0.0	0.0
20260710	1.0	20raw	0.7	joint_vstat	9956	100	61	0	0	0	0.0	0.0
20260710	1.0	20raw	0.8	joint_vstat	9956	100	61	0	0	0	0.0	0.0
20260710	1.0	20raw	0.9	joint_vstat	9956	100	61	0	0	0	0.0	0.0
20260710	1.0	20raw	0.05	vmean_only	9956	100	61	61	9696	9757	1.0	0.006251921697243005
20260710	1.0	20raw	0.1	vmean_only	9956	100	61	61	9696	9757	1.0	0.006251921697243005
20260710	1.0	20raw	0.15	vmean_only	9956	100	61	61	9696	9757	1.0	0.006251921697243005
20260710	1.0	20raw	0.2	vmean_only	9956	100	61	61	9696	9757	1.0	0.006251921697243005
20260710	1.0	20raw	0.3	vmean_only	9956	100	61	61	9696	9757	1.0	0.006251921697243005
20260710	1.0	20raw	0.4	vmean_only	9956	100	61	61	9696	9757	1.0	0.006251921697243005
20260710	1.0	20raw	0.5	vmean_only	9956	100	61	34	4637	4671	0.5573770491803278	0.007278955255833868
20260710	1.0	20raw	0.6	vmean_only	9956	100	61	0	0	0	0.0	0.0
20260710	1.0	20raw	0.7	vmean_only	9956	100	61	0	0	0	0.0	0.0
20260710	1.0	20raw	0.8	vmean_only	9956	100	61	0	0	0	0.0	0.0
20260710	1.0	20raw	0.9	vmean_only	9956	100	61	0	0	0	0.0	0.0
20260710	1.0	20raw+minmax	0.05	joint_vstat	9956	100	63	63	9694	9757	1.0	0.006456902736496874
20260710	1.0	20raw+minmax	0.1	joint_vstat	9956	100	63	63	9694	9757	1.0	0.006456902736496874
20260710	1.0	20raw+minmax	0.15	joint_vstat	9956	100	63	63	9694	9757	1.0	0.006456902736496874
20260710	1.0	20raw+minmax	0.2	joint_vstat	9956	100	63	63	9694	9757	1.0	0.006456902736496874
20260710	1.0	20raw+minmax	0.3	joint_vstat	9956	100	63	63	9694	9757	1.0	0.006456902736496874
20260710	1.0	20raw+minmax	0.4	joint_vstat	9956	100	63	63	9685	9748	1.0	0.006462864177267132
20260710	1.0	20raw+minmax	0.5	joint_vstat	9956	100	63	38	4941	4979	0.6031746031746031	0.007632054629443663
20260710	1.0	20raw+minmax	0.6	joint_vstat	9956	100	63	0	2	2	0.0	0.0
20260710	1.0	20raw+minmax	0.7	joint_vstat	9956	100	63	0	0	0	0.0	0.0
20260710	1.0	20raw+minmax	0.8	joint_vstat	9956	100	63	0	0	0	0.0	0.0
20260710	1.0	20raw+minmax	0.9	joint_vstat	9956	100	63	0	0	0	0.0	0.0
20260710	1.0	20raw+minmax	0.05	vmean_only	9956	100	63	63	9694	9757	1.0	0.006456902736496874
20260710	1.0	20raw+minmax	0.1	vmean_only	9956	100	63	63	9694	9757	1.0	0.006456902736496874
20260710	1.0	20raw+minmax	0.15	vmean_only	9956	100	63	63	9694	9757	1.0	0.006456902736496874
20260710	1.0	20raw+minmax	0.2	vmean_only	9956	100	63	63	9694	9757	1.0	0.006456902736496874
20260710	1.0	20raw+minmax	0.3	vmean_only	9956	100	63	63	9694	9757	1.0	0.006456902736496874
20260710	1.0	20raw+minmax	0.4	vmean_only	9956	100	63	63	9694	9757	1.0	0.006456902736496874
20260710	1.0	20raw+minmax	0.5	vmean_only	9956	100	63	35	4640	4675	0.5555555555555556	0.0074866310160427805
20260710	1.0	20raw+minmax	0.6	vmean_only	9956	100	63	0	0	0	0.0	0.0
20260710	1.0	20raw+minmax	0.7	vmean_only	9956	100	63	0	0	0	0.0	0.0
20260710	1.0	20raw+minmax	0.8	vmean_only	9956	100	63	0	0	0	0.0	0.0
20260710	1.0	20raw+minmax	0.9	vmean_only	9956	100	63	0	0	0	0.0	0.0
20260710	1.0	20raw+stat	0.05	joint_vstat	9956	100	61	61	9696	9757	1.0	0.006251921697243005
20260710	1.0	20raw+stat	0.1	joint_vstat	9956	100	61	61	9696	9757	1.0	0.006251921697243005
20260710	1.0	20raw+stat	0.15	joint_vstat	9956	100	61	61	9696	9757	1.0	0.006251921697243005
20260710	1.0	20raw+stat	0.2	joint_vstat	9956	100	61	61	9696	9757	1.0	0.006251921697243005
20260710	1.0	20raw+stat	0.3	joint_vstat	9956	100	61	61	9696	9757	1.0	0.006251921697243005
20260710	1.0	20raw+stat	0.4	joint_vstat	9956	100	61	61	9687	9748	1.0	0.006257693885925318
20260710	1.0	20raw+stat	0.5	joint_vstat	9956	100	61	35	4931	4966	0.5737704918032787	0.007047925896093436
20260710	1.0	20raw+stat	0.6	joint_vstat	9956	100	61	0	2	2	0.0	0.0
20260710	1.0	20raw+stat	0.7	joint_vstat	9956	100	61	0	0	0	0.0	0.0
20260710	1.0	20raw+stat	0.8	joint_vstat	9956	100	61	0	0	0	0.0	0.0
20260710	1.0	20raw+stat	0.9	joint_vstat	9956	100	61	0	0	0	0.0	0.0
20260710	1.0	20raw+stat	0.05	vmean_only	9956	100	61	61	9696	9757	1.0	0.006251921697243005
20260710	1.0	20raw+stat	0.1	vmean_only	9956	100	61	61	9696	9757	1.0	0.006251921697243005
20260710	1.0	20raw+stat	0.15	vmean_only	9956	100	61	61	9696	9757	1.0	0.006251921697243005
20260710	1.0	20raw+stat	0.2	vmean_only	9956	100	61	61	9696	9757	1.0	0.006251921697243005
20260710	1.0	20raw+stat	0.3	vmean_only	9956	100	61	61	9696	9757	1.0	0.006251921697243005
20260710	1.0	20raw+stat	0.4	vmean_only	9956	100	61	61	9696	9757	1.0	0.006251921697243005
20260710	1.0	20raw+stat	0.5	vmean_only	9956	100	61	34	4635	4669	0.5573770491803278	0.007282073249089741
20260710	1.0	20raw+stat	0.6	vmean_only	9956	100	61	0	0	0	0.0	0.0
20260710	1.0	20raw+stat	0.7	vmean_only	9956	100	61	0	0	0	0.0	0.0
20260710	1.0	20raw+stat	0.8	vmean_only	9956	100	61	0	0	0	0.0	0.0
20260710	1.0	20raw+stat	0.9	vmean_only	9956	100	61	0	0	0	0.0	0.0
20260710	0.5	24full	0.05	joint_vstat	9906	50	30	30	9678	9708	1.0	0.0030902348578491965
20260710	0.5	24full	0.1	joint_vstat	9906	50	30	30	9678	9708	1.0	0.0030902348578491965
20260710	0.5	24full	0.15	joint_vstat	9906	50	30	30	9678	9708	1.0	0.0030902348578491965
20260710	0.5	24full	0.2	joint_vstat	9906	50	30	30	9678	9708	1.0	0.0030902348578491965
20260710	0.5	24full	0.3	joint_vstat	9906	50	30	30	9678	9708	1.0	0.0030902348578491965
20260710	0.5	24full	0.4	joint_vstat	9906	50	30	30	9669	9699	1.0	0.003093102381688834
20260710	0.5	24full	0.5	joint_vstat	9906	50	30	20	4938	4958	0.6666666666666666	0.004033884630899556
20260710	0.5	24full	0.6	joint_vstat	9906	50	30	0	2	2	0.0	0.0
20260710	0.5	24full	0.7	joint_vstat	9906	50	30	0	0	0	0.0	0.0
20260710	0.5	24full	0.8	joint_vstat	9906	50	30	0	0	0	0.0	0.0
20260710	0.5	24full	0.9	joint_vstat	9906	50	30	0	0	0	0.0	0.0
20260710	0.5	24full	0.05	vmean_only	9906	50	30	30	9678	9708	1.0	0.0030902348578491965
20260710	0.5	24full	0.1	vmean_only	9906	50	30	30	9678	9708	1.0	0.0030902348578491965
20260710	0.5	24full	0.15	vmean_only	9906	50	30	30	9678	9708	1.0	0.0030902348578491965
20260710	0.5	24full	0.2	vmean_only	9906	50	30	30	9678	9708	1.0	0.0030902348578491965
20260710	0.5	24full	0.3	vmean_only	9906	50	30	30	9678	9708	1.0	0.0030902348578491965
20260710	0.5	24full	0.4	vmean_only	9906	50	30	30	9678	9708	1.0	0.0030902348578491965
20260710	0.5	24full	0.5	vmean_only	9906	50	30	18	4626	4644	0.6	0.003875968992248062
20260710	0.5	24full	0.6	vmean_only	9906	50	30	0	0	0	0.0	0.0
20260710	0.5	24full	0.7	vmean_only	9906	50	30	0	0	0	0.0	0.0
20260710	0.5	24full	0.8	vmean_only	9906	50	30	0	0	0	0.0	0.0
20260710	0.5	24full	0.9	vmean_only	9906	50	30	0	0	0	0.0	0.0
20260710	0.5	20raw	0.05	joint_vstat	9906	50	29	29	9679	9708	1.0	0.0029872270292542235
20260710	0.5	20raw	0.1	joint_vstat	9906	50	29	29	9679	9708	1.0	0.0029872270292542235
20260710	0.5	20raw	0.15	joint_vstat	9906	50	29	29	9679	9708	1.0	0.0029872270292542235
20260710	0.5	20raw	0.2	joint_vstat	9906	50	29	29	9679	9708	1.0	0.0029872270292542235
20260710	0.5	20raw	0.3	joint_vstat	9906	50	29	29	9679	9708	1.0	0.0029872270292542235
20260710	0.5	20raw	0.4	joint_vstat	9906	50	29	29	9670	9699	1.0	0.0029899989689658726
20260710	0.5	20raw	0.5	joint_vstat	9906	50	29	21	4927	4948	0.7241379310344828	0.004244139046079224
20260710	0.5	20raw	0.6	joint_vstat	9906	50	29	0	2	2	0.0	0.0
20260710	0.5	20raw	0.7	joint_vstat	9906	50	29	0	0	0	0.0	0.0
20260710	0.5	20raw	0.8	joint_vstat	9906	50	29	0	0	0	0.0	0.0
20260710	0.5	20raw	0.9	joint_vstat	9906	50	29	0	0	0	0.0	0.0
20260710	0.5	20raw	0.05	vmean_only	9906	50	29	29	9679	9708	1.0	0.0029872270292542235
20260710	0.5	20raw	0.1	vmean_only	9906	50	29	29	9679	9708	1.0	0.0029872270292542235
20260710	0.5	20raw	0.15	vmean_only	9906	50	29	29	9679	9708	1.0	0.0029872270292542235
20260710	0.5	20raw	0.2	vmean_only	9906	50	29	29	9679	9708	1.0	0.0029872270292542235
20260710	0.5	20raw	0.3	vmean_only	9906	50	29	29	9679	9708	1.0	0.0029872270292542235
20260710	0.5	20raw	0.4	vmean_only	9906	50	29	29	9679	9708	1.0	0.0029872270292542235
20260710	0.5	20raw	0.5	vmean_only	9906	50	29	18	4629	4647	0.6206896551724138	0.003873466752743706
20260710	0.5	20raw	0.6	vmean_only	9906	50	29	0	0	0	0.0	0.0
20260710	0.5	20raw	0.7	vmean_only	9906	50	29	0	0	0	0.0	0.0
20260710	0.5	20raw	0.8	vmean_only	9906	50	29	0	0	0	0.0	0.0
20260710	0.5	20raw	0.9	vmean_only	9906	50	29	0	0	0	0.0	0.0
20260710	0.5	20raw+minmax	0.05	joint_vstat	9906	50	29	29	9679	9708	1.0	0.0029872270292542235
20260710	0.5	20raw+minmax	0.1	joint_vstat	9906	50	29	29	9679	9708	1.0	0.0029872270292542235
20260710	0.5	20raw+minmax	0.15	joint_vstat	9906	50	29	29	9679	9708	1.0	0.0029872270292542235
20260710	0.5	20raw+minmax	0.2	joint_vstat	9906	50	29	29	9679	9708	1.0	0.0029872270292542235
20260710	0.5	20raw+minmax	0.3	joint_vstat	9906	50	29	29	9679	9708	1.0	0.0029872270292542235
20260710	0.5	20raw+minmax	0.4	joint_vstat	9906	50	29	29	9670	9699	1.0	0.0029899989689658726
20260710	0.5	20raw+minmax	0.5	joint_vstat	9906	50	29	21	4935	4956	0.7241379310344828	0.00423728813559322
20260710	0.5	20raw+minmax	0.6	joint_vstat	9906	50	29	0	2	2	0.0	0.0
20260710	0.5	20raw+minmax	0.7	joint_vstat	9906	50	29	0	0	0	0.0	0.0
20260710	0.5	20raw+minmax	0.8	joint_vstat	9906	50	29	0	0	0	0.0	0.0
20260710	0.5	20raw+minmax	0.9	joint_vstat	9906	50	29	0	0	0	0.0	0.0
20260710	0.5	20raw+minmax	0.05	vmean_only	9906	50	29	29	9679	9708	1.0	0.0029872270292542235
20260710	0.5	20raw+minmax	0.1	vmean_only	9906	50	29	29	9679	9708	1.0	0.0029872270292542235
20260710	0.5	20raw+minmax	0.15	vmean_only	9906	50	29	29	9679	9708	1.0	0.0029872270292542235
20260710	0.5	20raw+minmax	0.2	vmean_only	9906	50	29	29	9679	9708	1.0	0.0029872270292542235
20260710	0.5	20raw+minmax	0.3	vmean_only	9906	50	29	29	9679	9708	1.0	0.0029872270292542235
20260710	0.5	20raw+minmax	0.4	vmean_only	9906	50	29	29	9679	9708	1.0	0.0029872270292542235
20260710	0.5	20raw+minmax	0.5	vmean_only	9906	50	29	18	4633	4651	0.6206896551724138	0.0038701354547409157
20260710	0.5	20raw+minmax	0.6	vmean_only	9906	50	29	0	0	0	0.0	0.0
20260710	0.5	20raw+minmax	0.7	vmean_only	9906	50	29	0	0	0	0.0	0.0
20260710	0.5	20raw+minmax	0.8	vmean_only	9906	50	29	0	0	0	0.0	0.0
20260710	0.5	20raw+minmax	0.9	vmean_only	9906	50	29	0	0	0	0.0	0.0
20260710	0.5	20raw+stat	0.05	joint_vstat	9906	50	27	27	9681	9708	1.0	0.002781211372064277
20260710	0.5	20raw+stat	0.1	joint_vstat	9906	50	27	27	9681	9708	1.0	0.002781211372064277
20260710	0.5	20raw+stat	0.15	joint_vstat	9906	50	27	27	9681	9708	1.0	0.002781211372064277
20260710	0.5	20raw+stat	0.2	joint_vstat	9906	50	27	27	9681	9708	1.0	0.002781211372064277
20260710	0.5	20raw+stat	0.3	joint_vstat	9906	50	27	27	9681	9708	1.0	0.002781211372064277
20260710	0.5	20raw+stat	0.4	joint_vstat	9906	50	27	27	9672	9699	1.0	0.0027837921435199505
20260710	0.5	20raw+stat	0.5	joint_vstat	9906	50	27	17	4922	4939	0.6296296296296297	0.003441992306134845
20260710	0.5	20raw+stat	0.6	joint_vstat	9906	50	27	0	2	2	0.0	0.0
20260710	0.5	20raw+stat	0.7	joint_vstat	9906	50	27	0	0	0	0.0	0.0
20260710	0.5	20raw+stat	0.8	joint_vstat	9906	50	27	0	0	0	0.0	0.0
20260710	0.5	20raw+stat	0.9	joint_vstat	9906	50	27	0	0	0	0.0	0.0
20260710	0.5	20raw+stat	0.05	vmean_only	9906	50	27	27	9681	9708	1.0	0.002781211372064277
20260710	0.5	20raw+stat	0.1	vmean_only	9906	50	27	27	9681	9708	1.0	0.002781211372064277
20260710	0.5	20raw+stat	0.15	vmean_only	9906	50	27	27	9681	9708	1.0	0.002781211372064277
20260710	0.5	20raw+stat	0.2	vmean_only	9906	50	27	27	9681	9708	1.0	0.002781211372064277
20260710	0.5	20raw+stat	0.3	vmean_only	9906	50	27	27	9681	9708	1.0	0.002781211372064277
20260710	0.5	20raw+stat	0.4	vmean_only	9906	50	27	27	9681	9708	1.0	0.002781211372064277
20260710	0.5	20raw+stat	0.5	vmean_only	9906	50	27	15	4627	4642	0.5555555555555556	0.003231365790607497
20260710	0.5	20raw+stat	0.6	vmean_only	9906	50	27	0	0	0	0.0	0.0
20260710	0.5	20raw+stat	0.7	vmean_only	9906	50	27	0	0	0	0.0	0.0
20260710	0.5	20raw+stat	0.8	vmean_only	9906	50	27	0	0	0	0.0	0.0
20260710	0.5	20raw+stat	0.9	vmean_only	9906	50	27	0	0	0	0.0	0.0
20260710	0.1	24full	0.05	joint_vstat	9866	10	9	9	9660	9669	1.0	0.000930809804529941
20260710	0.1	24full	0.1	joint_vstat	9866	10	9	9	9660	9669	1.0	0.000930809804529941
20260710	0.1	24full	0.15	joint_vstat	9866	10	9	9	9660	9669	1.0	0.000930809804529941
20260710	0.1	24full	0.2	joint_vstat	9866	10	9	9	9660	9669	1.0	0.000930809804529941
20260710	0.1	24full	0.3	joint_vstat	9866	10	9	9	9660	9669	1.0	0.000930809804529941
20260710	0.1	24full	0.4	joint_vstat	9866	10	9	9	9651	9660	1.0	0.0009316770186335404
20260710	0.1	24full	0.5	joint_vstat	9866	10	9	4	4928	4932	0.4444444444444444	0.0008110300081103001
20260710	0.1	24full	0.6	joint_vstat	9866	10	9	0	2	2	0.0	0.0
20260710	0.1	24full	0.7	joint_vstat	9866	10	9	0	0	0	0.0	0.0
20260710	0.1	24full	0.8	joint_vstat	9866	10	9	0	0	0	0.0	0.0
20260710	0.1	24full	0.9	joint_vstat	9866	10	9	0	0	0	0.0	0.0
20260710	0.1	24full	0.05	vmean_only	9866	10	9	9	9660	9669	1.0	0.000930809804529941
20260710	0.1	24full	0.1	vmean_only	9866	10	9	9	9660	9669	1.0	0.000930809804529941
20260710	0.1	24full	0.15	vmean_only	9866	10	9	9	9660	9669	1.0	0.000930809804529941
20260710	0.1	24full	0.2	vmean_only	9866	10	9	9	9660	9669	1.0	0.000930809804529941
20260710	0.1	24full	0.3	vmean_only	9866	10	9	9	9660	9669	1.0	0.000930809804529941
20260710	0.1	24full	0.4	vmean_only	9866	10	9	9	9660	9669	1.0	0.000930809804529941
20260710	0.1	24full	0.5	vmean_only	9866	10	9	4	4619	4623	0.4444444444444444	0.0008652390222799049
20260710	0.1	24full	0.6	vmean_only	9866	10	9	0	0	0	0.0	0.0
20260710	0.1	24full	0.7	vmean_only	9866	10	9	0	0	0	0.0	0.0
20260710	0.1	24full	0.8	vmean_only	9866	10	9	0	0	0	0.0	0.0
20260710	0.1	24full	0.9	vmean_only	9866	10	9	0	0	0	0.0	0.0
20260710	0.1	20raw	0.05	joint_vstat	9866	10	9	9	9660	9669	1.0	0.000930809804529941
20260710	0.1	20raw	0.1	joint_vstat	9866	10	9	9	9660	9669	1.0	0.000930809804529941
20260710	0.1	20raw	0.15	joint_vstat	9866	10	9	9	9660	9669	1.0	0.000930809804529941
20260710	0.1	20raw	0.2	joint_vstat	9866	10	9	9	9660	9669	1.0	0.000930809804529941
20260710	0.1	20raw	0.3	joint_vstat	9866	10	9	9	9660	9669	1.0	0.000930809804529941
20260710	0.1	20raw	0.4	joint_vstat	9866	10	9	9	9651	9660	1.0	0.0009316770186335404
20260710	0.1	20raw	0.5	joint_vstat	9866	10	9	4	4917	4921	0.4444444444444444	0.000812842918106076
20260710	0.1	20raw	0.6	joint_vstat	9866	10	9	0	2	2	0.0	0.0
20260710	0.1	20raw	0.7	joint_vstat	9866	10	9	0	0	0	0.0	0.0
20260710	0.1	20raw	0.8	joint_vstat	9866	10	9	0	0	0	0.0	0.0
20260710	0.1	20raw	0.9	joint_vstat	9866	10	9	0	0	0	0.0	0.0
20260710	0.1	20raw	0.05	vmean_only	9866	10	9	9	9660	9669	1.0	0.000930809804529941
20260710	0.1	20raw	0.1	vmean_only	9866	10	9	9	9660	9669	1.0	0.000930809804529941
20260710	0.1	20raw	0.15	vmean_only	9866	10	9	9	9660	9669	1.0	0.000930809804529941
20260710	0.1	20raw	0.2	vmean_only	9866	10	9	9	9660	9669	1.0	0.000930809804529941
20260710	0.1	20raw	0.3	vmean_only	9866	10	9	9	9660	9669	1.0	0.000930809804529941
20260710	0.1	20raw	0.4	vmean_only	9866	10	9	9	9660	9669	1.0	0.000930809804529941
20260710	0.1	20raw	0.5	vmean_only	9866	10	9	4	4613	4617	0.4444444444444444	0.0008663634394628547
20260710	0.1	20raw	0.6	vmean_only	9866	10	9	0	0	0	0.0	0.0
20260710	0.1	20raw	0.7	vmean_only	9866	10	9	0	0	0	0.0	0.0
20260710	0.1	20raw	0.8	vmean_only	9866	10	9	0	0	0	0.0	0.0
20260710	0.1	20raw	0.9	vmean_only	9866	10	9	0	0	0	0.0	0.0
20260710	0.1	20raw+minmax	0.05	joint_vstat	9866	10	9	9	9660	9669	1.0	0.000930809804529941
20260710	0.1	20raw+minmax	0.1	joint_vstat	9866	10	9	9	9660	9669	1.0	0.000930809804529941
20260710	0.1	20raw+minmax	0.15	joint_vstat	9866	10	9	9	9660	9669	1.0	0.000930809804529941
20260710	0.1	20raw+minmax	0.2	joint_vstat	9866	10	9	9	9660	9669	1.0	0.000930809804529941
20260710	0.1	20raw+minmax	0.3	joint_vstat	9866	10	9	9	9660	9669	1.0	0.000930809804529941
20260710	0.1	20raw+minmax	0.4	joint_vstat	9866	10	9	9	9651	9660	1.0	0.0009316770186335404
20260710	0.1	20raw+minmax	0.5	joint_vstat	9866	10	9	4	4930	4934	0.4444444444444444	0.0008107012565869477
20260710	0.1	20raw+minmax	0.6	joint_vstat	9866	10	9	0	2	2	0.0	0.0
20260710	0.1	20raw+minmax	0.7	joint_vstat	9866	10	9	0	0	0	0.0	0.0
20260710	0.1	20raw+minmax	0.8	joint_vstat	9866	10	9	0	0	0	0.0	0.0
20260710	0.1	20raw+minmax	0.9	joint_vstat	9866	10	9	0	0	0	0.0	0.0
20260710	0.1	20raw+minmax	0.05	vmean_only	9866	10	9	9	9660	9669	1.0	0.000930809804529941
20260710	0.1	20raw+minmax	0.1	vmean_only	9866	10	9	9	9660	9669	1.0	0.000930809804529941
20260710	0.1	20raw+minmax	0.15	vmean_only	9866	10	9	9	9660	9669	1.0	0.000930809804529941
20260710	0.1	20raw+minmax	0.2	vmean_only	9866	10	9	9	9660	9669	1.0	0.000930809804529941
20260710	0.1	20raw+minmax	0.3	vmean_only	9866	10	9	9	9660	9669	1.0	0.000930809804529941
20260710	0.1	20raw+minmax	0.4	vmean_only	9866	10	9	9	9660	9669	1.0	0.000930809804529941
20260710	0.1	20raw+minmax	0.5	vmean_only	9866	10	9	4	4624	4628	0.4444444444444444	0.000864304235090752
20260710	0.1	20raw+minmax	0.6	vmean_only	9866	10	9	0	0	0	0.0	0.0
20260710	0.1	20raw+minmax	0.7	vmean_only	9866	10	9	0	0	0	0.0	0.0
20260710	0.1	20raw+minmax	0.8	vmean_only	9866	10	9	0	0	0	0.0	0.0
20260710	0.1	20raw+minmax	0.9	vmean_only	9866	10	9	0	0	0	0.0	0.0
20260710	0.1	20raw+stat	0.05	joint_vstat	9866	10	9	9	9660	9669	1.0	0.000930809804529941
20260710	0.1	20raw+stat	0.1	joint_vstat	9866	10	9	9	9660	9669	1.0	0.000930809804529941
20260710	0.1	20raw+stat	0.15	joint_vstat	9866	10	9	9	9660	9669	1.0	0.000930809804529941
20260710	0.1	20raw+stat	0.2	joint_vstat	9866	10	9	9	9660	9669	1.0	0.000930809804529941
20260710	0.1	20raw+stat	0.3	joint_vstat	9866	10	9	9	9660	9669	1.0	0.000930809804529941
20260710	0.1	20raw+stat	0.4	joint_vstat	9866	10	9	9	9651	9660	1.0	0.0009316770186335404
20260710	0.1	20raw+stat	0.5	joint_vstat	9866	10	9	4	4913	4917	0.4444444444444444	0.0008135041692088672
20260710	0.1	20raw+stat	0.6	joint_vstat	9866	10	9	0	2	2	0.0	0.0
20260710	0.1	20raw+stat	0.7	joint_vstat	9866	10	9	0	0	0	0.0	0.0
20260710	0.1	20raw+stat	0.8	joint_vstat	9866	10	9	0	0	0	0.0	0.0
20260710	0.1	20raw+stat	0.9	joint_vstat	9866	10	9	0	0	0	0.0	0.0
20260710	0.1	20raw+stat	0.05	vmean_only	9866	10	9	9	9660	9669	1.0	0.000930809804529941
20260710	0.1	20raw+stat	0.1	vmean_only	9866	10	9	9	9660	9669	1.0	0.000930809804529941
20260710	0.1	20raw+stat	0.15	vmean_only	9866	10	9	9	9660	9669	1.0	0.000930809804529941
20260710	0.1	20raw+stat	0.2	vmean_only	9866	10	9	9	9660	9669	1.0	0.000930809804529941
20260710	0.1	20raw+stat	0.3	vmean_only	9866	10	9	9	9660	9669	1.0	0.000930809804529941
20260710	0.1	20raw+stat	0.4	vmean_only	9866	10	9	9	9660	9669	1.0	0.000930809804529941
20260710	0.1	20raw+stat	0.5	vmean_only	9866	10	9	4	4613	4617	0.4444444444444444	0.0008663634394628547
20260710	0.1	20raw+stat	0.6	vmean_only	9866	10	9	0	0	0	0.0	0.0
20260710	0.1	20raw+stat	0.7	vmean_only	9866	10	9	0	0	0	0.0	0.0
20260710	0.1	20raw+stat	0.8	vmean_only	9866	10	9	0	0	0	0.0	0.0
20260710	0.1	20raw+stat	0.9	vmean_only	9866	10	9	0	0	0	0.0	0.0
20260710	0.05	24full	0.05	joint_vstat	9861	5	2	2	9662	9664	1.0	0.00020695364238410596
20260710	0.05	24full	0.1	joint_vstat	9861	5	2	2	9662	9664	1.0	0.00020695364238410596
20260710	0.05	24full	0.15	joint_vstat	9861	5	2	2	9662	9664	1.0	0.00020695364238410596
20260710	0.05	24full	0.2	joint_vstat	9861	5	2	2	9662	9664	1.0	0.00020695364238410596
20260710	0.05	24full	0.3	joint_vstat	9861	5	2	2	9662	9664	1.0	0.00020695364238410596
20260710	0.05	24full	0.4	joint_vstat	9861	5	2	2	9653	9655	1.0	0.00020714655618850336
20260710	0.05	24full	0.5	joint_vstat	9861	5	2	2	4930	4932	1.0	0.00040551500405515005
20260710	0.05	24full	0.6	joint_vstat	9861	5	2	0	2	2	0.0	0.0
20260710	0.05	24full	0.7	joint_vstat	9861	5	2	0	0	0	0.0	0.0
20260710	0.05	24full	0.8	joint_vstat	9861	5	2	0	0	0	0.0	0.0
20260710	0.05	24full	0.9	joint_vstat	9861	5	2	0	0	0	0.0	0.0
20260710	0.05	24full	0.05	vmean_only	9861	5	2	2	9662	9664	1.0	0.00020695364238410596
20260710	0.05	24full	0.1	vmean_only	9861	5	2	2	9662	9664	1.0	0.00020695364238410596
20260710	0.05	24full	0.15	vmean_only	9861	5	2	2	9662	9664	1.0	0.00020695364238410596
20260710	0.05	24full	0.2	vmean_only	9861	5	2	2	9662	9664	1.0	0.00020695364238410596
20260710	0.05	24full	0.3	vmean_only	9861	5	2	2	9662	9664	1.0	0.00020695364238410596
20260710	0.05	24full	0.4	vmean_only	9861	5	2	2	9662	9664	1.0	0.00020695364238410596
20260710	0.05	24full	0.5	vmean_only	9861	5	2	1	4621	4622	0.5	0.00021635655560363478
20260710	0.05	24full	0.6	vmean_only	9861	5	2	0	0	0	0.0	0.0
20260710	0.05	24full	0.7	vmean_only	9861	5	2	0	0	0	0.0	0.0
20260710	0.05	24full	0.8	vmean_only	9861	5	2	0	0	0	0.0	0.0
20260710	0.05	24full	0.9	vmean_only	9861	5	2	0	0	0	0.0	0.0
20260710	0.05	20raw	0.05	joint_vstat	9861	5	2	2	9662	9664	1.0	0.00020695364238410596
20260710	0.05	20raw	0.1	joint_vstat	9861	5	2	2	9662	9664	1.0	0.00020695364238410596
20260710	0.05	20raw	0.15	joint_vstat	9861	5	2	2	9662	9664	1.0	0.00020695364238410596
20260710	0.05	20raw	0.2	joint_vstat	9861	5	2	2	9662	9664	1.0	0.00020695364238410596
20260710	0.05	20raw	0.3	joint_vstat	9861	5	2	2	9662	9664	1.0	0.00020695364238410596
20260710	0.05	20raw	0.4	joint_vstat	9861	5	2	2	9653	9655	1.0	0.00020714655618850336
20260710	0.05	20raw	0.5	joint_vstat	9861	5	2	2	4919	4921	1.0	0.000406421459053038
20260710	0.05	20raw	0.6	joint_vstat	9861	5	2	0	2	2	0.0	0.0
20260710	0.05	20raw	0.7	joint_vstat	9861	5	2	0	0	0	0.0	0.0
20260710	0.05	20raw	0.8	joint_vstat	9861	5	2	0	0	0	0.0	0.0
20260710	0.05	20raw	0.9	joint_vstat	9861	5	2	0	0	0	0.0	0.0
20260710	0.05	20raw	0.05	vmean_only	9861	5	2	2	9662	9664	1.0	0.00020695364238410596
20260710	0.05	20raw	0.1	vmean_only	9861	5	2	2	9662	9664	1.0	0.00020695364238410596
20260710	0.05	20raw	0.15	vmean_only	9861	5	2	2	9662	9664	1.0	0.00020695364238410596
20260710	0.05	20raw	0.2	vmean_only	9861	5	2	2	9662	9664	1.0	0.00020695364238410596
20260710	0.05	20raw	0.3	vmean_only	9861	5	2	2	9662	9664	1.0	0.00020695364238410596
20260710	0.05	20raw	0.4	vmean_only	9861	5	2	2	9662	9664	1.0	0.00020695364238410596
20260710	0.05	20raw	0.5	vmean_only	9861	5	2	1	4615	4616	0.5	0.0002166377816291161
20260710	0.05	20raw	0.6	vmean_only	9861	5	2	0	0	0	0.0	0.0
20260710	0.05	20raw	0.7	vmean_only	9861	5	2	0	0	0	0.0	0.0
20260710	0.05	20raw	0.8	vmean_only	9861	5	2	0	0	0	0.0	0.0
20260710	0.05	20raw	0.9	vmean_only	9861	5	2	0	0	0	0.0	0.0
20260710	0.05	20raw+minmax	0.05	joint_vstat	9861	5	2	2	9662	9664	1.0	0.00020695364238410596
20260710	0.05	20raw+minmax	0.1	joint_vstat	9861	5	2	2	9662	9664	1.0	0.00020695364238410596
20260710	0.05	20raw+minmax	0.15	joint_vstat	9861	5	2	2	9662	9664	1.0	0.00020695364238410596
20260710	0.05	20raw+minmax	0.2	joint_vstat	9861	5	2	2	9662	9664	1.0	0.00020695364238410596
20260710	0.05	20raw+minmax	0.3	joint_vstat	9861	5	2	2	9662	9664	1.0	0.00020695364238410596
20260710	0.05	20raw+minmax	0.4	joint_vstat	9861	5	2	2	9653	9655	1.0	0.00020714655618850336
20260710	0.05	20raw+minmax	0.5	joint_vstat	9861	5	2	2	4930	4932	1.0	0.00040551500405515005
20260710	0.05	20raw+minmax	0.6	joint_vstat	9861	5	2	0	2	2	0.0	0.0
20260710	0.05	20raw+minmax	0.7	joint_vstat	9861	5	2	0	0	0	0.0	0.0
20260710	0.05	20raw+minmax	0.8	joint_vstat	9861	5	2	0	0	0	0.0	0.0
20260710	0.05	20raw+minmax	0.9	joint_vstat	9861	5	2	0	0	0	0.0	0.0
20260710	0.05	20raw+minmax	0.05	vmean_only	9861	5	2	2	9662	9664	1.0	0.00020695364238410596
20260710	0.05	20raw+minmax	0.1	vmean_only	9861	5	2	2	9662	9664	1.0	0.00020695364238410596
20260710	0.05	20raw+minmax	0.15	vmean_only	9861	5	2	2	9662	9664	1.0	0.00020695364238410596
20260710	0.05	20raw+minmax	0.2	vmean_only	9861	5	2	2	9662	9664	1.0	0.00020695364238410596
20260710	0.05	20raw+minmax	0.3	vmean_only	9861	5	2	2	9662	9664	1.0	0.00020695364238410596
20260710	0.05	20raw+minmax	0.4	vmean_only	9861	5	2	2	9662	9664	1.0	0.00020695364238410596
20260710	0.05	20raw+minmax	0.5	vmean_only	9861	5	2	1	4625	4626	0.5	0.00021616947686986597
20260710	0.05	20raw+minmax	0.6	vmean_only	9861	5	2	0	0	0	0.0	0.0
20260710	0.05	20raw+minmax	0.7	vmean_only	9861	5	2	0	0	0	0.0	0.0
20260710	0.05	20raw+minmax	0.8	vmean_only	9861	5	2	0	0	0	0.0	0.0
20260710	0.05	20raw+minmax	0.9	vmean_only	9861	5	2	0	0	0	0.0	0.0
20260710	0.05	20raw+stat	0.05	joint_vstat	9861	5	2	2	9662	9664	1.0	0.00020695364238410596
20260710	0.05	20raw+stat	0.1	joint_vstat	9861	5	2	2	9662	9664	1.0	0.00020695364238410596
20260710	0.05	20raw+stat	0.15	joint_vstat	9861	5	2	2	9662	9664	1.0	0.00020695364238410596
20260710	0.05	20raw+stat	0.2	joint_vstat	9861	5	2	2	9662	9664	1.0	0.00020695364238410596
20260710	0.05	20raw+stat	0.3	joint_vstat	9861	5	2	2	9662	9664	1.0	0.00020695364238410596
20260710	0.05	20raw+stat	0.4	joint_vstat	9861	5	2	2	9653	9655	1.0	0.00020714655618850336
20260710	0.05	20raw+stat	0.5	joint_vstat	9861	5	2	2	4914	4916	1.0	0.0004068348250610252
20260710	0.05	20raw+stat	0.6	joint_vstat	9861	5	2	0	2	2	0.0	0.0
20260710	0.05	20raw+stat	0.7	joint_vstat	9861	5	2	0	0	0	0.0	0.0
20260710	0.05	20raw+stat	0.8	joint_vstat	9861	5	2	0	0	0	0.0	0.0
20260710	0.05	20raw+stat	0.9	joint_vstat	9861	5	2	0	0	0	0.0	0.0
20260710	0.05	20raw+stat	0.05	vmean_only	9861	5	2	2	9662	9664	1.0	0.00020695364238410596
20260710	0.05	20raw+stat	0.1	vmean_only	9861	5	2	2	9662	9664	1.0	0.00020695364238410596
20260710	0.05	20raw+stat	0.15	vmean_only	9861	5	2	2	9662	9664	1.0	0.00020695364238410596
20260710	0.05	20raw+stat	0.2	vmean_only	9861	5	2	2	9662	9664	1.0	0.00020695364238410596
20260710	0.05	20raw+stat	0.3	vmean_only	9861	5	2	2	9662	9664	1.0	0.00020695364238410596
20260710	0.05	20raw+stat	0.4	vmean_only	9861	5	2	2	9662	9664	1.0	0.00020695364238410596
20260710	0.05	20raw+stat	0.5	vmean_only	9861	5	2	1	4615	4616	0.5	0.0002166377816291161
20260710	0.05	20raw+stat	0.6	vmean_only	9861	5	2	0	0	0	0.0	0.0
20260710	0.05	20raw+stat	0.7	vmean_only	9861	5	2	0	0	0	0.0	0.0
20260710	0.05	20raw+stat	0.8	vmean_only	9861	5	2	0	0	0	0.0	0.0
20260710	0.05	20raw+stat	0.9	vmean_only	9861	5	2	0	0	0	0.0	0.0
20260712	1.44	24full	0.05	joint_vstat	10000	144	94	94	9706	9800	1.0	0.009591836734693878
20260712	1.44	24full	0.1	joint_vstat	10000	144	94	94	9706	9800	1.0	0.009591836734693878
20260712	1.44	24full	0.15	joint_vstat	10000	144	94	94	9706	9800	1.0	0.009591836734693878
20260712	1.44	24full	0.2	joint_vstat	10000	144	94	94	9706	9800	1.0	0.009591836734693878
20260712	1.44	24full	0.3	joint_vstat	10000	144	94	94	9706	9800	1.0	0.009591836734693878
20260712	1.44	24full	0.4	joint_vstat	10000	144	94	94	9697	9791	1.0	0.00960065366152589
20260712	1.44	24full	0.5	joint_vstat	10000	144	94	58	4944	5002	0.6170212765957447	0.011595361855257898
20260712	1.44	24full	0.6	joint_vstat	10000	144	94	0	2	2	0.0	0.0
20260712	1.44	24full	0.7	joint_vstat	10000	144	94	0	0	0	0.0	0.0
20260712	1.44	24full	0.8	joint_vstat	10000	144	94	0	0	0	0.0	0.0
20260712	1.44	24full	0.9	joint_vstat	10000	144	94	0	0	0	0.0	0.0
20260712	1.44	24full	0.05	vmean_only	10000	144	94	94	9706	9800	1.0	0.009591836734693878
20260712	1.44	24full	0.1	vmean_only	10000	144	94	94	9706	9800	1.0	0.009591836734693878
20260712	1.44	24full	0.15	vmean_only	10000	144	94	94	9706	9800	1.0	0.009591836734693878
20260712	1.44	24full	0.2	vmean_only	10000	144	94	94	9706	9800	1.0	0.009591836734693878
20260712	1.44	24full	0.3	vmean_only	10000	144	94	94	9706	9800	1.0	0.009591836734693878
20260712	1.44	24full	0.4	vmean_only	10000	144	94	94	9706	9800	1.0	0.009591836734693878
20260712	1.44	24full	0.5	vmean_only	10000	144	94	51	4649	4700	0.5425531914893617	0.010851063829787235
20260712	1.44	24full	0.6	vmean_only	10000	144	94	0	0	0	0.0	0.0
20260712	1.44	24full	0.7	vmean_only	10000	144	94	0	0	0	0.0	0.0
20260712	1.44	24full	0.8	vmean_only	10000	144	94	0	0	0	0.0	0.0
20260712	1.44	24full	0.9	vmean_only	10000	144	94	0	0	0	0.0	0.0
20260712	1.44	20raw	0.05	joint_vstat	10000	144	94	94	9706	9800	1.0	0.009591836734693878
20260712	1.44	20raw	0.1	joint_vstat	10000	144	94	94	9706	9800	1.0	0.009591836734693878
20260712	1.44	20raw	0.15	joint_vstat	10000	144	94	94	9706	9800	1.0	0.009591836734693878
20260712	1.44	20raw	0.2	joint_vstat	10000	144	94	94	9706	9800	1.0	0.009591836734693878
20260712	1.44	20raw	0.3	joint_vstat	10000	144	94	94	9706	9800	1.0	0.009591836734693878
20260712	1.44	20raw	0.4	joint_vstat	10000	144	94	94	9697	9791	1.0	0.00960065366152589
20260712	1.44	20raw	0.5	joint_vstat	10000	144	94	58	4940	4998	0.6170212765957447	0.011604641856742696
20260712	1.44	20raw	0.6	joint_vstat	10000	144	94	0	2	2	0.0	0.0
20260712	1.44	20raw	0.7	joint_vstat	10000	144	94	0	0	0	0.0	0.0
20260712	1.44	20raw	0.8	joint_vstat	10000	144	94	0	0	0	0.0	0.0
20260712	1.44	20raw	0.9	joint_vstat	10000	144	94	0	0	0	0.0	0.0
20260712	1.44	20raw	0.05	vmean_only	10000	144	94	94	9706	9800	1.0	0.009591836734693878
20260712	1.44	20raw	0.1	vmean_only	10000	144	94	94	9706	9800	1.0	0.009591836734693878
20260712	1.44	20raw	0.15	vmean_only	10000	144	94	94	9706	9800	1.0	0.009591836734693878
20260712	1.44	20raw	0.2	vmean_only	10000	144	94	94	9706	9800	1.0	0.009591836734693878
20260712	1.44	20raw	0.3	vmean_only	10000	144	94	94	9706	9800	1.0	0.009591836734693878
20260712	1.44	20raw	0.4	vmean_only	10000	144	94	94	9706	9800	1.0	0.009591836734693878
20260712	1.44	20raw	0.5	vmean_only	10000	144	94	51	4641	4692	0.5425531914893617	0.010869565217391304
20260712	1.44	20raw	0.6	vmean_only	10000	144	94	0	0	0	0.0	0.0
20260712	1.44	20raw	0.7	vmean_only	10000	144	94	0	0	0	0.0	0.0
20260712	1.44	20raw	0.8	vmean_only	10000	144	94	0	0	0	0.0	0.0
20260712	1.44	20raw	0.9	vmean_only	10000	144	94	0	0	0	0.0	0.0
20260712	1.44	20raw+minmax	0.05	joint_vstat	10000	144	91	91	9709	9800	1.0	0.009285714285714286
20260712	1.44	20raw+minmax	0.1	joint_vstat	10000	144	91	91	9709	9800	1.0	0.009285714285714286
20260712	1.44	20raw+minmax	0.15	joint_vstat	10000	144	91	91	9709	9800	1.0	0.009285714285714286
20260712	1.44	20raw+minmax	0.2	joint_vstat	10000	144	91	91	9709	9800	1.0	0.009285714285714286
20260712	1.44	20raw+minmax	0.3	joint_vstat	10000	144	91	91	9709	9800	1.0	0.009285714285714286
20260712	1.44	20raw+minmax	0.4	joint_vstat	10000	144	91	91	9700	9791	1.0	0.009294249821264427
20260712	1.44	20raw+minmax	0.5	joint_vstat	10000	144	91	57	4962	5019	0.6263736263736264	0.011356843992827256
20260712	1.44	20raw+minmax	0.6	joint_vstat	10000	144	91	0	2	2	0.0	0.0
20260712	1.44	20raw+minmax	0.7	joint_vstat	10000	144	91	0	0	0	0.0	0.0
20260712	1.44	20raw+minmax	0.8	joint_vstat	10000	144	91	0	0	0	0.0	0.0
20260712	1.44	20raw+minmax	0.9	joint_vstat	10000	144	91	0	0	0	0.0	0.0
20260712	1.44	20raw+minmax	0.05	vmean_only	10000	144	91	91	9709	9800	1.0	0.009285714285714286
20260712	1.44	20raw+minmax	0.1	vmean_only	10000	144	91	91	9709	9800	1.0	0.009285714285714286
20260712	1.44	20raw+minmax	0.15	vmean_only	10000	144	91	91	9709	9800	1.0	0.009285714285714286
20260712	1.44	20raw+minmax	0.2	vmean_only	10000	144	91	91	9709	9800	1.0	0.009285714285714286
20260712	1.44	20raw+minmax	0.3	vmean_only	10000	144	91	91	9709	9800	1.0	0.009285714285714286
20260712	1.44	20raw+minmax	0.4	vmean_only	10000	144	91	91	9709	9800	1.0	0.009285714285714286
20260712	1.44	20raw+minmax	0.5	vmean_only	10000	144	91	48	4656	4704	0.5274725274725275	0.01020408163265306
20260712	1.44	20raw+minmax	0.6	vmean_only	10000	144	91	0	0	0	0.0	0.0
20260712	1.44	20raw+minmax	0.7	vmean_only	10000	144	91	0	0	0	0.0	0.0
20260712	1.44	20raw+minmax	0.8	vmean_only	10000	144	91	0	0	0	0.0	0.0
20260712	1.44	20raw+minmax	0.9	vmean_only	10000	144	91	0	0	0	0.0	0.0
20260712	1.44	20raw+stat	0.05	joint_vstat	10000	144	92	92	9708	9800	1.0	0.009387755102040816
20260712	1.44	20raw+stat	0.1	joint_vstat	10000	144	92	92	9708	9800	1.0	0.009387755102040816
20260712	1.44	20raw+stat	0.15	joint_vstat	10000	144	92	92	9708	9800	1.0	0.009387755102040816
20260712	1.44	20raw+stat	0.2	joint_vstat	10000	144	92	92	9708	9800	1.0	0.009387755102040816
20260712	1.44	20raw+stat	0.3	joint_vstat	10000	144	92	92	9708	9800	1.0	0.009387755102040816
20260712	1.44	20raw+stat	0.4	joint_vstat	10000	144	92	92	9699	9791	1.0	0.009396384434684915
20260712	1.44	20raw+stat	0.5	joint_vstat	10000	144	92	57	4946	5003	0.6195652173913043	0.011393164101539077
20260712	1.44	20raw+stat	0.6	joint_vstat	10000	144	92	0	2	2	0.0	0.0
20260712	1.44	20raw+stat	0.7	joint_vstat	10000	144	92	0	0	0	0.0	0.0
20260712	1.44	20raw+stat	0.8	joint_vstat	10000	144	92	0	0	0	0.0	0.0
20260712	1.44	20raw+stat	0.9	joint_vstat	10000	144	92	0	0	0	0.0	0.0
20260712	1.44	20raw+stat	0.05	vmean_only	10000	144	92	92	9708	9800	1.0	0.009387755102040816
20260712	1.44	20raw+stat	0.1	vmean_only	10000	144	92	92	9708	9800	1.0	0.009387755102040816
20260712	1.44	20raw+stat	0.15	vmean_only	10000	144	92	92	9708	9800	1.0	0.009387755102040816
20260712	1.44	20raw+stat	0.2	vmean_only	10000	144	92	92	9708	9800	1.0	0.009387755102040816
20260712	1.44	20raw+stat	0.3	vmean_only	10000	144	92	92	9708	9800	1.0	0.009387755102040816
20260712	1.44	20raw+stat	0.4	vmean_only	10000	144	92	92	9708	9800	1.0	0.009387755102040816
20260712	1.44	20raw+stat	0.5	vmean_only	10000	144	92	49	4649	4698	0.532608695652174	0.010429970200085143
20260712	1.44	20raw+stat	0.6	vmean_only	10000	144	92	0	0	0	0.0	0.0
20260712	1.44	20raw+stat	0.7	vmean_only	10000	144	92	0	0	0	0.0	0.0
20260712	1.44	20raw+stat	0.8	vmean_only	10000	144	92	0	0	0	0.0	0.0
20260712	1.44	20raw+stat	0.9	vmean_only	10000	144	92	0	0	0	0.0	0.0
20260712	1.0	24full	0.05	joint_vstat	9956	100	67	67	9690	9757	1.0	0.006866864815004612
20260712	1.0	24full	0.1	joint_vstat	9956	100	67	67	9690	9757	1.0	0.006866864815004612
20260712	1.0	24full	0.15	joint_vstat	9956	100	67	67	9690	9757	1.0	0.006866864815004612
20260712	1.0	24full	0.2	joint_vstat	9956	100	67	67	9690	9757	1.0	0.006866864815004612
20260712	1.0	24full	0.3	joint_vstat	9956	100	67	67	9690	9757	1.0	0.006866864815004612
20260712	1.0	24full	0.4	joint_vstat	9956	100	67	67	9681	9748	1.0	0.006873204759950759
20260712	1.0	24full	0.5	joint_vstat	9956	100	67	40	4938	4978	0.5970149253731343	0.008035355564483728
20260712	1.0	24full	0.6	joint_vstat	9956	100	67	0	2	2	0.0	0.0
20260712	1.0	24full	0.7	joint_vstat	9956	100	67	0	0	0	0.0	0.0
20260712	1.0	24full	0.8	joint_vstat	9956	100	67	0	0	0	0.0	0.0
20260712	1.0	24full	0.9	joint_vstat	9956	100	67	0	0	0	0.0	0.0
20260712	1.0	24full	0.05	vmean_only	9956	100	67	67	9690	9757	1.0	0.006866864815004612
20260712	1.0	24full	0.1	vmean_only	9956	100	67	67	9690	9757	1.0	0.006866864815004612
20260712	1.0	24full	0.15	vmean_only	9956	100	67	67	9690	9757	1.0	0.006866864815004612
20260712	1.0	24full	0.2	vmean_only	9956	100	67	67	9690	9757	1.0	0.006866864815004612
20260712	1.0	24full	0.3	vmean_only	9956	100	67	67	9690	9757	1.0	0.006866864815004612
20260712	1.0	24full	0.4	vmean_only	9956	100	67	67	9690	9757	1.0	0.006866864815004612
20260712	1.0	24full	0.5	vmean_only	9956	100	67	37	4642	4679	0.5522388059701493	0.007907672579611029
20260712	1.0	24full	0.6	vmean_only	9956	100	67	0	0	0	0.0	0.0
20260712	1.0	24full	0.7	vmean_only	9956	100	67	0	0	0	0.0	0.0
20260712	1.0	24full	0.8	vmean_only	9956	100	67	0	0	0	0.0	0.0
20260712	1.0	24full	0.9	vmean_only	9956	100	67	0	0	0	0.0	0.0
20260712	1.0	20raw	0.05	joint_vstat	9956	100	64	64	9693	9757	1.0	0.006559393256123809
20260712	1.0	20raw	0.1	joint_vstat	9956	100	64	64	9693	9757	1.0	0.006559393256123809
20260712	1.0	20raw	0.15	joint_vstat	9956	100	64	64	9693	9757	1.0	0.006559393256123809
20260712	1.0	20raw	0.2	joint_vstat	9956	100	64	64	9693	9757	1.0	0.006559393256123809
20260712	1.0	20raw	0.3	joint_vstat	9956	100	64	64	9693	9757	1.0	0.006559393256123809
20260712	1.0	20raw	0.4	joint_vstat	9956	100	64	64	9684	9748	1.0	0.006565449322938038
20260712	1.0	20raw	0.5	joint_vstat	9956	100	64	38	4933	4971	0.59375	0.007644337155501911
20260712	1.0	20raw	0.6	joint_vstat	9956	100	64	0	2	2	0.0	0.0
20260712	1.0	20raw	0.7	joint_vstat	9956	100	64	0	0	0	0.0	0.0
20260712	1.0	20raw	0.8	joint_vstat	9956	100	64	0	0	0	0.0	0.0
20260712	1.0	20raw	0.9	joint_vstat	9956	100	64	0	0	0	0.0	0.0
20260712	1.0	20raw	0.05	vmean_only	9956	100	64	64	9693	9757	1.0	0.006559393256123809
20260712	1.0	20raw	0.1	vmean_only	9956	100	64	64	9693	9757	1.0	0.006559393256123809
20260712	1.0	20raw	0.15	vmean_only	9956	100	64	64	9693	9757	1.0	0.006559393256123809
20260712	1.0	20raw	0.2	vmean_only	9956	100	64	64	9693	9757	1.0	0.006559393256123809
20260712	1.0	20raw	0.3	vmean_only	9956	100	64	64	9693	9757	1.0	0.006559393256123809
20260712	1.0	20raw	0.4	vmean_only	9956	100	64	64	9693	9757	1.0	0.006559393256123809
20260712	1.0	20raw	0.5	vmean_only	9956	100	64	36	4636	4672	0.5625	0.007705479452054794
20260712	1.0	20raw	0.6	vmean_only	9956	100	64	0	0	0	0.0	0.0
20260712	1.0	20raw	0.7	vmean_only	9956	100	64	0	0	0	0.0	0.0
20260712	1.0	20raw	0.8	vmean_only	9956	100	64	0	0	0	0.0	0.0
20260712	1.0	20raw	0.9	vmean_only	9956	100	64	0	0	0	0.0	0.0
20260712	1.0	20raw+minmax	0.05	joint_vstat	9956	100	62	62	9695	9757	1.0	0.00635441221686994
20260712	1.0	20raw+minmax	0.1	joint_vstat	9956	100	62	62	9695	9757	1.0	0.00635441221686994
20260712	1.0	20raw+minmax	0.15	joint_vstat	9956	100	62	62	9695	9757	1.0	0.00635441221686994
20260712	1.0	20raw+minmax	0.2	joint_vstat	9956	100	62	62	9695	9757	1.0	0.00635441221686994
20260712	1.0	20raw+minmax	0.3	joint_vstat	9956	100	62	62	9695	9757	1.0	0.00635441221686994
20260712	1.0	20raw+minmax	0.4	joint_vstat	9956	100	62	62	9686	9748	1.0	0.006360279031596225
20260712	1.0	20raw+minmax	0.5	joint_vstat	9956	100	62	38	4953	4991	0.6129032258064516	0.007613704668403126
20260712	1.0	20raw+minmax	0.6	joint_vstat	9956	100	62	0	2	2	0.0	0.0
20260712	1.0	20raw+minmax	0.7	joint_vstat	9956	100	62	0	0	0	0.0	0.0
20260712	1.0	20raw+minmax	0.8	joint_vstat	9956	100	62	0	0	0	0.0	0.0
20260712	1.0	20raw+minmax	0.9	joint_vstat	9956	100	62	0	0	0	0.0	0.0
20260712	1.0	20raw+minmax	0.05	vmean_only	9956	100	62	62	9695	9757	1.0	0.00635441221686994
20260712	1.0	20raw+minmax	0.1	vmean_only	9956	100	62	62	9695	9757	1.0	0.00635441221686994
20260712	1.0	20raw+minmax	0.15	vmean_only	9956	100	62	62	9695	9757	1.0	0.00635441221686994
20260712	1.0	20raw+minmax	0.2	vmean_only	9956	100	62	62	9695	9757	1.0	0.00635441221686994
20260712	1.0	20raw+minmax	0.3	vmean_only	9956	100	62	62	9695	9757	1.0	0.00635441221686994
20260712	1.0	20raw+minmax	0.4	vmean_only	9956	100	62	62	9695	9757	1.0	0.00635441221686994
20260712	1.0	20raw+minmax	0.5	vmean_only	9956	100	62	34	4649	4683	0.5483870967741935	0.007260303224428785
20260712	1.0	20raw+minmax	0.6	vmean_only	9956	100	62	0	0	0	0.0	0.0
20260712	1.0	20raw+minmax	0.7	vmean_only	9956	100	62	0	0	0	0.0	0.0
20260712	1.0	20raw+minmax	0.8	vmean_only	9956	100	62	0	0	0	0.0	0.0
20260712	1.0	20raw+minmax	0.9	vmean_only	9956	100	62	0	0	0	0.0	0.0
20260712	1.0	20raw+stat	0.05	joint_vstat	9956	100	60	60	9697	9757	1.0	0.006149431177616071
20260712	1.0	20raw+stat	0.1	joint_vstat	9956	100	60	60	9697	9757	1.0	0.006149431177616071
20260712	1.0	20raw+stat	0.15	joint_vstat	9956	100	60	60	9697	9757	1.0	0.006149431177616071
20260712	1.0	20raw+stat	0.2	joint_vstat	9956	100	60	60	9697	9757	1.0	0.006149431177616071
20260712	1.0	20raw+stat	0.3	joint_vstat	9956	100	60	60	9697	9757	1.0	0.006149431177616071
20260712	1.0	20raw+stat	0.4	joint_vstat	9956	100	60	60	9688	9748	1.0	0.006155108740254411
20260712	1.0	20raw+stat	0.5	joint_vstat	9956	100	60	36	4939	4975	0.6	0.007236180904522613
20260712	1.0	20raw+stat	0.6	joint_vstat	9956	100	60	0	2	2	0.0	0.0
20260712	1.0	20raw+stat	0.7	joint_vstat	9956	100	60	0	0	0	0.0	0.0
20260712	1.0	20raw+stat	0.8	joint_vstat	9956	100	60	0	0	0	0.0	0.0
20260712	1.0	20raw+stat	0.9	joint_vstat	9956	100	60	0	0	0	0.0	0.0
20260712	1.0	20raw+stat	0.05	vmean_only	9956	100	60	60	9697	9757	1.0	0.006149431177616071
20260712	1.0	20raw+stat	0.1	vmean_only	9956	100	60	60	9697	9757	1.0	0.006149431177616071
20260712	1.0	20raw+stat	0.15	vmean_only	9956	100	60	60	9697	9757	1.0	0.006149431177616071
20260712	1.0	20raw+stat	0.2	vmean_only	9956	100	60	60	9697	9757	1.0	0.006149431177616071
20260712	1.0	20raw+stat	0.3	vmean_only	9956	100	60	60	9697	9757	1.0	0.006149431177616071
20260712	1.0	20raw+stat	0.4	vmean_only	9956	100	60	60	9697	9757	1.0	0.006149431177616071
20260712	1.0	20raw+stat	0.5	vmean_only	9956	100	60	33	4641	4674	0.55	0.007060333761232349
20260712	1.0	20raw+stat	0.6	vmean_only	9956	100	60	0	0	0	0.0	0.0
20260712	1.0	20raw+stat	0.7	vmean_only	9956	100	60	0	0	0	0.0	0.0
20260712	1.0	20raw+stat	0.8	vmean_only	9956	100	60	0	0	0	0.0	0.0
20260712	1.0	20raw+stat	0.9	vmean_only	9956	100	60	0	0	0	0.0	0.0
20260712	0.5	24full	0.05	joint_vstat	9906	50	33	33	9675	9708	1.0	0.003399258343634116
20260712	0.5	24full	0.1	joint_vstat	9906	50	33	33	9675	9708	1.0	0.003399258343634116
20260712	0.5	24full	0.15	joint_vstat	9906	50	33	33	9675	9708	1.0	0.003399258343634116
20260712	0.5	24full	0.2	joint_vstat	9906	50	33	33	9675	9708	1.0	0.003399258343634116
20260712	0.5	24full	0.3	joint_vstat	9906	50	33	33	9675	9708	1.0	0.003399258343634116
20260712	0.5	24full	0.4	joint_vstat	9906	50	33	33	9666	9699	1.0	0.0034024126198577173
20260712	0.5	24full	0.5	joint_vstat	9906	50	33	23	4928	4951	0.696969696969697	0.004645526156332054
20260712	0.5	24full	0.6	joint_vstat	9906	50	33	0	2	2	0.0	0.0
20260712	0.5	24full	0.7	joint_vstat	9906	50	33	0	0	0	0.0	0.0
20260712	0.5	24full	0.8	joint_vstat	9906	50	33	0	0	0	0.0	0.0
20260712	0.5	24full	0.9	joint_vstat	9906	50	33	0	0	0	0.0	0.0
20260712	0.5	24full	0.05	vmean_only	9906	50	33	33	9675	9708	1.0	0.003399258343634116
20260712	0.5	24full	0.1	vmean_only	9906	50	33	33	9675	9708	1.0	0.003399258343634116
20260712	0.5	24full	0.15	vmean_only	9906	50	33	33	9675	9708	1.0	0.003399258343634116
20260712	0.5	24full	0.2	vmean_only	9906	50	33	33	9675	9708	1.0	0.003399258343634116
20260712	0.5	24full	0.3	vmean_only	9906	50	33	33	9675	9708	1.0	0.003399258343634116
20260712	0.5	24full	0.4	vmean_only	9906	50	33	33	9675	9708	1.0	0.003399258343634116
20260712	0.5	24full	0.5	vmean_only	9906	50	33	23	4631	4654	0.696969696969697	0.004941985388912763
20260712	0.5	24full	0.6	vmean_only	9906	50	33	0	0	0	0.0	0.0
20260712	0.5	24full	0.7	vmean_only	9906	50	33	0	0	0	0.0	0.0
20260712	0.5	24full	0.8	vmean_only	9906	50	33	0	0	0	0.0	0.0
20260712	0.5	24full	0.9	vmean_only	9906	50	33	0	0	0	0.0	0.0
20260712	0.5	20raw	0.05	joint_vstat	9906	50	29	29	9679	9708	1.0	0.0029872270292542235
20260712	0.5	20raw	0.1	joint_vstat	9906	50	29	29	9679	9708	1.0	0.0029872270292542235
20260712	0.5	20raw	0.15	joint_vstat	9906	50	29	29	9679	9708	1.0	0.0029872270292542235
20260712	0.5	20raw	0.2	joint_vstat	9906	50	29	29	9679	9708	1.0	0.0029872270292542235
20260712	0.5	20raw	0.3	joint_vstat	9906	50	29	29	9679	9708	1.0	0.0029872270292542235
20260712	0.5	20raw	0.4	joint_vstat	9906	50	29	29	9670	9699	1.0	0.0029899989689658726
20260712	0.5	20raw	0.5	joint_vstat	9906	50	29	20	4926	4946	0.6896551724137931	0.0040436716538617065
20260712	0.5	20raw	0.6	joint_vstat	9906	50	29	0	2	2	0.0	0.0
20260712	0.5	20raw	0.7	joint_vstat	9906	50	29	0	0	0	0.0	0.0
20260712	0.5	20raw	0.8	joint_vstat	9906	50	29	0	0	0	0.0	0.0
20260712	0.5	20raw	0.9	joint_vstat	9906	50	29	0	0	0	0.0	0.0
20260712	0.5	20raw	0.05	vmean_only	9906	50	29	29	9679	9708	1.0	0.0029872270292542235
20260712	0.5	20raw	0.1	vmean_only	9906	50	29	29	9679	9708	1.0	0.0029872270292542235
20260712	0.5	20raw	0.15	vmean_only	9906	50	29	29	9679	9708	1.0	0.0029872270292542235
20260712	0.5	20raw	0.2	vmean_only	9906	50	29	29	9679	9708	1.0	0.0029872270292542235
20260712	0.5	20raw	0.3	vmean_only	9906	50	29	29	9679	9708	1.0	0.0029872270292542235
20260712	0.5	20raw	0.4	vmean_only	9906	50	29	29	9679	9708	1.0	0.0029872270292542235
20260712	0.5	20raw	0.5	vmean_only	9906	50	29	21	4628	4649	0.7241379310344828	0.004517100451710045
20260712	0.5	20raw	0.6	vmean_only	9906	50	29	0	0	0	0.0	0.0
20260712	0.5	20raw	0.7	vmean_only	9906	50	29	0	0	0	0.0	0.0
20260712	0.5	20raw	0.8	vmean_only	9906	50	29	0	0	0	0.0	0.0
20260712	0.5	20raw	0.9	vmean_only	9906	50	29	0	0	0	0.0	0.0
20260712	0.5	20raw+minmax	0.05	joint_vstat	9906	50	30	30	9678	9708	1.0	0.0030902348578491965
20260712	0.5	20raw+minmax	0.1	joint_vstat	9906	50	30	30	9678	9708	1.0	0.0030902348578491965
20260712	0.5	20raw+minmax	0.15	joint_vstat	9906	50	30	30	9678	9708	1.0	0.0030902348578491965
20260712	0.5	20raw+minmax	0.2	joint_vstat	9906	50	30	30	9678	9708	1.0	0.0030902348578491965
20260712	0.5	20raw+minmax	0.3	joint_vstat	9906	50	30	30	9678	9708	1.0	0.0030902348578491965
20260712	0.5	20raw+minmax	0.4	joint_vstat	9906	50	30	30	9669	9699	1.0	0.003093102381688834
20260712	0.5	20raw+minmax	0.5	joint_vstat	9906	50	30	22	4945	4967	0.7333333333333333	0.004429232937386752
20260712	0.5	20raw+minmax	0.6	joint_vstat	9906	50	30	0	2	2	0.0	0.0
20260712	0.5	20raw+minmax	0.7	joint_vstat	9906	50	30	0	0	0	0.0	0.0
20260712	0.5	20raw+minmax	0.8	joint_vstat	9906	50	30	0	0	0	0.0	0.0
20260712	0.5	20raw+minmax	0.9	joint_vstat	9906	50	30	0	0	0	0.0	0.0
20260712	0.5	20raw+minmax	0.05	vmean_only	9906	50	30	30	9678	9708	1.0	0.0030902348578491965
20260712	0.5	20raw+minmax	0.1	vmean_only	9906	50	30	30	9678	9708	1.0	0.0030902348578491965
20260712	0.5	20raw+minmax	0.15	vmean_only	9906	50	30	30	9678	9708	1.0	0.0030902348578491965
20260712	0.5	20raw+minmax	0.2	vmean_only	9906	50	30	30	9678	9708	1.0	0.0030902348578491965
20260712	0.5	20raw+minmax	0.3	vmean_only	9906	50	30	30	9678	9708	1.0	0.0030902348578491965
20260712	0.5	20raw+minmax	0.4	vmean_only	9906	50	30	30	9678	9708	1.0	0.0030902348578491965
20260712	0.5	20raw+minmax	0.5	vmean_only	9906	50	30	22	4637	4659	0.7333333333333333	0.00472204335694355
20260712	0.5	20raw+minmax	0.6	vmean_only	9906	50	30	0	0	0	0.0	0.0
20260712	0.5	20raw+minmax	0.7	vmean_only	9906	50	30	0	0	0	0.0	0.0
20260712	0.5	20raw+minmax	0.8	vmean_only	9906	50	30	0	0	0	0.0	0.0
20260712	0.5	20raw+minmax	0.9	vmean_only	9906	50	30	0	0	0	0.0	0.0
20260712	0.5	20raw+stat	0.05	joint_vstat	9906	50	31	31	9677	9708	1.0	0.00319324268644417
20260712	0.5	20raw+stat	0.1	joint_vstat	9906	50	31	31	9677	9708	1.0	0.00319324268644417
20260712	0.5	20raw+stat	0.15	joint_vstat	9906	50	31	31	9677	9708	1.0	0.00319324268644417
20260712	0.5	20raw+stat	0.2	joint_vstat	9906	50	31	31	9677	9708	1.0	0.00319324268644417
20260712	0.5	20raw+stat	0.3	joint_vstat	9906	50	31	31	9677	9708	1.0	0.00319324268644417
20260712	0.5	20raw+stat	0.4	joint_vstat	9906	50	31	31	9668	9699	1.0	0.003196205794411795
20260712	0.5	20raw+stat	0.5	joint_vstat	9906	50	31	22	4928	4950	0.7096774193548387	0.0044444444444444444
20260712	0.5	20raw+stat	0.6	joint_vstat	9906	50	31	0	2	2	0.0	0.0
20260712	0.5	20raw+stat	0.7	joint_vstat	9906	50	31	0	0	0	0.0	0.0
20260712	0.5	20raw+stat	0.8	joint_vstat	9906	50	31	0	0	0	0.0	0.0
20260712	0.5	20raw+stat	0.9	joint_vstat	9906	50	31	0	0	0	0.0	0.0
20260712	0.5	20raw+stat	0.05	vmean_only	9906	50	31	31	9677	9708	1.0	0.00319324268644417
20260712	0.5	20raw+stat	0.1	vmean_only	9906	50	31	31	9677	9708	1.0	0.00319324268644417
20260712	0.5	20raw+stat	0.15	vmean_only	9906	50	31	31	9677	9708	1.0	0.00319324268644417
20260712	0.5	20raw+stat	0.2	vmean_only	9906	50	31	31	9677	9708	1.0	0.00319324268644417
20260712	0.5	20raw+stat	0.3	vmean_only	9906	50	31	31	9677	9708	1.0	0.00319324268644417
20260712	0.5	20raw+stat	0.4	vmean_only	9906	50	31	31	9677	9708	1.0	0.00319324268644417
20260712	0.5	20raw+stat	0.5	vmean_only	9906	50	31	22	4628	4650	0.7096774193548387	0.004731182795698925
20260712	0.5	20raw+stat	0.6	vmean_only	9906	50	31	0	0	0	0.0	0.0
20260712	0.5	20raw+stat	0.7	vmean_only	9906	50	31	0	0	0	0.0	0.0
20260712	0.5	20raw+stat	0.8	vmean_only	9906	50	31	0	0	0	0.0	0.0
20260712	0.5	20raw+stat	0.9	vmean_only	9906	50	31	0	0	0	0.0	0.0
20260712	0.1	24full	0.05	joint_vstat	9866	10	5	5	9664	9669	1.0	0.0005171165580721895
20260712	0.1	24full	0.1	joint_vstat	9866	10	5	5	9664	9669	1.0	0.0005171165580721895
20260712	0.1	24full	0.15	joint_vstat	9866	10	5	5	9664	9669	1.0	0.0005171165580721895
20260712	0.1	24full	0.2	joint_vstat	9866	10	5	5	9664	9669	1.0	0.0005171165580721895
20260712	0.1	24full	0.3	joint_vstat	9866	10	5	5	9664	9669	1.0	0.0005171165580721895
20260712	0.1	24full	0.4	joint_vstat	9866	10	5	5	9655	9660	1.0	0.0005175983436853002
20260712	0.1	24full	0.5	joint_vstat	9866	10	5	4	4922	4926	0.8	0.0008120178643930166
20260712	0.1	24full	0.6	joint_vstat	9866	10	5	0	2	2	0.0	0.0
20260712	0.1	24full	0.7	joint_vstat	9866	10	5	0	0	0	0.0	0.0
20260712	0.1	24full	0.8	joint_vstat	9866	10	5	0	0	0	0.0	0.0
20260712	0.1	24full	0.9	joint_vstat	9866	10	5	0	0	0	0.0	0.0
20260712	0.1	24full	0.05	vmean_only	9866	10	5	5	9664	9669	1.0	0.0005171165580721895
20260712	0.1	24full	0.1	vmean_only	9866	10	5	5	9664	9669	1.0	0.0005171165580721895
20260712	0.1	24full	0.15	vmean_only	9866	10	5	5	9664	9669	1.0	0.0005171165580721895
20260712	0.1	24full	0.2	vmean_only	9866	10	5	5	9664	9669	1.0	0.0005171165580721895
20260712	0.1	24full	0.3	vmean_only	9866	10	5	5	9664	9669	1.0	0.0005171165580721895
20260712	0.1	24full	0.4	vmean_only	9866	10	5	5	9664	9669	1.0	0.0005171165580721895
20260712	0.1	24full	0.5	vmean_only	9866	10	5	4	4625	4629	0.8	0.0008641175199827177
20260712	0.1	24full	0.6	vmean_only	9866	10	5	0	0	0	0.0	0.0
20260712	0.1	24full	0.7	vmean_only	9866	10	5	0	0	0	0.0	0.0
20260712	0.1	24full	0.8	vmean_only	9866	10	5	0	0	0	0.0	0.0
20260712	0.1	24full	0.9	vmean_only	9866	10	5	0	0	0	0.0	0.0
20260712	0.1	20raw	0.05	joint_vstat	9866	10	5	5	9664	9669	1.0	0.0005171165580721895
20260712	0.1	20raw	0.1	joint_vstat	9866	10	5	5	9664	9669	1.0	0.0005171165580721895
20260712	0.1	20raw	0.15	joint_vstat	9866	10	5	5	9664	9669	1.0	0.0005171165580721895
20260712	0.1	20raw	0.2	joint_vstat	9866	10	5	5	9664	9669	1.0	0.0005171165580721895
20260712	0.1	20raw	0.3	joint_vstat	9866	10	5	5	9664	9669	1.0	0.0005171165580721895
20260712	0.1	20raw	0.4	joint_vstat	9866	10	5	5	9655	9660	1.0	0.0005175983436853002
20260712	0.1	20raw	0.5	joint_vstat	9866	10	5	4	4916	4920	0.8	0.0008130081300813008
20260712	0.1	20raw	0.6	joint_vstat	9866	10	5	0	2	2	0.0	0.0
20260712	0.1	20raw	0.7	joint_vstat	9866	10	5	0	0	0	0.0	0.0
20260712	0.1	20raw	0.8	joint_vstat	9866	10	5	0	0	0	0.0	0.0
20260712	0.1	20raw	0.9	joint_vstat	9866	10	5	0	0	0	0.0	0.0
20260712	0.1	20raw	0.05	vmean_only	9866	10	5	5	9664	9669	1.0	0.0005171165580721895
20260712	0.1	20raw	0.1	vmean_only	9866	10	5	5	9664	9669	1.0	0.0005171165580721895
20260712	0.1	20raw	0.15	vmean_only	9866	10	5	5	9664	9669	1.0	0.0005171165580721895
20260712	0.1	20raw	0.2	vmean_only	9866	10	5	5	9664	9669	1.0	0.0005171165580721895
20260712	0.1	20raw	0.3	vmean_only	9866	10	5	5	9664	9669	1.0	0.0005171165580721895
20260712	0.1	20raw	0.4	vmean_only	9866	10	5	5	9664	9669	1.0	0.0005171165580721895
20260712	0.1	20raw	0.5	vmean_only	9866	10	5	4	4620	4624	0.8	0.0008650519031141869
20260712	0.1	20raw	0.6	vmean_only	9866	10	5	0	0	0	0.0	0.0
20260712	0.1	20raw	0.7	vmean_only	9866	10	5	0	0	0	0.0	0.0
20260712	0.1	20raw	0.8	vmean_only	9866	10	5	0	0	0	0.0	0.0
20260712	0.1	20raw	0.9	vmean_only	9866	10	5	0	0	0	0.0	0.0
20260712	0.1	20raw+minmax	0.05	joint_vstat	9866	10	4	4	9665	9669	1.0	0.0004136932464577516
20260712	0.1	20raw+minmax	0.1	joint_vstat	9866	10	4	4	9665	9669	1.0	0.0004136932464577516
20260712	0.1	20raw+minmax	0.15	joint_vstat	9866	10	4	4	9665	9669	1.0	0.0004136932464577516
20260712	0.1	20raw+minmax	0.2	joint_vstat	9866	10	4	4	9665	9669	1.0	0.0004136932464577516
20260712	0.1	20raw+minmax	0.3	joint_vstat	9866	10	4	4	9665	9669	1.0	0.0004136932464577516
20260712	0.1	20raw+minmax	0.4	joint_vstat	9866	10	4	4	9656	9660	1.0	0.00041407867494824016
20260712	0.1	20raw+minmax	0.5	joint_vstat	9866	10	4	3	4941	4944	0.75	0.0006067961165048543
20260712	0.1	20raw+minmax	0.6	joint_vstat	9866	10	4	0	2	2	0.0	0.0
20260712	0.1	20raw+minmax	0.7	joint_vstat	9866	10	4	0	0	0	0.0	0.0
20260712	0.1	20raw+minmax	0.8	joint_vstat	9866	10	4	0	0	0	0.0	0.0
20260712	0.1	20raw+minmax	0.9	joint_vstat	9866	10	4	0	0	0	0.0	0.0
20260712	0.1	20raw+minmax	0.05	vmean_only	9866	10	4	4	9665	9669	1.0	0.0004136932464577516
20260712	0.1	20raw+minmax	0.1	vmean_only	9866	10	4	4	9665	9669	1.0	0.0004136932464577516
20260712	0.1	20raw+minmax	0.15	vmean_only	9866	10	4	4	9665	9669	1.0	0.0004136932464577516
20260712	0.1	20raw+minmax	0.2	vmean_only	9866	10	4	4	9665	9669	1.0	0.0004136932464577516
20260712	0.1	20raw+minmax	0.3	vmean_only	9866	10	4	4	9665	9669	1.0	0.0004136932464577516
20260712	0.1	20raw+minmax	0.4	vmean_only	9866	10	4	4	9665	9669	1.0	0.0004136932464577516
20260712	0.1	20raw+minmax	0.5	vmean_only	9866	10	4	3	4632	4635	0.75	0.0006472491909385113
20260712	0.1	20raw+minmax	0.6	vmean_only	9866	10	4	0	0	0	0.0	0.0
20260712	0.1	20raw+minmax	0.7	vmean_only	9866	10	4	0	0	0	0.0	0.0
20260712	0.1	20raw+minmax	0.8	vmean_only	9866	10	4	0	0	0	0.0	0.0
20260712	0.1	20raw+minmax	0.9	vmean_only	9866	10	4	0	0	0	0.0	0.0
20260712	0.1	20raw+stat	0.05	joint_vstat	9866	10	3	3	9666	9669	1.0	0.00031026993484331366
20260712	0.1	20raw+stat	0.1	joint_vstat	9866	10	3	3	9666	9669	1.0	0.00031026993484331366
20260712	0.1	20raw+stat	0.15	joint_vstat	9866	10	3	3	9666	9669	1.0	0.00031026993484331366
20260712	0.1	20raw+stat	0.2	joint_vstat	9866	10	3	3	9666	9669	1.0	0.00031026993484331366
20260712	0.1	20raw+stat	0.3	joint_vstat	9866	10	3	3	9666	9669	1.0	0.00031026993484331366
20260712	0.1	20raw+stat	0.4	joint_vstat	9866	10	3	3	9657	9660	1.0	0.00031055900621118014
20260712	0.1	20raw+stat	0.5	joint_vstat	9866	10	3	3	4924	4927	1.0	0.0006088897909478384
20260712	0.1	20raw+stat	0.6	joint_vstat	9866	10	3	0	2	2	0.0	0.0
20260712	0.1	20raw+stat	0.7	joint_vstat	9866	10	3	0	0	0	0.0	0.0
20260712	0.1	20raw+stat	0.8	joint_vstat	9866	10	3	0	0	0	0.0	0.0
20260712	0.1	20raw+stat	0.9	joint_vstat	9866	10	3	0	0	0	0.0	0.0
20260712	0.1	20raw+stat	0.05	vmean_only	9866	10	3	3	9666	9669	1.0	0.00031026993484331366
20260712	0.1	20raw+stat	0.1	vmean_only	9866	10	3	3	9666	9669	1.0	0.00031026993484331366
20260712	0.1	20raw+stat	0.15	vmean_only	9866	10	3	3	9666	9669	1.0	0.00031026993484331366
20260712	0.1	20raw+stat	0.2	vmean_only	9866	10	3	3	9666	9669	1.0	0.00031026993484331366
20260712	0.1	20raw+stat	0.3	vmean_only	9866	10	3	3	9666	9669	1.0	0.00031026993484331366
20260712	0.1	20raw+stat	0.4	vmean_only	9866	10	3	3	9666	9669	1.0	0.00031026993484331366
20260712	0.1	20raw+stat	0.5	vmean_only	9866	10	3	3	4624	4627	1.0	0.0006483682731791658
20260712	0.1	20raw+stat	0.6	vmean_only	9866	10	3	0	0	0	0.0	0.0
20260712	0.1	20raw+stat	0.7	vmean_only	9866	10	3	0	0	0	0.0	0.0
20260712	0.1	20raw+stat	0.8	vmean_only	9866	10	3	0	0	0	0.0	0.0
20260712	0.1	20raw+stat	0.9	vmean_only	9866	10	3	0	0	0	0.0	0.0
20260712	0.05	24full	0.05	joint_vstat	9861	5	4	4	9660	9664	1.0	0.0004139072847682119
20260712	0.05	24full	0.1	joint_vstat	9861	5	4	4	9660	9664	1.0	0.0004139072847682119
20260712	0.05	24full	0.15	joint_vstat	9861	5	4	4	9660	9664	1.0	0.0004139072847682119
20260712	0.05	24full	0.2	joint_vstat	9861	5	4	4	9660	9664	1.0	0.0004139072847682119
20260712	0.05	24full	0.3	joint_vstat	9861	5	4	4	9660	9664	1.0	0.0004139072847682119
20260712	0.05	24full	0.4	joint_vstat	9861	5	4	4	9651	9655	1.0	0.0004142931123770067
20260712	0.05	24full	0.5	joint_vstat	9861	5	4	3	4918	4921	0.75	0.000609632188579557
20260712	0.05	24full	0.6	joint_vstat	9861	5	4	0	2	2	0.0	0.0
20260712	0.05	24full	0.7	joint_vstat	9861	5	4	0	0	0	0.0	0.0
20260712	0.05	24full	0.8	joint_vstat	9861	5	4	0	0	0	0.0	0.0
20260712	0.05	24full	0.9	joint_vstat	9861	5	4	0	0	0	0.0	0.0
20260712	0.05	24full	0.05	vmean_only	9861	5	4	4	9660	9664	1.0	0.0004139072847682119
20260712	0.05	24full	0.1	vmean_only	9861	5	4	4	9660	9664	1.0	0.0004139072847682119
20260712	0.05	24full	0.15	vmean_only	9861	5	4	4	9660	9664	1.0	0.0004139072847682119
20260712	0.05	24full	0.2	vmean_only	9861	5	4	4	9660	9664	1.0	0.0004139072847682119
20260712	0.05	24full	0.3	vmean_only	9861	5	4	4	9660	9664	1.0	0.0004139072847682119
20260712	0.05	24full	0.4	vmean_only	9861	5	4	4	9660	9664	1.0	0.0004139072847682119
20260712	0.05	24full	0.5	vmean_only	9861	5	4	3	4623	4626	0.75	0.0006485084306095979
20260712	0.05	24full	0.6	vmean_only	9861	5	4	0	0	0	0.0	0.0
20260712	0.05	24full	0.7	vmean_only	9861	5	4	0	0	0	0.0	0.0
20260712	0.05	24full	0.8	vmean_only	9861	5	4	0	0	0	0.0	0.0
20260712	0.05	24full	0.9	vmean_only	9861	5	4	0	0	0	0.0	0.0
20260712	0.05	20raw	0.05	joint_vstat	9861	5	4	4	9660	9664	1.0	0.0004139072847682119
20260712	0.05	20raw	0.1	joint_vstat	9861	5	4	4	9660	9664	1.0	0.0004139072847682119
20260712	0.05	20raw	0.15	joint_vstat	9861	5	4	4	9660	9664	1.0	0.0004139072847682119
20260712	0.05	20raw	0.2	joint_vstat	9861	5	4	4	9660	9664	1.0	0.0004139072847682119
20260712	0.05	20raw	0.3	joint_vstat	9861	5	4	4	9660	9664	1.0	0.0004139072847682119
20260712	0.05	20raw	0.4	joint_vstat	9861	5	4	4	9651	9655	1.0	0.0004142931123770067
20260712	0.05	20raw	0.5	joint_vstat	9861	5	4	3	4914	4917	0.75	0.0006101281269066504
20260712	0.05	20raw	0.6	joint_vstat	9861	5	4	0	2	2	0.0	0.0
20260712	0.05	20raw	0.7	joint_vstat	9861	5	4	0	0	0	0.0	0.0
20260712	0.05	20raw	0.8	joint_vstat	9861	5	4	0	0	0	0.0	0.0
20260712	0.05	20raw	0.9	joint_vstat	9861	5	4	0	0	0	0.0	0.0
20260712	0.05	20raw	0.05	vmean_only	9861	5	4	4	9660	9664	1.0	0.0004139072847682119
20260712	0.05	20raw	0.1	vmean_only	9861	5	4	4	9660	9664	1.0	0.0004139072847682119
20260712	0.05	20raw	0.15	vmean_only	9861	5	4	4	9660	9664	1.0	0.0004139072847682119
20260712	0.05	20raw	0.2	vmean_only	9861	5	4	4	9660	9664	1.0	0.0004139072847682119
20260712	0.05	20raw	0.3	vmean_only	9861	5	4	4	9660	9664	1.0	0.0004139072847682119
20260712	0.05	20raw	0.4	vmean_only	9861	5	4	4	9660	9664	1.0	0.0004139072847682119
20260712	0.05	20raw	0.5	vmean_only	9861	5	4	3	4617	4620	0.75	0.0006493506493506494
20260712	0.05	20raw	0.6	vmean_only	9861	5	4	0	0	0	0.0	0.0
20260712	0.05	20raw	0.7	vmean_only	9861	5	4	0	0	0	0.0	0.0
20260712	0.05	20raw	0.8	vmean_only	9861	5	4	0	0	0	0.0	0.0
20260712	0.05	20raw	0.9	vmean_only	9861	5	4	0	0	0	0.0	0.0
20260712	0.05	20raw+minmax	0.05	joint_vstat	9861	5	4	4	9660	9664	1.0	0.0004139072847682119
20260712	0.05	20raw+minmax	0.1	joint_vstat	9861	5	4	4	9660	9664	1.0	0.0004139072847682119
20260712	0.05	20raw+minmax	0.15	joint_vstat	9861	5	4	4	9660	9664	1.0	0.0004139072847682119
20260712	0.05	20raw+minmax	0.2	joint_vstat	9861	5	4	4	9660	9664	1.0	0.0004139072847682119
20260712	0.05	20raw+minmax	0.3	joint_vstat	9861	5	4	4	9660	9664	1.0	0.0004139072847682119
20260712	0.05	20raw+minmax	0.4	joint_vstat	9861	5	4	4	9651	9655	1.0	0.0004142931123770067
20260712	0.05	20raw+minmax	0.5	joint_vstat	9861	5	4	3	4940	4943	0.75	0.000606918875177018
20260712	0.05	20raw+minmax	0.6	joint_vstat	9861	5	4	0	2	2	0.0	0.0
20260712	0.05	20raw+minmax	0.7	joint_vstat	9861	5	4	0	0	0	0.0	0.0
20260712	0.05	20raw+minmax	0.8	joint_vstat	9861	5	4	0	0	0	0.0	0.0
20260712	0.05	20raw+minmax	0.9	joint_vstat	9861	5	4	0	0	0	0.0	0.0
20260712	0.05	20raw+minmax	0.05	vmean_only	9861	5	4	4	9660	9664	1.0	0.0004139072847682119
20260712	0.05	20raw+minmax	0.1	vmean_only	9861	5	4	4	9660	9664	1.0	0.0004139072847682119
20260712	0.05	20raw+minmax	0.15	vmean_only	9861	5	4	4	9660	9664	1.0	0.0004139072847682119
20260712	0.05	20raw+minmax	0.2	vmean_only	9861	5	4	4	9660	9664	1.0	0.0004139072847682119
20260712	0.05	20raw+minmax	0.3	vmean_only	9861	5	4	4	9660	9664	1.0	0.0004139072847682119
20260712	0.05	20raw+minmax	0.4	vmean_only	9861	5	4	4	9660	9664	1.0	0.0004139072847682119
20260712	0.05	20raw+minmax	0.5	vmean_only	9861	5	4	3	4631	4634	0.75	0.0006473888649115235
20260712	0.05	20raw+minmax	0.6	vmean_only	9861	5	4	0	0	0	0.0	0.0
20260712	0.05	20raw+minmax	0.7	vmean_only	9861	5	4	0	0	0	0.0	0.0
20260712	0.05	20raw+minmax	0.8	vmean_only	9861	5	4	0	0	0	0.0	0.0
20260712	0.05	20raw+minmax	0.9	vmean_only	9861	5	4	0	0	0	0.0	0.0
20260712	0.05	20raw+stat	0.05	joint_vstat	9861	5	4	4	9660	9664	1.0	0.0004139072847682119
20260712	0.05	20raw+stat	0.1	joint_vstat	9861	5	4	4	9660	9664	1.0	0.0004139072847682119
20260712	0.05	20raw+stat	0.15	joint_vstat	9861	5	4	4	9660	9664	1.0	0.0004139072847682119
20260712	0.05	20raw+stat	0.2	joint_vstat	9861	5	4	4	9660	9664	1.0	0.0004139072847682119
20260712	0.05	20raw+stat	0.3	joint_vstat	9861	5	4	4	9660	9664	1.0	0.0004139072847682119
20260712	0.05	20raw+stat	0.4	joint_vstat	9861	5	4	4	9651	9655	1.0	0.0004142931123770067
20260712	0.05	20raw+stat	0.5	joint_vstat	9861	5	4	3	4921	4924	0.75	0.0006092607636068237
20260712	0.05	20raw+stat	0.6	joint_vstat	9861	5	4	0	2	2	0.0	0.0
20260712	0.05	20raw+stat	0.7	joint_vstat	9861	5	4	0	0	0	0.0	0.0
20260712	0.05	20raw+stat	0.8	joint_vstat	9861	5	4	0	0	0	0.0	0.0
20260712	0.05	20raw+stat	0.9	joint_vstat	9861	5	4	0	0	0	0.0	0.0
20260712	0.05	20raw+stat	0.05	vmean_only	9861	5	4	4	9660	9664	1.0	0.0004139072847682119
20260712	0.05	20raw+stat	0.1	vmean_only	9861	5	4	4	9660	9664	1.0	0.0004139072847682119
20260712	0.05	20raw+stat	0.15	vmean_only	9861	5	4	4	9660	9664	1.0	0.0004139072847682119
20260712	0.05	20raw+stat	0.2	vmean_only	9861	5	4	4	9660	9664	1.0	0.0004139072847682119
20260712	0.05	20raw+stat	0.3	vmean_only	9861	5	4	4	9660	9664	1.0	0.0004139072847682119
20260712	0.05	20raw+stat	0.4	vmean_only	9861	5	4	4	9660	9664	1.0	0.0004139072847682119
20260712	0.05	20raw+stat	0.5	vmean_only	9861	5	4	3	4622	4625	0.75	0.0006486486486486486
20260712	0.05	20raw+stat	0.6	vmean_only	9861	5	4	0	0	0	0.0	0.0
20260712	0.05	20raw+stat	0.7	vmean_only	9861	5	4	0	0	0	0.0	0.0
20260712	0.05	20raw+stat	0.8	vmean_only	9861	5	4	0	0	0	0.0	0.0
20260712	0.05	20raw+stat	0.9	vmean_only	9861	5	4	0	0	0	0.0	0.0
20260714	1.44	24full	0.05	joint_vstat	10000	144	90	90	9710	9800	1.0	0.009183673469387756
20260714	1.44	24full	0.1	joint_vstat	10000	144	90	90	9710	9800	1.0	0.009183673469387756
20260714	1.44	24full	0.15	joint_vstat	10000	144	90	90	9710	9800	1.0	0.009183673469387756
20260714	1.44	24full	0.2	joint_vstat	10000	144	90	90	9710	9800	1.0	0.009183673469387756
20260714	1.44	24full	0.3	joint_vstat	10000	144	90	90	9710	9800	1.0	0.009183673469387756
20260714	1.44	24full	0.4	joint_vstat	10000	144	90	90	9701	9791	1.0	0.009192115207843939
20260714	1.44	24full	0.5	joint_vstat	10000	144	90	54	4951	5005	0.6	0.01078921078921079
20260714	1.44	24full	0.6	joint_vstat	10000	144	90	0	2	2	0.0	0.0
20260714	1.44	24full	0.7	joint_vstat	10000	144	90	0	0	0	0.0	0.0
20260714	1.44	24full	0.8	joint_vstat	10000	144	90	0	0	0	0.0	0.0
20260714	1.44	24full	0.9	joint_vstat	10000	144	90	0	0	0	0.0	0.0
20260714	1.44	24full	0.05	vmean_only	10000	144	90	90	9710	9800	1.0	0.009183673469387756
20260714	1.44	24full	0.1	vmean_only	10000	144	90	90	9710	9800	1.0	0.009183673469387756
20260714	1.44	24full	0.15	vmean_only	10000	144	90	90	9710	9800	1.0	0.009183673469387756
20260714	1.44	24full	0.2	vmean_only	10000	144	90	90	9710	9800	1.0	0.009183673469387756
20260714	1.44	24full	0.3	vmean_only	10000	144	90	90	9710	9800	1.0	0.009183673469387756
20260714	1.44	24full	0.4	vmean_only	10000	144	90	90	9710	9800	1.0	0.009183673469387756
20260714	1.44	24full	0.5	vmean_only	10000	144	90	46	4645	4691	0.5111111111111111	0.009806011511404818
20260714	1.44	24full	0.6	vmean_only	10000	144	90	0	0	0	0.0	0.0
20260714	1.44	24full	0.7	vmean_only	10000	144	90	0	0	0	0.0	0.0
20260714	1.44	24full	0.8	vmean_only	10000	144	90	0	0	0	0.0	0.0
20260714	1.44	24full	0.9	vmean_only	10000	144	90	0	0	0	0.0	0.0
20260714	1.44	20raw	0.05	joint_vstat	10000	144	88	88	9712	9800	1.0	0.008979591836734694
20260714	1.44	20raw	0.1	joint_vstat	10000	144	88	88	9712	9800	1.0	0.008979591836734694
20260714	1.44	20raw	0.15	joint_vstat	10000	144	88	88	9712	9800	1.0	0.008979591836734694
20260714	1.44	20raw	0.2	joint_vstat	10000	144	88	88	9712	9800	1.0	0.008979591836734694
20260714	1.44	20raw	0.3	joint_vstat	10000	144	88	88	9712	9800	1.0	0.008979591836734694
20260714	1.44	20raw	0.4	joint_vstat	10000	144	88	88	9703	9791	1.0	0.008987845981002962
20260714	1.44	20raw	0.5	joint_vstat	10000	144	88	55	4950	5005	0.625	0.01098901098901099
20260714	1.44	20raw	0.6	joint_vstat	10000	144	88	0	2	2	0.0	0.0
20260714	1.44	20raw	0.7	joint_vstat	10000	144	88	0	0	0	0.0	0.0
20260714	1.44	20raw	0.8	joint_vstat	10000	144	88	0	0	0	0.0	0.0
20260714	1.44	20raw	0.9	joint_vstat	10000	144	88	0	0	0	0.0	0.0
20260714	1.44	20raw	0.05	vmean_only	10000	144	88	88	9712	9800	1.0	0.008979591836734694
20260714	1.44	20raw	0.1	vmean_only	10000	144	88	88	9712	9800	1.0	0.008979591836734694
20260714	1.44	20raw	0.15	vmean_only	10000	144	88	88	9712	9800	1.0	0.008979591836734694
20260714	1.44	20raw	0.2	vmean_only	10000	144	88	88	9712	9800	1.0	0.008979591836734694
20260714	1.44	20raw	0.3	vmean_only	10000	144	88	88	9712	9800	1.0	0.008979591836734694
20260714	1.44	20raw	0.4	vmean_only	10000	144	88	88	9712	9800	1.0	0.008979591836734694
20260714	1.44	20raw	0.5	vmean_only	10000	144	88	47	4641	4688	0.5340909090909091	0.010025597269624573
20260714	1.44	20raw	0.6	vmean_only	10000	144	88	0	0	0	0.0	0.0
20260714	1.44	20raw	0.7	vmean_only	10000	144	88	0	0	0	0.0	0.0
20260714	1.44	20raw	0.8	vmean_only	10000	144	88	0	0	0	0.0	0.0
20260714	1.44	20raw	0.9	vmean_only	10000	144	88	0	0	0	0.0	0.0
20260714	1.44	20raw+minmax	0.05	joint_vstat	10000	144	93	93	9707	9800	1.0	0.009489795918367346
20260714	1.44	20raw+minmax	0.1	joint_vstat	10000	144	93	93	9707	9800	1.0	0.009489795918367346
20260714	1.44	20raw+minmax	0.15	joint_vstat	10000	144	93	93	9707	9800	1.0	0.009489795918367346
20260714	1.44	20raw+minmax	0.2	joint_vstat	10000	144	93	93	9707	9800	1.0	0.009489795918367346
20260714	1.44	20raw+minmax	0.3	joint_vstat	10000	144	93	93	9707	9800	1.0	0.009489795918367346
20260714	1.44	20raw+minmax	0.4	joint_vstat	10000	144	93	93	9698	9791	1.0	0.009498519048105404
20260714	1.44	20raw+minmax	0.5	joint_vstat	10000	144	93	58	4952	5010	0.6236559139784946	0.01157684630738523
20260714	1.44	20raw+minmax	0.6	joint_vstat	10000	144	93	0	2	2	0.0	0.0
20260714	1.44	20raw+minmax	0.7	joint_vstat	10000	144	93	0	0	0	0.0	0.0
20260714	1.44	20raw+minmax	0.8	joint_vstat	10000	144	93	0	0	0	0.0	0.0
20260714	1.44	20raw+minmax	0.9	joint_vstat	10000	144	93	0	0	0	0.0	0.0
20260714	1.44	20raw+minmax	0.05	vmean_only	10000	144	93	93	9707	9800	1.0	0.009489795918367346
20260714	1.44	20raw+minmax	0.1	vmean_only	10000	144	93	93	9707	9800	1.0	0.009489795918367346
20260714	1.44	20raw+minmax	0.15	vmean_only	10000	144	93	93	9707	9800	1.0	0.009489795918367346
20260714	1.44	20raw+minmax	0.2	vmean_only	10000	144	93	93	9707	9800	1.0	0.009489795918367346
20260714	1.44	20raw+minmax	0.3	vmean_only	10000	144	93	93	9707	9800	1.0	0.009489795918367346
20260714	1.44	20raw+minmax	0.4	vmean_only	10000	144	93	93	9707	9800	1.0	0.009489795918367346
20260714	1.44	20raw+minmax	0.5	vmean_only	10000	144	93	48	4637	4685	0.5161290322580645	0.010245464247598719
20260714	1.44	20raw+minmax	0.6	vmean_only	10000	144	93	0	0	0	0.0	0.0
20260714	1.44	20raw+minmax	0.7	vmean_only	10000	144	93	0	0	0	0.0	0.0
20260714	1.44	20raw+minmax	0.8	vmean_only	10000	144	93	0	0	0	0.0	0.0
20260714	1.44	20raw+minmax	0.9	vmean_only	10000	144	93	0	0	0	0.0	0.0
20260714	1.44	20raw+stat	0.05	joint_vstat	10000	144	90	90	9710	9800	1.0	0.009183673469387756
20260714	1.44	20raw+stat	0.1	joint_vstat	10000	144	90	90	9710	9800	1.0	0.009183673469387756
20260714	1.44	20raw+stat	0.15	joint_vstat	10000	144	90	90	9710	9800	1.0	0.009183673469387756
20260714	1.44	20raw+stat	0.2	joint_vstat	10000	144	90	90	9710	9800	1.0	0.009183673469387756
20260714	1.44	20raw+stat	0.3	joint_vstat	10000	144	90	90	9710	9800	1.0	0.009183673469387756
20260714	1.44	20raw+stat	0.4	joint_vstat	10000	144	90	90	9701	9791	1.0	0.009192115207843939
20260714	1.44	20raw+stat	0.5	joint_vstat	10000	144	90	55	4939	4994	0.6111111111111112	0.011013215859030838
20260714	1.44	20raw+stat	0.6	joint_vstat	10000	144	90	0	2	2	0.0	0.0
20260714	1.44	20raw+stat	0.7	joint_vstat	10000	144	90	0	0	0	0.0	0.0
20260714	1.44	20raw+stat	0.8	joint_vstat	10000	144	90	0	0	0	0.0	0.0
20260714	1.44	20raw+stat	0.9	joint_vstat	10000	144	90	0	0	0	0.0	0.0
20260714	1.44	20raw+stat	0.05	vmean_only	10000	144	90	90	9710	9800	1.0	0.009183673469387756
20260714	1.44	20raw+stat	0.1	vmean_only	10000	144	90	90	9710	9800	1.0	0.009183673469387756
20260714	1.44	20raw+stat	0.15	vmean_only	10000	144	90	90	9710	9800	1.0	0.009183673469387756
20260714	1.44	20raw+stat	0.2	vmean_only	10000	144	90	90	9710	9800	1.0	0.009183673469387756
20260714	1.44	20raw+stat	0.3	vmean_only	10000	144	90	90	9710	9800	1.0	0.009183673469387756
20260714	1.44	20raw+stat	0.4	vmean_only	10000	144	90	90	9710	9800	1.0	0.009183673469387756
20260714	1.44	20raw+stat	0.5	vmean_only	10000	144	90	47	4641	4688	0.5222222222222223	0.010025597269624573
20260714	1.44	20raw+stat	0.6	vmean_only	10000	144	90	0	0	0	0.0	0.0
20260714	1.44	20raw+stat	0.7	vmean_only	10000	144	90	0	0	0	0.0	0.0
20260714	1.44	20raw+stat	0.8	vmean_only	10000	144	90	0	0	0	0.0	0.0
20260714	1.44	20raw+stat	0.9	vmean_only	10000	144	90	0	0	0	0.0	0.0
20260714	1.0	24full	0.05	joint_vstat	9956	100	62	62	9695	9757	1.0	0.00635441221686994
20260714	1.0	24full	0.1	joint_vstat	9956	100	62	62	9695	9757	1.0	0.00635441221686994
20260714	1.0	24full	0.15	joint_vstat	9956	100	62	62	9695	9757	1.0	0.00635441221686994
20260714	1.0	24full	0.2	joint_vstat	9956	100	62	62	9695	9757	1.0	0.00635441221686994
20260714	1.0	24full	0.3	joint_vstat	9956	100	62	62	9695	9757	1.0	0.00635441221686994
20260714	1.0	24full	0.4	joint_vstat	9956	100	62	62	9686	9748	1.0	0.006360279031596225
20260714	1.0	24full	0.5	joint_vstat	9956	100	62	39	4945	4984	0.6290322580645161	0.007825040128410916
20260714	1.0	24full	0.6	joint_vstat	9956	100	62	0	2	2	0.0	0.0
20260714	1.0	24full	0.7	joint_vstat	9956	100	62	0	0	0	0.0	0.0
20260714	1.0	24full	0.8	joint_vstat	9956	100	62	0	0	0	0.0	0.0
20260714	1.0	24full	0.9	joint_vstat	9956	100	62	0	0	0	0.0	0.0
20260714	1.0	24full	0.05	vmean_only	9956	100	62	62	9695	9757	1.0	0.00635441221686994
20260714	1.0	24full	0.1	vmean_only	9956	100	62	62	9695	9757	1.0	0.00635441221686994
20260714	1.0	24full	0.15	vmean_only	9956	100	62	62	9695	9757	1.0	0.00635441221686994
20260714	1.0	24full	0.2	vmean_only	9956	100	62	62	9695	9757	1.0	0.00635441221686994
20260714	1.0	24full	0.3	vmean_only	9956	100	62	62	9695	9757	1.0	0.00635441221686994
20260714	1.0	24full	0.4	vmean_only	9956	100	62	62	9695	9757	1.0	0.00635441221686994
20260714	1.0	24full	0.5	vmean_only	9956	100	62	34	4637	4671	0.5483870967741935	0.007278955255833868
20260714	1.0	24full	0.6	vmean_only	9956	100	62	0	0	0	0.0	0.0
20260714	1.0	24full	0.7	vmean_only	9956	100	62	0	0	0	0.0	0.0
20260714	1.0	24full	0.8	vmean_only	9956	100	62	0	0	0	0.0	0.0
20260714	1.0	24full	0.9	vmean_only	9956	100	62	0	0	0	0.0	0.0
20260714	1.0	20raw	0.05	joint_vstat	9956	100	60	60	9697	9757	1.0	0.006149431177616071
20260714	1.0	20raw	0.1	joint_vstat	9956	100	60	60	9697	9757	1.0	0.006149431177616071
20260714	1.0	20raw	0.15	joint_vstat	9956	100	60	60	9697	9757	1.0	0.006149431177616071
20260714	1.0	20raw	0.2	joint_vstat	9956	100	60	60	9697	9757	1.0	0.006149431177616071
20260714	1.0	20raw	0.3	joint_vstat	9956	100	60	60	9697	9757	1.0	0.006149431177616071
20260714	1.0	20raw	0.4	joint_vstat	9956	100	60	60	9688	9748	1.0	0.006155108740254411
20260714	1.0	20raw	0.5	joint_vstat	9956	100	60	40	4944	4984	0.6666666666666666	0.008025682182985553
20260714	1.0	20raw	0.6	joint_vstat	9956	100	60	0	2	2	0.0	0.0
20260714	1.0	20raw	0.7	joint_vstat	9956	100	60	0	0	0	0.0	0.0
20260714	1.0	20raw	0.8	joint_vstat	9956	100	60	0	0	0	0.0	0.0
20260714	1.0	20raw	0.9	joint_vstat	9956	100	60	0	0	0	0.0	0.0
20260714	1.0	20raw	0.05	vmean_only	9956	100	60	60	9697	9757	1.0	0.006149431177616071
20260714	1.0	20raw	0.1	vmean_only	9956	100	60	60	9697	9757	1.0	0.006149431177616071
20260714	1.0	20raw	0.15	vmean_only	9956	100	60	60	9697	9757	1.0	0.006149431177616071
20260714	1.0	20raw	0.2	vmean_only	9956	100	60	60	9697	9757	1.0	0.006149431177616071
20260714	1.0	20raw	0.3	vmean_only	9956	100	60	60	9697	9757	1.0	0.006149431177616071
20260714	1.0	20raw	0.4	vmean_only	9956	100	60	60	9697	9757	1.0	0.006149431177616071
20260714	1.0	20raw	0.5	vmean_only	9956	100	60	35	4635	4670	0.5833333333333334	0.007494646680942184
20260714	1.0	20raw	0.6	vmean_only	9956	100	60	0	0	0	0.0	0.0
20260714	1.0	20raw	0.7	vmean_only	9956	100	60	0	0	0	0.0	0.0
20260714	1.0	20raw	0.8	vmean_only	9956	100	60	0	0	0	0.0	0.0
20260714	1.0	20raw	0.9	vmean_only	9956	100	60	0	0	0	0.0	0.0
20260714	1.0	20raw+minmax	0.05	joint_vstat	9956	100	63	63	9694	9757	1.0	0.006456902736496874
20260714	1.0	20raw+minmax	0.1	joint_vstat	9956	100	63	63	9694	9757	1.0	0.006456902736496874
20260714	1.0	20raw+minmax	0.15	joint_vstat	9956	100	63	63	9694	9757	1.0	0.006456902736496874
20260714	1.0	20raw+minmax	0.2	joint_vstat	9956	100	63	63	9694	9757	1.0	0.006456902736496874
20260714	1.0	20raw+minmax	0.3	joint_vstat	9956	100	63	63	9694	9757	1.0	0.006456902736496874
20260714	1.0	20raw+minmax	0.4	joint_vstat	9956	100	63	63	9685	9748	1.0	0.006462864177267132
20260714	1.0	20raw+minmax	0.5	joint_vstat	9956	100	63	42	4947	4989	0.6666666666666666	0.00841852074564041
20260714	1.0	20raw+minmax	0.6	joint_vstat	9956	100	63	0	2	2	0.0	0.0
20260714	1.0	20raw+minmax	0.7	joint_vstat	9956	100	63	0	0	0	0.0	0.0
20260714	1.0	20raw+minmax	0.8	joint_vstat	9956	100	63	0	0	0	0.0	0.0
20260714	1.0	20raw+minmax	0.9	joint_vstat	9956	100	63	0	0	0	0.0	0.0
20260714	1.0	20raw+minmax	0.05	vmean_only	9956	100	63	63	9694	9757	1.0	0.006456902736496874
20260714	1.0	20raw+minmax	0.1	vmean_only	9956	100	63	63	9694	9757	1.0	0.006456902736496874
20260714	1.0	20raw+minmax	0.15	vmean_only	9956	100	63	63	9694	9757	1.0	0.006456902736496874
20260714	1.0	20raw+minmax	0.2	vmean_only	9956	100	63	63	9694	9757	1.0	0.006456902736496874
20260714	1.0	20raw+minmax	0.3	vmean_only	9956	100	63	63	9694	9757	1.0	0.006456902736496874
20260714	1.0	20raw+minmax	0.4	vmean_only	9956	100	63	63	9694	9757	1.0	0.006456902736496874
20260714	1.0	20raw+minmax	0.5	vmean_only	9956	100	63	35	4630	4665	0.5555555555555556	0.007502679528403001
20260714	1.0	20raw+minmax	0.6	vmean_only	9956	100	63	0	0	0	0.0	0.0
20260714	1.0	20raw+minmax	0.7	vmean_only	9956	100	63	0	0	0	0.0	0.0
20260714	1.0	20raw+minmax	0.8	vmean_only	9956	100	63	0	0	0	0.0	0.0
20260714	1.0	20raw+minmax	0.9	vmean_only	9956	100	63	0	0	0	0.0	0.0
20260714	1.0	20raw+stat	0.05	joint_vstat	9956	100	60	60	9697	9757	1.0	0.006149431177616071
20260714	1.0	20raw+stat	0.1	joint_vstat	9956	100	60	60	9697	9757	1.0	0.006149431177616071
20260714	1.0	20raw+stat	0.15	joint_vstat	9956	100	60	60	9697	9757	1.0	0.006149431177616071
20260714	1.0	20raw+stat	0.2	joint_vstat	9956	100	60	60	9697	9757	1.0	0.006149431177616071
20260714	1.0	20raw+stat	0.3	joint_vstat	9956	100	60	60	9697	9757	1.0	0.006149431177616071
20260714	1.0	20raw+stat	0.4	joint_vstat	9956	100	60	60	9688	9748	1.0	0.006155108740254411
20260714	1.0	20raw+stat	0.5	joint_vstat	9956	100	60	39	4932	4971	0.65	0.007845503922751962
20260714	1.0	20raw+stat	0.6	joint_vstat	9956	100	60	0	2	2	0.0	0.0
20260714	1.0	20raw+stat	0.7	joint_vstat	9956	100	60	0	0	0	0.0	0.0
20260714	1.0	20raw+stat	0.8	joint_vstat	9956	100	60	0	0	0	0.0	0.0
20260714	1.0	20raw+stat	0.9	joint_vstat	9956	100	60	0	0	0	0.0	0.0
20260714	1.0	20raw+stat	0.05	vmean_only	9956	100	60	60	9697	9757	1.0	0.006149431177616071
20260714	1.0	20raw+stat	0.1	vmean_only	9956	100	60	60	9697	9757	1.0	0.006149431177616071
20260714	1.0	20raw+stat	0.15	vmean_only	9956	100	60	60	9697	9757	1.0	0.006149431177616071
20260714	1.0	20raw+stat	0.2	vmean_only	9956	100	60	60	9697	9757	1.0	0.006149431177616071
20260714	1.0	20raw+stat	0.3	vmean_only	9956	100	60	60	9697	9757	1.0	0.006149431177616071
20260714	1.0	20raw+stat	0.4	vmean_only	9956	100	60	60	9697	9757	1.0	0.006149431177616071
20260714	1.0	20raw+stat	0.5	vmean_only	9956	100	60	34	4635	4669	0.5666666666666667	0.007282073249089741
20260714	1.0	20raw+stat	0.6	vmean_only	9956	100	60	0	0	0	0.0	0.0
20260714	1.0	20raw+stat	0.7	vmean_only	9956	100	60	0	0	0	0.0	0.0
20260714	1.0	20raw+stat	0.8	vmean_only	9956	100	60	0	0	0	0.0	0.0
20260714	1.0	20raw+stat	0.9	vmean_only	9956	100	60	0	0	0	0.0	0.0
20260714	0.5	24full	0.05	joint_vstat	9906	50	30	30	9678	9708	1.0	0.0030902348578491965
20260714	0.5	24full	0.1	joint_vstat	9906	50	30	30	9678	9708	1.0	0.0030902348578491965
20260714	0.5	24full	0.15	joint_vstat	9906	50	30	30	9678	9708	1.0	0.0030902348578491965
20260714	0.5	24full	0.2	joint_vstat	9906	50	30	30	9678	9708	1.0	0.0030902348578491965
20260714	0.5	24full	0.3	joint_vstat	9906	50	30	30	9678	9708	1.0	0.0030902348578491965
20260714	0.5	24full	0.4	joint_vstat	9906	50	30	30	9669	9699	1.0	0.003093102381688834
20260714	0.5	24full	0.5	joint_vstat	9906	50	30	18	4937	4955	0.6	0.003632694248234107
20260714	0.5	24full	0.6	joint_vstat	9906	50	30	0	2	2	0.0	0.0
20260714	0.5	24full	0.7	joint_vstat	9906	50	30	0	0	0	0.0	0.0
20260714	0.5	24full	0.8	joint_vstat	9906	50	30	0	0	0	0.0	0.0
20260714	0.5	24full	0.9	joint_vstat	9906	50	30	0	0	0	0.0	0.0
20260714	0.5	24full	0.05	vmean_only	9906	50	30	30	9678	9708	1.0	0.0030902348578491965
20260714	0.5	24full	0.1	vmean_only	9906	50	30	30	9678	9708	1.0	0.0030902348578491965
20260714	0.5	24full	0.15	vmean_only	9906	50	30	30	9678	9708	1.0	0.0030902348578491965
20260714	0.5	24full	0.2	vmean_only	9906	50	30	30	9678	9708	1.0	0.0030902348578491965
20260714	0.5	24full	0.3	vmean_only	9906	50	30	30	9678	9708	1.0	0.0030902348578491965
20260714	0.5	24full	0.4	vmean_only	9906	50	30	30	9678	9708	1.0	0.0030902348578491965
20260714	0.5	24full	0.5	vmean_only	9906	50	30	16	4629	4645	0.5333333333333333	0.003444564047362756
20260714	0.5	24full	0.6	vmean_only	9906	50	30	0	0	0	0.0	0.0
20260714	0.5	24full	0.7	vmean_only	9906	50	30	0	0	0	0.0	0.0
20260714	0.5	24full	0.8	vmean_only	9906	50	30	0	0	0	0.0	0.0
20260714	0.5	24full	0.9	vmean_only	9906	50	30	0	0	0	0.0	0.0
20260714	0.5	20raw	0.05	joint_vstat	9906	50	29	29	9679	9708	1.0	0.0029872270292542235
20260714	0.5	20raw	0.1	joint_vstat	9906	50	29	29	9679	9708	1.0	0.0029872270292542235
20260714	0.5	20raw	0.15	joint_vstat	9906	50	29	29	9679	9708	1.0	0.0029872270292542235
20260714	0.5	20raw	0.2	joint_vstat	9906	50	29	29	9679	9708	1.0	0.0029872270292542235
20260714	0.5	20raw	0.3	joint_vstat	9906	50	29	29	9679	9708	1.0	0.0029872270292542235
20260714	0.5	20raw	0.4	joint_vstat	9906	50	29	29	9670	9699	1.0	0.0029899989689658726
20260714	0.5	20raw	0.5	joint_vstat	9906	50	29	18	4932	4950	0.6206896551724138	0.0036363636363636364
20260714	0.5	20raw	0.6	joint_vstat	9906	50	29	0	2	2	0.0	0.0
20260714	0.5	20raw	0.7	joint_vstat	9906	50	29	0	0	0	0.0	0.0
20260714	0.5	20raw	0.8	joint_vstat	9906	50	29	0	0	0	0.0	0.0
20260714	0.5	20raw	0.9	joint_vstat	9906	50	29	0	0	0	0.0	0.0
20260714	0.5	20raw	0.05	vmean_only	9906	50	29	29	9679	9708	1.0	0.0029872270292542235
20260714	0.5	20raw	0.1	vmean_only	9906	50	29	29	9679	9708	1.0	0.0029872270292542235
20260714	0.5	20raw	0.15	vmean_only	9906	50	29	29	9679	9708	1.0	0.0029872270292542235
20260714	0.5	20raw	0.2	vmean_only	9906	50	29	29	9679	9708	1.0	0.0029872270292542235
20260714	0.5	20raw	0.3	vmean_only	9906	50	29	29	9679	9708	1.0	0.0029872270292542235
20260714	0.5	20raw	0.4	vmean_only	9906	50	29	29	9679	9708	1.0	0.0029872270292542235
20260714	0.5	20raw	0.5	vmean_only	9906	50	29	16	4626	4642	0.5517241379310345	0.0034467901766479965
20260714	0.5	20raw	0.6	vmean_only	9906	50	29	0	0	0	0.0	0.0
20260714	0.5	20raw	0.7	vmean_only	9906	50	29	0	0	0	0.0	0.0
20260714	0.5	20raw	0.8	vmean_only	9906	50	29	0	0	0	0.0	0.0
20260714	0.5	20raw	0.9	vmean_only	9906	50	29	0	0	0	0.0	0.0
20260714	0.5	20raw+minmax	0.05	joint_vstat	9906	50	29	29	9679	9708	1.0	0.0029872270292542235
20260714	0.5	20raw+minmax	0.1	joint_vstat	9906	50	29	29	9679	9708	1.0	0.0029872270292542235
20260714	0.5	20raw+minmax	0.15	joint_vstat	9906	50	29	29	9679	9708	1.0	0.0029872270292542235
20260714	0.5	20raw+minmax	0.2	joint_vstat	9906	50	29	29	9679	9708	1.0	0.0029872270292542235
20260714	0.5	20raw+minmax	0.3	joint_vstat	9906	50	29	29	9679	9708	1.0	0.0029872270292542235
20260714	0.5	20raw+minmax	0.4	joint_vstat	9906	50	29	29	9670	9699	1.0	0.0029899989689658726
20260714	0.5	20raw+minmax	0.5	joint_vstat	9906	50	29	18	4939	4957	0.6206896551724138	0.0036312285656647167
20260714	0.5	20raw+minmax	0.6	joint_vstat	9906	50	29	0	2	2	0.0	0.0
20260714	0.5	20raw+minmax	0.7	joint_vstat	9906	50	29	0	0	0	0.0	0.0
20260714	0.5	20raw+minmax	0.8	joint_vstat	9906	50	29	0	0	0	0.0	0.0
20260714	0.5	20raw+minmax	0.9	joint_vstat	9906	50	29	0	0	0	0.0	0.0
20260714	0.5	20raw+minmax	0.05	vmean_only	9906	50	29	29	9679	9708	1.0	0.0029872270292542235
20260714	0.5	20raw+minmax	0.1	vmean_only	9906	50	29	29	9679	9708	1.0	0.0029872270292542235
20260714	0.5	20raw+minmax	0.15	vmean_only	9906	50	29	29	9679	9708	1.0	0.0029872270292542235
20260714	0.5	20raw+minmax	0.2	vmean_only	9906	50	29	29	9679	9708	1.0	0.0029872270292542235
20260714	0.5	20raw+minmax	0.3	vmean_only	9906	50	29	29	9679	9708	1.0	0.0029872270292542235
20260714	0.5	20raw+minmax	0.4	vmean_only	9906	50	29	29	9679	9708	1.0	0.0029872270292542235
20260714	0.5	20raw+minmax	0.5	vmean_only	9906	50	29	16	4624	4640	0.5517241379310345	0.0034482758620689655
20260714	0.5	20raw+minmax	0.6	vmean_only	9906	50	29	0	0	0	0.0	0.0
20260714	0.5	20raw+minmax	0.7	vmean_only	9906	50	29	0	0	0	0.0	0.0
20260714	0.5	20raw+minmax	0.8	vmean_only	9906	50	29	0	0	0	0.0	0.0
20260714	0.5	20raw+minmax	0.9	vmean_only	9906	50	29	0	0	0	0.0	0.0
20260714	0.5	20raw+stat	0.05	joint_vstat	9906	50	28	28	9680	9708	1.0	0.00288421920065925
20260714	0.5	20raw+stat	0.1	joint_vstat	9906	50	28	28	9680	9708	1.0	0.00288421920065925
20260714	0.5	20raw+stat	0.15	joint_vstat	9906	50	28	28	9680	9708	1.0	0.00288421920065925
20260714	0.5	20raw+stat	0.2	joint_vstat	9906	50	28	28	9680	9708	1.0	0.00288421920065925
20260714	0.5	20raw+stat	0.3	joint_vstat	9906	50	28	28	9680	9708	1.0	0.00288421920065925
20260714	0.5	20raw+stat	0.4	joint_vstat	9906	50	28	28	9671	9699	1.0	0.0028868955562429115
20260714	0.5	20raw+stat	0.5	joint_vstat	9906	50	28	17	4923	4940	0.6071428571428571	0.0034412955465587046
20260714	0.5	20raw+stat	0.6	joint_vstat	9906	50	28	0	2	2	0.0	0.0
20260714	0.5	20raw+stat	0.7	joint_vstat	9906	50	28	0	0	0	0.0	0.0
20260714	0.5	20raw+stat	0.8	joint_vstat	9906	50	28	0	0	0	0.0	0.0
20260714	0.5	20raw+stat	0.9	joint_vstat	9906	50	28	0	0	0	0.0	0.0
20260714	0.5	20raw+stat	0.05	vmean_only	9906	50	28	28	9680	9708	1.0	0.00288421920065925
20260714	0.5	20raw+stat	0.1	vmean_only	9906	50	28	28	9680	9708	1.0	0.00288421920065925
20260714	0.5	20raw+stat	0.15	vmean_only	9906	50	28	28	9680	9708	1.0	0.00288421920065925
20260714	0.5	20raw+stat	0.2	vmean_only	9906	50	28	28	9680	9708	1.0	0.00288421920065925
20260714	0.5	20raw+stat	0.3	vmean_only	9906	50	28	28	9680	9708	1.0	0.00288421920065925
20260714	0.5	20raw+stat	0.4	vmean_only	9906	50	28	28	9680	9708	1.0	0.00288421920065925
20260714	0.5	20raw+stat	0.5	vmean_only	9906	50	28	15	4624	4639	0.5357142857142857	0.0032334554860961413
20260714	0.5	20raw+stat	0.6	vmean_only	9906	50	28	0	0	0	0.0	0.0
20260714	0.5	20raw+stat	0.7	vmean_only	9906	50	28	0	0	0	0.0	0.0
20260714	0.5	20raw+stat	0.8	vmean_only	9906	50	28	0	0	0	0.0	0.0
20260714	0.5	20raw+stat	0.9	vmean_only	9906	50	28	0	0	0	0.0	0.0
20260714	0.1	24full	0.05	joint_vstat	9866	10	5	5	9664	9669	1.0	0.0005171165580721895
20260714	0.1	24full	0.1	joint_vstat	9866	10	5	5	9664	9669	1.0	0.0005171165580721895
20260714	0.1	24full	0.15	joint_vstat	9866	10	5	5	9664	9669	1.0	0.0005171165580721895
20260714	0.1	24full	0.2	joint_vstat	9866	10	5	5	9664	9669	1.0	0.0005171165580721895
20260714	0.1	24full	0.3	joint_vstat	9866	10	5	5	9664	9669	1.0	0.0005171165580721895
20260714	0.1	24full	0.4	joint_vstat	9866	10	5	5	9655	9660	1.0	0.0005175983436853002
20260714	0.1	24full	0.5	joint_vstat	9866	10	5	2	4930	4932	0.4	0.00040551500405515005
20260714	0.1	24full	0.6	joint_vstat	9866	10	5	0	2	2	0.0	0.0
20260714	0.1	24full	0.7	joint_vstat	9866	10	5	0	0	0	0.0	0.0
20260714	0.1	24full	0.8	joint_vstat	9866	10	5	0	0	0	0.0	0.0
20260714	0.1	24full	0.9	joint_vstat	9866	10	5	0	0	0	0.0	0.0
20260714	0.1	24full	0.05	vmean_only	9866	10	5	5	9664	9669	1.0	0.0005171165580721895
20260714	0.1	24full	0.1	vmean_only	9866	10	5	5	9664	9669	1.0	0.0005171165580721895
20260714	0.1	24full	0.15	vmean_only	9866	10	5	5	9664	9669	1.0	0.0005171165580721895
20260714	0.1	24full	0.2	vmean_only	9866	10	5	5	9664	9669	1.0	0.0005171165580721895
20260714	0.1	24full	0.3	vmean_only	9866	10	5	5	9664	9669	1.0	0.0005171165580721895
20260714	0.1	24full	0.4	vmean_only	9866	10	5	5	9664	9669	1.0	0.0005171165580721895
20260714	0.1	24full	0.5	vmean_only	9866	10	5	1	4619	4620	0.2	0.00021645021645021645
20260714	0.1	24full	0.6	vmean_only	9866	10	5	0	0	0	0.0	0.0
20260714	0.1	24full	0.7	vmean_only	9866	10	5	0	0	0	0.0	0.0
20260714	0.1	24full	0.8	vmean_only	9866	10	5	0	0	0	0.0	0.0
20260714	0.1	24full	0.9	vmean_only	9866	10	5	0	0	0	0.0	0.0
20260714	0.1	20raw	0.05	joint_vstat	9866	10	5	5	9664	9669	1.0	0.0005171165580721895
20260714	0.1	20raw	0.1	joint_vstat	9866	10	5	5	9664	9669	1.0	0.0005171165580721895
20260714	0.1	20raw	0.15	joint_vstat	9866	10	5	5	9664	9669	1.0	0.0005171165580721895
20260714	0.1	20raw	0.2	joint_vstat	9866	10	5	5	9664	9669	1.0	0.0005171165580721895
20260714	0.1	20raw	0.3	joint_vstat	9866	10	5	5	9664	9669	1.0	0.0005171165580721895
20260714	0.1	20raw	0.4	joint_vstat	9866	10	5	5	9655	9660	1.0	0.0005175983436853002
20260714	0.1	20raw	0.5	joint_vstat	9866	10	5	2	4923	4925	0.4	0.0004060913705583756
20260714	0.1	20raw	0.6	joint_vstat	9866	10	5	0	2	2	0.0	0.0
20260714	0.1	20raw	0.7	joint_vstat	9866	10	5	0	0	0	0.0	0.0
20260714	0.1	20raw	0.8	joint_vstat	9866	10	5	0	0	0	0.0	0.0
20260714	0.1	20raw	0.9	joint_vstat	9866	10	5	0	0	0	0.0	0.0
20260714	0.1	20raw	0.05	vmean_only	9866	10	5	5	9664	9669	1.0	0.0005171165580721895
20260714	0.1	20raw	0.1	vmean_only	9866	10	5	5	9664	9669	1.0	0.0005171165580721895
20260714	0.1	20raw	0.15	vmean_only	9866	10	5	5	9664	9669	1.0	0.0005171165580721895
20260714	0.1	20raw	0.2	vmean_only	9866	10	5	5	9664	9669	1.0	0.0005171165580721895
20260714	0.1	20raw	0.3	vmean_only	9866	10	5	5	9664	9669	1.0	0.0005171165580721895
20260714	0.1	20raw	0.4	vmean_only	9866	10	5	5	9664	9669	1.0	0.0005171165580721895
20260714	0.1	20raw	0.5	vmean_only	9866	10	5	1	4617	4618	0.2	0.00021654395842355997
20260714	0.1	20raw	0.6	vmean_only	9866	10	5	0	0	0	0.0	0.0
20260714	0.1	20raw	0.7	vmean_only	9866	10	5	0	0	0	0.0	0.0
20260714	0.1	20raw	0.8	vmean_only	9866	10	5	0	0	0	0.0	0.0
20260714	0.1	20raw	0.9	vmean_only	9866	10	5	0	0	0	0.0	0.0
20260714	0.1	20raw+minmax	0.05	joint_vstat	9866	10	6	6	9663	9669	1.0	0.0006205398696866273
20260714	0.1	20raw+minmax	0.1	joint_vstat	9866	10	6	6	9663	9669	1.0	0.0006205398696866273
20260714	0.1	20raw+minmax	0.15	joint_vstat	9866	10	6	6	9663	9669	1.0	0.0006205398696866273
20260714	0.1	20raw+minmax	0.2	joint_vstat	9866	10	6	6	9663	9669	1.0	0.0006205398696866273
20260714	0.1	20raw+minmax	0.3	joint_vstat	9866	10	6	6	9663	9669	1.0	0.0006205398696866273
20260714	0.1	20raw+minmax	0.4	joint_vstat	9866	10	6	6	9654	9660	1.0	0.0006211180124223603
20260714	0.1	20raw+minmax	0.5	joint_vstat	9866	10	6	3	4930	4933	0.5	0.000608149199270221
20260714	0.1	20raw+minmax	0.6	joint_vstat	9866	10	6	0	2	2	0.0	0.0
20260714	0.1	20raw+minmax	0.7	joint_vstat	9866	10	6	0	0	0	0.0	0.0
20260714	0.1	20raw+minmax	0.8	joint_vstat	9866	10	6	0	0	0	0.0	0.0
20260714	0.1	20raw+minmax	0.9	joint_vstat	9866	10	6	0	0	0	0.0	0.0
20260714	0.1	20raw+minmax	0.05	vmean_only	9866	10	6	6	9663	9669	1.0	0.0006205398696866273
20260714	0.1	20raw+minmax	0.1	vmean_only	9866	10	6	6	9663	9669	1.0	0.0006205398696866273
20260714	0.1	20raw+minmax	0.15	vmean_only	9866	10	6	6	9663	9669	1.0	0.0006205398696866273
20260714	0.1	20raw+minmax	0.2	vmean_only	9866	10	6	6	9663	9669	1.0	0.0006205398696866273
20260714	0.1	20raw+minmax	0.3	vmean_only	9866	10	6	6	9663	9669	1.0	0.0006205398696866273
20260714	0.1	20raw+minmax	0.4	vmean_only	9866	10	6	6	9663	9669	1.0	0.0006205398696866273
20260714	0.1	20raw+minmax	0.5	vmean_only	9866	10	6	2	4614	4616	0.3333333333333333	0.0004332755632582322
20260714	0.1	20raw+minmax	0.6	vmean_only	9866	10	6	0	0	0	0.0	0.0
20260714	0.1	20raw+minmax	0.7	vmean_only	9866	10	6	0	0	0	0.0	0.0
20260714	0.1	20raw+minmax	0.8	vmean_only	9866	10	6	0	0	0	0.0	0.0
20260714	0.1	20raw+minmax	0.9	vmean_only	9866	10	6	0	0	0	0.0	0.0
20260714	0.1	20raw+stat	0.05	joint_vstat	9866	10	5	5	9664	9669	1.0	0.0005171165580721895
20260714	0.1	20raw+stat	0.1	joint_vstat	9866	10	5	5	9664	9669	1.0	0.0005171165580721895
20260714	0.1	20raw+stat	0.15	joint_vstat	9866	10	5	5	9664	9669	1.0	0.0005171165580721895
20260714	0.1	20raw+stat	0.2	joint_vstat	9866	10	5	5	9664	9669	1.0	0.0005171165580721895
20260714	0.1	20raw+stat	0.3	joint_vstat	9866	10	5	5	9664	9669	1.0	0.0005171165580721895
20260714	0.1	20raw+stat	0.4	joint_vstat	9866	10	5	5	9655	9660	1.0	0.0005175983436853002
20260714	0.1	20raw+stat	0.5	joint_vstat	9866	10	5	2	4912	4914	0.4	0.000407000407000407
20260714	0.1	20raw+stat	0.6	joint_vstat	9866	10	5	0	2	2	0.0	0.0
20260714	0.1	20raw+stat	0.7	joint_vstat	9866	10	5	0	0	0	0.0	0.0
20260714	0.1	20raw+stat	0.8	joint_vstat	9866	10	5	0	0	0	0.0	0.0
20260714	0.1	20raw+stat	0.9	joint_vstat	9866	10	5	0	0	0	0.0	0.0
20260714	0.1	20raw+stat	0.05	vmean_only	9866	10	5	5	9664	9669	1.0	0.0005171165580721895
20260714	0.1	20raw+stat	0.1	vmean_only	9866	10	5	5	9664	9669	1.0	0.0005171165580721895
20260714	0.1	20raw+stat	0.15	vmean_only	9866	10	5	5	9664	9669	1.0	0.0005171165580721895
20260714	0.1	20raw+stat	0.2	vmean_only	9866	10	5	5	9664	9669	1.0	0.0005171165580721895
20260714	0.1	20raw+stat	0.3	vmean_only	9866	10	5	5	9664	9669	1.0	0.0005171165580721895
20260714	0.1	20raw+stat	0.4	vmean_only	9866	10	5	5	9664	9669	1.0	0.0005171165580721895
20260714	0.1	20raw+stat	0.5	vmean_only	9866	10	5	1	4614	4615	0.2	0.00021668472372697725
20260714	0.1	20raw+stat	0.6	vmean_only	9866	10	5	0	0	0	0.0	0.0
20260714	0.1	20raw+stat	0.7	vmean_only	9866	10	5	0	0	0	0.0	0.0
20260714	0.1	20raw+stat	0.8	vmean_only	9866	10	5	0	0	0	0.0	0.0
20260714	0.1	20raw+stat	0.9	vmean_only	9866	10	5	0	0	0	0.0	0.0
20260714	0.05	24full	0.05	joint_vstat	9861	5	5	5	9659	9664	1.0	0.0005173841059602649
20260714	0.05	24full	0.1	joint_vstat	9861	5	5	5	9659	9664	1.0	0.0005173841059602649
20260714	0.05	24full	0.15	joint_vstat	9861	5	5	5	9659	9664	1.0	0.0005173841059602649
20260714	0.05	24full	0.2	joint_vstat	9861	5	5	5	9659	9664	1.0	0.0005173841059602649
20260714	0.05	24full	0.3	joint_vstat	9861	5	5	5	9659	9664	1.0	0.0005173841059602649
20260714	0.05	24full	0.4	joint_vstat	9861	5	5	5	9650	9655	1.0	0.0005178663904712584
20260714	0.05	24full	0.5	joint_vstat	9861	5	5	5	4928	4933	1.0	0.0010135819987837015
20260714	0.05	24full	0.6	joint_vstat	9861	5	5	0	2	2	0.0	0.0
20260714	0.05	24full	0.7	joint_vstat	9861	5	5	0	0	0	0.0	0.0
20260714	0.05	24full	0.8	joint_vstat	9861	5	5	0	0	0	0.0	0.0
20260714	0.05	24full	0.9	joint_vstat	9861	5	5	0	0	0	0.0	0.0
20260714	0.05	24full	0.05	vmean_only	9861	5	5	5	9659	9664	1.0	0.0005173841059602649
20260714	0.05	24full	0.1	vmean_only	9861	5	5	5	9659	9664	1.0	0.0005173841059602649
20260714	0.05	24full	0.15	vmean_only	9861	5	5	5	9659	9664	1.0	0.0005173841059602649
20260714	0.05	24full	0.2	vmean_only	9861	5	5	5	9659	9664	1.0	0.0005173841059602649
20260714	0.05	24full	0.3	vmean_only	9861	5	5	5	9659	9664	1.0	0.0005173841059602649
20260714	0.05	24full	0.4	vmean_only	9861	5	5	5	9659	9664	1.0	0.0005173841059602649
20260714	0.05	24full	0.5	vmean_only	9861	5	5	4	4615	4619	0.8	0.0008659883091578263
20260714	0.05	24full	0.6	vmean_only	9861	5	5	0	0	0	0.0	0.0
20260714	0.05	24full	0.7	vmean_only	9861	5	5	0	0	0	0.0	0.0
20260714	0.05	24full	0.8	vmean_only	9861	5	5	0	0	0	0.0	0.0
20260714	0.05	24full	0.9	vmean_only	9861	5	5	0	0	0	0.0	0.0
20260714	0.05	20raw	0.05	joint_vstat	9861	5	5	5	9659	9664	1.0	0.0005173841059602649
20260714	0.05	20raw	0.1	joint_vstat	9861	5	5	5	9659	9664	1.0	0.0005173841059602649
20260714	0.05	20raw	0.15	joint_vstat	9861	5	5	5	9659	9664	1.0	0.0005173841059602649
20260714	0.05	20raw	0.2	joint_vstat	9861	5	5	5	9659	9664	1.0	0.0005173841059602649
20260714	0.05	20raw	0.3	joint_vstat	9861	5	5	5	9659	9664	1.0	0.0005173841059602649
20260714	0.05	20raw	0.4	joint_vstat	9861	5	5	5	9650	9655	1.0	0.0005178663904712584
20260714	0.05	20raw	0.5	joint_vstat	9861	5	5	5	4920	4925	1.0	0.0010152284263959391
20260714	0.05	20raw	0.6	joint_vstat	9861	5	5	0	2	2	0.0	0.0
20260714	0.05	20raw	0.7	joint_vstat	9861	5	5	0	0	0	0.0	0.0
20260714	0.05	20raw	0.8	joint_vstat	9861	5	5	0	0	0	0.0	0.0
20260714	0.05	20raw	0.9	joint_vstat	9861	5	5	0	0	0	0.0	0.0
20260714	0.05	20raw	0.05	vmean_only	9861	5	5	5	9659	9664	1.0	0.0005173841059602649
20260714	0.05	20raw	0.1	vmean_only	9861	5	5	5	9659	9664	1.0	0.0005173841059602649
20260714	0.05	20raw	0.15	vmean_only	9861	5	5	5	9659	9664	1.0	0.0005173841059602649
20260714	0.05	20raw	0.2	vmean_only	9861	5	5	5	9659	9664	1.0	0.0005173841059602649
20260714	0.05	20raw	0.3	vmean_only	9861	5	5	5	9659	9664	1.0	0.0005173841059602649
20260714	0.05	20raw	0.4	vmean_only	9861	5	5	5	9659	9664	1.0	0.0005173841059602649
20260714	0.05	20raw	0.5	vmean_only	9861	5	5	4	4614	4618	0.8	0.0008661758336942399
20260714	0.05	20raw	0.6	vmean_only	9861	5	5	0	0	0	0.0	0.0
20260714	0.05	20raw	0.7	vmean_only	9861	5	5	0	0	0	0.0	0.0
20260714	0.05	20raw	0.8	vmean_only	9861	5	5	0	0	0	0.0	0.0
20260714	0.05	20raw	0.9	vmean_only	9861	5	5	0	0	0	0.0	0.0
20260714	0.05	20raw+minmax	0.05	joint_vstat	9861	5	5	5	9659	9664	1.0	0.0005173841059602649
20260714	0.05	20raw+minmax	0.1	joint_vstat	9861	5	5	5	9659	9664	1.0	0.0005173841059602649
20260714	0.05	20raw+minmax	0.15	joint_vstat	9861	5	5	5	9659	9664	1.0	0.0005173841059602649
20260714	0.05	20raw+minmax	0.2	joint_vstat	9861	5	5	5	9659	9664	1.0	0.0005173841059602649
20260714	0.05	20raw+minmax	0.3	joint_vstat	9861	5	5	5	9659	9664	1.0	0.0005173841059602649
20260714	0.05	20raw+minmax	0.4	joint_vstat	9861	5	5	5	9650	9655	1.0	0.0005178663904712584
20260714	0.05	20raw+minmax	0.5	joint_vstat	9861	5	5	5	4929	4934	1.0	0.0010133765707336846
20260714	0.05	20raw+minmax	0.6	joint_vstat	9861	5	5	0	2	2	0.0	0.0
20260714	0.05	20raw+minmax	0.7	joint_vstat	9861	5	5	0	0	0	0.0	0.0
20260714	0.05	20raw+minmax	0.8	joint_vstat	9861	5	5	0	0	0	0.0	0.0
20260714	0.05	20raw+minmax	0.9	joint_vstat	9861	5	5	0	0	0	0.0	0.0
20260714	0.05	20raw+minmax	0.05	vmean_only	9861	5	5	5	9659	9664	1.0	0.0005173841059602649
20260714	0.05	20raw+minmax	0.1	vmean_only	9861	5	5	5	9659	9664	1.0	0.0005173841059602649
20260714	0.05	20raw+minmax	0.15	vmean_only	9861	5	5	5	9659	9664	1.0	0.0005173841059602649
20260714	0.05	20raw+minmax	0.2	vmean_only	9861	5	5	5	9659	9664	1.0	0.0005173841059602649
20260714	0.05	20raw+minmax	0.3	vmean_only	9861	5	5	5	9659	9664	1.0	0.0005173841059602649
20260714	0.05	20raw+minmax	0.4	vmean_only	9861	5	5	5	9659	9664	1.0	0.0005173841059602649
20260714	0.05	20raw+minmax	0.5	vmean_only	9861	5	5	4	4613	4617	0.8	0.0008663634394628547
20260714	0.05	20raw+minmax	0.6	vmean_only	9861	5	5	0	0	0	0.0	0.0
20260714	0.05	20raw+minmax	0.7	vmean_only	9861	5	5	0	0	0	0.0	0.0
20260714	0.05	20raw+minmax	0.8	vmean_only	9861	5	5	0	0	0	0.0	0.0
20260714	0.05	20raw+minmax	0.9	vmean_only	9861	5	5	0	0	0	0.0	0.0
20260714	0.05	20raw+stat	0.05	joint_vstat	9861	5	4	4	9660	9664	1.0	0.0004139072847682119
20260714	0.05	20raw+stat	0.1	joint_vstat	9861	5	4	4	9660	9664	1.0	0.0004139072847682119
20260714	0.05	20raw+stat	0.15	joint_vstat	9861	5	4	4	9660	9664	1.0	0.0004139072847682119
20260714	0.05	20raw+stat	0.2	joint_vstat	9861	5	4	4	9660	9664	1.0	0.0004139072847682119
20260714	0.05	20raw+stat	0.3	joint_vstat	9861	5	4	4	9660	9664	1.0	0.0004139072847682119
20260714	0.05	20raw+stat	0.4	joint_vstat	9861	5	4	4	9651	9655	1.0	0.0004142931123770067
20260714	0.05	20raw+stat	0.5	joint_vstat	9861	5	4	4	4910	4914	1.0	0.000814000814000814
20260714	0.05	20raw+stat	0.6	joint_vstat	9861	5	4	0	2	2	0.0	0.0
20260714	0.05	20raw+stat	0.7	joint_vstat	9861	5	4	0	0	0	0.0	0.0
20260714	0.05	20raw+stat	0.8	joint_vstat	9861	5	4	0	0	0	0.0	0.0
20260714	0.05	20raw+stat	0.9	joint_vstat	9861	5	4	0	0	0	0.0	0.0
20260714	0.05	20raw+stat	0.05	vmean_only	9861	5	4	4	9660	9664	1.0	0.0004139072847682119
20260714	0.05	20raw+stat	0.1	vmean_only	9861	5	4	4	9660	9664	1.0	0.0004139072847682119
20260714	0.05	20raw+stat	0.15	vmean_only	9861	5	4	4	9660	9664	1.0	0.0004139072847682119
20260714	0.05	20raw+stat	0.2	vmean_only	9861	5	4	4	9660	9664	1.0	0.0004139072847682119
20260714	0.05	20raw+stat	0.3	vmean_only	9861	5	4	4	9660	9664	1.0	0.0004139072847682119
20260714	0.05	20raw+stat	0.4	vmean_only	9861	5	4	4	9660	9664	1.0	0.0004139072847682119
20260714	0.05	20raw+stat	0.5	vmean_only	9861	5	4	3	4612	4615	0.75	0.0006500541711809318
20260714	0.05	20raw+stat	0.6	vmean_only	9861	5	4	0	0	0	0.0	0.0
20260714	0.05	20raw+stat	0.7	vmean_only	9861	5	4	0	0	0	0.0	0.0
20260714	0.05	20raw+stat	0.8	vmean_only	9861	5	4	0	0	0	0.0	0.0
20260714	0.05	20raw+stat	0.9	vmean_only	9861	5	4	0	0	0	0.0	0.0
