entry_id,category,mutation_idx,expected,actual,mut_label
colab-open_dapo_e3,drop_top_required,0,caught,caught,drop_top_required:provenance
colab-open_dapo_e3,drop_top_required,1,caught,caught,drop_top_required:id
colab-open_dapo_e3,drop_top_required,2,caught,caught,drop_top_required:provenance
colab-open_dapo_e3,drop_top_required,3,caught,caught,drop_top_required:provenance
colab-open_dapo_e3,drop_top_required,4,caught,caught,drop_top_required:provenance
colab-open_dapo_e3,drop_top_required,5,caught,caught,drop_top_required:framework
colab-open_dapo_e3,drop_top_required,6,caught,caught,drop_top_required:id
colab-open_dapo_e3,drop_top_required,7,caught,caught,drop_top_required:record_type
colab-open_dapo_e3,drop_top_required,8,caught,caught,drop_top_required:label_claimed
colab-open_dapo_e3,drop_top_required,9,caught,caught,drop_top_required:record_type
colab-open_drgrpo_e3,drop_top_required,0,caught,caught,drop_top_required:framework
colab-open_drgrpo_e3,drop_top_required,1,caught,caught,drop_top_required:label_claimed
colab-open_drgrpo_e3,drop_top_required,2,caught,caught,drop_top_required:label_claimed
colab-open_drgrpo_e3,drop_top_required,3,caught,caught,drop_top_required:id
colab-open_drgrpo_e3,drop_top_required,4,caught,caught,drop_top_required:min_report
colab-open_drgrpo_e3,drop_top_required,5,caught,caught,drop_top_required:framework
colab-open_drgrpo_e3,drop_top_required,6,caught,caught,drop_top_required:framework
colab-open_drgrpo_e3,drop_top_required,7,caught,caught,drop_top_required:record_type
colab-open_drgrpo_e3,drop_top_required,8,caught,caught,drop_top_required:label_claimed
colab-open_drgrpo_e3,drop_top_required,9,caught,caught,drop_top_required:min_report
colab-open_grpo-adaptiveg_e3,drop_top_required,0,caught,caught,drop_top_required:provenance
colab-open_grpo-adaptiveg_e3,drop_top_required,1,caught,caught,drop_top_required:id
colab-open_grpo-adaptiveg_e3,drop_top_required,2,caught,caught,drop_top_required:min_report
colab-open_grpo-adaptiveg_e3,drop_top_required,3,caught,caught,drop_top_required:id
colab-open_grpo-adaptiveg_e3,drop_top_required,4,caught,caught,drop_top_required:record_type
colab-open_grpo-adaptiveg_e3,drop_top_required,5,caught,caught,drop_top_required:provenance
colab-open_grpo-adaptiveg_e3,drop_top_required,6,caught,caught,drop_top_required:min_report
colab-open_grpo-adaptiveg_e3,drop_top_required,7,caught,caught,drop_top_required:provenance
colab-open_grpo-adaptiveg_e3,drop_top_required,8,caught,caught,drop_top_required:min_report
colab-open_grpo-adaptiveg_e3,drop_top_required,9,caught,caught,drop_top_required:label_claimed
colab-open_grpo_e3,drop_top_required,0,caught,caught,drop_top_required:id
colab-open_grpo_e3,drop_top_required,1,caught,caught,drop_top_required:id
colab-open_grpo_e3,drop_top_required,2,caught,caught,drop_top_required:framework
colab-open_grpo_e3,drop_top_required,3,caught,caught,drop_top_required:record_type
colab-open_grpo_e3,drop_top_required,4,caught,caught,drop_top_required:provenance
colab-open_grpo_e3,drop_top_required,5,caught,caught,drop_top_required:provenance
colab-open_grpo_e3,drop_top_required,6,caught,caught,drop_top_required:id
colab-open_grpo_e3,drop_top_required,7,caught,caught,drop_top_required:min_report
colab-open_grpo_e3,drop_top_required,8,caught,caught,drop_top_required:label_claimed
colab-open_grpo_e3,drop_top_required,9,caught,caught,drop_top_required:min_report
delta_aero,drop_top_required,0,caught,caught,drop_top_required:deltas
delta_aero,drop_top_required,1,caught,caught,drop_top_required:id
delta_aero,drop_top_required,2,caught,caught,drop_top_required:name
delta_aero,drop_top_required,3,caught,caught,drop_top_required:base
delta_aero,drop_top_required,4,caught,caught,drop_top_required:name
delta_aero,drop_top_required,5,caught,caught,drop_top_required:deltas
delta_aero,drop_top_required,6,caught,caught,drop_top_required:id
delta_aero,drop_top_required,7,caught,caught,drop_top_required:id
delta_aero,drop_top_required,8,caught,caught,drop_top_required:record_type
delta_aero,drop_top_required,9,caught,caught,drop_top_required:citation
delta_areal,drop_top_required,0,caught,caught,drop_top_required:id
delta_areal,drop_top_required,1,caught,caught,drop_top_required:base
delta_areal,drop_top_required,2,caught,caught,drop_top_required:base
delta_areal,drop_top_required,3,caught,caught,drop_top_required:name
delta_areal,drop_top_required,4,caught,caught,drop_top_required:deltas
delta_areal,drop_top_required,5,caught,caught,drop_top_required:deltas
delta_areal,drop_top_required,6,caught,caught,drop_top_required:id
delta_areal,drop_top_required,7,caught,caught,drop_top_required:deltas
delta_areal,drop_top_required,8,caught,caught,drop_top_required:name
delta_areal,drop_top_required,9,caught,caught,drop_top_required:record_type
delta_cppo,drop_top_required,0,caught,caught,drop_top_required:record_type
delta_cppo,drop_top_required,1,caught,caught,drop_top_required:record_type
delta_cppo,drop_top_required,2,caught,caught,drop_top_required:id
delta_cppo,drop_top_required,3,caught,caught,drop_top_required:base
delta_cppo,drop_top_required,4,caught,caught,drop_top_required:deltas
delta_cppo,drop_top_required,5,caught,caught,drop_top_required:deltas
delta_cppo,drop_top_required,6,caught,caught,drop_top_required:base
delta_cppo,drop_top_required,7,caught,caught,drop_top_required:citation
delta_cppo,drop_top_required,8,caught,caught,drop_top_required:deltas
delta_cppo,drop_top_required,9,caught,caught,drop_top_required:id
delta_dapo,drop_top_required,0,caught,caught,drop_top_required:record_type
delta_dapo,drop_top_required,1,caught,caught,drop_top_required:citation
delta_dapo,drop_top_required,2,caught,caught,drop_top_required:record_type
delta_dapo,drop_top_required,3,caught,caught,drop_top_required:name
delta_dapo,drop_top_required,4,caught,caught,drop_top_required:citation
delta_dapo,drop_top_required,5,caught,caught,drop_top_required:base
delta_dapo,drop_top_required,6,caught,caught,drop_top_required:deltas
delta_dapo,drop_top_required,7,caught,caught,drop_top_required:record_type
delta_dapo,drop_top_required,8,caught,caught,drop_top_required:base
delta_dapo,drop_top_required,9,caught,caught,drop_top_required:id
delta_drgrpo,drop_top_required,0,caught,caught,drop_top_required:record_type
delta_drgrpo,drop_top_required,1,caught,caught,drop_top_required:record_type
delta_drgrpo,drop_top_required,2,caught,caught,drop_top_required:record_type
delta_drgrpo,drop_top_required,3,caught,caught,drop_top_required:id
delta_drgrpo,drop_top_required,4,caught,caught,drop_top_required:base
delta_drgrpo,drop_top_required,5,caught,caught,drop_top_required:base
delta_drgrpo,drop_top_required,6,caught,caught,drop_top_required:name
delta_drgrpo,drop_top_required,7,caught,caught,drop_top_required:name
delta_drgrpo,drop_top_required,8,caught,caught,drop_top_required:base
delta_drgrpo,drop_top_required,9,caught,caught,drop_top_required:id
delta_es,drop_top_required,0,caught,caught,drop_top_required:base
delta_es,drop_top_required,1,caught,caught,drop_top_required:name
delta_es,drop_top_required,2,caught,caught,drop_top_required:name
delta_es,drop_top_required,3,caught,caught,drop_top_required:deltas
delta_es,drop_top_required,4,caught,caught,drop_top_required:id
delta_es,drop_top_required,5,caught,caught,drop_top_required:name
delta_es,drop_top_required,6,caught,caught,drop_top_required:id
delta_es,drop_top_required,7,caught,caught,drop_top_required:record_type
delta_es,drop_top_required,8,caught,caught,drop_top_required:citation
delta_es,drop_top_required,9,caught,caught,drop_top_required:base
delta_gift,drop_top_required,0,caught,caught,drop_top_required:id
delta_gift,drop_top_required,1,caught,caught,drop_top_required:record_type
delta_gift,drop_top_required,2,caught,caught,drop_top_required:id
delta_gift,drop_top_required,3,caught,caught,drop_top_required:record_type
delta_gift,drop_top_required,4,caught,caught,drop_top_required:citation
delta_gift,drop_top_required,5,caught,caught,drop_top_required:id
delta_gift,drop_top_required,6,caught,caught,drop_top_required:name
delta_gift,drop_top_required,7,caught,caught,drop_top_required:base
delta_gift,drop_top_required,8,caught,caught,drop_top_required:base
delta_gift,drop_top_required,9,caught,caught,drop_top_required:name
delta_gspo,drop_top_required,0,caught,caught,drop_top_required:citation
delta_gspo,drop_top_required,1,caught,caught,drop_top_required:id
delta_gspo,drop_top_required,2,caught,caught,drop_top_required:name
delta_gspo,drop_top_required,3,caught,caught,drop_top_required:deltas
delta_gspo,drop_top_required,4,caught,caught,drop_top_required:base
delta_gspo,drop_top_required,5,caught,caught,drop_top_required:deltas
delta_gspo,drop_top_required,6,caught,caught,drop_top_required:record_type
delta_gspo,drop_top_required,7,caught,caught,drop_top_required:record_type
delta_gspo,drop_top_required,8,caught,caught,drop_top_required:record_type
delta_gspo,drop_top_required,9,caught,caught,drop_top_required:name
delta_mcgrpo,drop_top_required,0,caught,caught,drop_top_required:base
delta_mcgrpo,drop_top_required,1,caught,caught,drop_top_required:name
delta_mcgrpo,drop_top_required,2,caught,caught,drop_top_required:base
delta_mcgrpo,drop_top_required,3,caught,caught,drop_top_required:name
delta_mcgrpo,drop_top_required,4,caught,caught,drop_top_required:deltas
delta_mcgrpo,drop_top_required,5,caught,caught,drop_top_required:name
delta_mcgrpo,drop_top_required,6,caught,caught,drop_top_required:id
delta_mcgrpo,drop_top_required,7,caught,caught,drop_top_required:citation
delta_mcgrpo,drop_top_required,8,caught,caught,drop_top_required:record_type
delta_mcgrpo,drop_top_required,9,caught,caught,drop_top_required:id
delta_ngrpo,drop_top_required,0,caught,caught,drop_top_required:id
delta_ngrpo,drop_top_required,1,caught,caught,drop_top_required:base
delta_ngrpo,drop_top_required,2,caught,caught,drop_top_required:name
delta_ngrpo,drop_top_required,3,caught,caught,drop_top_required:deltas
delta_ngrpo,drop_top_required,4,caught,caught,drop_top_required:id
delta_ngrpo,drop_top_required,5,caught,caught,drop_top_required:record_type
delta_ngrpo,drop_top_required,6,caught,caught,drop_top_required:record_type
delta_ngrpo,drop_top_required,7,caught,caught,drop_top_required:deltas
delta_ngrpo,drop_top_required,8,caught,caught,drop_top_required:deltas
delta_ngrpo,drop_top_required,9,caught,caught,drop_top_required:id
delta_scafgrpo,drop_top_required,0,caught,caught,drop_top_required:name
delta_scafgrpo,drop_top_required,1,caught,caught,drop_top_required:id
delta_scafgrpo,drop_top_required,2,caught,caught,drop_top_required:citation
delta_scafgrpo,drop_top_required,3,caught,caught,drop_top_required:record_type
delta_scafgrpo,drop_top_required,4,caught,caught,drop_top_required:id
delta_scafgrpo,drop_top_required,5,caught,caught,drop_top_required:id
delta_scafgrpo,drop_top_required,6,caught,caught,drop_top_required:citation
delta_scafgrpo,drop_top_required,7,caught,caught,drop_top_required:id
delta_scafgrpo,drop_top_required,8,caught,caught,drop_top_required:deltas
delta_scafgrpo,drop_top_required,9,caught,caught,drop_top_required:record_type
openrlhf_grpo_qwen3-8b_gsm8k,drop_top_required,0,caught,caught,drop_top_required:record_type
openrlhf_grpo_qwen3-8b_gsm8k,drop_top_required,1,caught,caught,drop_top_required:record_type
openrlhf_grpo_qwen3-8b_gsm8k,drop_top_required,2,caught,caught,drop_top_required:min_report
openrlhf_grpo_qwen3-8b_gsm8k,drop_top_required,3,caught,caught,drop_top_required:framework
openrlhf_grpo_qwen3-8b_gsm8k,drop_top_required,4,caught,caught,drop_top_required:framework
openrlhf_grpo_qwen3-8b_gsm8k,drop_top_required,5,caught,caught,drop_top_required:id
openrlhf_grpo_qwen3-8b_gsm8k,drop_top_required,6,caught,caught,drop_top_required:framework
openrlhf_grpo_qwen3-8b_gsm8k,drop_top_required,7,caught,caught,drop_top_required:id
openrlhf_grpo_qwen3-8b_gsm8k,drop_top_required,8,caught,caught,drop_top_required:id
openrlhf_grpo_qwen3-8b_gsm8k,drop_top_required,9,caught,caught,drop_top_required:provenance
tinker_aero_qwen3.5-4b_gsm8k,drop_top_required,0,caught,caught,drop_top_required:id
tinker_aero_qwen3.5-4b_gsm8k,drop_top_required,1,caught,caught,drop_top_required:record_type
tinker_aero_qwen3.5-4b_gsm8k,drop_top_required,2,caught,caught,drop_top_required:provenance
tinker_aero_qwen3.5-4b_gsm8k,drop_top_required,3,caught,caught,drop_top_required:label_claimed
tinker_aero_qwen3.5-4b_gsm8k,drop_top_required,4,caught,caught,drop_top_required:record_type
tinker_aero_qwen3.5-4b_gsm8k,drop_top_required,5,caught,caught,drop_top_required:id
tinker_aero_qwen3.5-4b_gsm8k,drop_top_required,6,caught,caught,drop_top_required:id
tinker_aero_qwen3.5-4b_gsm8k,drop_top_required,7,caught,caught,drop_top_required:id
tinker_aero_qwen3.5-4b_gsm8k,drop_top_required,8,caught,caught,drop_top_required:id
tinker_aero_qwen3.5-4b_gsm8k,drop_top_required,9,caught,caught,drop_top_required:label_claimed
tinker_areal_qwen3.5-4b_gsm8k,drop_top_required,0,caught,caught,drop_top_required:framework
tinker_areal_qwen3.5-4b_gsm8k,drop_top_required,1,caught,caught,drop_top_required:label_claimed
tinker_areal_qwen3.5-4b_gsm8k,drop_top_required,2,caught,caught,drop_top_required:min_report
tinker_areal_qwen3.5-4b_gsm8k,drop_top_required,3,caught,caught,drop_top_required:record_type
tinker_areal_qwen3.5-4b_gsm8k,drop_top_required,4,caught,caught,drop_top_required:min_report
tinker_areal_qwen3.5-4b_gsm8k,drop_top_required,5,caught,caught,drop_top_required:provenance
tinker_areal_qwen3.5-4b_gsm8k,drop_top_required,6,caught,caught,drop_top_required:framework
tinker_areal_qwen3.5-4b_gsm8k,drop_top_required,7,caught,caught,drop_top_required:framework
tinker_areal_qwen3.5-4b_gsm8k,drop_top_required,8,caught,caught,drop_top_required:min_report
tinker_areal_qwen3.5-4b_gsm8k,drop_top_required,9,caught,caught,drop_top_required:min_report
tinker_dapo_qwen3.5-4b_gsm8k,drop_top_required,0,caught,caught,drop_top_required:record_type
tinker_dapo_qwen3.5-4b_gsm8k,drop_top_required,1,caught,caught,drop_top_required:record_type
tinker_dapo_qwen3.5-4b_gsm8k,drop_top_required,2,caught,caught,drop_top_required:label_claimed
tinker_dapo_qwen3.5-4b_gsm8k,drop_top_required,3,caught,caught,drop_top_required:provenance
tinker_dapo_qwen3.5-4b_gsm8k,drop_top_required,4,caught,caught,drop_top_required:record_type
tinker_dapo_qwen3.5-4b_gsm8k,drop_top_required,5,caught,caught,drop_top_required:label_claimed
tinker_dapo_qwen3.5-4b_gsm8k,drop_top_required,6,caught,caught,drop_top_required:record_type
tinker_dapo_qwen3.5-4b_gsm8k,drop_top_required,7,caught,caught,drop_top_required:provenance
tinker_dapo_qwen3.5-4b_gsm8k,drop_top_required,8,caught,caught,drop_top_required:id
tinker_dapo_qwen3.5-4b_gsm8k,drop_top_required,9,caught,caught,drop_top_required:label_claimed
tinker_drgrpo_qwen3.5-4b_gsm8k,drop_top_required,0,caught,caught,drop_top_required:framework
tinker_drgrpo_qwen3.5-4b_gsm8k,drop_top_required,1,caught,caught,drop_top_required:record_type
tinker_drgrpo_qwen3.5-4b_gsm8k,drop_top_required,2,caught,caught,drop_top_required:provenance
tinker_drgrpo_qwen3.5-4b_gsm8k,drop_top_required,3,caught,caught,drop_top_required:label_claimed
tinker_drgrpo_qwen3.5-4b_gsm8k,drop_top_required,4,caught,caught,drop_top_required:label_claimed
tinker_drgrpo_qwen3.5-4b_gsm8k,drop_top_required,5,caught,caught,drop_top_required:min_report
tinker_drgrpo_qwen3.5-4b_gsm8k,drop_top_required,6,caught,caught,drop_top_required:provenance
tinker_drgrpo_qwen3.5-4b_gsm8k,drop_top_required,7,caught,caught,drop_top_required:provenance
tinker_drgrpo_qwen3.5-4b_gsm8k,drop_top_required,8,caught,caught,drop_top_required:record_type
tinker_drgrpo_qwen3.5-4b_gsm8k,drop_top_required,9,caught,caught,drop_top_required:provenance
tinker_gift_qwen3.5-4b_gsm8k,drop_top_required,0,caught,caught,drop_top_required:id
tinker_gift_qwen3.5-4b_gsm8k,drop_top_required,1,caught,caught,drop_top_required:provenance
tinker_gift_qwen3.5-4b_gsm8k,drop_top_required,2,caught,caught,drop_top_required:provenance
tinker_gift_qwen3.5-4b_gsm8k,drop_top_required,3,caught,caught,drop_top_required:label_claimed
tinker_gift_qwen3.5-4b_gsm8k,drop_top_required,4,caught,caught,drop_top_required:record_type
tinker_gift_qwen3.5-4b_gsm8k,drop_top_required,5,caught,caught,drop_top_required:min_report
tinker_gift_qwen3.5-4b_gsm8k,drop_top_required,6,caught,caught,drop_top_required:min_report
tinker_gift_qwen3.5-4b_gsm8k,drop_top_required,7,caught,caught,drop_top_required:provenance
tinker_gift_qwen3.5-4b_gsm8k,drop_top_required,8,caught,caught,drop_top_required:id
tinker_gift_qwen3.5-4b_gsm8k,drop_top_required,9,caught,caught,drop_top_required:min_report
tinker_grpo_qwen3-8b_gsm8k,drop_top_required,0,caught,caught,drop_top_required:id
tinker_grpo_qwen3-8b_gsm8k,drop_top_required,1,caught,caught,drop_top_required:framework
tinker_grpo_qwen3-8b_gsm8k,drop_top_required,2,caught,caught,drop_top_required:record_type
tinker_grpo_qwen3-8b_gsm8k,drop_top_required,3,caught,caught,drop_top_required:id
tinker_grpo_qwen3-8b_gsm8k,drop_top_required,4,caught,caught,drop_top_required:label_claimed
tinker_grpo_qwen3-8b_gsm8k,drop_top_required,5,caught,caught,drop_top_required:provenance
tinker_grpo_qwen3-8b_gsm8k,drop_top_required,6,caught,caught,drop_top_required:provenance
tinker_grpo_qwen3-8b_gsm8k,drop_top_required,7,caught,caught,drop_top_required:min_report
tinker_grpo_qwen3-8b_gsm8k,drop_top_required,8,caught,caught,drop_top_required:min_report
tinker_grpo_qwen3-8b_gsm8k,drop_top_required,9,caught,caught,drop_top_required:label_claimed
tinker_grpo_qwen3.5-4b_gsm8k,drop_top_required,0,caught,caught,drop_top_required:id
tinker_grpo_qwen3.5-4b_gsm8k,drop_top_required,1,caught,caught,drop_top_required:provenance
tinker_grpo_qwen3.5-4b_gsm8k,drop_top_required,2,caught,caught,drop_top_required:framework
tinker_grpo_qwen3.5-4b_gsm8k,drop_top_required,3,caught,caught,drop_top_required:provenance
tinker_grpo_qwen3.5-4b_gsm8k,drop_top_required,4,caught,caught,drop_top_required:label_claimed
tinker_grpo_qwen3.5-4b_gsm8k,drop_top_required,5,caught,caught,drop_top_required:record_type
tinker_grpo_qwen3.5-4b_gsm8k,drop_top_required,6,caught,caught,drop_top_required:provenance
tinker_grpo_qwen3.5-4b_gsm8k,drop_top_required,7,caught,caught,drop_top_required:label_claimed
tinker_grpo_qwen3.5-4b_gsm8k,drop_top_required,8,caught,caught,drop_top_required:id
tinker_grpo_qwen3.5-4b_gsm8k,drop_top_required,9,caught,caught,drop_top_required:id
tinker_gspo_qwen3.5-4b_gsm8k,drop_top_required,0,caught,caught,drop_top_required:label_claimed
tinker_gspo_qwen3.5-4b_gsm8k,drop_top_required,1,caught,caught,drop_top_required:framework
tinker_gspo_qwen3.5-4b_gsm8k,drop_top_required,2,caught,caught,drop_top_required:record_type
tinker_gspo_qwen3.5-4b_gsm8k,drop_top_required,3,caught,caught,drop_top_required:label_claimed
tinker_gspo_qwen3.5-4b_gsm8k,drop_top_required,4,caught,caught,drop_top_required:provenance
tinker_gspo_qwen3.5-4b_gsm8k,drop_top_required,5,caught,caught,drop_top_required:label_claimed
tinker_gspo_qwen3.5-4b_gsm8k,drop_top_required,6,caught,caught,drop_top_required:provenance
tinker_gspo_qwen3.5-4b_gsm8k,drop_top_required,7,caught,caught,drop_top_required:framework
tinker_gspo_qwen3.5-4b_gsm8k,drop_top_required,8,caught,caught,drop_top_required:id
tinker_gspo_qwen3.5-4b_gsm8k,drop_top_required,9,caught,caught,drop_top_required:min_report
trl_grpo_qwen3-8b_gsm8k,drop_top_required,0,caught,caught,drop_top_required:label_claimed
trl_grpo_qwen3-8b_gsm8k,drop_top_required,1,caught,caught,drop_top_required:record_type
trl_grpo_qwen3-8b_gsm8k,drop_top_required,2,caught,caught,drop_top_required:record_type
trl_grpo_qwen3-8b_gsm8k,drop_top_required,3,caught,caught,drop_top_required:framework
trl_grpo_qwen3-8b_gsm8k,drop_top_required,4,caught,caught,drop_top_required:min_report
trl_grpo_qwen3-8b_gsm8k,drop_top_required,5,caught,caught,drop_top_required:min_report
trl_grpo_qwen3-8b_gsm8k,drop_top_required,6,caught,caught,drop_top_required:provenance
trl_grpo_qwen3-8b_gsm8k,drop_top_required,7,caught,caught,drop_top_required:framework
trl_grpo_qwen3-8b_gsm8k,drop_top_required,8,caught,caught,drop_top_required:label_claimed
trl_grpo_qwen3-8b_gsm8k,drop_top_required,9,caught,caught,drop_top_required:min_report
verl_grpo_qwen3-8b_gsm8k,drop_top_required,0,caught,caught,drop_top_required:id
verl_grpo_qwen3-8b_gsm8k,drop_top_required,1,caught,caught,drop_top_required:record_type
verl_grpo_qwen3-8b_gsm8k,drop_top_required,2,caught,caught,drop_top_required:provenance
verl_grpo_qwen3-8b_gsm8k,drop_top_required,3,caught,caught,drop_top_required:label_claimed
verl_grpo_qwen3-8b_gsm8k,drop_top_required,4,caught,caught,drop_top_required:id
verl_grpo_qwen3-8b_gsm8k,drop_top_required,5,caught,caught,drop_top_required:min_report
verl_grpo_qwen3-8b_gsm8k,drop_top_required,6,caught,caught,drop_top_required:min_report
verl_grpo_qwen3-8b_gsm8k,drop_top_required,7,caught,caught,drop_top_required:id
verl_grpo_qwen3-8b_gsm8k,drop_top_required,8,caught,caught,drop_top_required:framework
verl_grpo_qwen3-8b_gsm8k,drop_top_required,9,caught,caught,drop_top_required:label_claimed
zvf130_cppo,drop_top_required,0,caught,caught,drop_top_required:framework
zvf130_cppo,drop_top_required,1,caught,caught,drop_top_required:min_report
zvf130_cppo,drop_top_required,2,caught,caught,drop_top_required:id
zvf130_cppo,drop_top_required,3,caught,caught,drop_top_required:framework
zvf130_cppo,drop_top_required,4,caught,caught,drop_top_required:record_type
zvf130_cppo,drop_top_required,5,caught,caught,drop_top_required:id
zvf130_cppo,drop_top_required,6,caught,caught,drop_top_required:id
zvf130_cppo,drop_top_required,7,caught,caught,drop_top_required:label_claimed
zvf130_cppo,drop_top_required,8,caught,caught,drop_top_required:provenance
zvf130_cppo,drop_top_required,9,caught,caught,drop_top_required:label_claimed
zvf130_es,drop_top_required,0,caught,caught,drop_top_required:min_report
zvf130_es,drop_top_required,1,caught,caught,drop_top_required:provenance
zvf130_es,drop_top_required,2,caught,caught,drop_top_required:record_type
zvf130_es,drop_top_required,3,caught,caught,drop_top_required:label_claimed
zvf130_es,drop_top_required,4,caught,caught,drop_top_required:id
zvf130_es,drop_top_required,5,caught,caught,drop_top_required:id
zvf130_es,drop_top_required,6,caught,caught,drop_top_required:id
zvf130_es,drop_top_required,7,caught,caught,drop_top_required:min_report
zvf130_es,drop_top_required,8,caught,caught,drop_top_required:label_claimed
zvf130_es,drop_top_required,9,caught,caught,drop_top_required:id
zvf130_mcgrpo,drop_top_required,0,caught,caught,drop_top_required:provenance
zvf130_mcgrpo,drop_top_required,1,caught,caught,drop_top_required:min_report
zvf130_mcgrpo,drop_top_required,2,caught,caught,drop_top_required:provenance
zvf130_mcgrpo,drop_top_required,3,caught,caught,drop_top_required:provenance
zvf130_mcgrpo,drop_top_required,4,caught,caught,drop_top_required:min_report
zvf130_mcgrpo,drop_top_required,5,caught,caught,drop_top_required:min_report
zvf130_mcgrpo,drop_top_required,6,caught,caught,drop_top_required:provenance
zvf130_mcgrpo,drop_top_required,7,caught,caught,drop_top_required:provenance
zvf130_mcgrpo,drop_top_required,8,caught,caught,drop_top_required:record_type
zvf130_mcgrpo,drop_top_required,9,caught,caught,drop_top_required:label_claimed
zvf130_ngrpo,drop_top_required,0,caught,caught,drop_top_required:record_type
zvf130_ngrpo,drop_top_required,1,caught,caught,drop_top_required:label_claimed
zvf130_ngrpo,drop_top_required,2,caught,caught,drop_top_required:id
zvf130_ngrpo,drop_top_required,3,caught,caught,drop_top_required:framework
zvf130_ngrpo,drop_top_required,4,caught,caught,drop_top_required:min_report
zvf130_ngrpo,drop_top_required,5,caught,caught,drop_top_required:framework
zvf130_ngrpo,drop_top_required,6,caught,caught,drop_top_required:provenance
zvf130_ngrpo,drop_top_required,7,caught,caught,drop_top_required:record_type
zvf130_ngrpo,drop_top_required,8,caught,caught,drop_top_required:min_report
zvf130_ngrpo,drop_top_required,9,caught,caught,drop_top_required:record_type
zvf130_scafgrpo,drop_top_required,0,caught,caught,drop_top_required:framework
zvf130_scafgrpo,drop_top_required,1,caught,caught,drop_top_required:label_claimed
zvf130_scafgrpo,drop_top_required,2,caught,caught,drop_top_required:provenance
zvf130_scafgrpo,drop_top_required,3,caught,caught,drop_top_required:min_report
zvf130_scafgrpo,drop_top_required,4,caught,caught,drop_top_required:record_type
zvf130_scafgrpo,drop_top_required,5,caught,caught,drop_top_required:min_report
zvf130_scafgrpo,drop_top_required,6,caught,caught,drop_top_required:framework
zvf130_scafgrpo,drop_top_required,7,caught,caught,drop_top_required:provenance
zvf130_scafgrpo,drop_top_required,8,caught,caught,drop_top_required:provenance
zvf130_scafgrpo,drop_top_required,9,caught,caught,drop_top_required:provenance
colab-open_dapo_e3,wrong_type_record_type,0,caught,caught,wrong_type:record_type
colab-open_dapo_e3,wrong_type_record_type,1,caught,caught,wrong_type:record_type
colab-open_dapo_e3,wrong_type_record_type,2,caught,caught,wrong_type:record_type
colab-open_dapo_e3,wrong_type_record_type,3,caught,caught,wrong_type:record_type
colab-open_dapo_e3,wrong_type_record_type,4,caught,caught,wrong_type:record_type
colab-open_dapo_e3,wrong_type_record_type,5,caught,caught,wrong_type:record_type
colab-open_dapo_e3,wrong_type_record_type,6,caught,caught,wrong_type:record_type
colab-open_dapo_e3,wrong_type_record_type,7,caught,caught,wrong_type:record_type
colab-open_dapo_e3,wrong_type_record_type,8,caught,caught,wrong_type:record_type
colab-open_dapo_e3,wrong_type_record_type,9,caught,caught,wrong_type:record_type
colab-open_drgrpo_e3,wrong_type_record_type,0,caught,caught,wrong_type:record_type
colab-open_drgrpo_e3,wrong_type_record_type,1,caught,caught,wrong_type:record_type
colab-open_drgrpo_e3,wrong_type_record_type,2,caught,caught,wrong_type:record_type
colab-open_drgrpo_e3,wrong_type_record_type,3,caught,caught,wrong_type:record_type
colab-open_drgrpo_e3,wrong_type_record_type,4,caught,caught,wrong_type:record_type
colab-open_drgrpo_e3,wrong_type_record_type,5,caught,caught,wrong_type:record_type
colab-open_drgrpo_e3,wrong_type_record_type,6,caught,caught,wrong_type:record_type
colab-open_drgrpo_e3,wrong_type_record_type,7,caught,caught,wrong_type:record_type
colab-open_drgrpo_e3,wrong_type_record_type,8,caught,caught,wrong_type:record_type
colab-open_drgrpo_e3,wrong_type_record_type,9,caught,caught,wrong_type:record_type
colab-open_grpo-adaptiveg_e3,wrong_type_record_type,0,caught,caught,wrong_type:record_type
colab-open_grpo-adaptiveg_e3,wrong_type_record_type,1,caught,caught,wrong_type:record_type
colab-open_grpo-adaptiveg_e3,wrong_type_record_type,2,caught,caught,wrong_type:record_type
colab-open_grpo-adaptiveg_e3,wrong_type_record_type,3,caught,caught,wrong_type:record_type
colab-open_grpo-adaptiveg_e3,wrong_type_record_type,4,caught,caught,wrong_type:record_type
colab-open_grpo-adaptiveg_e3,wrong_type_record_type,5,caught,caught,wrong_type:record_type
colab-open_grpo-adaptiveg_e3,wrong_type_record_type,6,caught,caught,wrong_type:record_type
colab-open_grpo-adaptiveg_e3,wrong_type_record_type,7,caught,caught,wrong_type:record_type
colab-open_grpo-adaptiveg_e3,wrong_type_record_type,8,caught,caught,wrong_type:record_type
colab-open_grpo-adaptiveg_e3,wrong_type_record_type,9,caught,caught,wrong_type:record_type
colab-open_grpo_e3,wrong_type_record_type,0,caught,caught,wrong_type:record_type
colab-open_grpo_e3,wrong_type_record_type,1,caught,caught,wrong_type:record_type
colab-open_grpo_e3,wrong_type_record_type,2,caught,caught,wrong_type:record_type
colab-open_grpo_e3,wrong_type_record_type,3,caught,caught,wrong_type:record_type
colab-open_grpo_e3,wrong_type_record_type,4,caught,caught,wrong_type:record_type
colab-open_grpo_e3,wrong_type_record_type,5,caught,caught,wrong_type:record_type
colab-open_grpo_e3,wrong_type_record_type,6,caught,caught,wrong_type:record_type
colab-open_grpo_e3,wrong_type_record_type,7,caught,caught,wrong_type:record_type
colab-open_grpo_e3,wrong_type_record_type,8,caught,caught,wrong_type:record_type
colab-open_grpo_e3,wrong_type_record_type,9,caught,caught,wrong_type:record_type
delta_aero,wrong_type_record_type,0,caught,caught,wrong_type:record_type
delta_aero,wrong_type_record_type,1,caught,caught,wrong_type:record_type
delta_aero,wrong_type_record_type,2,caught,caught,wrong_type:record_type
delta_aero,wrong_type_record_type,3,caught,caught,wrong_type:record_type
delta_aero,wrong_type_record_type,4,caught,caught,wrong_type:record_type
delta_aero,wrong_type_record_type,5,caught,caught,wrong_type:record_type
delta_aero,wrong_type_record_type,6,caught,caught,wrong_type:record_type
delta_aero,wrong_type_record_type,7,caught,caught,wrong_type:record_type
delta_aero,wrong_type_record_type,8,caught,caught,wrong_type:record_type
delta_aero,wrong_type_record_type,9,caught,caught,wrong_type:record_type
delta_areal,wrong_type_record_type,0,caught,caught,wrong_type:record_type
delta_areal,wrong_type_record_type,1,caught,caught,wrong_type:record_type
delta_areal,wrong_type_record_type,2,caught,caught,wrong_type:record_type
delta_areal,wrong_type_record_type,3,caught,caught,wrong_type:record_type
delta_areal,wrong_type_record_type,4,caught,caught,wrong_type:record_type
delta_areal,wrong_type_record_type,5,caught,caught,wrong_type:record_type
delta_areal,wrong_type_record_type,6,caught,caught,wrong_type:record_type
delta_areal,wrong_type_record_type,7,caught,caught,wrong_type:record_type
delta_areal,wrong_type_record_type,8,caught,caught,wrong_type:record_type
delta_areal,wrong_type_record_type,9,caught,caught,wrong_type:record_type
delta_cppo,wrong_type_record_type,0,caught,caught,wrong_type:record_type
delta_cppo,wrong_type_record_type,1,caught,caught,wrong_type:record_type
delta_cppo,wrong_type_record_type,2,caught,caught,wrong_type:record_type
delta_cppo,wrong_type_record_type,3,caught,caught,wrong_type:record_type
delta_cppo,wrong_type_record_type,4,caught,caught,wrong_type:record_type
delta_cppo,wrong_type_record_type,5,caught,caught,wrong_type:record_type
delta_cppo,wrong_type_record_type,6,caught,caught,wrong_type:record_type
delta_cppo,wrong_type_record_type,7,caught,caught,wrong_type:record_type
delta_cppo,wrong_type_record_type,8,caught,caught,wrong_type:record_type
delta_cppo,wrong_type_record_type,9,caught,caught,wrong_type:record_type
delta_dapo,wrong_type_record_type,0,caught,caught,wrong_type:record_type
delta_dapo,wrong_type_record_type,1,caught,caught,wrong_type:record_type
delta_dapo,wrong_type_record_type,2,caught,caught,wrong_type:record_type
delta_dapo,wrong_type_record_type,3,caught,caught,wrong_type:record_type
delta_dapo,wrong_type_record_type,4,caught,caught,wrong_type:record_type
delta_dapo,wrong_type_record_type,5,caught,caught,wrong_type:record_type
delta_dapo,wrong_type_record_type,6,caught,caught,wrong_type:record_type
delta_dapo,wrong_type_record_type,7,caught,caught,wrong_type:record_type
delta_dapo,wrong_type_record_type,8,caught,caught,wrong_type:record_type
delta_dapo,wrong_type_record_type,9,caught,caught,wrong_type:record_type
delta_drgrpo,wrong_type_record_type,0,caught,caught,wrong_type:record_type
delta_drgrpo,wrong_type_record_type,1,caught,caught,wrong_type:record_type
delta_drgrpo,wrong_type_record_type,2,caught,caught,wrong_type:record_type
delta_drgrpo,wrong_type_record_type,3,caught,caught,wrong_type:record_type
delta_drgrpo,wrong_type_record_type,4,caught,caught,wrong_type:record_type
delta_drgrpo,wrong_type_record_type,5,caught,caught,wrong_type:record_type
delta_drgrpo,wrong_type_record_type,6,caught,caught,wrong_type:record_type
delta_drgrpo,wrong_type_record_type,7,caught,caught,wrong_type:record_type
delta_drgrpo,wrong_type_record_type,8,caught,caught,wrong_type:record_type
delta_drgrpo,wrong_type_record_type,9,caught,caught,wrong_type:record_type
delta_es,wrong_type_record_type,0,caught,caught,wrong_type:record_type
delta_es,wrong_type_record_type,1,caught,caught,wrong_type:record_type
delta_es,wrong_type_record_type,2,caught,caught,wrong_type:record_type
delta_es,wrong_type_record_type,3,caught,caught,wrong_type:record_type
delta_es,wrong_type_record_type,4,caught,caught,wrong_type:record_type
delta_es,wrong_type_record_type,5,caught,caught,wrong_type:record_type
delta_es,wrong_type_record_type,6,caught,caught,wrong_type:record_type
delta_es,wrong_type_record_type,7,caught,caught,wrong_type:record_type
delta_es,wrong_type_record_type,8,caught,caught,wrong_type:record_type
delta_es,wrong_type_record_type,9,caught,caught,wrong_type:record_type
delta_gift,wrong_type_record_type,0,caught,caught,wrong_type:record_type
delta_gift,wrong_type_record_type,1,caught,caught,wrong_type:record_type
delta_gift,wrong_type_record_type,2,caught,caught,wrong_type:record_type
delta_gift,wrong_type_record_type,3,caught,caught,wrong_type:record_type
delta_gift,wrong_type_record_type,4,caught,caught,wrong_type:record_type
delta_gift,wrong_type_record_type,5,caught,caught,wrong_type:record_type
delta_gift,wrong_type_record_type,6,caught,caught,wrong_type:record_type
delta_gift,wrong_type_record_type,7,caught,caught,wrong_type:record_type
delta_gift,wrong_type_record_type,8,caught,caught,wrong_type:record_type
delta_gift,wrong_type_record_type,9,caught,caught,wrong_type:record_type
delta_gspo,wrong_type_record_type,0,caught,caught,wrong_type:record_type
delta_gspo,wrong_type_record_type,1,caught,caught,wrong_type:record_type
delta_gspo,wrong_type_record_type,2,caught,caught,wrong_type:record_type
delta_gspo,wrong_type_record_type,3,caught,caught,wrong_type:record_type
delta_gspo,wrong_type_record_type,4,caught,caught,wrong_type:record_type
delta_gspo,wrong_type_record_type,5,caught,caught,wrong_type:record_type
delta_gspo,wrong_type_record_type,6,caught,caught,wrong_type:record_type
delta_gspo,wrong_type_record_type,7,caught,caught,wrong_type:record_type
delta_gspo,wrong_type_record_type,8,caught,caught,wrong_type:record_type
delta_gspo,wrong_type_record_type,9,caught,caught,wrong_type:record_type
delta_mcgrpo,wrong_type_record_type,0,caught,caught,wrong_type:record_type
delta_mcgrpo,wrong_type_record_type,1,caught,caught,wrong_type:record_type
delta_mcgrpo,wrong_type_record_type,2,caught,caught,wrong_type:record_type
delta_mcgrpo,wrong_type_record_type,3,caught,caught,wrong_type:record_type
delta_mcgrpo,wrong_type_record_type,4,caught,caught,wrong_type:record_type
delta_mcgrpo,wrong_type_record_type,5,caught,caught,wrong_type:record_type
delta_mcgrpo,wrong_type_record_type,6,caught,caught,wrong_type:record_type
delta_mcgrpo,wrong_type_record_type,7,caught,caught,wrong_type:record_type
delta_mcgrpo,wrong_type_record_type,8,caught,caught,wrong_type:record_type
delta_mcgrpo,wrong_type_record_type,9,caught,caught,wrong_type:record_type
delta_ngrpo,wrong_type_record_type,0,caught,caught,wrong_type:record_type
delta_ngrpo,wrong_type_record_type,1,caught,caught,wrong_type:record_type
delta_ngrpo,wrong_type_record_type,2,caught,caught,wrong_type:record_type
delta_ngrpo,wrong_type_record_type,3,caught,caught,wrong_type:record_type
delta_ngrpo,wrong_type_record_type,4,caught,caught,wrong_type:record_type
delta_ngrpo,wrong_type_record_type,5,caught,caught,wrong_type:record_type
delta_ngrpo,wrong_type_record_type,6,caught,caught,wrong_type:record_type
delta_ngrpo,wrong_type_record_type,7,caught,caught,wrong_type:record_type
delta_ngrpo,wrong_type_record_type,8,caught,caught,wrong_type:record_type
delta_ngrpo,wrong_type_record_type,9,caught,caught,wrong_type:record_type
delta_scafgrpo,wrong_type_record_type,0,caught,caught,wrong_type:record_type
delta_scafgrpo,wrong_type_record_type,1,caught,caught,wrong_type:record_type
delta_scafgrpo,wrong_type_record_type,2,caught,caught,wrong_type:record_type
delta_scafgrpo,wrong_type_record_type,3,caught,caught,wrong_type:record_type
delta_scafgrpo,wrong_type_record_type,4,caught,caught,wrong_type:record_type
delta_scafgrpo,wrong_type_record_type,5,caught,caught,wrong_type:record_type
delta_scafgrpo,wrong_type_record_type,6,caught,caught,wrong_type:record_type
delta_scafgrpo,wrong_type_record_type,7,caught,caught,wrong_type:record_type
delta_scafgrpo,wrong_type_record_type,8,caught,caught,wrong_type:record_type
delta_scafgrpo,wrong_type_record_type,9,caught,caught,wrong_type:record_type
openrlhf_grpo_qwen3-8b_gsm8k,wrong_type_record_type,0,caught,caught,wrong_type:record_type
openrlhf_grpo_qwen3-8b_gsm8k,wrong_type_record_type,1,caught,caught,wrong_type:record_type
openrlhf_grpo_qwen3-8b_gsm8k,wrong_type_record_type,2,caught,caught,wrong_type:record_type
openrlhf_grpo_qwen3-8b_gsm8k,wrong_type_record_type,3,caught,caught,wrong_type:record_type
openrlhf_grpo_qwen3-8b_gsm8k,wrong_type_record_type,4,caught,caught,wrong_type:record_type
openrlhf_grpo_qwen3-8b_gsm8k,wrong_type_record_type,5,caught,caught,wrong_type:record_type
openrlhf_grpo_qwen3-8b_gsm8k,wrong_type_record_type,6,caught,caught,wrong_type:record_type
openrlhf_grpo_qwen3-8b_gsm8k,wrong_type_record_type,7,caught,caught,wrong_type:record_type
openrlhf_grpo_qwen3-8b_gsm8k,wrong_type_record_type,8,caught,caught,wrong_type:record_type
openrlhf_grpo_qwen3-8b_gsm8k,wrong_type_record_type,9,caught,caught,wrong_type:record_type
tinker_aero_qwen3.5-4b_gsm8k,wrong_type_record_type,0,caught,caught,wrong_type:record_type
tinker_aero_qwen3.5-4b_gsm8k,wrong_type_record_type,1,caught,caught,wrong_type:record_type
tinker_aero_qwen3.5-4b_gsm8k,wrong_type_record_type,2,caught,caught,wrong_type:record_type
tinker_aero_qwen3.5-4b_gsm8k,wrong_type_record_type,3,caught,caught,wrong_type:record_type
tinker_aero_qwen3.5-4b_gsm8k,wrong_type_record_type,4,caught,caught,wrong_type:record_type
tinker_aero_qwen3.5-4b_gsm8k,wrong_type_record_type,5,caught,caught,wrong_type:record_type
tinker_aero_qwen3.5-4b_gsm8k,wrong_type_record_type,6,caught,caught,wrong_type:record_type
tinker_aero_qwen3.5-4b_gsm8k,wrong_type_record_type,7,caught,caught,wrong_type:record_type
tinker_aero_qwen3.5-4b_gsm8k,wrong_type_record_type,8,caught,caught,wrong_type:record_type
tinker_aero_qwen3.5-4b_gsm8k,wrong_type_record_type,9,caught,caught,wrong_type:record_type
tinker_areal_qwen3.5-4b_gsm8k,wrong_type_record_type,0,caught,caught,wrong_type:record_type
tinker_areal_qwen3.5-4b_gsm8k,wrong_type_record_type,1,caught,caught,wrong_type:record_type
tinker_areal_qwen3.5-4b_gsm8k,wrong_type_record_type,2,caught,caught,wrong_type:record_type
tinker_areal_qwen3.5-4b_gsm8k,wrong_type_record_type,3,caught,caught,wrong_type:record_type
tinker_areal_qwen3.5-4b_gsm8k,wrong_type_record_type,4,caught,caught,wrong_type:record_type
tinker_areal_qwen3.5-4b_gsm8k,wrong_type_record_type,5,caught,caught,wrong_type:record_type
tinker_areal_qwen3.5-4b_gsm8k,wrong_type_record_type,6,caught,caught,wrong_type:record_type
tinker_areal_qwen3.5-4b_gsm8k,wrong_type_record_type,7,caught,caught,wrong_type:record_type
tinker_areal_qwen3.5-4b_gsm8k,wrong_type_record_type,8,caught,caught,wrong_type:record_type
tinker_areal_qwen3.5-4b_gsm8k,wrong_type_record_type,9,caught,caught,wrong_type:record_type
tinker_dapo_qwen3.5-4b_gsm8k,wrong_type_record_type,0,caught,caught,wrong_type:record_type
tinker_dapo_qwen3.5-4b_gsm8k,wrong_type_record_type,1,caught,caught,wrong_type:record_type
tinker_dapo_qwen3.5-4b_gsm8k,wrong_type_record_type,2,caught,caught,wrong_type:record_type
tinker_dapo_qwen3.5-4b_gsm8k,wrong_type_record_type,3,caught,caught,wrong_type:record_type
tinker_dapo_qwen3.5-4b_gsm8k,wrong_type_record_type,4,caught,caught,wrong_type:record_type
tinker_dapo_qwen3.5-4b_gsm8k,wrong_type_record_type,5,caught,caught,wrong_type:record_type
tinker_dapo_qwen3.5-4b_gsm8k,wrong_type_record_type,6,caught,caught,wrong_type:record_type
tinker_dapo_qwen3.5-4b_gsm8k,wrong_type_record_type,7,caught,caught,wrong_type:record_type
tinker_dapo_qwen3.5-4b_gsm8k,wrong_type_record_type,8,caught,caught,wrong_type:record_type
tinker_dapo_qwen3.5-4b_gsm8k,wrong_type_record_type,9,caught,caught,wrong_type:record_type
tinker_drgrpo_qwen3.5-4b_gsm8k,wrong_type_record_type,0,caught,caught,wrong_type:record_type
tinker_drgrpo_qwen3.5-4b_gsm8k,wrong_type_record_type,1,caught,caught,wrong_type:record_type
tinker_drgrpo_qwen3.5-4b_gsm8k,wrong_type_record_type,2,caught,caught,wrong_type:record_type
tinker_drgrpo_qwen3.5-4b_gsm8k,wrong_type_record_type,3,caught,caught,wrong_type:record_type
tinker_drgrpo_qwen3.5-4b_gsm8k,wrong_type_record_type,4,caught,caught,wrong_type:record_type
tinker_drgrpo_qwen3.5-4b_gsm8k,wrong_type_record_type,5,caught,caught,wrong_type:record_type
tinker_drgrpo_qwen3.5-4b_gsm8k,wrong_type_record_type,6,caught,caught,wrong_type:record_type
tinker_drgrpo_qwen3.5-4b_gsm8k,wrong_type_record_type,7,caught,caught,wrong_type:record_type
tinker_drgrpo_qwen3.5-4b_gsm8k,wrong_type_record_type,8,caught,caught,wrong_type:record_type
tinker_drgrpo_qwen3.5-4b_gsm8k,wrong_type_record_type,9,caught,caught,wrong_type:record_type
tinker_gift_qwen3.5-4b_gsm8k,wrong_type_record_type,0,caught,caught,wrong_type:record_type
tinker_gift_qwen3.5-4b_gsm8k,wrong_type_record_type,1,caught,caught,wrong_type:record_type
tinker_gift_qwen3.5-4b_gsm8k,wrong_type_record_type,2,caught,caught,wrong_type:record_type
tinker_gift_qwen3.5-4b_gsm8k,wrong_type_record_type,3,caught,caught,wrong_type:record_type
tinker_gift_qwen3.5-4b_gsm8k,wrong_type_record_type,4,caught,caught,wrong_type:record_type
tinker_gift_qwen3.5-4b_gsm8k,wrong_type_record_type,5,caught,caught,wrong_type:record_type
tinker_gift_qwen3.5-4b_gsm8k,wrong_type_record_type,6,caught,caught,wrong_type:record_type
tinker_gift_qwen3.5-4b_gsm8k,wrong_type_record_type,7,caught,caught,wrong_type:record_type
tinker_gift_qwen3.5-4b_gsm8k,wrong_type_record_type,8,caught,caught,wrong_type:record_type
tinker_gift_qwen3.5-4b_gsm8k,wrong_type_record_type,9,caught,caught,wrong_type:record_type
tinker_grpo_qwen3-8b_gsm8k,wrong_type_record_type,0,caught,caught,wrong_type:record_type
tinker_grpo_qwen3-8b_gsm8k,wrong_type_record_type,1,caught,caught,wrong_type:record_type
tinker_grpo_qwen3-8b_gsm8k,wrong_type_record_type,2,caught,caught,wrong_type:record_type
tinker_grpo_qwen3-8b_gsm8k,wrong_type_record_type,3,caught,caught,wrong_type:record_type
tinker_grpo_qwen3-8b_gsm8k,wrong_type_record_type,4,caught,caught,wrong_type:record_type
tinker_grpo_qwen3-8b_gsm8k,wrong_type_record_type,5,caught,caught,wrong_type:record_type
tinker_grpo_qwen3-8b_gsm8k,wrong_type_record_type,6,caught,caught,wrong_type:record_type
tinker_grpo_qwen3-8b_gsm8k,wrong_type_record_type,7,caught,caught,wrong_type:record_type
tinker_grpo_qwen3-8b_gsm8k,wrong_type_record_type,8,caught,caught,wrong_type:record_type
tinker_grpo_qwen3-8b_gsm8k,wrong_type_record_type,9,caught,caught,wrong_type:record_type
tinker_grpo_qwen3.5-4b_gsm8k,wrong_type_record_type,0,caught,caught,wrong_type:record_type
tinker_grpo_qwen3.5-4b_gsm8k,wrong_type_record_type,1,caught,caught,wrong_type:record_type
tinker_grpo_qwen3.5-4b_gsm8k,wrong_type_record_type,2,caught,caught,wrong_type:record_type
tinker_grpo_qwen3.5-4b_gsm8k,wrong_type_record_type,3,caught,caught,wrong_type:record_type
tinker_grpo_qwen3.5-4b_gsm8k,wrong_type_record_type,4,caught,caught,wrong_type:record_type
tinker_grpo_qwen3.5-4b_gsm8k,wrong_type_record_type,5,caught,caught,wrong_type:record_type
tinker_grpo_qwen3.5-4b_gsm8k,wrong_type_record_type,6,caught,caught,wrong_type:record_type
tinker_grpo_qwen3.5-4b_gsm8k,wrong_type_record_type,7,caught,caught,wrong_type:record_type
tinker_grpo_qwen3.5-4b_gsm8k,wrong_type_record_type,8,caught,caught,wrong_type:record_type
tinker_grpo_qwen3.5-4b_gsm8k,wrong_type_record_type,9,caught,caught,wrong_type:record_type
tinker_gspo_qwen3.5-4b_gsm8k,wrong_type_record_type,0,caught,caught,wrong_type:record_type
tinker_gspo_qwen3.5-4b_gsm8k,wrong_type_record_type,1,caught,caught,wrong_type:record_type
tinker_gspo_qwen3.5-4b_gsm8k,wrong_type_record_type,2,caught,caught,wrong_type:record_type
tinker_gspo_qwen3.5-4b_gsm8k,wrong_type_record_type,3,caught,caught,wrong_type:record_type
tinker_gspo_qwen3.5-4b_gsm8k,wrong_type_record_type,4,caught,caught,wrong_type:record_type
tinker_gspo_qwen3.5-4b_gsm8k,wrong_type_record_type,5,caught,caught,wrong_type:record_type
tinker_gspo_qwen3.5-4b_gsm8k,wrong_type_record_type,6,caught,caught,wrong_type:record_type
tinker_gspo_qwen3.5-4b_gsm8k,wrong_type_record_type,7,caught,caught,wrong_type:record_type
tinker_gspo_qwen3.5-4b_gsm8k,wrong_type_record_type,8,caught,caught,wrong_type:record_type
tinker_gspo_qwen3.5-4b_gsm8k,wrong_type_record_type,9,caught,caught,wrong_type:record_type
trl_grpo_qwen3-8b_gsm8k,wrong_type_record_type,0,caught,caught,wrong_type:record_type
trl_grpo_qwen3-8b_gsm8k,wrong_type_record_type,1,caught,caught,wrong_type:record_type
trl_grpo_qwen3-8b_gsm8k,wrong_type_record_type,2,caught,caught,wrong_type:record_type
trl_grpo_qwen3-8b_gsm8k,wrong_type_record_type,3,caught,caught,wrong_type:record_type
trl_grpo_qwen3-8b_gsm8k,wrong_type_record_type,4,caught,caught,wrong_type:record_type
trl_grpo_qwen3-8b_gsm8k,wrong_type_record_type,5,caught,caught,wrong_type:record_type
trl_grpo_qwen3-8b_gsm8k,wrong_type_record_type,6,caught,caught,wrong_type:record_type
trl_grpo_qwen3-8b_gsm8k,wrong_type_record_type,7,caught,caught,wrong_type:record_type
trl_grpo_qwen3-8b_gsm8k,wrong_type_record_type,8,caught,caught,wrong_type:record_type
trl_grpo_qwen3-8b_gsm8k,wrong_type_record_type,9,caught,caught,wrong_type:record_type
verl_grpo_qwen3-8b_gsm8k,wrong_type_record_type,0,caught,caught,wrong_type:record_type
verl_grpo_qwen3-8b_gsm8k,wrong_type_record_type,1,caught,caught,wrong_type:record_type
verl_grpo_qwen3-8b_gsm8k,wrong_type_record_type,2,caught,caught,wrong_type:record_type
verl_grpo_qwen3-8b_gsm8k,wrong_type_record_type,3,caught,caught,wrong_type:record_type
verl_grpo_qwen3-8b_gsm8k,wrong_type_record_type,4,caught,caught,wrong_type:record_type
verl_grpo_qwen3-8b_gsm8k,wrong_type_record_type,5,caught,caught,wrong_type:record_type
verl_grpo_qwen3-8b_gsm8k,wrong_type_record_type,6,caught,caught,wrong_type:record_type
verl_grpo_qwen3-8b_gsm8k,wrong_type_record_type,7,caught,caught,wrong_type:record_type
verl_grpo_qwen3-8b_gsm8k,wrong_type_record_type,8,caught,caught,wrong_type:record_type
verl_grpo_qwen3-8b_gsm8k,wrong_type_record_type,9,caught,caught,wrong_type:record_type
zvf130_cppo,wrong_type_record_type,0,caught,caught,wrong_type:record_type
zvf130_cppo,wrong_type_record_type,1,caught,caught,wrong_type:record_type
zvf130_cppo,wrong_type_record_type,2,caught,caught,wrong_type:record_type
zvf130_cppo,wrong_type_record_type,3,caught,caught,wrong_type:record_type
zvf130_cppo,wrong_type_record_type,4,caught,caught,wrong_type:record_type
zvf130_cppo,wrong_type_record_type,5,caught,caught,wrong_type:record_type
zvf130_cppo,wrong_type_record_type,6,caught,caught,wrong_type:record_type
zvf130_cppo,wrong_type_record_type,7,caught,caught,wrong_type:record_type
zvf130_cppo,wrong_type_record_type,8,caught,caught,wrong_type:record_type
zvf130_cppo,wrong_type_record_type,9,caught,caught,wrong_type:record_type
zvf130_es,wrong_type_record_type,0,caught,caught,wrong_type:record_type
zvf130_es,wrong_type_record_type,1,caught,caught,wrong_type:record_type
zvf130_es,wrong_type_record_type,2,caught,caught,wrong_type:record_type
zvf130_es,wrong_type_record_type,3,caught,caught,wrong_type:record_type
zvf130_es,wrong_type_record_type,4,caught,caught,wrong_type:record_type
zvf130_es,wrong_type_record_type,5,caught,caught,wrong_type:record_type
zvf130_es,wrong_type_record_type,6,caught,caught,wrong_type:record_type
zvf130_es,wrong_type_record_type,7,caught,caught,wrong_type:record_type
zvf130_es,wrong_type_record_type,8,caught,caught,wrong_type:record_type
zvf130_es,wrong_type_record_type,9,caught,caught,wrong_type:record_type
zvf130_mcgrpo,wrong_type_record_type,0,caught,caught,wrong_type:record_type
zvf130_mcgrpo,wrong_type_record_type,1,caught,caught,wrong_type:record_type
zvf130_mcgrpo,wrong_type_record_type,2,caught,caught,wrong_type:record_type
zvf130_mcgrpo,wrong_type_record_type,3,caught,caught,wrong_type:record_type
zvf130_mcgrpo,wrong_type_record_type,4,caught,caught,wrong_type:record_type
zvf130_mcgrpo,wrong_type_record_type,5,caught,caught,wrong_type:record_type
zvf130_mcgrpo,wrong_type_record_type,6,caught,caught,wrong_type:record_type
zvf130_mcgrpo,wrong_type_record_type,7,caught,caught,wrong_type:record_type
zvf130_mcgrpo,wrong_type_record_type,8,caught,caught,wrong_type:record_type
zvf130_mcgrpo,wrong_type_record_type,9,caught,caught,wrong_type:record_type
zvf130_ngrpo,wrong_type_record_type,0,caught,caught,wrong_type:record_type
zvf130_ngrpo,wrong_type_record_type,1,caught,caught,wrong_type:record_type
zvf130_ngrpo,wrong_type_record_type,2,caught,caught,wrong_type:record_type
zvf130_ngrpo,wrong_type_record_type,3,caught,caught,wrong_type:record_type
zvf130_ngrpo,wrong_type_record_type,4,caught,caught,wrong_type:record_type
zvf130_ngrpo,wrong_type_record_type,5,caught,caught,wrong_type:record_type
zvf130_ngrpo,wrong_type_record_type,6,caught,caught,wrong_type:record_type
zvf130_ngrpo,wrong_type_record_type,7,caught,caught,wrong_type:record_type
zvf130_ngrpo,wrong_type_record_type,8,caught,caught,wrong_type:record_type
zvf130_ngrpo,wrong_type_record_type,9,caught,caught,wrong_type:record_type
zvf130_scafgrpo,wrong_type_record_type,0,caught,caught,wrong_type:record_type
zvf130_scafgrpo,wrong_type_record_type,1,caught,caught,wrong_type:record_type
zvf130_scafgrpo,wrong_type_record_type,2,caught,caught,wrong_type:record_type
zvf130_scafgrpo,wrong_type_record_type,3,caught,caught,wrong_type:record_type
zvf130_scafgrpo,wrong_type_record_type,4,caught,caught,wrong_type:record_type
zvf130_scafgrpo,wrong_type_record_type,5,caught,caught,wrong_type:record_type
zvf130_scafgrpo,wrong_type_record_type,6,caught,caught,wrong_type:record_type
zvf130_scafgrpo,wrong_type_record_type,7,caught,caught,wrong_type:record_type
zvf130_scafgrpo,wrong_type_record_type,8,caught,caught,wrong_type:record_type
zvf130_scafgrpo,wrong_type_record_type,9,caught,caught,wrong_type:record_type
colab-open_dapo_e3,wrong_type_id,0,caught,caught,wrong_type:id
colab-open_dapo_e3,wrong_type_id,1,caught,caught,wrong_type:id
colab-open_dapo_e3,wrong_type_id,2,caught,caught,wrong_type:id
colab-open_dapo_e3,wrong_type_id,3,caught,caught,wrong_type:id
colab-open_dapo_e3,wrong_type_id,4,caught,caught,wrong_type:id
colab-open_dapo_e3,wrong_type_id,5,caught,caught,wrong_type:id
colab-open_dapo_e3,wrong_type_id,6,caught,caught,wrong_type:id
colab-open_dapo_e3,wrong_type_id,7,caught,caught,wrong_type:id
colab-open_dapo_e3,wrong_type_id,8,caught,caught,wrong_type:id
colab-open_dapo_e3,wrong_type_id,9,caught,caught,wrong_type:id
colab-open_drgrpo_e3,wrong_type_id,0,caught,caught,wrong_type:id
colab-open_drgrpo_e3,wrong_type_id,1,caught,caught,wrong_type:id
colab-open_drgrpo_e3,wrong_type_id,2,caught,caught,wrong_type:id
colab-open_drgrpo_e3,wrong_type_id,3,caught,caught,wrong_type:id
colab-open_drgrpo_e3,wrong_type_id,4,caught,caught,wrong_type:id
colab-open_drgrpo_e3,wrong_type_id,5,caught,caught,wrong_type:id
colab-open_drgrpo_e3,wrong_type_id,6,caught,caught,wrong_type:id
colab-open_drgrpo_e3,wrong_type_id,7,caught,caught,wrong_type:id
colab-open_drgrpo_e3,wrong_type_id,8,caught,caught,wrong_type:id
colab-open_drgrpo_e3,wrong_type_id,9,caught,caught,wrong_type:id
colab-open_grpo-adaptiveg_e3,wrong_type_id,0,caught,caught,wrong_type:id
colab-open_grpo-adaptiveg_e3,wrong_type_id,1,caught,caught,wrong_type:id
colab-open_grpo-adaptiveg_e3,wrong_type_id,2,caught,caught,wrong_type:id
colab-open_grpo-adaptiveg_e3,wrong_type_id,3,caught,caught,wrong_type:id
colab-open_grpo-adaptiveg_e3,wrong_type_id,4,caught,caught,wrong_type:id
colab-open_grpo-adaptiveg_e3,wrong_type_id,5,caught,caught,wrong_type:id
colab-open_grpo-adaptiveg_e3,wrong_type_id,6,caught,caught,wrong_type:id
colab-open_grpo-adaptiveg_e3,wrong_type_id,7,caught,caught,wrong_type:id
colab-open_grpo-adaptiveg_e3,wrong_type_id,8,caught,caught,wrong_type:id
colab-open_grpo-adaptiveg_e3,wrong_type_id,9,caught,caught,wrong_type:id
colab-open_grpo_e3,wrong_type_id,0,caught,caught,wrong_type:id
colab-open_grpo_e3,wrong_type_id,1,caught,caught,wrong_type:id
colab-open_grpo_e3,wrong_type_id,2,caught,caught,wrong_type:id
colab-open_grpo_e3,wrong_type_id,3,caught,caught,wrong_type:id
colab-open_grpo_e3,wrong_type_id,4,caught,caught,wrong_type:id
colab-open_grpo_e3,wrong_type_id,5,caught,caught,wrong_type:id
colab-open_grpo_e3,wrong_type_id,6,caught,caught,wrong_type:id
colab-open_grpo_e3,wrong_type_id,7,caught,caught,wrong_type:id
colab-open_grpo_e3,wrong_type_id,8,caught,caught,wrong_type:id
colab-open_grpo_e3,wrong_type_id,9,caught,caught,wrong_type:id
delta_aero,wrong_type_id,0,caught,caught,wrong_type:id
delta_aero,wrong_type_id,1,caught,caught,wrong_type:id
delta_aero,wrong_type_id,2,caught,caught,wrong_type:id
delta_aero,wrong_type_id,3,caught,caught,wrong_type:id
delta_aero,wrong_type_id,4,caught,caught,wrong_type:id
delta_aero,wrong_type_id,5,caught,caught,wrong_type:id
delta_aero,wrong_type_id,6,caught,caught,wrong_type:id
delta_aero,wrong_type_id,7,caught,caught,wrong_type:id
delta_aero,wrong_type_id,8,caught,caught,wrong_type:id
delta_aero,wrong_type_id,9,caught,caught,wrong_type:id
delta_areal,wrong_type_id,0,caught,caught,wrong_type:id
delta_areal,wrong_type_id,1,caught,caught,wrong_type:id
delta_areal,wrong_type_id,2,caught,caught,wrong_type:id
delta_areal,wrong_type_id,3,caught,caught,wrong_type:id
delta_areal,wrong_type_id,4,caught,caught,wrong_type:id
delta_areal,wrong_type_id,5,caught,caught,wrong_type:id
delta_areal,wrong_type_id,6,caught,caught,wrong_type:id
delta_areal,wrong_type_id,7,caught,caught,wrong_type:id
delta_areal,wrong_type_id,8,caught,caught,wrong_type:id
delta_areal,wrong_type_id,9,caught,caught,wrong_type:id
delta_cppo,wrong_type_id,0,caught,caught,wrong_type:id
delta_cppo,wrong_type_id,1,caught,caught,wrong_type:id
delta_cppo,wrong_type_id,2,caught,caught,wrong_type:id
delta_cppo,wrong_type_id,3,caught,caught,wrong_type:id
delta_cppo,wrong_type_id,4,caught,caught,wrong_type:id
delta_cppo,wrong_type_id,5,caught,caught,wrong_type:id
delta_cppo,wrong_type_id,6,caught,caught,wrong_type:id
delta_cppo,wrong_type_id,7,caught,caught,wrong_type:id
delta_cppo,wrong_type_id,8,caught,caught,wrong_type:id
delta_cppo,wrong_type_id,9,caught,caught,wrong_type:id
delta_dapo,wrong_type_id,0,caught,caught,wrong_type:id
delta_dapo,wrong_type_id,1,caught,caught,wrong_type:id
delta_dapo,wrong_type_id,2,caught,caught,wrong_type:id
delta_dapo,wrong_type_id,3,caught,caught,wrong_type:id
delta_dapo,wrong_type_id,4,caught,caught,wrong_type:id
delta_dapo,wrong_type_id,5,caught,caught,wrong_type:id
delta_dapo,wrong_type_id,6,caught,caught,wrong_type:id
delta_dapo,wrong_type_id,7,caught,caught,wrong_type:id
delta_dapo,wrong_type_id,8,caught,caught,wrong_type:id
delta_dapo,wrong_type_id,9,caught,caught,wrong_type:id
delta_drgrpo,wrong_type_id,0,caught,caught,wrong_type:id
delta_drgrpo,wrong_type_id,1,caught,caught,wrong_type:id
delta_drgrpo,wrong_type_id,2,caught,caught,wrong_type:id
delta_drgrpo,wrong_type_id,3,caught,caught,wrong_type:id
delta_drgrpo,wrong_type_id,4,caught,caught,wrong_type:id
delta_drgrpo,wrong_type_id,5,caught,caught,wrong_type:id
delta_drgrpo,wrong_type_id,6,caught,caught,wrong_type:id
delta_drgrpo,wrong_type_id,7,caught,caught,wrong_type:id
delta_drgrpo,wrong_type_id,8,caught,caught,wrong_type:id
delta_drgrpo,wrong_type_id,9,caught,caught,wrong_type:id
delta_es,wrong_type_id,0,caught,caught,wrong_type:id
delta_es,wrong_type_id,1,caught,caught,wrong_type:id
delta_es,wrong_type_id,2,caught,caught,wrong_type:id
delta_es,wrong_type_id,3,caught,caught,wrong_type:id
delta_es,wrong_type_id,4,caught,caught,wrong_type:id
delta_es,wrong_type_id,5,caught,caught,wrong_type:id
delta_es,wrong_type_id,6,caught,caught,wrong_type:id
delta_es,wrong_type_id,7,caught,caught,wrong_type:id
delta_es,wrong_type_id,8,caught,caught,wrong_type:id
delta_es,wrong_type_id,9,caught,caught,wrong_type:id
delta_gift,wrong_type_id,0,caught,caught,wrong_type:id
delta_gift,wrong_type_id,1,caught,caught,wrong_type:id
delta_gift,wrong_type_id,2,caught,caught,wrong_type:id
delta_gift,wrong_type_id,3,caught,caught,wrong_type:id
delta_gift,wrong_type_id,4,caught,caught,wrong_type:id
delta_gift,wrong_type_id,5,caught,caught,wrong_type:id
delta_gift,wrong_type_id,6,caught,caught,wrong_type:id
delta_gift,wrong_type_id,7,caught,caught,wrong_type:id
delta_gift,wrong_type_id,8,caught,caught,wrong_type:id
delta_gift,wrong_type_id,9,caught,caught,wrong_type:id
delta_gspo,wrong_type_id,0,caught,caught,wrong_type:id
delta_gspo,wrong_type_id,1,caught,caught,wrong_type:id
delta_gspo,wrong_type_id,2,caught,caught,wrong_type:id
delta_gspo,wrong_type_id,3,caught,caught,wrong_type:id
delta_gspo,wrong_type_id,4,caught,caught,wrong_type:id
delta_gspo,wrong_type_id,5,caught,caught,wrong_type:id
delta_gspo,wrong_type_id,6,caught,caught,wrong_type:id
delta_gspo,wrong_type_id,7,caught,caught,wrong_type:id
delta_gspo,wrong_type_id,8,caught,caught,wrong_type:id
delta_gspo,wrong_type_id,9,caught,caught,wrong_type:id
delta_mcgrpo,wrong_type_id,0,caught,caught,wrong_type:id
delta_mcgrpo,wrong_type_id,1,caught,caught,wrong_type:id
delta_mcgrpo,wrong_type_id,2,caught,caught,wrong_type:id
delta_mcgrpo,wrong_type_id,3,caught,caught,wrong_type:id
delta_mcgrpo,wrong_type_id,4,caught,caught,wrong_type:id
delta_mcgrpo,wrong_type_id,5,caught,caught,wrong_type:id
delta_mcgrpo,wrong_type_id,6,caught,caught,wrong_type:id
delta_mcgrpo,wrong_type_id,7,caught,caught,wrong_type:id
delta_mcgrpo,wrong_type_id,8,caught,caught,wrong_type:id
delta_mcgrpo,wrong_type_id,9,caught,caught,wrong_type:id
delta_ngrpo,wrong_type_id,0,caught,caught,wrong_type:id
delta_ngrpo,wrong_type_id,1,caught,caught,wrong_type:id
delta_ngrpo,wrong_type_id,2,caught,caught,wrong_type:id
delta_ngrpo,wrong_type_id,3,caught,caught,wrong_type:id
delta_ngrpo,wrong_type_id,4,caught,caught,wrong_type:id
delta_ngrpo,wrong_type_id,5,caught,caught,wrong_type:id
delta_ngrpo,wrong_type_id,6,caught,caught,wrong_type:id
delta_ngrpo,wrong_type_id,7,caught,caught,wrong_type:id
delta_ngrpo,wrong_type_id,8,caught,caught,wrong_type:id
delta_ngrpo,wrong_type_id,9,caught,caught,wrong_type:id
delta_scafgrpo,wrong_type_id,0,caught,caught,wrong_type:id
delta_scafgrpo,wrong_type_id,1,caught,caught,wrong_type:id
delta_scafgrpo,wrong_type_id,2,caught,caught,wrong_type:id
delta_scafgrpo,wrong_type_id,3,caught,caught,wrong_type:id
delta_scafgrpo,wrong_type_id,4,caught,caught,wrong_type:id
delta_scafgrpo,wrong_type_id,5,caught,caught,wrong_type:id
delta_scafgrpo,wrong_type_id,6,caught,caught,wrong_type:id
delta_scafgrpo,wrong_type_id,7,caught,caught,wrong_type:id
delta_scafgrpo,wrong_type_id,8,caught,caught,wrong_type:id
delta_scafgrpo,wrong_type_id,9,caught,caught,wrong_type:id
openrlhf_grpo_qwen3-8b_gsm8k,wrong_type_id,0,caught,caught,wrong_type:id
openrlhf_grpo_qwen3-8b_gsm8k,wrong_type_id,1,caught,caught,wrong_type:id
openrlhf_grpo_qwen3-8b_gsm8k,wrong_type_id,2,caught,caught,wrong_type:id
openrlhf_grpo_qwen3-8b_gsm8k,wrong_type_id,3,caught,caught,wrong_type:id
openrlhf_grpo_qwen3-8b_gsm8k,wrong_type_id,4,caught,caught,wrong_type:id
openrlhf_grpo_qwen3-8b_gsm8k,wrong_type_id,5,caught,caught,wrong_type:id
openrlhf_grpo_qwen3-8b_gsm8k,wrong_type_id,6,caught,caught,wrong_type:id
openrlhf_grpo_qwen3-8b_gsm8k,wrong_type_id,7,caught,caught,wrong_type:id
openrlhf_grpo_qwen3-8b_gsm8k,wrong_type_id,8,caught,caught,wrong_type:id
openrlhf_grpo_qwen3-8b_gsm8k,wrong_type_id,9,caught,caught,wrong_type:id
tinker_aero_qwen3.5-4b_gsm8k,wrong_type_id,0,caught,caught,wrong_type:id
tinker_aero_qwen3.5-4b_gsm8k,wrong_type_id,1,caught,caught,wrong_type:id
tinker_aero_qwen3.5-4b_gsm8k,wrong_type_id,2,caught,caught,wrong_type:id
tinker_aero_qwen3.5-4b_gsm8k,wrong_type_id,3,caught,caught,wrong_type:id
tinker_aero_qwen3.5-4b_gsm8k,wrong_type_id,4,caught,caught,wrong_type:id
tinker_aero_qwen3.5-4b_gsm8k,wrong_type_id,5,caught,caught,wrong_type:id
tinker_aero_qwen3.5-4b_gsm8k,wrong_type_id,6,caught,caught,wrong_type:id
tinker_aero_qwen3.5-4b_gsm8k,wrong_type_id,7,caught,caught,wrong_type:id
tinker_aero_qwen3.5-4b_gsm8k,wrong_type_id,8,caught,caught,wrong_type:id
tinker_aero_qwen3.5-4b_gsm8k,wrong_type_id,9,caught,caught,wrong_type:id
tinker_areal_qwen3.5-4b_gsm8k,wrong_type_id,0,caught,caught,wrong_type:id
tinker_areal_qwen3.5-4b_gsm8k,wrong_type_id,1,caught,caught,wrong_type:id
tinker_areal_qwen3.5-4b_gsm8k,wrong_type_id,2,caught,caught,wrong_type:id
tinker_areal_qwen3.5-4b_gsm8k,wrong_type_id,3,caught,caught,wrong_type:id
tinker_areal_qwen3.5-4b_gsm8k,wrong_type_id,4,caught,caught,wrong_type:id
tinker_areal_qwen3.5-4b_gsm8k,wrong_type_id,5,caught,caught,wrong_type:id
tinker_areal_qwen3.5-4b_gsm8k,wrong_type_id,6,caught,caught,wrong_type:id
tinker_areal_qwen3.5-4b_gsm8k,wrong_type_id,7,caught,caught,wrong_type:id
tinker_areal_qwen3.5-4b_gsm8k,wrong_type_id,8,caught,caught,wrong_type:id
tinker_areal_qwen3.5-4b_gsm8k,wrong_type_id,9,caught,caught,wrong_type:id
tinker_dapo_qwen3.5-4b_gsm8k,wrong_type_id,0,caught,caught,wrong_type:id
tinker_dapo_qwen3.5-4b_gsm8k,wrong_type_id,1,caught,caught,wrong_type:id
tinker_dapo_qwen3.5-4b_gsm8k,wrong_type_id,2,caught,caught,wrong_type:id
tinker_dapo_qwen3.5-4b_gsm8k,wrong_type_id,3,caught,caught,wrong_type:id
tinker_dapo_qwen3.5-4b_gsm8k,wrong_type_id,4,caught,caught,wrong_type:id
tinker_dapo_qwen3.5-4b_gsm8k,wrong_type_id,5,caught,caught,wrong_type:id
tinker_dapo_qwen3.5-4b_gsm8k,wrong_type_id,6,caught,caught,wrong_type:id
tinker_dapo_qwen3.5-4b_gsm8k,wrong_type_id,7,caught,caught,wrong_type:id
tinker_dapo_qwen3.5-4b_gsm8k,wrong_type_id,8,caught,caught,wrong_type:id
tinker_dapo_qwen3.5-4b_gsm8k,wrong_type_id,9,caught,caught,wrong_type:id
tinker_drgrpo_qwen3.5-4b_gsm8k,wrong_type_id,0,caught,caught,wrong_type:id
tinker_drgrpo_qwen3.5-4b_gsm8k,wrong_type_id,1,caught,caught,wrong_type:id
tinker_drgrpo_qwen3.5-4b_gsm8k,wrong_type_id,2,caught,caught,wrong_type:id
tinker_drgrpo_qwen3.5-4b_gsm8k,wrong_type_id,3,caught,caught,wrong_type:id
tinker_drgrpo_qwen3.5-4b_gsm8k,wrong_type_id,4,caught,caught,wrong_type:id
tinker_drgrpo_qwen3.5-4b_gsm8k,wrong_type_id,5,caught,caught,wrong_type:id
tinker_drgrpo_qwen3.5-4b_gsm8k,wrong_type_id,6,caught,caught,wrong_type:id
tinker_drgrpo_qwen3.5-4b_gsm8k,wrong_type_id,7,caught,caught,wrong_type:id
tinker_drgrpo_qwen3.5-4b_gsm8k,wrong_type_id,8,caught,caught,wrong_type:id
tinker_drgrpo_qwen3.5-4b_gsm8k,wrong_type_id,9,caught,caught,wrong_type:id
tinker_gift_qwen3.5-4b_gsm8k,wrong_type_id,0,caught,caught,wrong_type:id
tinker_gift_qwen3.5-4b_gsm8k,wrong_type_id,1,caught,caught,wrong_type:id
tinker_gift_qwen3.5-4b_gsm8k,wrong_type_id,2,caught,caught,wrong_type:id
tinker_gift_qwen3.5-4b_gsm8k,wrong_type_id,3,caught,caught,wrong_type:id
tinker_gift_qwen3.5-4b_gsm8k,wrong_type_id,4,caught,caught,wrong_type:id
tinker_gift_qwen3.5-4b_gsm8k,wrong_type_id,5,caught,caught,wrong_type:id
tinker_gift_qwen3.5-4b_gsm8k,wrong_type_id,6,caught,caught,wrong_type:id
tinker_gift_qwen3.5-4b_gsm8k,wrong_type_id,7,caught,caught,wrong_type:id
tinker_gift_qwen3.5-4b_gsm8k,wrong_type_id,8,caught,caught,wrong_type:id
tinker_gift_qwen3.5-4b_gsm8k,wrong_type_id,9,caught,caught,wrong_type:id
tinker_grpo_qwen3-8b_gsm8k,wrong_type_id,0,caught,caught,wrong_type:id
tinker_grpo_qwen3-8b_gsm8k,wrong_type_id,1,caught,caught,wrong_type:id
tinker_grpo_qwen3-8b_gsm8k,wrong_type_id,2,caught,caught,wrong_type:id
tinker_grpo_qwen3-8b_gsm8k,wrong_type_id,3,caught,caught,wrong_type:id
tinker_grpo_qwen3-8b_gsm8k,wrong_type_id,4,caught,caught,wrong_type:id
tinker_grpo_qwen3-8b_gsm8k,wrong_type_id,5,caught,caught,wrong_type:id
tinker_grpo_qwen3-8b_gsm8k,wrong_type_id,6,caught,caught,wrong_type:id
tinker_grpo_qwen3-8b_gsm8k,wrong_type_id,7,caught,caught,wrong_type:id
tinker_grpo_qwen3-8b_gsm8k,wrong_type_id,8,caught,caught,wrong_type:id
tinker_grpo_qwen3-8b_gsm8k,wrong_type_id,9,caught,caught,wrong_type:id
tinker_grpo_qwen3.5-4b_gsm8k,wrong_type_id,0,caught,caught,wrong_type:id
tinker_grpo_qwen3.5-4b_gsm8k,wrong_type_id,1,caught,caught,wrong_type:id
tinker_grpo_qwen3.5-4b_gsm8k,wrong_type_id,2,caught,caught,wrong_type:id
tinker_grpo_qwen3.5-4b_gsm8k,wrong_type_id,3,caught,caught,wrong_type:id
tinker_grpo_qwen3.5-4b_gsm8k,wrong_type_id,4,caught,caught,wrong_type:id
tinker_grpo_qwen3.5-4b_gsm8k,wrong_type_id,5,caught,caught,wrong_type:id
tinker_grpo_qwen3.5-4b_gsm8k,wrong_type_id,6,caught,caught,wrong_type:id
tinker_grpo_qwen3.5-4b_gsm8k,wrong_type_id,7,caught,caught,wrong_type:id
tinker_grpo_qwen3.5-4b_gsm8k,wrong_type_id,8,caught,caught,wrong_type:id
tinker_grpo_qwen3.5-4b_gsm8k,wrong_type_id,9,caught,caught,wrong_type:id
tinker_gspo_qwen3.5-4b_gsm8k,wrong_type_id,0,caught,caught,wrong_type:id
tinker_gspo_qwen3.5-4b_gsm8k,wrong_type_id,1,caught,caught,wrong_type:id
tinker_gspo_qwen3.5-4b_gsm8k,wrong_type_id,2,caught,caught,wrong_type:id
tinker_gspo_qwen3.5-4b_gsm8k,wrong_type_id,3,caught,caught,wrong_type:id
tinker_gspo_qwen3.5-4b_gsm8k,wrong_type_id,4,caught,caught,wrong_type:id
tinker_gspo_qwen3.5-4b_gsm8k,wrong_type_id,5,caught,caught,wrong_type:id
tinker_gspo_qwen3.5-4b_gsm8k,wrong_type_id,6,caught,caught,wrong_type:id
tinker_gspo_qwen3.5-4b_gsm8k,wrong_type_id,7,caught,caught,wrong_type:id
tinker_gspo_qwen3.5-4b_gsm8k,wrong_type_id,8,caught,caught,wrong_type:id
tinker_gspo_qwen3.5-4b_gsm8k,wrong_type_id,9,caught,caught,wrong_type:id
trl_grpo_qwen3-8b_gsm8k,wrong_type_id,0,caught,caught,wrong_type:id
trl_grpo_qwen3-8b_gsm8k,wrong_type_id,1,caught,caught,wrong_type:id
trl_grpo_qwen3-8b_gsm8k,wrong_type_id,2,caught,caught,wrong_type:id
trl_grpo_qwen3-8b_gsm8k,wrong_type_id,3,caught,caught,wrong_type:id
trl_grpo_qwen3-8b_gsm8k,wrong_type_id,4,caught,caught,wrong_type:id
trl_grpo_qwen3-8b_gsm8k,wrong_type_id,5,caught,caught,wrong_type:id
trl_grpo_qwen3-8b_gsm8k,wrong_type_id,6,caught,caught,wrong_type:id
trl_grpo_qwen3-8b_gsm8k,wrong_type_id,7,caught,caught,wrong_type:id
trl_grpo_qwen3-8b_gsm8k,wrong_type_id,8,caught,caught,wrong_type:id
trl_grpo_qwen3-8b_gsm8k,wrong_type_id,9,caught,caught,wrong_type:id
verl_grpo_qwen3-8b_gsm8k,wrong_type_id,0,caught,caught,wrong_type:id
verl_grpo_qwen3-8b_gsm8k,wrong_type_id,1,caught,caught,wrong_type:id
verl_grpo_qwen3-8b_gsm8k,wrong_type_id,2,caught,caught,wrong_type:id
verl_grpo_qwen3-8b_gsm8k,wrong_type_id,3,caught,caught,wrong_type:id
verl_grpo_qwen3-8b_gsm8k,wrong_type_id,4,caught,caught,wrong_type:id
verl_grpo_qwen3-8b_gsm8k,wrong_type_id,5,caught,caught,wrong_type:id
verl_grpo_qwen3-8b_gsm8k,wrong_type_id,6,caught,caught,wrong_type:id
verl_grpo_qwen3-8b_gsm8k,wrong_type_id,7,caught,caught,wrong_type:id
verl_grpo_qwen3-8b_gsm8k,wrong_type_id,8,caught,caught,wrong_type:id
verl_grpo_qwen3-8b_gsm8k,wrong_type_id,9,caught,caught,wrong_type:id
zvf130_cppo,wrong_type_id,0,caught,caught,wrong_type:id
zvf130_cppo,wrong_type_id,1,caught,caught,wrong_type:id
zvf130_cppo,wrong_type_id,2,caught,caught,wrong_type:id
zvf130_cppo,wrong_type_id,3,caught,caught,wrong_type:id
zvf130_cppo,wrong_type_id,4,caught,caught,wrong_type:id
zvf130_cppo,wrong_type_id,5,caught,caught,wrong_type:id
zvf130_cppo,wrong_type_id,6,caught,caught,wrong_type:id
zvf130_cppo,wrong_type_id,7,caught,caught,wrong_type:id
zvf130_cppo,wrong_type_id,8,caught,caught,wrong_type:id
zvf130_cppo,wrong_type_id,9,caught,caught,wrong_type:id
zvf130_es,wrong_type_id,0,caught,caught,wrong_type:id
zvf130_es,wrong_type_id,1,caught,caught,wrong_type:id
zvf130_es,wrong_type_id,2,caught,caught,wrong_type:id
zvf130_es,wrong_type_id,3,caught,caught,wrong_type:id
zvf130_es,wrong_type_id,4,caught,caught,wrong_type:id
zvf130_es,wrong_type_id,5,caught,caught,wrong_type:id
zvf130_es,wrong_type_id,6,caught,caught,wrong_type:id
zvf130_es,wrong_type_id,7,caught,caught,wrong_type:id
zvf130_es,wrong_type_id,8,caught,caught,wrong_type:id
zvf130_es,wrong_type_id,9,caught,caught,wrong_type:id
zvf130_mcgrpo,wrong_type_id,0,caught,caught,wrong_type:id
zvf130_mcgrpo,wrong_type_id,1,caught,caught,wrong_type:id
zvf130_mcgrpo,wrong_type_id,2,caught,caught,wrong_type:id
zvf130_mcgrpo,wrong_type_id,3,caught,caught,wrong_type:id
zvf130_mcgrpo,wrong_type_id,4,caught,caught,wrong_type:id
zvf130_mcgrpo,wrong_type_id,5,caught,caught,wrong_type:id
zvf130_mcgrpo,wrong_type_id,6,caught,caught,wrong_type:id
zvf130_mcgrpo,wrong_type_id,7,caught,caught,wrong_type:id
zvf130_mcgrpo,wrong_type_id,8,caught,caught,wrong_type:id
zvf130_mcgrpo,wrong_type_id,9,caught,caught,wrong_type:id
zvf130_ngrpo,wrong_type_id,0,caught,caught,wrong_type:id
zvf130_ngrpo,wrong_type_id,1,caught,caught,wrong_type:id
zvf130_ngrpo,wrong_type_id,2,caught,caught,wrong_type:id
zvf130_ngrpo,wrong_type_id,3,caught,caught,wrong_type:id
zvf130_ngrpo,wrong_type_id,4,caught,caught,wrong_type:id
zvf130_ngrpo,wrong_type_id,5,caught,caught,wrong_type:id
zvf130_ngrpo,wrong_type_id,6,caught,caught,wrong_type:id
zvf130_ngrpo,wrong_type_id,7,caught,caught,wrong_type:id
zvf130_ngrpo,wrong_type_id,8,caught,caught,wrong_type:id
zvf130_ngrpo,wrong_type_id,9,caught,caught,wrong_type:id
zvf130_scafgrpo,wrong_type_id,0,caught,caught,wrong_type:id
zvf130_scafgrpo,wrong_type_id,1,caught,caught,wrong_type:id
zvf130_scafgrpo,wrong_type_id,2,caught,caught,wrong_type:id
zvf130_scafgrpo,wrong_type_id,3,caught,caught,wrong_type:id
zvf130_scafgrpo,wrong_type_id,4,caught,caught,wrong_type:id
zvf130_scafgrpo,wrong_type_id,5,caught,caught,wrong_type:id
zvf130_scafgrpo,wrong_type_id,6,caught,caught,wrong_type:id
zvf130_scafgrpo,wrong_type_id,7,caught,caught,wrong_type:id
zvf130_scafgrpo,wrong_type_id,8,caught,caught,wrong_type:id
zvf130_scafgrpo,wrong_type_id,9,caught,caught,wrong_type:id
colab-open_dapo_e3,bad_id_pattern,0,caught,caught,bad_id_pattern
colab-open_dapo_e3,bad_id_pattern,1,caught,caught,bad_id_pattern
colab-open_dapo_e3,bad_id_pattern,2,caught,caught,bad_id_pattern
colab-open_dapo_e3,bad_id_pattern,3,caught,caught,bad_id_pattern
colab-open_dapo_e3,bad_id_pattern,4,caught,caught,bad_id_pattern
colab-open_dapo_e3,bad_id_pattern,5,caught,caught,bad_id_pattern
colab-open_dapo_e3,bad_id_pattern,6,caught,caught,bad_id_pattern
colab-open_dapo_e3,bad_id_pattern,7,caught,caught,bad_id_pattern
colab-open_dapo_e3,bad_id_pattern,8,caught,caught,bad_id_pattern
colab-open_dapo_e3,bad_id_pattern,9,caught,caught,bad_id_pattern
colab-open_drgrpo_e3,bad_id_pattern,0,caught,caught,bad_id_pattern
colab-open_drgrpo_e3,bad_id_pattern,1,caught,caught,bad_id_pattern
colab-open_drgrpo_e3,bad_id_pattern,2,caught,caught,bad_id_pattern
colab-open_drgrpo_e3,bad_id_pattern,3,caught,caught,bad_id_pattern
colab-open_drgrpo_e3,bad_id_pattern,4,caught,caught,bad_id_pattern
colab-open_drgrpo_e3,bad_id_pattern,5,caught,caught,bad_id_pattern
colab-open_drgrpo_e3,bad_id_pattern,6,caught,caught,bad_id_pattern
colab-open_drgrpo_e3,bad_id_pattern,7,caught,caught,bad_id_pattern
colab-open_drgrpo_e3,bad_id_pattern,8,caught,caught,bad_id_pattern
colab-open_drgrpo_e3,bad_id_pattern,9,caught,caught,bad_id_pattern
colab-open_grpo-adaptiveg_e3,bad_id_pattern,0,caught,caught,bad_id_pattern
colab-open_grpo-adaptiveg_e3,bad_id_pattern,1,caught,caught,bad_id_pattern
colab-open_grpo-adaptiveg_e3,bad_id_pattern,2,caught,caught,bad_id_pattern
colab-open_grpo-adaptiveg_e3,bad_id_pattern,3,caught,caught,bad_id_pattern
colab-open_grpo-adaptiveg_e3,bad_id_pattern,4,caught,caught,bad_id_pattern
colab-open_grpo-adaptiveg_e3,bad_id_pattern,5,caught,caught,bad_id_pattern
colab-open_grpo-adaptiveg_e3,bad_id_pattern,6,caught,caught,bad_id_pattern
colab-open_grpo-adaptiveg_e3,bad_id_pattern,7,caught,caught,bad_id_pattern
colab-open_grpo-adaptiveg_e3,bad_id_pattern,8,caught,caught,bad_id_pattern
colab-open_grpo-adaptiveg_e3,bad_id_pattern,9,caught,caught,bad_id_pattern
colab-open_grpo_e3,bad_id_pattern,0,caught,caught,bad_id_pattern
colab-open_grpo_e3,bad_id_pattern,1,caught,caught,bad_id_pattern
colab-open_grpo_e3,bad_id_pattern,2,caught,caught,bad_id_pattern
colab-open_grpo_e3,bad_id_pattern,3,caught,caught,bad_id_pattern
colab-open_grpo_e3,bad_id_pattern,4,caught,caught,bad_id_pattern
colab-open_grpo_e3,bad_id_pattern,5,caught,caught,bad_id_pattern
colab-open_grpo_e3,bad_id_pattern,6,caught,caught,bad_id_pattern
colab-open_grpo_e3,bad_id_pattern,7,caught,caught,bad_id_pattern
colab-open_grpo_e3,bad_id_pattern,8,caught,caught,bad_id_pattern
colab-open_grpo_e3,bad_id_pattern,9,caught,caught,bad_id_pattern
delta_aero,bad_id_pattern,0,caught,caught,bad_id_pattern
delta_aero,bad_id_pattern,1,caught,caught,bad_id_pattern
delta_aero,bad_id_pattern,2,caught,caught,bad_id_pattern
delta_aero,bad_id_pattern,3,caught,caught,bad_id_pattern
delta_aero,bad_id_pattern,4,caught,caught,bad_id_pattern
delta_aero,bad_id_pattern,5,caught,caught,bad_id_pattern
delta_aero,bad_id_pattern,6,caught,caught,bad_id_pattern
delta_aero,bad_id_pattern,7,caught,caught,bad_id_pattern
delta_aero,bad_id_pattern,8,caught,caught,bad_id_pattern
delta_aero,bad_id_pattern,9,caught,caught,bad_id_pattern
delta_areal,bad_id_pattern,0,caught,caught,bad_id_pattern
delta_areal,bad_id_pattern,1,caught,caught,bad_id_pattern
delta_areal,bad_id_pattern,2,caught,caught,bad_id_pattern
delta_areal,bad_id_pattern,3,caught,caught,bad_id_pattern
delta_areal,bad_id_pattern,4,caught,caught,bad_id_pattern
delta_areal,bad_id_pattern,5,caught,caught,bad_id_pattern
delta_areal,bad_id_pattern,6,caught,caught,bad_id_pattern
delta_areal,bad_id_pattern,7,caught,caught,bad_id_pattern
delta_areal,bad_id_pattern,8,caught,caught,bad_id_pattern
delta_areal,bad_id_pattern,9,caught,caught,bad_id_pattern
delta_cppo,bad_id_pattern,0,caught,caught,bad_id_pattern
delta_cppo,bad_id_pattern,1,caught,caught,bad_id_pattern
delta_cppo,bad_id_pattern,2,caught,caught,bad_id_pattern
delta_cppo,bad_id_pattern,3,caught,caught,bad_id_pattern
delta_cppo,bad_id_pattern,4,caught,caught,bad_id_pattern
delta_cppo,bad_id_pattern,5,caught,caught,bad_id_pattern
delta_cppo,bad_id_pattern,6,caught,caught,bad_id_pattern
delta_cppo,bad_id_pattern,7,caught,caught,bad_id_pattern
delta_cppo,bad_id_pattern,8,caught,caught,bad_id_pattern
delta_cppo,bad_id_pattern,9,caught,caught,bad_id_pattern
delta_dapo,bad_id_pattern,0,caught,caught,bad_id_pattern
delta_dapo,bad_id_pattern,1,caught,caught,bad_id_pattern
delta_dapo,bad_id_pattern,2,caught,caught,bad_id_pattern
delta_dapo,bad_id_pattern,3,caught,caught,bad_id_pattern
delta_dapo,bad_id_pattern,4,caught,caught,bad_id_pattern
delta_dapo,bad_id_pattern,5,caught,caught,bad_id_pattern
delta_dapo,bad_id_pattern,6,caught,caught,bad_id_pattern
delta_dapo,bad_id_pattern,7,caught,caught,bad_id_pattern
delta_dapo,bad_id_pattern,8,caught,caught,bad_id_pattern
delta_dapo,bad_id_pattern,9,caught,caught,bad_id_pattern
delta_drgrpo,bad_id_pattern,0,caught,caught,bad_id_pattern
delta_drgrpo,bad_id_pattern,1,caught,caught,bad_id_pattern
delta_drgrpo,bad_id_pattern,2,caught,caught,bad_id_pattern
delta_drgrpo,bad_id_pattern,3,caught,caught,bad_id_pattern
delta_drgrpo,bad_id_pattern,4,caught,caught,bad_id_pattern
delta_drgrpo,bad_id_pattern,5,caught,caught,bad_id_pattern
delta_drgrpo,bad_id_pattern,6,caught,caught,bad_id_pattern
delta_drgrpo,bad_id_pattern,7,caught,caught,bad_id_pattern
delta_drgrpo,bad_id_pattern,8,caught,caught,bad_id_pattern
delta_drgrpo,bad_id_pattern,9,caught,caught,bad_id_pattern
delta_es,bad_id_pattern,0,caught,caught,bad_id_pattern
delta_es,bad_id_pattern,1,caught,caught,bad_id_pattern
delta_es,bad_id_pattern,2,caught,caught,bad_id_pattern
delta_es,bad_id_pattern,3,caught,caught,bad_id_pattern
delta_es,bad_id_pattern,4,caught,caught,bad_id_pattern
delta_es,bad_id_pattern,5,caught,caught,bad_id_pattern
delta_es,bad_id_pattern,6,caught,caught,bad_id_pattern
delta_es,bad_id_pattern,7,caught,caught,bad_id_pattern
delta_es,bad_id_pattern,8,caught,caught,bad_id_pattern
delta_es,bad_id_pattern,9,caught,caught,bad_id_pattern
delta_gift,bad_id_pattern,0,caught,caught,bad_id_pattern
delta_gift,bad_id_pattern,1,caught,caught,bad_id_pattern
delta_gift,bad_id_pattern,2,caught,caught,bad_id_pattern
delta_gift,bad_id_pattern,3,caught,caught,bad_id_pattern
delta_gift,bad_id_pattern,4,caught,caught,bad_id_pattern
delta_gift,bad_id_pattern,5,caught,caught,bad_id_pattern
delta_gift,bad_id_pattern,6,caught,caught,bad_id_pattern
delta_gift,bad_id_pattern,7,caught,caught,bad_id_pattern
delta_gift,bad_id_pattern,8,caught,caught,bad_id_pattern
delta_gift,bad_id_pattern,9,caught,caught,bad_id_pattern
delta_gspo,bad_id_pattern,0,caught,caught,bad_id_pattern
delta_gspo,bad_id_pattern,1,caught,caught,bad_id_pattern
delta_gspo,bad_id_pattern,2,caught,caught,bad_id_pattern
delta_gspo,bad_id_pattern,3,caught,caught,bad_id_pattern
delta_gspo,bad_id_pattern,4,caught,caught,bad_id_pattern
delta_gspo,bad_id_pattern,5,caught,caught,bad_id_pattern
delta_gspo,bad_id_pattern,6,caught,caught,bad_id_pattern
delta_gspo,bad_id_pattern,7,caught,caught,bad_id_pattern
delta_gspo,bad_id_pattern,8,caught,caught,bad_id_pattern
delta_gspo,bad_id_pattern,9,caught,caught,bad_id_pattern
delta_mcgrpo,bad_id_pattern,0,caught,caught,bad_id_pattern
delta_mcgrpo,bad_id_pattern,1,caught,caught,bad_id_pattern
delta_mcgrpo,bad_id_pattern,2,caught,caught,bad_id_pattern
delta_mcgrpo,bad_id_pattern,3,caught,caught,bad_id_pattern
delta_mcgrpo,bad_id_pattern,4,caught,caught,bad_id_pattern
delta_mcgrpo,bad_id_pattern,5,caught,caught,bad_id_pattern
delta_mcgrpo,bad_id_pattern,6,caught,caught,bad_id_pattern
delta_mcgrpo,bad_id_pattern,7,caught,caught,bad_id_pattern
delta_mcgrpo,bad_id_pattern,8,caught,caught,bad_id_pattern
delta_mcgrpo,bad_id_pattern,9,caught,caught,bad_id_pattern
delta_ngrpo,bad_id_pattern,0,caught,caught,bad_id_pattern
delta_ngrpo,bad_id_pattern,1,caught,caught,bad_id_pattern
delta_ngrpo,bad_id_pattern,2,caught,caught,bad_id_pattern
delta_ngrpo,bad_id_pattern,3,caught,caught,bad_id_pattern
delta_ngrpo,bad_id_pattern,4,caught,caught,bad_id_pattern
delta_ngrpo,bad_id_pattern,5,caught,caught,bad_id_pattern
delta_ngrpo,bad_id_pattern,6,caught,caught,bad_id_pattern
delta_ngrpo,bad_id_pattern,7,caught,caught,bad_id_pattern
delta_ngrpo,bad_id_pattern,8,caught,caught,bad_id_pattern
delta_ngrpo,bad_id_pattern,9,caught,caught,bad_id_pattern
delta_scafgrpo,bad_id_pattern,0,caught,caught,bad_id_pattern
delta_scafgrpo,bad_id_pattern,1,caught,caught,bad_id_pattern
delta_scafgrpo,bad_id_pattern,2,caught,caught,bad_id_pattern
delta_scafgrpo,bad_id_pattern,3,caught,caught,bad_id_pattern
delta_scafgrpo,bad_id_pattern,4,caught,caught,bad_id_pattern
delta_scafgrpo,bad_id_pattern,5,caught,caught,bad_id_pattern
delta_scafgrpo,bad_id_pattern,6,caught,caught,bad_id_pattern
delta_scafgrpo,bad_id_pattern,7,caught,caught,bad_id_pattern
delta_scafgrpo,bad_id_pattern,8,caught,caught,bad_id_pattern
delta_scafgrpo,bad_id_pattern,9,caught,caught,bad_id_pattern
openrlhf_grpo_qwen3-8b_gsm8k,bad_id_pattern,0,caught,caught,bad_id_pattern
openrlhf_grpo_qwen3-8b_gsm8k,bad_id_pattern,1,caught,caught,bad_id_pattern
openrlhf_grpo_qwen3-8b_gsm8k,bad_id_pattern,2,caught,caught,bad_id_pattern
openrlhf_grpo_qwen3-8b_gsm8k,bad_id_pattern,3,caught,caught,bad_id_pattern
openrlhf_grpo_qwen3-8b_gsm8k,bad_id_pattern,4,caught,caught,bad_id_pattern
openrlhf_grpo_qwen3-8b_gsm8k,bad_id_pattern,5,caught,caught,bad_id_pattern
openrlhf_grpo_qwen3-8b_gsm8k,bad_id_pattern,6,caught,caught,bad_id_pattern
openrlhf_grpo_qwen3-8b_gsm8k,bad_id_pattern,7,caught,caught,bad_id_pattern
openrlhf_grpo_qwen3-8b_gsm8k,bad_id_pattern,8,caught,caught,bad_id_pattern
openrlhf_grpo_qwen3-8b_gsm8k,bad_id_pattern,9,caught,caught,bad_id_pattern
tinker_aero_qwen3.5-4b_gsm8k,bad_id_pattern,0,caught,caught,bad_id_pattern
tinker_aero_qwen3.5-4b_gsm8k,bad_id_pattern,1,caught,caught,bad_id_pattern
tinker_aero_qwen3.5-4b_gsm8k,bad_id_pattern,2,caught,caught,bad_id_pattern
tinker_aero_qwen3.5-4b_gsm8k,bad_id_pattern,3,caught,caught,bad_id_pattern
tinker_aero_qwen3.5-4b_gsm8k,bad_id_pattern,4,caught,caught,bad_id_pattern
tinker_aero_qwen3.5-4b_gsm8k,bad_id_pattern,5,caught,caught,bad_id_pattern
tinker_aero_qwen3.5-4b_gsm8k,bad_id_pattern,6,caught,caught,bad_id_pattern
tinker_aero_qwen3.5-4b_gsm8k,bad_id_pattern,7,caught,caught,bad_id_pattern
tinker_aero_qwen3.5-4b_gsm8k,bad_id_pattern,8,caught,caught,bad_id_pattern
tinker_aero_qwen3.5-4b_gsm8k,bad_id_pattern,9,caught,caught,bad_id_pattern
tinker_areal_qwen3.5-4b_gsm8k,bad_id_pattern,0,caught,caught,bad_id_pattern
tinker_areal_qwen3.5-4b_gsm8k,bad_id_pattern,1,caught,caught,bad_id_pattern
tinker_areal_qwen3.5-4b_gsm8k,bad_id_pattern,2,caught,caught,bad_id_pattern
tinker_areal_qwen3.5-4b_gsm8k,bad_id_pattern,3,caught,caught,bad_id_pattern
tinker_areal_qwen3.5-4b_gsm8k,bad_id_pattern,4,caught,caught,bad_id_pattern
tinker_areal_qwen3.5-4b_gsm8k,bad_id_pattern,5,caught,caught,bad_id_pattern
tinker_areal_qwen3.5-4b_gsm8k,bad_id_pattern,6,caught,caught,bad_id_pattern
tinker_areal_qwen3.5-4b_gsm8k,bad_id_pattern,7,caught,caught,bad_id_pattern
tinker_areal_qwen3.5-4b_gsm8k,bad_id_pattern,8,caught,caught,bad_id_pattern
tinker_areal_qwen3.5-4b_gsm8k,bad_id_pattern,9,caught,caught,bad_id_pattern
tinker_dapo_qwen3.5-4b_gsm8k,bad_id_pattern,0,caught,caught,bad_id_pattern
tinker_dapo_qwen3.5-4b_gsm8k,bad_id_pattern,1,caught,caught,bad_id_pattern
tinker_dapo_qwen3.5-4b_gsm8k,bad_id_pattern,2,caught,caught,bad_id_pattern
tinker_dapo_qwen3.5-4b_gsm8k,bad_id_pattern,3,caught,caught,bad_id_pattern
tinker_dapo_qwen3.5-4b_gsm8k,bad_id_pattern,4,caught,caught,bad_id_pattern
tinker_dapo_qwen3.5-4b_gsm8k,bad_id_pattern,5,caught,caught,bad_id_pattern
tinker_dapo_qwen3.5-4b_gsm8k,bad_id_pattern,6,caught,caught,bad_id_pattern
tinker_dapo_qwen3.5-4b_gsm8k,bad_id_pattern,7,caught,caught,bad_id_pattern
tinker_dapo_qwen3.5-4b_gsm8k,bad_id_pattern,8,caught,caught,bad_id_pattern
tinker_dapo_qwen3.5-4b_gsm8k,bad_id_pattern,9,caught,caught,bad_id_pattern
tinker_drgrpo_qwen3.5-4b_gsm8k,bad_id_pattern,0,caught,caught,bad_id_pattern
tinker_drgrpo_qwen3.5-4b_gsm8k,bad_id_pattern,1,caught,caught,bad_id_pattern
tinker_drgrpo_qwen3.5-4b_gsm8k,bad_id_pattern,2,caught,caught,bad_id_pattern
tinker_drgrpo_qwen3.5-4b_gsm8k,bad_id_pattern,3,caught,caught,bad_id_pattern
tinker_drgrpo_qwen3.5-4b_gsm8k,bad_id_pattern,4,caught,caught,bad_id_pattern
tinker_drgrpo_qwen3.5-4b_gsm8k,bad_id_pattern,5,caught,caught,bad_id_pattern
tinker_drgrpo_qwen3.5-4b_gsm8k,bad_id_pattern,6,caught,caught,bad_id_pattern
tinker_drgrpo_qwen3.5-4b_gsm8k,bad_id_pattern,7,caught,caught,bad_id_pattern
tinker_drgrpo_qwen3.5-4b_gsm8k,bad_id_pattern,8,caught,caught,bad_id_pattern
tinker_drgrpo_qwen3.5-4b_gsm8k,bad_id_pattern,9,caught,caught,bad_id_pattern
tinker_gift_qwen3.5-4b_gsm8k,bad_id_pattern,0,caught,caught,bad_id_pattern
tinker_gift_qwen3.5-4b_gsm8k,bad_id_pattern,1,caught,caught,bad_id_pattern
tinker_gift_qwen3.5-4b_gsm8k,bad_id_pattern,2,caught,caught,bad_id_pattern
tinker_gift_qwen3.5-4b_gsm8k,bad_id_pattern,3,caught,caught,bad_id_pattern
tinker_gift_qwen3.5-4b_gsm8k,bad_id_pattern,4,caught,caught,bad_id_pattern
tinker_gift_qwen3.5-4b_gsm8k,bad_id_pattern,5,caught,caught,bad_id_pattern
tinker_gift_qwen3.5-4b_gsm8k,bad_id_pattern,6,caught,caught,bad_id_pattern
tinker_gift_qwen3.5-4b_gsm8k,bad_id_pattern,7,caught,caught,bad_id_pattern
tinker_gift_qwen3.5-4b_gsm8k,bad_id_pattern,8,caught,caught,bad_id_pattern
tinker_gift_qwen3.5-4b_gsm8k,bad_id_pattern,9,caught,caught,bad_id_pattern
tinker_grpo_qwen3-8b_gsm8k,bad_id_pattern,0,caught,caught,bad_id_pattern
tinker_grpo_qwen3-8b_gsm8k,bad_id_pattern,1,caught,caught,bad_id_pattern
tinker_grpo_qwen3-8b_gsm8k,bad_id_pattern,2,caught,caught,bad_id_pattern
tinker_grpo_qwen3-8b_gsm8k,bad_id_pattern,3,caught,caught,bad_id_pattern
tinker_grpo_qwen3-8b_gsm8k,bad_id_pattern,4,caught,caught,bad_id_pattern
tinker_grpo_qwen3-8b_gsm8k,bad_id_pattern,5,caught,caught,bad_id_pattern
tinker_grpo_qwen3-8b_gsm8k,bad_id_pattern,6,caught,caught,bad_id_pattern
tinker_grpo_qwen3-8b_gsm8k,bad_id_pattern,7,caught,caught,bad_id_pattern
tinker_grpo_qwen3-8b_gsm8k,bad_id_pattern,8,caught,caught,bad_id_pattern
tinker_grpo_qwen3-8b_gsm8k,bad_id_pattern,9,caught,caught,bad_id_pattern
tinker_grpo_qwen3.5-4b_gsm8k,bad_id_pattern,0,caught,caught,bad_id_pattern
tinker_grpo_qwen3.5-4b_gsm8k,bad_id_pattern,1,caught,caught,bad_id_pattern
tinker_grpo_qwen3.5-4b_gsm8k,bad_id_pattern,2,caught,caught,bad_id_pattern
tinker_grpo_qwen3.5-4b_gsm8k,bad_id_pattern,3,caught,caught,bad_id_pattern
tinker_grpo_qwen3.5-4b_gsm8k,bad_id_pattern,4,caught,caught,bad_id_pattern
tinker_grpo_qwen3.5-4b_gsm8k,bad_id_pattern,5,caught,caught,bad_id_pattern
tinker_grpo_qwen3.5-4b_gsm8k,bad_id_pattern,6,caught,caught,bad_id_pattern
tinker_grpo_qwen3.5-4b_gsm8k,bad_id_pattern,7,caught,caught,bad_id_pattern
tinker_grpo_qwen3.5-4b_gsm8k,bad_id_pattern,8,caught,caught,bad_id_pattern
tinker_grpo_qwen3.5-4b_gsm8k,bad_id_pattern,9,caught,caught,bad_id_pattern
tinker_gspo_qwen3.5-4b_gsm8k,bad_id_pattern,0,caught,caught,bad_id_pattern
tinker_gspo_qwen3.5-4b_gsm8k,bad_id_pattern,1,caught,caught,bad_id_pattern
tinker_gspo_qwen3.5-4b_gsm8k,bad_id_pattern,2,caught,caught,bad_id_pattern
tinker_gspo_qwen3.5-4b_gsm8k,bad_id_pattern,3,caught,caught,bad_id_pattern
tinker_gspo_qwen3.5-4b_gsm8k,bad_id_pattern,4,caught,caught,bad_id_pattern
tinker_gspo_qwen3.5-4b_gsm8k,bad_id_pattern,5,caught,caught,bad_id_pattern
tinker_gspo_qwen3.5-4b_gsm8k,bad_id_pattern,6,caught,caught,bad_id_pattern
tinker_gspo_qwen3.5-4b_gsm8k,bad_id_pattern,7,caught,caught,bad_id_pattern
tinker_gspo_qwen3.5-4b_gsm8k,bad_id_pattern,8,caught,caught,bad_id_pattern
tinker_gspo_qwen3.5-4b_gsm8k,bad_id_pattern,9,caught,caught,bad_id_pattern
trl_grpo_qwen3-8b_gsm8k,bad_id_pattern,0,caught,caught,bad_id_pattern
trl_grpo_qwen3-8b_gsm8k,bad_id_pattern,1,caught,caught,bad_id_pattern
trl_grpo_qwen3-8b_gsm8k,bad_id_pattern,2,caught,caught,bad_id_pattern
trl_grpo_qwen3-8b_gsm8k,bad_id_pattern,3,caught,caught,bad_id_pattern
trl_grpo_qwen3-8b_gsm8k,bad_id_pattern,4,caught,caught,bad_id_pattern
trl_grpo_qwen3-8b_gsm8k,bad_id_pattern,5,caught,caught,bad_id_pattern
trl_grpo_qwen3-8b_gsm8k,bad_id_pattern,6,caught,caught,bad_id_pattern
trl_grpo_qwen3-8b_gsm8k,bad_id_pattern,7,caught,caught,bad_id_pattern
trl_grpo_qwen3-8b_gsm8k,bad_id_pattern,8,caught,caught,bad_id_pattern
trl_grpo_qwen3-8b_gsm8k,bad_id_pattern,9,caught,caught,bad_id_pattern
verl_grpo_qwen3-8b_gsm8k,bad_id_pattern,0,caught,caught,bad_id_pattern
verl_grpo_qwen3-8b_gsm8k,bad_id_pattern,1,caught,caught,bad_id_pattern
verl_grpo_qwen3-8b_gsm8k,bad_id_pattern,2,caught,caught,bad_id_pattern
verl_grpo_qwen3-8b_gsm8k,bad_id_pattern,3,caught,caught,bad_id_pattern
verl_grpo_qwen3-8b_gsm8k,bad_id_pattern,4,caught,caught,bad_id_pattern
verl_grpo_qwen3-8b_gsm8k,bad_id_pattern,5,caught,caught,bad_id_pattern
verl_grpo_qwen3-8b_gsm8k,bad_id_pattern,6,caught,caught,bad_id_pattern
verl_grpo_qwen3-8b_gsm8k,bad_id_pattern,7,caught,caught,bad_id_pattern
verl_grpo_qwen3-8b_gsm8k,bad_id_pattern,8,caught,caught,bad_id_pattern
verl_grpo_qwen3-8b_gsm8k,bad_id_pattern,9,caught,caught,bad_id_pattern
zvf130_cppo,bad_id_pattern,0,caught,caught,bad_id_pattern
zvf130_cppo,bad_id_pattern,1,caught,caught,bad_id_pattern
zvf130_cppo,bad_id_pattern,2,caught,caught,bad_id_pattern
zvf130_cppo,bad_id_pattern,3,caught,caught,bad_id_pattern
zvf130_cppo,bad_id_pattern,4,caught,caught,bad_id_pattern
zvf130_cppo,bad_id_pattern,5,caught,caught,bad_id_pattern
zvf130_cppo,bad_id_pattern,6,caught,caught,bad_id_pattern
zvf130_cppo,bad_id_pattern,7,caught,caught,bad_id_pattern
zvf130_cppo,bad_id_pattern,8,caught,caught,bad_id_pattern
zvf130_cppo,bad_id_pattern,9,caught,caught,bad_id_pattern
zvf130_es,bad_id_pattern,0,caught,caught,bad_id_pattern
zvf130_es,bad_id_pattern,1,caught,caught,bad_id_pattern
zvf130_es,bad_id_pattern,2,caught,caught,bad_id_pattern
zvf130_es,bad_id_pattern,3,caught,caught,bad_id_pattern
zvf130_es,bad_id_pattern,4,caught,caught,bad_id_pattern
zvf130_es,bad_id_pattern,5,caught,caught,bad_id_pattern
zvf130_es,bad_id_pattern,6,caught,caught,bad_id_pattern
zvf130_es,bad_id_pattern,7,caught,caught,bad_id_pattern
zvf130_es,bad_id_pattern,8,caught,caught,bad_id_pattern
zvf130_es,bad_id_pattern,9,caught,caught,bad_id_pattern
zvf130_mcgrpo,bad_id_pattern,0,caught,caught,bad_id_pattern
zvf130_mcgrpo,bad_id_pattern,1,caught,caught,bad_id_pattern
zvf130_mcgrpo,bad_id_pattern,2,caught,caught,bad_id_pattern
zvf130_mcgrpo,bad_id_pattern,3,caught,caught,bad_id_pattern
zvf130_mcgrpo,bad_id_pattern,4,caught,caught,bad_id_pattern
zvf130_mcgrpo,bad_id_pattern,5,caught,caught,bad_id_pattern
zvf130_mcgrpo,bad_id_pattern,6,caught,caught,bad_id_pattern
zvf130_mcgrpo,bad_id_pattern,7,caught,caught,bad_id_pattern
zvf130_mcgrpo,bad_id_pattern,8,caught,caught,bad_id_pattern
zvf130_mcgrpo,bad_id_pattern,9,caught,caught,bad_id_pattern
zvf130_ngrpo,bad_id_pattern,0,caught,caught,bad_id_pattern
zvf130_ngrpo,bad_id_pattern,1,caught,caught,bad_id_pattern
zvf130_ngrpo,bad_id_pattern,2,caught,caught,bad_id_pattern
zvf130_ngrpo,bad_id_pattern,3,caught,caught,bad_id_pattern
zvf130_ngrpo,bad_id_pattern,4,caught,caught,bad_id_pattern
zvf130_ngrpo,bad_id_pattern,5,caught,caught,bad_id_pattern
zvf130_ngrpo,bad_id_pattern,6,caught,caught,bad_id_pattern
zvf130_ngrpo,bad_id_pattern,7,caught,caught,bad_id_pattern
zvf130_ngrpo,bad_id_pattern,8,caught,caught,bad_id_pattern
zvf130_ngrpo,bad_id_pattern,9,caught,caught,bad_id_pattern
zvf130_scafgrpo,bad_id_pattern,0,caught,caught,bad_id_pattern
zvf130_scafgrpo,bad_id_pattern,1,caught,caught,bad_id_pattern
zvf130_scafgrpo,bad_id_pattern,2,caught,caught,bad_id_pattern
zvf130_scafgrpo,bad_id_pattern,3,caught,caught,bad_id_pattern
zvf130_scafgrpo,bad_id_pattern,4,caught,caught,bad_id_pattern
zvf130_scafgrpo,bad_id_pattern,5,caught,caught,bad_id_pattern
zvf130_scafgrpo,bad_id_pattern,6,caught,caught,bad_id_pattern
zvf130_scafgrpo,bad_id_pattern,7,caught,caught,bad_id_pattern
zvf130_scafgrpo,bad_id_pattern,8,caught,caught,bad_id_pattern
zvf130_scafgrpo,bad_id_pattern,9,caught,caught,bad_id_pattern
colab-open_dapo_e3,bad_framework_openness,0,caught,caught,bad_framework_openness_enum
colab-open_dapo_e3,bad_framework_openness,1,caught,caught,bad_framework_openness_enum
colab-open_dapo_e3,bad_framework_openness,2,caught,caught,bad_framework_openness_enum
colab-open_dapo_e3,bad_framework_openness,3,caught,caught,bad_framework_openness_enum
colab-open_dapo_e3,bad_framework_openness,4,caught,caught,bad_framework_openness_enum
colab-open_dapo_e3,bad_framework_openness,5,caught,caught,bad_framework_openness_enum
colab-open_dapo_e3,bad_framework_openness,6,caught,caught,bad_framework_openness_enum
colab-open_dapo_e3,bad_framework_openness,7,caught,caught,bad_framework_openness_enum
colab-open_dapo_e3,bad_framework_openness,8,caught,caught,bad_framework_openness_enum
colab-open_dapo_e3,bad_framework_openness,9,caught,caught,bad_framework_openness_enum
colab-open_drgrpo_e3,bad_framework_openness,0,caught,caught,bad_framework_openness_enum
colab-open_drgrpo_e3,bad_framework_openness,1,caught,caught,bad_framework_openness_enum
colab-open_drgrpo_e3,bad_framework_openness,2,caught,caught,bad_framework_openness_enum
colab-open_drgrpo_e3,bad_framework_openness,3,caught,caught,bad_framework_openness_enum
colab-open_drgrpo_e3,bad_framework_openness,4,caught,caught,bad_framework_openness_enum
colab-open_drgrpo_e3,bad_framework_openness,5,caught,caught,bad_framework_openness_enum
colab-open_drgrpo_e3,bad_framework_openness,6,caught,caught,bad_framework_openness_enum
colab-open_drgrpo_e3,bad_framework_openness,7,caught,caught,bad_framework_openness_enum
colab-open_drgrpo_e3,bad_framework_openness,8,caught,caught,bad_framework_openness_enum
colab-open_drgrpo_e3,bad_framework_openness,9,caught,caught,bad_framework_openness_enum
colab-open_grpo-adaptiveg_e3,bad_framework_openness,0,caught,caught,bad_framework_openness_enum
colab-open_grpo-adaptiveg_e3,bad_framework_openness,1,caught,caught,bad_framework_openness_enum
colab-open_grpo-adaptiveg_e3,bad_framework_openness,2,caught,caught,bad_framework_openness_enum
colab-open_grpo-adaptiveg_e3,bad_framework_openness,3,caught,caught,bad_framework_openness_enum
colab-open_grpo-adaptiveg_e3,bad_framework_openness,4,caught,caught,bad_framework_openness_enum
colab-open_grpo-adaptiveg_e3,bad_framework_openness,5,caught,caught,bad_framework_openness_enum
colab-open_grpo-adaptiveg_e3,bad_framework_openness,6,caught,caught,bad_framework_openness_enum
colab-open_grpo-adaptiveg_e3,bad_framework_openness,7,caught,caught,bad_framework_openness_enum
colab-open_grpo-adaptiveg_e3,bad_framework_openness,8,caught,caught,bad_framework_openness_enum
colab-open_grpo-adaptiveg_e3,bad_framework_openness,9,caught,caught,bad_framework_openness_enum
colab-open_grpo_e3,bad_framework_openness,0,caught,caught,bad_framework_openness_enum
colab-open_grpo_e3,bad_framework_openness,1,caught,caught,bad_framework_openness_enum
colab-open_grpo_e3,bad_framework_openness,2,caught,caught,bad_framework_openness_enum
colab-open_grpo_e3,bad_framework_openness,3,caught,caught,bad_framework_openness_enum
colab-open_grpo_e3,bad_framework_openness,4,caught,caught,bad_framework_openness_enum
colab-open_grpo_e3,bad_framework_openness,5,caught,caught,bad_framework_openness_enum
colab-open_grpo_e3,bad_framework_openness,6,caught,caught,bad_framework_openness_enum
colab-open_grpo_e3,bad_framework_openness,7,caught,caught,bad_framework_openness_enum
colab-open_grpo_e3,bad_framework_openness,8,caught,caught,bad_framework_openness_enum
colab-open_grpo_e3,bad_framework_openness,9,caught,caught,bad_framework_openness_enum
delta_aero,bad_framework_openness,0,caught,skipped_noop,error:KeyError
delta_aero,bad_framework_openness,1,caught,skipped_noop,error:KeyError
delta_aero,bad_framework_openness,2,caught,skipped_noop,error:KeyError
delta_aero,bad_framework_openness,3,caught,skipped_noop,error:KeyError
delta_aero,bad_framework_openness,4,caught,skipped_noop,error:KeyError
delta_aero,bad_framework_openness,5,caught,skipped_noop,error:KeyError
delta_aero,bad_framework_openness,6,caught,skipped_noop,error:KeyError
delta_aero,bad_framework_openness,7,caught,skipped_noop,error:KeyError
delta_aero,bad_framework_openness,8,caught,skipped_noop,error:KeyError
delta_aero,bad_framework_openness,9,caught,skipped_noop,error:KeyError
delta_areal,bad_framework_openness,0,caught,skipped_noop,error:KeyError
delta_areal,bad_framework_openness,1,caught,skipped_noop,error:KeyError
delta_areal,bad_framework_openness,2,caught,skipped_noop,error:KeyError
delta_areal,bad_framework_openness,3,caught,skipped_noop,error:KeyError
delta_areal,bad_framework_openness,4,caught,skipped_noop,error:KeyError
delta_areal,bad_framework_openness,5,caught,skipped_noop,error:KeyError
delta_areal,bad_framework_openness,6,caught,skipped_noop,error:KeyError
delta_areal,bad_framework_openness,7,caught,skipped_noop,error:KeyError
delta_areal,bad_framework_openness,8,caught,skipped_noop,error:KeyError
delta_areal,bad_framework_openness,9,caught,skipped_noop,error:KeyError
delta_cppo,bad_framework_openness,0,caught,skipped_noop,error:KeyError
delta_cppo,bad_framework_openness,1,caught,skipped_noop,error:KeyError
delta_cppo,bad_framework_openness,2,caught,skipped_noop,error:KeyError
delta_cppo,bad_framework_openness,3,caught,skipped_noop,error:KeyError
delta_cppo,bad_framework_openness,4,caught,skipped_noop,error:KeyError
delta_cppo,bad_framework_openness,5,caught,skipped_noop,error:KeyError
delta_cppo,bad_framework_openness,6,caught,skipped_noop,error:KeyError
delta_cppo,bad_framework_openness,7,caught,skipped_noop,error:KeyError
delta_cppo,bad_framework_openness,8,caught,skipped_noop,error:KeyError
delta_cppo,bad_framework_openness,9,caught,skipped_noop,error:KeyError
delta_dapo,bad_framework_openness,0,caught,skipped_noop,error:KeyError
delta_dapo,bad_framework_openness,1,caught,skipped_noop,error:KeyError
delta_dapo,bad_framework_openness,2,caught,skipped_noop,error:KeyError
delta_dapo,bad_framework_openness,3,caught,skipped_noop,error:KeyError
delta_dapo,bad_framework_openness,4,caught,skipped_noop,error:KeyError
delta_dapo,bad_framework_openness,5,caught,skipped_noop,error:KeyError
delta_dapo,bad_framework_openness,6,caught,skipped_noop,error:KeyError
delta_dapo,bad_framework_openness,7,caught,skipped_noop,error:KeyError
delta_dapo,bad_framework_openness,8,caught,skipped_noop,error:KeyError
delta_dapo,bad_framework_openness,9,caught,skipped_noop,error:KeyError
delta_drgrpo,bad_framework_openness,0,caught,skipped_noop,error:KeyError
delta_drgrpo,bad_framework_openness,1,caught,skipped_noop,error:KeyError
delta_drgrpo,bad_framework_openness,2,caught,skipped_noop,error:KeyError
delta_drgrpo,bad_framework_openness,3,caught,skipped_noop,error:KeyError
delta_drgrpo,bad_framework_openness,4,caught,skipped_noop,error:KeyError
delta_drgrpo,bad_framework_openness,5,caught,skipped_noop,error:KeyError
delta_drgrpo,bad_framework_openness,6,caught,skipped_noop,error:KeyError
delta_drgrpo,bad_framework_openness,7,caught,skipped_noop,error:KeyError
delta_drgrpo,bad_framework_openness,8,caught,skipped_noop,error:KeyError
delta_drgrpo,bad_framework_openness,9,caught,skipped_noop,error:KeyError
delta_es,bad_framework_openness,0,caught,skipped_noop,error:KeyError
delta_es,bad_framework_openness,1,caught,skipped_noop,error:KeyError
delta_es,bad_framework_openness,2,caught,skipped_noop,error:KeyError
delta_es,bad_framework_openness,3,caught,skipped_noop,error:KeyError
delta_es,bad_framework_openness,4,caught,skipped_noop,error:KeyError
delta_es,bad_framework_openness,5,caught,skipped_noop,error:KeyError
delta_es,bad_framework_openness,6,caught,skipped_noop,error:KeyError
delta_es,bad_framework_openness,7,caught,skipped_noop,error:KeyError
delta_es,bad_framework_openness,8,caught,skipped_noop,error:KeyError
delta_es,bad_framework_openness,9,caught,skipped_noop,error:KeyError
delta_gift,bad_framework_openness,0,caught,skipped_noop,error:KeyError
delta_gift,bad_framework_openness,1,caught,skipped_noop,error:KeyError
delta_gift,bad_framework_openness,2,caught,skipped_noop,error:KeyError
delta_gift,bad_framework_openness,3,caught,skipped_noop,error:KeyError
delta_gift,bad_framework_openness,4,caught,skipped_noop,error:KeyError
delta_gift,bad_framework_openness,5,caught,skipped_noop,error:KeyError
delta_gift,bad_framework_openness,6,caught,skipped_noop,error:KeyError
delta_gift,bad_framework_openness,7,caught,skipped_noop,error:KeyError
delta_gift,bad_framework_openness,8,caught,skipped_noop,error:KeyError
delta_gift,bad_framework_openness,9,caught,skipped_noop,error:KeyError
delta_gspo,bad_framework_openness,0,caught,skipped_noop,error:KeyError
delta_gspo,bad_framework_openness,1,caught,skipped_noop,error:KeyError
delta_gspo,bad_framework_openness,2,caught,skipped_noop,error:KeyError
delta_gspo,bad_framework_openness,3,caught,skipped_noop,error:KeyError
delta_gspo,bad_framework_openness,4,caught,skipped_noop,error:KeyError
delta_gspo,bad_framework_openness,5,caught,skipped_noop,error:KeyError
delta_gspo,bad_framework_openness,6,caught,skipped_noop,error:KeyError
delta_gspo,bad_framework_openness,7,caught,skipped_noop,error:KeyError
delta_gspo,bad_framework_openness,8,caught,skipped_noop,error:KeyError
delta_gspo,bad_framework_openness,9,caught,skipped_noop,error:KeyError
delta_mcgrpo,bad_framework_openness,0,caught,skipped_noop,error:KeyError
delta_mcgrpo,bad_framework_openness,1,caught,skipped_noop,error:KeyError
delta_mcgrpo,bad_framework_openness,2,caught,skipped_noop,error:KeyError
delta_mcgrpo,bad_framework_openness,3,caught,skipped_noop,error:KeyError
delta_mcgrpo,bad_framework_openness,4,caught,skipped_noop,error:KeyError
delta_mcgrpo,bad_framework_openness,5,caught,skipped_noop,error:KeyError
delta_mcgrpo,bad_framework_openness,6,caught,skipped_noop,error:KeyError
delta_mcgrpo,bad_framework_openness,7,caught,skipped_noop,error:KeyError
delta_mcgrpo,bad_framework_openness,8,caught,skipped_noop,error:KeyError
delta_mcgrpo,bad_framework_openness,9,caught,skipped_noop,error:KeyError
delta_ngrpo,bad_framework_openness,0,caught,skipped_noop,error:KeyError
delta_ngrpo,bad_framework_openness,1,caught,skipped_noop,error:KeyError
delta_ngrpo,bad_framework_openness,2,caught,skipped_noop,error:KeyError
delta_ngrpo,bad_framework_openness,3,caught,skipped_noop,error:KeyError
delta_ngrpo,bad_framework_openness,4,caught,skipped_noop,error:KeyError
delta_ngrpo,bad_framework_openness,5,caught,skipped_noop,error:KeyError
delta_ngrpo,bad_framework_openness,6,caught,skipped_noop,error:KeyError
delta_ngrpo,bad_framework_openness,7,caught,skipped_noop,error:KeyError
delta_ngrpo,bad_framework_openness,8,caught,skipped_noop,error:KeyError
delta_ngrpo,bad_framework_openness,9,caught,skipped_noop,error:KeyError
delta_scafgrpo,bad_framework_openness,0,caught,skipped_noop,error:KeyError
delta_scafgrpo,bad_framework_openness,1,caught,skipped_noop,error:KeyError
delta_scafgrpo,bad_framework_openness,2,caught,skipped_noop,error:KeyError
delta_scafgrpo,bad_framework_openness,3,caught,skipped_noop,error:KeyError
delta_scafgrpo,bad_framework_openness,4,caught,skipped_noop,error:KeyError
delta_scafgrpo,bad_framework_openness,5,caught,skipped_noop,error:KeyError
delta_scafgrpo,bad_framework_openness,6,caught,skipped_noop,error:KeyError
delta_scafgrpo,bad_framework_openness,7,caught,skipped_noop,error:KeyError
delta_scafgrpo,bad_framework_openness,8,caught,skipped_noop,error:KeyError
delta_scafgrpo,bad_framework_openness,9,caught,skipped_noop,error:KeyError
openrlhf_grpo_qwen3-8b_gsm8k,bad_framework_openness,0,caught,caught,bad_framework_openness_enum
openrlhf_grpo_qwen3-8b_gsm8k,bad_framework_openness,1,caught,caught,bad_framework_openness_enum
openrlhf_grpo_qwen3-8b_gsm8k,bad_framework_openness,2,caught,caught,bad_framework_openness_enum
openrlhf_grpo_qwen3-8b_gsm8k,bad_framework_openness,3,caught,caught,bad_framework_openness_enum
openrlhf_grpo_qwen3-8b_gsm8k,bad_framework_openness,4,caught,caught,bad_framework_openness_enum
openrlhf_grpo_qwen3-8b_gsm8k,bad_framework_openness,5,caught,caught,bad_framework_openness_enum
openrlhf_grpo_qwen3-8b_gsm8k,bad_framework_openness,6,caught,caught,bad_framework_openness_enum
openrlhf_grpo_qwen3-8b_gsm8k,bad_framework_openness,7,caught,caught,bad_framework_openness_enum
openrlhf_grpo_qwen3-8b_gsm8k,bad_framework_openness,8,caught,caught,bad_framework_openness_enum
openrlhf_grpo_qwen3-8b_gsm8k,bad_framework_openness,9,caught,caught,bad_framework_openness_enum
tinker_aero_qwen3.5-4b_gsm8k,bad_framework_openness,0,caught,caught,bad_framework_openness_enum
tinker_aero_qwen3.5-4b_gsm8k,bad_framework_openness,1,caught,caught,bad_framework_openness_enum
tinker_aero_qwen3.5-4b_gsm8k,bad_framework_openness,2,caught,caught,bad_framework_openness_enum
tinker_aero_qwen3.5-4b_gsm8k,bad_framework_openness,3,caught,caught,bad_framework_openness_enum
tinker_aero_qwen3.5-4b_gsm8k,bad_framework_openness,4,caught,caught,bad_framework_openness_enum
tinker_aero_qwen3.5-4b_gsm8k,bad_framework_openness,5,caught,caught,bad_framework_openness_enum
tinker_aero_qwen3.5-4b_gsm8k,bad_framework_openness,6,caught,caught,bad_framework_openness_enum
tinker_aero_qwen3.5-4b_gsm8k,bad_framework_openness,7,caught,caught,bad_framework_openness_enum
tinker_aero_qwen3.5-4b_gsm8k,bad_framework_openness,8,caught,caught,bad_framework_openness_enum
tinker_aero_qwen3.5-4b_gsm8k,bad_framework_openness,9,caught,caught,bad_framework_openness_enum
tinker_areal_qwen3.5-4b_gsm8k,bad_framework_openness,0,caught,caught,bad_framework_openness_enum
tinker_areal_qwen3.5-4b_gsm8k,bad_framework_openness,1,caught,caught,bad_framework_openness_enum
tinker_areal_qwen3.5-4b_gsm8k,bad_framework_openness,2,caught,caught,bad_framework_openness_enum
tinker_areal_qwen3.5-4b_gsm8k,bad_framework_openness,3,caught,caught,bad_framework_openness_enum
tinker_areal_qwen3.5-4b_gsm8k,bad_framework_openness,4,caught,caught,bad_framework_openness_enum
tinker_areal_qwen3.5-4b_gsm8k,bad_framework_openness,5,caught,caught,bad_framework_openness_enum
tinker_areal_qwen3.5-4b_gsm8k,bad_framework_openness,6,caught,caught,bad_framework_openness_enum
tinker_areal_qwen3.5-4b_gsm8k,bad_framework_openness,7,caught,caught,bad_framework_openness_enum
tinker_areal_qwen3.5-4b_gsm8k,bad_framework_openness,8,caught,caught,bad_framework_openness_enum
tinker_areal_qwen3.5-4b_gsm8k,bad_framework_openness,9,caught,caught,bad_framework_openness_enum
tinker_dapo_qwen3.5-4b_gsm8k,bad_framework_openness,0,caught,caught,bad_framework_openness_enum
tinker_dapo_qwen3.5-4b_gsm8k,bad_framework_openness,1,caught,caught,bad_framework_openness_enum
tinker_dapo_qwen3.5-4b_gsm8k,bad_framework_openness,2,caught,caught,bad_framework_openness_enum
tinker_dapo_qwen3.5-4b_gsm8k,bad_framework_openness,3,caught,caught,bad_framework_openness_enum
tinker_dapo_qwen3.5-4b_gsm8k,bad_framework_openness,4,caught,caught,bad_framework_openness_enum
tinker_dapo_qwen3.5-4b_gsm8k,bad_framework_openness,5,caught,caught,bad_framework_openness_enum
tinker_dapo_qwen3.5-4b_gsm8k,bad_framework_openness,6,caught,caught,bad_framework_openness_enum
tinker_dapo_qwen3.5-4b_gsm8k,bad_framework_openness,7,caught,caught,bad_framework_openness_enum
tinker_dapo_qwen3.5-4b_gsm8k,bad_framework_openness,8,caught,caught,bad_framework_openness_enum
tinker_dapo_qwen3.5-4b_gsm8k,bad_framework_openness,9,caught,caught,bad_framework_openness_enum
tinker_drgrpo_qwen3.5-4b_gsm8k,bad_framework_openness,0,caught,caught,bad_framework_openness_enum
tinker_drgrpo_qwen3.5-4b_gsm8k,bad_framework_openness,1,caught,caught,bad_framework_openness_enum
tinker_drgrpo_qwen3.5-4b_gsm8k,bad_framework_openness,2,caught,caught,bad_framework_openness_enum
tinker_drgrpo_qwen3.5-4b_gsm8k,bad_framework_openness,3,caught,caught,bad_framework_openness_enum
tinker_drgrpo_qwen3.5-4b_gsm8k,bad_framework_openness,4,caught,caught,bad_framework_openness_enum
tinker_drgrpo_qwen3.5-4b_gsm8k,bad_framework_openness,5,caught,caught,bad_framework_openness_enum
tinker_drgrpo_qwen3.5-4b_gsm8k,bad_framework_openness,6,caught,caught,bad_framework_openness_enum
tinker_drgrpo_qwen3.5-4b_gsm8k,bad_framework_openness,7,caught,caught,bad_framework_openness_enum
tinker_drgrpo_qwen3.5-4b_gsm8k,bad_framework_openness,8,caught,caught,bad_framework_openness_enum
tinker_drgrpo_qwen3.5-4b_gsm8k,bad_framework_openness,9,caught,caught,bad_framework_openness_enum
tinker_gift_qwen3.5-4b_gsm8k,bad_framework_openness,0,caught,caught,bad_framework_openness_enum
tinker_gift_qwen3.5-4b_gsm8k,bad_framework_openness,1,caught,caught,bad_framework_openness_enum
tinker_gift_qwen3.5-4b_gsm8k,bad_framework_openness,2,caught,caught,bad_framework_openness_enum
tinker_gift_qwen3.5-4b_gsm8k,bad_framework_openness,3,caught,caught,bad_framework_openness_enum
tinker_gift_qwen3.5-4b_gsm8k,bad_framework_openness,4,caught,caught,bad_framework_openness_enum
tinker_gift_qwen3.5-4b_gsm8k,bad_framework_openness,5,caught,caught,bad_framework_openness_enum
tinker_gift_qwen3.5-4b_gsm8k,bad_framework_openness,6,caught,caught,bad_framework_openness_enum
tinker_gift_qwen3.5-4b_gsm8k,bad_framework_openness,7,caught,caught,bad_framework_openness_enum
tinker_gift_qwen3.5-4b_gsm8k,bad_framework_openness,8,caught,caught,bad_framework_openness_enum
tinker_gift_qwen3.5-4b_gsm8k,bad_framework_openness,9,caught,caught,bad_framework_openness_enum
tinker_grpo_qwen3-8b_gsm8k,bad_framework_openness,0,caught,caught,bad_framework_openness_enum
tinker_grpo_qwen3-8b_gsm8k,bad_framework_openness,1,caught,caught,bad_framework_openness_enum
tinker_grpo_qwen3-8b_gsm8k,bad_framework_openness,2,caught,caught,bad_framework_openness_enum
tinker_grpo_qwen3-8b_gsm8k,bad_framework_openness,3,caught,caught,bad_framework_openness_enum
tinker_grpo_qwen3-8b_gsm8k,bad_framework_openness,4,caught,caught,bad_framework_openness_enum
tinker_grpo_qwen3-8b_gsm8k,bad_framework_openness,5,caught,caught,bad_framework_openness_enum
tinker_grpo_qwen3-8b_gsm8k,bad_framework_openness,6,caught,caught,bad_framework_openness_enum
tinker_grpo_qwen3-8b_gsm8k,bad_framework_openness,7,caught,caught,bad_framework_openness_enum
tinker_grpo_qwen3-8b_gsm8k,bad_framework_openness,8,caught,caught,bad_framework_openness_enum
tinker_grpo_qwen3-8b_gsm8k,bad_framework_openness,9,caught,caught,bad_framework_openness_enum
tinker_grpo_qwen3.5-4b_gsm8k,bad_framework_openness,0,caught,caught,bad_framework_openness_enum
tinker_grpo_qwen3.5-4b_gsm8k,bad_framework_openness,1,caught,caught,bad_framework_openness_enum
tinker_grpo_qwen3.5-4b_gsm8k,bad_framework_openness,2,caught,caught,bad_framework_openness_enum
tinker_grpo_qwen3.5-4b_gsm8k,bad_framework_openness,3,caught,caught,bad_framework_openness_enum
tinker_grpo_qwen3.5-4b_gsm8k,bad_framework_openness,4,caught,caught,bad_framework_openness_enum
tinker_grpo_qwen3.5-4b_gsm8k,bad_framework_openness,5,caught,caught,bad_framework_openness_enum
tinker_grpo_qwen3.5-4b_gsm8k,bad_framework_openness,6,caught,caught,bad_framework_openness_enum
tinker_grpo_qwen3.5-4b_gsm8k,bad_framework_openness,7,caught,caught,bad_framework_openness_enum
tinker_grpo_qwen3.5-4b_gsm8k,bad_framework_openness,8,caught,caught,bad_framework_openness_enum
tinker_grpo_qwen3.5-4b_gsm8k,bad_framework_openness,9,caught,caught,bad_framework_openness_enum
tinker_gspo_qwen3.5-4b_gsm8k,bad_framework_openness,0,caught,caught,bad_framework_openness_enum
tinker_gspo_qwen3.5-4b_gsm8k,bad_framework_openness,1,caught,caught,bad_framework_openness_enum
tinker_gspo_qwen3.5-4b_gsm8k,bad_framework_openness,2,caught,caught,bad_framework_openness_enum
tinker_gspo_qwen3.5-4b_gsm8k,bad_framework_openness,3,caught,caught,bad_framework_openness_enum
tinker_gspo_qwen3.5-4b_gsm8k,bad_framework_openness,4,caught,caught,bad_framework_openness_enum
tinker_gspo_qwen3.5-4b_gsm8k,bad_framework_openness,5,caught,caught,bad_framework_openness_enum
tinker_gspo_qwen3.5-4b_gsm8k,bad_framework_openness,6,caught,caught,bad_framework_openness_enum
tinker_gspo_qwen3.5-4b_gsm8k,bad_framework_openness,7,caught,caught,bad_framework_openness_enum
tinker_gspo_qwen3.5-4b_gsm8k,bad_framework_openness,8,caught,caught,bad_framework_openness_enum
tinker_gspo_qwen3.5-4b_gsm8k,bad_framework_openness,9,caught,caught,bad_framework_openness_enum
trl_grpo_qwen3-8b_gsm8k,bad_framework_openness,0,caught,caught,bad_framework_openness_enum
trl_grpo_qwen3-8b_gsm8k,bad_framework_openness,1,caught,caught,bad_framework_openness_enum
trl_grpo_qwen3-8b_gsm8k,bad_framework_openness,2,caught,caught,bad_framework_openness_enum
trl_grpo_qwen3-8b_gsm8k,bad_framework_openness,3,caught,caught,bad_framework_openness_enum
trl_grpo_qwen3-8b_gsm8k,bad_framework_openness,4,caught,caught,bad_framework_openness_enum
trl_grpo_qwen3-8b_gsm8k,bad_framework_openness,5,caught,caught,bad_framework_openness_enum
trl_grpo_qwen3-8b_gsm8k,bad_framework_openness,6,caught,caught,bad_framework_openness_enum
trl_grpo_qwen3-8b_gsm8k,bad_framework_openness,7,caught,caught,bad_framework_openness_enum
trl_grpo_qwen3-8b_gsm8k,bad_framework_openness,8,caught,caught,bad_framework_openness_enum
trl_grpo_qwen3-8b_gsm8k,bad_framework_openness,9,caught,caught,bad_framework_openness_enum
verl_grpo_qwen3-8b_gsm8k,bad_framework_openness,0,caught,caught,bad_framework_openness_enum
verl_grpo_qwen3-8b_gsm8k,bad_framework_openness,1,caught,caught,bad_framework_openness_enum
verl_grpo_qwen3-8b_gsm8k,bad_framework_openness,2,caught,caught,bad_framework_openness_enum
verl_grpo_qwen3-8b_gsm8k,bad_framework_openness,3,caught,caught,bad_framework_openness_enum
verl_grpo_qwen3-8b_gsm8k,bad_framework_openness,4,caught,caught,bad_framework_openness_enum
verl_grpo_qwen3-8b_gsm8k,bad_framework_openness,5,caught,caught,bad_framework_openness_enum
verl_grpo_qwen3-8b_gsm8k,bad_framework_openness,6,caught,caught,bad_framework_openness_enum
verl_grpo_qwen3-8b_gsm8k,bad_framework_openness,7,caught,caught,bad_framework_openness_enum
verl_grpo_qwen3-8b_gsm8k,bad_framework_openness,8,caught,caught,bad_framework_openness_enum
verl_grpo_qwen3-8b_gsm8k,bad_framework_openness,9,caught,caught,bad_framework_openness_enum
zvf130_cppo,bad_framework_openness,0,caught,caught,bad_framework_openness_enum
zvf130_cppo,bad_framework_openness,1,caught,caught,bad_framework_openness_enum
zvf130_cppo,bad_framework_openness,2,caught,caught,bad_framework_openness_enum
zvf130_cppo,bad_framework_openness,3,caught,caught,bad_framework_openness_enum
zvf130_cppo,bad_framework_openness,4,caught,caught,bad_framework_openness_enum
zvf130_cppo,bad_framework_openness,5,caught,caught,bad_framework_openness_enum
zvf130_cppo,bad_framework_openness,6,caught,caught,bad_framework_openness_enum
zvf130_cppo,bad_framework_openness,7,caught,caught,bad_framework_openness_enum
zvf130_cppo,bad_framework_openness,8,caught,caught,bad_framework_openness_enum
zvf130_cppo,bad_framework_openness,9,caught,caught,bad_framework_openness_enum
zvf130_es,bad_framework_openness,0,caught,caught,bad_framework_openness_enum
zvf130_es,bad_framework_openness,1,caught,caught,bad_framework_openness_enum
zvf130_es,bad_framework_openness,2,caught,caught,bad_framework_openness_enum
zvf130_es,bad_framework_openness,3,caught,caught,bad_framework_openness_enum
zvf130_es,bad_framework_openness,4,caught,caught,bad_framework_openness_enum
zvf130_es,bad_framework_openness,5,caught,caught,bad_framework_openness_enum
zvf130_es,bad_framework_openness,6,caught,caught,bad_framework_openness_enum
zvf130_es,bad_framework_openness,7,caught,caught,bad_framework_openness_enum
zvf130_es,bad_framework_openness,8,caught,caught,bad_framework_openness_enum
zvf130_es,bad_framework_openness,9,caught,caught,bad_framework_openness_enum
zvf130_mcgrpo,bad_framework_openness,0,caught,caught,bad_framework_openness_enum
zvf130_mcgrpo,bad_framework_openness,1,caught,caught,bad_framework_openness_enum
zvf130_mcgrpo,bad_framework_openness,2,caught,caught,bad_framework_openness_enum
zvf130_mcgrpo,bad_framework_openness,3,caught,caught,bad_framework_openness_enum
zvf130_mcgrpo,bad_framework_openness,4,caught,caught,bad_framework_openness_enum
zvf130_mcgrpo,bad_framework_openness,5,caught,caught,bad_framework_openness_enum
zvf130_mcgrpo,bad_framework_openness,6,caught,caught,bad_framework_openness_enum
zvf130_mcgrpo,bad_framework_openness,7,caught,caught,bad_framework_openness_enum
zvf130_mcgrpo,bad_framework_openness,8,caught,caught,bad_framework_openness_enum
zvf130_mcgrpo,bad_framework_openness,9,caught,caught,bad_framework_openness_enum
zvf130_ngrpo,bad_framework_openness,0,caught,caught,bad_framework_openness_enum
zvf130_ngrpo,bad_framework_openness,1,caught,caught,bad_framework_openness_enum
zvf130_ngrpo,bad_framework_openness,2,caught,caught,bad_framework_openness_enum
zvf130_ngrpo,bad_framework_openness,3,caught,caught,bad_framework_openness_enum
zvf130_ngrpo,bad_framework_openness,4,caught,caught,bad_framework_openness_enum
zvf130_ngrpo,bad_framework_openness,5,caught,caught,bad_framework_openness_enum
zvf130_ngrpo,bad_framework_openness,6,caught,caught,bad_framework_openness_enum
zvf130_ngrpo,bad_framework_openness,7,caught,caught,bad_framework_openness_enum
zvf130_ngrpo,bad_framework_openness,8,caught,caught,bad_framework_openness_enum
zvf130_ngrpo,bad_framework_openness,9,caught,caught,bad_framework_openness_enum
zvf130_scafgrpo,bad_framework_openness,0,caught,caught,bad_framework_openness_enum
zvf130_scafgrpo,bad_framework_openness,1,caught,caught,bad_framework_openness_enum
zvf130_scafgrpo,bad_framework_openness,2,caught,caught,bad_framework_openness_enum
zvf130_scafgrpo,bad_framework_openness,3,caught,caught,bad_framework_openness_enum
zvf130_scafgrpo,bad_framework_openness,4,caught,caught,bad_framework_openness_enum
zvf130_scafgrpo,bad_framework_openness,5,caught,caught,bad_framework_openness_enum
zvf130_scafgrpo,bad_framework_openness,6,caught,caught,bad_framework_openness_enum
zvf130_scafgrpo,bad_framework_openness,7,caught,caught,bad_framework_openness_enum
zvf130_scafgrpo,bad_framework_openness,8,caught,caught,bad_framework_openness_enum
zvf130_scafgrpo,bad_framework_openness,9,caught,caught,bad_framework_openness_enum
colab-open_dapo_e3,bad_delta_status_enum,0,caught,caught,bad_delta_status_enum
colab-open_dapo_e3,bad_delta_status_enum,1,caught,caught,bad_delta_status_enum
colab-open_dapo_e3,bad_delta_status_enum,2,caught,caught,bad_delta_status_enum
colab-open_dapo_e3,bad_delta_status_enum,3,caught,caught,bad_delta_status_enum
colab-open_dapo_e3,bad_delta_status_enum,4,caught,caught,bad_delta_status_enum
colab-open_dapo_e3,bad_delta_status_enum,5,caught,caught,bad_delta_status_enum
colab-open_dapo_e3,bad_delta_status_enum,6,caught,caught,bad_delta_status_enum
colab-open_dapo_e3,bad_delta_status_enum,7,caught,caught,bad_delta_status_enum
colab-open_dapo_e3,bad_delta_status_enum,8,caught,caught,bad_delta_status_enum
colab-open_dapo_e3,bad_delta_status_enum,9,caught,caught,bad_delta_status_enum
colab-open_drgrpo_e3,bad_delta_status_enum,0,caught,caught,bad_delta_status_enum
colab-open_drgrpo_e3,bad_delta_status_enum,1,caught,caught,bad_delta_status_enum
colab-open_drgrpo_e3,bad_delta_status_enum,2,caught,caught,bad_delta_status_enum
colab-open_drgrpo_e3,bad_delta_status_enum,3,caught,caught,bad_delta_status_enum
colab-open_drgrpo_e3,bad_delta_status_enum,4,caught,caught,bad_delta_status_enum
colab-open_drgrpo_e3,bad_delta_status_enum,5,caught,caught,bad_delta_status_enum
colab-open_drgrpo_e3,bad_delta_status_enum,6,caught,caught,bad_delta_status_enum
colab-open_drgrpo_e3,bad_delta_status_enum,7,caught,caught,bad_delta_status_enum
colab-open_drgrpo_e3,bad_delta_status_enum,8,caught,caught,bad_delta_status_enum
colab-open_drgrpo_e3,bad_delta_status_enum,9,caught,caught,bad_delta_status_enum
colab-open_grpo-adaptiveg_e3,bad_delta_status_enum,0,caught,skipped_noop,no_variant_deltas_to_perturb
colab-open_grpo-adaptiveg_e3,bad_delta_status_enum,1,caught,skipped_noop,no_variant_deltas_to_perturb
colab-open_grpo-adaptiveg_e3,bad_delta_status_enum,2,caught,skipped_noop,no_variant_deltas_to_perturb
colab-open_grpo-adaptiveg_e3,bad_delta_status_enum,3,caught,skipped_noop,no_variant_deltas_to_perturb
colab-open_grpo-adaptiveg_e3,bad_delta_status_enum,4,caught,skipped_noop,no_variant_deltas_to_perturb
colab-open_grpo-adaptiveg_e3,bad_delta_status_enum,5,caught,skipped_noop,no_variant_deltas_to_perturb
colab-open_grpo-adaptiveg_e3,bad_delta_status_enum,6,caught,skipped_noop,no_variant_deltas_to_perturb
colab-open_grpo-adaptiveg_e3,bad_delta_status_enum,7,caught,skipped_noop,no_variant_deltas_to_perturb
colab-open_grpo-adaptiveg_e3,bad_delta_status_enum,8,caught,skipped_noop,no_variant_deltas_to_perturb
colab-open_grpo-adaptiveg_e3,bad_delta_status_enum,9,caught,skipped_noop,no_variant_deltas_to_perturb
colab-open_grpo_e3,bad_delta_status_enum,0,caught,skipped_noop,no_variant_deltas_to_perturb
colab-open_grpo_e3,bad_delta_status_enum,1,caught,skipped_noop,no_variant_deltas_to_perturb
colab-open_grpo_e3,bad_delta_status_enum,2,caught,skipped_noop,no_variant_deltas_to_perturb
colab-open_grpo_e3,bad_delta_status_enum,3,caught,skipped_noop,no_variant_deltas_to_perturb
colab-open_grpo_e3,bad_delta_status_enum,4,caught,skipped_noop,no_variant_deltas_to_perturb
colab-open_grpo_e3,bad_delta_status_enum,5,caught,skipped_noop,no_variant_deltas_to_perturb
colab-open_grpo_e3,bad_delta_status_enum,6,caught,skipped_noop,no_variant_deltas_to_perturb
colab-open_grpo_e3,bad_delta_status_enum,7,caught,skipped_noop,no_variant_deltas_to_perturb
colab-open_grpo_e3,bad_delta_status_enum,8,caught,skipped_noop,no_variant_deltas_to_perturb
colab-open_grpo_e3,bad_delta_status_enum,9,caught,skipped_noop,no_variant_deltas_to_perturb
delta_aero,bad_delta_status_enum,0,caught,skipped_noop,no_variant_deltas_to_perturb
delta_aero,bad_delta_status_enum,1,caught,skipped_noop,no_variant_deltas_to_perturb
delta_aero,bad_delta_status_enum,2,caught,skipped_noop,no_variant_deltas_to_perturb
delta_aero,bad_delta_status_enum,3,caught,skipped_noop,no_variant_deltas_to_perturb
delta_aero,bad_delta_status_enum,4,caught,skipped_noop,no_variant_deltas_to_perturb
delta_aero,bad_delta_status_enum,5,caught,skipped_noop,no_variant_deltas_to_perturb
delta_aero,bad_delta_status_enum,6,caught,skipped_noop,no_variant_deltas_to_perturb
delta_aero,bad_delta_status_enum,7,caught,skipped_noop,no_variant_deltas_to_perturb
delta_aero,bad_delta_status_enum,8,caught,skipped_noop,no_variant_deltas_to_perturb
delta_aero,bad_delta_status_enum,9,caught,skipped_noop,no_variant_deltas_to_perturb
delta_areal,bad_delta_status_enum,0,caught,skipped_noop,no_variant_deltas_to_perturb
delta_areal,bad_delta_status_enum,1,caught,skipped_noop,no_variant_deltas_to_perturb
delta_areal,bad_delta_status_enum,2,caught,skipped_noop,no_variant_deltas_to_perturb
delta_areal,bad_delta_status_enum,3,caught,skipped_noop,no_variant_deltas_to_perturb
delta_areal,bad_delta_status_enum,4,caught,skipped_noop,no_variant_deltas_to_perturb
delta_areal,bad_delta_status_enum,5,caught,skipped_noop,no_variant_deltas_to_perturb
delta_areal,bad_delta_status_enum,6,caught,skipped_noop,no_variant_deltas_to_perturb
delta_areal,bad_delta_status_enum,7,caught,skipped_noop,no_variant_deltas_to_perturb
delta_areal,bad_delta_status_enum,8,caught,skipped_noop,no_variant_deltas_to_perturb
delta_areal,bad_delta_status_enum,9,caught,skipped_noop,no_variant_deltas_to_perturb
delta_cppo,bad_delta_status_enum,0,caught,skipped_noop,no_variant_deltas_to_perturb
delta_cppo,bad_delta_status_enum,1,caught,skipped_noop,no_variant_deltas_to_perturb
delta_cppo,bad_delta_status_enum,2,caught,skipped_noop,no_variant_deltas_to_perturb
delta_cppo,bad_delta_status_enum,3,caught,skipped_noop,no_variant_deltas_to_perturb
delta_cppo,bad_delta_status_enum,4,caught,skipped_noop,no_variant_deltas_to_perturb
delta_cppo,bad_delta_status_enum,5,caught,skipped_noop,no_variant_deltas_to_perturb
delta_cppo,bad_delta_status_enum,6,caught,skipped_noop,no_variant_deltas_to_perturb
delta_cppo,bad_delta_status_enum,7,caught,skipped_noop,no_variant_deltas_to_perturb
delta_cppo,bad_delta_status_enum,8,caught,skipped_noop,no_variant_deltas_to_perturb
delta_cppo,bad_delta_status_enum,9,caught,skipped_noop,no_variant_deltas_to_perturb
delta_dapo,bad_delta_status_enum,0,caught,skipped_noop,no_variant_deltas_to_perturb
delta_dapo,bad_delta_status_enum,1,caught,skipped_noop,no_variant_deltas_to_perturb
delta_dapo,bad_delta_status_enum,2,caught,skipped_noop,no_variant_deltas_to_perturb
delta_dapo,bad_delta_status_enum,3,caught,skipped_noop,no_variant_deltas_to_perturb
delta_dapo,bad_delta_status_enum,4,caught,skipped_noop,no_variant_deltas_to_perturb
delta_dapo,bad_delta_status_enum,5,caught,skipped_noop,no_variant_deltas_to_perturb
delta_dapo,bad_delta_status_enum,6,caught,skipped_noop,no_variant_deltas_to_perturb
delta_dapo,bad_delta_status_enum,7,caught,skipped_noop,no_variant_deltas_to_perturb
delta_dapo,bad_delta_status_enum,8,caught,skipped_noop,no_variant_deltas_to_perturb
delta_dapo,bad_delta_status_enum,9,caught,skipped_noop,no_variant_deltas_to_perturb
delta_drgrpo,bad_delta_status_enum,0,caught,skipped_noop,no_variant_deltas_to_perturb
delta_drgrpo,bad_delta_status_enum,1,caught,skipped_noop,no_variant_deltas_to_perturb
delta_drgrpo,bad_delta_status_enum,2,caught,skipped_noop,no_variant_deltas_to_perturb
delta_drgrpo,bad_delta_status_enum,3,caught,skipped_noop,no_variant_deltas_to_perturb
delta_drgrpo,bad_delta_status_enum,4,caught,skipped_noop,no_variant_deltas_to_perturb
delta_drgrpo,bad_delta_status_enum,5,caught,skipped_noop,no_variant_deltas_to_perturb
delta_drgrpo,bad_delta_status_enum,6,caught,skipped_noop,no_variant_deltas_to_perturb
delta_drgrpo,bad_delta_status_enum,7,caught,skipped_noop,no_variant_deltas_to_perturb
delta_drgrpo,bad_delta_status_enum,8,caught,skipped_noop,no_variant_deltas_to_perturb
delta_drgrpo,bad_delta_status_enum,9,caught,skipped_noop,no_variant_deltas_to_perturb
delta_es,bad_delta_status_enum,0,caught,skipped_noop,no_variant_deltas_to_perturb
delta_es,bad_delta_status_enum,1,caught,skipped_noop,no_variant_deltas_to_perturb
delta_es,bad_delta_status_enum,2,caught,skipped_noop,no_variant_deltas_to_perturb
delta_es,bad_delta_status_enum,3,caught,skipped_noop,no_variant_deltas_to_perturb
delta_es,bad_delta_status_enum,4,caught,skipped_noop,no_variant_deltas_to_perturb
delta_es,bad_delta_status_enum,5,caught,skipped_noop,no_variant_deltas_to_perturb
delta_es,bad_delta_status_enum,6,caught,skipped_noop,no_variant_deltas_to_perturb
delta_es,bad_delta_status_enum,7,caught,skipped_noop,no_variant_deltas_to_perturb
delta_es,bad_delta_status_enum,8,caught,skipped_noop,no_variant_deltas_to_perturb
delta_es,bad_delta_status_enum,9,caught,skipped_noop,no_variant_deltas_to_perturb
delta_gift,bad_delta_status_enum,0,caught,skipped_noop,no_variant_deltas_to_perturb
delta_gift,bad_delta_status_enum,1,caught,skipped_noop,no_variant_deltas_to_perturb
delta_gift,bad_delta_status_enum,2,caught,skipped_noop,no_variant_deltas_to_perturb
delta_gift,bad_delta_status_enum,3,caught,skipped_noop,no_variant_deltas_to_perturb
delta_gift,bad_delta_status_enum,4,caught,skipped_noop,no_variant_deltas_to_perturb
delta_gift,bad_delta_status_enum,5,caught,skipped_noop,no_variant_deltas_to_perturb
delta_gift,bad_delta_status_enum,6,caught,skipped_noop,no_variant_deltas_to_perturb
delta_gift,bad_delta_status_enum,7,caught,skipped_noop,no_variant_deltas_to_perturb
delta_gift,bad_delta_status_enum,8,caught,skipped_noop,no_variant_deltas_to_perturb
delta_gift,bad_delta_status_enum,9,caught,skipped_noop,no_variant_deltas_to_perturb
delta_gspo,bad_delta_status_enum,0,caught,skipped_noop,no_variant_deltas_to_perturb
delta_gspo,bad_delta_status_enum,1,caught,skipped_noop,no_variant_deltas_to_perturb
delta_gspo,bad_delta_status_enum,2,caught,skipped_noop,no_variant_deltas_to_perturb
delta_gspo,bad_delta_status_enum,3,caught,skipped_noop,no_variant_deltas_to_perturb
delta_gspo,bad_delta_status_enum,4,caught,skipped_noop,no_variant_deltas_to_perturb
delta_gspo,bad_delta_status_enum,5,caught,skipped_noop,no_variant_deltas_to_perturb
delta_gspo,bad_delta_status_enum,6,caught,skipped_noop,no_variant_deltas_to_perturb
delta_gspo,bad_delta_status_enum,7,caught,skipped_noop,no_variant_deltas_to_perturb
delta_gspo,bad_delta_status_enum,8,caught,skipped_noop,no_variant_deltas_to_perturb
delta_gspo,bad_delta_status_enum,9,caught,skipped_noop,no_variant_deltas_to_perturb
delta_mcgrpo,bad_delta_status_enum,0,caught,skipped_noop,no_variant_deltas_to_perturb
delta_mcgrpo,bad_delta_status_enum,1,caught,skipped_noop,no_variant_deltas_to_perturb
delta_mcgrpo,bad_delta_status_enum,2,caught,skipped_noop,no_variant_deltas_to_perturb
delta_mcgrpo,bad_delta_status_enum,3,caught,skipped_noop,no_variant_deltas_to_perturb
delta_mcgrpo,bad_delta_status_enum,4,caught,skipped_noop,no_variant_deltas_to_perturb
delta_mcgrpo,bad_delta_status_enum,5,caught,skipped_noop,no_variant_deltas_to_perturb
delta_mcgrpo,bad_delta_status_enum,6,caught,skipped_noop,no_variant_deltas_to_perturb
delta_mcgrpo,bad_delta_status_enum,7,caught,skipped_noop,no_variant_deltas_to_perturb
delta_mcgrpo,bad_delta_status_enum,8,caught,skipped_noop,no_variant_deltas_to_perturb
delta_mcgrpo,bad_delta_status_enum,9,caught,skipped_noop,no_variant_deltas_to_perturb
delta_ngrpo,bad_delta_status_enum,0,caught,skipped_noop,no_variant_deltas_to_perturb
delta_ngrpo,bad_delta_status_enum,1,caught,skipped_noop,no_variant_deltas_to_perturb
delta_ngrpo,bad_delta_status_enum,2,caught,skipped_noop,no_variant_deltas_to_perturb
delta_ngrpo,bad_delta_status_enum,3,caught,skipped_noop,no_variant_deltas_to_perturb
delta_ngrpo,bad_delta_status_enum,4,caught,skipped_noop,no_variant_deltas_to_perturb
delta_ngrpo,bad_delta_status_enum,5,caught,skipped_noop,no_variant_deltas_to_perturb
delta_ngrpo,bad_delta_status_enum,6,caught,skipped_noop,no_variant_deltas_to_perturb
delta_ngrpo,bad_delta_status_enum,7,caught,skipped_noop,no_variant_deltas_to_perturb
delta_ngrpo,bad_delta_status_enum,8,caught,skipped_noop,no_variant_deltas_to_perturb
delta_ngrpo,bad_delta_status_enum,9,caught,skipped_noop,no_variant_deltas_to_perturb
delta_scafgrpo,bad_delta_status_enum,0,caught,skipped_noop,no_variant_deltas_to_perturb
delta_scafgrpo,bad_delta_status_enum,1,caught,skipped_noop,no_variant_deltas_to_perturb
delta_scafgrpo,bad_delta_status_enum,2,caught,skipped_noop,no_variant_deltas_to_perturb
delta_scafgrpo,bad_delta_status_enum,3,caught,skipped_noop,no_variant_deltas_to_perturb
delta_scafgrpo,bad_delta_status_enum,4,caught,skipped_noop,no_variant_deltas_to_perturb
delta_scafgrpo,bad_delta_status_enum,5,caught,skipped_noop,no_variant_deltas_to_perturb
delta_scafgrpo,bad_delta_status_enum,6,caught,skipped_noop,no_variant_deltas_to_perturb
delta_scafgrpo,bad_delta_status_enum,7,caught,skipped_noop,no_variant_deltas_to_perturb
delta_scafgrpo,bad_delta_status_enum,8,caught,skipped_noop,no_variant_deltas_to_perturb
delta_scafgrpo,bad_delta_status_enum,9,caught,skipped_noop,no_variant_deltas_to_perturb
openrlhf_grpo_qwen3-8b_gsm8k,bad_delta_status_enum,0,caught,skipped_noop,no_variant_deltas_to_perturb
openrlhf_grpo_qwen3-8b_gsm8k,bad_delta_status_enum,1,caught,skipped_noop,no_variant_deltas_to_perturb
openrlhf_grpo_qwen3-8b_gsm8k,bad_delta_status_enum,2,caught,skipped_noop,no_variant_deltas_to_perturb
openrlhf_grpo_qwen3-8b_gsm8k,bad_delta_status_enum,3,caught,skipped_noop,no_variant_deltas_to_perturb
openrlhf_grpo_qwen3-8b_gsm8k,bad_delta_status_enum,4,caught,skipped_noop,no_variant_deltas_to_perturb
openrlhf_grpo_qwen3-8b_gsm8k,bad_delta_status_enum,5,caught,skipped_noop,no_variant_deltas_to_perturb
openrlhf_grpo_qwen3-8b_gsm8k,bad_delta_status_enum,6,caught,skipped_noop,no_variant_deltas_to_perturb
openrlhf_grpo_qwen3-8b_gsm8k,bad_delta_status_enum,7,caught,skipped_noop,no_variant_deltas_to_perturb
openrlhf_grpo_qwen3-8b_gsm8k,bad_delta_status_enum,8,caught,skipped_noop,no_variant_deltas_to_perturb
openrlhf_grpo_qwen3-8b_gsm8k,bad_delta_status_enum,9,caught,skipped_noop,no_variant_deltas_to_perturb
tinker_aero_qwen3.5-4b_gsm8k,bad_delta_status_enum,0,caught,caught,bad_delta_status_enum
tinker_aero_qwen3.5-4b_gsm8k,bad_delta_status_enum,1,caught,caught,bad_delta_status_enum
tinker_aero_qwen3.5-4b_gsm8k,bad_delta_status_enum,2,caught,caught,bad_delta_status_enum
tinker_aero_qwen3.5-4b_gsm8k,bad_delta_status_enum,3,caught,caught,bad_delta_status_enum
tinker_aero_qwen3.5-4b_gsm8k,bad_delta_status_enum,4,caught,caught,bad_delta_status_enum
tinker_aero_qwen3.5-4b_gsm8k,bad_delta_status_enum,5,caught,caught,bad_delta_status_enum
tinker_aero_qwen3.5-4b_gsm8k,bad_delta_status_enum,6,caught,caught,bad_delta_status_enum
tinker_aero_qwen3.5-4b_gsm8k,bad_delta_status_enum,7,caught,caught,bad_delta_status_enum
tinker_aero_qwen3.5-4b_gsm8k,bad_delta_status_enum,8,caught,caught,bad_delta_status_enum
tinker_aero_qwen3.5-4b_gsm8k,bad_delta_status_enum,9,caught,caught,bad_delta_status_enum
tinker_areal_qwen3.5-4b_gsm8k,bad_delta_status_enum,0,caught,caught,bad_delta_status_enum
tinker_areal_qwen3.5-4b_gsm8k,bad_delta_status_enum,1,caught,caught,bad_delta_status_enum
tinker_areal_qwen3.5-4b_gsm8k,bad_delta_status_enum,2,caught,caught,bad_delta_status_enum
tinker_areal_qwen3.5-4b_gsm8k,bad_delta_status_enum,3,caught,caught,bad_delta_status_enum
tinker_areal_qwen3.5-4b_gsm8k,bad_delta_status_enum,4,caught,caught,bad_delta_status_enum
tinker_areal_qwen3.5-4b_gsm8k,bad_delta_status_enum,5,caught,caught,bad_delta_status_enum
tinker_areal_qwen3.5-4b_gsm8k,bad_delta_status_enum,6,caught,caught,bad_delta_status_enum
tinker_areal_qwen3.5-4b_gsm8k,bad_delta_status_enum,7,caught,caught,bad_delta_status_enum
tinker_areal_qwen3.5-4b_gsm8k,bad_delta_status_enum,8,caught,caught,bad_delta_status_enum
tinker_areal_qwen3.5-4b_gsm8k,bad_delta_status_enum,9,caught,caught,bad_delta_status_enum
tinker_dapo_qwen3.5-4b_gsm8k,bad_delta_status_enum,0,caught,caught,bad_delta_status_enum
tinker_dapo_qwen3.5-4b_gsm8k,bad_delta_status_enum,1,caught,caught,bad_delta_status_enum
tinker_dapo_qwen3.5-4b_gsm8k,bad_delta_status_enum,2,caught,caught,bad_delta_status_enum
tinker_dapo_qwen3.5-4b_gsm8k,bad_delta_status_enum,3,caught,caught,bad_delta_status_enum
tinker_dapo_qwen3.5-4b_gsm8k,bad_delta_status_enum,4,caught,caught,bad_delta_status_enum
tinker_dapo_qwen3.5-4b_gsm8k,bad_delta_status_enum,5,caught,caught,bad_delta_status_enum
tinker_dapo_qwen3.5-4b_gsm8k,bad_delta_status_enum,6,caught,caught,bad_delta_status_enum
tinker_dapo_qwen3.5-4b_gsm8k,bad_delta_status_enum,7,caught,caught,bad_delta_status_enum
tinker_dapo_qwen3.5-4b_gsm8k,bad_delta_status_enum,8,caught,caught,bad_delta_status_enum
tinker_dapo_qwen3.5-4b_gsm8k,bad_delta_status_enum,9,caught,caught,bad_delta_status_enum
tinker_drgrpo_qwen3.5-4b_gsm8k,bad_delta_status_enum,0,caught,caught,bad_delta_status_enum
tinker_drgrpo_qwen3.5-4b_gsm8k,bad_delta_status_enum,1,caught,caught,bad_delta_status_enum
tinker_drgrpo_qwen3.5-4b_gsm8k,bad_delta_status_enum,2,caught,caught,bad_delta_status_enum
tinker_drgrpo_qwen3.5-4b_gsm8k,bad_delta_status_enum,3,caught,caught,bad_delta_status_enum
tinker_drgrpo_qwen3.5-4b_gsm8k,bad_delta_status_enum,4,caught,caught,bad_delta_status_enum
tinker_drgrpo_qwen3.5-4b_gsm8k,bad_delta_status_enum,5,caught,caught,bad_delta_status_enum
tinker_drgrpo_qwen3.5-4b_gsm8k,bad_delta_status_enum,6,caught,caught,bad_delta_status_enum
tinker_drgrpo_qwen3.5-4b_gsm8k,bad_delta_status_enum,7,caught,caught,bad_delta_status_enum
tinker_drgrpo_qwen3.5-4b_gsm8k,bad_delta_status_enum,8,caught,caught,bad_delta_status_enum
tinker_drgrpo_qwen3.5-4b_gsm8k,bad_delta_status_enum,9,caught,caught,bad_delta_status_enum
tinker_gift_qwen3.5-4b_gsm8k,bad_delta_status_enum,0,caught,caught,bad_delta_status_enum
tinker_gift_qwen3.5-4b_gsm8k,bad_delta_status_enum,1,caught,caught,bad_delta_status_enum
tinker_gift_qwen3.5-4b_gsm8k,bad_delta_status_enum,2,caught,caught,bad_delta_status_enum
tinker_gift_qwen3.5-4b_gsm8k,bad_delta_status_enum,3,caught,caught,bad_delta_status_enum
tinker_gift_qwen3.5-4b_gsm8k,bad_delta_status_enum,4,caught,caught,bad_delta_status_enum
tinker_gift_qwen3.5-4b_gsm8k,bad_delta_status_enum,5,caught,caught,bad_delta_status_enum
tinker_gift_qwen3.5-4b_gsm8k,bad_delta_status_enum,6,caught,caught,bad_delta_status_enum
tinker_gift_qwen3.5-4b_gsm8k,bad_delta_status_enum,7,caught,caught,bad_delta_status_enum
tinker_gift_qwen3.5-4b_gsm8k,bad_delta_status_enum,8,caught,caught,bad_delta_status_enum
tinker_gift_qwen3.5-4b_gsm8k,bad_delta_status_enum,9,caught,caught,bad_delta_status_enum
tinker_grpo_qwen3-8b_gsm8k,bad_delta_status_enum,0,caught,skipped_noop,no_variant_deltas_to_perturb
tinker_grpo_qwen3-8b_gsm8k,bad_delta_status_enum,1,caught,skipped_noop,no_variant_deltas_to_perturb
tinker_grpo_qwen3-8b_gsm8k,bad_delta_status_enum,2,caught,skipped_noop,no_variant_deltas_to_perturb
tinker_grpo_qwen3-8b_gsm8k,bad_delta_status_enum,3,caught,skipped_noop,no_variant_deltas_to_perturb
tinker_grpo_qwen3-8b_gsm8k,bad_delta_status_enum,4,caught,skipped_noop,no_variant_deltas_to_perturb
tinker_grpo_qwen3-8b_gsm8k,bad_delta_status_enum,5,caught,skipped_noop,no_variant_deltas_to_perturb
tinker_grpo_qwen3-8b_gsm8k,bad_delta_status_enum,6,caught,skipped_noop,no_variant_deltas_to_perturb
tinker_grpo_qwen3-8b_gsm8k,bad_delta_status_enum,7,caught,skipped_noop,no_variant_deltas_to_perturb
tinker_grpo_qwen3-8b_gsm8k,bad_delta_status_enum,8,caught,skipped_noop,no_variant_deltas_to_perturb
tinker_grpo_qwen3-8b_gsm8k,bad_delta_status_enum,9,caught,skipped_noop,no_variant_deltas_to_perturb
tinker_grpo_qwen3.5-4b_gsm8k,bad_delta_status_enum,0,caught,skipped_noop,no_variant_deltas_to_perturb
tinker_grpo_qwen3.5-4b_gsm8k,bad_delta_status_enum,1,caught,skipped_noop,no_variant_deltas_to_perturb
tinker_grpo_qwen3.5-4b_gsm8k,bad_delta_status_enum,2,caught,skipped_noop,no_variant_deltas_to_perturb
tinker_grpo_qwen3.5-4b_gsm8k,bad_delta_status_enum,3,caught,skipped_noop,no_variant_deltas_to_perturb
tinker_grpo_qwen3.5-4b_gsm8k,bad_delta_status_enum,4,caught,skipped_noop,no_variant_deltas_to_perturb
tinker_grpo_qwen3.5-4b_gsm8k,bad_delta_status_enum,5,caught,skipped_noop,no_variant_deltas_to_perturb
tinker_grpo_qwen3.5-4b_gsm8k,bad_delta_status_enum,6,caught,skipped_noop,no_variant_deltas_to_perturb
tinker_grpo_qwen3.5-4b_gsm8k,bad_delta_status_enum,7,caught,skipped_noop,no_variant_deltas_to_perturb
tinker_grpo_qwen3.5-4b_gsm8k,bad_delta_status_enum,8,caught,skipped_noop,no_variant_deltas_to_perturb
tinker_grpo_qwen3.5-4b_gsm8k,bad_delta_status_enum,9,caught,skipped_noop,no_variant_deltas_to_perturb
tinker_gspo_qwen3.5-4b_gsm8k,bad_delta_status_enum,0,caught,caught,bad_delta_status_enum
tinker_gspo_qwen3.5-4b_gsm8k,bad_delta_status_enum,1,caught,caught,bad_delta_status_enum
tinker_gspo_qwen3.5-4b_gsm8k,bad_delta_status_enum,2,caught,caught,bad_delta_status_enum
tinker_gspo_qwen3.5-4b_gsm8k,bad_delta_status_enum,3,caught,caught,bad_delta_status_enum
tinker_gspo_qwen3.5-4b_gsm8k,bad_delta_status_enum,4,caught,caught,bad_delta_status_enum
tinker_gspo_qwen3.5-4b_gsm8k,bad_delta_status_enum,5,caught,caught,bad_delta_status_enum
tinker_gspo_qwen3.5-4b_gsm8k,bad_delta_status_enum,6,caught,caught,bad_delta_status_enum
tinker_gspo_qwen3.5-4b_gsm8k,bad_delta_status_enum,7,caught,caught,bad_delta_status_enum
tinker_gspo_qwen3.5-4b_gsm8k,bad_delta_status_enum,8,caught,caught,bad_delta_status_enum
tinker_gspo_qwen3.5-4b_gsm8k,bad_delta_status_enum,9,caught,caught,bad_delta_status_enum
trl_grpo_qwen3-8b_gsm8k,bad_delta_status_enum,0,caught,skipped_noop,no_variant_deltas_to_perturb
trl_grpo_qwen3-8b_gsm8k,bad_delta_status_enum,1,caught,skipped_noop,no_variant_deltas_to_perturb
trl_grpo_qwen3-8b_gsm8k,bad_delta_status_enum,2,caught,skipped_noop,no_variant_deltas_to_perturb
trl_grpo_qwen3-8b_gsm8k,bad_delta_status_enum,3,caught,skipped_noop,no_variant_deltas_to_perturb
trl_grpo_qwen3-8b_gsm8k,bad_delta_status_enum,4,caught,skipped_noop,no_variant_deltas_to_perturb
trl_grpo_qwen3-8b_gsm8k,bad_delta_status_enum,5,caught,skipped_noop,no_variant_deltas_to_perturb
trl_grpo_qwen3-8b_gsm8k,bad_delta_status_enum,6,caught,skipped_noop,no_variant_deltas_to_perturb
trl_grpo_qwen3-8b_gsm8k,bad_delta_status_enum,7,caught,skipped_noop,no_variant_deltas_to_perturb
trl_grpo_qwen3-8b_gsm8k,bad_delta_status_enum,8,caught,skipped_noop,no_variant_deltas_to_perturb
trl_grpo_qwen3-8b_gsm8k,bad_delta_status_enum,9,caught,skipped_noop,no_variant_deltas_to_perturb
verl_grpo_qwen3-8b_gsm8k,bad_delta_status_enum,0,caught,skipped_noop,no_variant_deltas_to_perturb
verl_grpo_qwen3-8b_gsm8k,bad_delta_status_enum,1,caught,skipped_noop,no_variant_deltas_to_perturb
verl_grpo_qwen3-8b_gsm8k,bad_delta_status_enum,2,caught,skipped_noop,no_variant_deltas_to_perturb
verl_grpo_qwen3-8b_gsm8k,bad_delta_status_enum,3,caught,skipped_noop,no_variant_deltas_to_perturb
verl_grpo_qwen3-8b_gsm8k,bad_delta_status_enum,4,caught,skipped_noop,no_variant_deltas_to_perturb
verl_grpo_qwen3-8b_gsm8k,bad_delta_status_enum,5,caught,skipped_noop,no_variant_deltas_to_perturb
verl_grpo_qwen3-8b_gsm8k,bad_delta_status_enum,6,caught,skipped_noop,no_variant_deltas_to_perturb
verl_grpo_qwen3-8b_gsm8k,bad_delta_status_enum,7,caught,skipped_noop,no_variant_deltas_to_perturb
verl_grpo_qwen3-8b_gsm8k,bad_delta_status_enum,8,caught,skipped_noop,no_variant_deltas_to_perturb
verl_grpo_qwen3-8b_gsm8k,bad_delta_status_enum,9,caught,skipped_noop,no_variant_deltas_to_perturb
zvf130_cppo,bad_delta_status_enum,0,caught,caught,bad_delta_status_enum
zvf130_cppo,bad_delta_status_enum,1,caught,caught,bad_delta_status_enum
zvf130_cppo,bad_delta_status_enum,2,caught,caught,bad_delta_status_enum
zvf130_cppo,bad_delta_status_enum,3,caught,caught,bad_delta_status_enum
zvf130_cppo,bad_delta_status_enum,4,caught,caught,bad_delta_status_enum
zvf130_cppo,bad_delta_status_enum,5,caught,caught,bad_delta_status_enum
zvf130_cppo,bad_delta_status_enum,6,caught,caught,bad_delta_status_enum
zvf130_cppo,bad_delta_status_enum,7,caught,caught,bad_delta_status_enum
zvf130_cppo,bad_delta_status_enum,8,caught,caught,bad_delta_status_enum
zvf130_cppo,bad_delta_status_enum,9,caught,caught,bad_delta_status_enum
zvf130_es,bad_delta_status_enum,0,caught,caught,bad_delta_status_enum
zvf130_es,bad_delta_status_enum,1,caught,caught,bad_delta_status_enum
zvf130_es,bad_delta_status_enum,2,caught,caught,bad_delta_status_enum
zvf130_es,bad_delta_status_enum,3,caught,caught,bad_delta_status_enum
zvf130_es,bad_delta_status_enum,4,caught,caught,bad_delta_status_enum
zvf130_es,bad_delta_status_enum,5,caught,caught,bad_delta_status_enum
zvf130_es,bad_delta_status_enum,6,caught,caught,bad_delta_status_enum
zvf130_es,bad_delta_status_enum,7,caught,caught,bad_delta_status_enum
zvf130_es,bad_delta_status_enum,8,caught,caught,bad_delta_status_enum
zvf130_es,bad_delta_status_enum,9,caught,caught,bad_delta_status_enum
zvf130_mcgrpo,bad_delta_status_enum,0,caught,caught,bad_delta_status_enum
zvf130_mcgrpo,bad_delta_status_enum,1,caught,caught,bad_delta_status_enum
zvf130_mcgrpo,bad_delta_status_enum,2,caught,caught,bad_delta_status_enum
zvf130_mcgrpo,bad_delta_status_enum,3,caught,caught,bad_delta_status_enum
zvf130_mcgrpo,bad_delta_status_enum,4,caught,caught,bad_delta_status_enum
zvf130_mcgrpo,bad_delta_status_enum,5,caught,caught,bad_delta_status_enum
zvf130_mcgrpo,bad_delta_status_enum,6,caught,caught,bad_delta_status_enum
zvf130_mcgrpo,bad_delta_status_enum,7,caught,caught,bad_delta_status_enum
zvf130_mcgrpo,bad_delta_status_enum,8,caught,caught,bad_delta_status_enum
zvf130_mcgrpo,bad_delta_status_enum,9,caught,caught,bad_delta_status_enum
zvf130_ngrpo,bad_delta_status_enum,0,caught,caught,bad_delta_status_enum
zvf130_ngrpo,bad_delta_status_enum,1,caught,caught,bad_delta_status_enum
zvf130_ngrpo,bad_delta_status_enum,2,caught,caught,bad_delta_status_enum
zvf130_ngrpo,bad_delta_status_enum,3,caught,caught,bad_delta_status_enum
zvf130_ngrpo,bad_delta_status_enum,4,caught,caught,bad_delta_status_enum
zvf130_ngrpo,bad_delta_status_enum,5,caught,caught,bad_delta_status_enum
zvf130_ngrpo,bad_delta_status_enum,6,caught,caught,bad_delta_status_enum
zvf130_ngrpo,bad_delta_status_enum,7,caught,caught,bad_delta_status_enum
zvf130_ngrpo,bad_delta_status_enum,8,caught,caught,bad_delta_status_enum
zvf130_ngrpo,bad_delta_status_enum,9,caught,caught,bad_delta_status_enum
zvf130_scafgrpo,bad_delta_status_enum,0,caught,caught,bad_delta_status_enum
zvf130_scafgrpo,bad_delta_status_enum,1,caught,caught,bad_delta_status_enum
zvf130_scafgrpo,bad_delta_status_enum,2,caught,caught,bad_delta_status_enum
zvf130_scafgrpo,bad_delta_status_enum,3,caught,caught,bad_delta_status_enum
zvf130_scafgrpo,bad_delta_status_enum,4,caught,caught,bad_delta_status_enum
zvf130_scafgrpo,bad_delta_status_enum,5,caught,caught,bad_delta_status_enum
zvf130_scafgrpo,bad_delta_status_enum,6,caught,caught,bad_delta_status_enum
zvf130_scafgrpo,bad_delta_status_enum,7,caught,caught,bad_delta_status_enum
zvf130_scafgrpo,bad_delta_status_enum,8,caught,caught,bad_delta_status_enum
zvf130_scafgrpo,bad_delta_status_enum,9,caught,caught,bad_delta_status_enum
colab-open_dapo_e3,bad_loss_advantage_enum,0,caught,caught,bad_loss_advantage_enum
colab-open_dapo_e3,bad_loss_advantage_enum,1,caught,caught,bad_loss_advantage_enum
colab-open_dapo_e3,bad_loss_advantage_enum,2,caught,caught,bad_loss_advantage_enum
colab-open_dapo_e3,bad_loss_advantage_enum,3,caught,caught,bad_loss_advantage_enum
colab-open_dapo_e3,bad_loss_advantage_enum,4,caught,caught,bad_loss_advantage_enum
colab-open_dapo_e3,bad_loss_advantage_enum,5,caught,caught,bad_loss_advantage_enum
colab-open_dapo_e3,bad_loss_advantage_enum,6,caught,caught,bad_loss_advantage_enum
colab-open_dapo_e3,bad_loss_advantage_enum,7,caught,caught,bad_loss_advantage_enum
colab-open_dapo_e3,bad_loss_advantage_enum,8,caught,caught,bad_loss_advantage_enum
colab-open_dapo_e3,bad_loss_advantage_enum,9,caught,caught,bad_loss_advantage_enum
colab-open_drgrpo_e3,bad_loss_advantage_enum,0,caught,caught,bad_loss_advantage_enum
colab-open_drgrpo_e3,bad_loss_advantage_enum,1,caught,caught,bad_loss_advantage_enum
colab-open_drgrpo_e3,bad_loss_advantage_enum,2,caught,caught,bad_loss_advantage_enum
colab-open_drgrpo_e3,bad_loss_advantage_enum,3,caught,caught,bad_loss_advantage_enum
colab-open_drgrpo_e3,bad_loss_advantage_enum,4,caught,caught,bad_loss_advantage_enum
colab-open_drgrpo_e3,bad_loss_advantage_enum,5,caught,caught,bad_loss_advantage_enum
colab-open_drgrpo_e3,bad_loss_advantage_enum,6,caught,caught,bad_loss_advantage_enum
colab-open_drgrpo_e3,bad_loss_advantage_enum,7,caught,caught,bad_loss_advantage_enum
colab-open_drgrpo_e3,bad_loss_advantage_enum,8,caught,caught,bad_loss_advantage_enum
colab-open_drgrpo_e3,bad_loss_advantage_enum,9,caught,caught,bad_loss_advantage_enum
colab-open_grpo-adaptiveg_e3,bad_loss_advantage_enum,0,caught,caught,bad_loss_advantage_enum
colab-open_grpo-adaptiveg_e3,bad_loss_advantage_enum,1,caught,caught,bad_loss_advantage_enum
colab-open_grpo-adaptiveg_e3,bad_loss_advantage_enum,2,caught,caught,bad_loss_advantage_enum
colab-open_grpo-adaptiveg_e3,bad_loss_advantage_enum,3,caught,caught,bad_loss_advantage_enum
colab-open_grpo-adaptiveg_e3,bad_loss_advantage_enum,4,caught,caught,bad_loss_advantage_enum
colab-open_grpo-adaptiveg_e3,bad_loss_advantage_enum,5,caught,caught,bad_loss_advantage_enum
colab-open_grpo-adaptiveg_e3,bad_loss_advantage_enum,6,caught,caught,bad_loss_advantage_enum
colab-open_grpo-adaptiveg_e3,bad_loss_advantage_enum,7,caught,caught,bad_loss_advantage_enum
colab-open_grpo-adaptiveg_e3,bad_loss_advantage_enum,8,caught,caught,bad_loss_advantage_enum
colab-open_grpo-adaptiveg_e3,bad_loss_advantage_enum,9,caught,caught,bad_loss_advantage_enum
colab-open_grpo_e3,bad_loss_advantage_enum,0,caught,caught,bad_loss_advantage_enum
colab-open_grpo_e3,bad_loss_advantage_enum,1,caught,caught,bad_loss_advantage_enum
colab-open_grpo_e3,bad_loss_advantage_enum,2,caught,caught,bad_loss_advantage_enum
colab-open_grpo_e3,bad_loss_advantage_enum,3,caught,caught,bad_loss_advantage_enum
colab-open_grpo_e3,bad_loss_advantage_enum,4,caught,caught,bad_loss_advantage_enum
colab-open_grpo_e3,bad_loss_advantage_enum,5,caught,caught,bad_loss_advantage_enum
colab-open_grpo_e3,bad_loss_advantage_enum,6,caught,caught,bad_loss_advantage_enum
colab-open_grpo_e3,bad_loss_advantage_enum,7,caught,caught,bad_loss_advantage_enum
colab-open_grpo_e3,bad_loss_advantage_enum,8,caught,caught,bad_loss_advantage_enum
colab-open_grpo_e3,bad_loss_advantage_enum,9,caught,caught,bad_loss_advantage_enum
delta_aero,bad_loss_advantage_enum,0,caught,skipped_noop,error:KeyError
delta_aero,bad_loss_advantage_enum,1,caught,skipped_noop,error:KeyError
delta_aero,bad_loss_advantage_enum,2,caught,skipped_noop,error:KeyError
delta_aero,bad_loss_advantage_enum,3,caught,skipped_noop,error:KeyError
delta_aero,bad_loss_advantage_enum,4,caught,skipped_noop,error:KeyError
delta_aero,bad_loss_advantage_enum,5,caught,skipped_noop,error:KeyError
delta_aero,bad_loss_advantage_enum,6,caught,skipped_noop,error:KeyError
delta_aero,bad_loss_advantage_enum,7,caught,skipped_noop,error:KeyError
delta_aero,bad_loss_advantage_enum,8,caught,skipped_noop,error:KeyError
delta_aero,bad_loss_advantage_enum,9,caught,skipped_noop,error:KeyError
delta_areal,bad_loss_advantage_enum,0,caught,skipped_noop,error:KeyError
delta_areal,bad_loss_advantage_enum,1,caught,skipped_noop,error:KeyError
delta_areal,bad_loss_advantage_enum,2,caught,skipped_noop,error:KeyError
delta_areal,bad_loss_advantage_enum,3,caught,skipped_noop,error:KeyError
delta_areal,bad_loss_advantage_enum,4,caught,skipped_noop,error:KeyError
delta_areal,bad_loss_advantage_enum,5,caught,skipped_noop,error:KeyError
delta_areal,bad_loss_advantage_enum,6,caught,skipped_noop,error:KeyError
delta_areal,bad_loss_advantage_enum,7,caught,skipped_noop,error:KeyError
delta_areal,bad_loss_advantage_enum,8,caught,skipped_noop,error:KeyError
delta_areal,bad_loss_advantage_enum,9,caught,skipped_noop,error:KeyError
delta_cppo,bad_loss_advantage_enum,0,caught,skipped_noop,error:KeyError
delta_cppo,bad_loss_advantage_enum,1,caught,skipped_noop,error:KeyError
delta_cppo,bad_loss_advantage_enum,2,caught,skipped_noop,error:KeyError
delta_cppo,bad_loss_advantage_enum,3,caught,skipped_noop,error:KeyError
delta_cppo,bad_loss_advantage_enum,4,caught,skipped_noop,error:KeyError
delta_cppo,bad_loss_advantage_enum,5,caught,skipped_noop,error:KeyError
delta_cppo,bad_loss_advantage_enum,6,caught,skipped_noop,error:KeyError
delta_cppo,bad_loss_advantage_enum,7,caught,skipped_noop,error:KeyError
delta_cppo,bad_loss_advantage_enum,8,caught,skipped_noop,error:KeyError
delta_cppo,bad_loss_advantage_enum,9,caught,skipped_noop,error:KeyError
delta_dapo,bad_loss_advantage_enum,0,caught,skipped_noop,error:KeyError
delta_dapo,bad_loss_advantage_enum,1,caught,skipped_noop,error:KeyError
delta_dapo,bad_loss_advantage_enum,2,caught,skipped_noop,error:KeyError
delta_dapo,bad_loss_advantage_enum,3,caught,skipped_noop,error:KeyError
delta_dapo,bad_loss_advantage_enum,4,caught,skipped_noop,error:KeyError
delta_dapo,bad_loss_advantage_enum,5,caught,skipped_noop,error:KeyError
delta_dapo,bad_loss_advantage_enum,6,caught,skipped_noop,error:KeyError
delta_dapo,bad_loss_advantage_enum,7,caught,skipped_noop,error:KeyError
delta_dapo,bad_loss_advantage_enum,8,caught,skipped_noop,error:KeyError
delta_dapo,bad_loss_advantage_enum,9,caught,skipped_noop,error:KeyError
delta_drgrpo,bad_loss_advantage_enum,0,caught,skipped_noop,error:KeyError
delta_drgrpo,bad_loss_advantage_enum,1,caught,skipped_noop,error:KeyError
delta_drgrpo,bad_loss_advantage_enum,2,caught,skipped_noop,error:KeyError
delta_drgrpo,bad_loss_advantage_enum,3,caught,skipped_noop,error:KeyError
delta_drgrpo,bad_loss_advantage_enum,4,caught,skipped_noop,error:KeyError
delta_drgrpo,bad_loss_advantage_enum,5,caught,skipped_noop,error:KeyError
delta_drgrpo,bad_loss_advantage_enum,6,caught,skipped_noop,error:KeyError
delta_drgrpo,bad_loss_advantage_enum,7,caught,skipped_noop,error:KeyError
delta_drgrpo,bad_loss_advantage_enum,8,caught,skipped_noop,error:KeyError
delta_drgrpo,bad_loss_advantage_enum,9,caught,skipped_noop,error:KeyError
delta_es,bad_loss_advantage_enum,0,caught,skipped_noop,error:KeyError
delta_es,bad_loss_advantage_enum,1,caught,skipped_noop,error:KeyError
delta_es,bad_loss_advantage_enum,2,caught,skipped_noop,error:KeyError
delta_es,bad_loss_advantage_enum,3,caught,skipped_noop,error:KeyError
delta_es,bad_loss_advantage_enum,4,caught,skipped_noop,error:KeyError
delta_es,bad_loss_advantage_enum,5,caught,skipped_noop,error:KeyError
delta_es,bad_loss_advantage_enum,6,caught,skipped_noop,error:KeyError
delta_es,bad_loss_advantage_enum,7,caught,skipped_noop,error:KeyError
delta_es,bad_loss_advantage_enum,8,caught,skipped_noop,error:KeyError
delta_es,bad_loss_advantage_enum,9,caught,skipped_noop,error:KeyError
delta_gift,bad_loss_advantage_enum,0,caught,skipped_noop,error:KeyError
delta_gift,bad_loss_advantage_enum,1,caught,skipped_noop,error:KeyError
delta_gift,bad_loss_advantage_enum,2,caught,skipped_noop,error:KeyError
delta_gift,bad_loss_advantage_enum,3,caught,skipped_noop,error:KeyError
delta_gift,bad_loss_advantage_enum,4,caught,skipped_noop,error:KeyError
delta_gift,bad_loss_advantage_enum,5,caught,skipped_noop,error:KeyError
delta_gift,bad_loss_advantage_enum,6,caught,skipped_noop,error:KeyError
delta_gift,bad_loss_advantage_enum,7,caught,skipped_noop,error:KeyError
delta_gift,bad_loss_advantage_enum,8,caught,skipped_noop,error:KeyError
delta_gift,bad_loss_advantage_enum,9,caught,skipped_noop,error:KeyError
delta_gspo,bad_loss_advantage_enum,0,caught,skipped_noop,error:KeyError
delta_gspo,bad_loss_advantage_enum,1,caught,skipped_noop,error:KeyError
delta_gspo,bad_loss_advantage_enum,2,caught,skipped_noop,error:KeyError
delta_gspo,bad_loss_advantage_enum,3,caught,skipped_noop,error:KeyError
delta_gspo,bad_loss_advantage_enum,4,caught,skipped_noop,error:KeyError
delta_gspo,bad_loss_advantage_enum,5,caught,skipped_noop,error:KeyError
delta_gspo,bad_loss_advantage_enum,6,caught,skipped_noop,error:KeyError
delta_gspo,bad_loss_advantage_enum,7,caught,skipped_noop,error:KeyError
delta_gspo,bad_loss_advantage_enum,8,caught,skipped_noop,error:KeyError
delta_gspo,bad_loss_advantage_enum,9,caught,skipped_noop,error:KeyError
delta_mcgrpo,bad_loss_advantage_enum,0,caught,skipped_noop,error:KeyError
delta_mcgrpo,bad_loss_advantage_enum,1,caught,skipped_noop,error:KeyError
delta_mcgrpo,bad_loss_advantage_enum,2,caught,skipped_noop,error:KeyError
delta_mcgrpo,bad_loss_advantage_enum,3,caught,skipped_noop,error:KeyError
delta_mcgrpo,bad_loss_advantage_enum,4,caught,skipped_noop,error:KeyError
delta_mcgrpo,bad_loss_advantage_enum,5,caught,skipped_noop,error:KeyError
delta_mcgrpo,bad_loss_advantage_enum,6,caught,skipped_noop,error:KeyError
delta_mcgrpo,bad_loss_advantage_enum,7,caught,skipped_noop,error:KeyError
delta_mcgrpo,bad_loss_advantage_enum,8,caught,skipped_noop,error:KeyError
delta_mcgrpo,bad_loss_advantage_enum,9,caught,skipped_noop,error:KeyError
delta_ngrpo,bad_loss_advantage_enum,0,caught,skipped_noop,error:KeyError
delta_ngrpo,bad_loss_advantage_enum,1,caught,skipped_noop,error:KeyError
delta_ngrpo,bad_loss_advantage_enum,2,caught,skipped_noop,error:KeyError
delta_ngrpo,bad_loss_advantage_enum,3,caught,skipped_noop,error:KeyError
delta_ngrpo,bad_loss_advantage_enum,4,caught,skipped_noop,error:KeyError
delta_ngrpo,bad_loss_advantage_enum,5,caught,skipped_noop,error:KeyError
delta_ngrpo,bad_loss_advantage_enum,6,caught,skipped_noop,error:KeyError
delta_ngrpo,bad_loss_advantage_enum,7,caught,skipped_noop,error:KeyError
delta_ngrpo,bad_loss_advantage_enum,8,caught,skipped_noop,error:KeyError
delta_ngrpo,bad_loss_advantage_enum,9,caught,skipped_noop,error:KeyError
delta_scafgrpo,bad_loss_advantage_enum,0,caught,skipped_noop,error:KeyError
delta_scafgrpo,bad_loss_advantage_enum,1,caught,skipped_noop,error:KeyError
delta_scafgrpo,bad_loss_advantage_enum,2,caught,skipped_noop,error:KeyError
delta_scafgrpo,bad_loss_advantage_enum,3,caught,skipped_noop,error:KeyError
delta_scafgrpo,bad_loss_advantage_enum,4,caught,skipped_noop,error:KeyError
delta_scafgrpo,bad_loss_advantage_enum,5,caught,skipped_noop,error:KeyError
delta_scafgrpo,bad_loss_advantage_enum,6,caught,skipped_noop,error:KeyError
delta_scafgrpo,bad_loss_advantage_enum,7,caught,skipped_noop,error:KeyError
delta_scafgrpo,bad_loss_advantage_enum,8,caught,skipped_noop,error:KeyError
delta_scafgrpo,bad_loss_advantage_enum,9,caught,skipped_noop,error:KeyError
openrlhf_grpo_qwen3-8b_gsm8k,bad_loss_advantage_enum,0,caught,caught,bad_loss_advantage_enum
openrlhf_grpo_qwen3-8b_gsm8k,bad_loss_advantage_enum,1,caught,caught,bad_loss_advantage_enum
openrlhf_grpo_qwen3-8b_gsm8k,bad_loss_advantage_enum,2,caught,caught,bad_loss_advantage_enum
openrlhf_grpo_qwen3-8b_gsm8k,bad_loss_advantage_enum,3,caught,caught,bad_loss_advantage_enum
openrlhf_grpo_qwen3-8b_gsm8k,bad_loss_advantage_enum,4,caught,caught,bad_loss_advantage_enum
openrlhf_grpo_qwen3-8b_gsm8k,bad_loss_advantage_enum,5,caught,caught,bad_loss_advantage_enum
openrlhf_grpo_qwen3-8b_gsm8k,bad_loss_advantage_enum,6,caught,caught,bad_loss_advantage_enum
openrlhf_grpo_qwen3-8b_gsm8k,bad_loss_advantage_enum,7,caught,caught,bad_loss_advantage_enum
openrlhf_grpo_qwen3-8b_gsm8k,bad_loss_advantage_enum,8,caught,caught,bad_loss_advantage_enum
openrlhf_grpo_qwen3-8b_gsm8k,bad_loss_advantage_enum,9,caught,caught,bad_loss_advantage_enum
tinker_aero_qwen3.5-4b_gsm8k,bad_loss_advantage_enum,0,caught,caught,bad_loss_advantage_enum
tinker_aero_qwen3.5-4b_gsm8k,bad_loss_advantage_enum,1,caught,caught,bad_loss_advantage_enum
tinker_aero_qwen3.5-4b_gsm8k,bad_loss_advantage_enum,2,caught,caught,bad_loss_advantage_enum
tinker_aero_qwen3.5-4b_gsm8k,bad_loss_advantage_enum,3,caught,caught,bad_loss_advantage_enum
tinker_aero_qwen3.5-4b_gsm8k,bad_loss_advantage_enum,4,caught,caught,bad_loss_advantage_enum
tinker_aero_qwen3.5-4b_gsm8k,bad_loss_advantage_enum,5,caught,caught,bad_loss_advantage_enum
tinker_aero_qwen3.5-4b_gsm8k,bad_loss_advantage_enum,6,caught,caught,bad_loss_advantage_enum
tinker_aero_qwen3.5-4b_gsm8k,bad_loss_advantage_enum,7,caught,caught,bad_loss_advantage_enum
tinker_aero_qwen3.5-4b_gsm8k,bad_loss_advantage_enum,8,caught,caught,bad_loss_advantage_enum
tinker_aero_qwen3.5-4b_gsm8k,bad_loss_advantage_enum,9,caught,caught,bad_loss_advantage_enum
tinker_areal_qwen3.5-4b_gsm8k,bad_loss_advantage_enum,0,caught,caught,bad_loss_advantage_enum
tinker_areal_qwen3.5-4b_gsm8k,bad_loss_advantage_enum,1,caught,caught,bad_loss_advantage_enum
tinker_areal_qwen3.5-4b_gsm8k,bad_loss_advantage_enum,2,caught,caught,bad_loss_advantage_enum
tinker_areal_qwen3.5-4b_gsm8k,bad_loss_advantage_enum,3,caught,caught,bad_loss_advantage_enum
tinker_areal_qwen3.5-4b_gsm8k,bad_loss_advantage_enum,4,caught,caught,bad_loss_advantage_enum
tinker_areal_qwen3.5-4b_gsm8k,bad_loss_advantage_enum,5,caught,caught,bad_loss_advantage_enum
tinker_areal_qwen3.5-4b_gsm8k,bad_loss_advantage_enum,6,caught,caught,bad_loss_advantage_enum
tinker_areal_qwen3.5-4b_gsm8k,bad_loss_advantage_enum,7,caught,caught,bad_loss_advantage_enum
tinker_areal_qwen3.5-4b_gsm8k,bad_loss_advantage_enum,8,caught,caught,bad_loss_advantage_enum
tinker_areal_qwen3.5-4b_gsm8k,bad_loss_advantage_enum,9,caught,caught,bad_loss_advantage_enum
tinker_dapo_qwen3.5-4b_gsm8k,bad_loss_advantage_enum,0,caught,caught,bad_loss_advantage_enum
tinker_dapo_qwen3.5-4b_gsm8k,bad_loss_advantage_enum,1,caught,caught,bad_loss_advantage_enum
tinker_dapo_qwen3.5-4b_gsm8k,bad_loss_advantage_enum,2,caught,caught,bad_loss_advantage_enum
tinker_dapo_qwen3.5-4b_gsm8k,bad_loss_advantage_enum,3,caught,caught,bad_loss_advantage_enum
tinker_dapo_qwen3.5-4b_gsm8k,bad_loss_advantage_enum,4,caught,caught,bad_loss_advantage_enum
tinker_dapo_qwen3.5-4b_gsm8k,bad_loss_advantage_enum,5,caught,caught,bad_loss_advantage_enum
tinker_dapo_qwen3.5-4b_gsm8k,bad_loss_advantage_enum,6,caught,caught,bad_loss_advantage_enum
tinker_dapo_qwen3.5-4b_gsm8k,bad_loss_advantage_enum,7,caught,caught,bad_loss_advantage_enum
tinker_dapo_qwen3.5-4b_gsm8k,bad_loss_advantage_enum,8,caught,caught,bad_loss_advantage_enum
tinker_dapo_qwen3.5-4b_gsm8k,bad_loss_advantage_enum,9,caught,caught,bad_loss_advantage_enum
tinker_drgrpo_qwen3.5-4b_gsm8k,bad_loss_advantage_enum,0,caught,caught,bad_loss_advantage_enum
tinker_drgrpo_qwen3.5-4b_gsm8k,bad_loss_advantage_enum,1,caught,caught,bad_loss_advantage_enum
tinker_drgrpo_qwen3.5-4b_gsm8k,bad_loss_advantage_enum,2,caught,caught,bad_loss_advantage_enum
tinker_drgrpo_qwen3.5-4b_gsm8k,bad_loss_advantage_enum,3,caught,caught,bad_loss_advantage_enum
tinker_drgrpo_qwen3.5-4b_gsm8k,bad_loss_advantage_enum,4,caught,caught,bad_loss_advantage_enum
tinker_drgrpo_qwen3.5-4b_gsm8k,bad_loss_advantage_enum,5,caught,caught,bad_loss_advantage_enum
tinker_drgrpo_qwen3.5-4b_gsm8k,bad_loss_advantage_enum,6,caught,caught,bad_loss_advantage_enum
tinker_drgrpo_qwen3.5-4b_gsm8k,bad_loss_advantage_enum,7,caught,caught,bad_loss_advantage_enum
tinker_drgrpo_qwen3.5-4b_gsm8k,bad_loss_advantage_enum,8,caught,caught,bad_loss_advantage_enum
tinker_drgrpo_qwen3.5-4b_gsm8k,bad_loss_advantage_enum,9,caught,caught,bad_loss_advantage_enum
tinker_gift_qwen3.5-4b_gsm8k,bad_loss_advantage_enum,0,caught,caught,bad_loss_advantage_enum
tinker_gift_qwen3.5-4b_gsm8k,bad_loss_advantage_enum,1,caught,caught,bad_loss_advantage_enum
tinker_gift_qwen3.5-4b_gsm8k,bad_loss_advantage_enum,2,caught,caught,bad_loss_advantage_enum
tinker_gift_qwen3.5-4b_gsm8k,bad_loss_advantage_enum,3,caught,caught,bad_loss_advantage_enum
tinker_gift_qwen3.5-4b_gsm8k,bad_loss_advantage_enum,4,caught,caught,bad_loss_advantage_enum
tinker_gift_qwen3.5-4b_gsm8k,bad_loss_advantage_enum,5,caught,caught,bad_loss_advantage_enum
tinker_gift_qwen3.5-4b_gsm8k,bad_loss_advantage_enum,6,caught,caught,bad_loss_advantage_enum
tinker_gift_qwen3.5-4b_gsm8k,bad_loss_advantage_enum,7,caught,caught,bad_loss_advantage_enum
tinker_gift_qwen3.5-4b_gsm8k,bad_loss_advantage_enum,8,caught,caught,bad_loss_advantage_enum
tinker_gift_qwen3.5-4b_gsm8k,bad_loss_advantage_enum,9,caught,caught,bad_loss_advantage_enum
tinker_grpo_qwen3-8b_gsm8k,bad_loss_advantage_enum,0,caught,caught,bad_loss_advantage_enum
tinker_grpo_qwen3-8b_gsm8k,bad_loss_advantage_enum,1,caught,caught,bad_loss_advantage_enum
tinker_grpo_qwen3-8b_gsm8k,bad_loss_advantage_enum,2,caught,caught,bad_loss_advantage_enum
tinker_grpo_qwen3-8b_gsm8k,bad_loss_advantage_enum,3,caught,caught,bad_loss_advantage_enum
tinker_grpo_qwen3-8b_gsm8k,bad_loss_advantage_enum,4,caught,caught,bad_loss_advantage_enum
tinker_grpo_qwen3-8b_gsm8k,bad_loss_advantage_enum,5,caught,caught,bad_loss_advantage_enum
tinker_grpo_qwen3-8b_gsm8k,bad_loss_advantage_enum,6,caught,caught,bad_loss_advantage_enum
tinker_grpo_qwen3-8b_gsm8k,bad_loss_advantage_enum,7,caught,caught,bad_loss_advantage_enum
tinker_grpo_qwen3-8b_gsm8k,bad_loss_advantage_enum,8,caught,caught,bad_loss_advantage_enum
tinker_grpo_qwen3-8b_gsm8k,bad_loss_advantage_enum,9,caught,caught,bad_loss_advantage_enum
tinker_grpo_qwen3.5-4b_gsm8k,bad_loss_advantage_enum,0,caught,caught,bad_loss_advantage_enum
tinker_grpo_qwen3.5-4b_gsm8k,bad_loss_advantage_enum,1,caught,caught,bad_loss_advantage_enum
tinker_grpo_qwen3.5-4b_gsm8k,bad_loss_advantage_enum,2,caught,caught,bad_loss_advantage_enum
tinker_grpo_qwen3.5-4b_gsm8k,bad_loss_advantage_enum,3,caught,caught,bad_loss_advantage_enum
tinker_grpo_qwen3.5-4b_gsm8k,bad_loss_advantage_enum,4,caught,caught,bad_loss_advantage_enum
tinker_grpo_qwen3.5-4b_gsm8k,bad_loss_advantage_enum,5,caught,caught,bad_loss_advantage_enum
tinker_grpo_qwen3.5-4b_gsm8k,bad_loss_advantage_enum,6,caught,caught,bad_loss_advantage_enum
tinker_grpo_qwen3.5-4b_gsm8k,bad_loss_advantage_enum,7,caught,caught,bad_loss_advantage_enum
tinker_grpo_qwen3.5-4b_gsm8k,bad_loss_advantage_enum,8,caught,caught,bad_loss_advantage_enum
tinker_grpo_qwen3.5-4b_gsm8k,bad_loss_advantage_enum,9,caught,caught,bad_loss_advantage_enum
tinker_gspo_qwen3.5-4b_gsm8k,bad_loss_advantage_enum,0,caught,caught,bad_loss_advantage_enum
tinker_gspo_qwen3.5-4b_gsm8k,bad_loss_advantage_enum,1,caught,caught,bad_loss_advantage_enum
tinker_gspo_qwen3.5-4b_gsm8k,bad_loss_advantage_enum,2,caught,caught,bad_loss_advantage_enum
tinker_gspo_qwen3.5-4b_gsm8k,bad_loss_advantage_enum,3,caught,caught,bad_loss_advantage_enum
tinker_gspo_qwen3.5-4b_gsm8k,bad_loss_advantage_enum,4,caught,caught,bad_loss_advantage_enum
tinker_gspo_qwen3.5-4b_gsm8k,bad_loss_advantage_enum,5,caught,caught,bad_loss_advantage_enum
tinker_gspo_qwen3.5-4b_gsm8k,bad_loss_advantage_enum,6,caught,caught,bad_loss_advantage_enum
tinker_gspo_qwen3.5-4b_gsm8k,bad_loss_advantage_enum,7,caught,caught,bad_loss_advantage_enum
tinker_gspo_qwen3.5-4b_gsm8k,bad_loss_advantage_enum,8,caught,caught,bad_loss_advantage_enum
tinker_gspo_qwen3.5-4b_gsm8k,bad_loss_advantage_enum,9,caught,caught,bad_loss_advantage_enum
trl_grpo_qwen3-8b_gsm8k,bad_loss_advantage_enum,0,caught,caught,bad_loss_advantage_enum
trl_grpo_qwen3-8b_gsm8k,bad_loss_advantage_enum,1,caught,caught,bad_loss_advantage_enum
trl_grpo_qwen3-8b_gsm8k,bad_loss_advantage_enum,2,caught,caught,bad_loss_advantage_enum
trl_grpo_qwen3-8b_gsm8k,bad_loss_advantage_enum,3,caught,caught,bad_loss_advantage_enum
trl_grpo_qwen3-8b_gsm8k,bad_loss_advantage_enum,4,caught,caught,bad_loss_advantage_enum
trl_grpo_qwen3-8b_gsm8k,bad_loss_advantage_enum,5,caught,caught,bad_loss_advantage_enum
trl_grpo_qwen3-8b_gsm8k,bad_loss_advantage_enum,6,caught,caught,bad_loss_advantage_enum
trl_grpo_qwen3-8b_gsm8k,bad_loss_advantage_enum,7,caught,caught,bad_loss_advantage_enum
trl_grpo_qwen3-8b_gsm8k,bad_loss_advantage_enum,8,caught,caught,bad_loss_advantage_enum
trl_grpo_qwen3-8b_gsm8k,bad_loss_advantage_enum,9,caught,caught,bad_loss_advantage_enum
verl_grpo_qwen3-8b_gsm8k,bad_loss_advantage_enum,0,caught,caught,bad_loss_advantage_enum
verl_grpo_qwen3-8b_gsm8k,bad_loss_advantage_enum,1,caught,caught,bad_loss_advantage_enum
verl_grpo_qwen3-8b_gsm8k,bad_loss_advantage_enum,2,caught,caught,bad_loss_advantage_enum
verl_grpo_qwen3-8b_gsm8k,bad_loss_advantage_enum,3,caught,caught,bad_loss_advantage_enum
verl_grpo_qwen3-8b_gsm8k,bad_loss_advantage_enum,4,caught,caught,bad_loss_advantage_enum
verl_grpo_qwen3-8b_gsm8k,bad_loss_advantage_enum,5,caught,caught,bad_loss_advantage_enum
verl_grpo_qwen3-8b_gsm8k,bad_loss_advantage_enum,6,caught,caught,bad_loss_advantage_enum
verl_grpo_qwen3-8b_gsm8k,bad_loss_advantage_enum,7,caught,caught,bad_loss_advantage_enum
verl_grpo_qwen3-8b_gsm8k,bad_loss_advantage_enum,8,caught,caught,bad_loss_advantage_enum
verl_grpo_qwen3-8b_gsm8k,bad_loss_advantage_enum,9,caught,caught,bad_loss_advantage_enum
zvf130_cppo,bad_loss_advantage_enum,0,caught,caught,bad_loss_advantage_enum
zvf130_cppo,bad_loss_advantage_enum,1,caught,caught,bad_loss_advantage_enum
zvf130_cppo,bad_loss_advantage_enum,2,caught,caught,bad_loss_advantage_enum
zvf130_cppo,bad_loss_advantage_enum,3,caught,caught,bad_loss_advantage_enum
zvf130_cppo,bad_loss_advantage_enum,4,caught,caught,bad_loss_advantage_enum
zvf130_cppo,bad_loss_advantage_enum,5,caught,caught,bad_loss_advantage_enum
zvf130_cppo,bad_loss_advantage_enum,6,caught,caught,bad_loss_advantage_enum
zvf130_cppo,bad_loss_advantage_enum,7,caught,caught,bad_loss_advantage_enum
zvf130_cppo,bad_loss_advantage_enum,8,caught,caught,bad_loss_advantage_enum
zvf130_cppo,bad_loss_advantage_enum,9,caught,caught,bad_loss_advantage_enum
zvf130_es,bad_loss_advantage_enum,0,caught,caught,bad_loss_advantage_enum
zvf130_es,bad_loss_advantage_enum,1,caught,caught,bad_loss_advantage_enum
zvf130_es,bad_loss_advantage_enum,2,caught,caught,bad_loss_advantage_enum
zvf130_es,bad_loss_advantage_enum,3,caught,caught,bad_loss_advantage_enum
zvf130_es,bad_loss_advantage_enum,4,caught,caught,bad_loss_advantage_enum
zvf130_es,bad_loss_advantage_enum,5,caught,caught,bad_loss_advantage_enum
zvf130_es,bad_loss_advantage_enum,6,caught,caught,bad_loss_advantage_enum
zvf130_es,bad_loss_advantage_enum,7,caught,caught,bad_loss_advantage_enum
zvf130_es,bad_loss_advantage_enum,8,caught,caught,bad_loss_advantage_enum
zvf130_es,bad_loss_advantage_enum,9,caught,caught,bad_loss_advantage_enum
zvf130_mcgrpo,bad_loss_advantage_enum,0,caught,caught,bad_loss_advantage_enum
zvf130_mcgrpo,bad_loss_advantage_enum,1,caught,caught,bad_loss_advantage_enum
zvf130_mcgrpo,bad_loss_advantage_enum,2,caught,caught,bad_loss_advantage_enum
zvf130_mcgrpo,bad_loss_advantage_enum,3,caught,caught,bad_loss_advantage_enum
zvf130_mcgrpo,bad_loss_advantage_enum,4,caught,caught,bad_loss_advantage_enum
zvf130_mcgrpo,bad_loss_advantage_enum,5,caught,caught,bad_loss_advantage_enum
zvf130_mcgrpo,bad_loss_advantage_enum,6,caught,caught,bad_loss_advantage_enum
zvf130_mcgrpo,bad_loss_advantage_enum,7,caught,caught,bad_loss_advantage_enum
zvf130_mcgrpo,bad_loss_advantage_enum,8,caught,caught,bad_loss_advantage_enum
zvf130_mcgrpo,bad_loss_advantage_enum,9,caught,caught,bad_loss_advantage_enum
zvf130_ngrpo,bad_loss_advantage_enum,0,caught,caught,bad_loss_advantage_enum
zvf130_ngrpo,bad_loss_advantage_enum,1,caught,caught,bad_loss_advantage_enum
zvf130_ngrpo,bad_loss_advantage_enum,2,caught,caught,bad_loss_advantage_enum
zvf130_ngrpo,bad_loss_advantage_enum,3,caught,caught,bad_loss_advantage_enum
zvf130_ngrpo,bad_loss_advantage_enum,4,caught,caught,bad_loss_advantage_enum
zvf130_ngrpo,bad_loss_advantage_enum,5,caught,caught,bad_loss_advantage_enum
zvf130_ngrpo,bad_loss_advantage_enum,6,caught,caught,bad_loss_advantage_enum
zvf130_ngrpo,bad_loss_advantage_enum,7,caught,caught,bad_loss_advantage_enum
zvf130_ngrpo,bad_loss_advantage_enum,8,caught,caught,bad_loss_advantage_enum
zvf130_ngrpo,bad_loss_advantage_enum,9,caught,caught,bad_loss_advantage_enum
zvf130_scafgrpo,bad_loss_advantage_enum,0,caught,caught,bad_loss_advantage_enum
zvf130_scafgrpo,bad_loss_advantage_enum,1,caught,caught,bad_loss_advantage_enum
zvf130_scafgrpo,bad_loss_advantage_enum,2,caught,caught,bad_loss_advantage_enum
zvf130_scafgrpo,bad_loss_advantage_enum,3,caught,caught,bad_loss_advantage_enum
zvf130_scafgrpo,bad_loss_advantage_enum,4,caught,caught,bad_loss_advantage_enum
zvf130_scafgrpo,bad_loss_advantage_enum,5,caught,caught,bad_loss_advantage_enum
zvf130_scafgrpo,bad_loss_advantage_enum,6,caught,caught,bad_loss_advantage_enum
zvf130_scafgrpo,bad_loss_advantage_enum,7,caught,caught,bad_loss_advantage_enum
zvf130_scafgrpo,bad_loss_advantage_enum,8,caught,caught,bad_loss_advantage_enum
zvf130_scafgrpo,bad_loss_advantage_enum,9,caught,caught,bad_loss_advantage_enum
colab-open_dapo_e3,additional_top_level,0,caught,caught,additional_top_level_property
colab-open_dapo_e3,additional_top_level,1,caught,caught,additional_top_level_property
colab-open_dapo_e3,additional_top_level,2,caught,caught,additional_top_level_property
colab-open_dapo_e3,additional_top_level,3,caught,caught,additional_top_level_property
colab-open_dapo_e3,additional_top_level,4,caught,caught,additional_top_level_property
colab-open_dapo_e3,additional_top_level,5,caught,caught,additional_top_level_property
colab-open_dapo_e3,additional_top_level,6,caught,caught,additional_top_level_property
colab-open_dapo_e3,additional_top_level,7,caught,caught,additional_top_level_property
colab-open_dapo_e3,additional_top_level,8,caught,caught,additional_top_level_property
colab-open_dapo_e3,additional_top_level,9,caught,caught,additional_top_level_property
colab-open_drgrpo_e3,additional_top_level,0,caught,caught,additional_top_level_property
colab-open_drgrpo_e3,additional_top_level,1,caught,caught,additional_top_level_property
colab-open_drgrpo_e3,additional_top_level,2,caught,caught,additional_top_level_property
colab-open_drgrpo_e3,additional_top_level,3,caught,caught,additional_top_level_property
colab-open_drgrpo_e3,additional_top_level,4,caught,caught,additional_top_level_property
colab-open_drgrpo_e3,additional_top_level,5,caught,caught,additional_top_level_property
colab-open_drgrpo_e3,additional_top_level,6,caught,caught,additional_top_level_property
colab-open_drgrpo_e3,additional_top_level,7,caught,caught,additional_top_level_property
colab-open_drgrpo_e3,additional_top_level,8,caught,caught,additional_top_level_property
colab-open_drgrpo_e3,additional_top_level,9,caught,caught,additional_top_level_property
colab-open_grpo-adaptiveg_e3,additional_top_level,0,caught,caught,additional_top_level_property
colab-open_grpo-adaptiveg_e3,additional_top_level,1,caught,caught,additional_top_level_property
colab-open_grpo-adaptiveg_e3,additional_top_level,2,caught,caught,additional_top_level_property
colab-open_grpo-adaptiveg_e3,additional_top_level,3,caught,caught,additional_top_level_property
colab-open_grpo-adaptiveg_e3,additional_top_level,4,caught,caught,additional_top_level_property
colab-open_grpo-adaptiveg_e3,additional_top_level,5,caught,caught,additional_top_level_property
colab-open_grpo-adaptiveg_e3,additional_top_level,6,caught,caught,additional_top_level_property
colab-open_grpo-adaptiveg_e3,additional_top_level,7,caught,caught,additional_top_level_property
colab-open_grpo-adaptiveg_e3,additional_top_level,8,caught,caught,additional_top_level_property
colab-open_grpo-adaptiveg_e3,additional_top_level,9,caught,caught,additional_top_level_property
colab-open_grpo_e3,additional_top_level,0,caught,caught,additional_top_level_property
colab-open_grpo_e3,additional_top_level,1,caught,caught,additional_top_level_property
colab-open_grpo_e3,additional_top_level,2,caught,caught,additional_top_level_property
colab-open_grpo_e3,additional_top_level,3,caught,caught,additional_top_level_property
colab-open_grpo_e3,additional_top_level,4,caught,caught,additional_top_level_property
colab-open_grpo_e3,additional_top_level,5,caught,caught,additional_top_level_property
colab-open_grpo_e3,additional_top_level,6,caught,caught,additional_top_level_property
colab-open_grpo_e3,additional_top_level,7,caught,caught,additional_top_level_property
colab-open_grpo_e3,additional_top_level,8,caught,caught,additional_top_level_property
colab-open_grpo_e3,additional_top_level,9,caught,caught,additional_top_level_property
delta_aero,additional_top_level,0,caught,caught,additional_top_level_property
delta_aero,additional_top_level,1,caught,caught,additional_top_level_property
delta_aero,additional_top_level,2,caught,caught,additional_top_level_property
delta_aero,additional_top_level,3,caught,caught,additional_top_level_property
delta_aero,additional_top_level,4,caught,caught,additional_top_level_property
delta_aero,additional_top_level,5,caught,caught,additional_top_level_property
delta_aero,additional_top_level,6,caught,caught,additional_top_level_property
delta_aero,additional_top_level,7,caught,caught,additional_top_level_property
delta_aero,additional_top_level,8,caught,caught,additional_top_level_property
delta_aero,additional_top_level,9,caught,caught,additional_top_level_property
delta_areal,additional_top_level,0,caught,caught,additional_top_level_property
delta_areal,additional_top_level,1,caught,caught,additional_top_level_property
delta_areal,additional_top_level,2,caught,caught,additional_top_level_property
delta_areal,additional_top_level,3,caught,caught,additional_top_level_property
delta_areal,additional_top_level,4,caught,caught,additional_top_level_property
delta_areal,additional_top_level,5,caught,caught,additional_top_level_property
delta_areal,additional_top_level,6,caught,caught,additional_top_level_property
delta_areal,additional_top_level,7,caught,caught,additional_top_level_property
delta_areal,additional_top_level,8,caught,caught,additional_top_level_property
delta_areal,additional_top_level,9,caught,caught,additional_top_level_property
delta_cppo,additional_top_level,0,caught,caught,additional_top_level_property
delta_cppo,additional_top_level,1,caught,caught,additional_top_level_property
delta_cppo,additional_top_level,2,caught,caught,additional_top_level_property
delta_cppo,additional_top_level,3,caught,caught,additional_top_level_property
delta_cppo,additional_top_level,4,caught,caught,additional_top_level_property
delta_cppo,additional_top_level,5,caught,caught,additional_top_level_property
delta_cppo,additional_top_level,6,caught,caught,additional_top_level_property
delta_cppo,additional_top_level,7,caught,caught,additional_top_level_property
delta_cppo,additional_top_level,8,caught,caught,additional_top_level_property
delta_cppo,additional_top_level,9,caught,caught,additional_top_level_property
delta_dapo,additional_top_level,0,caught,caught,additional_top_level_property
delta_dapo,additional_top_level,1,caught,caught,additional_top_level_property
delta_dapo,additional_top_level,2,caught,caught,additional_top_level_property
delta_dapo,additional_top_level,3,caught,caught,additional_top_level_property
delta_dapo,additional_top_level,4,caught,caught,additional_top_level_property
delta_dapo,additional_top_level,5,caught,caught,additional_top_level_property
delta_dapo,additional_top_level,6,caught,caught,additional_top_level_property
delta_dapo,additional_top_level,7,caught,caught,additional_top_level_property
delta_dapo,additional_top_level,8,caught,caught,additional_top_level_property
delta_dapo,additional_top_level,9,caught,caught,additional_top_level_property
delta_drgrpo,additional_top_level,0,caught,caught,additional_top_level_property
delta_drgrpo,additional_top_level,1,caught,caught,additional_top_level_property
delta_drgrpo,additional_top_level,2,caught,caught,additional_top_level_property
delta_drgrpo,additional_top_level,3,caught,caught,additional_top_level_property
delta_drgrpo,additional_top_level,4,caught,caught,additional_top_level_property
delta_drgrpo,additional_top_level,5,caught,caught,additional_top_level_property
delta_drgrpo,additional_top_level,6,caught,caught,additional_top_level_property
delta_drgrpo,additional_top_level,7,caught,caught,additional_top_level_property
delta_drgrpo,additional_top_level,8,caught,caught,additional_top_level_property
delta_drgrpo,additional_top_level,9,caught,caught,additional_top_level_property
delta_es,additional_top_level,0,caught,caught,additional_top_level_property
delta_es,additional_top_level,1,caught,caught,additional_top_level_property
delta_es,additional_top_level,2,caught,caught,additional_top_level_property
delta_es,additional_top_level,3,caught,caught,additional_top_level_property
delta_es,additional_top_level,4,caught,caught,additional_top_level_property
delta_es,additional_top_level,5,caught,caught,additional_top_level_property
delta_es,additional_top_level,6,caught,caught,additional_top_level_property
delta_es,additional_top_level,7,caught,caught,additional_top_level_property
delta_es,additional_top_level,8,caught,caught,additional_top_level_property
delta_es,additional_top_level,9,caught,caught,additional_top_level_property
delta_gift,additional_top_level,0,caught,caught,additional_top_level_property
delta_gift,additional_top_level,1,caught,caught,additional_top_level_property
delta_gift,additional_top_level,2,caught,caught,additional_top_level_property
delta_gift,additional_top_level,3,caught,caught,additional_top_level_property
delta_gift,additional_top_level,4,caught,caught,additional_top_level_property
delta_gift,additional_top_level,5,caught,caught,additional_top_level_property
delta_gift,additional_top_level,6,caught,caught,additional_top_level_property
delta_gift,additional_top_level,7,caught,caught,additional_top_level_property
delta_gift,additional_top_level,8,caught,caught,additional_top_level_property
delta_gift,additional_top_level,9,caught,caught,additional_top_level_property
delta_gspo,additional_top_level,0,caught,caught,additional_top_level_property
delta_gspo,additional_top_level,1,caught,caught,additional_top_level_property
delta_gspo,additional_top_level,2,caught,caught,additional_top_level_property
delta_gspo,additional_top_level,3,caught,caught,additional_top_level_property
delta_gspo,additional_top_level,4,caught,caught,additional_top_level_property
delta_gspo,additional_top_level,5,caught,caught,additional_top_level_property
delta_gspo,additional_top_level,6,caught,caught,additional_top_level_property
delta_gspo,additional_top_level,7,caught,caught,additional_top_level_property
delta_gspo,additional_top_level,8,caught,caught,additional_top_level_property
delta_gspo,additional_top_level,9,caught,caught,additional_top_level_property
delta_mcgrpo,additional_top_level,0,caught,caught,additional_top_level_property
delta_mcgrpo,additional_top_level,1,caught,caught,additional_top_level_property
delta_mcgrpo,additional_top_level,2,caught,caught,additional_top_level_property
delta_mcgrpo,additional_top_level,3,caught,caught,additional_top_level_property
delta_mcgrpo,additional_top_level,4,caught,caught,additional_top_level_property
delta_mcgrpo,additional_top_level,5,caught,caught,additional_top_level_property
delta_mcgrpo,additional_top_level,6,caught,caught,additional_top_level_property
delta_mcgrpo,additional_top_level,7,caught,caught,additional_top_level_property
delta_mcgrpo,additional_top_level,8,caught,caught,additional_top_level_property
delta_mcgrpo,additional_top_level,9,caught,caught,additional_top_level_property
delta_ngrpo,additional_top_level,0,caught,caught,additional_top_level_property
delta_ngrpo,additional_top_level,1,caught,caught,additional_top_level_property
delta_ngrpo,additional_top_level,2,caught,caught,additional_top_level_property
delta_ngrpo,additional_top_level,3,caught,caught,additional_top_level_property
delta_ngrpo,additional_top_level,4,caught,caught,additional_top_level_property
delta_ngrpo,additional_top_level,5,caught,caught,additional_top_level_property
delta_ngrpo,additional_top_level,6,caught,caught,additional_top_level_property
delta_ngrpo,additional_top_level,7,caught,caught,additional_top_level_property
delta_ngrpo,additional_top_level,8,caught,caught,additional_top_level_property
delta_ngrpo,additional_top_level,9,caught,caught,additional_top_level_property
delta_scafgrpo,additional_top_level,0,caught,caught,additional_top_level_property
delta_scafgrpo,additional_top_level,1,caught,caught,additional_top_level_property
delta_scafgrpo,additional_top_level,2,caught,caught,additional_top_level_property
delta_scafgrpo,additional_top_level,3,caught,caught,additional_top_level_property
delta_scafgrpo,additional_top_level,4,caught,caught,additional_top_level_property
delta_scafgrpo,additional_top_level,5,caught,caught,additional_top_level_property
delta_scafgrpo,additional_top_level,6,caught,caught,additional_top_level_property
delta_scafgrpo,additional_top_level,7,caught,caught,additional_top_level_property
delta_scafgrpo,additional_top_level,8,caught,caught,additional_top_level_property
delta_scafgrpo,additional_top_level,9,caught,caught,additional_top_level_property
openrlhf_grpo_qwen3-8b_gsm8k,additional_top_level,0,caught,caught,additional_top_level_property
openrlhf_grpo_qwen3-8b_gsm8k,additional_top_level,1,caught,caught,additional_top_level_property
openrlhf_grpo_qwen3-8b_gsm8k,additional_top_level,2,caught,caught,additional_top_level_property
openrlhf_grpo_qwen3-8b_gsm8k,additional_top_level,3,caught,caught,additional_top_level_property
openrlhf_grpo_qwen3-8b_gsm8k,additional_top_level,4,caught,caught,additional_top_level_property
openrlhf_grpo_qwen3-8b_gsm8k,additional_top_level,5,caught,caught,additional_top_level_property
openrlhf_grpo_qwen3-8b_gsm8k,additional_top_level,6,caught,caught,additional_top_level_property
openrlhf_grpo_qwen3-8b_gsm8k,additional_top_level,7,caught,caught,additional_top_level_property
openrlhf_grpo_qwen3-8b_gsm8k,additional_top_level,8,caught,caught,additional_top_level_property
openrlhf_grpo_qwen3-8b_gsm8k,additional_top_level,9,caught,caught,additional_top_level_property
tinker_aero_qwen3.5-4b_gsm8k,additional_top_level,0,caught,caught,additional_top_level_property
tinker_aero_qwen3.5-4b_gsm8k,additional_top_level,1,caught,caught,additional_top_level_property
tinker_aero_qwen3.5-4b_gsm8k,additional_top_level,2,caught,caught,additional_top_level_property
tinker_aero_qwen3.5-4b_gsm8k,additional_top_level,3,caught,caught,additional_top_level_property
tinker_aero_qwen3.5-4b_gsm8k,additional_top_level,4,caught,caught,additional_top_level_property
tinker_aero_qwen3.5-4b_gsm8k,additional_top_level,5,caught,caught,additional_top_level_property
tinker_aero_qwen3.5-4b_gsm8k,additional_top_level,6,caught,caught,additional_top_level_property
tinker_aero_qwen3.5-4b_gsm8k,additional_top_level,7,caught,caught,additional_top_level_property
tinker_aero_qwen3.5-4b_gsm8k,additional_top_level,8,caught,caught,additional_top_level_property
tinker_aero_qwen3.5-4b_gsm8k,additional_top_level,9,caught,caught,additional_top_level_property
tinker_areal_qwen3.5-4b_gsm8k,additional_top_level,0,caught,caught,additional_top_level_property
tinker_areal_qwen3.5-4b_gsm8k,additional_top_level,1,caught,caught,additional_top_level_property
tinker_areal_qwen3.5-4b_gsm8k,additional_top_level,2,caught,caught,additional_top_level_property
tinker_areal_qwen3.5-4b_gsm8k,additional_top_level,3,caught,caught,additional_top_level_property
tinker_areal_qwen3.5-4b_gsm8k,additional_top_level,4,caught,caught,additional_top_level_property
tinker_areal_qwen3.5-4b_gsm8k,additional_top_level,5,caught,caught,additional_top_level_property
tinker_areal_qwen3.5-4b_gsm8k,additional_top_level,6,caught,caught,additional_top_level_property
tinker_areal_qwen3.5-4b_gsm8k,additional_top_level,7,caught,caught,additional_top_level_property
tinker_areal_qwen3.5-4b_gsm8k,additional_top_level,8,caught,caught,additional_top_level_property
tinker_areal_qwen3.5-4b_gsm8k,additional_top_level,9,caught,caught,additional_top_level_property
tinker_dapo_qwen3.5-4b_gsm8k,additional_top_level,0,caught,caught,additional_top_level_property
tinker_dapo_qwen3.5-4b_gsm8k,additional_top_level,1,caught,caught,additional_top_level_property
tinker_dapo_qwen3.5-4b_gsm8k,additional_top_level,2,caught,caught,additional_top_level_property
tinker_dapo_qwen3.5-4b_gsm8k,additional_top_level,3,caught,caught,additional_top_level_property
tinker_dapo_qwen3.5-4b_gsm8k,additional_top_level,4,caught,caught,additional_top_level_property
tinker_dapo_qwen3.5-4b_gsm8k,additional_top_level,5,caught,caught,additional_top_level_property
tinker_dapo_qwen3.5-4b_gsm8k,additional_top_level,6,caught,caught,additional_top_level_property
tinker_dapo_qwen3.5-4b_gsm8k,additional_top_level,7,caught,caught,additional_top_level_property
tinker_dapo_qwen3.5-4b_gsm8k,additional_top_level,8,caught,caught,additional_top_level_property
tinker_dapo_qwen3.5-4b_gsm8k,additional_top_level,9,caught,caught,additional_top_level_property
tinker_drgrpo_qwen3.5-4b_gsm8k,additional_top_level,0,caught,caught,additional_top_level_property
tinker_drgrpo_qwen3.5-4b_gsm8k,additional_top_level,1,caught,caught,additional_top_level_property
tinker_drgrpo_qwen3.5-4b_gsm8k,additional_top_level,2,caught,caught,additional_top_level_property
tinker_drgrpo_qwen3.5-4b_gsm8k,additional_top_level,3,caught,caught,additional_top_level_property
tinker_drgrpo_qwen3.5-4b_gsm8k,additional_top_level,4,caught,caught,additional_top_level_property
tinker_drgrpo_qwen3.5-4b_gsm8k,additional_top_level,5,caught,caught,additional_top_level_property
tinker_drgrpo_qwen3.5-4b_gsm8k,additional_top_level,6,caught,caught,additional_top_level_property
tinker_drgrpo_qwen3.5-4b_gsm8k,additional_top_level,7,caught,caught,additional_top_level_property
tinker_drgrpo_qwen3.5-4b_gsm8k,additional_top_level,8,caught,caught,additional_top_level_property
tinker_drgrpo_qwen3.5-4b_gsm8k,additional_top_level,9,caught,caught,additional_top_level_property
tinker_gift_qwen3.5-4b_gsm8k,additional_top_level,0,caught,caught,additional_top_level_property
tinker_gift_qwen3.5-4b_gsm8k,additional_top_level,1,caught,caught,additional_top_level_property
tinker_gift_qwen3.5-4b_gsm8k,additional_top_level,2,caught,caught,additional_top_level_property
tinker_gift_qwen3.5-4b_gsm8k,additional_top_level,3,caught,caught,additional_top_level_property
tinker_gift_qwen3.5-4b_gsm8k,additional_top_level,4,caught,caught,additional_top_level_property
tinker_gift_qwen3.5-4b_gsm8k,additional_top_level,5,caught,caught,additional_top_level_property
tinker_gift_qwen3.5-4b_gsm8k,additional_top_level,6,caught,caught,additional_top_level_property
tinker_gift_qwen3.5-4b_gsm8k,additional_top_level,7,caught,caught,additional_top_level_property
tinker_gift_qwen3.5-4b_gsm8k,additional_top_level,8,caught,caught,additional_top_level_property
tinker_gift_qwen3.5-4b_gsm8k,additional_top_level,9,caught,caught,additional_top_level_property
tinker_grpo_qwen3-8b_gsm8k,additional_top_level,0,caught,caught,additional_top_level_property
tinker_grpo_qwen3-8b_gsm8k,additional_top_level,1,caught,caught,additional_top_level_property
tinker_grpo_qwen3-8b_gsm8k,additional_top_level,2,caught,caught,additional_top_level_property
tinker_grpo_qwen3-8b_gsm8k,additional_top_level,3,caught,caught,additional_top_level_property
tinker_grpo_qwen3-8b_gsm8k,additional_top_level,4,caught,caught,additional_top_level_property
tinker_grpo_qwen3-8b_gsm8k,additional_top_level,5,caught,caught,additional_top_level_property
tinker_grpo_qwen3-8b_gsm8k,additional_top_level,6,caught,caught,additional_top_level_property
tinker_grpo_qwen3-8b_gsm8k,additional_top_level,7,caught,caught,additional_top_level_property
tinker_grpo_qwen3-8b_gsm8k,additional_top_level,8,caught,caught,additional_top_level_property
tinker_grpo_qwen3-8b_gsm8k,additional_top_level,9,caught,caught,additional_top_level_property
tinker_grpo_qwen3.5-4b_gsm8k,additional_top_level,0,caught,caught,additional_top_level_property
tinker_grpo_qwen3.5-4b_gsm8k,additional_top_level,1,caught,caught,additional_top_level_property
tinker_grpo_qwen3.5-4b_gsm8k,additional_top_level,2,caught,caught,additional_top_level_property
tinker_grpo_qwen3.5-4b_gsm8k,additional_top_level,3,caught,caught,additional_top_level_property
tinker_grpo_qwen3.5-4b_gsm8k,additional_top_level,4,caught,caught,additional_top_level_property
tinker_grpo_qwen3.5-4b_gsm8k,additional_top_level,5,caught,caught,additional_top_level_property
tinker_grpo_qwen3.5-4b_gsm8k,additional_top_level,6,caught,caught,additional_top_level_property
tinker_grpo_qwen3.5-4b_gsm8k,additional_top_level,7,caught,caught,additional_top_level_property
tinker_grpo_qwen3.5-4b_gsm8k,additional_top_level,8,caught,caught,additional_top_level_property
tinker_grpo_qwen3.5-4b_gsm8k,additional_top_level,9,caught,caught,additional_top_level_property
tinker_gspo_qwen3.5-4b_gsm8k,additional_top_level,0,caught,caught,additional_top_level_property
tinker_gspo_qwen3.5-4b_gsm8k,additional_top_level,1,caught,caught,additional_top_level_property
tinker_gspo_qwen3.5-4b_gsm8k,additional_top_level,2,caught,caught,additional_top_level_property
tinker_gspo_qwen3.5-4b_gsm8k,additional_top_level,3,caught,caught,additional_top_level_property
tinker_gspo_qwen3.5-4b_gsm8k,additional_top_level,4,caught,caught,additional_top_level_property
tinker_gspo_qwen3.5-4b_gsm8k,additional_top_level,5,caught,caught,additional_top_level_property
tinker_gspo_qwen3.5-4b_gsm8k,additional_top_level,6,caught,caught,additional_top_level_property
tinker_gspo_qwen3.5-4b_gsm8k,additional_top_level,7,caught,caught,additional_top_level_property
tinker_gspo_qwen3.5-4b_gsm8k,additional_top_level,8,caught,caught,additional_top_level_property
tinker_gspo_qwen3.5-4b_gsm8k,additional_top_level,9,caught,caught,additional_top_level_property
trl_grpo_qwen3-8b_gsm8k,additional_top_level,0,caught,caught,additional_top_level_property
trl_grpo_qwen3-8b_gsm8k,additional_top_level,1,caught,caught,additional_top_level_property
trl_grpo_qwen3-8b_gsm8k,additional_top_level,2,caught,caught,additional_top_level_property
trl_grpo_qwen3-8b_gsm8k,additional_top_level,3,caught,caught,additional_top_level_property
trl_grpo_qwen3-8b_gsm8k,additional_top_level,4,caught,caught,additional_top_level_property
trl_grpo_qwen3-8b_gsm8k,additional_top_level,5,caught,caught,additional_top_level_property
trl_grpo_qwen3-8b_gsm8k,additional_top_level,6,caught,caught,additional_top_level_property
trl_grpo_qwen3-8b_gsm8k,additional_top_level,7,caught,caught,additional_top_level_property
trl_grpo_qwen3-8b_gsm8k,additional_top_level,8,caught,caught,additional_top_level_property
trl_grpo_qwen3-8b_gsm8k,additional_top_level,9,caught,caught,additional_top_level_property
verl_grpo_qwen3-8b_gsm8k,additional_top_level,0,caught,caught,additional_top_level_property
verl_grpo_qwen3-8b_gsm8k,additional_top_level,1,caught,caught,additional_top_level_property
verl_grpo_qwen3-8b_gsm8k,additional_top_level,2,caught,caught,additional_top_level_property
verl_grpo_qwen3-8b_gsm8k,additional_top_level,3,caught,caught,additional_top_level_property
verl_grpo_qwen3-8b_gsm8k,additional_top_level,4,caught,caught,additional_top_level_property
verl_grpo_qwen3-8b_gsm8k,additional_top_level,5,caught,caught,additional_top_level_property
verl_grpo_qwen3-8b_gsm8k,additional_top_level,6,caught,caught,additional_top_level_property
verl_grpo_qwen3-8b_gsm8k,additional_top_level,7,caught,caught,additional_top_level_property
verl_grpo_qwen3-8b_gsm8k,additional_top_level,8,caught,caught,additional_top_level_property
verl_grpo_qwen3-8b_gsm8k,additional_top_level,9,caught,caught,additional_top_level_property
zvf130_cppo,additional_top_level,0,caught,caught,additional_top_level_property
zvf130_cppo,additional_top_level,1,caught,caught,additional_top_level_property
zvf130_cppo,additional_top_level,2,caught,caught,additional_top_level_property
zvf130_cppo,additional_top_level,3,caught,caught,additional_top_level_property
zvf130_cppo,additional_top_level,4,caught,caught,additional_top_level_property
zvf130_cppo,additional_top_level,5,caught,caught,additional_top_level_property
zvf130_cppo,additional_top_level,6,caught,caught,additional_top_level_property
zvf130_cppo,additional_top_level,7,caught,caught,additional_top_level_property
zvf130_cppo,additional_top_level,8,caught,caught,additional_top_level_property
zvf130_cppo,additional_top_level,9,caught,caught,additional_top_level_property
zvf130_es,additional_top_level,0,caught,caught,additional_top_level_property
zvf130_es,additional_top_level,1,caught,caught,additional_top_level_property
zvf130_es,additional_top_level,2,caught,caught,additional_top_level_property
zvf130_es,additional_top_level,3,caught,caught,additional_top_level_property
zvf130_es,additional_top_level,4,caught,caught,additional_top_level_property
zvf130_es,additional_top_level,5,caught,caught,additional_top_level_property
zvf130_es,additional_top_level,6,caught,caught,additional_top_level_property
zvf130_es,additional_top_level,7,caught,caught,additional_top_level_property
zvf130_es,additional_top_level,8,caught,caught,additional_top_level_property
zvf130_es,additional_top_level,9,caught,caught,additional_top_level_property
zvf130_mcgrpo,additional_top_level,0,caught,caught,additional_top_level_property
zvf130_mcgrpo,additional_top_level,1,caught,caught,additional_top_level_property
zvf130_mcgrpo,additional_top_level,2,caught,caught,additional_top_level_property
zvf130_mcgrpo,additional_top_level,3,caught,caught,additional_top_level_property
zvf130_mcgrpo,additional_top_level,4,caught,caught,additional_top_level_property
zvf130_mcgrpo,additional_top_level,5,caught,caught,additional_top_level_property
zvf130_mcgrpo,additional_top_level,6,caught,caught,additional_top_level_property
zvf130_mcgrpo,additional_top_level,7,caught,caught,additional_top_level_property
zvf130_mcgrpo,additional_top_level,8,caught,caught,additional_top_level_property
zvf130_mcgrpo,additional_top_level,9,caught,caught,additional_top_level_property
zvf130_ngrpo,additional_top_level,0,caught,caught,additional_top_level_property
zvf130_ngrpo,additional_top_level,1,caught,caught,additional_top_level_property
zvf130_ngrpo,additional_top_level,2,caught,caught,additional_top_level_property
zvf130_ngrpo,additional_top_level,3,caught,caught,additional_top_level_property
zvf130_ngrpo,additional_top_level,4,caught,caught,additional_top_level_property
zvf130_ngrpo,additional_top_level,5,caught,caught,additional_top_level_property
zvf130_ngrpo,additional_top_level,6,caught,caught,additional_top_level_property
zvf130_ngrpo,additional_top_level,7,caught,caught,additional_top_level_property
zvf130_ngrpo,additional_top_level,8,caught,caught,additional_top_level_property
zvf130_ngrpo,additional_top_level,9,caught,caught,additional_top_level_property
zvf130_scafgrpo,additional_top_level,0,caught,caught,additional_top_level_property
zvf130_scafgrpo,additional_top_level,1,caught,caught,additional_top_level_property
zvf130_scafgrpo,additional_top_level,2,caught,caught,additional_top_level_property
zvf130_scafgrpo,additional_top_level,3,caught,caught,additional_top_level_property
zvf130_scafgrpo,additional_top_level,4,caught,caught,additional_top_level_property
zvf130_scafgrpo,additional_top_level,5,caught,caught,additional_top_level_property
zvf130_scafgrpo,additional_top_level,6,caught,caught,additional_top_level_property
zvf130_scafgrpo,additional_top_level,7,caught,caught,additional_top_level_property
zvf130_scafgrpo,additional_top_level,8,caught,caught,additional_top_level_property
zvf130_scafgrpo,additional_top_level,9,caught,caught,additional_top_level_property
colab-open_dapo_e3,drop_min_report_leaf,0,caught,caught,drop_min_report_leaf:loss_form.length_normalization
colab-open_dapo_e3,drop_min_report_leaf,1,caught,caught,drop_min_report_leaf:decontamination.parser_robustness_probe
colab-open_dapo_e3,drop_min_report_leaf,2,caught,caught,drop_min_report_leaf:heldout_split.disjoint_from_reward_env
colab-open_dapo_e3,drop_min_report_leaf,3,caught,caught,drop_min_report_leaf:reference_kl.kl_beta
colab-open_dapo_e3,drop_min_report_leaf,4,caught,caught,drop_min_report_leaf:decontamination.parser_robustness_probe
colab-open_dapo_e3,drop_min_report_leaf,5,caught,caught,drop_min_report_leaf:reference_kl.kl_estimator
colab-open_dapo_e3,drop_min_report_leaf,6,caught,caught,drop_min_report_leaf:telemetry.source
colab-open_dapo_e3,drop_min_report_leaf,7,caught,caught,drop_min_report_leaf:sampler_backend.top_p
colab-open_dapo_e3,drop_min_report_leaf,8,caught,caught,drop_min_report_leaf:reference_kl.reference_policy
colab-open_dapo_e3,drop_min_report_leaf,9,caught,caught,drop_min_report_leaf:decontamination.performed
colab-open_drgrpo_e3,drop_min_report_leaf,0,caught,caught,drop_min_report_leaf:group_size_schedule.initial_g
colab-open_drgrpo_e3,drop_min_report_leaf,1,caught,caught,drop_min_report_leaf:telemetry.per_step_gu
colab-open_drgrpo_e3,drop_min_report_leaf,2,caught,caught,drop_min_report_leaf:decontamination.performed
colab-open_drgrpo_e3,drop_min_report_leaf,3,caught,caught,drop_min_report_leaf:loss_form.clip_eps_high
colab-open_drgrpo_e3,drop_min_report_leaf,4,caught,caught,drop_min_report_leaf:decontamination.performed
colab-open_drgrpo_e3,drop_min_report_leaf,5,caught,caught,drop_min_report_leaf:reference_kl.kl_estimator
colab-open_drgrpo_e3,drop_min_report_leaf,6,caught,caught,drop_min_report_leaf:reference_kl.kl_beta
colab-open_drgrpo_e3,drop_min_report_leaf,7,caught,caught,drop_min_report_leaf:reference_kl.kl_beta
colab-open_drgrpo_e3,drop_min_report_leaf,8,caught,caught,drop_min_report_leaf:loss_form.token_mask
colab-open_drgrpo_e3,drop_min_report_leaf,9,caught,caught,drop_min_report_leaf:loss_form.importance_ratio_level
colab-open_grpo-adaptiveg_e3,drop_min_report_leaf,0,caught,caught,drop_min_report_leaf:telemetry.per_step_gu
colab-open_grpo-adaptiveg_e3,drop_min_report_leaf,1,caught,caught,drop_min_report_leaf:sampler_backend.top_p
colab-open_grpo-adaptiveg_e3,drop_min_report_leaf,2,caught,caught,drop_min_report_leaf:decontamination.performed
colab-open_grpo-adaptiveg_e3,drop_min_report_leaf,3,caught,caught,drop_min_report_leaf:sampler_backend.temperature
colab-open_grpo-adaptiveg_e3,drop_min_report_leaf,4,caught,caught,drop_min_report_leaf:heldout_split.description
colab-open_grpo-adaptiveg_e3,drop_min_report_leaf,5,caught,caught,drop_min_report_leaf:heldout_split.disjoint_from_reward_env
colab-open_grpo-adaptiveg_e3,drop_min_report_leaf,6,caught,caught,drop_min_report_leaf:sampler_backend.precision
colab-open_grpo-adaptiveg_e3,drop_min_report_leaf,7,caught,caught,drop_min_report_leaf:sampler_backend.top_p
colab-open_grpo-adaptiveg_e3,drop_min_report_leaf,8,caught,caught,drop_min_report_leaf:reference_kl.reference_policy
colab-open_grpo-adaptiveg_e3,drop_min_report_leaf,9,caught,caught,drop_min_report_leaf:heldout_split.description
colab-open_grpo_e3,drop_min_report_leaf,0,caught,caught,drop_min_report_leaf:heldout_split.description
colab-open_grpo_e3,drop_min_report_leaf,1,caught,caught,drop_min_report_leaf:telemetry.per_step_gu
colab-open_grpo_e3,drop_min_report_leaf,2,caught,caught,drop_min_report_leaf:heldout_split.disjoint_from_reward_env
colab-open_grpo_e3,drop_min_report_leaf,3,caught,caught,drop_min_report_leaf:telemetry.source
colab-open_grpo_e3,drop_min_report_leaf,4,caught,caught,drop_min_report_leaf:group_size_schedule.initial_g
colab-open_grpo_e3,drop_min_report_leaf,5,caught,caught,drop_min_report_leaf:heldout_split.description
colab-open_grpo_e3,drop_min_report_leaf,6,caught,caught,drop_min_report_leaf:reference_kl.kl_beta
colab-open_grpo_e3,drop_min_report_leaf,7,caught,caught,drop_min_report_leaf:sampler_backend.temperature
colab-open_grpo_e3,drop_min_report_leaf,8,caught,caught,drop_min_report_leaf:decontamination.parser_robustness_probe
colab-open_grpo_e3,drop_min_report_leaf,9,caught,caught,drop_min_report_leaf:heldout_split.description
delta_aero,drop_min_report_leaf,0,caught,skipped_noop,error:KeyError
delta_aero,drop_min_report_leaf,1,caught,skipped_noop,error:KeyError
delta_aero,drop_min_report_leaf,2,caught,skipped_noop,error:KeyError
delta_aero,drop_min_report_leaf,3,caught,skipped_noop,error:KeyError
delta_aero,drop_min_report_leaf,4,caught,skipped_noop,error:KeyError
delta_aero,drop_min_report_leaf,5,caught,skipped_noop,error:KeyError
delta_aero,drop_min_report_leaf,6,caught,skipped_noop,error:KeyError
delta_aero,drop_min_report_leaf,7,caught,skipped_noop,error:KeyError
delta_aero,drop_min_report_leaf,8,caught,skipped_noop,error:KeyError
delta_aero,drop_min_report_leaf,9,caught,skipped_noop,error:KeyError
delta_areal,drop_min_report_leaf,0,caught,skipped_noop,error:KeyError
delta_areal,drop_min_report_leaf,1,caught,skipped_noop,error:KeyError
delta_areal,drop_min_report_leaf,2,caught,skipped_noop,error:KeyError
delta_areal,drop_min_report_leaf,3,caught,skipped_noop,error:KeyError
delta_areal,drop_min_report_leaf,4,caught,skipped_noop,error:KeyError
delta_areal,drop_min_report_leaf,5,caught,skipped_noop,error:KeyError
delta_areal,drop_min_report_leaf,6,caught,skipped_noop,error:KeyError
delta_areal,drop_min_report_leaf,7,caught,skipped_noop,error:KeyError
delta_areal,drop_min_report_leaf,8,caught,skipped_noop,error:KeyError
delta_areal,drop_min_report_leaf,9,caught,skipped_noop,error:KeyError
delta_cppo,drop_min_report_leaf,0,caught,skipped_noop,error:KeyError
delta_cppo,drop_min_report_leaf,1,caught,skipped_noop,error:KeyError
delta_cppo,drop_min_report_leaf,2,caught,skipped_noop,error:KeyError
delta_cppo,drop_min_report_leaf,3,caught,skipped_noop,error:KeyError
delta_cppo,drop_min_report_leaf,4,caught,skipped_noop,error:KeyError
delta_cppo,drop_min_report_leaf,5,caught,skipped_noop,error:KeyError
delta_cppo,drop_min_report_leaf,6,caught,skipped_noop,error:KeyError
delta_cppo,drop_min_report_leaf,7,caught,skipped_noop,error:KeyError
delta_cppo,drop_min_report_leaf,8,caught,skipped_noop,error:KeyError
delta_cppo,drop_min_report_leaf,9,caught,skipped_noop,error:KeyError
delta_dapo,drop_min_report_leaf,0,caught,skipped_noop,error:KeyError
delta_dapo,drop_min_report_leaf,1,caught,skipped_noop,error:KeyError
delta_dapo,drop_min_report_leaf,2,caught,skipped_noop,error:KeyError
delta_dapo,drop_min_report_leaf,3,caught,skipped_noop,error:KeyError
delta_dapo,drop_min_report_leaf,4,caught,skipped_noop,error:KeyError
delta_dapo,drop_min_report_leaf,5,caught,skipped_noop,error:KeyError
delta_dapo,drop_min_report_leaf,6,caught,skipped_noop,error:KeyError
delta_dapo,drop_min_report_leaf,7,caught,skipped_noop,error:KeyError
delta_dapo,drop_min_report_leaf,8,caught,skipped_noop,error:KeyError
delta_dapo,drop_min_report_leaf,9,caught,skipped_noop,error:KeyError
delta_drgrpo,drop_min_report_leaf,0,caught,skipped_noop,error:KeyError
delta_drgrpo,drop_min_report_leaf,1,caught,skipped_noop,error:KeyError
delta_drgrpo,drop_min_report_leaf,2,caught,skipped_noop,error:KeyError
delta_drgrpo,drop_min_report_leaf,3,caught,skipped_noop,error:KeyError
delta_drgrpo,drop_min_report_leaf,4,caught,skipped_noop,error:KeyError
delta_drgrpo,drop_min_report_leaf,5,caught,skipped_noop,error:KeyError
delta_drgrpo,drop_min_report_leaf,6,caught,skipped_noop,error:KeyError
delta_drgrpo,drop_min_report_leaf,7,caught,skipped_noop,error:KeyError
delta_drgrpo,drop_min_report_leaf,8,caught,skipped_noop,error:KeyError
delta_drgrpo,drop_min_report_leaf,9,caught,skipped_noop,error:KeyError
delta_es,drop_min_report_leaf,0,caught,skipped_noop,error:KeyError
delta_es,drop_min_report_leaf,1,caught,skipped_noop,error:KeyError
delta_es,drop_min_report_leaf,2,caught,skipped_noop,error:KeyError
delta_es,drop_min_report_leaf,3,caught,skipped_noop,error:KeyError
delta_es,drop_min_report_leaf,4,caught,skipped_noop,error:KeyError
delta_es,drop_min_report_leaf,5,caught,skipped_noop,error:KeyError
delta_es,drop_min_report_leaf,6,caught,skipped_noop,error:KeyError
delta_es,drop_min_report_leaf,7,caught,skipped_noop,error:KeyError
delta_es,drop_min_report_leaf,8,caught,skipped_noop,error:KeyError
delta_es,drop_min_report_leaf,9,caught,skipped_noop,error:KeyError
delta_gift,drop_min_report_leaf,0,caught,skipped_noop,error:KeyError
delta_gift,drop_min_report_leaf,1,caught,skipped_noop,error:KeyError
delta_gift,drop_min_report_leaf,2,caught,skipped_noop,error:KeyError
delta_gift,drop_min_report_leaf,3,caught,skipped_noop,error:KeyError
delta_gift,drop_min_report_leaf,4,caught,skipped_noop,error:KeyError
delta_gift,drop_min_report_leaf,5,caught,skipped_noop,error:KeyError
delta_gift,drop_min_report_leaf,6,caught,skipped_noop,error:KeyError
delta_gift,drop_min_report_leaf,7,caught,skipped_noop,error:KeyError
delta_gift,drop_min_report_leaf,8,caught,skipped_noop,error:KeyError
delta_gift,drop_min_report_leaf,9,caught,skipped_noop,error:KeyError
delta_gspo,drop_min_report_leaf,0,caught,skipped_noop,error:KeyError
delta_gspo,drop_min_report_leaf,1,caught,skipped_noop,error:KeyError
delta_gspo,drop_min_report_leaf,2,caught,skipped_noop,error:KeyError
delta_gspo,drop_min_report_leaf,3,caught,skipped_noop,error:KeyError
delta_gspo,drop_min_report_leaf,4,caught,skipped_noop,error:KeyError
delta_gspo,drop_min_report_leaf,5,caught,skipped_noop,error:KeyError
delta_gspo,drop_min_report_leaf,6,caught,skipped_noop,error:KeyError
delta_gspo,drop_min_report_leaf,7,caught,skipped_noop,error:KeyError
delta_gspo,drop_min_report_leaf,8,caught,skipped_noop,error:KeyError
delta_gspo,drop_min_report_leaf,9,caught,skipped_noop,error:KeyError
delta_mcgrpo,drop_min_report_leaf,0,caught,skipped_noop,error:KeyError
delta_mcgrpo,drop_min_report_leaf,1,caught,skipped_noop,error:KeyError
delta_mcgrpo,drop_min_report_leaf,2,caught,skipped_noop,error:KeyError
delta_mcgrpo,drop_min_report_leaf,3,caught,skipped_noop,error:KeyError
delta_mcgrpo,drop_min_report_leaf,4,caught,skipped_noop,error:KeyError
delta_mcgrpo,drop_min_report_leaf,5,caught,skipped_noop,error:KeyError
delta_mcgrpo,drop_min_report_leaf,6,caught,skipped_noop,error:KeyError
delta_mcgrpo,drop_min_report_leaf,7,caught,skipped_noop,error:KeyError
delta_mcgrpo,drop_min_report_leaf,8,caught,skipped_noop,error:KeyError
delta_mcgrpo,drop_min_report_leaf,9,caught,skipped_noop,error:KeyError
delta_ngrpo,drop_min_report_leaf,0,caught,skipped_noop,error:KeyError
delta_ngrpo,drop_min_report_leaf,1,caught,skipped_noop,error:KeyError
delta_ngrpo,drop_min_report_leaf,2,caught,skipped_noop,error:KeyError
delta_ngrpo,drop_min_report_leaf,3,caught,skipped_noop,error:KeyError
delta_ngrpo,drop_min_report_leaf,4,caught,skipped_noop,error:KeyError
delta_ngrpo,drop_min_report_leaf,5,caught,skipped_noop,error:KeyError
delta_ngrpo,drop_min_report_leaf,6,caught,skipped_noop,error:KeyError
delta_ngrpo,drop_min_report_leaf,7,caught,skipped_noop,error:KeyError
delta_ngrpo,drop_min_report_leaf,8,caught,skipped_noop,error:KeyError
delta_ngrpo,drop_min_report_leaf,9,caught,skipped_noop,error:KeyError
delta_scafgrpo,drop_min_report_leaf,0,caught,skipped_noop,error:KeyError
delta_scafgrpo,drop_min_report_leaf,1,caught,skipped_noop,error:KeyError
delta_scafgrpo,drop_min_report_leaf,2,caught,skipped_noop,error:KeyError
delta_scafgrpo,drop_min_report_leaf,3,caught,skipped_noop,error:KeyError
delta_scafgrpo,drop_min_report_leaf,4,caught,skipped_noop,error:KeyError
delta_scafgrpo,drop_min_report_leaf,5,caught,skipped_noop,error:KeyError
delta_scafgrpo,drop_min_report_leaf,6,caught,skipped_noop,error:KeyError
delta_scafgrpo,drop_min_report_leaf,7,caught,skipped_noop,error:KeyError
delta_scafgrpo,drop_min_report_leaf,8,caught,skipped_noop,error:KeyError
delta_scafgrpo,drop_min_report_leaf,9,caught,skipped_noop,error:KeyError
openrlhf_grpo_qwen3-8b_gsm8k,drop_min_report_leaf,0,caught,caught,drop_min_report_leaf:telemetry.source
openrlhf_grpo_qwen3-8b_gsm8k,drop_min_report_leaf,1,caught,caught,drop_min_report_leaf:heldout_split.disjoint_from_reward_env
openrlhf_grpo_qwen3-8b_gsm8k,drop_min_report_leaf,2,caught,caught,drop_min_report_leaf:sampler_backend.temperature
openrlhf_grpo_qwen3-8b_gsm8k,drop_min_report_leaf,3,caught,caught,drop_min_report_leaf:loss_form.token_mask
openrlhf_grpo_qwen3-8b_gsm8k,drop_min_report_leaf,4,caught,caught,drop_min_report_leaf:sampler_backend.precision
openrlhf_grpo_qwen3-8b_gsm8k,drop_min_report_leaf,5,caught,caught,drop_min_report_leaf:telemetry.source
openrlhf_grpo_qwen3-8b_gsm8k,drop_min_report_leaf,6,caught,caught,drop_min_report_leaf:loss_form.token_mask
openrlhf_grpo_qwen3-8b_gsm8k,drop_min_report_leaf,7,caught,caught,drop_min_report_leaf:heldout_split.description
openrlhf_grpo_qwen3-8b_gsm8k,drop_min_report_leaf,8,caught,caught,drop_min_report_leaf:heldout_split.disjoint_from_reward_env
openrlhf_grpo_qwen3-8b_gsm8k,drop_min_report_leaf,9,caught,caught,drop_min_report_leaf:group_size_schedule.initial_g
tinker_aero_qwen3.5-4b_gsm8k,drop_min_report_leaf,0,caught,caught,drop_min_report_leaf:heldout_split.description
tinker_aero_qwen3.5-4b_gsm8k,drop_min_report_leaf,1,caught,caught,drop_min_report_leaf:sampler_backend.top_p
tinker_aero_qwen3.5-4b_gsm8k,drop_min_report_leaf,2,caught,caught,drop_min_report_leaf:decontamination.performed
tinker_aero_qwen3.5-4b_gsm8k,drop_min_report_leaf,3,caught,caught,drop_min_report_leaf:decontamination.performed
tinker_aero_qwen3.5-4b_gsm8k,drop_min_report_leaf,4,caught,caught,drop_min_report_leaf:heldout_split.description
tinker_aero_qwen3.5-4b_gsm8k,drop_min_report_leaf,5,caught,caught,drop_min_report_leaf:loss_form.token_mask
tinker_aero_qwen3.5-4b_gsm8k,drop_min_report_leaf,6,caught,caught,drop_min_report_leaf:decontamination.parser_robustness_probe
tinker_aero_qwen3.5-4b_gsm8k,drop_min_report_leaf,7,caught,caught,drop_min_report_leaf:reference_kl.reference_policy
tinker_aero_qwen3.5-4b_gsm8k,drop_min_report_leaf,8,caught,caught,drop_min_report_leaf:loss_form.clip_eps_high
tinker_aero_qwen3.5-4b_gsm8k,drop_min_report_leaf,9,caught,caught,drop_min_report_leaf:decontamination.parser_robustness_probe
tinker_areal_qwen3.5-4b_gsm8k,drop_min_report_leaf,0,caught,caught,drop_min_report_leaf:loss_form.clip_eps_high
tinker_areal_qwen3.5-4b_gsm8k,drop_min_report_leaf,1,caught,caught,drop_min_report_leaf:loss_form.clip_eps_low
tinker_areal_qwen3.5-4b_gsm8k,drop_min_report_leaf,2,caught,caught,drop_min_report_leaf:sampler_backend.precision
tinker_areal_qwen3.5-4b_gsm8k,drop_min_report_leaf,3,caught,caught,drop_min_report_leaf:telemetry.per_step_zvf
tinker_areal_qwen3.5-4b_gsm8k,drop_min_report_leaf,4,caught,caught,drop_min_report_leaf:sampler_backend.temperature
tinker_areal_qwen3.5-4b_gsm8k,drop_min_report_leaf,5,caught,caught,drop_min_report_leaf:reference_kl.kl_beta
tinker_areal_qwen3.5-4b_gsm8k,drop_min_report_leaf,6,caught,caught,drop_min_report_leaf:sampler_backend.precision
tinker_areal_qwen3.5-4b_gsm8k,drop_min_report_leaf,7,caught,caught,drop_min_report_leaf:telemetry.per_step_gu
tinker_areal_qwen3.5-4b_gsm8k,drop_min_report_leaf,8,caught,caught,drop_min_report_leaf:telemetry.source
tinker_areal_qwen3.5-4b_gsm8k,drop_min_report_leaf,9,caught,caught,drop_min_report_leaf:group_size_schedule.initial_g
tinker_dapo_qwen3.5-4b_gsm8k,drop_min_report_leaf,0,caught,caught,drop_min_report_leaf:reference_kl.kl_beta
tinker_dapo_qwen3.5-4b_gsm8k,drop_min_report_leaf,1,caught,caught,drop_min_report_leaf:reference_kl.kl_estimator
tinker_dapo_qwen3.5-4b_gsm8k,drop_min_report_leaf,2,caught,caught,drop_min_report_leaf:decontamination.performed
tinker_dapo_qwen3.5-4b_gsm8k,drop_min_report_leaf,3,caught,caught,drop_min_report_leaf:loss_form.importance_ratio_level
tinker_dapo_qwen3.5-4b_gsm8k,drop_min_report_leaf,4,caught,caught,drop_min_report_leaf:group_size_schedule.adaptation_rule
tinker_dapo_qwen3.5-4b_gsm8k,drop_min_report_leaf,5,caught,caught,drop_min_report_leaf:loss_form.advantage_normalization
tinker_dapo_qwen3.5-4b_gsm8k,drop_min_report_leaf,6,caught,caught,drop_min_report_leaf:reference_kl.kl_beta
tinker_dapo_qwen3.5-4b_gsm8k,drop_min_report_leaf,7,caught,caught,drop_min_report_leaf:loss_form.clip_eps_high
tinker_dapo_qwen3.5-4b_gsm8k,drop_min_report_leaf,8,caught,caught,drop_min_report_leaf:decontamination.performed
tinker_dapo_qwen3.5-4b_gsm8k,drop_min_report_leaf,9,caught,caught,drop_min_report_leaf:sampler_backend.backend
tinker_drgrpo_qwen3.5-4b_gsm8k,drop_min_report_leaf,0,caught,caught,drop_min_report_leaf:loss_form.advantage_normalization
tinker_drgrpo_qwen3.5-4b_gsm8k,drop_min_report_leaf,1,caught,caught,drop_min_report_leaf:telemetry.per_step_gu
tinker_drgrpo_qwen3.5-4b_gsm8k,drop_min_report_leaf,2,caught,caught,drop_min_report_leaf:group_size_schedule.initial_g
tinker_drgrpo_qwen3.5-4b_gsm8k,drop_min_report_leaf,3,caught,caught,drop_min_report_leaf:telemetry.per_step_gu
tinker_drgrpo_qwen3.5-4b_gsm8k,drop_min_report_leaf,4,caught,caught,drop_min_report_leaf:heldout_split.disjoint_from_reward_env
tinker_drgrpo_qwen3.5-4b_gsm8k,drop_min_report_leaf,5,caught,caught,drop_min_report_leaf:reference_kl.reference_policy
tinker_drgrpo_qwen3.5-4b_gsm8k,drop_min_report_leaf,6,caught,caught,drop_min_report_leaf:heldout_split.disjoint_from_reward_env
tinker_drgrpo_qwen3.5-4b_gsm8k,drop_min_report_leaf,7,caught,caught,drop_min_report_leaf:decontamination.parser_robustness_probe
tinker_drgrpo_qwen3.5-4b_gsm8k,drop_min_report_leaf,8,caught,caught,drop_min_report_leaf:sampler_backend.top_p
tinker_drgrpo_qwen3.5-4b_gsm8k,drop_min_report_leaf,9,caught,caught,drop_min_report_leaf:group_size_schedule.initial_g
tinker_gift_qwen3.5-4b_gsm8k,drop_min_report_leaf,0,caught,caught,drop_min_report_leaf:decontamination.performed
tinker_gift_qwen3.5-4b_gsm8k,drop_min_report_leaf,1,caught,caught,drop_min_report_leaf:loss_form.clip_eps_low
tinker_gift_qwen3.5-4b_gsm8k,drop_min_report_leaf,2,caught,caught,drop_min_report_leaf:decontamination.parser_robustness_probe
tinker_gift_qwen3.5-4b_gsm8k,drop_min_report_leaf,3,caught,caught,drop_min_report_leaf:reference_kl.kl_beta
tinker_gift_qwen3.5-4b_gsm8k,drop_min_report_leaf,4,caught,caught,drop_min_report_leaf:heldout_split.description
tinker_gift_qwen3.5-4b_gsm8k,drop_min_report_leaf,5,caught,caught,drop_min_report_leaf:heldout_split.disjoint_from_reward_env
tinker_gift_qwen3.5-4b_gsm8k,drop_min_report_leaf,6,caught,caught,drop_min_report_leaf:reference_kl.kl_estimator
tinker_gift_qwen3.5-4b_gsm8k,drop_min_report_leaf,7,caught,caught,drop_min_report_leaf:loss_form.advantage_normalization
tinker_gift_qwen3.5-4b_gsm8k,drop_min_report_leaf,8,caught,caught,drop_min_report_leaf:loss_form.importance_ratio_level
tinker_gift_qwen3.5-4b_gsm8k,drop_min_report_leaf,9,caught,caught,drop_min_report_leaf:decontamination.performed
tinker_grpo_qwen3-8b_gsm8k,drop_min_report_leaf,0,caught,caught,drop_min_report_leaf:telemetry.per_step_zvf
tinker_grpo_qwen3-8b_gsm8k,drop_min_report_leaf,1,caught,caught,drop_min_report_leaf:group_size_schedule.initial_g
tinker_grpo_qwen3-8b_gsm8k,drop_min_report_leaf,2,caught,caught,drop_min_report_leaf:reference_kl.kl_estimator
tinker_grpo_qwen3-8b_gsm8k,drop_min_report_leaf,3,caught,caught,drop_min_report_leaf:group_size_schedule.adaptation_rule
tinker_grpo_qwen3-8b_gsm8k,drop_min_report_leaf,4,caught,caught,drop_min_report_leaf:sampler_backend.backend
tinker_grpo_qwen3-8b_gsm8k,drop_min_report_leaf,5,caught,caught,drop_min_report_leaf:group_size_schedule.initial_g
tinker_grpo_qwen3-8b_gsm8k,drop_min_report_leaf,6,caught,caught,drop_min_report_leaf:loss_form.clip_eps_high
tinker_grpo_qwen3-8b_gsm8k,drop_min_report_leaf,7,caught,caught,drop_min_report_leaf:group_size_schedule.initial_g
tinker_grpo_qwen3-8b_gsm8k,drop_min_report_leaf,8,caught,caught,drop_min_report_leaf:reference_kl.reference_policy
tinker_grpo_qwen3-8b_gsm8k,drop_min_report_leaf,9,caught,caught,drop_min_report_leaf:group_size_schedule.schedule
tinker_grpo_qwen3.5-4b_gsm8k,drop_min_report_leaf,0,caught,caught,drop_min_report_leaf:reference_kl.reference_policy
tinker_grpo_qwen3.5-4b_gsm8k,drop_min_report_leaf,1,caught,caught,drop_min_report_leaf:decontamination.performed
tinker_grpo_qwen3.5-4b_gsm8k,drop_min_report_leaf,2,caught,caught,drop_min_report_leaf:loss_form.clip_eps_low
tinker_grpo_qwen3.5-4b_gsm8k,drop_min_report_leaf,3,caught,caught,drop_min_report_leaf:reference_kl.kl_beta
tinker_grpo_qwen3.5-4b_gsm8k,drop_min_report_leaf,4,caught,caught,drop_min_report_leaf:reference_kl.kl_estimator
tinker_grpo_qwen3.5-4b_gsm8k,drop_min_report_leaf,5,caught,caught,drop_min_report_leaf:loss_form.clip_eps_high
tinker_grpo_qwen3.5-4b_gsm8k,drop_min_report_leaf,6,caught,caught,drop_min_report_leaf:telemetry.per_step_zvf
tinker_grpo_qwen3.5-4b_gsm8k,drop_min_report_leaf,7,caught,caught,drop_min_report_leaf:sampler_backend.top_p
tinker_grpo_qwen3.5-4b_gsm8k,drop_min_report_leaf,8,caught,caught,drop_min_report_leaf:heldout_split.description
tinker_grpo_qwen3.5-4b_gsm8k,drop_min_report_leaf,9,caught,caught,drop_min_report_leaf:group_size_schedule.schedule
tinker_gspo_qwen3.5-4b_gsm8k,drop_min_report_leaf,0,caught,caught,drop_min_report_leaf:decontamination.parser_robustness_probe
tinker_gspo_qwen3.5-4b_gsm8k,drop_min_report_leaf,1,caught,caught,drop_min_report_leaf:sampler_backend.precision
tinker_gspo_qwen3.5-4b_gsm8k,drop_min_report_leaf,2,caught,caught,drop_min_report_leaf:telemetry.per_step_zvf
tinker_gspo_qwen3.5-4b_gsm8k,drop_min_report_leaf,3,caught,caught,drop_min_report_leaf:loss_form.token_mask
tinker_gspo_qwen3.5-4b_gsm8k,drop_min_report_leaf,4,caught,caught,drop_min_report_leaf:telemetry.per_step_zvf
tinker_gspo_qwen3.5-4b_gsm8k,drop_min_report_leaf,5,caught,caught,drop_min_report_leaf:loss_form.length_normalization
tinker_gspo_qwen3.5-4b_gsm8k,drop_min_report_leaf,6,caught,caught,drop_min_report_leaf:heldout_split.disjoint_from_reward_env
tinker_gspo_qwen3.5-4b_gsm8k,drop_min_report_leaf,7,caught,caught,drop_min_report_leaf:sampler_backend.top_p
tinker_gspo_qwen3.5-4b_gsm8k,drop_min_report_leaf,8,caught,caught,drop_min_report_leaf:loss_form.importance_ratio_level
tinker_gspo_qwen3.5-4b_gsm8k,drop_min_report_leaf,9,caught,caught,drop_min_report_leaf:telemetry.per_step_gu
trl_grpo_qwen3-8b_gsm8k,drop_min_report_leaf,0,caught,caught,drop_min_report_leaf:telemetry.source
trl_grpo_qwen3-8b_gsm8k,drop_min_report_leaf,1,caught,caught,drop_min_report_leaf:decontamination.parser_robustness_probe
trl_grpo_qwen3-8b_gsm8k,drop_min_report_leaf,2,caught,caught,drop_min_report_leaf:loss_form.advantage_normalization
trl_grpo_qwen3-8b_gsm8k,drop_min_report_leaf,3,caught,caught,drop_min_report_leaf:loss_form.length_normalization
trl_grpo_qwen3-8b_gsm8k,drop_min_report_leaf,4,caught,caught,drop_min_report_leaf:telemetry.per_step_gu
trl_grpo_qwen3-8b_gsm8k,drop_min_report_leaf,5,caught,caught,drop_min_report_leaf:sampler_backend.top_p
trl_grpo_qwen3-8b_gsm8k,drop_min_report_leaf,6,caught,caught,drop_min_report_leaf:reference_kl.reference_policy
trl_grpo_qwen3-8b_gsm8k,drop_min_report_leaf,7,caught,caught,drop_min_report_leaf:decontamination.performed
trl_grpo_qwen3-8b_gsm8k,drop_min_report_leaf,8,caught,caught,drop_min_report_leaf:decontamination.performed
trl_grpo_qwen3-8b_gsm8k,drop_min_report_leaf,9,caught,caught,drop_min_report_leaf:sampler_backend.temperature
verl_grpo_qwen3-8b_gsm8k,drop_min_report_leaf,0,caught,caught,drop_min_report_leaf:reference_kl.kl_beta
verl_grpo_qwen3-8b_gsm8k,drop_min_report_leaf,1,caught,caught,drop_min_report_leaf:telemetry.source
verl_grpo_qwen3-8b_gsm8k,drop_min_report_leaf,2,caught,caught,drop_min_report_leaf:reference_kl.kl_beta
verl_grpo_qwen3-8b_gsm8k,drop_min_report_leaf,3,caught,caught,drop_min_report_leaf:telemetry.source
verl_grpo_qwen3-8b_gsm8k,drop_min_report_leaf,4,caught,caught,drop_min_report_leaf:sampler_backend.precision
verl_grpo_qwen3-8b_gsm8k,drop_min_report_leaf,5,caught,caught,drop_min_report_leaf:group_size_schedule.initial_g
verl_grpo_qwen3-8b_gsm8k,drop_min_report_leaf,6,caught,caught,drop_min_report_leaf:loss_form.token_mask
verl_grpo_qwen3-8b_gsm8k,drop_min_report_leaf,7,caught,caught,drop_min_report_leaf:decontamination.performed
verl_grpo_qwen3-8b_gsm8k,drop_min_report_leaf,8,caught,caught,drop_min_report_leaf:decontamination.parser_robustness_probe
verl_grpo_qwen3-8b_gsm8k,drop_min_report_leaf,9,caught,caught,drop_min_report_leaf:decontamination.performed
zvf130_cppo,drop_min_report_leaf,0,caught,caught,drop_min_report_leaf:decontamination.parser_robustness_probe
zvf130_cppo,drop_min_report_leaf,1,caught,caught,drop_min_report_leaf:loss_form.token_mask
zvf130_cppo,drop_min_report_leaf,2,caught,caught,drop_min_report_leaf:decontamination.performed
zvf130_cppo,drop_min_report_leaf,3,caught,caught,drop_min_report_leaf:telemetry.per_step_zvf
zvf130_cppo,drop_min_report_leaf,4,caught,caught,drop_min_report_leaf:telemetry.per_step_gu
zvf130_cppo,drop_min_report_leaf,5,caught,caught,drop_min_report_leaf:sampler_backend.precision
zvf130_cppo,drop_min_report_leaf,6,caught,caught,drop_min_report_leaf:telemetry.source
zvf130_cppo,drop_min_report_leaf,7,caught,caught,drop_min_report_leaf:decontamination.parser_robustness_probe
zvf130_cppo,drop_min_report_leaf,8,caught,caught,drop_min_report_leaf:heldout_split.disjoint_from_reward_env
zvf130_cppo,drop_min_report_leaf,9,caught,caught,drop_min_report_leaf:loss_form.clip_eps_low
zvf130_es,drop_min_report_leaf,0,caught,caught,drop_min_report_leaf:sampler_backend.top_p
zvf130_es,drop_min_report_leaf,1,caught,caught,drop_min_report_leaf:sampler_backend.temperature
zvf130_es,drop_min_report_leaf,2,caught,caught,drop_min_report_leaf:reference_kl.kl_estimator
zvf130_es,drop_min_report_leaf,3,caught,caught,drop_min_report_leaf:reference_kl.reference_policy
zvf130_es,drop_min_report_leaf,4,caught,caught,drop_min_report_leaf:reference_kl.reference_policy
zvf130_es,drop_min_report_leaf,5,caught,caught,drop_min_report_leaf:decontamination.parser_robustness_probe
zvf130_es,drop_min_report_leaf,6,caught,caught,drop_min_report_leaf:reference_kl.kl_estimator
zvf130_es,drop_min_report_leaf,7,caught,caught,drop_min_report_leaf:decontamination.parser_robustness_probe
zvf130_es,drop_min_report_leaf,8,caught,caught,drop_min_report_leaf:loss_form.clip_eps_low
zvf130_es,drop_min_report_leaf,9,caught,caught,drop_min_report_leaf:telemetry.source
zvf130_mcgrpo,drop_min_report_leaf,0,caught,caught,drop_min_report_leaf:sampler_backend.temperature
zvf130_mcgrpo,drop_min_report_leaf,1,caught,caught,drop_min_report_leaf:loss_form.importance_ratio_level
zvf130_mcgrpo,drop_min_report_leaf,2,caught,caught,drop_min_report_leaf:telemetry.source
zvf130_mcgrpo,drop_min_report_leaf,3,caught,caught,drop_min_report_leaf:decontamination.parser_robustness_probe
zvf130_mcgrpo,drop_min_report_leaf,4,caught,caught,drop_min_report_leaf:sampler_backend.temperature
zvf130_mcgrpo,drop_min_report_leaf,5,caught,caught,drop_min_report_leaf:decontamination.performed
zvf130_mcgrpo,drop_min_report_leaf,6,caught,caught,drop_min_report_leaf:telemetry.per_step_zvf
zvf130_mcgrpo,drop_min_report_leaf,7,caught,caught,drop_min_report_leaf:decontamination.parser_robustness_probe
zvf130_mcgrpo,drop_min_report_leaf,8,caught,caught,drop_min_report_leaf:loss_form.clip_eps_high
zvf130_mcgrpo,drop_min_report_leaf,9,caught,caught,drop_min_report_leaf:group_size_schedule.adaptation_rule
zvf130_ngrpo,drop_min_report_leaf,0,caught,caught,drop_min_report_leaf:sampler_backend.precision
zvf130_ngrpo,drop_min_report_leaf,1,caught,caught,drop_min_report_leaf:heldout_split.disjoint_from_reward_env
zvf130_ngrpo,drop_min_report_leaf,2,caught,caught,drop_min_report_leaf:sampler_backend.precision
zvf130_ngrpo,drop_min_report_leaf,3,caught,caught,drop_min_report_leaf:sampler_backend.backend
zvf130_ngrpo,drop_min_report_leaf,4,caught,caught,drop_min_report_leaf:group_size_schedule.schedule
zvf130_ngrpo,drop_min_report_leaf,5,caught,caught,drop_min_report_leaf:sampler_backend.temperature
zvf130_ngrpo,drop_min_report_leaf,6,caught,caught,drop_min_report_leaf:group_size_schedule.schedule
zvf130_ngrpo,drop_min_report_leaf,7,caught,caught,drop_min_report_leaf:reference_kl.kl_beta
zvf130_ngrpo,drop_min_report_leaf,8,caught,caught,drop_min_report_leaf:loss_form.importance_ratio_level
zvf130_ngrpo,drop_min_report_leaf,9,caught,caught,drop_min_report_leaf:loss_form.advantage_normalization
zvf130_scafgrpo,drop_min_report_leaf,0,caught,caught,drop_min_report_leaf:decontamination.performed
zvf130_scafgrpo,drop_min_report_leaf,1,caught,caught,drop_min_report_leaf:heldout_split.disjoint_from_reward_env
zvf130_scafgrpo,drop_min_report_leaf,2,caught,caught,drop_min_report_leaf:telemetry.source
zvf130_scafgrpo,drop_min_report_leaf,3,caught,caught,drop_min_report_leaf:heldout_split.disjoint_from_reward_env
zvf130_scafgrpo,drop_min_report_leaf,4,caught,caught,drop_min_report_leaf:group_size_schedule.initial_g
zvf130_scafgrpo,drop_min_report_leaf,5,caught,caught,drop_min_report_leaf:telemetry.source
zvf130_scafgrpo,drop_min_report_leaf,6,caught,caught,drop_min_report_leaf:telemetry.per_step_gu
zvf130_scafgrpo,drop_min_report_leaf,7,caught,caught,drop_min_report_leaf:decontamination.parser_robustness_probe
zvf130_scafgrpo,drop_min_report_leaf,8,caught,caught,drop_min_report_leaf:group_size_schedule.initial_g
zvf130_scafgrpo,drop_min_report_leaf,9,caught,caught,drop_min_report_leaf:decontamination.performed
colab-open_dapo_e3,wrong_type_min_report,0,caught,caught,wrong_type:min_report
colab-open_dapo_e3,wrong_type_min_report,1,caught,caught,wrong_type:min_report
colab-open_dapo_e3,wrong_type_min_report,2,caught,caught,wrong_type:min_report
colab-open_dapo_e3,wrong_type_min_report,3,caught,caught,wrong_type:min_report
colab-open_dapo_e3,wrong_type_min_report,4,caught,caught,wrong_type:min_report
colab-open_dapo_e3,wrong_type_min_report,5,caught,caught,wrong_type:min_report
colab-open_dapo_e3,wrong_type_min_report,6,caught,caught,wrong_type:min_report
colab-open_dapo_e3,wrong_type_min_report,7,caught,caught,wrong_type:min_report
colab-open_dapo_e3,wrong_type_min_report,8,caught,caught,wrong_type:min_report
colab-open_dapo_e3,wrong_type_min_report,9,caught,caught,wrong_type:min_report
colab-open_drgrpo_e3,wrong_type_min_report,0,caught,caught,wrong_type:min_report
colab-open_drgrpo_e3,wrong_type_min_report,1,caught,caught,wrong_type:min_report
colab-open_drgrpo_e3,wrong_type_min_report,2,caught,caught,wrong_type:min_report
colab-open_drgrpo_e3,wrong_type_min_report,3,caught,caught,wrong_type:min_report
colab-open_drgrpo_e3,wrong_type_min_report,4,caught,caught,wrong_type:min_report
colab-open_drgrpo_e3,wrong_type_min_report,5,caught,caught,wrong_type:min_report
colab-open_drgrpo_e3,wrong_type_min_report,6,caught,caught,wrong_type:min_report
colab-open_drgrpo_e3,wrong_type_min_report,7,caught,caught,wrong_type:min_report
colab-open_drgrpo_e3,wrong_type_min_report,8,caught,caught,wrong_type:min_report
colab-open_drgrpo_e3,wrong_type_min_report,9,caught,caught,wrong_type:min_report
colab-open_grpo-adaptiveg_e3,wrong_type_min_report,0,caught,caught,wrong_type:min_report
colab-open_grpo-adaptiveg_e3,wrong_type_min_report,1,caught,caught,wrong_type:min_report
colab-open_grpo-adaptiveg_e3,wrong_type_min_report,2,caught,caught,wrong_type:min_report
colab-open_grpo-adaptiveg_e3,wrong_type_min_report,3,caught,caught,wrong_type:min_report
colab-open_grpo-adaptiveg_e3,wrong_type_min_report,4,caught,caught,wrong_type:min_report
colab-open_grpo-adaptiveg_e3,wrong_type_min_report,5,caught,caught,wrong_type:min_report
colab-open_grpo-adaptiveg_e3,wrong_type_min_report,6,caught,caught,wrong_type:min_report
colab-open_grpo-adaptiveg_e3,wrong_type_min_report,7,caught,caught,wrong_type:min_report
colab-open_grpo-adaptiveg_e3,wrong_type_min_report,8,caught,caught,wrong_type:min_report
colab-open_grpo-adaptiveg_e3,wrong_type_min_report,9,caught,caught,wrong_type:min_report
colab-open_grpo_e3,wrong_type_min_report,0,caught,caught,wrong_type:min_report
colab-open_grpo_e3,wrong_type_min_report,1,caught,caught,wrong_type:min_report
colab-open_grpo_e3,wrong_type_min_report,2,caught,caught,wrong_type:min_report
colab-open_grpo_e3,wrong_type_min_report,3,caught,caught,wrong_type:min_report
colab-open_grpo_e3,wrong_type_min_report,4,caught,caught,wrong_type:min_report
colab-open_grpo_e3,wrong_type_min_report,5,caught,caught,wrong_type:min_report
colab-open_grpo_e3,wrong_type_min_report,6,caught,caught,wrong_type:min_report
colab-open_grpo_e3,wrong_type_min_report,7,caught,caught,wrong_type:min_report
colab-open_grpo_e3,wrong_type_min_report,8,caught,caught,wrong_type:min_report
colab-open_grpo_e3,wrong_type_min_report,9,caught,caught,wrong_type:min_report
delta_aero,wrong_type_min_report,0,caught,caught,wrong_type:min_report
delta_aero,wrong_type_min_report,1,caught,caught,wrong_type:min_report
delta_aero,wrong_type_min_report,2,caught,caught,wrong_type:min_report
delta_aero,wrong_type_min_report,3,caught,caught,wrong_type:min_report
delta_aero,wrong_type_min_report,4,caught,caught,wrong_type:min_report
delta_aero,wrong_type_min_report,5,caught,caught,wrong_type:min_report
delta_aero,wrong_type_min_report,6,caught,caught,wrong_type:min_report
delta_aero,wrong_type_min_report,7,caught,caught,wrong_type:min_report
delta_aero,wrong_type_min_report,8,caught,caught,wrong_type:min_report
delta_aero,wrong_type_min_report,9,caught,caught,wrong_type:min_report
delta_areal,wrong_type_min_report,0,caught,caught,wrong_type:min_report
delta_areal,wrong_type_min_report,1,caught,caught,wrong_type:min_report
delta_areal,wrong_type_min_report,2,caught,caught,wrong_type:min_report
delta_areal,wrong_type_min_report,3,caught,caught,wrong_type:min_report
delta_areal,wrong_type_min_report,4,caught,caught,wrong_type:min_report
delta_areal,wrong_type_min_report,5,caught,caught,wrong_type:min_report
delta_areal,wrong_type_min_report,6,caught,caught,wrong_type:min_report
delta_areal,wrong_type_min_report,7,caught,caught,wrong_type:min_report
delta_areal,wrong_type_min_report,8,caught,caught,wrong_type:min_report
delta_areal,wrong_type_min_report,9,caught,caught,wrong_type:min_report
delta_cppo,wrong_type_min_report,0,caught,caught,wrong_type:min_report
delta_cppo,wrong_type_min_report,1,caught,caught,wrong_type:min_report
delta_cppo,wrong_type_min_report,2,caught,caught,wrong_type:min_report
delta_cppo,wrong_type_min_report,3,caught,caught,wrong_type:min_report
delta_cppo,wrong_type_min_report,4,caught,caught,wrong_type:min_report
delta_cppo,wrong_type_min_report,5,caught,caught,wrong_type:min_report
delta_cppo,wrong_type_min_report,6,caught,caught,wrong_type:min_report
delta_cppo,wrong_type_min_report,7,caught,caught,wrong_type:min_report
delta_cppo,wrong_type_min_report,8,caught,caught,wrong_type:min_report
delta_cppo,wrong_type_min_report,9,caught,caught,wrong_type:min_report
delta_dapo,wrong_type_min_report,0,caught,caught,wrong_type:min_report
delta_dapo,wrong_type_min_report,1,caught,caught,wrong_type:min_report
delta_dapo,wrong_type_min_report,2,caught,caught,wrong_type:min_report
delta_dapo,wrong_type_min_report,3,caught,caught,wrong_type:min_report
delta_dapo,wrong_type_min_report,4,caught,caught,wrong_type:min_report
delta_dapo,wrong_type_min_report,5,caught,caught,wrong_type:min_report
delta_dapo,wrong_type_min_report,6,caught,caught,wrong_type:min_report
delta_dapo,wrong_type_min_report,7,caught,caught,wrong_type:min_report
delta_dapo,wrong_type_min_report,8,caught,caught,wrong_type:min_report
delta_dapo,wrong_type_min_report,9,caught,caught,wrong_type:min_report
delta_drgrpo,wrong_type_min_report,0,caught,caught,wrong_type:min_report
delta_drgrpo,wrong_type_min_report,1,caught,caught,wrong_type:min_report
delta_drgrpo,wrong_type_min_report,2,caught,caught,wrong_type:min_report
delta_drgrpo,wrong_type_min_report,3,caught,caught,wrong_type:min_report
delta_drgrpo,wrong_type_min_report,4,caught,caught,wrong_type:min_report
delta_drgrpo,wrong_type_min_report,5,caught,caught,wrong_type:min_report
delta_drgrpo,wrong_type_min_report,6,caught,caught,wrong_type:min_report
delta_drgrpo,wrong_type_min_report,7,caught,caught,wrong_type:min_report
delta_drgrpo,wrong_type_min_report,8,caught,caught,wrong_type:min_report
delta_drgrpo,wrong_type_min_report,9,caught,caught,wrong_type:min_report
delta_es,wrong_type_min_report,0,caught,caught,wrong_type:min_report
delta_es,wrong_type_min_report,1,caught,caught,wrong_type:min_report
delta_es,wrong_type_min_report,2,caught,caught,wrong_type:min_report
delta_es,wrong_type_min_report,3,caught,caught,wrong_type:min_report
delta_es,wrong_type_min_report,4,caught,caught,wrong_type:min_report
delta_es,wrong_type_min_report,5,caught,caught,wrong_type:min_report
delta_es,wrong_type_min_report,6,caught,caught,wrong_type:min_report
delta_es,wrong_type_min_report,7,caught,caught,wrong_type:min_report
delta_es,wrong_type_min_report,8,caught,caught,wrong_type:min_report
delta_es,wrong_type_min_report,9,caught,caught,wrong_type:min_report
delta_gift,wrong_type_min_report,0,caught,caught,wrong_type:min_report
delta_gift,wrong_type_min_report,1,caught,caught,wrong_type:min_report
delta_gift,wrong_type_min_report,2,caught,caught,wrong_type:min_report
delta_gift,wrong_type_min_report,3,caught,caught,wrong_type:min_report
delta_gift,wrong_type_min_report,4,caught,caught,wrong_type:min_report
delta_gift,wrong_type_min_report,5,caught,caught,wrong_type:min_report
delta_gift,wrong_type_min_report,6,caught,caught,wrong_type:min_report
delta_gift,wrong_type_min_report,7,caught,caught,wrong_type:min_report
delta_gift,wrong_type_min_report,8,caught,caught,wrong_type:min_report
delta_gift,wrong_type_min_report,9,caught,caught,wrong_type:min_report
delta_gspo,wrong_type_min_report,0,caught,caught,wrong_type:min_report
delta_gspo,wrong_type_min_report,1,caught,caught,wrong_type:min_report
delta_gspo,wrong_type_min_report,2,caught,caught,wrong_type:min_report
delta_gspo,wrong_type_min_report,3,caught,caught,wrong_type:min_report
delta_gspo,wrong_type_min_report,4,caught,caught,wrong_type:min_report
delta_gspo,wrong_type_min_report,5,caught,caught,wrong_type:min_report
delta_gspo,wrong_type_min_report,6,caught,caught,wrong_type:min_report
delta_gspo,wrong_type_min_report,7,caught,caught,wrong_type:min_report
delta_gspo,wrong_type_min_report,8,caught,caught,wrong_type:min_report
delta_gspo,wrong_type_min_report,9,caught,caught,wrong_type:min_report
delta_mcgrpo,wrong_type_min_report,0,caught,caught,wrong_type:min_report
delta_mcgrpo,wrong_type_min_report,1,caught,caught,wrong_type:min_report
delta_mcgrpo,wrong_type_min_report,2,caught,caught,wrong_type:min_report
delta_mcgrpo,wrong_type_min_report,3,caught,caught,wrong_type:min_report
delta_mcgrpo,wrong_type_min_report,4,caught,caught,wrong_type:min_report
delta_mcgrpo,wrong_type_min_report,5,caught,caught,wrong_type:min_report
delta_mcgrpo,wrong_type_min_report,6,caught,caught,wrong_type:min_report
delta_mcgrpo,wrong_type_min_report,7,caught,caught,wrong_type:min_report
delta_mcgrpo,wrong_type_min_report,8,caught,caught,wrong_type:min_report
delta_mcgrpo,wrong_type_min_report,9,caught,caught,wrong_type:min_report
delta_ngrpo,wrong_type_min_report,0,caught,caught,wrong_type:min_report
delta_ngrpo,wrong_type_min_report,1,caught,caught,wrong_type:min_report
delta_ngrpo,wrong_type_min_report,2,caught,caught,wrong_type:min_report
delta_ngrpo,wrong_type_min_report,3,caught,caught,wrong_type:min_report
delta_ngrpo,wrong_type_min_report,4,caught,caught,wrong_type:min_report
delta_ngrpo,wrong_type_min_report,5,caught,caught,wrong_type:min_report
delta_ngrpo,wrong_type_min_report,6,caught,caught,wrong_type:min_report
delta_ngrpo,wrong_type_min_report,7,caught,caught,wrong_type:min_report
delta_ngrpo,wrong_type_min_report,8,caught,caught,wrong_type:min_report
delta_ngrpo,wrong_type_min_report,9,caught,caught,wrong_type:min_report
delta_scafgrpo,wrong_type_min_report,0,caught,caught,wrong_type:min_report
delta_scafgrpo,wrong_type_min_report,1,caught,caught,wrong_type:min_report
delta_scafgrpo,wrong_type_min_report,2,caught,caught,wrong_type:min_report
delta_scafgrpo,wrong_type_min_report,3,caught,caught,wrong_type:min_report
delta_scafgrpo,wrong_type_min_report,4,caught,caught,wrong_type:min_report
delta_scafgrpo,wrong_type_min_report,5,caught,caught,wrong_type:min_report
delta_scafgrpo,wrong_type_min_report,6,caught,caught,wrong_type:min_report
delta_scafgrpo,wrong_type_min_report,7,caught,caught,wrong_type:min_report
delta_scafgrpo,wrong_type_min_report,8,caught,caught,wrong_type:min_report
delta_scafgrpo,wrong_type_min_report,9,caught,caught,wrong_type:min_report
openrlhf_grpo_qwen3-8b_gsm8k,wrong_type_min_report,0,caught,caught,wrong_type:min_report
openrlhf_grpo_qwen3-8b_gsm8k,wrong_type_min_report,1,caught,caught,wrong_type:min_report
openrlhf_grpo_qwen3-8b_gsm8k,wrong_type_min_report,2,caught,caught,wrong_type:min_report
openrlhf_grpo_qwen3-8b_gsm8k,wrong_type_min_report,3,caught,caught,wrong_type:min_report
openrlhf_grpo_qwen3-8b_gsm8k,wrong_type_min_report,4,caught,caught,wrong_type:min_report
openrlhf_grpo_qwen3-8b_gsm8k,wrong_type_min_report,5,caught,caught,wrong_type:min_report
openrlhf_grpo_qwen3-8b_gsm8k,wrong_type_min_report,6,caught,caught,wrong_type:min_report
openrlhf_grpo_qwen3-8b_gsm8k,wrong_type_min_report,7,caught,caught,wrong_type:min_report
openrlhf_grpo_qwen3-8b_gsm8k,wrong_type_min_report,8,caught,caught,wrong_type:min_report
openrlhf_grpo_qwen3-8b_gsm8k,wrong_type_min_report,9,caught,caught,wrong_type:min_report
tinker_aero_qwen3.5-4b_gsm8k,wrong_type_min_report,0,caught,caught,wrong_type:min_report
tinker_aero_qwen3.5-4b_gsm8k,wrong_type_min_report,1,caught,caught,wrong_type:min_report
tinker_aero_qwen3.5-4b_gsm8k,wrong_type_min_report,2,caught,caught,wrong_type:min_report
tinker_aero_qwen3.5-4b_gsm8k,wrong_type_min_report,3,caught,caught,wrong_type:min_report
tinker_aero_qwen3.5-4b_gsm8k,wrong_type_min_report,4,caught,caught,wrong_type:min_report
tinker_aero_qwen3.5-4b_gsm8k,wrong_type_min_report,5,caught,caught,wrong_type:min_report
tinker_aero_qwen3.5-4b_gsm8k,wrong_type_min_report,6,caught,caught,wrong_type:min_report
tinker_aero_qwen3.5-4b_gsm8k,wrong_type_min_report,7,caught,caught,wrong_type:min_report
tinker_aero_qwen3.5-4b_gsm8k,wrong_type_min_report,8,caught,caught,wrong_type:min_report
tinker_aero_qwen3.5-4b_gsm8k,wrong_type_min_report,9,caught,caught,wrong_type:min_report
tinker_areal_qwen3.5-4b_gsm8k,wrong_type_min_report,0,caught,caught,wrong_type:min_report
tinker_areal_qwen3.5-4b_gsm8k,wrong_type_min_report,1,caught,caught,wrong_type:min_report
tinker_areal_qwen3.5-4b_gsm8k,wrong_type_min_report,2,caught,caught,wrong_type:min_report
tinker_areal_qwen3.5-4b_gsm8k,wrong_type_min_report,3,caught,caught,wrong_type:min_report
tinker_areal_qwen3.5-4b_gsm8k,wrong_type_min_report,4,caught,caught,wrong_type:min_report
tinker_areal_qwen3.5-4b_gsm8k,wrong_type_min_report,5,caught,caught,wrong_type:min_report
tinker_areal_qwen3.5-4b_gsm8k,wrong_type_min_report,6,caught,caught,wrong_type:min_report
tinker_areal_qwen3.5-4b_gsm8k,wrong_type_min_report,7,caught,caught,wrong_type:min_report
tinker_areal_qwen3.5-4b_gsm8k,wrong_type_min_report,8,caught,caught,wrong_type:min_report
tinker_areal_qwen3.5-4b_gsm8k,wrong_type_min_report,9,caught,caught,wrong_type:min_report
tinker_dapo_qwen3.5-4b_gsm8k,wrong_type_min_report,0,caught,caught,wrong_type:min_report
tinker_dapo_qwen3.5-4b_gsm8k,wrong_type_min_report,1,caught,caught,wrong_type:min_report
tinker_dapo_qwen3.5-4b_gsm8k,wrong_type_min_report,2,caught,caught,wrong_type:min_report
tinker_dapo_qwen3.5-4b_gsm8k,wrong_type_min_report,3,caught,caught,wrong_type:min_report
tinker_dapo_qwen3.5-4b_gsm8k,wrong_type_min_report,4,caught,caught,wrong_type:min_report
tinker_dapo_qwen3.5-4b_gsm8k,wrong_type_min_report,5,caught,caught,wrong_type:min_report
tinker_dapo_qwen3.5-4b_gsm8k,wrong_type_min_report,6,caught,caught,wrong_type:min_report
tinker_dapo_qwen3.5-4b_gsm8k,wrong_type_min_report,7,caught,caught,wrong_type:min_report
tinker_dapo_qwen3.5-4b_gsm8k,wrong_type_min_report,8,caught,caught,wrong_type:min_report
tinker_dapo_qwen3.5-4b_gsm8k,wrong_type_min_report,9,caught,caught,wrong_type:min_report
tinker_drgrpo_qwen3.5-4b_gsm8k,wrong_type_min_report,0,caught,caught,wrong_type:min_report
tinker_drgrpo_qwen3.5-4b_gsm8k,wrong_type_min_report,1,caught,caught,wrong_type:min_report
tinker_drgrpo_qwen3.5-4b_gsm8k,wrong_type_min_report,2,caught,caught,wrong_type:min_report
tinker_drgrpo_qwen3.5-4b_gsm8k,wrong_type_min_report,3,caught,caught,wrong_type:min_report
tinker_drgrpo_qwen3.5-4b_gsm8k,wrong_type_min_report,4,caught,caught,wrong_type:min_report
tinker_drgrpo_qwen3.5-4b_gsm8k,wrong_type_min_report,5,caught,caught,wrong_type:min_report
tinker_drgrpo_qwen3.5-4b_gsm8k,wrong_type_min_report,6,caught,caught,wrong_type:min_report
tinker_drgrpo_qwen3.5-4b_gsm8k,wrong_type_min_report,7,caught,caught,wrong_type:min_report
tinker_drgrpo_qwen3.5-4b_gsm8k,wrong_type_min_report,8,caught,caught,wrong_type:min_report
tinker_drgrpo_qwen3.5-4b_gsm8k,wrong_type_min_report,9,caught,caught,wrong_type:min_report
tinker_gift_qwen3.5-4b_gsm8k,wrong_type_min_report,0,caught,caught,wrong_type:min_report
tinker_gift_qwen3.5-4b_gsm8k,wrong_type_min_report,1,caught,caught,wrong_type:min_report
tinker_gift_qwen3.5-4b_gsm8k,wrong_type_min_report,2,caught,caught,wrong_type:min_report
tinker_gift_qwen3.5-4b_gsm8k,wrong_type_min_report,3,caught,caught,wrong_type:min_report
tinker_gift_qwen3.5-4b_gsm8k,wrong_type_min_report,4,caught,caught,wrong_type:min_report
tinker_gift_qwen3.5-4b_gsm8k,wrong_type_min_report,5,caught,caught,wrong_type:min_report
tinker_gift_qwen3.5-4b_gsm8k,wrong_type_min_report,6,caught,caught,wrong_type:min_report
tinker_gift_qwen3.5-4b_gsm8k,wrong_type_min_report,7,caught,caught,wrong_type:min_report
tinker_gift_qwen3.5-4b_gsm8k,wrong_type_min_report,8,caught,caught,wrong_type:min_report
tinker_gift_qwen3.5-4b_gsm8k,wrong_type_min_report,9,caught,caught,wrong_type:min_report
tinker_grpo_qwen3-8b_gsm8k,wrong_type_min_report,0,caught,caught,wrong_type:min_report
tinker_grpo_qwen3-8b_gsm8k,wrong_type_min_report,1,caught,caught,wrong_type:min_report
tinker_grpo_qwen3-8b_gsm8k,wrong_type_min_report,2,caught,caught,wrong_type:min_report
tinker_grpo_qwen3-8b_gsm8k,wrong_type_min_report,3,caught,caught,wrong_type:min_report
tinker_grpo_qwen3-8b_gsm8k,wrong_type_min_report,4,caught,caught,wrong_type:min_report
tinker_grpo_qwen3-8b_gsm8k,wrong_type_min_report,5,caught,caught,wrong_type:min_report
tinker_grpo_qwen3-8b_gsm8k,wrong_type_min_report,6,caught,caught,wrong_type:min_report
tinker_grpo_qwen3-8b_gsm8k,wrong_type_min_report,7,caught,caught,wrong_type:min_report
tinker_grpo_qwen3-8b_gsm8k,wrong_type_min_report,8,caught,caught,wrong_type:min_report
tinker_grpo_qwen3-8b_gsm8k,wrong_type_min_report,9,caught,caught,wrong_type:min_report
tinker_grpo_qwen3.5-4b_gsm8k,wrong_type_min_report,0,caught,caught,wrong_type:min_report
tinker_grpo_qwen3.5-4b_gsm8k,wrong_type_min_report,1,caught,caught,wrong_type:min_report
tinker_grpo_qwen3.5-4b_gsm8k,wrong_type_min_report,2,caught,caught,wrong_type:min_report
tinker_grpo_qwen3.5-4b_gsm8k,wrong_type_min_report,3,caught,caught,wrong_type:min_report
tinker_grpo_qwen3.5-4b_gsm8k,wrong_type_min_report,4,caught,caught,wrong_type:min_report
tinker_grpo_qwen3.5-4b_gsm8k,wrong_type_min_report,5,caught,caught,wrong_type:min_report
tinker_grpo_qwen3.5-4b_gsm8k,wrong_type_min_report,6,caught,caught,wrong_type:min_report
tinker_grpo_qwen3.5-4b_gsm8k,wrong_type_min_report,7,caught,caught,wrong_type:min_report
tinker_grpo_qwen3.5-4b_gsm8k,wrong_type_min_report,8,caught,caught,wrong_type:min_report
tinker_grpo_qwen3.5-4b_gsm8k,wrong_type_min_report,9,caught,caught,wrong_type:min_report
tinker_gspo_qwen3.5-4b_gsm8k,wrong_type_min_report,0,caught,caught,wrong_type:min_report
tinker_gspo_qwen3.5-4b_gsm8k,wrong_type_min_report,1,caught,caught,wrong_type:min_report
tinker_gspo_qwen3.5-4b_gsm8k,wrong_type_min_report,2,caught,caught,wrong_type:min_report
tinker_gspo_qwen3.5-4b_gsm8k,wrong_type_min_report,3,caught,caught,wrong_type:min_report
tinker_gspo_qwen3.5-4b_gsm8k,wrong_type_min_report,4,caught,caught,wrong_type:min_report
tinker_gspo_qwen3.5-4b_gsm8k,wrong_type_min_report,5,caught,caught,wrong_type:min_report
tinker_gspo_qwen3.5-4b_gsm8k,wrong_type_min_report,6,caught,caught,wrong_type:min_report
tinker_gspo_qwen3.5-4b_gsm8k,wrong_type_min_report,7,caught,caught,wrong_type:min_report
tinker_gspo_qwen3.5-4b_gsm8k,wrong_type_min_report,8,caught,caught,wrong_type:min_report
tinker_gspo_qwen3.5-4b_gsm8k,wrong_type_min_report,9,caught,caught,wrong_type:min_report
trl_grpo_qwen3-8b_gsm8k,wrong_type_min_report,0,caught,caught,wrong_type:min_report
trl_grpo_qwen3-8b_gsm8k,wrong_type_min_report,1,caught,caught,wrong_type:min_report
trl_grpo_qwen3-8b_gsm8k,wrong_type_min_report,2,caught,caught,wrong_type:min_report
trl_grpo_qwen3-8b_gsm8k,wrong_type_min_report,3,caught,caught,wrong_type:min_report
trl_grpo_qwen3-8b_gsm8k,wrong_type_min_report,4,caught,caught,wrong_type:min_report
trl_grpo_qwen3-8b_gsm8k,wrong_type_min_report,5,caught,caught,wrong_type:min_report
trl_grpo_qwen3-8b_gsm8k,wrong_type_min_report,6,caught,caught,wrong_type:min_report
trl_grpo_qwen3-8b_gsm8k,wrong_type_min_report,7,caught,caught,wrong_type:min_report
trl_grpo_qwen3-8b_gsm8k,wrong_type_min_report,8,caught,caught,wrong_type:min_report
trl_grpo_qwen3-8b_gsm8k,wrong_type_min_report,9,caught,caught,wrong_type:min_report
verl_grpo_qwen3-8b_gsm8k,wrong_type_min_report,0,caught,caught,wrong_type:min_report
verl_grpo_qwen3-8b_gsm8k,wrong_type_min_report,1,caught,caught,wrong_type:min_report
verl_grpo_qwen3-8b_gsm8k,wrong_type_min_report,2,caught,caught,wrong_type:min_report
verl_grpo_qwen3-8b_gsm8k,wrong_type_min_report,3,caught,caught,wrong_type:min_report
verl_grpo_qwen3-8b_gsm8k,wrong_type_min_report,4,caught,caught,wrong_type:min_report
verl_grpo_qwen3-8b_gsm8k,wrong_type_min_report,5,caught,caught,wrong_type:min_report
verl_grpo_qwen3-8b_gsm8k,wrong_type_min_report,6,caught,caught,wrong_type:min_report
verl_grpo_qwen3-8b_gsm8k,wrong_type_min_report,7,caught,caught,wrong_type:min_report
verl_grpo_qwen3-8b_gsm8k,wrong_type_min_report,8,caught,caught,wrong_type:min_report
verl_grpo_qwen3-8b_gsm8k,wrong_type_min_report,9,caught,caught,wrong_type:min_report
zvf130_cppo,wrong_type_min_report,0,caught,caught,wrong_type:min_report
zvf130_cppo,wrong_type_min_report,1,caught,caught,wrong_type:min_report
zvf130_cppo,wrong_type_min_report,2,caught,caught,wrong_type:min_report
zvf130_cppo,wrong_type_min_report,3,caught,caught,wrong_type:min_report
zvf130_cppo,wrong_type_min_report,4,caught,caught,wrong_type:min_report
zvf130_cppo,wrong_type_min_report,5,caught,caught,wrong_type:min_report
zvf130_cppo,wrong_type_min_report,6,caught,caught,wrong_type:min_report
zvf130_cppo,wrong_type_min_report,7,caught,caught,wrong_type:min_report
zvf130_cppo,wrong_type_min_report,8,caught,caught,wrong_type:min_report
zvf130_cppo,wrong_type_min_report,9,caught,caught,wrong_type:min_report
zvf130_es,wrong_type_min_report,0,caught,caught,wrong_type:min_report
zvf130_es,wrong_type_min_report,1,caught,caught,wrong_type:min_report
zvf130_es,wrong_type_min_report,2,caught,caught,wrong_type:min_report
zvf130_es,wrong_type_min_report,3,caught,caught,wrong_type:min_report
zvf130_es,wrong_type_min_report,4,caught,caught,wrong_type:min_report
zvf130_es,wrong_type_min_report,5,caught,caught,wrong_type:min_report
zvf130_es,wrong_type_min_report,6,caught,caught,wrong_type:min_report
zvf130_es,wrong_type_min_report,7,caught,caught,wrong_type:min_report
zvf130_es,wrong_type_min_report,8,caught,caught,wrong_type:min_report
zvf130_es,wrong_type_min_report,9,caught,caught,wrong_type:min_report
zvf130_mcgrpo,wrong_type_min_report,0,caught,caught,wrong_type:min_report
zvf130_mcgrpo,wrong_type_min_report,1,caught,caught,wrong_type:min_report
zvf130_mcgrpo,wrong_type_min_report,2,caught,caught,wrong_type:min_report
zvf130_mcgrpo,wrong_type_min_report,3,caught,caught,wrong_type:min_report
zvf130_mcgrpo,wrong_type_min_report,4,caught,caught,wrong_type:min_report
zvf130_mcgrpo,wrong_type_min_report,5,caught,caught,wrong_type:min_report
zvf130_mcgrpo,wrong_type_min_report,6,caught,caught,wrong_type:min_report
zvf130_mcgrpo,wrong_type_min_report,7,caught,caught,wrong_type:min_report
zvf130_mcgrpo,wrong_type_min_report,8,caught,caught,wrong_type:min_report
zvf130_mcgrpo,wrong_type_min_report,9,caught,caught,wrong_type:min_report
zvf130_ngrpo,wrong_type_min_report,0,caught,caught,wrong_type:min_report
zvf130_ngrpo,wrong_type_min_report,1,caught,caught,wrong_type:min_report
zvf130_ngrpo,wrong_type_min_report,2,caught,caught,wrong_type:min_report
zvf130_ngrpo,wrong_type_min_report,3,caught,caught,wrong_type:min_report
zvf130_ngrpo,wrong_type_min_report,4,caught,caught,wrong_type:min_report
zvf130_ngrpo,wrong_type_min_report,5,caught,caught,wrong_type:min_report
zvf130_ngrpo,wrong_type_min_report,6,caught,caught,wrong_type:min_report
zvf130_ngrpo,wrong_type_min_report,7,caught,caught,wrong_type:min_report
zvf130_ngrpo,wrong_type_min_report,8,caught,caught,wrong_type:min_report
zvf130_ngrpo,wrong_type_min_report,9,caught,caught,wrong_type:min_report
zvf130_scafgrpo,wrong_type_min_report,0,caught,caught,wrong_type:min_report
zvf130_scafgrpo,wrong_type_min_report,1,caught,caught,wrong_type:min_report
zvf130_scafgrpo,wrong_type_min_report,2,caught,caught,wrong_type:min_report
zvf130_scafgrpo,wrong_type_min_report,3,caught,caught,wrong_type:min_report
zvf130_scafgrpo,wrong_type_min_report,4,caught,caught,wrong_type:min_report
zvf130_scafgrpo,wrong_type_min_report,5,caught,caught,wrong_type:min_report
zvf130_scafgrpo,wrong_type_min_report,6,caught,caught,wrong_type:min_report
zvf130_scafgrpo,wrong_type_min_report,7,caught,caught,wrong_type:min_report
zvf130_scafgrpo,wrong_type_min_report,8,caught,caught,wrong_type:min_report
zvf130_scafgrpo,wrong_type_min_report,9,caught,caught,wrong_type:min_report
colab-open_dapo_e3,drop_provenance_source_artifacts,0,caught,caught,drop_provenance_source_artifacts
colab-open_dapo_e3,drop_provenance_source_artifacts,1,caught,caught,drop_provenance_source_artifacts
colab-open_dapo_e3,drop_provenance_source_artifacts,2,caught,caught,drop_provenance_source_artifacts
colab-open_dapo_e3,drop_provenance_source_artifacts,3,caught,caught,drop_provenance_source_artifacts
colab-open_dapo_e3,drop_provenance_source_artifacts,4,caught,caught,drop_provenance_source_artifacts
colab-open_dapo_e3,drop_provenance_source_artifacts,5,caught,caught,drop_provenance_source_artifacts
colab-open_dapo_e3,drop_provenance_source_artifacts,6,caught,caught,drop_provenance_source_artifacts
colab-open_dapo_e3,drop_provenance_source_artifacts,7,caught,caught,drop_provenance_source_artifacts
colab-open_dapo_e3,drop_provenance_source_artifacts,8,caught,caught,drop_provenance_source_artifacts
colab-open_dapo_e3,drop_provenance_source_artifacts,9,caught,caught,drop_provenance_source_artifacts
colab-open_drgrpo_e3,drop_provenance_source_artifacts,0,caught,caught,drop_provenance_source_artifacts
colab-open_drgrpo_e3,drop_provenance_source_artifacts,1,caught,caught,drop_provenance_source_artifacts
colab-open_drgrpo_e3,drop_provenance_source_artifacts,2,caught,caught,drop_provenance_source_artifacts
colab-open_drgrpo_e3,drop_provenance_source_artifacts,3,caught,caught,drop_provenance_source_artifacts
colab-open_drgrpo_e3,drop_provenance_source_artifacts,4,caught,caught,drop_provenance_source_artifacts
colab-open_drgrpo_e3,drop_provenance_source_artifacts,5,caught,caught,drop_provenance_source_artifacts
colab-open_drgrpo_e3,drop_provenance_source_artifacts,6,caught,caught,drop_provenance_source_artifacts
colab-open_drgrpo_e3,drop_provenance_source_artifacts,7,caught,caught,drop_provenance_source_artifacts
colab-open_drgrpo_e3,drop_provenance_source_artifacts,8,caught,caught,drop_provenance_source_artifacts
colab-open_drgrpo_e3,drop_provenance_source_artifacts,9,caught,caught,drop_provenance_source_artifacts
colab-open_grpo-adaptiveg_e3,drop_provenance_source_artifacts,0,caught,caught,drop_provenance_source_artifacts
colab-open_grpo-adaptiveg_e3,drop_provenance_source_artifacts,1,caught,caught,drop_provenance_source_artifacts
colab-open_grpo-adaptiveg_e3,drop_provenance_source_artifacts,2,caught,caught,drop_provenance_source_artifacts
colab-open_grpo-adaptiveg_e3,drop_provenance_source_artifacts,3,caught,caught,drop_provenance_source_artifacts
colab-open_grpo-adaptiveg_e3,drop_provenance_source_artifacts,4,caught,caught,drop_provenance_source_artifacts
colab-open_grpo-adaptiveg_e3,drop_provenance_source_artifacts,5,caught,caught,drop_provenance_source_artifacts
colab-open_grpo-adaptiveg_e3,drop_provenance_source_artifacts,6,caught,caught,drop_provenance_source_artifacts
colab-open_grpo-adaptiveg_e3,drop_provenance_source_artifacts,7,caught,caught,drop_provenance_source_artifacts
colab-open_grpo-adaptiveg_e3,drop_provenance_source_artifacts,8,caught,caught,drop_provenance_source_artifacts
colab-open_grpo-adaptiveg_e3,drop_provenance_source_artifacts,9,caught,caught,drop_provenance_source_artifacts
colab-open_grpo_e3,drop_provenance_source_artifacts,0,caught,caught,drop_provenance_source_artifacts
colab-open_grpo_e3,drop_provenance_source_artifacts,1,caught,caught,drop_provenance_source_artifacts
colab-open_grpo_e3,drop_provenance_source_artifacts,2,caught,caught,drop_provenance_source_artifacts
colab-open_grpo_e3,drop_provenance_source_artifacts,3,caught,caught,drop_provenance_source_artifacts
colab-open_grpo_e3,drop_provenance_source_artifacts,4,caught,caught,drop_provenance_source_artifacts
colab-open_grpo_e3,drop_provenance_source_artifacts,5,caught,caught,drop_provenance_source_artifacts
colab-open_grpo_e3,drop_provenance_source_artifacts,6,caught,caught,drop_provenance_source_artifacts
colab-open_grpo_e3,drop_provenance_source_artifacts,7,caught,caught,drop_provenance_source_artifacts
colab-open_grpo_e3,drop_provenance_source_artifacts,8,caught,caught,drop_provenance_source_artifacts
colab-open_grpo_e3,drop_provenance_source_artifacts,9,caught,caught,drop_provenance_source_artifacts
delta_aero,drop_provenance_source_artifacts,0,caught,skipped_noop,error:KeyError
delta_aero,drop_provenance_source_artifacts,1,caught,skipped_noop,error:KeyError
delta_aero,drop_provenance_source_artifacts,2,caught,skipped_noop,error:KeyError
delta_aero,drop_provenance_source_artifacts,3,caught,skipped_noop,error:KeyError
delta_aero,drop_provenance_source_artifacts,4,caught,skipped_noop,error:KeyError
delta_aero,drop_provenance_source_artifacts,5,caught,skipped_noop,error:KeyError
delta_aero,drop_provenance_source_artifacts,6,caught,skipped_noop,error:KeyError
delta_aero,drop_provenance_source_artifacts,7,caught,skipped_noop,error:KeyError
delta_aero,drop_provenance_source_artifacts,8,caught,skipped_noop,error:KeyError
delta_aero,drop_provenance_source_artifacts,9,caught,skipped_noop,error:KeyError
delta_areal,drop_provenance_source_artifacts,0,caught,skipped_noop,error:KeyError
delta_areal,drop_provenance_source_artifacts,1,caught,skipped_noop,error:KeyError
delta_areal,drop_provenance_source_artifacts,2,caught,skipped_noop,error:KeyError
delta_areal,drop_provenance_source_artifacts,3,caught,skipped_noop,error:KeyError
delta_areal,drop_provenance_source_artifacts,4,caught,skipped_noop,error:KeyError
delta_areal,drop_provenance_source_artifacts,5,caught,skipped_noop,error:KeyError
delta_areal,drop_provenance_source_artifacts,6,caught,skipped_noop,error:KeyError
delta_areal,drop_provenance_source_artifacts,7,caught,skipped_noop,error:KeyError
delta_areal,drop_provenance_source_artifacts,8,caught,skipped_noop,error:KeyError
delta_areal,drop_provenance_source_artifacts,9,caught,skipped_noop,error:KeyError
delta_cppo,drop_provenance_source_artifacts,0,caught,skipped_noop,error:KeyError
delta_cppo,drop_provenance_source_artifacts,1,caught,skipped_noop,error:KeyError
delta_cppo,drop_provenance_source_artifacts,2,caught,skipped_noop,error:KeyError
delta_cppo,drop_provenance_source_artifacts,3,caught,skipped_noop,error:KeyError
delta_cppo,drop_provenance_source_artifacts,4,caught,skipped_noop,error:KeyError
delta_cppo,drop_provenance_source_artifacts,5,caught,skipped_noop,error:KeyError
delta_cppo,drop_provenance_source_artifacts,6,caught,skipped_noop,error:KeyError
delta_cppo,drop_provenance_source_artifacts,7,caught,skipped_noop,error:KeyError
delta_cppo,drop_provenance_source_artifacts,8,caught,skipped_noop,error:KeyError
delta_cppo,drop_provenance_source_artifacts,9,caught,skipped_noop,error:KeyError
delta_dapo,drop_provenance_source_artifacts,0,caught,skipped_noop,error:KeyError
delta_dapo,drop_provenance_source_artifacts,1,caught,skipped_noop,error:KeyError
delta_dapo,drop_provenance_source_artifacts,2,caught,skipped_noop,error:KeyError
delta_dapo,drop_provenance_source_artifacts,3,caught,skipped_noop,error:KeyError
delta_dapo,drop_provenance_source_artifacts,4,caught,skipped_noop,error:KeyError
delta_dapo,drop_provenance_source_artifacts,5,caught,skipped_noop,error:KeyError
delta_dapo,drop_provenance_source_artifacts,6,caught,skipped_noop,error:KeyError
delta_dapo,drop_provenance_source_artifacts,7,caught,skipped_noop,error:KeyError
delta_dapo,drop_provenance_source_artifacts,8,caught,skipped_noop,error:KeyError
delta_dapo,drop_provenance_source_artifacts,9,caught,skipped_noop,error:KeyError
delta_drgrpo,drop_provenance_source_artifacts,0,caught,skipped_noop,error:KeyError
delta_drgrpo,drop_provenance_source_artifacts,1,caught,skipped_noop,error:KeyError
delta_drgrpo,drop_provenance_source_artifacts,2,caught,skipped_noop,error:KeyError
delta_drgrpo,drop_provenance_source_artifacts,3,caught,skipped_noop,error:KeyError
delta_drgrpo,drop_provenance_source_artifacts,4,caught,skipped_noop,error:KeyError
delta_drgrpo,drop_provenance_source_artifacts,5,caught,skipped_noop,error:KeyError
delta_drgrpo,drop_provenance_source_artifacts,6,caught,skipped_noop,error:KeyError
delta_drgrpo,drop_provenance_source_artifacts,7,caught,skipped_noop,error:KeyError
delta_drgrpo,drop_provenance_source_artifacts,8,caught,skipped_noop,error:KeyError
delta_drgrpo,drop_provenance_source_artifacts,9,caught,skipped_noop,error:KeyError
delta_es,drop_provenance_source_artifacts,0,caught,skipped_noop,error:KeyError
delta_es,drop_provenance_source_artifacts,1,caught,skipped_noop,error:KeyError
delta_es,drop_provenance_source_artifacts,2,caught,skipped_noop,error:KeyError
delta_es,drop_provenance_source_artifacts,3,caught,skipped_noop,error:KeyError
delta_es,drop_provenance_source_artifacts,4,caught,skipped_noop,error:KeyError
delta_es,drop_provenance_source_artifacts,5,caught,skipped_noop,error:KeyError
delta_es,drop_provenance_source_artifacts,6,caught,skipped_noop,error:KeyError
delta_es,drop_provenance_source_artifacts,7,caught,skipped_noop,error:KeyError
delta_es,drop_provenance_source_artifacts,8,caught,skipped_noop,error:KeyError
delta_es,drop_provenance_source_artifacts,9,caught,skipped_noop,error:KeyError
delta_gift,drop_provenance_source_artifacts,0,caught,skipped_noop,error:KeyError
delta_gift,drop_provenance_source_artifacts,1,caught,skipped_noop,error:KeyError
delta_gift,drop_provenance_source_artifacts,2,caught,skipped_noop,error:KeyError
delta_gift,drop_provenance_source_artifacts,3,caught,skipped_noop,error:KeyError
delta_gift,drop_provenance_source_artifacts,4,caught,skipped_noop,error:KeyError
delta_gift,drop_provenance_source_artifacts,5,caught,skipped_noop,error:KeyError
delta_gift,drop_provenance_source_artifacts,6,caught,skipped_noop,error:KeyError
delta_gift,drop_provenance_source_artifacts,7,caught,skipped_noop,error:KeyError
delta_gift,drop_provenance_source_artifacts,8,caught,skipped_noop,error:KeyError
delta_gift,drop_provenance_source_artifacts,9,caught,skipped_noop,error:KeyError
delta_gspo,drop_provenance_source_artifacts,0,caught,skipped_noop,error:KeyError
delta_gspo,drop_provenance_source_artifacts,1,caught,skipped_noop,error:KeyError
delta_gspo,drop_provenance_source_artifacts,2,caught,skipped_noop,error:KeyError
delta_gspo,drop_provenance_source_artifacts,3,caught,skipped_noop,error:KeyError
delta_gspo,drop_provenance_source_artifacts,4,caught,skipped_noop,error:KeyError
delta_gspo,drop_provenance_source_artifacts,5,caught,skipped_noop,error:KeyError
delta_gspo,drop_provenance_source_artifacts,6,caught,skipped_noop,error:KeyError
delta_gspo,drop_provenance_source_artifacts,7,caught,skipped_noop,error:KeyError
delta_gspo,drop_provenance_source_artifacts,8,caught,skipped_noop,error:KeyError
delta_gspo,drop_provenance_source_artifacts,9,caught,skipped_noop,error:KeyError
delta_mcgrpo,drop_provenance_source_artifacts,0,caught,skipped_noop,error:KeyError
delta_mcgrpo,drop_provenance_source_artifacts,1,caught,skipped_noop,error:KeyError
delta_mcgrpo,drop_provenance_source_artifacts,2,caught,skipped_noop,error:KeyError
delta_mcgrpo,drop_provenance_source_artifacts,3,caught,skipped_noop,error:KeyError
delta_mcgrpo,drop_provenance_source_artifacts,4,caught,skipped_noop,error:KeyError
delta_mcgrpo,drop_provenance_source_artifacts,5,caught,skipped_noop,error:KeyError
delta_mcgrpo,drop_provenance_source_artifacts,6,caught,skipped_noop,error:KeyError
delta_mcgrpo,drop_provenance_source_artifacts,7,caught,skipped_noop,error:KeyError
delta_mcgrpo,drop_provenance_source_artifacts,8,caught,skipped_noop,error:KeyError
delta_mcgrpo,drop_provenance_source_artifacts,9,caught,skipped_noop,error:KeyError
delta_ngrpo,drop_provenance_source_artifacts,0,caught,skipped_noop,error:KeyError
delta_ngrpo,drop_provenance_source_artifacts,1,caught,skipped_noop,error:KeyError
delta_ngrpo,drop_provenance_source_artifacts,2,caught,skipped_noop,error:KeyError
delta_ngrpo,drop_provenance_source_artifacts,3,caught,skipped_noop,error:KeyError
delta_ngrpo,drop_provenance_source_artifacts,4,caught,skipped_noop,error:KeyError
delta_ngrpo,drop_provenance_source_artifacts,5,caught,skipped_noop,error:KeyError
delta_ngrpo,drop_provenance_source_artifacts,6,caught,skipped_noop,error:KeyError
delta_ngrpo,drop_provenance_source_artifacts,7,caught,skipped_noop,error:KeyError
delta_ngrpo,drop_provenance_source_artifacts,8,caught,skipped_noop,error:KeyError
delta_ngrpo,drop_provenance_source_artifacts,9,caught,skipped_noop,error:KeyError
delta_scafgrpo,drop_provenance_source_artifacts,0,caught,skipped_noop,error:KeyError
delta_scafgrpo,drop_provenance_source_artifacts,1,caught,skipped_noop,error:KeyError
delta_scafgrpo,drop_provenance_source_artifacts,2,caught,skipped_noop,error:KeyError
delta_scafgrpo,drop_provenance_source_artifacts,3,caught,skipped_noop,error:KeyError
delta_scafgrpo,drop_provenance_source_artifacts,4,caught,skipped_noop,error:KeyError
delta_scafgrpo,drop_provenance_source_artifacts,5,caught,skipped_noop,error:KeyError
delta_scafgrpo,drop_provenance_source_artifacts,6,caught,skipped_noop,error:KeyError
delta_scafgrpo,drop_provenance_source_artifacts,7,caught,skipped_noop,error:KeyError
delta_scafgrpo,drop_provenance_source_artifacts,8,caught,skipped_noop,error:KeyError
delta_scafgrpo,drop_provenance_source_artifacts,9,caught,skipped_noop,error:KeyError
openrlhf_grpo_qwen3-8b_gsm8k,drop_provenance_source_artifacts,0,caught,caught,drop_provenance_source_artifacts
openrlhf_grpo_qwen3-8b_gsm8k,drop_provenance_source_artifacts,1,caught,caught,drop_provenance_source_artifacts
openrlhf_grpo_qwen3-8b_gsm8k,drop_provenance_source_artifacts,2,caught,caught,drop_provenance_source_artifacts
openrlhf_grpo_qwen3-8b_gsm8k,drop_provenance_source_artifacts,3,caught,caught,drop_provenance_source_artifacts
openrlhf_grpo_qwen3-8b_gsm8k,drop_provenance_source_artifacts,4,caught,caught,drop_provenance_source_artifacts
openrlhf_grpo_qwen3-8b_gsm8k,drop_provenance_source_artifacts,5,caught,caught,drop_provenance_source_artifacts
openrlhf_grpo_qwen3-8b_gsm8k,drop_provenance_source_artifacts,6,caught,caught,drop_provenance_source_artifacts
openrlhf_grpo_qwen3-8b_gsm8k,drop_provenance_source_artifacts,7,caught,caught,drop_provenance_source_artifacts
openrlhf_grpo_qwen3-8b_gsm8k,drop_provenance_source_artifacts,8,caught,caught,drop_provenance_source_artifacts
openrlhf_grpo_qwen3-8b_gsm8k,drop_provenance_source_artifacts,9,caught,caught,drop_provenance_source_artifacts
tinker_aero_qwen3.5-4b_gsm8k,drop_provenance_source_artifacts,0,caught,caught,drop_provenance_source_artifacts
tinker_aero_qwen3.5-4b_gsm8k,drop_provenance_source_artifacts,1,caught,caught,drop_provenance_source_artifacts
tinker_aero_qwen3.5-4b_gsm8k,drop_provenance_source_artifacts,2,caught,caught,drop_provenance_source_artifacts
tinker_aero_qwen3.5-4b_gsm8k,drop_provenance_source_artifacts,3,caught,caught,drop_provenance_source_artifacts
tinker_aero_qwen3.5-4b_gsm8k,drop_provenance_source_artifacts,4,caught,caught,drop_provenance_source_artifacts
tinker_aero_qwen3.5-4b_gsm8k,drop_provenance_source_artifacts,5,caught,caught,drop_provenance_source_artifacts
tinker_aero_qwen3.5-4b_gsm8k,drop_provenance_source_artifacts,6,caught,caught,drop_provenance_source_artifacts
tinker_aero_qwen3.5-4b_gsm8k,drop_provenance_source_artifacts,7,caught,caught,drop_provenance_source_artifacts
tinker_aero_qwen3.5-4b_gsm8k,drop_provenance_source_artifacts,8,caught,caught,drop_provenance_source_artifacts
tinker_aero_qwen3.5-4b_gsm8k,drop_provenance_source_artifacts,9,caught,caught,drop_provenance_source_artifacts
tinker_areal_qwen3.5-4b_gsm8k,drop_provenance_source_artifacts,0,caught,caught,drop_provenance_source_artifacts
tinker_areal_qwen3.5-4b_gsm8k,drop_provenance_source_artifacts,1,caught,caught,drop_provenance_source_artifacts
tinker_areal_qwen3.5-4b_gsm8k,drop_provenance_source_artifacts,2,caught,caught,drop_provenance_source_artifacts
tinker_areal_qwen3.5-4b_gsm8k,drop_provenance_source_artifacts,3,caught,caught,drop_provenance_source_artifacts
tinker_areal_qwen3.5-4b_gsm8k,drop_provenance_source_artifacts,4,caught,caught,drop_provenance_source_artifacts
tinker_areal_qwen3.5-4b_gsm8k,drop_provenance_source_artifacts,5,caught,caught,drop_provenance_source_artifacts
tinker_areal_qwen3.5-4b_gsm8k,drop_provenance_source_artifacts,6,caught,caught,drop_provenance_source_artifacts
tinker_areal_qwen3.5-4b_gsm8k,drop_provenance_source_artifacts,7,caught,caught,drop_provenance_source_artifacts
tinker_areal_qwen3.5-4b_gsm8k,drop_provenance_source_artifacts,8,caught,caught,drop_provenance_source_artifacts
tinker_areal_qwen3.5-4b_gsm8k,drop_provenance_source_artifacts,9,caught,caught,drop_provenance_source_artifacts
tinker_dapo_qwen3.5-4b_gsm8k,drop_provenance_source_artifacts,0,caught,caught,drop_provenance_source_artifacts
tinker_dapo_qwen3.5-4b_gsm8k,drop_provenance_source_artifacts,1,caught,caught,drop_provenance_source_artifacts
tinker_dapo_qwen3.5-4b_gsm8k,drop_provenance_source_artifacts,2,caught,caught,drop_provenance_source_artifacts
tinker_dapo_qwen3.5-4b_gsm8k,drop_provenance_source_artifacts,3,caught,caught,drop_provenance_source_artifacts
tinker_dapo_qwen3.5-4b_gsm8k,drop_provenance_source_artifacts,4,caught,caught,drop_provenance_source_artifacts
tinker_dapo_qwen3.5-4b_gsm8k,drop_provenance_source_artifacts,5,caught,caught,drop_provenance_source_artifacts
tinker_dapo_qwen3.5-4b_gsm8k,drop_provenance_source_artifacts,6,caught,caught,drop_provenance_source_artifacts
tinker_dapo_qwen3.5-4b_gsm8k,drop_provenance_source_artifacts,7,caught,caught,drop_provenance_source_artifacts
tinker_dapo_qwen3.5-4b_gsm8k,drop_provenance_source_artifacts,8,caught,caught,drop_provenance_source_artifacts
tinker_dapo_qwen3.5-4b_gsm8k,drop_provenance_source_artifacts,9,caught,caught,drop_provenance_source_artifacts
tinker_drgrpo_qwen3.5-4b_gsm8k,drop_provenance_source_artifacts,0,caught,caught,drop_provenance_source_artifacts
tinker_drgrpo_qwen3.5-4b_gsm8k,drop_provenance_source_artifacts,1,caught,caught,drop_provenance_source_artifacts
tinker_drgrpo_qwen3.5-4b_gsm8k,drop_provenance_source_artifacts,2,caught,caught,drop_provenance_source_artifacts
tinker_drgrpo_qwen3.5-4b_gsm8k,drop_provenance_source_artifacts,3,caught,caught,drop_provenance_source_artifacts
tinker_drgrpo_qwen3.5-4b_gsm8k,drop_provenance_source_artifacts,4,caught,caught,drop_provenance_source_artifacts
tinker_drgrpo_qwen3.5-4b_gsm8k,drop_provenance_source_artifacts,5,caught,caught,drop_provenance_source_artifacts
tinker_drgrpo_qwen3.5-4b_gsm8k,drop_provenance_source_artifacts,6,caught,caught,drop_provenance_source_artifacts
tinker_drgrpo_qwen3.5-4b_gsm8k,drop_provenance_source_artifacts,7,caught,caught,drop_provenance_source_artifacts
tinker_drgrpo_qwen3.5-4b_gsm8k,drop_provenance_source_artifacts,8,caught,caught,drop_provenance_source_artifacts
tinker_drgrpo_qwen3.5-4b_gsm8k,drop_provenance_source_artifacts,9,caught,caught,drop_provenance_source_artifacts
tinker_gift_qwen3.5-4b_gsm8k,drop_provenance_source_artifacts,0,caught,caught,drop_provenance_source_artifacts
tinker_gift_qwen3.5-4b_gsm8k,drop_provenance_source_artifacts,1,caught,caught,drop_provenance_source_artifacts
tinker_gift_qwen3.5-4b_gsm8k,drop_provenance_source_artifacts,2,caught,caught,drop_provenance_source_artifacts
tinker_gift_qwen3.5-4b_gsm8k,drop_provenance_source_artifacts,3,caught,caught,drop_provenance_source_artifacts
tinker_gift_qwen3.5-4b_gsm8k,drop_provenance_source_artifacts,4,caught,caught,drop_provenance_source_artifacts
tinker_gift_qwen3.5-4b_gsm8k,drop_provenance_source_artifacts,5,caught,caught,drop_provenance_source_artifacts
tinker_gift_qwen3.5-4b_gsm8k,drop_provenance_source_artifacts,6,caught,caught,drop_provenance_source_artifacts
tinker_gift_qwen3.5-4b_gsm8k,drop_provenance_source_artifacts,7,caught,caught,drop_provenance_source_artifacts
tinker_gift_qwen3.5-4b_gsm8k,drop_provenance_source_artifacts,8,caught,caught,drop_provenance_source_artifacts
tinker_gift_qwen3.5-4b_gsm8k,drop_provenance_source_artifacts,9,caught,caught,drop_provenance_source_artifacts
tinker_grpo_qwen3-8b_gsm8k,drop_provenance_source_artifacts,0,caught,caught,drop_provenance_source_artifacts
tinker_grpo_qwen3-8b_gsm8k,drop_provenance_source_artifacts,1,caught,caught,drop_provenance_source_artifacts
tinker_grpo_qwen3-8b_gsm8k,drop_provenance_source_artifacts,2,caught,caught,drop_provenance_source_artifacts
tinker_grpo_qwen3-8b_gsm8k,drop_provenance_source_artifacts,3,caught,caught,drop_provenance_source_artifacts
tinker_grpo_qwen3-8b_gsm8k,drop_provenance_source_artifacts,4,caught,caught,drop_provenance_source_artifacts
tinker_grpo_qwen3-8b_gsm8k,drop_provenance_source_artifacts,5,caught,caught,drop_provenance_source_artifacts
tinker_grpo_qwen3-8b_gsm8k,drop_provenance_source_artifacts,6,caught,caught,drop_provenance_source_artifacts
tinker_grpo_qwen3-8b_gsm8k,drop_provenance_source_artifacts,7,caught,caught,drop_provenance_source_artifacts
tinker_grpo_qwen3-8b_gsm8k,drop_provenance_source_artifacts,8,caught,caught,drop_provenance_source_artifacts
tinker_grpo_qwen3-8b_gsm8k,drop_provenance_source_artifacts,9,caught,caught,drop_provenance_source_artifacts
tinker_grpo_qwen3.5-4b_gsm8k,drop_provenance_source_artifacts,0,caught,caught,drop_provenance_source_artifacts
tinker_grpo_qwen3.5-4b_gsm8k,drop_provenance_source_artifacts,1,caught,caught,drop_provenance_source_artifacts
tinker_grpo_qwen3.5-4b_gsm8k,drop_provenance_source_artifacts,2,caught,caught,drop_provenance_source_artifacts
tinker_grpo_qwen3.5-4b_gsm8k,drop_provenance_source_artifacts,3,caught,caught,drop_provenance_source_artifacts
tinker_grpo_qwen3.5-4b_gsm8k,drop_provenance_source_artifacts,4,caught,caught,drop_provenance_source_artifacts
tinker_grpo_qwen3.5-4b_gsm8k,drop_provenance_source_artifacts,5,caught,caught,drop_provenance_source_artifacts
tinker_grpo_qwen3.5-4b_gsm8k,drop_provenance_source_artifacts,6,caught,caught,drop_provenance_source_artifacts
tinker_grpo_qwen3.5-4b_gsm8k,drop_provenance_source_artifacts,7,caught,caught,drop_provenance_source_artifacts
tinker_grpo_qwen3.5-4b_gsm8k,drop_provenance_source_artifacts,8,caught,caught,drop_provenance_source_artifacts
tinker_grpo_qwen3.5-4b_gsm8k,drop_provenance_source_artifacts,9,caught,caught,drop_provenance_source_artifacts
tinker_gspo_qwen3.5-4b_gsm8k,drop_provenance_source_artifacts,0,caught,caught,drop_provenance_source_artifacts
tinker_gspo_qwen3.5-4b_gsm8k,drop_provenance_source_artifacts,1,caught,caught,drop_provenance_source_artifacts
tinker_gspo_qwen3.5-4b_gsm8k,drop_provenance_source_artifacts,2,caught,caught,drop_provenance_source_artifacts
tinker_gspo_qwen3.5-4b_gsm8k,drop_provenance_source_artifacts,3,caught,caught,drop_provenance_source_artifacts
tinker_gspo_qwen3.5-4b_gsm8k,drop_provenance_source_artifacts,4,caught,caught,drop_provenance_source_artifacts
tinker_gspo_qwen3.5-4b_gsm8k,drop_provenance_source_artifacts,5,caught,caught,drop_provenance_source_artifacts
tinker_gspo_qwen3.5-4b_gsm8k,drop_provenance_source_artifacts,6,caught,caught,drop_provenance_source_artifacts
tinker_gspo_qwen3.5-4b_gsm8k,drop_provenance_source_artifacts,7,caught,caught,drop_provenance_source_artifacts
tinker_gspo_qwen3.5-4b_gsm8k,drop_provenance_source_artifacts,8,caught,caught,drop_provenance_source_artifacts
tinker_gspo_qwen3.5-4b_gsm8k,drop_provenance_source_artifacts,9,caught,caught,drop_provenance_source_artifacts
trl_grpo_qwen3-8b_gsm8k,drop_provenance_source_artifacts,0,caught,caught,drop_provenance_source_artifacts
trl_grpo_qwen3-8b_gsm8k,drop_provenance_source_artifacts,1,caught,caught,drop_provenance_source_artifacts
trl_grpo_qwen3-8b_gsm8k,drop_provenance_source_artifacts,2,caught,caught,drop_provenance_source_artifacts
trl_grpo_qwen3-8b_gsm8k,drop_provenance_source_artifacts,3,caught,caught,drop_provenance_source_artifacts
trl_grpo_qwen3-8b_gsm8k,drop_provenance_source_artifacts,4,caught,caught,drop_provenance_source_artifacts
trl_grpo_qwen3-8b_gsm8k,drop_provenance_source_artifacts,5,caught,caught,drop_provenance_source_artifacts
trl_grpo_qwen3-8b_gsm8k,drop_provenance_source_artifacts,6,caught,caught,drop_provenance_source_artifacts
trl_grpo_qwen3-8b_gsm8k,drop_provenance_source_artifacts,7,caught,caught,drop_provenance_source_artifacts
trl_grpo_qwen3-8b_gsm8k,drop_provenance_source_artifacts,8,caught,caught,drop_provenance_source_artifacts
trl_grpo_qwen3-8b_gsm8k,drop_provenance_source_artifacts,9,caught,caught,drop_provenance_source_artifacts
verl_grpo_qwen3-8b_gsm8k,drop_provenance_source_artifacts,0,caught,caught,drop_provenance_source_artifacts
verl_grpo_qwen3-8b_gsm8k,drop_provenance_source_artifacts,1,caught,caught,drop_provenance_source_artifacts
verl_grpo_qwen3-8b_gsm8k,drop_provenance_source_artifacts,2,caught,caught,drop_provenance_source_artifacts
verl_grpo_qwen3-8b_gsm8k,drop_provenance_source_artifacts,3,caught,caught,drop_provenance_source_artifacts
verl_grpo_qwen3-8b_gsm8k,drop_provenance_source_artifacts,4,caught,caught,drop_provenance_source_artifacts
verl_grpo_qwen3-8b_gsm8k,drop_provenance_source_artifacts,5,caught,caught,drop_provenance_source_artifacts
verl_grpo_qwen3-8b_gsm8k,drop_provenance_source_artifacts,6,caught,caught,drop_provenance_source_artifacts
verl_grpo_qwen3-8b_gsm8k,drop_provenance_source_artifacts,7,caught,caught,drop_provenance_source_artifacts
verl_grpo_qwen3-8b_gsm8k,drop_provenance_source_artifacts,8,caught,caught,drop_provenance_source_artifacts
verl_grpo_qwen3-8b_gsm8k,drop_provenance_source_artifacts,9,caught,caught,drop_provenance_source_artifacts
zvf130_cppo,drop_provenance_source_artifacts,0,caught,caught,drop_provenance_source_artifacts
zvf130_cppo,drop_provenance_source_artifacts,1,caught,caught,drop_provenance_source_artifacts
zvf130_cppo,drop_provenance_source_artifacts,2,caught,caught,drop_provenance_source_artifacts
zvf130_cppo,drop_provenance_source_artifacts,3,caught,caught,drop_provenance_source_artifacts
zvf130_cppo,drop_provenance_source_artifacts,4,caught,caught,drop_provenance_source_artifacts
zvf130_cppo,drop_provenance_source_artifacts,5,caught,caught,drop_provenance_source_artifacts
zvf130_cppo,drop_provenance_source_artifacts,6,caught,caught,drop_provenance_source_artifacts
zvf130_cppo,drop_provenance_source_artifacts,7,caught,caught,drop_provenance_source_artifacts
zvf130_cppo,drop_provenance_source_artifacts,8,caught,caught,drop_provenance_source_artifacts
zvf130_cppo,drop_provenance_source_artifacts,9,caught,caught,drop_provenance_source_artifacts
zvf130_es,drop_provenance_source_artifacts,0,caught,caught,drop_provenance_source_artifacts
zvf130_es,drop_provenance_source_artifacts,1,caught,caught,drop_provenance_source_artifacts
zvf130_es,drop_provenance_source_artifacts,2,caught,caught,drop_provenance_source_artifacts
zvf130_es,drop_provenance_source_artifacts,3,caught,caught,drop_provenance_source_artifacts
zvf130_es,drop_provenance_source_artifacts,4,caught,caught,drop_provenance_source_artifacts
zvf130_es,drop_provenance_source_artifacts,5,caught,caught,drop_provenance_source_artifacts
zvf130_es,drop_provenance_source_artifacts,6,caught,caught,drop_provenance_source_artifacts
zvf130_es,drop_provenance_source_artifacts,7,caught,caught,drop_provenance_source_artifacts
zvf130_es,drop_provenance_source_artifacts,8,caught,caught,drop_provenance_source_artifacts
zvf130_es,drop_provenance_source_artifacts,9,caught,caught,drop_provenance_source_artifacts
zvf130_mcgrpo,drop_provenance_source_artifacts,0,caught,caught,drop_provenance_source_artifacts
zvf130_mcgrpo,drop_provenance_source_artifacts,1,caught,caught,drop_provenance_source_artifacts
zvf130_mcgrpo,drop_provenance_source_artifacts,2,caught,caught,drop_provenance_source_artifacts
zvf130_mcgrpo,drop_provenance_source_artifacts,3,caught,caught,drop_provenance_source_artifacts
zvf130_mcgrpo,drop_provenance_source_artifacts,4,caught,caught,drop_provenance_source_artifacts
zvf130_mcgrpo,drop_provenance_source_artifacts,5,caught,caught,drop_provenance_source_artifacts
zvf130_mcgrpo,drop_provenance_source_artifacts,6,caught,caught,drop_provenance_source_artifacts
zvf130_mcgrpo,drop_provenance_source_artifacts,7,caught,caught,drop_provenance_source_artifacts
zvf130_mcgrpo,drop_provenance_source_artifacts,8,caught,caught,drop_provenance_source_artifacts
zvf130_mcgrpo,drop_provenance_source_artifacts,9,caught,caught,drop_provenance_source_artifacts
zvf130_ngrpo,drop_provenance_source_artifacts,0,caught,caught,drop_provenance_source_artifacts
zvf130_ngrpo,drop_provenance_source_artifacts,1,caught,caught,drop_provenance_source_artifacts
zvf130_ngrpo,drop_provenance_source_artifacts,2,caught,caught,drop_provenance_source_artifacts
zvf130_ngrpo,drop_provenance_source_artifacts,3,caught,caught,drop_provenance_source_artifacts
zvf130_ngrpo,drop_provenance_source_artifacts,4,caught,caught,drop_provenance_source_artifacts
zvf130_ngrpo,drop_provenance_source_artifacts,5,caught,caught,drop_provenance_source_artifacts
zvf130_ngrpo,drop_provenance_source_artifacts,6,caught,caught,drop_provenance_source_artifacts
zvf130_ngrpo,drop_provenance_source_artifacts,7,caught,caught,drop_provenance_source_artifacts
zvf130_ngrpo,drop_provenance_source_artifacts,8,caught,caught,drop_provenance_source_artifacts
zvf130_ngrpo,drop_provenance_source_artifacts,9,caught,caught,drop_provenance_source_artifacts
zvf130_scafgrpo,drop_provenance_source_artifacts,0,caught,caught,drop_provenance_source_artifacts
zvf130_scafgrpo,drop_provenance_source_artifacts,1,caught,caught,drop_provenance_source_artifacts
zvf130_scafgrpo,drop_provenance_source_artifacts,2,caught,caught,drop_provenance_source_artifacts
zvf130_scafgrpo,drop_provenance_source_artifacts,3,caught,caught,drop_provenance_source_artifacts
zvf130_scafgrpo,drop_provenance_source_artifacts,4,caught,caught,drop_provenance_source_artifacts
zvf130_scafgrpo,drop_provenance_source_artifacts,5,caught,caught,drop_provenance_source_artifacts
zvf130_scafgrpo,drop_provenance_source_artifacts,6,caught,caught,drop_provenance_source_artifacts
zvf130_scafgrpo,drop_provenance_source_artifacts,7,caught,caught,drop_provenance_source_artifacts
zvf130_scafgrpo,drop_provenance_source_artifacts,8,caught,caught,drop_provenance_source_artifacts
zvf130_scafgrpo,drop_provenance_source_artifacts,9,caught,caught,drop_provenance_source_artifacts
colab-open_dapo_e3,broken_delta_ref,0,caught,caught,broken_delta_ref
colab-open_dapo_e3,broken_delta_ref,1,caught,caught,broken_delta_ref
colab-open_dapo_e3,broken_delta_ref,2,caught,caught,broken_delta_ref
colab-open_dapo_e3,broken_delta_ref,3,caught,caught,broken_delta_ref
colab-open_dapo_e3,broken_delta_ref,4,caught,caught,broken_delta_ref
colab-open_dapo_e3,broken_delta_ref,5,caught,caught,broken_delta_ref
colab-open_dapo_e3,broken_delta_ref,6,caught,caught,broken_delta_ref
colab-open_dapo_e3,broken_delta_ref,7,caught,caught,broken_delta_ref
colab-open_dapo_e3,broken_delta_ref,8,caught,caught,broken_delta_ref
colab-open_dapo_e3,broken_delta_ref,9,caught,caught,broken_delta_ref
colab-open_drgrpo_e3,broken_delta_ref,0,caught,caught,broken_delta_ref
colab-open_drgrpo_e3,broken_delta_ref,1,caught,caught,broken_delta_ref
colab-open_drgrpo_e3,broken_delta_ref,2,caught,caught,broken_delta_ref
colab-open_drgrpo_e3,broken_delta_ref,3,caught,caught,broken_delta_ref
colab-open_drgrpo_e3,broken_delta_ref,4,caught,caught,broken_delta_ref
colab-open_drgrpo_e3,broken_delta_ref,5,caught,caught,broken_delta_ref
colab-open_drgrpo_e3,broken_delta_ref,6,caught,caught,broken_delta_ref
colab-open_drgrpo_e3,broken_delta_ref,7,caught,caught,broken_delta_ref
colab-open_drgrpo_e3,broken_delta_ref,8,caught,caught,broken_delta_ref
colab-open_drgrpo_e3,broken_delta_ref,9,caught,caught,broken_delta_ref
colab-open_grpo-adaptiveg_e3,broken_delta_ref,0,caught,skipped_noop,no_variant_deltas_to_perturb
colab-open_grpo-adaptiveg_e3,broken_delta_ref,1,caught,skipped_noop,no_variant_deltas_to_perturb
colab-open_grpo-adaptiveg_e3,broken_delta_ref,2,caught,skipped_noop,no_variant_deltas_to_perturb
colab-open_grpo-adaptiveg_e3,broken_delta_ref,3,caught,skipped_noop,no_variant_deltas_to_perturb
colab-open_grpo-adaptiveg_e3,broken_delta_ref,4,caught,skipped_noop,no_variant_deltas_to_perturb
colab-open_grpo-adaptiveg_e3,broken_delta_ref,5,caught,skipped_noop,no_variant_deltas_to_perturb
colab-open_grpo-adaptiveg_e3,broken_delta_ref,6,caught,skipped_noop,no_variant_deltas_to_perturb
colab-open_grpo-adaptiveg_e3,broken_delta_ref,7,caught,skipped_noop,no_variant_deltas_to_perturb
colab-open_grpo-adaptiveg_e3,broken_delta_ref,8,caught,skipped_noop,no_variant_deltas_to_perturb
colab-open_grpo-adaptiveg_e3,broken_delta_ref,9,caught,skipped_noop,no_variant_deltas_to_perturb
colab-open_grpo_e3,broken_delta_ref,0,caught,skipped_noop,no_variant_deltas_to_perturb
colab-open_grpo_e3,broken_delta_ref,1,caught,skipped_noop,no_variant_deltas_to_perturb
colab-open_grpo_e3,broken_delta_ref,2,caught,skipped_noop,no_variant_deltas_to_perturb
colab-open_grpo_e3,broken_delta_ref,3,caught,skipped_noop,no_variant_deltas_to_perturb
colab-open_grpo_e3,broken_delta_ref,4,caught,skipped_noop,no_variant_deltas_to_perturb
colab-open_grpo_e3,broken_delta_ref,5,caught,skipped_noop,no_variant_deltas_to_perturb
colab-open_grpo_e3,broken_delta_ref,6,caught,skipped_noop,no_variant_deltas_to_perturb
colab-open_grpo_e3,broken_delta_ref,7,caught,skipped_noop,no_variant_deltas_to_perturb
colab-open_grpo_e3,broken_delta_ref,8,caught,skipped_noop,no_variant_deltas_to_perturb
colab-open_grpo_e3,broken_delta_ref,9,caught,skipped_noop,no_variant_deltas_to_perturb
delta_aero,broken_delta_ref,0,caught,skipped_noop,no_variant_deltas_to_perturb
delta_aero,broken_delta_ref,1,caught,skipped_noop,no_variant_deltas_to_perturb
delta_aero,broken_delta_ref,2,caught,skipped_noop,no_variant_deltas_to_perturb
delta_aero,broken_delta_ref,3,caught,skipped_noop,no_variant_deltas_to_perturb
delta_aero,broken_delta_ref,4,caught,skipped_noop,no_variant_deltas_to_perturb
delta_aero,broken_delta_ref,5,caught,skipped_noop,no_variant_deltas_to_perturb
delta_aero,broken_delta_ref,6,caught,skipped_noop,no_variant_deltas_to_perturb
delta_aero,broken_delta_ref,7,caught,skipped_noop,no_variant_deltas_to_perturb
delta_aero,broken_delta_ref,8,caught,skipped_noop,no_variant_deltas_to_perturb
delta_aero,broken_delta_ref,9,caught,skipped_noop,no_variant_deltas_to_perturb
delta_areal,broken_delta_ref,0,caught,skipped_noop,no_variant_deltas_to_perturb
delta_areal,broken_delta_ref,1,caught,skipped_noop,no_variant_deltas_to_perturb
delta_areal,broken_delta_ref,2,caught,skipped_noop,no_variant_deltas_to_perturb
delta_areal,broken_delta_ref,3,caught,skipped_noop,no_variant_deltas_to_perturb
delta_areal,broken_delta_ref,4,caught,skipped_noop,no_variant_deltas_to_perturb
delta_areal,broken_delta_ref,5,caught,skipped_noop,no_variant_deltas_to_perturb
delta_areal,broken_delta_ref,6,caught,skipped_noop,no_variant_deltas_to_perturb
delta_areal,broken_delta_ref,7,caught,skipped_noop,no_variant_deltas_to_perturb
delta_areal,broken_delta_ref,8,caught,skipped_noop,no_variant_deltas_to_perturb
delta_areal,broken_delta_ref,9,caught,skipped_noop,no_variant_deltas_to_perturb
delta_cppo,broken_delta_ref,0,caught,skipped_noop,no_variant_deltas_to_perturb
delta_cppo,broken_delta_ref,1,caught,skipped_noop,no_variant_deltas_to_perturb
delta_cppo,broken_delta_ref,2,caught,skipped_noop,no_variant_deltas_to_perturb
delta_cppo,broken_delta_ref,3,caught,skipped_noop,no_variant_deltas_to_perturb
delta_cppo,broken_delta_ref,4,caught,skipped_noop,no_variant_deltas_to_perturb
delta_cppo,broken_delta_ref,5,caught,skipped_noop,no_variant_deltas_to_perturb
delta_cppo,broken_delta_ref,6,caught,skipped_noop,no_variant_deltas_to_perturb
delta_cppo,broken_delta_ref,7,caught,skipped_noop,no_variant_deltas_to_perturb
delta_cppo,broken_delta_ref,8,caught,skipped_noop,no_variant_deltas_to_perturb
delta_cppo,broken_delta_ref,9,caught,skipped_noop,no_variant_deltas_to_perturb
delta_dapo,broken_delta_ref,0,caught,skipped_noop,no_variant_deltas_to_perturb
delta_dapo,broken_delta_ref,1,caught,skipped_noop,no_variant_deltas_to_perturb
delta_dapo,broken_delta_ref,2,caught,skipped_noop,no_variant_deltas_to_perturb
delta_dapo,broken_delta_ref,3,caught,skipped_noop,no_variant_deltas_to_perturb
delta_dapo,broken_delta_ref,4,caught,skipped_noop,no_variant_deltas_to_perturb
delta_dapo,broken_delta_ref,5,caught,skipped_noop,no_variant_deltas_to_perturb
delta_dapo,broken_delta_ref,6,caught,skipped_noop,no_variant_deltas_to_perturb
delta_dapo,broken_delta_ref,7,caught,skipped_noop,no_variant_deltas_to_perturb
delta_dapo,broken_delta_ref,8,caught,skipped_noop,no_variant_deltas_to_perturb
delta_dapo,broken_delta_ref,9,caught,skipped_noop,no_variant_deltas_to_perturb
delta_drgrpo,broken_delta_ref,0,caught,skipped_noop,no_variant_deltas_to_perturb
delta_drgrpo,broken_delta_ref,1,caught,skipped_noop,no_variant_deltas_to_perturb
delta_drgrpo,broken_delta_ref,2,caught,skipped_noop,no_variant_deltas_to_perturb
delta_drgrpo,broken_delta_ref,3,caught,skipped_noop,no_variant_deltas_to_perturb
delta_drgrpo,broken_delta_ref,4,caught,skipped_noop,no_variant_deltas_to_perturb
delta_drgrpo,broken_delta_ref,5,caught,skipped_noop,no_variant_deltas_to_perturb
delta_drgrpo,broken_delta_ref,6,caught,skipped_noop,no_variant_deltas_to_perturb
delta_drgrpo,broken_delta_ref,7,caught,skipped_noop,no_variant_deltas_to_perturb
delta_drgrpo,broken_delta_ref,8,caught,skipped_noop,no_variant_deltas_to_perturb
delta_drgrpo,broken_delta_ref,9,caught,skipped_noop,no_variant_deltas_to_perturb
delta_es,broken_delta_ref,0,caught,skipped_noop,no_variant_deltas_to_perturb
delta_es,broken_delta_ref,1,caught,skipped_noop,no_variant_deltas_to_perturb
delta_es,broken_delta_ref,2,caught,skipped_noop,no_variant_deltas_to_perturb
delta_es,broken_delta_ref,3,caught,skipped_noop,no_variant_deltas_to_perturb
delta_es,broken_delta_ref,4,caught,skipped_noop,no_variant_deltas_to_perturb
delta_es,broken_delta_ref,5,caught,skipped_noop,no_variant_deltas_to_perturb
delta_es,broken_delta_ref,6,caught,skipped_noop,no_variant_deltas_to_perturb
delta_es,broken_delta_ref,7,caught,skipped_noop,no_variant_deltas_to_perturb
delta_es,broken_delta_ref,8,caught,skipped_noop,no_variant_deltas_to_perturb
delta_es,broken_delta_ref,9,caught,skipped_noop,no_variant_deltas_to_perturb
delta_gift,broken_delta_ref,0,caught,skipped_noop,no_variant_deltas_to_perturb
delta_gift,broken_delta_ref,1,caught,skipped_noop,no_variant_deltas_to_perturb
delta_gift,broken_delta_ref,2,caught,skipped_noop,no_variant_deltas_to_perturb
delta_gift,broken_delta_ref,3,caught,skipped_noop,no_variant_deltas_to_perturb
delta_gift,broken_delta_ref,4,caught,skipped_noop,no_variant_deltas_to_perturb
delta_gift,broken_delta_ref,5,caught,skipped_noop,no_variant_deltas_to_perturb
delta_gift,broken_delta_ref,6,caught,skipped_noop,no_variant_deltas_to_perturb
delta_gift,broken_delta_ref,7,caught,skipped_noop,no_variant_deltas_to_perturb
delta_gift,broken_delta_ref,8,caught,skipped_noop,no_variant_deltas_to_perturb
delta_gift,broken_delta_ref,9,caught,skipped_noop,no_variant_deltas_to_perturb
delta_gspo,broken_delta_ref,0,caught,skipped_noop,no_variant_deltas_to_perturb
delta_gspo,broken_delta_ref,1,caught,skipped_noop,no_variant_deltas_to_perturb
delta_gspo,broken_delta_ref,2,caught,skipped_noop,no_variant_deltas_to_perturb
delta_gspo,broken_delta_ref,3,caught,skipped_noop,no_variant_deltas_to_perturb
delta_gspo,broken_delta_ref,4,caught,skipped_noop,no_variant_deltas_to_perturb
delta_gspo,broken_delta_ref,5,caught,skipped_noop,no_variant_deltas_to_perturb
delta_gspo,broken_delta_ref,6,caught,skipped_noop,no_variant_deltas_to_perturb
delta_gspo,broken_delta_ref,7,caught,skipped_noop,no_variant_deltas_to_perturb
delta_gspo,broken_delta_ref,8,caught,skipped_noop,no_variant_deltas_to_perturb
delta_gspo,broken_delta_ref,9,caught,skipped_noop,no_variant_deltas_to_perturb
delta_mcgrpo,broken_delta_ref,0,caught,skipped_noop,no_variant_deltas_to_perturb
delta_mcgrpo,broken_delta_ref,1,caught,skipped_noop,no_variant_deltas_to_perturb
delta_mcgrpo,broken_delta_ref,2,caught,skipped_noop,no_variant_deltas_to_perturb
delta_mcgrpo,broken_delta_ref,3,caught,skipped_noop,no_variant_deltas_to_perturb
delta_mcgrpo,broken_delta_ref,4,caught,skipped_noop,no_variant_deltas_to_perturb
delta_mcgrpo,broken_delta_ref,5,caught,skipped_noop,no_variant_deltas_to_perturb
delta_mcgrpo,broken_delta_ref,6,caught,skipped_noop,no_variant_deltas_to_perturb
delta_mcgrpo,broken_delta_ref,7,caught,skipped_noop,no_variant_deltas_to_perturb
delta_mcgrpo,broken_delta_ref,8,caught,skipped_noop,no_variant_deltas_to_perturb
delta_mcgrpo,broken_delta_ref,9,caught,skipped_noop,no_variant_deltas_to_perturb
delta_ngrpo,broken_delta_ref,0,caught,skipped_noop,no_variant_deltas_to_perturb
delta_ngrpo,broken_delta_ref,1,caught,skipped_noop,no_variant_deltas_to_perturb
delta_ngrpo,broken_delta_ref,2,caught,skipped_noop,no_variant_deltas_to_perturb
delta_ngrpo,broken_delta_ref,3,caught,skipped_noop,no_variant_deltas_to_perturb
delta_ngrpo,broken_delta_ref,4,caught,skipped_noop,no_variant_deltas_to_perturb
delta_ngrpo,broken_delta_ref,5,caught,skipped_noop,no_variant_deltas_to_perturb
delta_ngrpo,broken_delta_ref,6,caught,skipped_noop,no_variant_deltas_to_perturb
delta_ngrpo,broken_delta_ref,7,caught,skipped_noop,no_variant_deltas_to_perturb
delta_ngrpo,broken_delta_ref,8,caught,skipped_noop,no_variant_deltas_to_perturb
delta_ngrpo,broken_delta_ref,9,caught,skipped_noop,no_variant_deltas_to_perturb
delta_scafgrpo,broken_delta_ref,0,caught,skipped_noop,no_variant_deltas_to_perturb
delta_scafgrpo,broken_delta_ref,1,caught,skipped_noop,no_variant_deltas_to_perturb
delta_scafgrpo,broken_delta_ref,2,caught,skipped_noop,no_variant_deltas_to_perturb
delta_scafgrpo,broken_delta_ref,3,caught,skipped_noop,no_variant_deltas_to_perturb
delta_scafgrpo,broken_delta_ref,4,caught,skipped_noop,no_variant_deltas_to_perturb
delta_scafgrpo,broken_delta_ref,5,caught,skipped_noop,no_variant_deltas_to_perturb
delta_scafgrpo,broken_delta_ref,6,caught,skipped_noop,no_variant_deltas_to_perturb
delta_scafgrpo,broken_delta_ref,7,caught,skipped_noop,no_variant_deltas_to_perturb
delta_scafgrpo,broken_delta_ref,8,caught,skipped_noop,no_variant_deltas_to_perturb
delta_scafgrpo,broken_delta_ref,9,caught,skipped_noop,no_variant_deltas_to_perturb
openrlhf_grpo_qwen3-8b_gsm8k,broken_delta_ref,0,caught,skipped_noop,no_variant_deltas_to_perturb
openrlhf_grpo_qwen3-8b_gsm8k,broken_delta_ref,1,caught,skipped_noop,no_variant_deltas_to_perturb
openrlhf_grpo_qwen3-8b_gsm8k,broken_delta_ref,2,caught,skipped_noop,no_variant_deltas_to_perturb
openrlhf_grpo_qwen3-8b_gsm8k,broken_delta_ref,3,caught,skipped_noop,no_variant_deltas_to_perturb
openrlhf_grpo_qwen3-8b_gsm8k,broken_delta_ref,4,caught,skipped_noop,no_variant_deltas_to_perturb
openrlhf_grpo_qwen3-8b_gsm8k,broken_delta_ref,5,caught,skipped_noop,no_variant_deltas_to_perturb
openrlhf_grpo_qwen3-8b_gsm8k,broken_delta_ref,6,caught,skipped_noop,no_variant_deltas_to_perturb
openrlhf_grpo_qwen3-8b_gsm8k,broken_delta_ref,7,caught,skipped_noop,no_variant_deltas_to_perturb
openrlhf_grpo_qwen3-8b_gsm8k,broken_delta_ref,8,caught,skipped_noop,no_variant_deltas_to_perturb
openrlhf_grpo_qwen3-8b_gsm8k,broken_delta_ref,9,caught,skipped_noop,no_variant_deltas_to_perturb
tinker_aero_qwen3.5-4b_gsm8k,broken_delta_ref,0,caught,caught,broken_delta_ref
tinker_aero_qwen3.5-4b_gsm8k,broken_delta_ref,1,caught,caught,broken_delta_ref
tinker_aero_qwen3.5-4b_gsm8k,broken_delta_ref,2,caught,caught,broken_delta_ref
tinker_aero_qwen3.5-4b_gsm8k,broken_delta_ref,3,caught,caught,broken_delta_ref
tinker_aero_qwen3.5-4b_gsm8k,broken_delta_ref,4,caught,caught,broken_delta_ref
tinker_aero_qwen3.5-4b_gsm8k,broken_delta_ref,5,caught,caught,broken_delta_ref
tinker_aero_qwen3.5-4b_gsm8k,broken_delta_ref,6,caught,caught,broken_delta_ref
tinker_aero_qwen3.5-4b_gsm8k,broken_delta_ref,7,caught,caught,broken_delta_ref
tinker_aero_qwen3.5-4b_gsm8k,broken_delta_ref,8,caught,caught,broken_delta_ref
tinker_aero_qwen3.5-4b_gsm8k,broken_delta_ref,9,caught,caught,broken_delta_ref
tinker_areal_qwen3.5-4b_gsm8k,broken_delta_ref,0,caught,caught,broken_delta_ref
tinker_areal_qwen3.5-4b_gsm8k,broken_delta_ref,1,caught,caught,broken_delta_ref
tinker_areal_qwen3.5-4b_gsm8k,broken_delta_ref,2,caught,caught,broken_delta_ref
tinker_areal_qwen3.5-4b_gsm8k,broken_delta_ref,3,caught,caught,broken_delta_ref
tinker_areal_qwen3.5-4b_gsm8k,broken_delta_ref,4,caught,caught,broken_delta_ref
tinker_areal_qwen3.5-4b_gsm8k,broken_delta_ref,5,caught,caught,broken_delta_ref
tinker_areal_qwen3.5-4b_gsm8k,broken_delta_ref,6,caught,caught,broken_delta_ref
tinker_areal_qwen3.5-4b_gsm8k,broken_delta_ref,7,caught,caught,broken_delta_ref
tinker_areal_qwen3.5-4b_gsm8k,broken_delta_ref,8,caught,caught,broken_delta_ref
tinker_areal_qwen3.5-4b_gsm8k,broken_delta_ref,9,caught,caught,broken_delta_ref
tinker_dapo_qwen3.5-4b_gsm8k,broken_delta_ref,0,caught,caught,broken_delta_ref
tinker_dapo_qwen3.5-4b_gsm8k,broken_delta_ref,1,caught,caught,broken_delta_ref
tinker_dapo_qwen3.5-4b_gsm8k,broken_delta_ref,2,caught,caught,broken_delta_ref
tinker_dapo_qwen3.5-4b_gsm8k,broken_delta_ref,3,caught,caught,broken_delta_ref
tinker_dapo_qwen3.5-4b_gsm8k,broken_delta_ref,4,caught,caught,broken_delta_ref
tinker_dapo_qwen3.5-4b_gsm8k,broken_delta_ref,5,caught,caught,broken_delta_ref
tinker_dapo_qwen3.5-4b_gsm8k,broken_delta_ref,6,caught,caught,broken_delta_ref
tinker_dapo_qwen3.5-4b_gsm8k,broken_delta_ref,7,caught,caught,broken_delta_ref
tinker_dapo_qwen3.5-4b_gsm8k,broken_delta_ref,8,caught,caught,broken_delta_ref
tinker_dapo_qwen3.5-4b_gsm8k,broken_delta_ref,9,caught,caught,broken_delta_ref
tinker_drgrpo_qwen3.5-4b_gsm8k,broken_delta_ref,0,caught,caught,broken_delta_ref
tinker_drgrpo_qwen3.5-4b_gsm8k,broken_delta_ref,1,caught,caught,broken_delta_ref
tinker_drgrpo_qwen3.5-4b_gsm8k,broken_delta_ref,2,caught,caught,broken_delta_ref
tinker_drgrpo_qwen3.5-4b_gsm8k,broken_delta_ref,3,caught,caught,broken_delta_ref
tinker_drgrpo_qwen3.5-4b_gsm8k,broken_delta_ref,4,caught,caught,broken_delta_ref
tinker_drgrpo_qwen3.5-4b_gsm8k,broken_delta_ref,5,caught,caught,broken_delta_ref
tinker_drgrpo_qwen3.5-4b_gsm8k,broken_delta_ref,6,caught,caught,broken_delta_ref
tinker_drgrpo_qwen3.5-4b_gsm8k,broken_delta_ref,7,caught,caught,broken_delta_ref
tinker_drgrpo_qwen3.5-4b_gsm8k,broken_delta_ref,8,caught,caught,broken_delta_ref
tinker_drgrpo_qwen3.5-4b_gsm8k,broken_delta_ref,9,caught,caught,broken_delta_ref
tinker_gift_qwen3.5-4b_gsm8k,broken_delta_ref,0,caught,caught,broken_delta_ref
tinker_gift_qwen3.5-4b_gsm8k,broken_delta_ref,1,caught,caught,broken_delta_ref
tinker_gift_qwen3.5-4b_gsm8k,broken_delta_ref,2,caught,caught,broken_delta_ref
tinker_gift_qwen3.5-4b_gsm8k,broken_delta_ref,3,caught,caught,broken_delta_ref
tinker_gift_qwen3.5-4b_gsm8k,broken_delta_ref,4,caught,caught,broken_delta_ref
tinker_gift_qwen3.5-4b_gsm8k,broken_delta_ref,5,caught,caught,broken_delta_ref
tinker_gift_qwen3.5-4b_gsm8k,broken_delta_ref,6,caught,caught,broken_delta_ref
tinker_gift_qwen3.5-4b_gsm8k,broken_delta_ref,7,caught,caught,broken_delta_ref
tinker_gift_qwen3.5-4b_gsm8k,broken_delta_ref,8,caught,caught,broken_delta_ref
tinker_gift_qwen3.5-4b_gsm8k,broken_delta_ref,9,caught,caught,broken_delta_ref
tinker_grpo_qwen3-8b_gsm8k,broken_delta_ref,0,caught,skipped_noop,no_variant_deltas_to_perturb
tinker_grpo_qwen3-8b_gsm8k,broken_delta_ref,1,caught,skipped_noop,no_variant_deltas_to_perturb
tinker_grpo_qwen3-8b_gsm8k,broken_delta_ref,2,caught,skipped_noop,no_variant_deltas_to_perturb
tinker_grpo_qwen3-8b_gsm8k,broken_delta_ref,3,caught,skipped_noop,no_variant_deltas_to_perturb
tinker_grpo_qwen3-8b_gsm8k,broken_delta_ref,4,caught,skipped_noop,no_variant_deltas_to_perturb
tinker_grpo_qwen3-8b_gsm8k,broken_delta_ref,5,caught,skipped_noop,no_variant_deltas_to_perturb
tinker_grpo_qwen3-8b_gsm8k,broken_delta_ref,6,caught,skipped_noop,no_variant_deltas_to_perturb
tinker_grpo_qwen3-8b_gsm8k,broken_delta_ref,7,caught,skipped_noop,no_variant_deltas_to_perturb
tinker_grpo_qwen3-8b_gsm8k,broken_delta_ref,8,caught,skipped_noop,no_variant_deltas_to_perturb
tinker_grpo_qwen3-8b_gsm8k,broken_delta_ref,9,caught,skipped_noop,no_variant_deltas_to_perturb
tinker_grpo_qwen3.5-4b_gsm8k,broken_delta_ref,0,caught,skipped_noop,no_variant_deltas_to_perturb
tinker_grpo_qwen3.5-4b_gsm8k,broken_delta_ref,1,caught,skipped_noop,no_variant_deltas_to_perturb
tinker_grpo_qwen3.5-4b_gsm8k,broken_delta_ref,2,caught,skipped_noop,no_variant_deltas_to_perturb
tinker_grpo_qwen3.5-4b_gsm8k,broken_delta_ref,3,caught,skipped_noop,no_variant_deltas_to_perturb
tinker_grpo_qwen3.5-4b_gsm8k,broken_delta_ref,4,caught,skipped_noop,no_variant_deltas_to_perturb
tinker_grpo_qwen3.5-4b_gsm8k,broken_delta_ref,5,caught,skipped_noop,no_variant_deltas_to_perturb
tinker_grpo_qwen3.5-4b_gsm8k,broken_delta_ref,6,caught,skipped_noop,no_variant_deltas_to_perturb
tinker_grpo_qwen3.5-4b_gsm8k,broken_delta_ref,7,caught,skipped_noop,no_variant_deltas_to_perturb
tinker_grpo_qwen3.5-4b_gsm8k,broken_delta_ref,8,caught,skipped_noop,no_variant_deltas_to_perturb
tinker_grpo_qwen3.5-4b_gsm8k,broken_delta_ref,9,caught,skipped_noop,no_variant_deltas_to_perturb
tinker_gspo_qwen3.5-4b_gsm8k,broken_delta_ref,0,caught,caught,broken_delta_ref
tinker_gspo_qwen3.5-4b_gsm8k,broken_delta_ref,1,caught,caught,broken_delta_ref
tinker_gspo_qwen3.5-4b_gsm8k,broken_delta_ref,2,caught,caught,broken_delta_ref
tinker_gspo_qwen3.5-4b_gsm8k,broken_delta_ref,3,caught,caught,broken_delta_ref
tinker_gspo_qwen3.5-4b_gsm8k,broken_delta_ref,4,caught,caught,broken_delta_ref
tinker_gspo_qwen3.5-4b_gsm8k,broken_delta_ref,5,caught,caught,broken_delta_ref
tinker_gspo_qwen3.5-4b_gsm8k,broken_delta_ref,6,caught,caught,broken_delta_ref
tinker_gspo_qwen3.5-4b_gsm8k,broken_delta_ref,7,caught,caught,broken_delta_ref
tinker_gspo_qwen3.5-4b_gsm8k,broken_delta_ref,8,caught,caught,broken_delta_ref
tinker_gspo_qwen3.5-4b_gsm8k,broken_delta_ref,9,caught,caught,broken_delta_ref
trl_grpo_qwen3-8b_gsm8k,broken_delta_ref,0,caught,skipped_noop,no_variant_deltas_to_perturb
trl_grpo_qwen3-8b_gsm8k,broken_delta_ref,1,caught,skipped_noop,no_variant_deltas_to_perturb
trl_grpo_qwen3-8b_gsm8k,broken_delta_ref,2,caught,skipped_noop,no_variant_deltas_to_perturb
trl_grpo_qwen3-8b_gsm8k,broken_delta_ref,3,caught,skipped_noop,no_variant_deltas_to_perturb
trl_grpo_qwen3-8b_gsm8k,broken_delta_ref,4,caught,skipped_noop,no_variant_deltas_to_perturb
trl_grpo_qwen3-8b_gsm8k,broken_delta_ref,5,caught,skipped_noop,no_variant_deltas_to_perturb
trl_grpo_qwen3-8b_gsm8k,broken_delta_ref,6,caught,skipped_noop,no_variant_deltas_to_perturb
trl_grpo_qwen3-8b_gsm8k,broken_delta_ref,7,caught,skipped_noop,no_variant_deltas_to_perturb
trl_grpo_qwen3-8b_gsm8k,broken_delta_ref,8,caught,skipped_noop,no_variant_deltas_to_perturb
trl_grpo_qwen3-8b_gsm8k,broken_delta_ref,9,caught,skipped_noop,no_variant_deltas_to_perturb
verl_grpo_qwen3-8b_gsm8k,broken_delta_ref,0,caught,skipped_noop,no_variant_deltas_to_perturb
verl_grpo_qwen3-8b_gsm8k,broken_delta_ref,1,caught,skipped_noop,no_variant_deltas_to_perturb
verl_grpo_qwen3-8b_gsm8k,broken_delta_ref,2,caught,skipped_noop,no_variant_deltas_to_perturb
verl_grpo_qwen3-8b_gsm8k,broken_delta_ref,3,caught,skipped_noop,no_variant_deltas_to_perturb
verl_grpo_qwen3-8b_gsm8k,broken_delta_ref,4,caught,skipped_noop,no_variant_deltas_to_perturb
verl_grpo_qwen3-8b_gsm8k,broken_delta_ref,5,caught,skipped_noop,no_variant_deltas_to_perturb
verl_grpo_qwen3-8b_gsm8k,broken_delta_ref,6,caught,skipped_noop,no_variant_deltas_to_perturb
verl_grpo_qwen3-8b_gsm8k,broken_delta_ref,7,caught,skipped_noop,no_variant_deltas_to_perturb
verl_grpo_qwen3-8b_gsm8k,broken_delta_ref,8,caught,skipped_noop,no_variant_deltas_to_perturb
verl_grpo_qwen3-8b_gsm8k,broken_delta_ref,9,caught,skipped_noop,no_variant_deltas_to_perturb
zvf130_cppo,broken_delta_ref,0,caught,caught,broken_delta_ref
zvf130_cppo,broken_delta_ref,1,caught,caught,broken_delta_ref
zvf130_cppo,broken_delta_ref,2,caught,caught,broken_delta_ref
zvf130_cppo,broken_delta_ref,3,caught,caught,broken_delta_ref
zvf130_cppo,broken_delta_ref,4,caught,caught,broken_delta_ref
zvf130_cppo,broken_delta_ref,5,caught,caught,broken_delta_ref
zvf130_cppo,broken_delta_ref,6,caught,caught,broken_delta_ref
zvf130_cppo,broken_delta_ref,7,caught,caught,broken_delta_ref
zvf130_cppo,broken_delta_ref,8,caught,caught,broken_delta_ref
zvf130_cppo,broken_delta_ref,9,caught,caught,broken_delta_ref
zvf130_es,broken_delta_ref,0,caught,caught,broken_delta_ref
zvf130_es,broken_delta_ref,1,caught,caught,broken_delta_ref
zvf130_es,broken_delta_ref,2,caught,caught,broken_delta_ref
zvf130_es,broken_delta_ref,3,caught,caught,broken_delta_ref
zvf130_es,broken_delta_ref,4,caught,caught,broken_delta_ref
zvf130_es,broken_delta_ref,5,caught,caught,broken_delta_ref
zvf130_es,broken_delta_ref,6,caught,caught,broken_delta_ref
zvf130_es,broken_delta_ref,7,caught,caught,broken_delta_ref
zvf130_es,broken_delta_ref,8,caught,caught,broken_delta_ref
zvf130_es,broken_delta_ref,9,caught,caught,broken_delta_ref
zvf130_mcgrpo,broken_delta_ref,0,caught,caught,broken_delta_ref
zvf130_mcgrpo,broken_delta_ref,1,caught,caught,broken_delta_ref
zvf130_mcgrpo,broken_delta_ref,2,caught,caught,broken_delta_ref
zvf130_mcgrpo,broken_delta_ref,3,caught,caught,broken_delta_ref
zvf130_mcgrpo,broken_delta_ref,4,caught,caught,broken_delta_ref
zvf130_mcgrpo,broken_delta_ref,5,caught,caught,broken_delta_ref
zvf130_mcgrpo,broken_delta_ref,6,caught,caught,broken_delta_ref
zvf130_mcgrpo,broken_delta_ref,7,caught,caught,broken_delta_ref
zvf130_mcgrpo,broken_delta_ref,8,caught,caught,broken_delta_ref
zvf130_mcgrpo,broken_delta_ref,9,caught,caught,broken_delta_ref
zvf130_ngrpo,broken_delta_ref,0,caught,caught,broken_delta_ref
zvf130_ngrpo,broken_delta_ref,1,caught,caught,broken_delta_ref
zvf130_ngrpo,broken_delta_ref,2,caught,caught,broken_delta_ref
zvf130_ngrpo,broken_delta_ref,3,caught,caught,broken_delta_ref
zvf130_ngrpo,broken_delta_ref,4,caught,caught,broken_delta_ref
zvf130_ngrpo,broken_delta_ref,5,caught,caught,broken_delta_ref
zvf130_ngrpo,broken_delta_ref,6,caught,caught,broken_delta_ref
zvf130_ngrpo,broken_delta_ref,7,caught,caught,broken_delta_ref
zvf130_ngrpo,broken_delta_ref,8,caught,caught,broken_delta_ref
zvf130_ngrpo,broken_delta_ref,9,caught,caught,broken_delta_ref
zvf130_scafgrpo,broken_delta_ref,0,caught,caught,broken_delta_ref
zvf130_scafgrpo,broken_delta_ref,1,caught,caught,broken_delta_ref
zvf130_scafgrpo,broken_delta_ref,2,caught,caught,broken_delta_ref
zvf130_scafgrpo,broken_delta_ref,3,caught,caught,broken_delta_ref
zvf130_scafgrpo,broken_delta_ref,4,caught,caught,broken_delta_ref
zvf130_scafgrpo,broken_delta_ref,5,caught,caught,broken_delta_ref
zvf130_scafgrpo,broken_delta_ref,6,caught,caught,broken_delta_ref
zvf130_scafgrpo,broken_delta_ref,7,caught,caught,broken_delta_ref
zvf130_scafgrpo,broken_delta_ref,8,caught,caught,broken_delta_ref
zvf130_scafgrpo,broken_delta_ref,9,caught,caught,broken_delta_ref
colab-open_dapo_e3,wrong_type_outcomes,0,caught,caught,wrong_type:outcomes
colab-open_dapo_e3,wrong_type_outcomes,1,caught,caught,wrong_type:outcomes
colab-open_dapo_e3,wrong_type_outcomes,2,caught,caught,wrong_type:outcomes
colab-open_dapo_e3,wrong_type_outcomes,3,caught,caught,wrong_type:outcomes
colab-open_dapo_e3,wrong_type_outcomes,4,caught,caught,wrong_type:outcomes
colab-open_dapo_e3,wrong_type_outcomes,5,caught,caught,wrong_type:outcomes
colab-open_dapo_e3,wrong_type_outcomes,6,caught,caught,wrong_type:outcomes
colab-open_dapo_e3,wrong_type_outcomes,7,caught,caught,wrong_type:outcomes
colab-open_dapo_e3,wrong_type_outcomes,8,caught,caught,wrong_type:outcomes
colab-open_dapo_e3,wrong_type_outcomes,9,caught,caught,wrong_type:outcomes
colab-open_drgrpo_e3,wrong_type_outcomes,0,caught,caught,wrong_type:outcomes
colab-open_drgrpo_e3,wrong_type_outcomes,1,caught,caught,wrong_type:outcomes
colab-open_drgrpo_e3,wrong_type_outcomes,2,caught,caught,wrong_type:outcomes
colab-open_drgrpo_e3,wrong_type_outcomes,3,caught,caught,wrong_type:outcomes
colab-open_drgrpo_e3,wrong_type_outcomes,4,caught,caught,wrong_type:outcomes
colab-open_drgrpo_e3,wrong_type_outcomes,5,caught,caught,wrong_type:outcomes
colab-open_drgrpo_e3,wrong_type_outcomes,6,caught,caught,wrong_type:outcomes
colab-open_drgrpo_e3,wrong_type_outcomes,7,caught,caught,wrong_type:outcomes
colab-open_drgrpo_e3,wrong_type_outcomes,8,caught,caught,wrong_type:outcomes
colab-open_drgrpo_e3,wrong_type_outcomes,9,caught,caught,wrong_type:outcomes
colab-open_grpo-adaptiveg_e3,wrong_type_outcomes,0,caught,caught,wrong_type:outcomes
colab-open_grpo-adaptiveg_e3,wrong_type_outcomes,1,caught,caught,wrong_type:outcomes
colab-open_grpo-adaptiveg_e3,wrong_type_outcomes,2,caught,caught,wrong_type:outcomes
colab-open_grpo-adaptiveg_e3,wrong_type_outcomes,3,caught,caught,wrong_type:outcomes
colab-open_grpo-adaptiveg_e3,wrong_type_outcomes,4,caught,caught,wrong_type:outcomes
colab-open_grpo-adaptiveg_e3,wrong_type_outcomes,5,caught,caught,wrong_type:outcomes
colab-open_grpo-adaptiveg_e3,wrong_type_outcomes,6,caught,caught,wrong_type:outcomes
colab-open_grpo-adaptiveg_e3,wrong_type_outcomes,7,caught,caught,wrong_type:outcomes
colab-open_grpo-adaptiveg_e3,wrong_type_outcomes,8,caught,caught,wrong_type:outcomes
colab-open_grpo-adaptiveg_e3,wrong_type_outcomes,9,caught,caught,wrong_type:outcomes
colab-open_grpo_e3,wrong_type_outcomes,0,caught,caught,wrong_type:outcomes
colab-open_grpo_e3,wrong_type_outcomes,1,caught,caught,wrong_type:outcomes
colab-open_grpo_e3,wrong_type_outcomes,2,caught,caught,wrong_type:outcomes
colab-open_grpo_e3,wrong_type_outcomes,3,caught,caught,wrong_type:outcomes
colab-open_grpo_e3,wrong_type_outcomes,4,caught,caught,wrong_type:outcomes
colab-open_grpo_e3,wrong_type_outcomes,5,caught,caught,wrong_type:outcomes
colab-open_grpo_e3,wrong_type_outcomes,6,caught,caught,wrong_type:outcomes
colab-open_grpo_e3,wrong_type_outcomes,7,caught,caught,wrong_type:outcomes
colab-open_grpo_e3,wrong_type_outcomes,8,caught,caught,wrong_type:outcomes
colab-open_grpo_e3,wrong_type_outcomes,9,caught,caught,wrong_type:outcomes
delta_aero,wrong_type_outcomes,0,caught,caught,wrong_type:outcomes
delta_aero,wrong_type_outcomes,1,caught,caught,wrong_type:outcomes
delta_aero,wrong_type_outcomes,2,caught,caught,wrong_type:outcomes
delta_aero,wrong_type_outcomes,3,caught,caught,wrong_type:outcomes
delta_aero,wrong_type_outcomes,4,caught,caught,wrong_type:outcomes
delta_aero,wrong_type_outcomes,5,caught,caught,wrong_type:outcomes
delta_aero,wrong_type_outcomes,6,caught,caught,wrong_type:outcomes
delta_aero,wrong_type_outcomes,7,caught,caught,wrong_type:outcomes
delta_aero,wrong_type_outcomes,8,caught,caught,wrong_type:outcomes
delta_aero,wrong_type_outcomes,9,caught,caught,wrong_type:outcomes
delta_areal,wrong_type_outcomes,0,caught,caught,wrong_type:outcomes
delta_areal,wrong_type_outcomes,1,caught,caught,wrong_type:outcomes
delta_areal,wrong_type_outcomes,2,caught,caught,wrong_type:outcomes
delta_areal,wrong_type_outcomes,3,caught,caught,wrong_type:outcomes
delta_areal,wrong_type_outcomes,4,caught,caught,wrong_type:outcomes
delta_areal,wrong_type_outcomes,5,caught,caught,wrong_type:outcomes
delta_areal,wrong_type_outcomes,6,caught,caught,wrong_type:outcomes
delta_areal,wrong_type_outcomes,7,caught,caught,wrong_type:outcomes
delta_areal,wrong_type_outcomes,8,caught,caught,wrong_type:outcomes
delta_areal,wrong_type_outcomes,9,caught,caught,wrong_type:outcomes
delta_cppo,wrong_type_outcomes,0,caught,caught,wrong_type:outcomes
delta_cppo,wrong_type_outcomes,1,caught,caught,wrong_type:outcomes
delta_cppo,wrong_type_outcomes,2,caught,caught,wrong_type:outcomes
delta_cppo,wrong_type_outcomes,3,caught,caught,wrong_type:outcomes
delta_cppo,wrong_type_outcomes,4,caught,caught,wrong_type:outcomes
delta_cppo,wrong_type_outcomes,5,caught,caught,wrong_type:outcomes
delta_cppo,wrong_type_outcomes,6,caught,caught,wrong_type:outcomes
delta_cppo,wrong_type_outcomes,7,caught,caught,wrong_type:outcomes
delta_cppo,wrong_type_outcomes,8,caught,caught,wrong_type:outcomes
delta_cppo,wrong_type_outcomes,9,caught,caught,wrong_type:outcomes
delta_dapo,wrong_type_outcomes,0,caught,caught,wrong_type:outcomes
delta_dapo,wrong_type_outcomes,1,caught,caught,wrong_type:outcomes
delta_dapo,wrong_type_outcomes,2,caught,caught,wrong_type:outcomes
delta_dapo,wrong_type_outcomes,3,caught,caught,wrong_type:outcomes
delta_dapo,wrong_type_outcomes,4,caught,caught,wrong_type:outcomes
delta_dapo,wrong_type_outcomes,5,caught,caught,wrong_type:outcomes
delta_dapo,wrong_type_outcomes,6,caught,caught,wrong_type:outcomes
delta_dapo,wrong_type_outcomes,7,caught,caught,wrong_type:outcomes
delta_dapo,wrong_type_outcomes,8,caught,caught,wrong_type:outcomes
delta_dapo,wrong_type_outcomes,9,caught,caught,wrong_type:outcomes
delta_drgrpo,wrong_type_outcomes,0,caught,caught,wrong_type:outcomes
delta_drgrpo,wrong_type_outcomes,1,caught,caught,wrong_type:outcomes
delta_drgrpo,wrong_type_outcomes,2,caught,caught,wrong_type:outcomes
delta_drgrpo,wrong_type_outcomes,3,caught,caught,wrong_type:outcomes
delta_drgrpo,wrong_type_outcomes,4,caught,caught,wrong_type:outcomes
delta_drgrpo,wrong_type_outcomes,5,caught,caught,wrong_type:outcomes
delta_drgrpo,wrong_type_outcomes,6,caught,caught,wrong_type:outcomes
delta_drgrpo,wrong_type_outcomes,7,caught,caught,wrong_type:outcomes
delta_drgrpo,wrong_type_outcomes,8,caught,caught,wrong_type:outcomes
delta_drgrpo,wrong_type_outcomes,9,caught,caught,wrong_type:outcomes
delta_es,wrong_type_outcomes,0,caught,caught,wrong_type:outcomes
delta_es,wrong_type_outcomes,1,caught,caught,wrong_type:outcomes
delta_es,wrong_type_outcomes,2,caught,caught,wrong_type:outcomes
delta_es,wrong_type_outcomes,3,caught,caught,wrong_type:outcomes
delta_es,wrong_type_outcomes,4,caught,caught,wrong_type:outcomes
delta_es,wrong_type_outcomes,5,caught,caught,wrong_type:outcomes
delta_es,wrong_type_outcomes,6,caught,caught,wrong_type:outcomes
delta_es,wrong_type_outcomes,7,caught,caught,wrong_type:outcomes
delta_es,wrong_type_outcomes,8,caught,caught,wrong_type:outcomes
delta_es,wrong_type_outcomes,9,caught,caught,wrong_type:outcomes
delta_gift,wrong_type_outcomes,0,caught,caught,wrong_type:outcomes
delta_gift,wrong_type_outcomes,1,caught,caught,wrong_type:outcomes
delta_gift,wrong_type_outcomes,2,caught,caught,wrong_type:outcomes
delta_gift,wrong_type_outcomes,3,caught,caught,wrong_type:outcomes
delta_gift,wrong_type_outcomes,4,caught,caught,wrong_type:outcomes
delta_gift,wrong_type_outcomes,5,caught,caught,wrong_type:outcomes
delta_gift,wrong_type_outcomes,6,caught,caught,wrong_type:outcomes
delta_gift,wrong_type_outcomes,7,caught,caught,wrong_type:outcomes
delta_gift,wrong_type_outcomes,8,caught,caught,wrong_type:outcomes
delta_gift,wrong_type_outcomes,9,caught,caught,wrong_type:outcomes
delta_gspo,wrong_type_outcomes,0,caught,caught,wrong_type:outcomes
delta_gspo,wrong_type_outcomes,1,caught,caught,wrong_type:outcomes
delta_gspo,wrong_type_outcomes,2,caught,caught,wrong_type:outcomes
delta_gspo,wrong_type_outcomes,3,caught,caught,wrong_type:outcomes
delta_gspo,wrong_type_outcomes,4,caught,caught,wrong_type:outcomes
delta_gspo,wrong_type_outcomes,5,caught,caught,wrong_type:outcomes
delta_gspo,wrong_type_outcomes,6,caught,caught,wrong_type:outcomes
delta_gspo,wrong_type_outcomes,7,caught,caught,wrong_type:outcomes
delta_gspo,wrong_type_outcomes,8,caught,caught,wrong_type:outcomes
delta_gspo,wrong_type_outcomes,9,caught,caught,wrong_type:outcomes
delta_mcgrpo,wrong_type_outcomes,0,caught,caught,wrong_type:outcomes
delta_mcgrpo,wrong_type_outcomes,1,caught,caught,wrong_type:outcomes
delta_mcgrpo,wrong_type_outcomes,2,caught,caught,wrong_type:outcomes
delta_mcgrpo,wrong_type_outcomes,3,caught,caught,wrong_type:outcomes
delta_mcgrpo,wrong_type_outcomes,4,caught,caught,wrong_type:outcomes
delta_mcgrpo,wrong_type_outcomes,5,caught,caught,wrong_type:outcomes
delta_mcgrpo,wrong_type_outcomes,6,caught,caught,wrong_type:outcomes
delta_mcgrpo,wrong_type_outcomes,7,caught,caught,wrong_type:outcomes
delta_mcgrpo,wrong_type_outcomes,8,caught,caught,wrong_type:outcomes
delta_mcgrpo,wrong_type_outcomes,9,caught,caught,wrong_type:outcomes
delta_ngrpo,wrong_type_outcomes,0,caught,caught,wrong_type:outcomes
delta_ngrpo,wrong_type_outcomes,1,caught,caught,wrong_type:outcomes
delta_ngrpo,wrong_type_outcomes,2,caught,caught,wrong_type:outcomes
delta_ngrpo,wrong_type_outcomes,3,caught,caught,wrong_type:outcomes
delta_ngrpo,wrong_type_outcomes,4,caught,caught,wrong_type:outcomes
delta_ngrpo,wrong_type_outcomes,5,caught,caught,wrong_type:outcomes
delta_ngrpo,wrong_type_outcomes,6,caught,caught,wrong_type:outcomes
delta_ngrpo,wrong_type_outcomes,7,caught,caught,wrong_type:outcomes
delta_ngrpo,wrong_type_outcomes,8,caught,caught,wrong_type:outcomes
delta_ngrpo,wrong_type_outcomes,9,caught,caught,wrong_type:outcomes
delta_scafgrpo,wrong_type_outcomes,0,caught,caught,wrong_type:outcomes
delta_scafgrpo,wrong_type_outcomes,1,caught,caught,wrong_type:outcomes
delta_scafgrpo,wrong_type_outcomes,2,caught,caught,wrong_type:outcomes
delta_scafgrpo,wrong_type_outcomes,3,caught,caught,wrong_type:outcomes
delta_scafgrpo,wrong_type_outcomes,4,caught,caught,wrong_type:outcomes
delta_scafgrpo,wrong_type_outcomes,5,caught,caught,wrong_type:outcomes
delta_scafgrpo,wrong_type_outcomes,6,caught,caught,wrong_type:outcomes
delta_scafgrpo,wrong_type_outcomes,7,caught,caught,wrong_type:outcomes
delta_scafgrpo,wrong_type_outcomes,8,caught,caught,wrong_type:outcomes
delta_scafgrpo,wrong_type_outcomes,9,caught,caught,wrong_type:outcomes
openrlhf_grpo_qwen3-8b_gsm8k,wrong_type_outcomes,0,caught,caught,wrong_type:outcomes
openrlhf_grpo_qwen3-8b_gsm8k,wrong_type_outcomes,1,caught,caught,wrong_type:outcomes
openrlhf_grpo_qwen3-8b_gsm8k,wrong_type_outcomes,2,caught,caught,wrong_type:outcomes
openrlhf_grpo_qwen3-8b_gsm8k,wrong_type_outcomes,3,caught,caught,wrong_type:outcomes
openrlhf_grpo_qwen3-8b_gsm8k,wrong_type_outcomes,4,caught,caught,wrong_type:outcomes
openrlhf_grpo_qwen3-8b_gsm8k,wrong_type_outcomes,5,caught,caught,wrong_type:outcomes
openrlhf_grpo_qwen3-8b_gsm8k,wrong_type_outcomes,6,caught,caught,wrong_type:outcomes
openrlhf_grpo_qwen3-8b_gsm8k,wrong_type_outcomes,7,caught,caught,wrong_type:outcomes
openrlhf_grpo_qwen3-8b_gsm8k,wrong_type_outcomes,8,caught,caught,wrong_type:outcomes
openrlhf_grpo_qwen3-8b_gsm8k,wrong_type_outcomes,9,caught,caught,wrong_type:outcomes
tinker_aero_qwen3.5-4b_gsm8k,wrong_type_outcomes,0,caught,caught,wrong_type:outcomes
tinker_aero_qwen3.5-4b_gsm8k,wrong_type_outcomes,1,caught,caught,wrong_type:outcomes
tinker_aero_qwen3.5-4b_gsm8k,wrong_type_outcomes,2,caught,caught,wrong_type:outcomes
tinker_aero_qwen3.5-4b_gsm8k,wrong_type_outcomes,3,caught,caught,wrong_type:outcomes
tinker_aero_qwen3.5-4b_gsm8k,wrong_type_outcomes,4,caught,caught,wrong_type:outcomes
tinker_aero_qwen3.5-4b_gsm8k,wrong_type_outcomes,5,caught,caught,wrong_type:outcomes
tinker_aero_qwen3.5-4b_gsm8k,wrong_type_outcomes,6,caught,caught,wrong_type:outcomes
tinker_aero_qwen3.5-4b_gsm8k,wrong_type_outcomes,7,caught,caught,wrong_type:outcomes
tinker_aero_qwen3.5-4b_gsm8k,wrong_type_outcomes,8,caught,caught,wrong_type:outcomes
tinker_aero_qwen3.5-4b_gsm8k,wrong_type_outcomes,9,caught,caught,wrong_type:outcomes
tinker_areal_qwen3.5-4b_gsm8k,wrong_type_outcomes,0,caught,caught,wrong_type:outcomes
tinker_areal_qwen3.5-4b_gsm8k,wrong_type_outcomes,1,caught,caught,wrong_type:outcomes
tinker_areal_qwen3.5-4b_gsm8k,wrong_type_outcomes,2,caught,caught,wrong_type:outcomes
tinker_areal_qwen3.5-4b_gsm8k,wrong_type_outcomes,3,caught,caught,wrong_type:outcomes
tinker_areal_qwen3.5-4b_gsm8k,wrong_type_outcomes,4,caught,caught,wrong_type:outcomes
tinker_areal_qwen3.5-4b_gsm8k,wrong_type_outcomes,5,caught,caught,wrong_type:outcomes
tinker_areal_qwen3.5-4b_gsm8k,wrong_type_outcomes,6,caught,caught,wrong_type:outcomes
tinker_areal_qwen3.5-4b_gsm8k,wrong_type_outcomes,7,caught,caught,wrong_type:outcomes
tinker_areal_qwen3.5-4b_gsm8k,wrong_type_outcomes,8,caught,caught,wrong_type:outcomes
tinker_areal_qwen3.5-4b_gsm8k,wrong_type_outcomes,9,caught,caught,wrong_type:outcomes
tinker_dapo_qwen3.5-4b_gsm8k,wrong_type_outcomes,0,caught,caught,wrong_type:outcomes
tinker_dapo_qwen3.5-4b_gsm8k,wrong_type_outcomes,1,caught,caught,wrong_type:outcomes
tinker_dapo_qwen3.5-4b_gsm8k,wrong_type_outcomes,2,caught,caught,wrong_type:outcomes
tinker_dapo_qwen3.5-4b_gsm8k,wrong_type_outcomes,3,caught,caught,wrong_type:outcomes
tinker_dapo_qwen3.5-4b_gsm8k,wrong_type_outcomes,4,caught,caught,wrong_type:outcomes
tinker_dapo_qwen3.5-4b_gsm8k,wrong_type_outcomes,5,caught,caught,wrong_type:outcomes
tinker_dapo_qwen3.5-4b_gsm8k,wrong_type_outcomes,6,caught,caught,wrong_type:outcomes
tinker_dapo_qwen3.5-4b_gsm8k,wrong_type_outcomes,7,caught,caught,wrong_type:outcomes
tinker_dapo_qwen3.5-4b_gsm8k,wrong_type_outcomes,8,caught,caught,wrong_type:outcomes
tinker_dapo_qwen3.5-4b_gsm8k,wrong_type_outcomes,9,caught,caught,wrong_type:outcomes
tinker_drgrpo_qwen3.5-4b_gsm8k,wrong_type_outcomes,0,caught,caught,wrong_type:outcomes
tinker_drgrpo_qwen3.5-4b_gsm8k,wrong_type_outcomes,1,caught,caught,wrong_type:outcomes
tinker_drgrpo_qwen3.5-4b_gsm8k,wrong_type_outcomes,2,caught,caught,wrong_type:outcomes
tinker_drgrpo_qwen3.5-4b_gsm8k,wrong_type_outcomes,3,caught,caught,wrong_type:outcomes
tinker_drgrpo_qwen3.5-4b_gsm8k,wrong_type_outcomes,4,caught,caught,wrong_type:outcomes
tinker_drgrpo_qwen3.5-4b_gsm8k,wrong_type_outcomes,5,caught,caught,wrong_type:outcomes
tinker_drgrpo_qwen3.5-4b_gsm8k,wrong_type_outcomes,6,caught,caught,wrong_type:outcomes
tinker_drgrpo_qwen3.5-4b_gsm8k,wrong_type_outcomes,7,caught,caught,wrong_type:outcomes
tinker_drgrpo_qwen3.5-4b_gsm8k,wrong_type_outcomes,8,caught,caught,wrong_type:outcomes
tinker_drgrpo_qwen3.5-4b_gsm8k,wrong_type_outcomes,9,caught,caught,wrong_type:outcomes
tinker_gift_qwen3.5-4b_gsm8k,wrong_type_outcomes,0,caught,caught,wrong_type:outcomes
tinker_gift_qwen3.5-4b_gsm8k,wrong_type_outcomes,1,caught,caught,wrong_type:outcomes
tinker_gift_qwen3.5-4b_gsm8k,wrong_type_outcomes,2,caught,caught,wrong_type:outcomes
tinker_gift_qwen3.5-4b_gsm8k,wrong_type_outcomes,3,caught,caught,wrong_type:outcomes
tinker_gift_qwen3.5-4b_gsm8k,wrong_type_outcomes,4,caught,caught,wrong_type:outcomes
tinker_gift_qwen3.5-4b_gsm8k,wrong_type_outcomes,5,caught,caught,wrong_type:outcomes
tinker_gift_qwen3.5-4b_gsm8k,wrong_type_outcomes,6,caught,caught,wrong_type:outcomes
tinker_gift_qwen3.5-4b_gsm8k,wrong_type_outcomes,7,caught,caught,wrong_type:outcomes
tinker_gift_qwen3.5-4b_gsm8k,wrong_type_outcomes,8,caught,caught,wrong_type:outcomes
tinker_gift_qwen3.5-4b_gsm8k,wrong_type_outcomes,9,caught,caught,wrong_type:outcomes
tinker_grpo_qwen3-8b_gsm8k,wrong_type_outcomes,0,caught,caught,wrong_type:outcomes
tinker_grpo_qwen3-8b_gsm8k,wrong_type_outcomes,1,caught,caught,wrong_type:outcomes
tinker_grpo_qwen3-8b_gsm8k,wrong_type_outcomes,2,caught,caught,wrong_type:outcomes
tinker_grpo_qwen3-8b_gsm8k,wrong_type_outcomes,3,caught,caught,wrong_type:outcomes
tinker_grpo_qwen3-8b_gsm8k,wrong_type_outcomes,4,caught,caught,wrong_type:outcomes
tinker_grpo_qwen3-8b_gsm8k,wrong_type_outcomes,5,caught,caught,wrong_type:outcomes
tinker_grpo_qwen3-8b_gsm8k,wrong_type_outcomes,6,caught,caught,wrong_type:outcomes
tinker_grpo_qwen3-8b_gsm8k,wrong_type_outcomes,7,caught,caught,wrong_type:outcomes
tinker_grpo_qwen3-8b_gsm8k,wrong_type_outcomes,8,caught,caught,wrong_type:outcomes
tinker_grpo_qwen3-8b_gsm8k,wrong_type_outcomes,9,caught,caught,wrong_type:outcomes
tinker_grpo_qwen3.5-4b_gsm8k,wrong_type_outcomes,0,caught,caught,wrong_type:outcomes
tinker_grpo_qwen3.5-4b_gsm8k,wrong_type_outcomes,1,caught,caught,wrong_type:outcomes
tinker_grpo_qwen3.5-4b_gsm8k,wrong_type_outcomes,2,caught,caught,wrong_type:outcomes
tinker_grpo_qwen3.5-4b_gsm8k,wrong_type_outcomes,3,caught,caught,wrong_type:outcomes
tinker_grpo_qwen3.5-4b_gsm8k,wrong_type_outcomes,4,caught,caught,wrong_type:outcomes
tinker_grpo_qwen3.5-4b_gsm8k,wrong_type_outcomes,5,caught,caught,wrong_type:outcomes
tinker_grpo_qwen3.5-4b_gsm8k,wrong_type_outcomes,6,caught,caught,wrong_type:outcomes
tinker_grpo_qwen3.5-4b_gsm8k,wrong_type_outcomes,7,caught,caught,wrong_type:outcomes
tinker_grpo_qwen3.5-4b_gsm8k,wrong_type_outcomes,8,caught,caught,wrong_type:outcomes
tinker_grpo_qwen3.5-4b_gsm8k,wrong_type_outcomes,9,caught,caught,wrong_type:outcomes
tinker_gspo_qwen3.5-4b_gsm8k,wrong_type_outcomes,0,caught,caught,wrong_type:outcomes
tinker_gspo_qwen3.5-4b_gsm8k,wrong_type_outcomes,1,caught,caught,wrong_type:outcomes
tinker_gspo_qwen3.5-4b_gsm8k,wrong_type_outcomes,2,caught,caught,wrong_type:outcomes
tinker_gspo_qwen3.5-4b_gsm8k,wrong_type_outcomes,3,caught,caught,wrong_type:outcomes
tinker_gspo_qwen3.5-4b_gsm8k,wrong_type_outcomes,4,caught,caught,wrong_type:outcomes
tinker_gspo_qwen3.5-4b_gsm8k,wrong_type_outcomes,5,caught,caught,wrong_type:outcomes
tinker_gspo_qwen3.5-4b_gsm8k,wrong_type_outcomes,6,caught,caught,wrong_type:outcomes
tinker_gspo_qwen3.5-4b_gsm8k,wrong_type_outcomes,7,caught,caught,wrong_type:outcomes
tinker_gspo_qwen3.5-4b_gsm8k,wrong_type_outcomes,8,caught,caught,wrong_type:outcomes
tinker_gspo_qwen3.5-4b_gsm8k,wrong_type_outcomes,9,caught,caught,wrong_type:outcomes
trl_grpo_qwen3-8b_gsm8k,wrong_type_outcomes,0,caught,caught,wrong_type:outcomes
trl_grpo_qwen3-8b_gsm8k,wrong_type_outcomes,1,caught,caught,wrong_type:outcomes
trl_grpo_qwen3-8b_gsm8k,wrong_type_outcomes,2,caught,caught,wrong_type:outcomes
trl_grpo_qwen3-8b_gsm8k,wrong_type_outcomes,3,caught,caught,wrong_type:outcomes
trl_grpo_qwen3-8b_gsm8k,wrong_type_outcomes,4,caught,caught,wrong_type:outcomes
trl_grpo_qwen3-8b_gsm8k,wrong_type_outcomes,5,caught,caught,wrong_type:outcomes
trl_grpo_qwen3-8b_gsm8k,wrong_type_outcomes,6,caught,caught,wrong_type:outcomes
trl_grpo_qwen3-8b_gsm8k,wrong_type_outcomes,7,caught,caught,wrong_type:outcomes
trl_grpo_qwen3-8b_gsm8k,wrong_type_outcomes,8,caught,caught,wrong_type:outcomes
trl_grpo_qwen3-8b_gsm8k,wrong_type_outcomes,9,caught,caught,wrong_type:outcomes
verl_grpo_qwen3-8b_gsm8k,wrong_type_outcomes,0,caught,caught,wrong_type:outcomes
verl_grpo_qwen3-8b_gsm8k,wrong_type_outcomes,1,caught,caught,wrong_type:outcomes
verl_grpo_qwen3-8b_gsm8k,wrong_type_outcomes,2,caught,caught,wrong_type:outcomes
verl_grpo_qwen3-8b_gsm8k,wrong_type_outcomes,3,caught,caught,wrong_type:outcomes
verl_grpo_qwen3-8b_gsm8k,wrong_type_outcomes,4,caught,caught,wrong_type:outcomes
verl_grpo_qwen3-8b_gsm8k,wrong_type_outcomes,5,caught,caught,wrong_type:outcomes
verl_grpo_qwen3-8b_gsm8k,wrong_type_outcomes,6,caught,caught,wrong_type:outcomes
verl_grpo_qwen3-8b_gsm8k,wrong_type_outcomes,7,caught,caught,wrong_type:outcomes
verl_grpo_qwen3-8b_gsm8k,wrong_type_outcomes,8,caught,caught,wrong_type:outcomes
verl_grpo_qwen3-8b_gsm8k,wrong_type_outcomes,9,caught,caught,wrong_type:outcomes
zvf130_cppo,wrong_type_outcomes,0,caught,caught,wrong_type:outcomes
zvf130_cppo,wrong_type_outcomes,1,caught,caught,wrong_type:outcomes
zvf130_cppo,wrong_type_outcomes,2,caught,caught,wrong_type:outcomes
zvf130_cppo,wrong_type_outcomes,3,caught,caught,wrong_type:outcomes
zvf130_cppo,wrong_type_outcomes,4,caught,caught,wrong_type:outcomes
zvf130_cppo,wrong_type_outcomes,5,caught,caught,wrong_type:outcomes
zvf130_cppo,wrong_type_outcomes,6,caught,caught,wrong_type:outcomes
zvf130_cppo,wrong_type_outcomes,7,caught,caught,wrong_type:outcomes
zvf130_cppo,wrong_type_outcomes,8,caught,caught,wrong_type:outcomes
zvf130_cppo,wrong_type_outcomes,9,caught,caught,wrong_type:outcomes
zvf130_es,wrong_type_outcomes,0,caught,caught,wrong_type:outcomes
zvf130_es,wrong_type_outcomes,1,caught,caught,wrong_type:outcomes
zvf130_es,wrong_type_outcomes,2,caught,caught,wrong_type:outcomes
zvf130_es,wrong_type_outcomes,3,caught,caught,wrong_type:outcomes
zvf130_es,wrong_type_outcomes,4,caught,caught,wrong_type:outcomes
zvf130_es,wrong_type_outcomes,5,caught,caught,wrong_type:outcomes
zvf130_es,wrong_type_outcomes,6,caught,caught,wrong_type:outcomes
zvf130_es,wrong_type_outcomes,7,caught,caught,wrong_type:outcomes
zvf130_es,wrong_type_outcomes,8,caught,caught,wrong_type:outcomes
zvf130_es,wrong_type_outcomes,9,caught,caught,wrong_type:outcomes
zvf130_mcgrpo,wrong_type_outcomes,0,caught,caught,wrong_type:outcomes
zvf130_mcgrpo,wrong_type_outcomes,1,caught,caught,wrong_type:outcomes
zvf130_mcgrpo,wrong_type_outcomes,2,caught,caught,wrong_type:outcomes
zvf130_mcgrpo,wrong_type_outcomes,3,caught,caught,wrong_type:outcomes
zvf130_mcgrpo,wrong_type_outcomes,4,caught,caught,wrong_type:outcomes
zvf130_mcgrpo,wrong_type_outcomes,5,caught,caught,wrong_type:outcomes
zvf130_mcgrpo,wrong_type_outcomes,6,caught,caught,wrong_type:outcomes
zvf130_mcgrpo,wrong_type_outcomes,7,caught,caught,wrong_type:outcomes
zvf130_mcgrpo,wrong_type_outcomes,8,caught,caught,wrong_type:outcomes
zvf130_mcgrpo,wrong_type_outcomes,9,caught,caught,wrong_type:outcomes
zvf130_ngrpo,wrong_type_outcomes,0,caught,caught,wrong_type:outcomes
zvf130_ngrpo,wrong_type_outcomes,1,caught,caught,wrong_type:outcomes
zvf130_ngrpo,wrong_type_outcomes,2,caught,caught,wrong_type:outcomes
zvf130_ngrpo,wrong_type_outcomes,3,caught,caught,wrong_type:outcomes
zvf130_ngrpo,wrong_type_outcomes,4,caught,caught,wrong_type:outcomes
zvf130_ngrpo,wrong_type_outcomes,5,caught,caught,wrong_type:outcomes
zvf130_ngrpo,wrong_type_outcomes,6,caught,caught,wrong_type:outcomes
zvf130_ngrpo,wrong_type_outcomes,7,caught,caught,wrong_type:outcomes
zvf130_ngrpo,wrong_type_outcomes,8,caught,caught,wrong_type:outcomes
zvf130_ngrpo,wrong_type_outcomes,9,caught,caught,wrong_type:outcomes
zvf130_scafgrpo,wrong_type_outcomes,0,caught,caught,wrong_type:outcomes
zvf130_scafgrpo,wrong_type_outcomes,1,caught,caught,wrong_type:outcomes
zvf130_scafgrpo,wrong_type_outcomes,2,caught,caught,wrong_type:outcomes
zvf130_scafgrpo,wrong_type_outcomes,3,caught,caught,wrong_type:outcomes
zvf130_scafgrpo,wrong_type_outcomes,4,caught,caught,wrong_type:outcomes
zvf130_scafgrpo,wrong_type_outcomes,5,caught,caught,wrong_type:outcomes
zvf130_scafgrpo,wrong_type_outcomes,6,caught,caught,wrong_type:outcomes
zvf130_scafgrpo,wrong_type_outcomes,7,caught,caught,wrong_type:outcomes
zvf130_scafgrpo,wrong_type_outcomes,8,caught,caught,wrong_type:outcomes
zvf130_scafgrpo,wrong_type_outcomes,9,caught,caught,wrong_type:outcomes
