Step,Action,Reasoning,Observation,Reward,Done
0,east,,"message:
It's solid stone.

language observation:
dark area far south
dark area adjacent north, northeast, east, southeast, southwest, west, and northwest

cursor:
Yourself a wizard
(x=32, y=12)

map:
                                                                                
                                                                                
                                                                                
                                                                                
                                                                                
                                                                                
                                                                                
                                                                                
                                                                                
                                                                                
                                                                                
                                @                                               
                                .                                               
                                .                                               
                                .                                               
                                .                                               
                                .                                               
                                .                                               
                                                                                
                                                                                
                                                                                
Agent the Evoker               St:11 Dx:14 Co:13 In:16 Wi:14 Ch:11 Neutral S:0  
Dlvl:1 $:0 HP:12(12) Pw:7(7) AC:9 Xp:1/0                                        

",-0.01,False
1,south,,"message:


language observation:
dark area far south
dark area very near north and southeast
stairs up adjacent north
dark area adjacent northeast, east, southwest, west, and northwest

cursor:
Yourself a wizard
(x=32, y=13)

map:
                                                                                
                                                                                
                                                                                
                                                                                
                                                                                
                                                                                
                                                                                
                                                                                
                                                                                
                                                                                
                                                                                
                                <                                               
                                @                                               
                                ...                                             
                                .                                               
                                .                                               
                                .                                               
                                .                                               
                                                                                
                                                                                
                                                                                
Agent the Evoker               St:11 Dx:14 Co:13 In:16 Wi:14 Ch:11 Neutral S:0  
Dlvl:1 $:0 HP:12(12) Pw:7(7) AC:9 Xp:1/0                                        

",0.0,False
2,north,,"message:


language observation:
dark area far south
dark area adjacent north, northeast, east, southeast, southwest, west, and northwest

cursor:
Yourself a wizard
(x=32, y=12)

map:
                                                                                
                                                                                
                                                                                
                                                                                
                                                                                
                                                                                
                                                                                
                                                                                
                                                                                
                                                                                
                                                                                
                                @                                               
                                .                                               
                                ...                                             
                                .                                               
                                .                                               
                                .                                               
                                .                                               
                                                                                
                                                                                
                                                                                
Agent the Evoker               St:11 Dx:14 Co:13 In:16 Wi:14 Ch:11 Neutral S:0  
Dlvl:1 $:0 HP:12(12) Pw:7(7) AC:9 Xp:1/0                                        

",0.0,False
3,south,,"message:


language observation:
dark area far south
dark area very near north and southeast
stairs up adjacent north
dark area adjacent northeast, east, southwest, west, and northwest

cursor:
Yourself a wizard
(x=32, y=13)

map:
                                                                                
                                                                                
                                                                                
                                                                                
                                                                                
                                                                                
                                                                                
                                                                                
                                                                                
                                                                                
                                                                                
                                <                                               
                                @                                               
                                ...                                             
                                .                                               
                                .                                               
                                .                                               
                                .                                               
                                                                                
                                                                                
                                                                                
Agent the Evoker               St:11 Dx:14 Co:13 In:16 Wi:14 Ch:11 Neutral S:0  
Dlvl:1 $:0 HP:12(12) Pw:7(7) AC:9 Xp:1/0                                        

",0.0,False
4,north,,"message:


language observation:
dark area far south
dark area adjacent north, northeast, east, southeast, southwest, west, and northwest

cursor:
Yourself a wizard
(x=32, y=12)

map:
                                                                                
                                                                                
                                                                                
                                                                                
                                                                                
                                                                                
                                                                                
                                                                                
                                                                                
                                                                                
                                                                                
                                @                                               
                                .                                               
                                ...                                             
                                .                                               
                                .                                               
                                .                                               
                                .                                               
                                                                                
                                                                                
                                                                                
Agent the Evoker               St:11 Dx:14 Co:13 In:16 Wi:14 Ch:11 Neutral S:0  
Dlvl:1 $:0 HP:12(12) Pw:7(7) AC:9 Xp:1/0                                        

",0.0,False
5,south,,"message:


language observation:
dark area far south
dark area very near north and southeast
stairs up adjacent north
dark area adjacent northeast, east, southwest, west, and northwest

cursor:
Yourself a wizard
(x=32, y=13)

map:
                                                                                
                                                                                
                                                                                
                                                                                
                                                                                
                                                                                
                                                                                
                                                                                
                                                                                
                                                                                
                                                                                
                                <                                               
                                @                                               
                                ...                                             
                                .                                               
                                .                                               
                                .                                               
                                .                                               
                                                                                
                                                                                
                                                                                
Agent the Evoker               St:11 Dx:14 Co:13 In:16 Wi:14 Ch:11 Neutral S:0  
Dlvl:1 $:0 HP:12(12) Pw:7(7) AC:9 Xp:1/0                                        

",0.0,False
6,north,,"message:


language observation:
dark area far south
dark area adjacent north, northeast, east, southeast, southwest, west, and northwest

cursor:
Yourself a wizard
(x=32, y=12)

map:
                                                                                
                                                                                
                                                                                
                                                                                
                                                                                
                                                                                
                                                                                
                                                                                
                                                                                
                                                                                
                                                                                
                                @                                               
                                .                                               
                                ...                                             
                                .                                               
                                .                                               
                                .                                               
                                .                                               
                                                                                
                                                                                
                                                                                
Agent the Evoker               St:11 Dx:14 Co:13 In:16 Wi:14 Ch:11 Neutral S:0  
Dlvl:1 $:0 HP:12(12) Pw:7(7) AC:9 Xp:1/0                                        

",0.0,False
7,south,,"message:


language observation:
dark area far south
dark area very near north and southeast
stairs up adjacent north
dark area adjacent northeast, east, southwest, west, and northwest

cursor:
Yourself a wizard
(x=32, y=13)

map:
                                                                                
                                                                                
                                                                                
                                                                                
                                                                                
                                                                                
                                                                                
                                                                                
                                                                                
                                                                                
                                                                                
                                <                                               
                                @                                               
                                ...                                             
                                .                                               
                                .                                               
                                .                                               
                                .                                               
                                                                                
                                                                                
                                                                                
Agent the Evoker               St:11 Dx:14 Co:13 In:16 Wi:14 Ch:11 Neutral S:0  
Dlvl:1 $:0 HP:12(12) Pw:7(7) AC:9 Xp:1/0                                        

",0.0,False
8,north,,"message:


language observation:
dark area far south
dark area adjacent north, northeast, east, southeast, southwest, west, and northwest

cursor:
Yourself a wizard
(x=32, y=12)

map:
                                                                                
                                                                                
                                                                                
                                                                                
                                                                                
                                                                                
                                                                                
                                                                                
                                                                                
                                                                                
                                                                                
                                @                                               
                                .                                               
                                ...                                             
                                .                                               
                                .                                               
                                .                                               
                                .                                               
                                                                                
                                                                                
                                                                                
Agent the Evoker               St:11 Dx:14 Co:13 In:16 Wi:14 Ch:11 Neutral S:0  
Dlvl:1 $:0 HP:12(12) Pw:7(7) AC:9 Xp:1/0                                        

",0.0,False
9,south,,"message:


language observation:
dark area far south
dark area very near north and southeast
stairs up adjacent north
dark area adjacent northeast, east, southwest, west, and northwest

cursor:
Yourself a wizard
(x=32, y=13)

map:
                                                                                
                                                                                
                                                                                
                                                                                
                                                                                
                                                                                
                                                                                
                                                                                
                                                                                
                                                                                
                                                                                
                                <                                               
                                @                                               
                                ...                                             
                                .                                               
                                .                                               
                                .                                               
                                .                                               
                                                                                
                                                                                
                                                                                
Agent the Evoker               St:11 Dx:14 Co:13 In:16 Wi:14 Ch:11 Neutral S:0  
Dlvl:1 $:0 HP:12(12) Pw:7(7) AC:9 Xp:1/0                                        

",0.0,False
10,north,,"message:


language observation:
dark area far south
dark area adjacent north, northeast, east, southeast, southwest, west, and northwest

cursor:
Yourself a wizard
(x=32, y=12)

map:
                                                                                
                                                                                
                                                                                
                                                                                
                                                                                
                                                                                
                                                                                
                                                                                
                                                                                
                                                                                
                                                                                
                                @                                               
                                .                                               
                                ...                                             
                                .                                               
                                .                                               
                                .                                               
                                .                                               
                                                                                
                                                                                
                                                                                
Agent the Evoker               St:11 Dx:14 Co:13 In:16 Wi:14 Ch:11 Neutral S:0  
Dlvl:1 $:0 HP:12(12) Pw:7(7) AC:9 Xp:1/0                                        

",0.0,False
11,south,,"message:


language observation:
dark area far south
dark area very near north and southeast
stairs up adjacent north
dark area adjacent northeast, east, southwest, west, and northwest

cursor:
Yourself a wizard
(x=32, y=13)

map:
                                                                                
                                                                                
                                                                                
                                                                                
                                                                                
                                                                                
                                                                                
                                                                                
                                                                                
                                                                                
                                                                                
                                <                                               
                                @                                               
                                ...                                             
                                .                                               
                                .                                               
                                .                                               
                                .                                               
                                                                                
                                                                                
                                                                                
Agent the Evoker               St:11 Dx:14 Co:13 In:16 Wi:14 Ch:11 Neutral S:0  
Dlvl:1 $:0 HP:12(12) Pw:7(7) AC:9 Xp:1/0                                        

",0.0,False
12,north,,"message:


language observation:
dark area far south
dark area adjacent north, northeast, east, southeast, southwest, west, and northwest

cursor:
Yourself a wizard
(x=32, y=12)

map:
                                                                                
                                                                                
                                                                                
                                                                                
                                                                                
                                                                                
                                                                                
                                                                                
                                                                                
                                                                                
                                                                                
                                @                                               
                                .                                               
                                ...                                             
                                .                                               
                                .                                               
                                .                                               
                                .                                               
                                                                                
                                                                                
                                                                                
Agent the Evoker               St:11 Dx:14 Co:13 In:16 Wi:14 Ch:11 Neutral S:0  
Dlvl:1 $:0 HP:12(12) Pw:7(7) AC:9 Xp:1/0                                        

",0.0,False
13,south,,"message:


language observation:
dark area far south
dark area very near north and southeast
stairs up adjacent north
dark area adjacent northeast, east, southwest, west, and northwest

cursor:
Yourself a wizard
(x=32, y=13)

map:
                                                                                
                                                                                
                                                                                
                                                                                
                                                                                
                                                                                
                                                                                
                                                                                
                                                                                
                                                                                
                                                                                
                                <                                               
                                @                                               
                                ...                                             
                                .                                               
                                .                                               
                                .                                               
                                .                                               
                                                                                
                                                                                
                                                                                
Agent the Evoker               St:11 Dx:14 Co:13 In:16 Wi:14 Ch:11 Neutral S:0  
Dlvl:1 $:0 HP:12(12) Pw:7(7) AC:9 Xp:1/0                                        

",0.0,False
14,north,,"message:


language observation:
dark area far south
dark area adjacent north, northeast, east, southeast, southwest, west, and northwest

cursor:
Yourself a wizard
(x=32, y=12)

map:
                                                                                
                                                                                
                                                                                
                                                                                
                                                                                
                                                                                
                                                                                
                                                                                
                                                                                
                                                                                
                                                                                
                                @                                               
                                .                                               
                                ...                                             
                                .                                               
                                .                                               
                                .                                               
                                .                                               
                                                                                
                                                                                
                                                                                
Agent the Evoker               St:11 Dx:14 Co:13 In:16 Wi:14 Ch:11 Neutral S:0  
Dlvl:1 $:0 HP:12(12) Pw:7(7) AC:9 Xp:1/0                                        

",0.0,False
15,south,,"message:


language observation:
dark area far south
dark area very near north and southeast
stairs up adjacent north
dark area adjacent northeast, east, southwest, west, and northwest

cursor:
Yourself a wizard
(x=32, y=13)

map:
                                                                                
                                                                                
                                                                                
                                                                                
                                                                                
                                                                                
                                                                                
                                                                                
                                                                                
                                                                                
                                                                                
                                <                                               
                                @                                               
                                ...                                             
                                .                                               
                                .                                               
                                .                                               
                                .                                               
                                                                                
                                                                                
                                                                                
Agent the Evoker               St:11 Dx:14 Co:13 In:16 Wi:14 Ch:11 Neutral S:0  
Dlvl:1 $:0 HP:12(12) Pw:7(7) AC:9 Xp:1/0                                        

",0.0,False
16,north,,"message:


language observation:
dark area far south
dark area adjacent north, northeast, east, southeast, southwest, west, and northwest

cursor:
Yourself a wizard
(x=32, y=12)

map:
                                                                                
                                                                                
                                                                                
                                                                                
                                                                                
                                                                                
                                                                                
                                                                                
                                                                                
                                                                                
                                                                                
                                @                                               
                                .                                               
                                ...                                             
                                .                                               
                                .                                               
                                .                                               
                                .                                               
                                                                                
                                                                                
                                                                                
Agent the Evoker               St:11 Dx:14 Co:13 In:16 Wi:14 Ch:11 Neutral S:0  
Dlvl:1 $:0 HP:12(12) Pw:7(7) AC:9 Xp:1/0                                        

",0.0,False
17,south,,"message:


language observation:
dark area far south
dark area very near north and southeast
stairs up adjacent north
dark area adjacent northeast, east, southwest, west, and northwest

cursor:
Yourself a wizard
(x=32, y=13)

map:
                                                                                
                                                                                
                                                                                
                                                                                
                                                                                
                                                                                
                                                                                
                                                                                
                                                                                
                                                                                
                                                                                
                                <                                               
                                @                                               
                                ...                                             
                                .                                               
                                .                                               
                                .                                               
                                .                                               
                                                                                
                                                                                
                                                                                
Agent the Evoker               St:11 Dx:14 Co:13 In:16 Wi:14 Ch:11 Neutral S:0  
Dlvl:1 $:0 HP:12(12) Pw:7(7) AC:9 Xp:1/0                                        

",0.0,False
18,north,,"message:


language observation:
dark area far south
dark area adjacent north, northeast, east, southeast, southwest, west, and northwest

cursor:
Yourself a wizard
(x=32, y=12)

map:
                                                                                
                                                                                
                                                                                
                                                                                
                                                                                
                                                                                
                                                                                
                                                                                
                                                                                
                                                                                
                                                                                
                                @                                               
                                .                                               
                                ...                                             
                                .                                               
                                .                                               
                                .                                               
                                .                                               
                                                                                
                                                                                
                                                                                
Agent the Evoker               St:11 Dx:14 Co:13 In:16 Wi:14 Ch:11 Neutral S:0  
Dlvl:1 $:0 HP:12(12) Pw:7(7) AC:9 Xp:1/0                                        

",0.0,False
19,east,,"message:
It's solid stone.

language observation:
dark area far south
dark area adjacent north, northeast, east, southeast, southwest, west, and northwest

cursor:
Yourself a wizard
(x=32, y=12)

map:
                                                                                
                                                                                
                                                                                
                                                                                
                                                                                
                                                                                
                                                                                
                                                                                
                                                                                
                                                                                
                                                                                
                                @                                               
                                .                                               
                                ...                                             
                                .                                               
                                .                                               
                                .                                               
                                .                                               
                                                                                
                                                                                
                                                                                
Agent the Evoker               St:11 Dx:14 Co:13 In:16 Wi:14 Ch:11 Neutral S:0  
Dlvl:1 $:0 HP:12(12) Pw:7(7) AC:9 Xp:1/0                                        

",-0.01,False
20,west,,"message:
It's solid stone.

language observation:
dark area far south
dark area adjacent north, northeast, east, southeast, southwest, west, and northwest

cursor:
Yourself a wizard
(x=32, y=12)

map:
                                                                                
                                                                                
                                                                                
                                                                                
                                                                                
                                                                                
                                                                                
                                                                                
                                                                                
                                                                                
                                                                                
                                @                                               
                                .                                               
                                ...                                             
                                .                                               
                                .                                               
                                .                                               
                                .                                               
                                                                                
                                                                                
                                                                                
Agent the Evoker               St:11 Dx:14 Co:13 In:16 Wi:14 Ch:11 Neutral S:0  
Dlvl:1 $:0 HP:12(12) Pw:7(7) AC:9 Xp:1/0                                        

",-0.01,False
21,south,,"message:


language observation:
dark area far south
dark area very near north and southeast
stairs up adjacent north
dark area adjacent northeast, east, southwest, west, and northwest

cursor:
Yourself a wizard
(x=32, y=13)

map:
                                                                                
                                                                                
                                                                                
                                                                                
                                                                                
                                                                                
                                                                                
                                                                                
                                                                                
                                                                                
                                                                                
                                <                                               
                                @                                               
                                ...                                             
                                .                                               
                                .                                               
                                .                                               
                                .                                               
                                                                                
                                                                                
                                                                                
Agent the Evoker               St:11 Dx:14 Co:13 In:16 Wi:14 Ch:11 Neutral S:0  
Dlvl:1 $:0 HP:12(12) Pw:7(7) AC:9 Xp:1/0                                        

",0.0,False
22,north,,"message:


language observation:
dark area far south
dark area adjacent north, northeast, east, southeast, southwest, west, and northwest

cursor:
Yourself a wizard
(x=32, y=12)

map:
                                                                                
                                                                                
                                                                                
                                                                                
                                                                                
                                                                                
                                                                                
                                                                                
                                                                                
                                                                                
                                                                                
                                @                                               
                                .                                               
                                ...                                             
                                .                                               
                                .                                               
                                .                                               
                                .                                               
                                                                                
                                                                                
                                                                                
Agent the Evoker               St:11 Dx:14 Co:13 In:16 Wi:14 Ch:11 Neutral S:0  
Dlvl:1 $:0 HP:12(12) Pw:7(7) AC:9 Xp:1/0                                        

",0.0,False
23,south,,"message:


language observation:
dark area far south
dark area very near north and southeast
stairs up adjacent north
dark area adjacent northeast, east, southwest, west, and northwest

cursor:
Yourself a wizard
(x=32, y=13)

map:
                                                                                
                                                                                
                                                                                
                                                                                
                                                                                
                                                                                
                                                                                
                                                                                
                                                                                
                                                                                
                                                                                
                                <                                               
                                @                                               
                                ...                                             
                                .                                               
                                .                                               
                                .                                               
                                .                                               
                                                                                
                                                                                
                                                                                
Agent the Evoker               St:11 Dx:14 Co:13 In:16 Wi:14 Ch:11 Neutral S:0  
Dlvl:1 $:0 HP:12(12) Pw:7(7) AC:9 Xp:1/0                                        

",0.0,False
24,north,,"message:


language observation:
dark area far south
dark area adjacent north, northeast, east, southeast, southwest, west, and northwest

cursor:
Yourself a wizard
(x=32, y=12)

map:
                                                                                
                                                                                
                                                                                
                                                                                
                                                                                
                                                                                
                                                                                
                                                                                
                                                                                
                                                                                
                                                                                
                                @                                               
                                .                                               
                                ...                                             
                                .                                               
                                .                                               
                                .                                               
                                .                                               
                                                                                
                                                                                
                                                                                
Agent the Evoker               St:11 Dx:14 Co:13 In:16 Wi:14 Ch:11 Neutral S:0  
Dlvl:1 $:0 HP:12(12) Pw:7(7) AC:9 Xp:1/0                                        

",0.0,False
25,south,,"message:


language observation:
dark area far south
dark area very near north and southeast
stairs up adjacent north
dark area adjacent northeast, east, southwest, west, and northwest

cursor:
Yourself a wizard
(x=32, y=13)

map:
                                                                                
                                                                                
                                                                                
                                                                                
                                                                                
                                                                                
                                                                                
                                                                                
                                                                                
                                                                                
                                                                                
                                <                                               
                                @                                               
                                ...                                             
                                .                                               
                                .                                               
                                .                                               
                                .                                               
                                                                                
                                                                                
                                                                                
Agent the Evoker               St:11 Dx:14 Co:13 In:16 Wi:14 Ch:11 Neutral S:0  
Dlvl:1 $:0 HP:12(12) Pw:7(7) AC:9 Xp:1/0                                        

",0.0,False
26,north,,"message:


language observation:
dark area far south
dark area adjacent north, northeast, east, southeast, southwest, west, and northwest

cursor:
Yourself a wizard
(x=32, y=12)

map:
                                                                                
                                                                                
                                                                                
                                                                                
                                                                                
                                                                                
                                                                                
                                                                                
                                                                                
                                                                                
                                                                                
                                @                                               
                                .                                               
                                ...                                             
                                .                                               
                                .                                               
                                .                                               
                                .                                               
                                                                                
                                                                                
                                                                                
Agent the Evoker               St:11 Dx:14 Co:13 In:16 Wi:14 Ch:11 Neutral S:0  
Dlvl:1 $:0 HP:12(12) Pw:7(7) AC:9 Xp:1/0                                        

",0.0,False
27,south,,"message:


language observation:
dark area far south
dark area very near north and southeast
stairs up adjacent north
dark area adjacent northeast, east, southwest, west, and northwest

cursor:
Yourself a wizard
(x=32, y=13)

map:
                                                                                
                                                                                
                                                                                
                                                                                
                                                                                
                                                                                
                                                                                
                                                                                
                                                                                
                                                                                
                                                                                
                                <                                               
                                @                                               
                                ...                                             
                                .                                               
                                .                                               
                                .                                               
                                .                                               
                                                                                
                                                                                
                                                                                
Agent the Evoker               St:11 Dx:14 Co:13 In:16 Wi:14 Ch:11 Neutral S:0  
Dlvl:1 $:0 HP:12(12) Pw:7(7) AC:9 Xp:1/0                                        

",0.0,False
28,north,,"message:


language observation:
dark area far south
dark area adjacent north, northeast, east, southeast, southwest, west, and northwest

cursor:
Yourself a wizard
(x=32, y=12)

map:
                                                                                
                                                                                
                                                                                
                                                                                
                                                                                
                                                                                
                                                                                
                                                                                
                                                                                
                                                                                
                                                                                
                                @                                               
                                .                                               
                                ...                                             
                                .                                               
                                .                                               
                                .                                               
                                .                                               
                                                                                
                                                                                
                                                                                
Agent the Evoker               St:11 Dx:14 Co:13 In:16 Wi:14 Ch:11 Neutral S:0  
Dlvl:1 $:0 HP:12(12) Pw:7(7) AC:9 Xp:1/0                                        

",0.0,False
29,south,,"message:


language observation:
dark area far south
dark area very near north and southeast
stairs up adjacent north
dark area adjacent northeast, east, southwest, west, and northwest

cursor:
Yourself a wizard
(x=32, y=13)

map:
                                                                                
                                                                                
                                                                                
                                                                                
                                                                                
                                                                                
                                                                                
                                                                                
                                                                                
                                                                                
                                                                                
                                <                                               
                                @                                               
                                ...                                             
                                .                                               
                                .                                               
                                .                                               
                                .                                               
                                                                                
                                                                                
                                                                                
Agent the Evoker               St:11 Dx:14 Co:13 In:16 Wi:14 Ch:11 Neutral S:0  
Dlvl:1 $:0 HP:12(12) Pw:7(7) AC:9 Xp:1/0                                        

",0.0,False
30,north,,"message:


language observation:
dark area far south
dark area adjacent north, northeast, east, southeast, southwest, west, and northwest

cursor:
Yourself a wizard
(x=32, y=12)

map:
                                                                                
                                                                                
                                                                                
                                                                                
                                                                                
                                                                                
                                                                                
                                                                                
                                                                                
                                                                                
                                                                                
                                @                                               
                                .                                               
                                ...                                             
                                .                                               
                                .                                               
                                .                                               
                                .                                               
                                                                                
                                                                                
                                                                                
Agent the Evoker               St:11 Dx:14 Co:13 In:16 Wi:14 Ch:11 Neutral S:0  
Dlvl:1 $:0 HP:12(12) Pw:7(7) AC:9 Xp:1/0                                        

",0.0,False
31,south,,"message:


language observation:
dark area far south
dark area very near north and southeast
stairs up adjacent north
dark area adjacent northeast, east, southwest, west, and northwest

cursor:
Yourself a wizard
(x=32, y=13)

map:
                                                                                
                                                                                
                                                                                
                                                                                
                                                                                
                                                                                
                                                                                
                                                                                
                                                                                
                                                                                
                                                                                
                                <                                               
                                @                                               
                                ...                                             
                                .                                               
                                .                                               
                                .                                               
                                .                                               
                                                                                
                                                                                
                                                                                
Agent the Evoker               St:11 Dx:14 Co:13 In:16 Wi:14 Ch:11 Neutral S:0  
Dlvl:1 $:0 HP:12(12) Pw:7(7) AC:9 Xp:1/0                                        

",0.0,False
32,north,,"message:


language observation:
dark area far south
dark area adjacent north, northeast, east, southeast, southwest, west, and northwest

cursor:
Yourself a wizard
(x=32, y=12)

map:
                                                                                
                                                                                
                                                                                
                                                                                
                                                                                
                                                                                
                                                                                
                                                                                
                                                                                
                                                                                
                                                                                
                                @                                               
                                .                                               
                                ...                                             
                                .                                               
                                .                                               
                                .                                               
                                .                                               
                                                                                
                                                                                
                                                                                
Agent the Evoker               St:11 Dx:14 Co:13 In:16 Wi:14 Ch:11 Neutral S:0  
Dlvl:1 $:0 HP:12(12) Pw:7(7) AC:9 Xp:1/0                                        

",0.0,False
33,south,,"message:


language observation:
dark area far south
dark area very near north and southeast
stairs up adjacent north
dark area adjacent northeast, east, southwest, west, and northwest

cursor:
Yourself a wizard
(x=32, y=13)

map:
                                                                                
                                                                                
                                                                                
                                                                                
                                                                                
                                                                                
                                                                                
                                                                                
                                                                                
                                                                                
                                                                                
                                <                                               
                                @                                               
                                ...                                             
                                .                                               
                                .                                               
                                .                                               
                                .                                               
                                                                                
                                                                                
                                                                                
Agent the Evoker               St:11 Dx:14 Co:13 In:16 Wi:14 Ch:11 Neutral S:0  
Dlvl:1 $:0 HP:12(12) Pw:7(7) AC:9 Xp:1/0                                        

",0.0,False
34,north,,"message:


language observation:
dark area far south
dark area adjacent north, northeast, east, southeast, southwest, west, and northwest

cursor:
Yourself a wizard
(x=32, y=12)

map:
                                                                                
                                                                                
                                                                                
                                                                                
                                                                                
                                                                                
                                                                                
                                                                                
                                                                                
                                                                                
                                                                                
                                @                                               
                                .                                               
                                ...                                             
                                .                                               
                                .                                               
                                .                                               
                                .                                               
                                                                                
                                                                                
                                                                                
Agent the Evoker               St:11 Dx:14 Co:13 In:16 Wi:14 Ch:11 Neutral S:0  
Dlvl:1 $:0 HP:12(12) Pw:7(7) AC:9 Xp:1/0                                        

",0.0,False
35,south,,"message:


language observation:
dark area far south
dark area very near north and southeast
stairs up adjacent north
dark area adjacent northeast, east, southwest, west, and northwest

cursor:
Yourself a wizard
(x=32, y=13)

map:
                                                                                
                                                                                
                                                                                
                                                                                
                                                                                
                                                                                
                                                                                
                                                                                
                                                                                
                                                                                
                                                                                
                                <                                               
                                @                                               
                                ...                                             
                                .                                               
                                .                                               
                                .                                               
                                .                                               
                                                                                
                                                                                
                                                                                
Agent the Evoker               St:11 Dx:14 Co:13 In:16 Wi:14 Ch:11 Neutral S:0  
Dlvl:1 $:0 HP:12(12) Pw:7(7) AC:9 Xp:1/0                                        

",0.0,False
36,north,,"message:


language observation:
dark area far south
dark area adjacent north, northeast, east, southeast, southwest, west, and northwest

cursor:
Yourself a wizard
(x=32, y=12)

map:
                                                                                
                                                                                
                                                                                
                                                                                
                                                                                
                                                                                
                                                                                
                                                                                
                                                                                
                                                                                
                                                                                
                                @                                               
                                .                                               
                                ...                                             
                                .                                               
                                .                                               
                                .                                               
                                .                                               
                                                                                
                                                                                
                                                                                
Agent the Evoker               St:11 Dx:14 Co:13 In:16 Wi:14 Ch:11 Neutral S:0  
Dlvl:1 $:0 HP:12(12) Pw:7(7) AC:9 Xp:1/0                                        

",0.0,False
37,east,,"message:
It's solid stone.

language observation:
dark area far south
dark area adjacent north, northeast, east, southeast, southwest, west, and northwest

cursor:
Yourself a wizard
(x=32, y=12)

map:
                                                                                
                                                                                
                                                                                
                                                                                
                                                                                
                                                                                
                                                                                
                                                                                
                                                                                
                                                                                
                                                                                
                                @                                               
                                .                                               
                                ...                                             
                                .                                               
                                .                                               
                                .                                               
                                .                                               
                                                                                
                                                                                
                                                                                
Agent the Evoker               St:11 Dx:14 Co:13 In:16 Wi:14 Ch:11 Neutral S:0  
Dlvl:1 $:0 HP:12(12) Pw:7(7) AC:9 Xp:1/0                                        

",-0.01,False
38,west,,"message:
It's solid stone.

language observation:
dark area far south
dark area adjacent north, northeast, east, southeast, southwest, west, and northwest

cursor:
Yourself a wizard
(x=32, y=12)

map:
                                                                                
                                                                                
                                                                                
                                                                                
                                                                                
                                                                                
                                                                                
                                                                                
                                                                                
                                                                                
                                                                                
                                @                                               
                                .                                               
                                ...                                             
                                .                                               
                                .                                               
                                .                                               
                                .                                               
                                                                                
                                                                                
                                                                                
Agent the Evoker               St:11 Dx:14 Co:13 In:16 Wi:14 Ch:11 Neutral S:0  
Dlvl:1 $:0 HP:12(12) Pw:7(7) AC:9 Xp:1/0                                        

",-0.01,False
39,south,,"message:


language observation:
dark area far south
dark area very near north and southeast
stairs up adjacent north
dark area adjacent northeast, east, southwest, west, and northwest

cursor:
Yourself a wizard
(x=32, y=13)

map:
                                                                                
                                                                                
                                                                                
                                                                                
                                                                                
                                                                                
                                                                                
                                                                                
                                                                                
                                                                                
                                                                                
                                <                                               
                                @                                               
                                ...                                             
                                .                                               
                                .                                               
                                .                                               
                                .                                               
                                                                                
                                                                                
                                                                                
Agent the Evoker               St:11 Dx:14 Co:13 In:16 Wi:14 Ch:11 Neutral S:0  
Dlvl:1 $:0 HP:12(12) Pw:7(7) AC:9 Xp:1/0                                        

",0.0,False
40,north,,"message:


language observation:
dark area far south
dark area adjacent north, northeast, east, southeast, southwest, west, and northwest

cursor:
Yourself a wizard
(x=32, y=12)

map:
                                                                                
                                                                                
                                                                                
                                                                                
                                                                                
                                                                                
                                                                                
                                                                                
                                                                                
                                                                                
                                                                                
                                @                                               
                                .                                               
                                ...                                             
                                .                                               
                                .                                               
                                .                                               
                                .                                               
                                                                                
                                                                                
                                                                                
Agent the Evoker               St:11 Dx:14 Co:13 In:16 Wi:14 Ch:11 Neutral S:0  
Dlvl:1 $:0 HP:12(12) Pw:7(7) AC:9 Xp:1/0                                        

",0.0,False
41,south,,"message:


language observation:
dark area far south
dark area very near north and southeast
stairs up adjacent north
dark area adjacent northeast, east, southwest, west, and northwest

cursor:
Yourself a wizard
(x=32, y=13)

map:
                                                                                
                                                                                
                                                                                
                                                                                
                                                                                
                                                                                
                                                                                
                                                                                
                                                                                
                                                                                
                                                                                
                                <                                               
                                @                                               
                                ...                                             
                                .                                               
                                .                                               
                                .                                               
                                .                                               
                                                                                
                                                                                
                                                                                
Agent the Evoker               St:11 Dx:14 Co:13 In:16 Wi:14 Ch:11 Neutral S:0  
Dlvl:1 $:0 HP:12(12) Pw:7(7) AC:9 Xp:1/0                                        

",0.0,False
42,north,,"message:


language observation:
dark area far south
dark area adjacent north, northeast, east, southeast, southwest, west, and northwest

cursor:
Yourself a wizard
(x=32, y=12)

map:
                                                                                
                                                                                
                                                                                
                                                                                
                                                                                
                                                                                
                                                                                
                                                                                
                                                                                
                                                                                
                                                                                
                                @                                               
                                .                                               
                                ...                                             
                                .                                               
                                .                                               
                                .                                               
                                .                                               
                                                                                
                                                                                
                                                                                
Agent the Evoker               St:11 Dx:14 Co:13 In:16 Wi:14 Ch:11 Neutral S:0  
Dlvl:1 $:0 HP:12(12) Pw:7(7) AC:9 Xp:1/0                                        

",0.0,False
43,south,,"message:


language observation:
dark area far south
dark area very near north and southeast
stairs up adjacent north
dark area adjacent northeast, east, southwest, west, and northwest

cursor:
Yourself a wizard
(x=32, y=13)

map:
                                                                                
                                                                                
                                                                                
                                                                                
                                                                                
                                                                                
                                                                                
                                                                                
                                                                                
                                                                                
                                                                                
                                <                                               
                                @                                               
                                ...                                             
                                .                                               
                                .                                               
                                .                                               
                                .                                               
                                                                                
                                                                                
                                                                                
Agent the Evoker               St:11 Dx:14 Co:13 In:16 Wi:14 Ch:11 Neutral S:0  
Dlvl:1 $:0 HP:12(12) Pw:7(7) AC:9 Xp:1/0                                        

",0.0,False
44,north,,"message:


language observation:
dark area far south
dark area adjacent north, northeast, east, southeast, southwest, west, and northwest

cursor:
Yourself a wizard
(x=32, y=12)

map:
                                                                                
                                                                                
                                                                                
                                                                                
                                                                                
                                                                                
                                                                                
                                                                                
                                                                                
                                                                                
                                                                                
                                @                                               
                                .                                               
                                ...                                             
                                .                                               
                                .                                               
                                .                                               
                                .                                               
                                                                                
                                                                                
                                                                                
Agent the Evoker               St:11 Dx:14 Co:13 In:16 Wi:14 Ch:11 Neutral S:0  
Dlvl:1 $:0 HP:12(12) Pw:7(7) AC:9 Xp:1/0                                        

",0.0,False
45,south,,"message:


language observation:
dark area far south
dark area very near north and southeast
stairs up adjacent north
dark area adjacent northeast, east, southwest, west, and northwest

cursor:
Yourself a wizard
(x=32, y=13)

map:
                                                                                
                                                                                
                                                                                
                                                                                
                                                                                
                                                                                
                                                                                
                                                                                
                                                                                
                                                                                
                                                                                
                                <                                               
                                @                                               
                                ...                                             
                                .                                               
                                .                                               
                                .                                               
                                .                                               
                                                                                
                                                                                
                                                                                
Agent the Evoker               St:11 Dx:14 Co:13 In:16 Wi:14 Ch:11 Neutral S:0  
Dlvl:1 $:0 HP:12(12) Pw:7(7) AC:9 Xp:1/0                                        

",0.0,False
46,north,,"message:


language observation:
dark area far south
dark area adjacent north, northeast, east, southeast, southwest, west, and northwest

cursor:
Yourself a wizard
(x=32, y=12)

map:
                                                                                
                                                                                
                                                                                
                                                                                
                                                                                
                                                                                
                                                                                
                                                                                
                                                                                
                                                                                
                                                                                
                                @                                               
                                .                                               
                                ...                                             
                                .                                               
                                .                                               
                                .                                               
                                .                                               
                                                                                
                                                                                
                                                                                
Agent the Evoker               St:11 Dx:14 Co:13 In:16 Wi:14 Ch:11 Neutral S:0  
Dlvl:1 $:0 HP:12(12) Pw:7(7) AC:9 Xp:1/0                                        

",0.0,False
47,south,,"message:


language observation:
dark area far south
dark area very near north and southeast
stairs up adjacent north
dark area adjacent northeast, east, southwest, west, and northwest

cursor:
Yourself a wizard
(x=32, y=13)

map:
                                                                                
                                                                                
                                                                                
                                                                                
                                                                                
                                                                                
                                                                                
                                                                                
                                                                                
                                                                                
                                                                                
                                <                                               
                                @                                               
                                ...                                             
                                .                                               
                                .                                               
                                .                                               
                                .                                               
                                                                                
                                                                                
                                                                                
Agent the Evoker               St:11 Dx:14 Co:13 In:16 Wi:14 Ch:11 Neutral S:0  
Dlvl:1 $:0 HP:12(12) Pw:7(7) AC:9 Xp:1/0                                        

",0.0,False
48,north,,"message:


language observation:
dark area far south
dark area adjacent north, northeast, east, southeast, southwest, west, and northwest

cursor:
Yourself a wizard
(x=32, y=12)

map:
                                                                                
                                                                                
                                                                                
                                                                                
                                                                                
                                                                                
                                                                                
                                                                                
                                                                                
                                                                                
                                                                                
                                @                                               
                                .                                               
                                ...                                             
                                .                                               
                                .                                               
                                .                                               
                                .                                               
                                                                                
                                                                                
                                                                                
Agent the Evoker               St:11 Dx:14 Co:13 In:16 Wi:14 Ch:11 Neutral S:0  
Dlvl:1 $:0 HP:12(12) Pw:7(7) AC:9 Xp:1/0                                        

",0.0,False
49,south,,"message:


language observation:
dark area far south
dark area very near north and southeast
stairs up adjacent north
dark area adjacent northeast, east, southwest, west, and northwest

cursor:
Yourself a wizard
(x=32, y=13)

map:
                                                                                
                                                                                
                                                                                
                                                                                
                                                                                
                                                                                
                                                                                
                                                                                
                                                                                
                                                                                
                                                                                
                                <                                               
                                @                                               
                                ...                                             
                                .                                               
                                .                                               
                                .                                               
                                .                                               
                                                                                
                                                                                
                                                                                
Agent the Evoker               St:11 Dx:14 Co:13 In:16 Wi:14 Ch:11 Neutral S:0  
Dlvl:1 $:0 HP:12(12) Pw:7(7) AC:9 Xp:1/0                                        

",0.0,False
50,north,,"message:


language observation:
dark area far south
dark area adjacent north, northeast, east, southeast, southwest, west, and northwest

cursor:
Yourself a wizard
(x=32, y=12)

map:
                                                                                
                                                                                
                                                                                
                                                                                
                                                                                
                                                                                
                                                                                
                                                                                
                                                                                
                                                                                
                                                                                
                                @                                               
                                .                                               
                                ...                                             
                                .                                               
                                .                                               
                                .                                               
                                .                                               
                                                                                
                                                                                
                                                                                
Agent the Evoker               St:11 Dx:14 Co:13 In:16 Wi:14 Ch:11 Neutral S:0  
Dlvl:1 $:0 HP:12(12) Pw:7(7) AC:9 Xp:1/0                                        

",0.0,False
51,south,,"message:


language observation:
dark area far south
dark area very near north and southeast
stairs up adjacent north
dark area adjacent northeast, east, southwest, west, and northwest

cursor:
Yourself a wizard
(x=32, y=13)

map:
                                                                                
                                                                                
                                                                                
                                                                                
                                                                                
                                                                                
                                                                                
                                                                                
                                                                                
                                                                                
                                                                                
                                <                                               
                                @                                               
                                ...                                             
                                .                                               
                                .                                               
                                .                                               
                                .                                               
                                                                                
                                                                                
                                                                                
Agent the Evoker               St:11 Dx:14 Co:13 In:16 Wi:14 Ch:11 Neutral S:0  
Dlvl:1 $:0 HP:12(12) Pw:7(7) AC:9 Xp:1/0                                        

",0.0,False
52,north,,"message:


language observation:
dark area far south
dark area adjacent north, northeast, east, southeast, southwest, west, and northwest

cursor:
Yourself a wizard
(x=32, y=12)

map:
                                                                                
                                                                                
                                                                                
                                                                                
                                                                                
                                                                                
                                                                                
                                                                                
                                                                                
                                                                                
                                                                                
                                @                                               
                                .                                               
                                ...                                             
                                .                                               
                                .                                               
                                .                                               
                                .                                               
                                                                                
                                                                                
                                                                                
Agent the Evoker               St:11 Dx:14 Co:13 In:16 Wi:14 Ch:11 Neutral S:0  
Dlvl:1 $:0 HP:12(12) Pw:7(7) AC:9 Xp:1/0                                        

",0.0,False
53,south,,"message:


language observation:
dark area far south
dark area very near north and southeast
stairs up adjacent north
dark area adjacent northeast, east, southwest, west, and northwest

cursor:
Yourself a wizard
(x=32, y=13)

map:
                                                                                
                                                                                
                                                                                
                                                                                
                                                                                
                                                                                
                                                                                
                                                                                
                                                                                
                                                                                
                                                                                
                                <                                               
                                @                                               
                                ...                                             
                                .                                               
                                .                                               
                                .                                               
                                .                                               
                                                                                
                                                                                
                                                                                
Agent the Evoker               St:11 Dx:14 Co:13 In:16 Wi:14 Ch:11 Neutral S:0  
Dlvl:1 $:0 HP:12(12) Pw:7(7) AC:9 Xp:1/0                                        

",0.0,False
54,north,,"message:


language observation:
dark area far south
dark area adjacent north, northeast, east, southeast, southwest, west, and northwest

cursor:
Yourself a wizard
(x=32, y=12)

map:
                                                                                
                                                                                
                                                                                
                                                                                
                                                                                
                                                                                
                                                                                
                                                                                
                                                                                
                                                                                
                                                                                
                                @                                               
                                .                                               
                                ...                                             
                                .                                               
                                .                                               
                                .                                               
                                .                                               
                                                                                
                                                                                
                                                                                
Agent the Evoker               St:11 Dx:14 Co:13 In:16 Wi:14 Ch:11 Neutral S:0  
Dlvl:1 $:0 HP:12(12) Pw:7(7) AC:9 Xp:1/0                                        

",0.0,False
55,east,,"message:
It's solid stone.

language observation:
dark area far south
dark area adjacent north, northeast, east, southeast, southwest, west, and northwest

cursor:
Yourself a wizard
(x=32, y=12)

map:
                                                                                
                                                                                
                                                                                
                                                                                
                                                                                
                                                                                
                                                                                
                                                                                
                                                                                
                                                                                
                                                                                
                                @                                               
                                .                                               
                                ...                                             
                                .                                               
                                .                                               
                                .                                               
                                .                                               
                                                                                
                                                                                
                                                                                
Agent the Evoker               St:11 Dx:14 Co:13 In:16 Wi:14 Ch:11 Neutral S:0  
Dlvl:1 $:0 HP:12(12) Pw:7(7) AC:9 Xp:1/0                                        

",-0.01,False
56,west,,"message:
It's solid stone.

language observation:
dark area far south
dark area adjacent north, northeast, east, southeast, southwest, west, and northwest

cursor:
Yourself a wizard
(x=32, y=12)

map:
                                                                                
                                                                                
                                                                                
                                                                                
                                                                                
                                                                                
                                                                                
                                                                                
                                                                                
                                                                                
                                                                                
                                @                                               
                                .                                               
                                ...                                             
                                .                                               
                                .                                               
                                .                                               
                                .                                               
                                                                                
                                                                                
                                                                                
Agent the Evoker               St:11 Dx:14 Co:13 In:16 Wi:14 Ch:11 Neutral S:0  
Dlvl:1 $:0 HP:12(12) Pw:7(7) AC:9 Xp:1/0                                        

",-0.01,False
57,south,,"message:


language observation:
dark area far south
dark area very near north and southeast
stairs up adjacent north
dark area adjacent northeast, east, southwest, west, and northwest

cursor:
Yourself a wizard
(x=32, y=13)

map:
                                                                                
                                                                                
                                                                                
                                                                                
                                                                                
                                                                                
                                                                                
                                                                                
                                                                                
                                                                                
                                                                                
                                <                                               
                                @                                               
                                ...                                             
                                .                                               
                                .                                               
                                .                                               
                                .                                               
                                                                                
                                                                                
                                                                                
Agent the Evoker               St:11 Dx:14 Co:13 In:16 Wi:14 Ch:11 Neutral S:0  
Dlvl:1 $:0 HP:12(12) Pw:7(7) AC:9 Xp:1/0                                        

",0.0,False
58,north,,"message:


language observation:
dark area far south
dark area adjacent north, northeast, east, southeast, southwest, west, and northwest

cursor:
Yourself a wizard
(x=32, y=12)

map:
                                                                                
                                                                                
                                                                                
                                                                                
                                                                                
                                                                                
                                                                                
                                                                                
                                                                                
                                                                                
                                                                                
                                @                                               
                                .                                               
                                ...                                             
                                .                                               
                                .                                               
                                .                                               
                                .                                               
                                                                                
                                                                                
                                                                                
Agent the Evoker               St:11 Dx:14 Co:13 In:16 Wi:14 Ch:11 Neutral S:0  
Dlvl:1 $:0 HP:12(12) Pw:7(7) AC:9 Xp:1/0                                        

",0.0,False
59,south,,"message:


language observation:
dark area far south
dark area very near north and southeast
stairs up adjacent north
dark area adjacent northeast, east, southwest, west, and northwest

cursor:
Yourself a wizard
(x=32, y=13)

map:
                                                                                
                                                                                
                                                                                
                                                                                
                                                                                
                                                                                
                                                                                
                                                                                
                                                                                
                                                                                
                                                                                
                                <                                               
                                @                                               
                                ...                                             
                                .                                               
                                .                                               
                                .                                               
                                .                                               
                                                                                
                                                                                
                                                                                
Agent the Evoker               St:11 Dx:14 Co:13 In:16 Wi:14 Ch:11 Neutral S:0  
Dlvl:1 $:0 HP:12(12) Pw:7(7) AC:9 Xp:1/0                                        

",0.0,False
60,north,,"message:


language observation:
dark area far south
dark area adjacent north, northeast, east, southeast, southwest, west, and northwest

cursor:
Yourself a wizard
(x=32, y=12)

map:
                                                                                
                                                                                
                                                                                
                                                                                
                                                                                
                                                                                
                                                                                
                                                                                
                                                                                
                                                                                
                                                                                
                                @                                               
                                .                                               
                                ...                                             
                                .                                               
                                .                                               
                                .                                               
                                .                                               
                                                                                
                                                                                
                                                                                
Agent the Evoker               St:11 Dx:14 Co:13 In:16 Wi:14 Ch:11 Neutral S:0  
Dlvl:1 $:0 HP:12(12) Pw:7(7) AC:9 Xp:1/0                                        

",0.0,False
61,south,,"message:


language observation:
dark area far south
dark area very near north and southeast
stairs up adjacent north
dark area adjacent northeast, east, southwest, west, and northwest

cursor:
Yourself a wizard
(x=32, y=13)

map:
                                                                                
                                                                                
                                                                                
                                                                                
                                                                                
                                                                                
                                                                                
                                                                                
                                                                                
                                                                                
                                                                                
                                <                                               
                                @                                               
                                ...                                             
                                .                                               
                                .                                               
                                .                                               
                                .                                               
                                                                                
                                                                                
                                                                                
Agent the Evoker               St:11 Dx:14 Co:13 In:16 Wi:14 Ch:11 Neutral S:0  
Dlvl:1 $:0 HP:12(12) Pw:7(7) AC:9 Xp:1/0                                        

",0.0,False
62,north,,"message:


language observation:
dark area far south
dark area adjacent north, northeast, east, southeast, southwest, west, and northwest

cursor:
Yourself a wizard
(x=32, y=12)

map:
                                                                                
                                                                                
                                                                                
                                                                                
                                                                                
                                                                                
                                                                                
                                                                                
                                                                                
                                                                                
                                                                                
                                @                                               
                                .                                               
                                ...                                             
                                .                                               
                                .                                               
                                .                                               
                                .                                               
                                                                                
                                                                                
                                                                                
Agent the Evoker               St:11 Dx:14 Co:13 In:16 Wi:14 Ch:11 Neutral S:0  
Dlvl:1 $:0 HP:12(12) Pw:7(7) AC:9 Xp:1/0                                        

",0.0,False
63,south,,"message:


language observation:
dark area far south
dark area very near north and southeast
stairs up adjacent north
dark area adjacent northeast, east, southwest, west, and northwest

cursor:
Yourself a wizard
(x=32, y=13)

map:
                                                                                
                                                                                
                                                                                
                                                                                
                                                                                
                                                                                
                                                                                
                                                                                
                                                                                
                                                                                
                                                                                
                                <                                               
                                @                                               
                                ...                                             
                                .                                               
                                .                                               
                                .                                               
                                .                                               
                                                                                
                                                                                
                                                                                
Agent the Evoker               St:11 Dx:14 Co:13 In:16 Wi:14 Ch:11 Neutral S:0  
Dlvl:1 $:0 HP:12(12) Pw:7(7) AC:9 Xp:1/0                                        

",0.0,False
64,north,,"message:


language observation:
dark area far south
dark area adjacent north, northeast, east, southeast, southwest, west, and northwest

cursor:
Yourself a wizard
(x=32, y=12)

map:
                                                                                
                                                                                
                                                                                
                                                                                
                                                                                
                                                                                
                                                                                
                                                                                
                                                                                
                                                                                
                                                                                
                                @                                               
                                .                                               
                                ...                                             
                                .                                               
                                .                                               
                                .                                               
                                .                                               
                                                                                
                                                                                
                                                                                
Agent the Evoker               St:11 Dx:14 Co:13 In:16 Wi:14 Ch:11 Neutral S:0  
Dlvl:1 $:0 HP:12(12) Pw:7(7) AC:9 Xp:1/0                                        

",0.0,False
65,south,,"message:


language observation:
dark area far south
dark area very near north and southeast
stairs up adjacent north
dark area adjacent northeast, east, southwest, west, and northwest

cursor:
Yourself a wizard
(x=32, y=13)

map:
                                                                                
                                                                                
                                                                                
                                                                                
                                                                                
                                                                                
                                                                                
                                                                                
                                                                                
                                                                                
                                                                                
                                <                                               
                                @                                               
                                ...                                             
                                .                                               
                                .                                               
                                .                                               
                                .                                               
                                                                                
                                                                                
                                                                                
Agent the Evoker               St:11 Dx:14 Co:13 In:16 Wi:14 Ch:11 Neutral S:0  
Dlvl:1 $:0 HP:12(12) Pw:7(7) AC:9 Xp:1/0                                        

",0.0,False
66,north,,"message:


language observation:
dark area far south
dark area adjacent north, northeast, east, southeast, southwest, west, and northwest

cursor:
Yourself a wizard
(x=32, y=12)

map:
                                                                                
                                                                                
                                                                                
                                                                                
                                                                                
                                                                                
                                                                                
                                                                                
                                                                                
                                                                                
                                                                                
                                @                                               
                                .                                               
                                ...                                             
                                .                                               
                                .                                               
                                .                                               
                                .                                               
                                                                                
                                                                                
                                                                                
Agent the Evoker               St:11 Dx:14 Co:13 In:16 Wi:14 Ch:11 Neutral S:0  
Dlvl:1 $:0 HP:12(12) Pw:7(7) AC:9 Xp:1/0                                        

",0.0,False
67,south,,"message:


language observation:
dark area far south
dark area very near north and southeast
stairs up adjacent north
dark area adjacent northeast, east, southwest, west, and northwest

cursor:
Yourself a wizard
(x=32, y=13)

map:
                                                                                
                                                                                
                                                                                
                                                                                
                                                                                
                                                                                
                                                                                
                                                                                
                                                                                
                                                                                
                                                                                
                                <                                               
                                @                                               
                                ...                                             
                                .                                               
                                .                                               
                                .                                               
                                .                                               
                                                                                
                                                                                
                                                                                
Agent the Evoker               St:11 Dx:14 Co:13 In:16 Wi:14 Ch:11 Neutral S:0  
Dlvl:1 $:0 HP:12(12) Pw:7(7) AC:9 Xp:1/0                                        

",0.0,False
68,north,,"message:


language observation:
dark area far south
dark area adjacent north, northeast, east, southeast, southwest, west, and northwest

cursor:
Yourself a wizard
(x=32, y=12)

map:
                                                                                
                                                                                
                                                                                
                                                                                
                                                                                
                                                                                
                                                                                
                                                                                
                                                                                
                                                                                
                                                                                
                                @                                               
                                .                                               
                                ...                                             
                                .                                               
                                .                                               
                                .                                               
                                .                                               
                                                                                
                                                                                
                                                                                
Agent the Evoker               St:11 Dx:14 Co:13 In:16 Wi:14 Ch:11 Neutral S:0  
Dlvl:1 $:0 HP:12(12) Pw:7(7) AC:9 Xp:1/0                                        

",0.0,False
69,south,,"message:


language observation:
dark area far south
dark area very near north and southeast
stairs up adjacent north
dark area adjacent northeast, east, southwest, west, and northwest

cursor:
Yourself a wizard
(x=32, y=13)

map:
                                                                                
                                                                                
                                                                                
                                                                                
                                                                                
                                                                                
                                                                                
                                                                                
                                                                                
                                                                                
                                                                                
                                <                                               
                                @                                               
                                ...                                             
                                .                                               
                                .                                               
                                .                                               
                                .                                               
                                                                                
                                                                                
                                                                                
Agent the Evoker               St:11 Dx:14 Co:13 In:16 Wi:14 Ch:11 Neutral S:0  
Dlvl:1 $:0 HP:12(12) Pw:7(7) AC:9 Xp:1/0                                        

",0.0,False
70,north,,"message:


language observation:
dark area far south
dark area adjacent north, northeast, east, southeast, southwest, west, and northwest

cursor:
Yourself a wizard
(x=32, y=12)

map:
                                                                                
                                                                                
                                                                                
                                                                                
                                                                                
                                                                                
                                                                                
                                                                                
                                                                                
                                                                                
                                                                                
                                @                                               
                                .                                               
                                ...                                             
                                .                                               
                                .                                               
                                .                                               
                                .                                               
                                                                                
                                                                                
                                                                                
Agent the Evoker               St:11 Dx:14 Co:13 In:16 Wi:14 Ch:11 Neutral S:0  
Dlvl:1 $:0 HP:12(12) Pw:7(7) AC:9 Xp:1/0                                        

",0.0,False
71,south,,"message:


language observation:
dark area far south
dark area very near north and southeast
stairs up adjacent north
dark area adjacent northeast, east, southwest, west, and northwest

cursor:
Yourself a wizard
(x=32, y=13)

map:
                                                                                
                                                                                
                                                                                
                                                                                
                                                                                
                                                                                
                                                                                
                                                                                
                                                                                
                                                                                
                                                                                
                                <                                               
                                @                                               
                                ...                                             
                                .                                               
                                .                                               
                                .                                               
                                .                                               
                                                                                
                                                                                
                                                                                
Agent the Evoker               St:11 Dx:14 Co:13 In:16 Wi:14 Ch:11 Neutral S:0  
Dlvl:1 $:0 HP:12(12) Pw:7(7) AC:9 Xp:1/0                                        

",0.0,False
72,north,,"message:


language observation:
dark area far south
dark area adjacent north, northeast, east, southeast, southwest, west, and northwest

cursor:
Yourself a wizard
(x=32, y=12)

map:
                                                                                
                                                                                
                                                                                
                                                                                
                                                                                
                                                                                
                                                                                
                                                                                
                                                                                
                                                                                
                                                                                
                                @                                               
                                .                                               
                                ...                                             
                                .                                               
                                .                                               
                                .                                               
                                .                                               
                                                                                
                                                                                
                                                                                
Agent the Evoker               St:11 Dx:14 Co:13 In:16 Wi:14 Ch:11 Neutral S:0  
Dlvl:1 $:0 HP:12(12) Pw:7(7) AC:9 Xp:1/0                                        

",0.0,False
73,south,,"message:


language observation:
dark area far south
dark area very near north and southeast
stairs up adjacent north
dark area adjacent northeast, east, southwest, west, and northwest

cursor:
Yourself a wizard
(x=32, y=13)

map:
                                                                                
                                                                                
                                                                                
                                                                                
                                                                                
                                                                                
                                                                                
                                                                                
                                                                                
                                                                                
                                                                                
                                <                                               
                                @                                               
                                ...                                             
                                .                                               
                                .                                               
                                .                                               
                                .                                               
                                                                                
                                                                                
                                                                                
Agent the Evoker               St:11 Dx:14 Co:13 In:16 Wi:14 Ch:11 Neutral S:0  
Dlvl:1 $:0 HP:12(12) Pw:7(7) AC:9 Xp:1/0                                        

",0.0,False
74,north,,"message:


language observation:
dark area far south
dark area adjacent north, northeast, east, southeast, southwest, west, and northwest

cursor:
Yourself a wizard
(x=32, y=12)

map:
                                                                                
                                                                                
                                                                                
                                                                                
                                                                                
                                                                                
                                                                                
                                                                                
                                                                                
                                                                                
                                                                                
                                @                                               
                                .                                               
                                ...                                             
                                .                                               
                                .                                               
                                .                                               
                                .                                               
                                                                                
                                                                                
                                                                                
Agent the Evoker               St:11 Dx:14 Co:13 In:16 Wi:14 Ch:11 Neutral S:0  
Dlvl:1 $:0 HP:12(12) Pw:7(7) AC:9 Xp:1/0                                        

",0.0,False
75,east,,"message:
It's solid stone.

language observation:
dark area far south
dark area adjacent north, northeast, east, southeast, southwest, west, and northwest

cursor:
Yourself a wizard
(x=32, y=12)

map:
                                                                                
                                                                                
                                                                                
                                                                                
                                                                                
                                                                                
                                                                                
                                                                                
                                                                                
                                                                                
                                                                                
                                @                                               
                                .                                               
                                ...                                             
                                .                                               
                                .                                               
                                .                                               
                                .                                               
                                                                                
                                                                                
                                                                                
Agent the Evoker               St:11 Dx:14 Co:13 In:16 Wi:14 Ch:11 Neutral S:0  
Dlvl:1 $:0 HP:12(12) Pw:7(7) AC:9 Xp:1/0                                        

",-0.01,False
76,west,,"message:
It's solid stone.

language observation:
dark area far south
dark area adjacent north, northeast, east, southeast, southwest, west, and northwest

cursor:
Yourself a wizard
(x=32, y=12)

map:
                                                                                
                                                                                
                                                                                
                                                                                
                                                                                
                                                                                
                                                                                
                                                                                
                                                                                
                                                                                
                                                                                
                                @                                               
                                .                                               
                                ...                                             
                                .                                               
                                .                                               
                                .                                               
                                .                                               
                                                                                
                                                                                
                                                                                
Agent the Evoker               St:11 Dx:14 Co:13 In:16 Wi:14 Ch:11 Neutral S:0  
Dlvl:1 $:0 HP:12(12) Pw:7(7) AC:9 Xp:1/0                                        

",-0.01,False
77,south,,"message:


language observation:
dark area far south
dark area very near north and southeast
stairs up adjacent north
dark area adjacent northeast, east, southwest, west, and northwest

cursor:
Yourself a wizard
(x=32, y=13)

map:
                                                                                
                                                                                
                                                                                
                                                                                
                                                                                
                                                                                
                                                                                
                                                                                
                                                                                
                                                                                
                                                                                
                                <                                               
                                @                                               
                                ...                                             
                                .                                               
                                .                                               
                                .                                               
                                .                                               
                                                                                
                                                                                
                                                                                
Agent the Evoker               St:11 Dx:14 Co:13 In:16 Wi:14 Ch:11 Neutral S:0  
Dlvl:1 $:0 HP:12(12) Pw:7(7) AC:9 Xp:1/0                                        

",0.0,False
78,north,,"message:


language observation:
dark area far south
dark area adjacent north, northeast, east, southeast, southwest, west, and northwest

cursor:
Yourself a wizard
(x=32, y=12)

map:
                                                                                
                                                                                
                                                                                
                                                                                
                                                                                
                                                                                
                                                                                
                                                                                
                                                                                
                                                                                
                                                                                
                                @                                               
                                .                                               
                                ...                                             
                                .                                               
                                .                                               
                                .                                               
                                .                                               
                                                                                
                                                                                
                                                                                
Agent the Evoker               St:11 Dx:14 Co:13 In:16 Wi:14 Ch:11 Neutral S:0  
Dlvl:1 $:0 HP:12(12) Pw:7(7) AC:9 Xp:1/0                                        

",0.0,False
79,south,,"message:


language observation:
dark area far south
dark area very near north and southeast
stairs up adjacent north
dark area adjacent northeast, east, southwest, west, and northwest

cursor:
Yourself a wizard
(x=32, y=13)

map:
                                                                                
                                                                                
                                                                                
                                                                                
                                                                                
                                                                                
                                                                                
                                                                                
                                                                                
                                                                                
                                                                                
                                <                                               
                                @                                               
                                ...                                             
                                .                                               
                                .                                               
                                .                                               
                                .                                               
                                                                                
                                                                                
                                                                                
Agent the Evoker               St:11 Dx:14 Co:13 In:16 Wi:14 Ch:11 Neutral S:0  
Dlvl:1 $:0 HP:12(12) Pw:7(7) AC:9 Xp:1/0                                        

",0.0,False
80,north,,"message:


language observation:
dark area far south
dark area adjacent north, northeast, east, southeast, southwest, west, and northwest

cursor:
Yourself a wizard
(x=32, y=12)

map:
                                                                                
                                                                                
                                                                                
                                                                                
                                                                                
                                                                                
                                                                                
                                                                                
                                                                                
                                                                                
                                                                                
                                @                                               
                                .                                               
                                ...                                             
                                .                                               
                                .                                               
                                .                                               
                                .                                               
                                                                                
                                                                                
                                                                                
Agent the Evoker               St:11 Dx:14 Co:13 In:16 Wi:14 Ch:11 Neutral S:0  
Dlvl:1 $:0 HP:12(12) Pw:7(7) AC:9 Xp:1/0                                        

",0.0,False
81,south,,"message:


language observation:
dark area far south
dark area very near north and southeast
stairs up adjacent north
dark area adjacent northeast, east, southwest, west, and northwest

cursor:
Yourself a wizard
(x=32, y=13)

map:
                                                                                
                                                                                
                                                                                
                                                                                
                                                                                
                                                                                
                                                                                
                                                                                
                                                                                
                                                                                
                                                                                
                                <                                               
                                @                                               
                                ...                                             
                                .                                               
                                .                                               
                                .                                               
                                .                                               
                                                                                
                                                                                
                                                                                
Agent the Evoker               St:11 Dx:14 Co:13 In:16 Wi:14 Ch:11 Neutral S:0  
Dlvl:1 $:0 HP:12(12) Pw:7(7) AC:9 Xp:1/0                                        

",0.0,False
82,north,,"message:


language observation:
dark area far south
dark area adjacent north, northeast, east, southeast, southwest, west, and northwest

cursor:
Yourself a wizard
(x=32, y=12)

map:
                                                                                
                                                                                
                                                                                
                                                                                
                                                                                
                                                                                
                                                                                
                                                                                
                                                                                
                                                                                
                                                                                
                                @                                               
                                .                                               
                                ...                                             
                                .                                               
                                .                                               
                                .                                               
                                .                                               
                                                                                
                                                                                
                                                                                
Agent the Evoker               St:11 Dx:14 Co:13 In:16 Wi:14 Ch:11 Neutral S:0  
Dlvl:1 $:0 HP:12(12) Pw:7(7) AC:9 Xp:1/0                                        

",0.0,False
83,south,,"message:


language observation:
dark area far south
dark area very near north and southeast
stairs up adjacent north
dark area adjacent northeast, east, southwest, west, and northwest

cursor:
Yourself a wizard
(x=32, y=13)

map:
                                                                                
                                                                                
                                                                                
                                                                                
                                                                                
                                                                                
                                                                                
                                                                                
                                                                                
                                                                                
                                                                                
                                <                                               
                                @                                               
                                ...                                             
                                .                                               
                                .                                               
                                .                                               
                                .                                               
                                                                                
                                                                                
                                                                                
Agent the Evoker               St:11 Dx:14 Co:13 In:16 Wi:14 Ch:11 Neutral S:0  
Dlvl:1 $:0 HP:12(12) Pw:7(7) AC:9 Xp:1/0                                        

",0.0,False
84,north,,"message:


language observation:
dark area far south
dark area adjacent north, northeast, east, southeast, southwest, west, and northwest

cursor:
Yourself a wizard
(x=32, y=12)

map:
                                                                                
                                                                                
                                                                                
                                                                                
                                                                                
                                                                                
                                                                                
                                                                                
                                                                                
                                                                                
                                                                                
                                @                                               
                                .                                               
                                ...                                             
                                .                                               
                                .                                               
                                .                                               
                                .                                               
                                                                                
                                                                                
                                                                                
Agent the Evoker               St:11 Dx:14 Co:13 In:16 Wi:14 Ch:11 Neutral S:0  
Dlvl:1 $:0 HP:12(12) Pw:7(7) AC:9 Xp:1/0                                        

",0.0,False
85,south,,"message:


language observation:
dark area far south
dark area very near north and southeast
stairs up adjacent north
dark area adjacent northeast, east, southwest, west, and northwest

cursor:
Yourself a wizard
(x=32, y=13)

map:
                                                                                
                                                                                
                                                                                
                                                                                
                                                                                
                                                                                
                                                                                
                                                                                
                                                                                
                                                                                
                                                                                
                                <                                               
                                @                                               
                                ...                                             
                                .                                               
                                .                                               
                                .                                               
                                .                                               
                                                                                
                                                                                
                                                                                
Agent the Evoker               St:11 Dx:14 Co:13 In:16 Wi:14 Ch:11 Neutral S:0  
Dlvl:1 $:0 HP:12(12) Pw:7(7) AC:9 Xp:1/0                                        

",0.0,False
86,north,,"message:


language observation:
dark area far south
dark area adjacent north, northeast, east, southeast, southwest, west, and northwest

cursor:
Yourself a wizard
(x=32, y=12)

map:
                                                                                
                                                                                
                                                                                
                                                                                
                                                                                
                                                                                
                                                                                
                                                                                
                                                                                
                                                                                
                                                                                
                                @                                               
                                .                                               
                                ...                                             
                                .                                               
                                .                                               
                                .                                               
                                .                                               
                                                                                
                                                                                
                                                                                
Agent the Evoker               St:11 Dx:14 Co:13 In:16 Wi:14 Ch:11 Neutral S:0  
Dlvl:1 $:0 HP:12(12) Pw:7(7) AC:9 Xp:1/0                                        

",0.0,False
87,south,,"message:


language observation:
dark area far south
dark area very near north and southeast
stairs up adjacent north
dark area adjacent northeast, east, southwest, west, and northwest

cursor:
Yourself a wizard
(x=32, y=13)

map:
                                                                                
                                                                                
                                                                                
                                                                                
                                                                                
                                                                                
                                                                                
                                                                                
                                                                                
                                                                                
                                                                                
                                <                                               
                                @                                               
                                ...                                             
                                .                                               
                                .                                               
                                .                                               
                                .                                               
                                                                                
                                                                                
                                                                                
Agent the Evoker               St:11 Dx:14 Co:13 In:16 Wi:14 Ch:11 Neutral S:0  
Dlvl:1 $:0 HP:12(12) Pw:7(7) AC:9 Xp:1/0                                        

",0.0,False
88,north,,"message:


language observation:
dark area far south
dark area adjacent north, northeast, east, southeast, southwest, west, and northwest

cursor:
Yourself a wizard
(x=32, y=12)

map:
                                                                                
                                                                                
                                                                                
                                                                                
                                                                                
                                                                                
                                                                                
                                                                                
                                                                                
                                                                                
                                                                                
                                @                                               
                                .                                               
                                ...                                             
                                .                                               
                                .                                               
                                .                                               
                                .                                               
                                                                                
                                                                                
                                                                                
Agent the Evoker               St:11 Dx:14 Co:13 In:16 Wi:14 Ch:11 Neutral S:0  
Dlvl:1 $:0 HP:12(12) Pw:7(7) AC:9 Xp:1/0                                        

",0.0,False
89,south,,"message:


language observation:
dark area far south
dark area very near north and southeast
stairs up adjacent north
dark area adjacent northeast, east, southwest, west, and northwest

cursor:
Yourself a wizard
(x=32, y=13)

map:
                                                                                
                                                                                
                                                                                
                                                                                
                                                                                
                                                                                
                                                                                
                                                                                
                                                                                
                                                                                
                                                                                
                                <                                               
                                @                                               
                                ...                                             
                                .                                               
                                .                                               
                                .                                               
                                .                                               
                                                                                
                                                                                
                                                                                
Agent the Evoker               St:11 Dx:14 Co:13 In:16 Wi:14 Ch:11 Neutral S:0  
Dlvl:1 $:0 HP:12(12) Pw:7(7) AC:9 Xp:1/0                                        

",0.0,False
90,north,,"message:


language observation:
dark area far south
dark area adjacent north, northeast, east, southeast, southwest, west, and northwest

cursor:
Yourself a wizard
(x=32, y=12)

map:
                                                                                
                                                                                
                                                                                
                                                                                
                                                                                
                                                                                
                                                                                
                                                                                
                                                                                
                                                                                
                                                                                
                                @                                               
                                .                                               
                                ...                                             
                                .                                               
                                .                                               
                                .                                               
                                .                                               
                                                                                
                                                                                
                                                                                
Agent the Evoker               St:11 Dx:14 Co:13 In:16 Wi:14 Ch:11 Neutral S:0  
Dlvl:1 $:0 HP:12(12) Pw:7(7) AC:9 Xp:1/0                                        

",0.0,False
91,south,,"message:


language observation:
dark area far south
dark area very near north and southeast
stairs up adjacent north
dark area adjacent northeast, east, southwest, west, and northwest

cursor:
Yourself a wizard
(x=32, y=13)

map:
                                                                                
                                                                                
                                                                                
                                                                                
                                                                                
                                                                                
                                                                                
                                                                                
                                                                                
                                                                                
                                                                                
                                <                                               
                                @                                               
                                ...                                             
                                .                                               
                                .                                               
                                .                                               
                                .                                               
                                                                                
                                                                                
                                                                                
Agent the Evoker               St:11 Dx:14 Co:13 In:16 Wi:14 Ch:11 Neutral S:0  
Dlvl:1 $:0 HP:12(12) Pw:7(7) AC:9 Xp:1/0                                        

",0.0,False
92,north,,"message:


language observation:
dark area far south
dark area adjacent north, northeast, east, southeast, southwest, west, and northwest

cursor:
Yourself a wizard
(x=32, y=12)

map:
                                                                                
                                                                                
                                                                                
                                                                                
                                                                                
                                                                                
                                                                                
                                                                                
                                                                                
                                                                                
                                                                                
                                @                                               
                                .                                               
                                ...                                             
                                .                                               
                                .                                               
                                .                                               
                                .                                               
                                                                                
                                                                                
                                                                                
Agent the Evoker               St:11 Dx:14 Co:13 In:16 Wi:14 Ch:11 Neutral S:0  
Dlvl:1 $:0 HP:12(12) Pw:7(7) AC:9 Xp:1/0                                        

",0.0,False
93,east,,"message:
It's solid stone.

language observation:
dark area far south
dark area adjacent north, northeast, east, southeast, southwest, west, and northwest

cursor:
Yourself a wizard
(x=32, y=12)

map:
                                                                                
                                                                                
                                                                                
                                                                                
                                                                                
                                                                                
                                                                                
                                                                                
                                                                                
                                                                                
                                                                                
                                @                                               
                                .                                               
                                ...                                             
                                .                                               
                                .                                               
                                .                                               
                                .                                               
                                                                                
                                                                                
                                                                                
Agent the Evoker               St:11 Dx:14 Co:13 In:16 Wi:14 Ch:11 Neutral S:0  
Dlvl:1 $:0 HP:12(12) Pw:7(7) AC:9 Xp:1/0                                        

",-0.01,False
94,west,,"message:
It's solid stone.

language observation:
dark area far south
dark area adjacent north, northeast, east, southeast, southwest, west, and northwest

cursor:
Yourself a wizard
(x=32, y=12)

map:
                                                                                
                                                                                
                                                                                
                                                                                
                                                                                
                                                                                
                                                                                
                                                                                
                                                                                
                                                                                
                                                                                
                                @                                               
                                .                                               
                                ...                                             
                                .                                               
                                .                                               
                                .                                               
                                .                                               
                                                                                
                                                                                
                                                                                
Agent the Evoker               St:11 Dx:14 Co:13 In:16 Wi:14 Ch:11 Neutral S:0  
Dlvl:1 $:0 HP:12(12) Pw:7(7) AC:9 Xp:1/0                                        

",-0.01,False
95,south,,"message:


language observation:
dark area far south
dark area very near north and southeast
stairs up adjacent north
dark area adjacent northeast, east, southwest, west, and northwest

cursor:
Yourself a wizard
(x=32, y=13)

map:
                                                                                
                                                                                
                                                                                
                                                                                
                                                                                
                                                                                
                                                                                
                                                                                
                                                                                
                                                                                
                                                                                
                                <                                               
                                @                                               
                                ...                                             
                                .                                               
                                .                                               
                                .                                               
                                .                                               
                                                                                
                                                                                
                                                                                
Agent the Evoker               St:11 Dx:14 Co:13 In:16 Wi:14 Ch:11 Neutral S:0  
Dlvl:1 $:0 HP:12(12) Pw:7(7) AC:9 Xp:1/0                                        

",0.0,False
96,north,,"message:


language observation:
dark area far south
dark area adjacent north, northeast, east, southeast, southwest, west, and northwest

cursor:
Yourself a wizard
(x=32, y=12)

map:
                                                                                
                                                                                
                                                                                
                                                                                
                                                                                
                                                                                
                                                                                
                                                                                
                                                                                
                                                                                
                                                                                
                                @                                               
                                .                                               
                                ...                                             
                                .                                               
                                .                                               
                                .                                               
                                .                                               
                                                                                
                                                                                
                                                                                
Agent the Evoker               St:11 Dx:14 Co:13 In:16 Wi:14 Ch:11 Neutral S:0  
Dlvl:1 $:0 HP:12(12) Pw:7(7) AC:9 Xp:1/0                                        

",0.0,False
97,south,,"message:


language observation:
dark area far south
dark area very near north and southeast
stairs up adjacent north
dark area adjacent northeast, east, southwest, west, and northwest

cursor:
Yourself a wizard
(x=32, y=13)

map:
                                                                                
                                                                                
                                                                                
                                                                                
                                                                                
                                                                                
                                                                                
                                                                                
                                                                                
                                                                                
                                                                                
                                <                                               
                                @                                               
                                ...                                             
                                .                                               
                                .                                               
                                .                                               
                                .                                               
                                                                                
                                                                                
                                                                                
Agent the Evoker               St:11 Dx:14 Co:13 In:16 Wi:14 Ch:11 Neutral S:0  
Dlvl:1 $:0 HP:12(12) Pw:7(7) AC:9 Xp:1/0                                        

",0.0,False
98,north,,"message:


language observation:
dark area far south
dark area adjacent north, northeast, east, southeast, southwest, west, and northwest

cursor:
Yourself a wizard
(x=32, y=12)

map:
                                                                                
                                                                                
                                                                                
                                                                                
                                                                                
                                                                                
                                                                                
                                                                                
                                                                                
                                                                                
                                                                                
                                @                                               
                                .                                               
                                ...                                             
                                .                                               
                                .                                               
                                .                                               
                                .                                               
                                                                                
                                                                                
                                                                                
Agent the Evoker               St:11 Dx:14 Co:13 In:16 Wi:14 Ch:11 Neutral S:0  
Dlvl:1 $:0 HP:12(12) Pw:7(7) AC:9 Xp:1/0                                        

",0.0,False
99,south,,"message:
 
No  Points     Name                                                   Hp [max]
0  Agent-Wiz-Hum-Fem-Neu quit in The Dungeons of Doom on
level 1.                                               12  [12]


language observation:
dark area adjacent east, southeast, and south

cursor:
very far eastsoutheast 
(x=77, y=6)

map:
 No  Points     Name                                                   Hp [max] 
                                                                                
            0  Agent-Wiz-Hum-Fem-Neu quit in The Dungeons of Doom on            
                                                                                
              level 1.                                               12  [12]   
                                                                                
                                                                                
                                                                                
                                                                                
                                                                                
                                                                                
                                                                                
                                                                                
                                                                                
                                                                                
                                                                                
                                                                                
                                                                                
                                                                                
                                                                                
                                                                                
                                                                                
                                                                                

",0.0,True
